실제품명,대분류,중분류,카테고리태그,식재료명,브랜드
"무료배송 한끼농산 중국산 찰기장, 1개, 5kg 할인35%22,500원 14,500원 (100g당 290원) 2/13(금) 도착 예정 4.5 (393) 최대 725원 적립",,,,,
[집반찬연구소] 메추리알 간장조림,,,,,
[밀카] 알프스 밀크 버라이어티 세트 172g,,,,,
"미트코리아 목전지 돌돌이 대패구이 (냉동), 1kg, 1개 10,900원 (100g당 1,090원) 내일(일) 새벽 도착 보장 4.5 (4402) 최대 545원 적립",,,,,
[뉴트리원] 비비랩 저분자S & 글루타치온W 선물세트 60포,,,,,
[고기반찬] 양념 LA 갈비 800g,,,,,
[CU 픽업] 아비옹 리제르바 44 750ml,,,,,
"순수해작 순수한 구운 김밥김, 23g, 1개 19%3,100원 2,500원 (10g당 1,087원) 내일(일) 도착 보장 5 (1090) 최대 125원 적립",,,,,
[창억] 어린쑥 밥알 팥앙금 인절미 (50g X 10개입),,,,,
"2025년산 햅쌀 곰곰x농협 소중한 우리쌀 새청무 백미, 10kg, 1개 15%40,290원 33,900원 (100g당 339원) 내일(일) 도착 보장 5 (2839) 최대 1,695원 적립",,,,,
[선물세트][농부플러스] 국산저온압착 참기름&생들기름 2구세트(쇼핑백증정),,,,,
"곰곰 국내산 딸기, 500g(중과), 1팩 8,900원 (100g당 1,780원) 내일(일) 새벽 도착 보장 4.5 (38863) 최대 445원 적립",,,,,
"무료배송 백설 카놀라유, 900ml, 2개 할인22%11,000원 8,500원 (100ml당 472원) 2/12(목) 도착 예정 5 (37796) 최대 425원 적립",,,,,
"불닭볶음면 소컵 70g, 12개 2%12,600원 12,300원 (1개당 1,025원) 내일(일) 도착 보장 5 (30859) 최대 615원 적립",,,,,
[삼진어묵] 통통야채 새우봉꼬치어묵,,,,,
[산아래] 눈꽃 무산 김부각 60g,,,,,
[고메] 포테이토치즈 핫도그 400g(100gX4개입),,,,,
[애슐리] 소고기 모둠버섯 샤브샤브,,,,,
"초이스팜 건레몬 슬라이스 특품 프리미엄, 1개, 60g 할인40%9,800원 5,880원 (100g당 9,800원) 내일(일) 도착 보장 4.5 (142) 최대 294원 적립",,,,,
땅콩 한입 꽈배기 520g,,,,,
"하루견과 넛츠 시그니처, 23g, 35봉 20%42,900원 33,900원 (100g당 4,211원) 내일(일) 도착 보장 4.5 (10212) 최대 1,695원 적립",,,,,
[동광젓갈] 비빔날치알,,,,,
"무료배송 해농 맛깔 김가루 200g 가정용 조미김가루, 1개 10%9,200원 8,200원 (10g당 410원) 2/10(화) 도착 예정 4.5 (477) 최대 385원 적립",,,,,
[라빈리커픽업][추천주특가]샤또 라 로제 페리에르 19 (와인),,,,,
"무료배송 지케이푸드 사세 매콤 점보 닭다리 매콤한치킨 매콤한닭다리 스파이시치킨, 1.3kg, 1개 14%21,500원 18,450원 (100g당 1,419원) 2/11(수) 도착 예정 4.5 (927) 최대 923원 적립",,,,,
[양포어장] 청어 과메기 야채세트 (냉장),,,,,
[빙그레] 바나나맛 우유 라이트 (240mL X 4개),,,,,
[브레드가든] 바닐라 에센스 59ml,,,,,
"코다노 모짜렐라 슈레드 치즈 (냉동), 27g, 4개입, 1개 2,950원 (10g당 273원) 내일(일) 새벽 도착 보장 5 (1429) 최대 148원 적립",,,,,
안심이력제 통영 멸치 200g 3종 (택1),,,,,
[청정원] 햇살담은 두번달인 진간장 2종 (택1),,,,,
[미트엔조이] 엘본 스테이크 500g (냉장),,,,,
무항생제 한돈 육전용 등심 300g,,,,,
[라빈리커픽업][뱅베 내추럴특가] 구트오가우 테오도라 19 (와인),,,,,
"포스틱, 133g, 3개 6,150원 (10g당 154원) 내일(일) 도착 보장 5 (23308) 최대 308원 적립",,,,,
[와인앤모어픽업]투핸즈 날리 듀즈 ((와인)),,,,,
"꼭곡 씻어나온 저당균형 혼합8곡, 2kg, 1개 29%16,800원 11,900원 (100g당 595원) 내일(일) 도착 보장 5 (717) 최대 595원 적립",,,,,
"무료배송 한주소금 본소금, 1kg, 5개 9,890원 (100g당 198원) 2/10(화) 도착 예정 5 (7687) 최대 495원 적립",,,,,
[밀크치즈랜드] 우유 100% 스트링 치즈 (18g X 10입+1입),,,,,
[르까도드마비] 모카번 크루아상 90g,,,,,
[오뚜기] 육개장 컵 6입,,,,,
"무료배송 장수왕 짠돌이땅콩(짭짤이) /조미땅콩 간식 안주 중부시장도매 견과류, 1kg, 2개 13%20,000원 17,380원 (100g당 869원) 2/10(화) 도착 예정 4.5 (596) 최대 869원 적립",,,,,
"무료배송 으뜸 세탁물헹굼전용 식초, 3개, 1.8L 할인14%15,030원 12,860원 (10ml당 24원) 2/10(화) 도착 예정 5 (3209) 최대 636원 적립",,,,,
[파스퇴르] 가나초콜릿우유 (190mL X 24개),,,,,
[잭링크스] 비프 스틱 오리지널 144g (12g*12개입),,,,,
[CU 픽업] 레드브레스트12년,,,,,
[허브&스파이스마켓] 페페로치노 홀 95g (중대형),,,,,
[농심] 신라면 소컵 6입,,,,,
[안유성 명장] 가매일식 모듬 해물탕,,,,,
[카누] 미디엄 커피 캡슐 9.5g X 10개 2종(택1)(카누머신 전용),,,,,
[전통주] 토끼소주 블랙 (40도 375mL),,,,,
"곰곰 완숙 토마토, 1.5kg, 1개 8,050원 (100g당 537원) 내일(일) 새벽 도착 보장 4.5 (192973) 최대 403원 적립",,,,,
[남양] 마시는 불가리스 플레인 (150mL X 4개),,,,,
"무료배송 백설 포도씨유, 500ml, 2개 할인17%10,700원 8,800원 (100ml당 880원) 2/11(수) 도착 예정 5 (41986) 최대 440원 적립",,,,,
"무료배송 [재구매1등] 영동 상주 곶감 가정용 실속형, 1개, 달달쫀득 곶감 500g 쿠폰할인51%30,000원 14,700원 (100g당 2,940원) 2/13(금) 도착 예정 5 (35) 최대 735원 적립",,,,,
[윤서울] 김도윤 셰프의 국내산 오리불고기,,,,,
[종근당건강] 아임비타 마그네슘샷 (10일분),,,,,
[투다리] 푸짐한 김치어묵 우동전골,,,,,
[우물우물] 바른 진미 오징어채,,,,,
"비비고 한우사골곰탕, 500g, 6개 57%21,000원 8,940원 (100g당 298원) 내일(일) 도착 보장 4.5 (18097) 최대 447원 적립",,,,,
[빙그레] 요플레 제로 플레인 400g,,,,,
"올가홀푸드 ORGA 발아 옥수수차, 500g, 1개입, 1개 10,500원 (10g당 210원) 내일(일) 도착 보장 5 (3254) 최대 525원 적립",,,,,
[라빈리커픽업][말띠 에디션] 몽그라스 데이원 까베르네 소비뇽 (와인),,,,,
[그레인온] 르셀란테 파로효소 선물세트,,,,,
[CU 픽업] 까테나 자파타 알타말벡,,,,,
[애슐리] 시그니처 큐브 스테이크 200g(냉동),,,,,
"곰곰 훈제 연어 슬라이스 (냉동), 500g, 1개 16,690원 (100g당 3,338원) 내일(일) 새벽 도착 보장 5 (7411) 최대 835원 적립",,,,,
"비비고 직화 들기름김, 2개 36%12,960원 8,220원 (10g당 761원) 내일(일) 도착 보장 5 (2848) 최대 411원 적립",,,,,
[쿠위] 탑후르츠 젤리 복숭아맛 320g,,,,,
[프롬잇] 프로틴칩 6종 (택1),,,,,
"무료배송 농장에서 수확한 완숙토마토 정품 1.5kg, 1개, 정품 완숙토마토 1.5kg 쿠폰할인65%30,000원 10,500원 (100g당 700원) 2/10(화) 도착 예정 4.5 (565) 최대 525원 적립",,,,,
[페이장브레통] 크레페 오리지널 (30g X 12개입),,,,,
[하인즈] 유기농 토마토 케찹 580g,,,,,
"무료배송 1kg+1kg 프리미엄 건조 블루베리 무설탕 건조 블루베리 무설탕 건블루베리 100%, 100g × 2개 × 100g × 2개, 2개, 100g 할인63%30,600원 11,110원 (100g당 5,555원) 3/3 도착 예정 4 (126) 최대 555원 적립",,,,,
[풀무원] 얄피꽉찬 육즙교자 400g X 2개입,,,,,
[크루돌리오] 유기농 버진 아보카도 오일 250mL,,,,,
"무료배송 베지밀 달콤한 두유 비, 950ml, 12개 26,090원 (100ml당 229원) 2/11(수) 도착 예정 5 (69631) 최대 1,305원 적립",,,,,
"광천김 소문난 두번 구운 김밥김, 22g, 1개 4,090원 (10g당 1,859원) 내일(일) 새벽 도착 보장 4.5 (10603) 최대 205원 적립",,,,,
[오뚜기] 연겨자 100g,,,,,
"비비고 진한 김치만두 (냉동), 200g, 1개 32%4,900원 3,300원 (100g당 1,650원) 내일(일) 새벽 도착 보장 5 (23043) 최대 165원 적립",,,,,
"청정원 매운갈비 양념, 500g, 1개 8%3,790원 3,480원 (100g당 696원) 내일(일) 새벽 도착 보장 5 (894) 최대 174원 적립",,,,,
"맑은물에 참 좋은 국산콩 100% 순두부, 400g, 2개 2,900원 (100g당 363원) 내일(일) 새벽 도착 보장 5 (119379) 최대 145원 적립",,,,,
[다미아노] 100% 유기농 아몬드 스프레드 180g,,,,,
[필라델피아] 큐브 치즈케이크 580g,,,,,
[면사랑] 쫄깃한 쌀 떡국떡 1kg (지퍼백),,,,,
"무료배송 미트리 닭가슴살 볼 7종 혼합 14팩(각2팩), 100g, 14개 할인43%35,000원 19,910원 (100g당 1,422원) 2/10(화) 도착 예정 5 (10097) 최대 995원 적립",,,,,
[슈퍼키친] 홈 파티 음식 골라담기 9종 (택1),,,,,
[트렉클멘츠] 수제 후레쉬 칠리잼 210g,,,,,
[윤서울] 김도윤 셰프의 인기 불고기 3종(택1),,,,,
[비비고] 수제진한김치만두 400Gx2개입,,,,,
[파아프] 템페,,,,,
[CU 픽업] 아이덴티티핑크레몬,,,,,
"무료배송 소르미 구워먹는 치즈 200g x 3팩 60개입 저염 모짜렐라치즈 자연치즈, 3개 할인32%28,100원 18,940원 (10g당 316원) 2/10(화) 도착 예정 4.5 (1075) 최대 947원 적립",,,,,
"칠레산 체리, 300g, 2팩 9,700원 (100g당 1,617원) 내일(일) 새벽 도착 보장 4 (4720) 최대 485원 적립",,,,,
"가가호호 농사꾼 신동진쌀, 특등급, 10kg, 1개 34,900원 (100g당 349원) 내일(일) 도착 보장 4.5 (18108) 최대 1,745원 적립",,,,,
"롯데햄 알뜰 소시지, 500g, 2개 4,590원 (10g당 46원) 내일(일) 새벽 도착 보장 5 (24595) 최대 230원 적립",,,,,
[마이산] 스카이 플레이크 크래커 마늘맛 800g,,,,,
[프레스샷] 프레스샷 마그코어 (10일분),,,,,
"국내산 우리곡물 23곡 크리스피롤, 660g, 1박스 16%13,000원 10,800원 (10g당 164원) 내일(일) 도착 보장 5 (666) 최대 540원 적립",,,,,
[면사랑] 중화면 230g x 5입 (개별 포장),,,,,
"풀무원 다진마늘 용기, 260g, 1개 3%8,980원 8,710원 (10g당 335원) 내일(일) 새벽 도착 보장 5 (15853) 최대 435원 적립",,,,,
"더네이처 레몬, 3kg, 1개 16,900원 (100g당 563원) 내일(일) 새벽 도착 보장 4.5 (930) 최대 795원 적립",,,,,
[연세] 뼈를 생각한 고칼슘 두유 호두아몬드 (190mL X 24개),,,,,
"해통령 멸치 해물 다시팩, 16g, 20개입, 1개 11,900원 (10g당 372원) 내일(일) 새벽 도착 보장 5 (6821) 최대 545원 적립",,,,,
[FROYA] 항공직송 노르웨이 생연어 2종 (택1),,,,,
"믹스밀 바로 끓여먹는 마녀스프용 채소 (냉동), 1kg, 1개 13,490원 (100g당 1,349원) 내일(일) 새벽 도착 보장 5 (1785) 최대 675원 적립",,,,,
[목우촌] 주부9단 로스구이,,,,,
"유명산지 경남단감 대과 5입, 1.08kg, 1개 5,790원 (100g당 536원) 내일(일) 새벽 도착 보장 4.5 (20865) 최대 290원 적립",,,,,
[와인앤모어픽업](W&M ONLY)레큐아 루비 포트 ((와인)),,,,,
[CU 픽업] 블루넌아이스와인375ml,,,,,
[설악젤라또] 설악 로컬 미니컵 100mL 6종 (택1),,,,,
[HBAF] 시그니처 팝콘 골라담기 7종 (택1),,,,,
[티어스] 쌍화차 오리진 (20g X 12개),,,,,
"무료배송 [마지막물량특가] 반값행사 벌꿀먹은 꿀부사 못난이사과, 1박스, 5kg 쿠폰할인35%30,900원 19,900원 (100g당 398원) 품절 3.5 (56)",,,,,
"올프레시 키조개 관자살 개아지 살 (냉동), 1개, 500g 12,100원 (100g당 2,420원) 내일(일) 새벽 도착 보장 5 (1408) 최대 605원 적립",,,,,
"국내산 미나리, 200g, 1개 4,490원 (100g당 2,245원) 내일(일) 새벽 도착 보장 4.5 (28425) 최대 225원 적립",,,,,
[디어파인] 라즈베리 그릭요거트,,,,,
[영심] 해조류 5종 (냉장),,,,,
우리밀 전통약과 (30g X 6개),,,,,
"무료배송 연세두유 뼈를 생각한 고칼슘 호두 & 아몬드, 190ml, 48개 19%27,000원 21,740원 (100ml당 238원) 2/13(금) 도착 예정 4.5 (92240) 최대 1,087원 적립",,,,,
[다담] 우렁강된장 양념 2종 (택1),,,,,
"오설록 제주 말차 밀크티 분말스틱, 20g, 10개입, 1개 쿠폰할인24%15,000원 11,310원 (10g당 566원) 내일(일) 도착 보장 새 상품, 반품-미개봉 (10) 최저10,740원 5 (530) 최대 565원 적립",,,,,
[선물세트] 덴프스 트루바이타민 액티브 x 4박스 (120일분),,,,,
[감코리아] [선물세트] 곶감 쏙 치즈 시리즈 세트,,,,,
"광동진한헛개차, 500ml, 24개 27%28,900원 20,940원 (100ml당 175원) 내일(일) 도착 보장 새 상품, 반품-미개봉 (17) 최저18,420원 5 (77671) 최대 1,047원 적립",,,,,
[포베라] 순수 비타민D 드롭 (100일분),,,,,
[발투센] 유기농 콩 병조림 2종,,,,,
"국내산 샤브샤브용 버섯 모듬, 800g, 1개 8,140원 (100g당 1,018원) 내일(일) 새벽 도착 보장 5 (18166) 최대 407원 적립",,,,,
[면사랑] 스파게티 170gx5개입 (개별포장),,,,,
[삼도갈비] 마늘양념 돼지갈비 400g (냉동),,,,,
[유동] 자연산골뱅이 400g,,,,,
"해표 참진한 들기름, 320ml, 1개 8,120원 (10ml당 254원) 내일(일) 도착 보장 5 (13737) 최대 406원 적립",,,,,
[사미헌] 맑은 곰탕,,,,,
"봄날인터내셔널 햇고구마를 구워만든 군고구마 말랭이, 60g, 5개 8,500원 (100g당 2,833원) 내일(일) 도착 보장 4.5 (3049) 최대 425원 적립",,,,,
[26년 설] [CU 픽업] 청도감와인세트,,,,,
[CU 픽업] 토카이푸르민트,,,,,
[와피노] 미니 초코콘  대용량 박스 700g,,,,,
"바다원 명엽채 (냉동), 500g, 1개 6,900원 (100g당 1,380원) 내일(일) 새벽 도착 보장 4.5 (1551) 최대 310원 적립",,,,,
"대구농산 건강한 밥상 검정찰보리 블랙보리, 4kg, 1개 12,980원 (100g당 325원) 내일(일) 도착 보장 4.5 (3724) 최대 649원 적립",,,,,
"다향 꼬들꼬들 토종닭 훈제 슬라이스, 2개, 500g 쿠폰할인6%15,980원 14,980원 (100g당 1,498원) 내일(일) 새벽 도착 보장 4.5 (1127) 최대 649원 적립",,,,,
[청우] 그랑쉘 사과 195g (10입),,,,,
[빙그레] 더위사냥 (140mL X 10개),,,,,
[매일] 마이 카페라떼 그린 210mL X 10개입 2종(택1),,,,,
[본죽] 시그니처 장조림 2종,,,,,
[선물세트] 삼다원 녹 (녹용고 환),,,,,
[제주 성이시돌목장] 유기농 후레쉬 미니 모짜렐라 치즈 120g,,,,,
[학림다방] 블렌딩 원두 3종(택1),,,,,
"무료배송 황토마을 햇 볶음아몬드 구운아몬드 1kg 1팩, 1개 40%25,000원 14,800원 (100g당 1,480원) 2/11(수) 도착 예정 4.5 (5423) 최대 740원 적립",,,,,
"농심 안성탕면 125g, 5개 3,680원 (1개당 736원) 내일(일) 새벽 도착 보장 5 (38741) 최대 184원 적립",,,,,
[네이처메이드] 웰블렌즈 스트레스 완화&릴렉스 (30일분),,,,,
"국내산 냉이, 1개 4,980원 (100g당 3,320원) 내일(일) 새벽 도착 보장 4.5 (6520) 최대 249원 적립",,,,,
[오뚜기] 뿌셔뿌셔 바베큐맛 90g,,,,,
[벨베리] 핑크 자몽잼 215g,,,,,
[바다숲] 입자가 고운 감태분말,,,,,
"고야 슬라이스드 블랙 올리브 절임, 344g, 1개 3,980원 (10g당 116원) 내일(일) 새벽 도착 보장 5 (3589) 최대 199원 적립",,,,,
[농협] 쌀전병 160g 3종 (택 1),,,,,
[김미떡] 현미 가래떡 480g,,,,,
[부르본] 랑그드샤 블란츌 믹스 124g,,,,,
[차오차이] 시추안 마라탕 500g,,,,,
[선물세트] 유명산지 사과세트 3.8kg (14~15입),,,,,
[선물세트][전통주] 제이엘 오미나라 고운달 오크 52도 500mL 오크통 숙성,,,,,
11brix이상 AI가 선별한 서귀포 감귤 1.5kg (비가림),,,,,
"바른곡물 국산 서리태, 2kg, 1개 17,900원 (100g당 895원) 내일(일) 도착 보장 4.5 (5058) 최대 895원 적립",,,,,
"무료배송 삼양 임꺽정 떡갈비 1.2kg 대용량 급식용 반찬 업소용 냉동 즉석조리 식당, 1개 9%16,500원 14,910원 (100g당 1,243원) 2/12(목) 도착 예정 5 (3329) 최대 745원 적립",,,,,
[CU 픽업] 미켈레레오르메,,,,,
"하루견과 퍼플 믹스넛, 20g, 30개 21,900원 (100g당 3,650원) 내일(일) 도착 보장 5 (998) 최대 1,095원 적립",,,,,
[투마루] 밤 파이만쥬 4구,,,,,
[블랑제리코팡] 우유 앙금 소금빵 (65g X 3개),,,,,
"비비고 김밥김, 22g, 2개 26%7,960원 5,830원 (10g당 1,325원) 내일(일) 도착 보장 5 (24200) 최대 291원 적립",,,,,
[오뚜기]컵밥_고추참치마요덮밥(즉석국),,,,,
"코스트코 커클랜드 무지방 그릭요거트 907g x 2개 할인4%17,050원 16,250원 (10g당 90원) 2/11(수) 도착 예정 4.5 (15191) 최대 813원 적립",,,,,
"지평선 농협에서 만든 동진찹쌀, 3kg, 1개 12,800원 (100g당 427원) 내일(일) 도착 보장 4.5 (8702) 최대 640원 적립",,,,,
[뉴오리진] 프로바이오틱스 100억 유산균 (30일분),,,,,
[밀잇] 프로틴 단백질 쉐이크 파우치 7개입 5종 (택1),,,,,
[라빈리커픽업] 깔루아 (리큐르),,,,,
[오레오] 딸기 크림 100g,,,,,
[플라이밀] 프로틴 단백질 쉐이크 파우치 13종 (45g x 7개입) (택1),,,,,
[CU 픽업] 칸티모스카토다스티,,,,,
"난각1번 올계 동물복지 자연방사 유정란, 10구, 1개 10,810원 (1구당 1,081원) 내일(일) 새벽 도착 보장 4.5 (16119) 최대 540원 적립",,,,,
"청정원 이탈리아 정통 스파게티면, 500g, 2개 17%6,400원 5,310원 (100g당 531원) 내일(일) 새벽 도착 보장 5 (19631) 최대 265원 적립",,,,,
[26년 설] [CU 픽업] 와일드터키 레어브리드,,,,,
"남양유업 GT 슈퍼제로 락토프리 맛있는 우유, 900ml, 2개 5,180원 (100ml당 288원) 내일(일) 새벽 도착 보장 5 (12269) 최대 259원 적립",,,,,
"담터 꿀유자차 믹스, 22g, 10개, 2개 13%9,800원 8,460원 (10g당 192원) 내일(일) 도착 보장 4.5 (556) 최대 423원 적립",,,,,
"광천해저김 김자반 볶음, 50g, 2개 2%6,000원 5,830원 (10g당 583원) 내일(일) 새벽 도착 보장 5 (1573) 최대 291원 적립",,,,,
"곰곰 이스라엘 자몽, 2kg, 1개 9,600원 (100g당 480원) 내일(일) 새벽 도착 보장 4.5 (4966) 최대 480원 적립",,,,,
"세미원 자숙대두 (냉동), 500g, 2개 11,000원 내일(일) 새벽 도착 보장 5 (2322) 최대 550원 적립",,,,,
[농협두부] 내린천 원당 연두부 160g*6개입,,,,,
[밀레의 공방] 페스츄리 약과 200g,,,,,
[온하루] 한우연근조림,,,,,
[선물세트] 프릳츠 콜드브루&유리잔 세트,,,,,
"무료배송 25년 햅쌀 100% 국산 상황버섯쌀 면역관리 베타글루칸 폴리페놀, 2개, 5kg 할인43%160,000원 89,880원 (100g당 899원) 2/13(금) 도착 예정 4.5 (281) 최대 4,494원 적립",,,,,
[금룡각] 중화 간짜장볶음밥 (2개입),,,,,
[오쏘몰X사브르] 이뮨 (7일분) + 사브르 디저트(스푼+포크)세트 (쇼핑백증정),,,,,
"무료배송 해동 짱구김 식탁용특대 구운김 도시락김 머치바잉, 40g, 5개 13,560원 (10g당 678원) 2/10(화) 도착 예정 5 (1200) 최대 678원 적립",,,,,
[크라운] 과일맛 마이쮸 2종 (택1),,,,,
[비비슨] 올웨이즈 핏 애플 사이다 비니거 구미 60개입,,,,,
"더존건강 더조은 한끼곤약젤리 복숭아 10개입, 1.5kg, 1개 5,900원 (10g당 39원) 내일(일) 도착 보장 새 상품, 반품-미개봉 (3) 최저5,600원 4.5 (14066) 최대 295원 적립",,,,,
[정관장] 홍삼정 농축분말 (30일분),,,,,
"무료배송 머거본 꿀땅콩, 300g, 4개 13,550원 (100g당 1,129원) 2/10(화) 도착 예정 5 (137) 최대 678원 적립",,,,,
"유명산지 경남단감 대과 5입, 1.08kg, 2개 11,230원 (100g당 520원) 내일(일) 새벽 도착 보장 4.5 (20865) 최대 561원 적립",,,,,
"필라델피아 크림치즈, 190g, 1개입, 3개 쿠폰할인4%13,360원 12,750원 (10g당 224원) 내일(일) 새벽 도착 보장 5 (98948) 최대 638원 적립",,,,,
[KF365] 무항생제 닭가슴살 슬라이스 구이 400g,,,,,
"비비드키친 저당 치폴레소스, 265g, 1개 4,900원 (100g당 1,849원) 내일(일) 새벽 도착 보장 5 (5137) 최대 219원 적립",,,,,
"맛젤 라임, 70g 내외, 3개 4,190원 (100g당 1,995원) 내일(일) 새벽 도착 보장 4.5 (6946) 최대 210원 적립",,,,,
"무료배송 [오늘의돼지] 칼집 양념 목살 왕구이, 600g, 4개 할인31%27,900원 19,000원 (100g당 792원) 2/11(수) 도착 예정 4 (358) 최대 950원 적립",,,,,
"불가리스 요거트 플레인 + 딸기 + 복숭아, 85g, 10개입, 1세트 6,680원 (10g당 79원) 내일(일) 새벽 도착 보장 5 (16464) 최대 334원 적립",,,,,
"이롬 과채습관 퍼플, 190ml, 16개 9,600원 (100ml당 316원) 내일(일) 도착 보장 5 (33420) 최대 480원 적립",,,,,
[듀오락] 골드 하루한포 (30일분),,,,,
[근대골목단팥빵] 생크림단팥빵 3종 세트 420g,,,,,
[CU 픽업] 캡틴모건750ml,,,,,
[한강식품] 당면사리가 들어있는 경상도식 순살 찜닭 600g (냉장),,,,,
"더미식 장인라면 얼큰한맛 116g, 4개 36%8,800원 5,630원 (1개당 1,408원) 내일(일) 도착 보장 4.5 (22863) 최대 281원 적립",,,,,
[방방곡곡] 제주식 고기국수 (2인분),,,,,
"첫맛 떡볶이 양념 분말 순한맛, 1kg, 1개 5%11,800원 11,130원 (10g당 111원) 내일(일) 도착 보장 4.5 (5110) 최대 529원 적립",,,,,
"국내산 로메인, 250g, 2개 5,850원 (100g당 1,170원) 내일(일) 새벽 도착 보장 4.5 (51969) 최대 293원 적립",,,,,
[수미과] 레몬 슬라이스 (120g),,,,,
"자연애찬 무항생제 인증 백색 대란, 15구, 1개 5,990원 (1구당 399원) 내일(일) 새벽 도착 보장 5 (3319) 최대 300원 적립",,,,,
"비비드키친 저칼로리 치킨양념소스, 320g, 1개 20%4,100원 3,250원 (100g당 1,016원) 내일(일) 새벽 도착 보장 5 (788) 최대 163원 적립",,,,,
[키움정] 키움정 (30일분),,,,,
[라 파브리카] 이탈리아 IGP 그라냐노 명가 파스타 5종,,,,,
[정관장] 아이패스M (30일분) + (쇼핑백증정),,,,,
[오뚜기] 옛날자른당면 2종 (택1),,,,,
[안유성 명장] 궁중 삼계탕,,,,,
"무료배송 삼삼컬리 부드러운 대용량 황태채 고담백, 1kg, 1개 24%44,900원 33,900원 (100g당 3,390원) 2/10(화) 도착 예정 4.5 (2497) 최대 1,695원 적립",,,,,
"정성가득 맛있는 찹쌀호떡 (냉동), 70g, 10개입, 1개 13,490원 (10g당 193원) 내일(일) 새벽 도착 보장 4.5 (1988) 최대 575원 적립",,,,,
"무료배송 참미소떡국 참미소 두번 반죽한 떡국떡, 2kg, 1개 쿠폰할인20%9,600원 7,640원 (100g당 382원) 2/10(화) 도착 예정 4.5 (6297) 최대 382원 적립",,,,,
[헤이오트] 국산 유기농 오트밀 1kg,,,,,
[카필라노] 마누카 기프트 세트 MGO 30+ 500g,,,,,
[정관장] 에브리타임 리미티드 (30일분) + (쇼핑백증정),,,,,
[커피빈] 바닐라 라떼 파우더 스틱 (21.6g X 12입),,,,,
[속초 세렝게티커피] 티그레 6종 (택1),,,,,
[햇반] 발아현미밥 210g (8입),,,,,
[종근당건강] 락토핏 골드 유산균 (150일분),,,,,
"무료배송 진짜 서문시장 땅콩빵, 64개, 6g 할인35%19,800원 12,800원 (10g당 333원) 2/11(수) 도착 예정 4.5 (142) 최대 640원 적립",,,,,
"풀무원 50% 당을 낮춘 새콤달콤 유부초밥, 310g, 1개 23%6,480원 4,980원 (100g당 1,606원) 내일(일) 새벽 도착 보장 5 (709) 최대 249원 적립",,,,,
[아카페라] 심플리 디카페인 (400mL X 4병),,,,,
"코코프레시 100% 코코넛워터, 200ml, 24개 28%19,500원 13,900원 (100ml당 290원) 내일(일) 도착 보장 5 (5576) 최대 695원 적립",,,,,
[하이포크] 한돈 급냉 바로구이 관자살 300g (냉동),,,,,
[미트엔조이] 미국산 초이스 토마호크 스테이크 600g (냉장),,,,,
유기농 고수 30g,,,,,
[나폴레옹] 쇼콜라비스큐슈니탱 385g,,,,,
"베리필드 컬리플라워 라이스 (냉동), 1kg, 1개 6,990원 (100g당 699원) 내일(일) 새벽 도착 보장 5 (6908) 최대 350원 적립",,,,,
[CU 픽업] 노비볼레 로마냐 로사토,,,,,
[의성眞] 시나노골드 사과3kg (11~12입),,,,,
[라빈리커픽업]오리지널 비어 불락 스타우트 (맥주),,,,,
[위아바임] 이뮨 바이탈 솔루션 (7일분),,,,,
[선물세트][모모스커피] 시그니처 버라이어티 드립백 세트 28개입,,,,,
[CU 픽업] 제임슨700ml,,,,,
[CU 픽업] 롱보드라거병355ml*24병,,,,,
[연세우유] 슈레드 모짜렐라&체다 치즈 (60g X 4입),,,,,
"무료배송 씨드믹스 1kg+1kg, 2개, 1kg 25%22,800원 16,900원 (100g당 845원) 2/10(화) 도착 예정 4.5 (345) 최대 845원 적립",,,,,
[와인앤모어픽업]까테나 자파타 알라모스 말벡 ((와인)),,,,,
[락토온] 서울약사신협 프로바이오틱스 생유산균 골드 2.5g (100일분),,,,,
[데르뜨] 떠먹는 젤리 복숭아 (큰컵),,,,,
클래식 우유 식빵 420g,,,,,
"그릭데이 시그니처, 450g, 1개 14,000원 (10g당 311원) 내일(일) 새벽 도착 보장 5 (101312) 최대 700원 적립",,,,,
[서대문 평양옥] 닭칼국수 (2인분),,,,,
[김재규우리떡연구소] 제주해풍 팥쑥떡 (70g X 7개),,,,,
탑마루 익산 꿀 밤고구마 1.5kg,,,,,
[테라로사] 강릉블렌드 원두 250g,,,,,
"해태제과 홈런볼 초코, 41g, 4개 4,600원 (10g당 280원) 내일(일) 새벽 도착 보장 5 (18801) 최대 230원 적립",,,,,
[한국야쿠르트] 발효유 엠프로 키즈 (105mL X 5개),,,,,
[전통주] 미르아토 크리스마스 트리 로제와인 (12도 370mL),,,,,
[김소영 아티장의 안단테] 사토리 메를로 벨라비타노,,,,,
[세노비스] 달맞이꽃종자유(30일분),,,,,
"백설 숯불구이맛 김밥햄, 110g, 1개 3,060원 (100g당 2,782원) 내일(일) 새벽 도착 보장 5 (6439) 최대 153원 적립",,,,,
"곰곰 국내산 못난이 깐밤, 1개, 500g 14,800원 (100g당 2,960원) 내일(일) 새벽 도착 보장 4.5 (61) 최대 740원 적립",,,,,
무농약 원료 다진 연근 110g,,,,,
[하루두유] 블랙 스위트 국산 서리태 콩물두유 (150mL X 15개),,,,,
[슬로우글로우] 브로메리로트 S7 30포,,,,,
[6다이닝] 이베리코 5종 모둠구이 선물세트 1kg(예약일 수령),,,,,
[고기반찬] 한돈 LA식 돼지갈비 400g,,,,,
[키토케토] 다크MCT초콜렛,,,,,
"무료배송 다사모농장 저농약 제주감귤 10kg-15kg 귤, 1개, 제주 감귤 10KG (S M) 4-5번 로얄과 35,900원 (100g당 359원) 2/11(수) 도착 예정 4.5 (1021) 최대 1,795원 적립",,,,,
"무료배송 서래푸드 피칸 1kg, 1개 26,510원 (100g당 2,651원) 2/12(목) 도착 예정 4.5 (373) 최대 1,325원 적립",,,,,
[프레지덩] 쁘띠 까망베르 125g,,,,,
"무료배송 하나농수산연합 LA갈비 양념 소갈비 초이스등급 (기름제거), 3개, 500g 할인50%99,900원 49,900원 (100g당 3,327원) 2/10(화) 도착 예정 4 (57) 최대 2,495원 적립",,,,,
"광식이농장 GAP 타이벡 설향딸기 대과, 500g, 2팩 25,200원 (100g당 2,520원) 내일(일) 새벽 도착 보장 4.5 (42459) 최대 1,260원 적립",,,,,
"담터 쌍화차 플러스, 15g, 50개입, 1개 17%13,900원 11,400원 (10g당 152원) 내일(일) 새벽 도착 보장 5 (7029) 최대 570원 적립",,,,,
[메디트리] 로얄 프로폴리스 30일분,,,,,
"꽃샘 꿀 유자차 S, 2kg, 1개입, 1개 10,320원 (10g당 52원) 내일(일) 도착 보장 4.5 (7440) 최대 516원 적립",,,,,
"서울우유 멀티팩 모짜렐라 피자치즈, 75g, 4개입, 1개 7,790원 (10g당 260원) 내일(일) 새벽 도착 보장 5 (75715) 최대 390원 적립",,,,,
[오가닉스토리] 유기농 통통 4종,,,,,
[올가비오] 유기농 생강청 375mL,,,,,
"청정원 맛있는밥&엔 야채, 24g, 3개 5,900원 (100g당 8,194원) 내일(일) 새벽 도착 보장 5 (1931) 최대 295원 적립",,,,,
[정원삼] 홍삼담은 레몬생강 70mL 30포,,,,,
[CU 픽업] 보테가프라골리노로쏘,,,,,
MY FIRST 처음 만나는 모닝롤 (24g X 10개),,,,,
[브로드카세] 72시간 파네토네 3종 (택1),,,,,
[야마끼] 이찌방 토핑용 하나 가쓰오부시 1g x 30개입,,,,,
[CU 픽업] 타이거오리지널500ml*24캔,,,,,
"박카스 에프액, 120ml, 10개 7,830원 (100ml당 653원) 내일(일) 도착 보장 새 상품, 반품-미개봉 (24) 최저6,500원 5 (98051) 최대 391원 적립",,,,,
"넛츠데이 건살구, 600g, 1개 25%15,900원 11,900원 (100g당 1,983원) 내일(일) 도착 보장 4.5 (1165) 최대 595원 적립",,,,,
[라빈리커픽업][뱅베 내추럴특가] 제호인 피가 20 (와인),,,,,
"무료배송 우농 25년산 햇 볶음땅콩 (관땅콩), 1개, 3.75kg 대사이즈 (24/28) 할인13%28,800원 24,850원 (100g당 663원) 2/11(수) 도착 예정 4.5 (3525) 최대 1,243원 적립",,,,,
[마더네스트] 호주산 프로폴리스 마누카허니 로젠지스 캔디 90g,,,,,
[강남면옥] 소갈비찜,,,,,
[포트'럭] 국산 자연산 대하 500g (냉동),,,,,
경기미 '특'등급 고시히카리 10kg,,,,,
"무료배송 [타임초특가] 14brix 제철 초고당도 감귤, 1박스, 로얄과 특상품 3kg 할인50%30,000원 14,900원 (100g당 497원) 2/12(목) 도착 예정 4.5 (54) 최대 745원 적립",,,,,
"농심 신라면 120g, 15개 12,250원 (1개당 817원) 내일(일) 도착 보장 5 (763378) 최대 613원 적립",,,,,
[집반찬연구소] 닭가슴살 새우 냉채,,,,,
[스톡] 웨더스 오리지날 팝콘 140g,,,,,
무농약 원료 다진 새송이 버섯 100g,,,,,
[브리미] 모짜렐라 카우 100g,,,,,
[와인앤모어픽업]코노수르 싱글빈야드 까베르네 소비뇽 ((와인)),,,,,
[VIETPURE] NFC 100% ABC주스 1L,,,,,
[금룡각] 마라탕,,,,,
[CU 픽업] 건파우더진오렌지,,,,,
"The 고기듬뿍 양념 소불고기, 1팩, 1kg 19,990원 (100g당 1,999원) 내일(일) 새벽 도착 보장 5 (5523) 최대 1,000원 적립",,,,,
"뉴질랜드산 단호박, 1개입, 1개 2,490원 (1개당 2,490원) 내일(일) 새벽 도착 보장 4.5 (21962) 최대 125원 적립",,,,,
[하이디라오소스로 만든] 마라샹궈 2인분,,,,,
[감코리아] 곶감 쏙 치즈 5입팩 160g,,,,,
[일상味소] 치마살 200g (냉장),,,,,
"곰곰 쫄깃한 통편육(냉장), 250g, 2개 8,710원 (100g당 1,742원) 내일(일) 새벽 도착 보장 4.5 (11583) 최대 435원 적립",,,,,
"도드람한돈 1등급 앞다리 찌개용 (냉장), 500g, 1개 9,240원 (100g당 1,848원) 내일(일) 새벽 도착 보장 4.5 (4805) 최대 462원 적립",,,,,
"만전김 미니언즈 두번 구운 삼각김밥용 김 리필용 40매입, 48g, 1개 8,300원 (10g당 1,729원) 내일(일) 새벽 도착 보장 5 (1513) 최대 415원 적립",,,,,
[비담] 아카시아/야생화 꿀 허니스틱 세트 (아카시아꿀 20포+야생화꿀 20포),,,,,
[브렐렛] 모짜렐라 카우 125g,,,,,
[CU 픽업] 토민타울 시가몰트,,,,,
[넛츠앤베리스] 사차인치와 브라질넛이 들어간 슈퍼믹스 480g,,,,,
"오뚜기 미트 볼로냐 파스타4인, 1.292kg, 1개 할인9%10,770원 9,790원 (100g당 758원) 내일(일) 새벽 도착 보장 5 (12592) 최대 445원 적립",,,,,
[이목] 국내산 소고기 채끝 구이용 200g (냉장),,,,,
"서울우유 비요뜨 초코링 요거트, 138g, 12개 14,500원 (10g당 88원) 내일(일) 새벽 도착 보장 5 (124027) 최대 725원 적립",,,,,
"청정원 구운마늘과 양파 토마토 스파게티소스, 600g, 2개 8,840원 (100g당 737원) 내일(일) 도착 보장 5 (70087) 최대 442원 적립",,,,,
[근대골목단팥빵] 우리맛 생크림 단팥빵 (170g X 3개),,,,,
[CU 픽업] 스텔라조리도구기획,,,,,
"국내산 주키니호박, 1개입, 3개 5,560원 (1개당 1,853원) 내일(일) 새벽 도착 보장 5 (12624) 최대 278원 적립",,,,,
[더메나쥬리x상하목장] 우유 레이어 케이크 550g,,,,,
[라빈리커픽업][설 선물] 블루 프린트 나파밸리 까베르네 소비뇽 (와인),,,,,
[ESTI] 오리지널 레시피 후무스 283g,,,,,
[스톡] 크노퍼스 웨이퍼 미니 9.6g X 20입,,,,,
[일드프랑스] 쁘띠 까망베르 125g,,,,,
"농심 사리곰탕 컵 61g, 6개 5,700원 (1개당 950원) 내일(일) 새벽 도착 보장 5 (1089) 최대 285원 적립",,,,,
"칠성사이다 업소용, 245ml, 30개 12,900원 (100ml당 176원) 2/11(수) 도착 예정 4.5 (8011) 최대 645원 적립",,,,,
[유가원] 유기농 건크랜베리 110g,,,,,
[레인저스벨리] 호주산 흑소 MB3+ 갈비살 구이용 200g,,,,,
"곰곰 김자반, 70g, 4개 39%14,000원 8,490원 (10g당 303원) 내일(일) 도착 보장 5 (47456) 최대 425원 적립",,,,,
"오트사이드 귀리음료 바리스타 블렌드, 1L, 2개 8,960원 (100ml당 448원) 내일(일) 도착 보장 5 (7658) 최대 448원 적립",,,,,
[태우한우] 한우 사골 잡뼈 2kg,,,,,
[마니커에프앤지] 골든 후라이드 닭다리 1kg,,,,,
[26년 설] [CU 픽업] 조니워커그린700,,,,,
"우리땅 무농약원료 가공식품 인증 다진 애호박 (냉동), 100g, 1개 4,490원 (100g당 4,490원) 내일(일) 새벽 도착 보장 5 (1138) 최대 225원 적립",,,,,
[안국건강] 살뺀다 혈당컷 다이어트(28일분),,,,,
[라빈리커픽업] 닷사이 준마이 다이긴죠 23 (사케),,,,,
[라구노오] 폴로 쇼콜라 브라우니(35g X 3개입),,,,,
"곰곰 참나무 훈연 샌드위치햄, 100g, 1개 2,320원 (10g당 232원) 내일(일) 새벽 도착 보장 5 (19859) 최대 116원 적립",,,,,
"곰곰 당도선별 천혜향, 1.2kg(6~8입), 1개 10,890원 (100g당 908원) 내일(일) 새벽 도착 보장 4.5 (588) 최대 545원 적립",,,,,
"종근당건강 정품 비타민D 2000IU, 90정, 45g, 1개 10,000원 (1정당 111원) 내일(일) 도착 보장 5 (41905) 최대 475원 적립",,,,,
[오리온] 썬 대용량 273g,,,,,
"샘표 시골식 쌈토장, 450g, 1개 39%6,580원 4,000원 (100g당 889원) 내일(일) 새벽 도착 보장 5 (51) 최대 200원 적립",,,,,
[CU 픽업] 밀크앤허니피트,,,,,
[숭의가든] 옛날 소 불고기 / 한돈 목살 양념 구이 (택 1),,,,,
"무료배송 해남 달망 밤고구마, 3kg(특상), 1박스 할인58%24,990원 10,370원 (100g당 346원) 2/10(화) 도착 예정 4 (38014) 최대 519원 적립",,,,,
[BNR17] 비에날키즈 유산균 츄어블 2종 (택1),,,,,
"햇반 발아현미밥, 210g, 16개 37%33,360원 20,700원 (100g당 616원) 내일(일) 새벽 도착 보장 5 (6185) 최대 1,035원 적립",,,,,
[베르니] 케이퍼,,,,,
"담터 생강차 플러스, 15g, 50개입, 2개 1%21,600원 21,300원 (10g당 142원) 내일(일) 도착 보장 5 (52167) 최대 1,065원 적립",,,,,
"곰곰 당도선별 제주감귤, 500g(로얄과), 2박스 6,030원 (100g당 603원) 내일(일) 새벽 도착 보장 4.5 (68066) 최대 301원 적립",,,,,
"더건강한 닭가슴살 샌드위치햄, 90g, 1개 50%4,480원 2,240원 (100g당 2,489원) 내일(일) 새벽 도착 보장 5 (8904) 최대 112원 적립",,,,,
"카프리썬 오렌지망고, 200ml, 20개 10,640원 (100ml당 266원) 내일(일) 새벽 도착 보장 5 (4928) 최대 532원 적립",,,,,
[야미요밀] 정성가득 비건 두유크림 쌀빵,,,,,
"김구원선생 국산두부가 들어간 전통 된장찌개 밀키트 2인분, 356g, 1개 7,200원 (100g당 2,022원) 내일(일) 새벽 도착 보장 5 (889) 최대 360원 적립",,,,,
[일동후디스] 하이뮨 프로틴 밸런스 캔 (8일분),,,,,
[탄단지] 소스 흠뻑빠진 닭가슴살 5종 (1입/4입),,,,,
[모리나가] 홋카이도 핫케익 믹스 300g,,,,,
[크라운] 밤양갱 50g X 5입,,,,,
뽀로로가 좋아하는 바나나우유 (140mL x 24개),,,,,
[비움반찬] 뱅어포 조림,,,,,
[고메] 소바바치킨 소이허니 윙/봉(택1),,,,,
[오뚜기] 3분 카레&짜장 7종 (택1),,,,,
"하인즈 유기농 토마토 케찹, 397g, 1개 6,380원 (100g당 1,607원) 내일(일) 새벽 도착 보장 5 (1273) 최대 319원 적립",,,,,
"김구원선생 국산콩 두부로 만든 사각 유부초밥, 164g, 1개 3,980원 (100g당 2,427원) 내일(일) 새벽 도착 보장 5 (557) 최대 199원 적립",,,,,
[CJ] 바이오코어 질 건강 리스펙타 이너케어 유산균 (30일분),,,,,
"일리 포르테 캡슐 18p, 18개입, 1개 쿠폰할인7%14,100원 13,100원 (1개당 728원) 내일(일) 도착 보장 5 (1366) 최대 655원 적립",,,,,
[오쏘몰] 이뮨 (30일분) +에르메스 어메니티 바디&솝 세트 (쇼핑백제공),,,,,
"스낵 13종세트 1호{새우깡+양파링+바나나킥+꿀꽈배기+자갈치+감자깡+고구마깡+오감자+꼬북칩+스윙칩+왕고래밥+눈을감자+꼬깔콘}+메세지카드, 1박스, 과자세트 19,900원 (1세트당 19,900원) 내일(일) 도착 보장 5 (225) 최대 995원 적립",,,,,
"롯데웰푸드 드림카카오 82%, 86g, 2개 6,950원 (10g당 404원) 내일(일) 도착 보장 5 (46191) 최대 348원 적립",,,,,
[허쉬] 오리지널 코코아 원컵 (30g X 4개),,,,,
[테일러] 유기농 착즙 푸룬주스(180mL X 3개),,,,,
[온더고] 간편 외식 덮밥 3종 (택1),,,,,
[리콜라] 허브캔디 오리지널 100g,,,,,
"하림 두마리 통닭 (냉장), 2kg, 1개 15,980원 (100g당 799원) 내일(일) 새벽 도착 보장 5 (25314) 최대 799원 적립",,,,,
"오뚜기 현미식초, 900ml, 2개 5,060원 (10ml당 28원) 내일(일) 도착 보장 5 (14694) 최대 253원 적립",,,,,
[라빈리커픽업][말띠 에디션] 몽그라스 데이원 샤도네이 (와인),,,,,
"무료배송 2025년 통관 미국산 구운땅콩 대용량 부드러운 식감 최상급 견과류, 1kg, 3개, 1개 할인8%28,260원 25,900원 (100g당 863원) 2/10(화) 도착 예정 4.5 (6764) 최대 1,295원 적립",,,,,
[La bocca] 몽블랑 650g,,,,,
[근대골목단팥빵] 옛날옥수수햄빵 120g,,,,,
[미트빌] 미국산 냉장 소고기 14종 골라담기,,,,,
[1등급 한우] 우둔 장조림용 200g (냉장),,,,,
"무료배송 카누 티라미수 라떼 커피믹스, 17.3g, 8개입, 3개 17%18,800원 15,500원 (10g당 373원) 2/12(목) 도착 예정 5 (12630) 최대 775원 적립",,,,,
[엔젯오리진] 프리미엄 프로폴리스 800 (100일분),,,,,
"오뚜기 케요네스, 310g, 1개 30%5,180원 3,600원 (100g당 1,161원) 내일(일) 도착 보장 4.5 (1859) 최대 180원 적립",,,,,
"사조 해표 콩기름 식용유, 900ml, 2개 32%10,400원 7,020원 (100ml당 390원) 내일(일) 새벽 도착 보장 5 (35833) 최대 351원 적립",,,,,
[투시] 참스 미니팝 750g,,,,,
[유기샘] 아몬드 대추야자 140g,,,,,
[비바니] 유기농 코코아 400g,,,,,
[정관장] 홍이장군 2단계 (30일분),,,,,
"탐사 샘물, 500ml, 60개 39%19,470원 11,790원 (100ml당 39원) 내일(일) 도착 보장 5 (271858) 최대 590원 적립",,,,,
[자연실록] 동물복지 닭 다리살 300g (냉장),,,,,
[농심] 신라면 건면 큰사발 4입,,,,,
"냉장고쏙 롤드 오트, 600g, 1개 42%6,980원 3,980원 (100g당 663원) 내일(일) 도착 보장 4.5 (30456) 최대 199원 적립",,,,,
[모모스커피] 부산 블렌드 드립백 (10g X 15개),,,,,
[테라로사] 에티오피아 스페셜티 파우더 스틱&보틀 세트,,,,,
"웅진 맑게 우려낸 누룽지차, 500ml, 20개 54%28,600원 12,930원 (100ml당 129원) 내일(일) 도착 보장 새 상품, 반품-미개봉 (31) 최저12,280원 5 (29774) 최대 646원 적립",,,,,
[플라이밀] 마녀스프 3종 (택1),,,,,
"코스트코 맥코믹 어니언 크림 드레싱 1kg 683167, 1개 8,300원 (100g당 830원) 2/11(수) 도착 예정 5 (2622) 최대 415원 적립",,,,,
[풀무원] 짜먹는 나또 오리엔탈,,,,,
[헬리오스] 무설탕 과일잼 3종 (택1),,,,,
"대구농산 유기농 백미, 상등급, 4kg, 1개 24%24,900원 18,900원 (100g당 473원) 내일(일) 도착 보장 5 (3492) 최대 945원 적립",,,,,
[ORGA] 구워만든 우리쌀 전병 선물세트,,,,,
[커피리브레] 드립백 10g X 7개 5종(택1),,,,,
[정미소] 비단쌀 현미 2kg,,,,,
[자연담은] 국내산 현미 누룽지 800g,,,,,
"풀무원 특등급 콩물, 960g, 1개 4,980원 (100g당 519원) 내일(일) 새벽 도착 보장 4.5 (2910) 최대 249원 적립",,,,,
"움트리 육류n 생 와사비랑, 120g, 1개 4,510원 (10g당 376원) 내일(일) 도착 보장 5 (12248) 최대 225원 적립",,,,,
"바다원 깨끗한 올리브유 김자반볶음, 2개, 50g 5,500원 (10g당 550원) 내일(일) 새벽 도착 보장 5 (6713) 최대 275원 적립",,,,,
[내츄럴플러스] 100억 프로바이오틱스 혼합유산균 (60일분),,,,,
"건강곡간 영광 찰보리, 1kg, 1개 30%8,550원 5,980원 (100g당 598원) 내일(일) 새벽 도착 보장 5 (306) 최대 299원 적립",,,,,
"무료배송 양주골쌀, 10kg, 1개, 상등급 36,450원 (100g당 365원) 2/12(목) 도착 예정 5 (279) 최대 1,823원 적립",,,,,
친환경 쌈채소 모둠 200g,,,,,
[메디트리] 덴마크 유산균 골드 (30일분),,,,,
[브레댄코] 부시맨 모닝롤 (28g X 18개),,,,,
"햇반 백미밥, 210g, 24개 17%28,900원 23,950원 (100g당 475원) 내일(일) 도착 보장 5 (442771) 최대 1,198원 적립",,,,,
[마이노멀] 저당 초코잼 280g,,,,,
겨울향기 레몬청 950g,,,,,
MY FIRST 우리팥 한입 단팥빵 60g,,,,,
[밀키요]시그니처 수제 그릭요거트 100g,,,,,
[저스트그린] 셀러리 스틱 170g,,,,,
[선진포크한돈] 더 두툼한 삼겹살 구이용 400g,,,,,
유기농 딜 10g,,,,,
[프로즌프레시] 맛있는 녹즙 120ml 10개입 2종,,,,,
"상하목장 유기농 인증 그릭 요거트 블루베리 & 케일, 120g, 3개입, 1개 4,480원 (10g당 124원) 내일(일) 새벽 도착 보장 5 (1510) 최대 224원 적립",,,,,
[풀무원] 국산 숙주 260g,,,,,
[CU 픽업] 19크라임스 레드블렌드,,,,,
"가족 국내산 당도선별 안동 세척사과, 2kg(소과), 1개 18,790원 (100g당 940원) 내일(일) 새벽 도착 보장 4.5 (35623) 최대 940원 적립",,,,,
[CU 픽업] 주라12년셰리캐스크,,,,,
"상하목장 슬로우 무염버터, 200g, 1개 7,630원 (100g당 3,815원) 내일(일) 새벽 도착 보장 5 (3403) 최대 381원 적립",,,,,
[니아르] 브이케어 그레이프후르츠맛 28정,,,,,
[코타니] 칠리 페퍼론치니 38g,,,,,
[스프라우드] 비건 완두콩 두유 1L 4종 (택1),,,,,
루꼴라 30g,,,,,
[자연에찬] 한우 장조림,,,,,
[옆집꽃님이네] 섬마을 모듬 건어물,,,,,
[제주도니] 제주 1등급 한돈 앞다리 3종,,,,,
[뉴오리진] 베이비 프로바이오틱스 (30일분),,,,,
"불닭 소스 오리지널, 200g, 3개 35%12,600원 8,160원 (100g당 1,360원) 내일(일) 도착 보장 5 (83425) 최대 408원 적립",,,,,
[일상식탁] 오징어 김치전,,,,,
[자연담은] 저당혼합5곡 1kg,,,,,
[미도어묵] 어묵집 가래떡 650g,,,,,
"농심 신라면 120g, 10개 8,300원 (1개당 830원) 내일(일) 새벽 도착 보장 5 (70863) 최대 415원 적립",,,,,
[세노비스] 메가D 비타민D 2000IU (90일분),,,,,
"백설 콩기름, 900ml, 1개 33%5,180원 3,450원 (100ml당 383원) 내일(일) 새벽 도착 보장 5 (3726) 최대 173원 적립",,,,,
"무료배송 열두닭 오븐으로만 조리한 닭가슴살 오리지널 훈제맛, 100g, 50개 35%105,000원 67,270원 (100g당 1,345원) 2/11(수) 도착 예정 4.5 (2907) 최대 3,364원 적립",,,,,
[아임얼라이브] 콤부차 3종 250mL (택1),,,,,
[CU 픽업] 한 피노누아,,,,,
[돌쇠] 한우사골 곰탕,,,,,
[매일] 바이오 그릭 요거트 플레인 400g,,,,,
"클룹 애사비소다 오리지널 탄산음료, 500ml, 6개 52%18,000원 8,490원 (100ml당 283원) 내일(일) 도착 보장 새 상품, 반품-미개봉 (6) 최저8,060원 5 (22961) 최대 425원 적립",,,,,
[쿠스미티] 유기농 바닐라향 루이보스 2종,,,,,
[끌레르허니] 천연 꿀스틱 10포 (아카시아꿀 5포 + 야생화꿀 5포),,,,,
[스타우즈] 아스파라거스 칵테일 300g,,,,,
[키친고메] 굳지 않는 오색 꿀방울떡 1kg,,,,,
"천혜식품 노리 후리가케, 500g, 1개 7,790원 (10g당 156원) 내일(일) 새벽 도착 보장 4.5 (1419) 최대 390원 적립",,,,,
[집반찬연구소KIDS] 간장 어묵채 볶음 90g,,,,,
"무료배송 [햇곡] 국산 프리미엄 유기농 오색현미, 1개, 1kg 27%15,000원 10,900원 (100g당 1,090원) 2/10(화) 도착 예정 5 (242) 최대 545원 적립",,,,,
"국내산 대용량 참타리버섯, 500g, 1개 3,200원 (100g당 640원) 내일(일) 새벽 도착 보장 5 (20049) 최대 160원 적립",,,,,
[선물세트] 전통주 시트러스 한정판 신례명주 (50도 750mL),,,,,
[청정원] 화끈한매운갈비양념 500g,,,,,
불로초 비가림 감귤 600g (2S~M),,,,,
"곰곰 한돈 무항생제 인증 등심 잡채용 (냉장), 1개, 300g 7,310원 (100g당 2,437원) 내일(일) 새벽 도착 보장 5 (1288) 최대 365원 적립",,,,,
[오설록] 제주 화산우롱차 티백 (1.5g x 20개),,,,,
[도드람한돈] 삼겹살 구이용 500g (냉장),,,,,
"무료배송 오션푸드 한양식품 꽃보다오징어슬라이스 2봉 (230g+230g), 230g, 2개 15%45,000원 38,000원 (10g당 826원) 2/11(수) 도착 예정 5 (4528) 최대 1,900원 적립",,,,,
"티젠 콤부차 샤인머스캣, 5g, 30개입, 2개 쿠폰할인64%48,000원 16,980원 (10g당 566원) 내일(일) 도착 보장 5 (12924) 최대 849원 적립",,,,,
[일상味소] 절단 국거리 200g,,,,,
천홍 미니사과 500g (6~8입),,,,,
"더푸짐 한돈 양념 한입 찜갈비, 500g, 1팩 20%12,490원 9,990원 (100g당 1,998원) 내일(일) 새벽 도착 보장 4.5 (2973) 최대 500원 적립",,,,,
유기농 다진마늘 180g (냉동),,,,,
[오리온] 오징어땅콩 2종 (택1),,,,,
[솔가] 비타민D3 5000 120캡슐 (120일분),,,,,
"해쉬브라운 패티 트레이 20개입 (냉동), 1개, 1.28kg 7,990원 (100g당 624원) 내일(일) 새벽 도착 보장 5 (5096) 최대 400원 적립",,,,,
[매일] 아몬드 브리즈 초콜릿 (190mL X 24개),,,,,
[하드] 그뤼에르 200g,,,,,
[샘표] 순작 연근우엉차 티백 (0.8g X 40개),,,,,
[겐츠베이커리] 몽블랑 150g,,,,,
[KF365] 한돈 앞다리 수육용 600g~(냉장),,,,,
[건강한약속 바른] 바른매실효소 100포,,,,,
[메이준뉴트리] 상온발효 그릭요거트 스타터 (3g X 10포),,,,,
[토니스] 초코 론리 공정무역 초콜릿 5종 (택1),,,,,
"무료배송 조양FNG HACCP인증 국산 다진마늘, 1kg, 1개 12%15,000원 13,100원 (100g당 1,310원) 2/10(화) 도착 예정 4.5 (12407) 최대 504원 적립",,,,,
주스용 실속 사과 2kg,,,,,
[선물세트] Kurly's 1++ 특수부위 한마리 세트 (냉장) (예약일 수령),,,,,
[김미떡] 저당 앙금 미니 가래떡 400g 2종 (택 1),,,,,
[CU 픽업] 도마스가삭 로제 프리,,,,,
NEW! 1월 신상 간식 5종 (택1),,,,,
[아라찬] 수제 동태살 300g (냉동),,,,,
"소와나무 이태리안 피자치즈, 70g, 1개, 6개입 7,980원 (10g당 190원) 내일(일) 새벽 도착 보장 5 (2331) 최대 399원 적립",,,,,
"담터 꿀생강차, 1kg, 1개입, 2개 12%19,000원 16,560원 (10g당 83원) 내일(일) 도착 보장 4.5 (20803) 최대 828원 적립",,,,,
[선물세트] 삼청동 에그롤 오리지널 (30g x 10봉),,,,,
"무료배송 T standard 점보사이즈 구운 가염 캐슈넛 700g 간식 안주 코스트코, 1개 16%19,800원 16,490원 (100g당 2,356원) 2/11(수) 도착 예정 5 (175) 최대 825원 적립",,,,,
[홀베리] 1일 1레몬 유기농 레몬즙 25g 2종 (택1),,,,,
[덴마크] 드링킹 요구르트 납작복숭아 750mL,,,,,
[레인저스벨리] 호주산 흑소 MB3+ 본갈비살 구이용 200g,,,,,
[남양] 마시는 불가리스 딸기 (150mL X 4개),,,,,
"무료배송 화미 고백당, 8kg, 2개 할인12%18,540원 16,180원 (100g당 101원) 2/11(수) 도착 예정 5 (4149) 최대 809원 적립",,,,,
"조혜정의멸치연구소 황금비율 진한멸치 육수한알, 4g, 35개입, 1개 11,900원 (10g당 850원) 내일(일) 새벽 도착 보장 4.5 (11864) 최대 595원 적립",,,,,
[비비드키친] 저당 홀스래디쉬소스 265g,,,,,
[라빈리커픽업] 헤네시 X.O (꼬냑),,,,,
[네스프레소] 메이플 피칸향 커피 캡슐 (4.9g X 10개),,,,,
[삼립] 정통 크림빵 (75g X 8개입),,,,,
"메이플조 메이플 시럽, 150g, 1개 7,280원 (100g당 4,853원) 내일(일) 도착 보장 5 (13223) 최대 364원 적립",,,,,
"미떼 핫초코 오리지날, 17g, 40개입, 1개 11,010원 (10g당 162원) 내일(일) 도착 보장 5 (31774) 최대 550원 적립",,,,,
[Dole] 후룻컵 황도 198g,,,,,
[CU 픽업] 아린자노그란블랑코,,,,,
"푸드팩토리 원 컵 사과, 150g, 1개입, 1개 2,990원 (100g당 1,993원) 내일(일) 새벽 도착 보장 4.5 (537) 최대 150원 적립",,,,,
"오뚜기 직접 볶은 간짜장 고형, 212g, 2개 28%9,960원 7,100원 (100g당 1,675원) 내일(일) 도착 보장 5 (12022) 최대 355원 적립",,,,,
[CU 픽업] 샤토생컬럼멜롯,,,,,
"넛츠팜 프리미엄 믹스넛, 400g, 1개 15%15,900원 13,400원 (100g당 3,350원) 내일(일) 도착 보장 4.5 (4672) 최대 670원 적립",,,,,
"켈로그 고소한 현미 그래놀라 시리얼, 500g, 1개 29%9,680원 6,800원 (100g당 1,360원) 내일(일) 새벽 도착 보장 5 (17707) 최대 340원 적립",,,,,
"대구농산 건강한 밥상 혼합 26곡, 2kg, 1개 33%8,980원 5,980원 (100g당 299원) 내일(일) 새벽 도착 보장 4.5 (2690) 최대 299원 적립",,,,,
[선물세트] 삼진어묵 프리미엄 세트 1호 (예약일 수령),,,,,
[CU 픽업] 스텀프점프쇼블2입,,,,,
"서울우유 고칼슘 무가당 블랙9곡 두유, 190ml, 32개 17,050원 (100ml당 280원) 내일(일) 도착 보장 4.5 (6979) 최대 853원 적립",,,,,
[비브리브] 꼬박꼬밥 9종 (택1),,,,,
[호텔컬렉션] 명란왕교자 호만두,,,,,
"무료배송 스파클 생수 무라벨, 2L, 12개 할인31%9,250원 6,360원 (100ml당 27원) 2/10(화) 도착 예정 5 (545314) 최대 318원 적립",,,,,
[경주천년한우] 1++ 한우 채끝 구이용 200g (냉장),,,,,
"그린너트 임페리얼너츠 견과세트 625g, 1세트 32%43,900원 29,670원 (1세트당 29,670원) 내일(일) 도착 보장 4.5 (5804) 최대 1,409원 적립",,,,,
[해태] 에이스 364g (24g x 15봉지),,,,,
"경인 혼합탈지분유, 1kg, 1개 13,000원 (10g당 130원) 내일(일) 도착 보장 4.5 (158) 최대 650원 적립",,,,,
[인텔리젠시아] 블랙캣 디카페인 콜드브루 500mL,,,,,
[올가] 100% 순수한 과일칩 3종 (택1),,,,,
[오사닛] 이앓이 캔디,,,,,
[헤베커피] 콜롬비아 디카페인 원두 200g,,,,,
[유유제약] 카카홀릭 키즈 멀티바이오자임 효소 30포,,,,,
"썬키스트 캘리포니아 감귤 만다린, 1kg, 1개 할인33%10,480원 6,980원 (100g당 698원) 내일(일) 새벽 도착 보장 4.5 (2643) 최대 349원 적립",,,,,
"오뚜기 오동통면 120g, 10개 7,700원 (1개당 770원) 내일(일) 새벽 도착 보장 5 (1975) 최대 385원 적립",,,,,
[닥터메타] 폴리케어 부스터 (30일분),,,,,
"크래미, 90g, 2개 2,420원 (100g당 1,344원) 내일(일) 새벽 도착 보장 5 (64962) 최대 121원 적립",,,,,
[어니스트그릭] 그릭요거트 플레인 오리지널 350g,,,,,
[26년 설] [CU 픽업] 느린마을증류주SET,,,,,
[태우한우] 한우 우족 2kg,,,,,
[벨지오이오소] 블랙트러플 부라타 226g,,,,,
[CU 픽업] 다니엘부쥬ROYAL,,,,,
무농약 원료 인증 다진생강 180g (냉동),,,,,
마라탕&훠궈 부재료 골라담기 18종 (택1),,,,,
풋고추 100g,,,,,
[이영애의 건강미식] 효소 30포 3종 (택1),,,,,
"황금이네 생강청, 600g, 1개입, 1개 43%33,200원 18,900원 (10g당 315원) 내일(일) 도착 보장 5 (4840) 최대 803원 적립",,,,,
"명품조선막창 오븐에 구운 돼지막창 400g + 소스 100g 세트 (냉동), 1세트 11,500원 내일(일) 새벽 도착 보장 5 (6976) 최대 575원 적립",,,,,
[정원삼] 홍삼이뮨부스터 (7일분),,,,,
[드시모네] 프라임 유산균 (100일분),,,,,
[매일] 진짜 과즙을 넣은 딸기&바나나 우유 2종 (택1),,,,,
[숭의가든] 한돈 목살 양념 구이 690g,,,,,
[설혜담] 침향환 골드 프리미엄 100환,,,,,
[CU 픽업] 일라이저크레이그스몰,,,,,
[일일곡식] 새싹보리로 가뿐한 아침 귀리쉐이크 1kg,,,,,
"넛츠데이 패밀리넛츠 믹스넛, 20g, 20개 13,400원 (100g당 3,350원) 내일(일) 새벽 도착 보장 5 (205) 최대 670원 적립",,,,,
"자가비 짭짤한 맛 3p, 90g, 6개 13,860원 (10g당 257원) 내일(일) 도착 보장 5 (19065) 최대 693원 적립",,,,,
[안국건강] 루테인미니100 (60일분),,,,,
[햇살굽는집] 우리밀 크림치즈 깜빠뉴 240g,,,,,
제주 친환경 깐쪽파 200g,,,,,
"티바인 국산 수제 생강차 무설탕 생강청 생강원액, 1개, 1개입, 590g 할인37%16,900원 10,560원 (10g당 179원) 내일(일) 도착 보장 4.5 (529) 최대 500원 적립",,,,,
"폰타나 모데나 발사믹 식초 실버라벨, 250ml, 1개 30%9,980원 6,980원 (10ml당 279원) 내일(일) 도착 보장 새 상품, 반품-미개봉 (20) 최저6,630원 5 (10697) 최대 349원 적립",,,,,
"두보식품 하루한콩 히말라야 핑크 솔트를 뿌린 구운 서리태, 330g, 1개 13,900원 (100g당 4,212원) 내일(일) 도착 보장 4.5 (1740) 최대 695원 적립",,,,,
[KF365] 노르웨이 생연어횟감 400g (냉장),,,,,
[바다해] 담백한 구운 아귀채,,,,,
[라빈리커픽업] 글렌 모렌지 14년 퀸타루반 (위스키),,,,,
"메이리 마라소스, 950g, 1개 6,960원 (100g당 733원) 내일(일) 도착 보장 4.5 (2839) 최대 348원 적립",,,,,
"다향 훈제오리, 600g, 1개 쿠폰할인4%14,040원 13,400원 (100g당 2,233원) 내일(일) 새벽 도착 보장 5 (28825) 최대 670원 적립",,,,,
[조선델리] 조선호텔 파운드 2구 세트 735g,,,,,
"방패차 분홍이차 슈가컷팅레시피 돼지감자차 여주차 바나바잎 수국잎 건강차 티백 무당 슈가프리, 1.7g, 20개입, 1개 7%24,000원 22,150원 (10g당 6,515원) 내일(일) 도착 보장 4.5 (1816) 최대 1,108원 적립",,,,,
"아산율림 깐은행, 250g, 1개 9,800원 (100g당 3,920원) 내일(일) 새벽 도착 보장 4.5 (4335) 최대 490원 적립",,,,,
"너츠브라더 요거트에 빠진 건포도, 300g, 1개 8,900원 (100g당 2,967원) 내일(일) 도착 보장 4.5 (151) 최대 445원 적립",,,,,
비트 1입,,,,,
"청정원 허브맛솔트 마늘&양파, 52g, 1개 4%2,840원 2,700원 (100g당 5,192원) 내일(일) 새벽 도착 보장 5 (1855) 최대 135원 적립",,,,,
[CU 픽업] 폴라라임즈스트로베리,,,,,
[자연공유] 곤약쫀득이 종합세트 20개입,,,,,
[백설] 너비아니 560g,,,,,
"무료배송 최상급 황태채 황태포 용대리 황태 국내건조 500g 200g, 1개 할인20%40,000원 32,000원 (100g당 6,400원) 2/10(화) 도착 예정 5 (1447) 최대 1,600원 적립",,,,,
"아임피쉬 깔끔한 손질 동태 (냉동), 1개, 1kg 쿠폰할인27%7,900원 5,700원 (10g당 57원) 내일(일) 새벽 도착 보장 4.5 (467) 최대 285원 적립",,,,,
더 달콤한 무농약 숙성 고구마 1.5kg,,,,,
"하림 닭다리 (냉장), 600g, 2팩 15,670원 (100g당 1,306원) 내일(일) 새벽 도착 보장 5 (2663) 최대 784원 적립",,,,,
[믹솔로지] 스모키 얼그레이 시럽 1L,,,,,
"미닛메이드 토마토 주스, 1.5L, 12개 21,100원 (100ml당 117원) 내일(일) 도착 보장 5 (5017) 최대 1,055원 적립",,,,,
"웰그레인 병아리콩, 1kg, 1개 5%4,200원 3,980원 (100g당 398원) 내일(일) 도착 보장 5 (2981) 최대 199원 적립",,,,,
[선물세트] [전통주] 옹기증류주 산사로 (25도 2000mL),,,,,
"담터 꿀유자차A, 1kg, 1개, 1개입 6,750원 (10g당 68원) 내일(일) 새벽 도착 보장 5 (808) 최대 338원 적립",,,,,
[라빈리커픽업] 엑스레이티드 (리큐르),,,,,
[토레스] 셀렉타 블랙트러플 포테이토칩 125g,,,,,
[크림서울] 바질 크림 떡볶이,,,,,
[김구원선생] 100% 국산 도토리묵 묵사발,,,,,
"곰곰 국산통들깨 가루, 150g, 1개 31%11,000원 7,520원 (100g당 5,013원) 내일(일) 새벽 도착 보장 5 (320) 최대 376원 적립",,,,,
"고래사어묵 김치우동전골 밀키트 (냉동), 740g, 1개 11,900원 (100g당 1,608원) 내일(일) 새벽 도착 보장 5 (1251) 최대 535원 적립",,,,,
"국내산 아욱, 300g, 2개 6,960원 (100g당 1,160원) 내일(일) 새벽 도착 보장 4.5 (27926) 최대 348원 적립",,,,,
"무료배송 하리보 사운드큐브 사우어 젤리, 80g, 3개 5,990원 (10g당 250원) 2/10(화) 도착 예정 5 (129) 최대 300원 적립",,,,,
[모모스커피] 버라이어티 드립백 7개입,,,,,
[진가네반찬] 어묵간장볶음,,,,,
[만전김] 슈퍼초이스 감태김 20g X 3봉,,,,,
"칠성사이다 제로, 500ml, 6개 6,900원 (100ml당 230원) 내일(일) 도착 보장 새 상품, 반품-미개봉 (5) 최저6,550원 5 (39546) 최대 345원 적립",,,,,
[KF365] 에어프라이어용 통 닭안심살 치킨까스 500g,,,,,
"곰곰 한돈 삼겹살 수육용 (냉장), 500g, 1개 19%15,590원 12,590원 (100g당 2,518원) 내일(일) 새벽 도착 보장 4.5 (2667) 최대 630원 적립",,,,,
[바름팜] 제주에서 온 친환경 코울슬로 믹스 200g,,,,,
[청오] 유기농 발아 참깨로 만든 발아 참기름2종,,,,,
[이웃집통통이] 벽돌 초콜릿 케이크 435g,,,,,
[선물세트] 맛의명태자 THE 밸류 세트 1호,,,,,
[와인앤모어픽업]루이자도 부르고뉴 피노누아 ((와인)),,,,,
[올가담] 크림치즈 곶감 말이 (10구),,,,,
[KF365] 닭 통다리 600g (냉장),,,,,
[26년 설] [CU 픽업] 발렌타인17년700ml,,,,,
[신의주 찹쌀순대] 얼큰 순대국,,,,,
[KART] 통안심살이 통통 치킨텐더,,,,,
[STOM] 스톰 식이섬유정 60정,,,,,
[자연다움] 바로 먹는 퀵오트밀 1.8kg,,,,,
"무료배송 손으로 직접 뜬 국내 손질 A급 냉동 동태포(명태포) 950g (동태전 명태전 모듬전 명절 제사음식), 1개, 950g 내외 할인12%14,300원 12,580원 (100g당 1,324원) 2/10(화) 도착 예정 4.5 (143) 최대 629원 적립",,,,,
"오리온 치킨팝 닭강정맛, 65g, 6개 5,820원 (10g당 149원) 내일(일) 도착 보장 5 (10234) 최대 291원 적립",,,,,
"크래미, 90g, 4개 4,600원 (100g당 1,278원) 내일(일) 새벽 도착 보장 5 (64964) 최대 230원 적립",,,,,
[선물세트] 일상味소 시그니처 구이 세트 (냉장),,,,,
[선물세트] 프리미엄 세지 멜론 2입 세트 (보자기 제공),,,,,
"건강곡간 치아씨드 통, 500g, 1개 7,980원 (100g당 1,596원) 내일(일) 도착 보장 5 (1723) 최대 399원 적립",,,,,
[CU 픽업] 미야사카야마다니시키,,,,,
[백설] 돼지불고기양념 500g,,,,,
[베베피쉬] 이유식용 국산 다짐살 9종 90g (냉동) (택1),,,,,
"진천증평농협 2025년산 햅쌀 생거진천쌀, 10kg, 1개, 특등급 37,900원 (100g당 379원) 내일(일) 도착 보장 5 (4185) 최대 1,895원 적립",,,,,
"독정RPC 경기미 찰진쌀 미호, 10kg, 1개, 특등급 21%43,000원 33,900원 (100g당 339원) 내일(일) 도착 보장 4.5 (1646) 최대 1,695원 적립",,,,,
[대상웰라이프] 뉴케어 식이섬유 10g 2종 (택1) 6입,,,,,
[올리비바] 오히블랑카 엑스트라버진 올리브유 스틱 (10g x 28포),,,,,
[뉴오리진] 식물성 알티지 오메가3 선물세트 (90일분),,,,,
[메디웰] 감사 선물세트 2호,,,,,
"무료배송 [3일간초특가] A급 고당도 못난이 사과, 1개, 5kg 쿠폰할인58%57,900원 23,900원 (100g당 478원) 2/11(수) 도착 예정 5 (39) 최대 1,195원 적립",,,,,
"해의락 한겨울 광천김, 4g, 16개 5,290원 (10g당 827원) 내일(일) 도착 보장 5 (4541) 최대 265원 적립",,,,,
"무료배송 냉동 두리안 450g, 2개 할인18%28,000원 22,790원 (100g당 2,532원) 2/10(화) 도착 예정 4.5 (2163) 최대 1,080원 적립",,,,,
"크라운 카라멜콘 메이플, 74g, 4개 33%6,000원 4,000원 (10g당 135원) 내일(일) 도착 보장 5 (13126) 최대 200원 적립",,,,,
[제주애월아빠들] 구엄닭 방목 유정란,,,,,
[한생] 페페론치노홀,,,,,
[26년 설] [CU 픽업] 닛카미야기쿄싱글몰트,,,,,
[백설] 알룰로스 700g,,,,,
[떡미당] 백설기 2종 (택1),,,,,
"무료배송 [난각번호1번] 자유방목 유정란 계란 특란, 1개, 40구 할인38%33,900원 20,800원 (1구당 520원) 2/10(화) 도착 예정 4.5 (1747) 최대 1,040원 적립",,,,,
"곰곰 동물복지 백색 유정란, 10구, 1개 5,450원 (1구당 545원) 내일(일) 새벽 도착 보장 5 (2932) 최대 273원 적립",,,,,
[다미원] 반건조 손질 민어 230g (냉동),,,,,
[고메공방] 쑥쓰러운 쑥찐빵 (50g X 8개입),,,,,
"머거본 믹스파티 믹스넛, 800g, 1개 21%11,000원 8,670원 (100g당 1,084원) 내일(일) 새벽 도착 보장 4.5 (183) 최대 434원 적립",,,,,
[한국야쿠르트] 슈퍼100 그릭요거트 100g,,,,,
"무료배송 돌자반볶음 (대표 미스김자반) 업소용 대용량 1키로 1봉, 1kg, 1개 29%28,000원 19,880원 (10g당 199원) 2/11(수) 도착 예정 4.5 (278) 최대 994원 적립",,,,,
[본죽키즈] 소고기 미니 장조림,,,,,
"고급진 한돈 양념LA갈비 (냉장), 1kg, 1개 25%22,000원 16,400원 (100g당 1,640원) 내일(일) 새벽 도착 보장 4.5 (2394) 최대 820원 적립",,,,,
[풀무원] 해물 순두부찌개 양념 140g,,,,,
[KF365] 완숙토마토 2kg,,,,,
[선물세트] 횡성축협한우 1등급 실속 세트 1호 (냉장) (예약일 수령),,,,,
세발나물 150g,,,,,
[CU 픽업] 간바레오또상 900*6팩,,,,,
"무료배송 기픈물 저스트 종이팩 해양심층수, 500ml, 30개 19,690원 (100ml당 131원) 2/12(목) 도착 예정 5 (8892) 최대 985원 적립",,,,,
"정관장 정품 활기력 JOY + 쇼핑백, 20ml, 16개 할인38%44,000원 26,900원 (100ml당 8,406원) 내일(일) 도착 보장 4.5 (2436) 최대 1,345원 적립",,,,,
[커피스니퍼] 블렌드 드립백 12g X 4개입 4종(택1),,,,,
[바름팜] 친환경 콜라비 1kg,,,,,
"생생포크 한돈 무항생제 인증 뒷다리 다짐육 (냉장), 500g, 1팩 26%10,680원 7,800원 (100g당 1,560원) 내일(일) 새벽 도착 보장 5 (2868) 최대 390원 적립",,,,,
[드시모네] 베이비 스텝1 유산균 (30일분),,,,,
"무료배송 [산지직송] 고당도 하우스 설향 딸기 brix 12-15, 1개, 딸기 1kg(2팩) 쿠폰할인31%35,000원 23,900원 (100g당 4,780원) 2/10(화) 도착 예정 4.5 (581) 최대 1,195원 적립",,,,,
[성지농장] 동물복지 한돈 등심 잡채용 300g (냉장),,,,,
냉동 한라봉 1kg (국내산),,,,,
[라빈리커픽업]글렌글라사 12년 (위스키),,,,,
친환경 간편 단호박 2종,,,,,
[전통주] 가평소주 (25도 375mL),,,,,
[바이오가이아] 가스트러스 타블렛 (30일분),,,,,
[차려낸] 국물이 진한 한우 사골 미역국,,,,,
[차합시다] 양평 수제 대추씨차 100g,,,,,
[우물우물] 홍진미 오징어채,,,,,
[크래프트 하인즈] 스위트 콘 270g,,,,,
"하인즈 버거소스, 230g, 1개 3,280원 (100g당 1,426원) 내일(일) 새벽 도착 보장 4.5 (4762) 최대 164원 적립",,,,,
[진실된손맛] 달래장 나물 비빔밥세트,,,,,
"해태제과 자가비 짭짤한 맛 3p, 90g, 4개 9,540원 (10g당 265원) 내일(일) 도착 보장 5 (19065) 최대 477원 적립",,,,,
"무료배송 [오늘하루 타임특가] 당도선별 초고당도 부사못난이사과 초특가할인, 1박스, 3kg 할인44%24,900원 13,900원 (100g당 463원) 2/20 도착 예정 4.5 (49) 최대 695원 적립",,,,,
"한끼통살 닭가슴살 볼 왕갈비맛 (냉동), 100g, 1개입, 5개 9,500원 (100g당 1,900원) 내일(일) 새벽 도착 보장 5 (767) 최대 475원 적립",,,,,
[26년 설] [CU 픽업] 달모어포트우드리저브,,,,,
"핫식스 더킹 애플홀릭, 24개, 355ml 20,120원 (100ml당 236원) 내일(일) 도착 보장 새 상품, 반품-미개봉 (33) 최저10,900원 5 (1017) 최대 1,006원 적립",,,,,
"코카콜라 제로, 350ml, 24개 19,340원 (100ml당 230원) 내일(일) 도착 보장 새 상품, 반품-미개봉 (31) 최저17,630원 5 (97286) 최대 967원 적립",,,,,
[CU 픽업] 코퍼독700ml,,,,,
[비비고] 한입떡갈비 490g,,,,,
[자연담은] 누룽지향 고향 현미찹쌀 2kg,,,,,
"무료배송 [타임특가] 몬딱제주 농장직송 고당도 감귤 중대과 가성비10kg, 1박스, 중대과 10kg 할인40%32,000원 18,900원 (100g당 189원) 2/12(목) 도착 예정 4 (353) 최대 945원 적립",,,,,
[HBAF] 매일 색다른 먼투썬 하루견과 6주 (20gX42봉),,,,,
[삼원가든] 양념갈비 꽃살,,,,,
[외할머니댁] 차돌 청국장,,,,,
[커피빈] 바닐라 라떼 파우치 (190mL X 10개),,,,,
[키혼] 니꾸카레 200g (우삼겹카레),,,,,
[YOZM] 카페라떼 그릭요거트 100g,,,,,
[아리울떡공방] 굳지않는 담백한 콩쑥개떡 350g (지퍼백),,,,,
"무료배송 [한정특가] VIP 프리미엄 곶감 선물세트, 1박스, 20구(도자기동봉) 쿠폰할인50%39,900원 19,880원 (100g당 3,058원) 2/11(수) 도착 예정 5 (66) 최대 994원 적립",,,,,
"순작 도라지생강차 원물, 55g, 1개입, 1개 18%12,490원 10,210원 (10g당 1,856원) 내일(일) 도착 보장 4.5 (2238) 최대 510원 적립",,,,,
[홍쌍리] 청매실농원 청매실원 420mL,,,,,
[선물세트] 네이처메이드 멀티 포 우먼(60일분)+멀티 포 맨(60일분),,,,,
[조선델리] 마카다미아 치즈 아이스크림케이크 1065mL,,,,,
[일 티넬로 델 발사미코] 발사믹 글레이즈,,,,,
[포스트] 그래놀라 카카오 호두 510g,,,,,
"고메넛츠, 250g, 1개 36%30,000원 19,000원 (100g당 7,600원) 내일(일) 새벽 도착 보장 4.5 (1561) 최대 950원 적립",,,,,
"온가족 그릭요거트, 100g, 1개 2,970원 (10g당 297원) 내일(일) 새벽 도착 보장 5 (16113) 최대 149원 적립",,,,,
[그릭데이] 그릭요거트 라이트 100g,,,,,
[오뚜기]X.O.감자떡만두 2종,,,,,
"해태제과 홈런볼 초코, 41g, 8개 8,200원 (10g당 250원) 내일(일) 새벽 도착 보장 5 (18801) 최대 381원 적립",,,,,
[라빈리커픽업][뱅베 내추럴특가] 베를리치 글룩 20 (와인),,,,,
"비비고 직화 참기름김, 54g, 1개 6,850원 (10g당 1,269원) 내일(일) 도착 보장 5 (22041) 최대 343원 적립",,,,,
[청정원] 한우불고기양념 250g (냉장),,,,,
"풀무원 정통 순두부찌개 킷 2인분, 602g, 1개 13%4,600원 3,990원 (100g당 663원) 내일(일) 새벽 도착 보장 5 (8567) 최대 200원 적립",,,,,
"무료배송 [3일간초특가] 고당도 제주 감귤 15브릭스 이상, 1개, 10kg 안전포장 쿠폰할인55%39,900원 17,900원 (100g당 179원) 2/13(금) 도착 예정 4 (82) 최대 895원 적립",,,,,
"비비고 찰보리 감자만두 (냉동), 400g, 2개입 12%9,980원 8,700원 (100g당 1,088원) 내일(일) 새벽 도착 보장 5 (16284) 최대 435원 적립",,,,,
"농협 EPC 무항생제 인증 대란 1.56kg, 30구, 1개 9,990원 (1구당 333원) 내일(일) 새벽 도착 보장 5 (7423) 최대 500원 적립",,,,,
"무료배송 남해안 새꼬막 기본, 1개, 3kg 할인40%24,900원 14,900원 (100g당 497원) 2/12(목) 도착 예정 4 (2258) 최대 581원 적립",,,,,
[아마노야] 히메마루 쌀과자 2종 (택1),,,,,
"서울우유 커피, 200ml, 8개 7,750원 (100ml당 484원) 내일(일) 새벽 도착 보장 5 (71191) 최대 388원 적립",,,,,
[포트'럭] 남해안 홍가리비 2종 (생물) (택1),,,,,
[CU 픽업] 프레스코포미노,,,,,
[미자언니네] 일품 한우 양지미역국,,,,,
[풀무원다논] 그릭요거트 3종 (90g X 8개) (택1),,,,,
[Kurly's] 순살 생선 4종 (택1),,,,,
[Picard] 미니 버터 뺑 오 쇼콜라,,,,,
[목우촌] 뚝심 200g x 4캔,,,,,
[이금기] 훠궈 마라탕 소스 2종 (1-2단계),,,,,
[아우름] 용궁에서 온 반반 잉어빵 (70g X 5개),,,,,
"복음자리 과일 99% 딸기 듬뿍 생생과일잼, 380g, 1개 10,900원 (100g당 2,868원) 내일(일) 새벽 도착 보장 4.5 (8341) 최대 545원 적립",,,,,
[CU 픽업] 크레스만마고,,,,,
[퍼니트] 효소 3종,,,,,
[Kiri] 베이크 치즈타르트 (40g X 5개입),,,,,
[이호] 손질 참가자미 280g (생물),,,,,
[전주 베테랑] 즉석우동 2인분,,,,,
"풀무원 하루 요거트 설탕 무첨가 플레인 16개입, 1.28kg, 1개 할인10%7,580원 6,780원 (10g당 53원) 내일(일) 새벽 도착 보장 5 (2331) 최대 339원 적립",,,,,
"사랑해어 가시없는 코다리 순살 (냉동), 200g, 3개 10,900원 (100g당 1,817원) 내일(일) 새벽 도착 보장 5 (614) 최대 495원 적립",,,,,
[한일관] 꿀 불고기,,,,,
[천호엔케어] 생생배도라지진액 15포,,,,,
[KF365] 생 안심 돈까스 480g (120g*4입)(냉장),,,,,
[선물세트] 전통주 들국화술 (12도 700ml),,,,,
[선물세트][전통주] 복순도가 손막걸리 6입,,,,,
[라코스테냐] 할라페뇨 페퍼 슬라이스,,,,,
[라빈리커픽업][설 2본 선물] 마르케스 데 리스칼 set (와인),,,,,
"머거본 커피땅콩, 60g, 6개 4,800원 (100g당 1,333원) 내일(일) 도착 보장 4.5 (977) 최대 240원 적립",,,,,
"무료배송 [개별급속동결] 2025년 수확 A등급 미국산 세척 냉동 블루베리, 2개, 1kg 24%32,800원 24,800원 (100g당 1,240원) 2/11(수) 도착 예정 4.5 (1107) 최대 1,240원 적립",,,,,
[세컨룸] 보일링 씨푸드,,,,,
[라빈리커픽업][설 선물] 샤또 그랑 바라이 라마젤 피작 생떼밀리옹 그랑크뤼 (와인),,,,,
"청정원 명가 소불고기 양념, 500g, 1개 7%3,400원 3,130원 (100g당 626원) 내일(일) 도착 보장 5 (15028) 최대 156원 적립",,,,,
"무료배송 햇 구운호박씨 1kg 특AA급 호박씨 볶음 볶은, 1개 12,900원 (100g당 1,290원) 2/11(수) 도착 예정 4.5 (2288) 최대 645원 적립",,,,,
매운맛 불고추 80g,,,,,
"새미네부엌 국간장, 450ml, 1개 1%4,400원 4,320원 (100ml당 960원) 내일(일) 새벽 도착 보장 5 (986) 최대 216원 적립",,,,,
[한국야쿠르트] 윌 에코 저지방 (180mL x 4개),,,,,
"[티젠] 콤부차 스타터팩 20스틱입 (레몬,파인애플,샤인머스캣,매실,요구르트)",,,,,
"건조 크랜베리, 1kg, 2개 25,300원 (100g당 1,265원) 내일(일) 새벽 도착 보장 5 (10893) 최대 1,265원 적립",,,,,
[종근당건강] 락토핏 골드 유산균 (50일분),,,,,
"바른곡물 국산 무농약 찹쌀, 1kg, 1개 33%11,980원 7,980원 (100g당 798원) 내일(일) 도착 보장 5 (2551) 최대 399원 적립",,,,,
"야마끼 하나 가쓰오부시 토핑용 앤 육수용, 150g, 1개 9,980원 (100g당 6,653원) 내일(일) 도착 보장 4.5 (613) 최대 499원 적립",,,,,
[오뚜기] 콕콕콕 라면볶이 큰컵 120G,,,,,
[백설] 발사믹드레싱 250g,,,,,
[어니스트그릭] 커피맛 그릭요거트 100g,,,,,
[CU 픽업] 파머스립필러박스레드,,,,,
[스윗볼] 스테비아 토마토 3종,,,,,
[나폴레옹] 산딸기 크림치즈롤케이크 395g,,,,,
[선물세트]  닥터넛츠 프리미엄 견과&밤양갱 선물세트,,,,,
[CU 픽업] 오프리30년,,,,,
"삼립 추억의 옛날 꿀호떡, 1.12kg, 1개입, 1개 9,400원 (10g당 84원) 내일(일) 새벽 도착 보장 5 (66392) 최대 470원 적립",,,,,
[압구정포차] IQF 닭 오도독 연골구이 오리지널 400g,,,,,
[하동권여사] 하동녹차 명란김 16봉,,,,,
[콤비타] UMF5+ 250g + umf 5+ 사셰 14개입 선물세트,,,,,
"머거본 믹스파티 믹스넛, 800g, 2개 24%22,000원 16,540원 (100g당 1,034원) 내일(일) 도착 보장 4.5 (10464) 최대 827원 적립",,,,,
[ORGA] 옥수수식빵 240g,,,,,
"무료배송 [한정판매] 최고15brix 제주감귤 갓 재배한 햇귤, 1박스, 중대과 10kg 17,490원 (100g당 175원) 2/13(금) 도착 예정 3 (245) 최대 875원 적립",,,,,
[CU 픽업] 핑팩720ml*2입,,,,,
"양반 볶음김치, 160g, 4개 49%14,000원 7,140원 (100g당 1,116원) 내일(일) 도착 보장 4.5 (8057) 최대 357원 적립",,,,,
[사조] 살코기참치 85g*4캔 (안심따개),,,,,
[CU 픽업] 뽀므리요시키에디션,,,,,
[후쿠오카 함바그] 함박 스테이크,,,,,
[선물세트] 참앤들황토농원 생 칡즙 30포,,,,,
"냉장고쏙 볶은 아마씨, 700g, 1개 39%9,900원 5,980원 (100g당 854원) 내일(일) 도착 보장 새 상품, 반품-미개봉 (4) 최저5,680원 4.5 (5189) 최대 299원 적립",,,,,
[카야하우스] 싱가포르 카야잼 2종 (택1),,,,,
[PPUL] 1++(9) 한우 필렛미뇽 스테이크 150g (냉장),,,,,
[비스퀴테리 엠오] 미니 마들렌 4종 (택1),,,,,
"하이프루츠 시나노골드 사과, 1.5kg(소과, 8~9입), 1개 12,810원 (100g당 854원) 내일(일) 새벽 도착 보장 4.5 (1404) 최대 640원 적립",,,,,
[KF365] 유기농 백미 2kg,,,,,
[횡성축협한우] 1++ 한우 치마살 200g (냉장),,,,,
[선물세트] 사미헌 한우 곰탕 & 꼬리곰탕 세트 (4입),,,,,
[메종엠오] 마들렌 스페셜 에디션 170g,,,,,
[덴로쿠] 스낵 믹스팩 294g,,,,,
"오뚜기 카레 순한맛, 100g, 3개 38%8,340원 5,100원 (100g당 1,700원) 내일(일) 도착 보장 5 (26182) 최대 255원 적립",,,,,
"씻어나온 영양 찰 혼합 7곡, 800g, 1통 8,980원 (100g당 1,123원) 내일(일) 새벽 도착 보장 5 (12113) 최대 449원 적립",,,,,
"담터 호두 아몬드 율무차, 18g, 50개입, 2개 21%29,800원 23,300원 (10g당 129원) 내일(일) 도착 보장 5 (128559) 최대 1,165원 적립",,,,,
"국내산 대용량 참타리버섯, 500g, 2개 6,200원 (100g당 620원) 내일(일) 새벽 도착 보장 5 (20048) 최대 310원 적립",,,,,
"MORN 스위트 칠리소스, 240ml, 3개 6,960원 (100ml당 967원) 내일(일) 도착 보장 5 (54046) 최대 348원 적립",,,,,
[청오] 유기농 순 발아 아이보리차 티백 (10g X 15개),,,,,
[RARE : 레어] 1++(8) 한우 아스파라거스 말이 150g,,,,,
[26년 설] [CU 픽업] 제임슨스탠다드700,,,,,
"무료배송 다시다 명품 골드 쇠고기, 250g, 1개 할인25%11,970원 8,870원 (10g당 355원) 2/10(화) 도착 예정 5 (7065) 최대 444원 적립",,,,,
[종근당] 이뮨 듀오 멀티비타 칼슘 마그네슘 비타민D (7일분),,,,,
"미국산 삼겹살 수육보쌈용 (냉장), 1개, 600g 18%12,480원 10,220원 (100g당 1,703원) 내일(일) 새벽 도착 보장 4.5 (2818) 최대 511원 적립",,,,,
"풀무원 GAP 인증 통통 아삭 콩나물, 300g, 1개 1,550원 (100g당 517원) 내일(일) 새벽 도착 보장 4.5 (157) 최대 78원 적립",,,,,
"허쉬 초코 시럽, 623g, 1개 5,170원 (100g당 830원) 내일(일) 새벽 도착 보장 5 (1103) 최대 259원 적립",,,,,
"건강곡간 제주 찰기장, 1kg, 1개 17,900원 (100g당 1,790원) 내일(일) 도착 보장 5 (2583) 최대 895원 적립",,,,,
[CU 픽업] 다카라후쿠오카딸기,,,,,
[CU 픽업] 로얄브라클라21년700ml,,,,,
[강창구찹쌀진순대] 찹쌀 진순대국,,,,,
[롯데] 꼬깔콘 매콤달콤한맛 67g,,,,,
생 아구르 크림,,,,,
[리틀 후쿠오카] 매운 돈코츠 라멘,,,,,
"해저식품 광천해저 뿌려먹는 김가루, 2개, 70g 7,520원 (10g당 537원) 내일(일) 새벽 도착 보장 5 (6917) 최대 376원 적립",,,,,
[도시곳간] 마늘쫑무침,,,,,
[비스퀴테리 엠오] 피스타치오 체리 파이 60g,,,,,
무항생제 한돈 대패 앞다리살 600g,,,,,
"무료배송 푸드팜 브라질너트 완태, 500g, 1개 22,800원 (100g당 4,560원) 2/10(화) 도착 예정 4.5 (3366) 최대 1,140원 적립",,,,,
[와인앤모어픽업]따발리 베타스 블랑카스 쉬라 ((와인)),,,,,
[미자언니네 장아찌] 청양고추 멸치 비빔장,,,,,
"오뚜기옛날 중국식18mm 넓은당면, 300g, 2개 17%8,560원 7,040원 (100g당 1,173원) 내일(일) 도착 보장 4.5 (2649) 최대 352원 적립",,,,,
[풀무원] 식물성 지구식단 유니짜장면 2인분,,,,,
"동서 현미녹차 티백, 1.5g, 50개입, 1개 3,800원 (10g당 507원) 내일(일) 새벽 도착 보장 5 (385) 최대 190원 적립",,,,,
[카메다] 쯔마미타네 120g,,,,,
[CU 픽업] 생감귤하이볼500*24캔,,,,,
[CU 픽업] 샴페인 호스톰 블랑 드 블랑,,,,,
[해태] 누가바 (70mL X 6개입),,,,,
[머거본] 커피땅콩 300g,,,,,
"곰곰 고소한 보리차 무라벨, 12개, 1.5L 50%24,000원 11,790원 (100ml당 66원) 내일(일) 도착 보장 5 (19571) 최대 590원 적립",,,,,
[샘표] 순작 통현미 가득 밤마차 (20g X 10개),,,,,
"샐러드용 양배추 채, 1kg, 1팩 5,290원 (100g당 529원) 내일(일) 새벽 도착 보장 4.5 (110795) 최대 265원 적립",,,,,
[벤슨] 민트초콜릿 & 쿠키 아이스크림 2종,,,,,
[정호영셰프의 우동카덴] 소고기 카레우동,,,,,
[일양약품] 마그네슘 스피드액 (14일분),,,,,
"무료배송 우농 25년산 햇 볶음땅콩 (관땅콩), 1개, 3.75kg 할인17%27,700원 22,850원 (100g당 609원) 2/11(수) 도착 예정 4.5 (1116) 최대 1,143원 적립",,,,,
"아이엠소스 토스트소스, 500g, 1개 할인23%12,000원 9,210원 (100g당 1,842원) 내일(일) 도착 보장 4.5 (6348) 최대 460원 적립",,,,,
"더미식 장인라면 담백한맛 113g, 4개 5,630원 (1개당 1,408원) 내일(일) 도착 보장 4.5 (9269) 최대 281원 적립",,,,,
[폴 바셋] 디카페인 시그니처 블렌드 원두 200g,,,,,
[CU 픽업] 19크라임스 피노누아,,,,,
[차려낸] 살얼음 육수 냉메밀소바 2인분,,,,,
[윤슬] 명태알 250g (냉장),,,,,
"이디야 클래식 에스프레소 원두, 홀빈(분쇄안함), 500g, 1개 17%18,000원 14,800원 (10g당 296원) 내일(일) 도착 보장 5 (744) 최대 740원 적립",,,,,
"풀무원 야채쏙 두부봉, 180g, 1개 2,240원 (100g당 1,244원) 내일(일) 새벽 도착 보장 5 (4072) 최대 112원 적립",,,,,
"화담우 한우 다짐육 1+등급 (냉장), 300g, 1팩 17%16,140원 13,260원 (100g당 4,420원) 내일(일) 새벽 도착 보장 5 (895) 최대 663원 적립",,,,,
[더오담] 콩비지찌개,,,,,
[비움반찬] 생깻잎 무침,,,,,
"아카페라 아메리카노, 1L, 12개 27%25,200원 18,230원 (100ml당 152원) 내일(일) 도착 보장 5 (66913) 최대 911원 적립",,,,,
[CU 픽업] 디카이퍼콰이페,,,,,
"국내산 청도미나리, 200g, 1개 4,700원 (100g당 2,350원) 내일(일) 새벽 도착 보장 4.5 (42658) 최대 235원 적립",,,,,
"더 맛있는 양념 소불고기, 1kg, 1팩 17%22,990원 18,900원 (100g당 1,890원) 내일(일) 새벽 도착 보장 4.5 (36035) 최대 945원 적립",,,,,
[셰프초이스] 한돈 고추장 제육 불고기 1kg (냉장),,,,,
"오뚜기 카레 매운맛, 1kg, 1개 6,920원 (100g당 692원) 내일(일) 새벽 도착 보장 5 (2890) 최대 346원 적립",,,,,
[CU 픽업] 하이네켄 5L케그 2입,,,,,
"무료배송 해태 에이스 바스크치즈케이크맛, 73g, 3개 5,000원 (10g당 228원) 2/11(수) 도착 예정 4.5 (3166) 최대 250원 적립",,,,,
[엑스텐드] BCAA 50회분 3종 (택1),,,,,
"무료배송 해표 꽃소금, 5kg, 1개 할인29%10,030원 7,030원 (100g당 141원) 2/11(수) 도착 예정 5 (11031) 최대 351원 적립",,,,,
"몽쉘 생크림케이크 오리지널 12개입, 408g, 4개 17,780원 (10g당 109원) 내일(일) 도착 보장 5 (57195) 최대 889원 적립",,,,,
"무료배송 현대농산 국산 늘보리 겉보리 꽁보리밥, 5kg, 2개 26,500원 (100g당 265원) 2/11(수) 도착 예정 4.5 (3366) 최대 1,325원 적립",,,,,
"무료배송 [고기선생] 지방 완벽제거 소갈비 찜갈비 탕갈비 2kg 찜용 탕용 호주산 뉴질랜드산, 2개, 호주산 1kg 할인3%46,000원 44,620원 (100g당 2,231원) 2/11(수) 도착 예정 4 (2672) 최대 2,231원 적립",,,,,
"삼립 옥수수 꿀호떡 요요, 192g, 1개, 1개입 1,820원 (10g당 95원) 내일(일) 새벽 도착 보장 5 (2686) 최대 91원 적립",,,,,
"무료배송 피키너츠 건과일 무설탕 푸룬 건자두, 1개, 1kg 할인26%18,900원 13,800원 (100g당 1,380원) 2/10(화) 도착 예정 4.5 (263) 최대 690원 적립",,,,,
[정다운] 느린농장훈제오리 500g,,,,,
"무료배송 목우촌 오리훈제 슬라이스, 200g, 5개 19,200원 (100g당 1,920원) 2/11(수) 도착 예정 4.5 (6384) 최대 960원 적립",,,,,
[삼삼물산] 통영 손질 참병어 200g (냉장),,,,,
"맑은물에 참 좋은 국산콩 100% 순두부, 400g, 4개 5,700원 (100g당 356원) 내일(일) 새벽 도착 보장 5 (119378) 최대 285원 적립",,,,,
[고왕] 매운 치즈 등갈비찜 700g(치즈동봉),,,,,
"한끼 파채, 80g, 1개 1,490원 (100g당 1,863원) 내일(일) 새벽 도착 보장 4.5 (12570) 최대 75원 적립",,,,,
[델리치오] 호주산 냉장 갈비살 구이용 200g,,,,,
[오뗄블랙라벨] 육즙에 꼬친 프랑크 80g * 4개입,,,,,
[선물세트]전통주 일품안동소주 골드 전통 증류식소주(40도 500mL),,,,,
[모노키친] 통통 치즈돈까스,,,,,
[만전김] 쉽게 뿌려먹는 김가루 150g,,,,,
[바다원] 뱅어포 70g,,,,,
[겐츠베이커리] 치즈번 (10g X 8개),,,,,
"광식이농장 완숙 토마토, 1.5kg, 1팩 8,050원 (100g당 537원) 내일(일) 새벽 도착 보장 4.5 (99659) 최대 403원 적립",,,,,
"무료배송 한나네김 [빨강이] 수제 전통 구운 조미김, 7개, 19.99g 5%22,000원 20,900원 (10g당 1,494원) 2/10(화) 도착 예정 4.5 (40) 최대 1,003원 적립",,,,,
"외갓집 1분 30초 통등심돈까스 100g x 5p + 소스 30g x 5p 세트 (냉동), 650g, 1개 16%15,500원 12,980원 (100g당 1,997원) 내일(일) 새벽 도착 보장 4.5 (36830) 최대 649원 적립",,,,,
"르셀란테그라노토스칸 엠머밀 파로, 1kg, 1개 9,990원 (100g당 999원) 내일(일) 새벽 도착 보장 5 (938) 최대 500원 적립",,,,,
[오로라] 오로라 분말 리포좀 비타민C 3000mg (7일분),,,,,
"무료배송 립톤 제로슈가 아이스티 믹스 복숭아, 5g, 60개입, 2개 할인29%32,690원 22,890원 (10g당 382원) 2/11(수) 도착 예정 5 (8474) 최대 1,145원 적립",,,,,
[블루바이필레터] 보일링 씨푸드,,,,,
"키친아트 4구 에그팬, 26cm, 1개 53%28,800원 13,490원 (1개당 13,490원) 내일(월) 도착 보장 새 상품, 반품-최상 (2) 최저12,160원 4.5 (10717) 최대 640원 적립",,,,,
"곰곰 대패 우삼겹 (냉동), 1kg, 1개 18%19,490원 15,980원 (100g당 1,598원) 내일(일) 새벽 도착 보장 4.5 (35474) 최대 799원 적립",,,,,
"무표백제 A급 오징어실채, 1개, 200g 28%16,000원 11,500원 (10g당 575원) 내일(일) 도착 보장 4.5 (211) 최대 513원 적립",,,,,
[한팟] 엑스라지 부대찌개 3240g(냉장),,,,,
[CU 픽업] 아사히500ml*24캔,,,,,
"프리미엄로사 유기농 크랜베리 원액, 500ml, 1개 47%32,000원 16,900원 (100ml당 3,380원) 내일(일) 도착 보장 5 (11125) 최대 845원 적립",,,,,
[몽슈슈] 몬테카를로 깔루아밀크 (40g X 5개),,,,,
[롯데웰푸드] 조안나 5L 3종 (택1),,,,,
"국내산 로즈마리, 10g, 3개 4,850원 (100g당 16,167원) 내일(일) 새벽 도착 보장 4.5 (7340) 최대 243원 적립",,,,,
[CU 픽업] 니콜라로씨뇰볼네오리,,,,,
"무료배송 햇 칼집 약단밤 단밤, 1kg, 2개 할인24%28,900원 21,890원 (100g당 1,095원) 2/11(수) 도착 예정 5 (35) 최대 1,095원 적립",,,,,
"새미네부엌 진간장, 1.7L, 1개 42%12,900원 7,380원 (100ml당 434원) 내일(일) 도착 보장 5 (24172) 최대 369원 적립",,,,,
"청정원 현미식초, 1.8L, 1개 14%4,600원 3,940원 (10ml당 22원) 내일(일) 도착 보장 5 (7340) 최대 197원 적립",,,,,
"오뚜기옛날 당면, 1kg, 1개 10,500원 (100g당 1,050원) 내일(일) 도착 보장 5 (11362) 최대 525원 적립",,,,,
[포미] 이탈리아 토마토 파스타소스 3종,,,,,
[오레오] 민트 초코 80g,,,,,
"서울우유 커피, 200ml, 4개 4,490원 (100ml당 561원) 내일(일) 새벽 도착 보장 5 (71191) 최대 225원 적립",,,,,
[대상웰라이프] 석류 콜라겐 15포,,,,,
"냉장고쏙 퀵 롤드 오트, 600g, 1개 42%6,980원 3,980원 (100g당 663원) 내일(일) 도착 보장 4.5 (8428) 최대 199원 적립",,,,,
[유기방아] 구워먹는치즈떡 500g,,,,,
[롯데] 미니 크런키 171g,,,,,
[오리온] 후레쉬베리 336g,,,,,
[비첸향] 미니이지 칠리크랩 150g,,,,,
"풀무원 특등급 국산콩 네컵연두부, 360g, 1개 2,740원 (100g당 761원) 내일(일) 새벽 도착 보장 5 (35955) 최대 137원 적립",,,,,
[KF365] 에어프라이어용 통등심 돈까스 2종,,,,,
"오뚜기 카레면 약간매운맛 130g, 8개 7%11,360원 10,460원 (1개당 1,308원) 내일(일) 도착 보장 5 (8606) 최대 523원 적립",,,,,
[선물세트] 영동곶감 & 호두말이 세트 1.6kg,,,,,
[씨와이프로] 라드유 700g,,,,,
[플라이밀] 단백질 쉐이크 스타터팩 9개입,,,,,
"무료배송 [최저가도전]하루50박스만 초고당도 제주감귤, 1박스, 5kg 할인7%16,900원 15,700원 (100g당 314원) 2/24 도착 예정 3.5 (62) 최대 785원 적립",,,,,
[KF365] 한돈 떡갈비 500g/1kg (냉동),,,,,
[전통주] 애플스피릿 (20도 375mL),,,,,
"무료배송 [반짝특가] 작년판매1위 은은한복숭아향 피치애플 엔부사과, 1박스, 1kg 쿠폰할인45%28,800원 15,800원 (100g당 1,580원) 2/12(목) 도착 예정 3 (63) 최대 790원 적립",,,,,
[제주우유] 저지(JERSEY) 무가당 드링크 요거트 1.8L,,,,,
무농약 원료 다진 양파 110g,,,,,
"효성팜 실속형 반건시 10개입 (냉동), 400g, 1개 9,900원 (100g당 2,475원) 내일(일) 새벽 도착 보장 4.5 (2900) 최대 495원 적립",,,,,
[폴 바셋] 원두 200g 2종 (택1),,,,,
[선물세트][전통주] 신년 붉은말 에디션 한주 25도 세트 (360mL*2+전용잔 *2),,,,,
[라코스테냐] 살사소스 2종,,,,,
[고메공방] 임자있는 흑임자 찐빵 (50gx8개입),,,,,
[모두의맛집] 본가스시 쇼유닭고기 솥밥,,,,,
[사세] 바삭튀긴 통새우 튀김 300g,,,,,
[선물세트] 태우한우 1+ 실속 모둠 세트 (냉동),,,,,
"무료배송 [더주] 못생겨도 맛있다! 쫄쫄이오징어 6미~14미, 220g, 1개 쿠폰할인14%16,900원 14,400원 (10g당 655원) 2/12(목) 도착 예정 4 (4180) 최대 720원 적립",,,,,
[한스케익] 리얼 초코 파운드 300g,,,,,
[에스비] 오카즈라유 (크런치 갈릭 칠리오일),,,,,
[룰루맘] 리얼 빼빼구마 (50g x 5개입),,,,,
[김구원선생] 들깨 버섯 순두부,,,,,
[Kim's butcher] 호주산 소고기 앞다리 다짐육300g,,,,,
[슬로우글로우] 글루타치온 블링 구미 (30구미),,,,,
"신라면 블랙 134g, 8개 9,260원 (1개당 1,158원) 내일(일) 도착 보장 5 (18465) 최대 463원 적립",,,,,
"농심 안성탕면 125g, 5개 3,680원 (1개당 736원) 내일(일) 도착 보장 5 (368428) 최대 184원 적립",,,,,
"무료배송 바샤커피 드립백 커피 밀라노 모닝, 12g, 12개입, 1개 할인32%46,680원 31,600원 (1개당 2,633원) 2/10(화) 도착 예정 5 (735) 최대 1,580원 적립",,,,,
[CU 픽업] 보테가모스카토페탈로,,,,,
[이목] 국내산 소고기 다짐육 200g (냉장),,,,,
[가보팜스] 프리미엄 때죽꿀 500g,,,,,
[마르티네즈] 세라노 살치촌 슬라이스 80g,,,,,
"무료배송 우리집계란 구운계란 구운란 계란 달걀 대란 HACCP 파손보장 랜덤간식 2판부터, 1개, 30구 할인62%25,990원 9,870원 (1구당 329원) 2/10(화) 도착 예정 4.5 (57) 최대 489원 적립",,,,,
[꾸브닝] 갈매기살 양념구이 400g (냉장),,,,,
[26년 설] [CU 픽업] 안동소주특3호,,,,,
[신키네도] 귤 다이후쿠 (귤 모찌 찹쌀떡) 4개,,,,,
"무료배송 코스트코 플랜터스 솔티드 피넛 1344G 가염 땅콩 /개별포장, 24개, 28g 12,930원 (100g당 1,924원) 2/12(목) 도착 예정 5 (341) 최대 646원 적립",,,,,
[슈퍼키친] 쉬림프투움바파스타,,,,,
"무료배송 쥬스용 낱발 고당도 바나나, 1kg 내외, 1개 할인20%9,000원 7,200원 (100g당 720원) 2/13(금) 도착 예정 4.5 (4655) 최대 360원 적립",,,,,
"몽쉘 생크림케이크 오리지널 12개입, 408g, 3개 13,340원 (10g당 109원) 내일(일) 도착 보장 5 (57195) 최대 667원 적립",,,,,
[엔칸토] 차 진액 480g 4종 (택1),,,,,
[26년 설] [CU 픽업] 더글렌그란트15년,,,,,
[영준목장] 블루베리 요거트 500mL,,,,,
"순작 아몬드 검은콩 율무차, 18g, 10개입, 1개 20%4,980원 3,980원 (10g당 221원) 내일(일) 도착 보장 새 상품, 반품-미개봉 (8) 최저3,780원 5 (1439) 최대 199원 적립",,,,,
[라빈리커픽업]까넬라 벨리니 (와인),,,,,
"델라고 우드 베이직 궁중팬, 28cm, 1개 57%40,900원 17,560원 (1개당 17,560원) 내일(월) 도착 보장 새 상품, 반품 (2) 4.5 (4673) 최대 834원 적립",,,,,
[CU 픽업] 1865셀렉티드샤도네이,,,,,
"차오차이 한국풍 마파두부 소스, 150g, 2개 50%6,960원 3,480원 (100g당 1,160원) 내일(일) 도착 보장 4.5 (459) 최대 174원 적립",,,,,
"무료배송 참 도시락김, 5g, 16개 73%48,300원 12,570원 (10g당 1,571원) 2/12(목) 도착 예정 새 상품, 박스 훼손 (2) 최저5,690원 5 (136150) 최대 629원 적립",,,,,
[CU 픽업] 음말벡3입,,,,,
[샘표] 유기농 자연콩 양조간장 860ml,,,,,
[풀무원다논] 하루요거트 포도 (120mL X 4개),,,,,
[달롤] 노밀 미니 바스크 치즈케이크 250g,,,,,
[메리디안] 100% 유기농 땅콩버터 (스무드) 280g,,,,,
"해태제과 오예스 28p, 840g, 1개 8,570원 (10g당 102원) 내일(일) 새벽 도착 보장 5 (1386) 최대 429원 적립",,,,,
[탄단지] 가벼운 한식 도시락 6종 (2개입) (택1),,,,,
"무료배송 해발 2000m 고산지대에서 재배한 깐호두 800g 반태, 1개 6%17,000원 15,900원 (100g당 1,988원) 모레(월) 도착 예정 4.5 (767) 최대 795원 적립",,,,,
[맥스봉] 치즈 소시지 525g,,,,,
"신라명과 마드레느 미니, 15g, 5개입, 2개 5,760원 (10g당 384원) 내일(일) 새벽 도착 보장 4.5 (9284) 최대 288원 적립",,,,,
[온하루] 도라지나물,,,,,
[담터] 호두 아몬드 율무차 (18g X 50개),,,,,
[모리나가] 핫케잌 시럽 200g,,,,,
따르따르 갈릭 & 허브 150g,,,,,
"비비고 김밥김, 22g, 2개 26%7,960원 5,830원 (10g당 1,325원) 내일(일) 도착 보장 5 (24199) 최대 291원 적립",,,,,
[자연실록] 동물복지 소금구이 닭갈비 400g (냉장),,,,,
"전통참한우 사골 (냉동), 1개, 2kg 60%19,990원 7,970원 (100g당 399원) 내일(일) 새벽 도착 보장 4.5 (2651) 최대 399원 적립",,,,,
[마이노멀] C8 MCT오일 500mL,,,,,
[KF365] 한돈 오겹살(미박) 구이용 600g(냉장),,,,,
[CU 픽업] 카스250ml미니24캔,,,,,
[오뚜기] 열뿌셔뿌셔 화끈한 매운맛 90g,,,,,
[수산곳간] 크리스피 오징어 튀김 2종 (택1),,,,,
[비비고] 남도 떡갈비,,,,,
[비거너리] 식물성 콜라겐 3270mg (샤인머스캣) 2종 (택1),,,,,
[후디스] 그릭 요거트 대용량 450g 3종 (택1),,,,,
"곰곰 무항생제 인증 한돈 앞다리 다짐육 (냉장), 500g, 1개 9,830원 (100g당 1,966원) 내일(일) 새벽 도착 보장 5 (703) 최대 491원 적립",,,,,
[차려낸] 살얼음 육수 냉메밀소바 2인분 * 2개입,,,,,
"청정원 타르타르 드레싱 소스, 300g, 1개 3,520원 (100g당 1,173원) 내일(일) 도착 보장 새 상품, 반품-미개봉 (20) 최저2,800원 4.5 (19671) 최대 176원 적립",,,,,
"아르벨라 펜네, 500g, 3개 10%5,550원 4,940원 (100g당 329원) 내일(일) 도착 보장 5 (1947) 최대 247원 적립",,,,,
"담터 우엉차, 1g, 100개입, 1개 10,150원 (10g당 1,015원) 내일(일) 도착 보장 5 (16206) 최대 508원 적립",,,,,
"고소한 두번구운 김밥김, 2.3g, 2개, 10개입 5,850원 (10g당 1,272원) 내일(일) 새벽 도착 보장 5 (3763) 최대 293원 적립",,,,,
[목우촌] 프라임 비엔나 240g*2,,,,,
[세노비스] 눈에 좋은 루테인+오메가-3 (40일분),,,,,
콜리플라워 200g,,,,,
"곰곰 달걀밥을 맛있게 맛간장소스, 1개, 200ml 25%4,800원 3,590원 (100ml당 1,795원) 내일(일) 도착 보장 5 (588) 최대 180원 적립",,,,,
[오마뎅] 진짜 우리쌀 물떡 가래떡 480g,,,,,
[아우어베이커리] 더티초코 90g,,,,,
"무직타이거 미니 꿀 꽈배기, 1개, 1kg 40%13,000원 7,780원 (10g당 78원) 내일(일) 도착 보장 5 (3424) 최대 389원 적립",,,,,
[26년 설] [CU 픽업] 조니워커골드리저브,,,,,
[애슐리] 오리지널 통살 닭강정,,,,,
[집반찬연구소] 모둠쌈과 저당두부강된장,,,,,
"디벨라 토마토 퓨레, 680g, 2개 7,720원 (100g당 568원) 내일(일) 새벽 도착 보장 5 (9559) 최대 386원 적립",,,,,
"쌀집총각 2025년산 햅쌀 백진주, 상등급, 4kg, 1개 19,900원 (100g당 498원) 내일(일) 도착 보장 4.5 (7567) 최대 995원 적립",,,,,
[로트벡쉔] 아이젠샷 1박스(10일분),,,,,
[빙그레] 따옴 트위스트 2종 (90mL X 3개) (택1),,,,,
"농심 신라면 컵 65g, 6개 5,940원 (1개당 990원) 내일(일) 새벽 도착 보장 5 (10280) 최대 297원 적립",,,,,
[선물세트] 삼진어묵 프리미엄 세트 2호 (예약일 수령),,,,,
[잇츠베러] 잇츠 베러 마요 245g,,,,,
[닥터포키즈] 성장기 어린이 영양보충제 키즈레시피 초코맛,,,,,
[집반찬연구소] 한돈 주먹밥 재료,,,,,
[요미요미] 유기농 롱롱뻥 사과맛 24g,,,,,
[26년 설] [CU 픽업] 델라모뜨 브륏,,,,,
[배리웨이] 프루틴쉐이크 대용량 600g 2종 (택1),,,,,
"오뚜기 청주식 돼지김치짜글이, 450g, 2개 47%14,960원 7,870원 (100g당 874원) 내일(일) 도착 보장 4.5 (4674) 최대 394원 적립",,,,,
"청정원 건강한 쌀올리고당, 700g, 1개 5,300원 (100g당 757원) 내일(일) 도착 보장 5 (8974) 최대 265원 적립",,,,,
[마이노멀] 저당 카페 시럽 3종 (택1),,,,,
[호텔컬렉션 에센셜] 순살 소갈비탕,,,,,
"담터 꿀모과차, 1kg, 1개입, 1개 2%7,500원 7,350원 (10g당 74원) 내일(일) 도착 보장 4.5 (5271) 최대 368원 적립",,,,,
"무료배송 [전국최저마진]재구매폭주 초고당도brix 못난이 경북사과 흠과, 1개, 3kg (못난이 로얄과) 쿠폰할인15%20,000원 16,990원 (100g당 566원) 2/12(목) 도착 예정 5 (132) 최대 850원 적립",,,,,
[더건강한] 그릴 비엔나 200gX2개입,,,,,
[정관장] 화애락 글로우부스터 (14일분),,,,,
"1인용 연어 (냉장), 1개, 120g 7,990원 (100g당 6,658원) 내일(일) 새벽 도착 보장 4 (28) 최대 400원 적립",,,,,
[담꽃] 팥양갱 (40g X 5개),,,,,
"무료배송 체리, 2kg, 1개 쿠폰할인75%116,900원 28,700원 (100g당 1,435원) 2/12(목) 도착 예정 4 (4101) 최대 1,435원 적립",,,,,
아스파라거스(베트남) & 양송이,,,,,
[정착육] 수입산 회오리 꽃 삼겹살 500g,,,,,
[브리도] 시나몬 스월(페스츄리) (100g X 2개),,,,,
"곰곰 굳지않는 모듬 꿀떡 (냉동), 600g, 1개입, 1개 7,020원 (10g당 117원) 내일(일) 새벽 도착 보장 5 (3728) 최대 351원 적립",,,,,
"무료배송 기타 우리쌀 가래떡 1kg+1kg+1kg (총 3kg), 3개, 1kg 할인12%11,700원 10,290원 (100g당 343원) 2/12(목) 도착 예정 4.5 (447) 최대 515원 적립",,,,,
"무료배송 (진짜 특가) 아삭 아삭 햇 특품 미니오이 스낵오이 1박스, 1개, 1kg (15개 내외) 할인32%17,800원 12,000원 (100g당 1,200원) 2/10(화) 도착 예정 4.5 (1019) 최대 600원 적립",,,,,
"곰곰 메추리알 장조림, 1kg, 1개 7,840원 (10g당 78원) 내일(일) 새벽 도착 보장 5 (55553) 최대 392원 적립",,,,,
"풀무원 얇은피 꽉찬속 김치만두 (냉동), 1kg, 1개 1%11,400원 11,220원 (100g당 1,122원) 내일(일) 새벽 도착 보장 5 (67180) 최대 561원 적립",,,,,
[서울우유] 저지밀크콘 150mL,,,,,
"국내산 로메인, 1kg, 1개 10,900원 (100g당 1,090원) 내일(일) 새벽 도착 보장 4.5 (51963) 최대 545원 적립",,,,,
"롯데 밀키스 190ml x 30캔 작은캔 업소용 가정용 실속형사이즈, 30개 34%13,600원 8,880원 (100ml당 156원) 2/11(수) 도착 예정 5 (555) 최대 444원 적립",,,,,
[하선정] 까나리 액젓 800g,,,,,
[네스프레소 버츄오] 인텐소 커피 캡슐 10개입(230mL),,,,,
[뉴트리원] 코큐텐 코엔자임 Q10 (30일분),,,,,
다이어트/슬리밍 골라담기 10종 (택1),,,,,
[KF365] 1+ 한우 사태 국거리용 300g(냉장),,,,,
[옳곡] 저당 매실청 600g,,,,,
"무료배송 부건 혼다랑어 가쓰오부시, 500g, 1개 13,970원 (100g당 2,794원) 2/10(화) 도착 예정 4.5 (1417) 최대 699원 적립",,,,,
유기농 담음 신동진 쌀 4kg,,,,,
[위크위크서울] 썬드라이 토마토 (냉장),,,,,
[유기샘] 경북 김천에서 자란 무농약 호두 2종 (택1),,,,,
[삼립] 잘익은 이야기 시리즈 2종 (택1),,,,,
"샐러드용 양배추 채, 300g, 1개 1,790원 (100g당 597원) 내일(일) 새벽 도착 보장 4.5 (110796) 최대 90원 적립",,,,,
[니코트] 플리츠 와인 샴페인잔 4종 (택1),,,,,
[굽네] 닭가슴살 잡채볶음밥(4개입),,,,,
[CU 픽업] 베린저메인까쇼,,,,,
"미니 새송이버섯, 300g, 1개 1,390원 (100g당 463원) 내일(일) 새벽 도착 보장 5 (8988) 최대 70원 적립",,,,,
"청정원 생와사비, 40g, 1개 10%3,880원 3,480원 (10g당 870원) 내일(일) 새벽 도착 보장 5 (3165) 최대 174원 적립",,,,,
[Picard] 모짜렐라 라자냐,,,,,
[CJ] 바이오코어 다이어트 유산균 (30일분),,,,,
"무료배송 동서 원두커피 아메리칸 로스트, 홀빈(분쇄안함), 400g, 1개 10,640원 (10g당 266원) 2/11(수) 도착 예정 새 상품, 박스 훼손 (10) 최저7,640원 5 (130) 최대 532원 적립",,,,,
"국산 다진마늘, 1kg, 1개 12,990원 (10g당 130원) 내일(일) 새벽 도착 보장 5 (121610) 최대 650원 적립",,,,,
[해오름] 몸에 좋은 곤약 300g,,,,,
[자연에찬] 더덕무침,,,,,
[Picard] 미니 초콜릿 라바 케이크 (20gX12개입),,,,,
[밀키요]프리미엄 수제 그릭요거트 애플망고 100g,,,,,
"담터 호두 아몬드 율무차, 18g, 30개입, 1개 5%9,300원 8,800원 (10g당 163원) 내일(일) 도착 보장 5 (128558) 최대 440원 적립",,,,,
[비움반찬] 꼴뚜기 조림,,,,,
[롯데] ABC 초코쿠키 꿀고구마 130g,,,,,
[진실된손맛] 소불고기 유부말이,,,,,
[오리온] 꼬북칩 카라멜팝콘 108g,,,,,
"무료배송 [설날 특가] 사과 배 혼합 세트 과일 선물세트, 1세트 쿠폰할인67%122,500원 39,800원 (1세트당 39,800원) 2/12(목) 도착 예정 5 (53) 최대 1,990원 적립",,,,,
[프레지덩] 포션 버터 무염 (10g X 20입),,,,,
"무료배송 펩시 업소용 콜라 제로슈거 라임향, 24개, 245ml 15,000원 (100ml당 255원) 2/11(수) 도착 예정 5 (1154) 최대 750원 적립",,,,,
[라빈리커픽업] 글렌 모렌지 12년 디 오리지널 (위스키),,,,,
[유토피아] 금게 간장게장,,,,,
[듀오락] 데일리키즈 프로바이오틱스 유산균 1통 (30일분) 2종 (택1),,,,,
[오리온] 비쵸비 125g,,,,,
[창억] 앙금 기정떡 (45g X10개),,,,,
[ISFI] 시나몬 파우더 40g,,,,,
[라콩비에트] AOP 비가염버터 (15g X 10개),,,,,
[와인앤모어픽업]피치니 프로세코 엑스트라 드라이 ((와인)),,,,,
[빈브라더스] 디카페인 원두 200g,,,,,
유기농 자색 보리 500g,,,,,
[데이라이프] 아이 밸런스 키즈 멀티비타민&미네랄 (33일분),,,,,
[CU 픽업] 디콘 700ml,,,,,
[나무사이로] 와이칸 콜드브루 500mL,,,,,
[포트'럭] 박문자 해녀가 수확한 죽성항 돌미역 100g,,,,,
[26년 설] [CU 픽업] 노통선물기획,,,,,
"오뚜기 육개장 컵 104g, 12개 21%10,560원 8,250원 내일(일) 도착 보장 5 (53272) 최대 413원 적립",,,,,
[덴마크] 그릭요거트 (100g X 2개),,,,,
[비비고] 말차 붕어빵 240g,,,,,
[복음자리] 식물성 블루베리 크림치즈 190g,,,,,
[교토퍼펙트말차] 바움쿠헨 세트 (39.2g X 3개),,,,,
[후타바] 초콜릿 바나나 아이스크림 (60mL X 6개),,,,,
"아몰리바 포마스 올리브오일, 1L, 1개 47%23,000원 11,990원 (100ml당 1,199원) 내일(일) 새벽 도착 보장 5 (9977) 최대 600원 적립",,,,,
"무료배송 친절정육점 호주산 소갈비살 500g, 2개 할인11%34,210원 30,280원 (100g당 3,028원) 2/10(화) 도착 예정 4.5 (2554) 최대 1,435원 적립",,,,,
[원더풀] 구운 아몬드 무염 & 가염 (택1),,,,,
"하림 무항생제 인증 1등급 새하얀 신선란 780g, 15구, 1개 6,990원 (1구당 466원) 내일(일) 새벽 도착 보장 4.5 (214) 최대 350원 적립",,,,,
"오뚜기옛날 납작당면, 400g, 1개 4,780원 (100g당 1,195원) 내일(일) 새벽 도착 보장 5 (1773) 최대 239원 적립",,,,,
[비타민마을] 곡물효소 프로바이오틱스 30포,,,,,
[샘표] 국산콩 토장 900g,,,,,
"바른곡물 국산 서리태, 800g, 1개 7,980원 (100g당 998원) 내일(일) 새벽 도착 보장 4.5 (1227) 최대 399원 적립",,,,,
[담터] 누룽지 둥굴레차 (1.5g X 100개),,,,,
"무료배송 베스트밀 호주산 깔끔손질 황제갈비살 소고기 구이용 개별포장, 350g, 3개 31%65,700원 45,000원 (100g당 4,286원) 2/10(화) 도착 예정 4.5 (4295) 최대 1,988원 적립",,,,,
"다향오리 오리로스 구이용 (냉장), 1kg, 1개 18%22,990원 18,700원 (100g당 1,870원) 1,000원 와우 가입 쿠폰 내일(일) 새벽 도착 보장 4.5 (22582) 최대 885원 적립",,,,,
[면사랑] 까르보나라 크림우동 용기면 360g*3개입,,,,,
"선진포크한돈 앞다리살 찌개 (냉장), 500g, 1팩 9,240원 (100g당 1,848원) 내일(일) 새벽 도착 보장 5 (10882) 최대 462원 적립",,,,,
[쿰 캐슬] 브리티쉬 체다 셀렉션 80g 4종 (택1),,,,,
[CU 픽업] 서던 컴포트 오리지널,,,,,
[도시크랩] 대게 치즈 버터구이,,,,,
"서울우유 더 진한 스위트 플레인 요거트, 1.8L, 1개 6,720원 (10ml당 37원) 내일(일) 새벽 도착 보장 5 (92551) 최대 336원 적립",,,,,
"선진포크한돈 앞다리살 찌개 (냉장), 500g, 1팩 9,240원 (100g당 1,848원) 내일(일) 새벽 도착 보장 5 (10880) 최대 462원 적립",,,,,
[테일러] 유기농 푸룬 건자두 2종,,,,,
[보물섬] 국산 가리비살 2종 (냉동) (택1),,,,,
"국내산 미나리, 200g, 2개 7,980원 (100g당 1,995원) 내일(일) 새벽 도착 보장 4.5 (28425) 최대 399원 적립",,,,,
[청정원] 홍초 석류히비스커스저당기능성 900ml,,,,,
엔다이브 2~3입,,,,,
"곰곰 국산콩 네컵 연두부, 90g, 4개 2,440원 (100g당 678원) 내일(일) 새벽 도착 보장 5 (655) 최대 122원 적립",,,,,
[언더프레셔] 콜롬비아 디카페인 원두 140g,,,,,
"무료배송 불닭 소스 오리지널, 200g, 1개 5,870원 (100g당 2,935원) 2/11(수) 도착 예정 5 (83425) 최대 294원 적립",,,,,
"풀무원 다논 하루 요거트 사과, 120ml, 4개입, 1개 1,990원 (10ml당 41원) 내일(일) 새벽 도착 보장 5 (1637) 최대 100원 적립",,,,,
[전통주] 해치주조 해치소주 (22도 375mL),,,,,
"무료배송 [설선물할인] 당도15brix이상 프리미엄 레드향 선물세트, 1박스, 3kg 할인28%40,250원 28,900원 (100g당 963원) 2/12(목) 도착 예정 5 (63) 최대 1,445원 적립",,,,,
[미트지엥] Flex 흑소 살치살 스테이크 밀키트,,,,,
[생과방] 약과 12구 세트 (보자기 포장),,,,,
"식물성 멜라토닌 1일 2mg 함유 멜라 테아닌 나잇 식약청인증 HACCP 자주가게, 1개, 60정 쿠폰할인61%34,900원 13,300원 (1정당 222원) 내일(일) 도착 보장 새 상품, 반품-미개봉 (3) 최저13,100원 5 (25559) 최대 665원 적립",,,,,
"청은에프엔비 식소다, 170g, 1개 3,500원 (100g당 2,059원) 내일(일) 도착 보장 5 (113) 최대 175원 적립",,,,,
[정관장] 홍삼 캡슐 플러스 (60일분),,,,,
"제주삼다수 그린, 330ml, 80개 34,400원 (100ml당 130원) 내일(일) 도착 보장 5 (729952) 최대 1,720원 적립",,,,,
[하코야] 어묵 물떡 꼬치 10개입,,,,,
"하림 동물복지 인증 IFF 한입쏙 닭가슴살 청양고추 (냉동), 500g, 1개입, 2개 13,860원 (100g당 1,386원) 내일(일) 새벽 도착 보장 5 (1385) 최대 613원 적립",,,,,
"담양군농협 2025년산 햅쌀 대숲맑은 죽향 새청무, 20kg, 1개, 상등급 1%65,000원 63,900원 (100g당 320원) 내일(일) 도착 보장 5 (2353) 최대 3,195원 적립",,,,,
"갓비움 오리지널 유산균 프리바이오틱스, 100ml, 5개 38%22,500원 13,800원 (100ml당 2,760원) 내일(일) 도착 보장 새 상품, 반품-미개봉 (8) 최저13,110원 5 (1002) 최대 655원 적립",,,,,
[드립핑크] 디카페인 드립백 (10g X 20개),,,,,
[김정환홍삼] 홍삼더플러스 20포 (+쇼핑백증정),,,,,
[임정식의 곰탕랩] 콜라겐 한우 사골곰탕,,,,,
[KF365] IQF 닭다리 (냉동) 1kg,,,,,
"네스프레소 캡슐 판매량 많은 베스트 4종 세트, 40개입, 1세트 할인20%50,000원 39,850원 내일(일) 도착 보장 5 (45) 최대 1,993원 적립",,,,,
[푸디버디] 숫자놀이 치킨너겟,,,,,
[쿰 캐슬] 마일드 체다 치즈 190g,,,,,
"[전통주] 느린마을막걸리 방울톡 (6도, 750mL) (무아스파탐)",,,,,
[와인앤모어픽업] 20 알데아스 ((와인)),,,,,
"무료배송 25년산 햇상품 브라질너트 반태 페루산 브라질넛트 무염 견과류, 500g, 2개 할인45%70,000원 38,500원 (100g당 3,850원) 2/11(수) 도착 예정 4.5 (2383) 최대 1,925원 적립",,,,,
[하인즈] 스위트 랠리쉬 769ml (피클),,,,,
"무료배송 한끼농산 브라운렌틸콩 슈퍼푸드, 2kg, 2개 할인48%16,500원 8,500원 (100g당 213원) 2/13(금) 도착 예정 4.5 (3168) 최대 425원 적립",,,,,
[모리나가] 초코 시럽 200g,,,,,
"풀무원 우리쌀떡국떡, 700g, 1개 6,980원 (100g당 997원) 내일(일) 새벽 도착 보장 5 (36700) 최대 349원 적립",,,,,
"건조 크랜베리, 1kg, 1개 14,400원 (100g당 1,440원) 500원 와우 가입 쿠폰 내일(일) 새벽 도착 보장 5 (10893) 최대 695원 적립",,,,,
[밀키요] 프리미엄 수제 그릭요거트 애플시나몬 100g,,,,,
"무료배송 카사베르디 유기농 레드와인 비니거, 2개, 500ml 할인15%32,900원 27,960원 (10ml당 280원) 2/10(화) 도착 예정 4.5 (460) 최대 1,398원 적립",,,,,
[에스비] 하이라이스 160g (고형카레),,,,,
[뉴오리진] 혈당 & 면역케어 (30일분),,,,,
"스팸 25% 라이트, 340g, 3개 46%23,980원 12,800원 (10g당 125원) 내일(일) 새벽 도착 보장 5 (2683) 최대 640원 적립",,,,,
"무료배송 코스트코 머거본 칼몬드, 35g, 20개 5%22,000원 20,800원 (100g당 2,971원) 2/11(수) 도착 예정 5 (11833) 최대 1,040원 적립",,,,,
"국내산 봄동, 1kg, 2봉 10,120원 (100g당 506원) 내일(일) 새벽 도착 보장 4.5 (17919) 최대 506원 적립",,,,,
[CU 픽업] 토카이 하베스트 카틴카 18,,,,,
"정식품 건강담은 야채가득 야채즙 V19, 145ml, 24개 12,200원 (100ml당 351원) 내일(일) 새벽 도착 보장 5 (2421) 최대 610원 적립",,,,,
[오레오] 초코 크림 100g,,,,,
"일리 클래식 로스트 빈 클라시코 원두, 홀빈(분쇄안함), 250g, 2개 25,140원 (10g당 503원) 내일(일) 도착 보장 5 (25111) 최대 1,257원 적립",,,,,
[CU 픽업] 듀어스더블더블32년,,,,,
"무료배송 맥코믹 몬트리얼 스테이크 시즈닝, 822g, 1개 15,010원 (100g당 1,826원) 2/11(수) 도착 예정 4.5 (2801) 최대 750원 적립",,,,,
"한음미가 햅쌀 백미 향진주 쌀, 5kg, 1개, 특등급 18,900원 (100g당 378원) 내일(일) 도착 보장 4.5 (890) 최대 945원 적립",,,,,
[뉴오리진] 루테인아스타잔틴 선물세트 (90일분),,,,,
[프레스샷] 프레스샷 (10일분),,,,,
[대림선] 24/7 쫄깃 찰순대500g,,,,,
"비비고 왕교자 (냉동), 1.05kg, 3개 12%32,940원 28,870원 (100g당 917원) 내일(일) 새벽 도착 보장 5 (205740) 최대 1,444원 적립",,,,,
[이연복의 목란] 우육탕면,,,,,
"무항생제 인증 왕란 2040g, 30구, 1개 9,970원 (1구당 332원) 내일(일) 새벽 도착 보장 4.5 (13279) 최대 499원 적립",,,,,
"크라운 버터와플, 135g, 3개 27%8,400원 6,100원 (10g당 151원) 내일(일) 도착 보장 5 (54028) 최대 305원 적립",,,,,
"모니니 안포라 퓨어 올리브 오일, 500ml, 1개 34%28,900원 18,980원 (100ml당 3,796원) 내일(일) 도착 보장 5 (9786) 최대 949원 적립",,,,,
[뉴트리코어] 코엔자임Q10 (30일분),,,,,
"POM 원더풀 석류 프레시컷, 120g, 1개 4,180원 내일(일) 새벽 도착 보장 4.5 (5183) 최대 209원 적립",,,,,
[롯데웰푸드] 저당 티코 밀크초코 34mL X 15개입,,,,,
[미자언니네] 굴소스 어묵볶음,,,,,
[오뚜기] 컵누들 매콤찜닭맛 6입,,,,,
[올바른] 곡물효소 프로바이오틱스 블랙 (90포),,,,,
[CU 픽업] 1800 레포사도,,,,,
[CU 픽업] 음모스카토6입박스,,,,,
[안단잼] 오리지널 코코넛잼 380g,,,,,
[엄마밥상] 김치청국장,,,,,
[CU 픽업] 마스미쿠로720ml,,,,,
[대상웰라이프] 마이밀 뉴프로틴 산양유 단백질 340g,,,,,
[비비드키친] 저칼로리 스위트 칠리 소스,,,,,
"무료배송 무설탕 베이킹 원료 크랜베리 견과류 말린 과일 베이킹 디저트 재료 무첨가 영양 건강 증강 면역력, 250g, 1개 81%80,000원 14,800원 (100g당 5,920원) 2/12(목) 도착 예정 5 (48) 최대 740원 적립",,,,,
"탐사 샘물, 2L, 12개 39%9,980원 5,990원 (100ml당 25원) 내일(일) 도착 보장 5 (271856) 최대 300원 적립",,,,,
"데미소다 애플, 250ml, 30개 17%18,000원 14,900원 (100ml당 199원) 내일(일) 도착 보장 5 (25186) 최대 745원 적립",,,,,
[쿠스미티] 유기농 엑스퓨레 애딕트 2종,,,,,
[연리희재] 스노우화이트 주악 4구,,,,,
"폴로 오리지널 캔디, 900g, 1개 24%13,980원 10,600원 (10g당 118원) 내일(일) 도착 보장 5 (8164) 최대 530원 적립",,,,,
[매일] 소화가 잘되는 데일리 밀크 2.3L,,,,,
[순수람] 부드러운 채담카레 2종 (낱개/4개입) (택1),,,,,
[브로드카세] 아몬드 크렌베리 깜빠뉴 240g,,,,,
[칠갑농산] 떡볶이용 쌀떡 600g,,,,,
"무료배송 바다푸드 황태채 덕장에서 제대로 손질한 깊은맛의 상품 황태 포, 황태채 500g, 1개 쿠폰할인17%30,000원 24,900원 (100g당 4,980원) 2/10(화) 도착 예정 4.5 (3212) 최대 1,120원 적립",,,,,
[스키니피그] 저당 모나카 쑥&흑임자 2종 (140mL X 3개입),,,,,
"비비고 김치 왕만두 (냉동), 420g, 2개 10%9,980원 8,900원 (100g당 1,060원) 내일(일) 새벽 도착 보장 5 (3276) 최대 445원 적립",,,,,
[롯데웰푸드] 말차 아이스크림 160mL 2종 (택1),,,,,
[센터커피] 게이샤 콜드브루 200mL,,,,,
"진천증평농협 2025년산 햅쌀 완전미 알찬미, 특, 4kg, 1개 19,900원 (100g당 498원) 내일(일) 도착 보장 5 (788) 최대 995원 적립",,,,,
"풀무원 무항생제 인증 1+등급 들깨를 먹고 자란 건강한 닭이 낳은 달걀 780g, 15구, 1개 4%8,880원 8,480원 (1구당 565원) 내일(일) 새벽 도착 보장 5 (962) 최대 424원 적립",,,,,
[오뚜기] 컵누들 우동맛 6입,,,,,
[호우섬] 라조장,,,,,
[세노비스] 콜라겐 히알루론산 앰플샷 (7일분),,,,,
[요플레] 그릭요거트 복숭아 (80g X 4개입),,,,,
[정관장] 에브리타임 (30일분) + (리본포장 및 쇼핑백 증정),,,,,
[존쿡 델리미트] 바이스 부어스트 350g,,,,,
"백설 햇당면, 500g, 2개 쿠폰할인28%9,760원 6,960원 (100g당 696원) 내일(일) 도착 보장 5 (7059) 최대 348원 적립",,,,,
[킨더] 해피 모먼츠 미니 믹스 161g,,,,,
[주원산오리] 와인숙성 미소 훈제오리 450g (3입),,,,,
[한국야쿠르트] Hy 야쿠르트 1971 (750mL X 2개),,,,,
[동원] 양반 들기름 식탁김 4g X 16봉,,,,,
[6다이닝] 베요타 이베리코 오마카세 선물세트 1kg(예약일수령),,,,,
"하림 무항생제 인증 신선한 영양란 1300g, 25구, 2개 22,860원 (1구당 457원) 내일(일) 새벽 도착 보장 5 (10512) 최대 1,143원 적립",,,,,
[CU 픽업] 아스코니솔네까쇼2입,,,,,
[몬타나리] DOP 파르미지아노 레지아노 기간티나 30개월,,,,,
[바다해] 조미어실채 150g,,,,,
"솔가 엽산 400, 100정, 1개 66%35,000원 11,790원 (1정당 118원) 내일(일) 도착 보장 5 (23678) 최대 590원 적립",,,,,
친환경 샤브샤브용 모둠채소 700g,,,,,
[올더뮤] 뮤신 클리어 모닝 사과맛 10개입,,,,,
[컬리X햇반] 향긋한 골든퀸현미밥 200g*6입,,,,,
"건강곡간 동진 찹쌀, 1kg, 1개 34%9,980원 6,490원 (100g당 649원) 내일(일) 도착 보장 4.5 (3972) 최대 325원 적립",,,,,
[고메] 함박스테이크,,,,,
[북촌손만두] 고기굴림만두 500g,,,,,
"느린농장 무항생제 인증 정다운 오리 다리살 슬라이스 (냉장), 1개, 500g 10,450원 (100g당 2,090원) 500원 와우 가입 쿠폰 내일(일) 새벽 도착 보장 4.5 (132) 최대 498원 적립",,,,,
"티젠 콤부차 피치, 5g, 50개입, 1개 15,750원 (10g당 630원) 내일(일) 도착 보장 5 (46532) 최대 709원 적립",,,,,
"아마드티 얼그레이 티, 2g, 20개입, 1개 7,280원 (10g당 1,820원) 내일(일) 도착 보장 새 상품, 반품-미개봉 (44) 최저6,600원 5 (3795) 최대 364원 적립",,,,,
"무료배송 몽베스트 위드어스 무라벨 생수, 1L, 12개 6,800원 (100ml당 57원) 2/10(화) 도착 예정 5 (167582) 최대 340원 적립",,,,,
"샘트리 촉촉한 맛병아리콩 오리지널, 20개, 20g 할인34%15,900원 10,470원 (10g당 262원) 내일(일) 도착 보장 5 (445) 최대 518원 적립",,,,,
"25년 햇견과-유기샘 우리땅 국산 생 깐호박씨, 1개, 120g 6%12,000원 11,200원 (100g당 9,333원) 2/10(화) 도착 예정 4.5 (15) 최대 560원 적립",,,,,
"건강곡간 영양가득 롤드오트밀 통, 1.2kg, 1개 5,980원 (100g당 498원) 내일(일) 도착 보장 4.5 (895) 최대 299원 적립",,,,,
[엔젤베이커리] 클래식 피타브레드 (100g X 4개),,,,,
[모리나가] 하이츄 버라이어티팩 800g,,,,,
[집반찬연구소] 들깨 시래기 볶음,,,,,
"농심 얼큰한 너구리 120g, 10개 쿠폰할인10%8,840원 7,950원 (1개당 795원) 내일(일) 도착 보장 5 (216533) 최대 398원 적립",,,,,
"[호은] 탈피 들깨 가루, 1개, 1kg 할인11%9,900원 8,800원 (100g당 880원) 내일(일) 도착 보장 5 (48) 최대 440원 적립",,,,,
"켈로그 크랜베리 아몬드 그래놀라, 550g, 1개 29%9,280원 6,540원 (100g당 1,189원) 내일(일) 새벽 도착 보장 5 (18585) 최대 327원 적립",,,,,
"[올가] 순감자칩, 순고구마칩 2종 (택1)",,,,,
"무료배송 돌체구스토 스타벅스 캡슐커피 카페라테, 10.1g, 12개입, 1개 15%9,490원 7,990원 (10g당 659원) 2/11(수) 도착 예정 5 (8891) 최대 400원 적립",,,,,
[올바르고 반듯한] 찐빵 2종 (택1),,,,,
"뉴트리오코 밀크맛 웨이퍼, 12g, 30개 29%7,800원 5,500원 (10g당 153원) 내일(일) 새벽 도착 보장 5 (1260) 최대 261원 적립",,,,,
"대림선 스노우 크랩킹 오리지널맛, 140g, 2개 4,480원 (100g당 1,600원) 내일(일) 새벽 도착 보장 5 (4499) 최대 224원 적립",,,,,
[본마망] 과일잼 3종,,,,,
"한끼 쌈추, 80g, 1개 1,600원 (100g당 2,000원) 내일(일) 새벽 도착 보장 4.5 (4459) 최대 80원 적립",,,,,
간편한 손질 조개살 모음 3종 (생물) (택1),,,,,
"베이비 리마빈 리마콩 페루산 LIMABEAN 비타민C1포증정, 1개, 500g 13,900원 (100g당 2,780원) 2/12(목) 도착 예정 5 (10) 최대 695원 적립",,,,,
[부르본] 그루터기모양 초코비스킷 66g,,,,,
"탐사 샘물, 500ml, 40개 38%12,980원 7,990원 (100ml당 40원) 내일(일) 도착 보장 5 (271873) 최대 400원 적립",,,,,
[KF365] 한돈 간장양념 돼지불고기 2종 (냉장) (택1),,,,,
[대상웰라이프] 흑삼 대보 24포,,,,,
[삼진어묵] 대파 사각어묵 300g,,,,,
[둥구나무] 코다리조림,,,,,
[CU 픽업] 이코몽 타루쵸조,,,,,
"고급진 캐나다산 목살 구이용 (냉장), 1kg, 1개 16,260원 (100g당 1,626원) 내일(일) 새벽 도착 보장 5 (6313) 최대 813원 적립",,,,,
[선물세트] 박준우의 오쁘띠베르 피낭시에 가르니 세트 (6개입),,,,,
"불닭볶음면 까르보 130g, 12개 18%18,000원 14,700원 (1개당 1,225원) 내일(일) 도착 보장 5 (48702) 최대 735원 적립",,,,,
"국내산 와일드 루꼴라, 100g, 1개 3,300원 (100g당 3,300원) 내일(일) 새벽 도착 보장 5 (43342) 최대 165원 적립",,,,,
[요플레] 플레인 화이트 430g,,,,,
"수향미 골든퀸 3호 백미, 특, 4kg, 1개 22,900원 (100g당 573원) 내일(일) 새벽 도착 보장 5 (726) 최대 1,145원 적립",,,,,
[농심]누들핏 육개장사발면맛(8입),,,,,
[CU 픽업] 수정방웰베이500ml,,,,,
[바이탈뷰티] 메타그린 슬림업 리필 (60일분),,,,,
[브로드카세] 72시간 저당 씨앗가득 사워도우 2종 (택1),,,,,
"알리안자 포머스 올리브오일, 1개, 1L 22%13,900원 10,750원 (100ml당 1,075원) 내일(일) 도착 보장 5 (594) 최대 538원 적립",,,,,
[바이오노바] 유기농 스위트콘 340g,,,,,
"대구농산 건강한밥상 국산 찰흑미, 1kg, 1개 22%8,980원 6,980원 (100g당 698원) 내일(일) 새벽 도착 보장 4.5 (1309) 최대 349원 적립",,,,,
[메디트리] 포켓 치카 구강유산균 30정,,,,,
[CU 픽업] 에버펠디16년,,,,,
[와인앤모어픽업]로버트 몬다비 빈트 프라이빗 셀렉션 샤도네이 ((운영)),,,,,
[예찬원] 가마솥 분말육수 (30ea),,,,,
"CJ제일제당 가쓰오우동 4인분, 933.2g, 1봉 7%9,480원 8,810원 (100g당 944원) 내일(일) 새벽 도착 보장 5 (23564) 최대 440원 적립",,,,,
로즈마리 10g,,,,,
"마니커 국산 닭발 (냉동), 1kg, 2개 18,900원 (100g당 945원) 내일(일) 새벽 도착 보장 5 (11463) 최대 945원 적립",,,,,
[호밍스] 낙곱새전골 800g,,,,,
"곰곰 돌돌말이 대패 목심 (냉동), 400g, 1개 32%7,990원 5,390원 (100g당 1,348원) 내일(일) 새벽 도착 보장 4.5 (5011) 최대 270원 적립",,,,,
"맑은물에 참 좋은 국산콩 100% 순두부, 400g, 2개 2,900원 (100g당 363원) 내일(일) 새벽 도착 보장 5 (119378) 최대 145원 적립",,,,,
"마시뜨랑 도시락 볶음밥 250g x 6종세트 (냉동), 1.5kg, 1세트 19,900원 (100g당 1,327원) 내일(일) 새벽 도착 보장 4.5 (5726) 최대 995원 적립",,,,,
[도량] 철가방요리사 임태훈 셰프의 짜장면 (2인분),,,,,
"비비고 썰은 배추김치, 1.2kg, 1개 23%18,900원 14,400원 (100g당 1,200원) 내일(일) 새벽 도착 보장 5 (37333) 최대 720원 적립",,,,,
"더건강한 그릴후랑크, 300g, 2개입 29%10,980원 7,730원 (10g당 129원) 내일(일) 새벽 도착 보장 5 (18499) 최대 386원 적립",,,,,
[나우푸드] 콜레스테롤 & 혈당 서포트 (2개월분),,,,,
[오봉집] 인기 메뉴 6종 (택1),,,,,
[신의주 찹쌀순대] 들깨 가득 백순대 볶음 915g,,,,,
[CU 픽업] 샤를도떼일샴페인블랑드블랑,,,,,
[육공육] 더블에이징 비엔나 225g*2,,,,,
[떡미당] 곤약 가래떡 500g 3종 (택1),,,,,
[불가리스] 이너케어 (장/위/간프로텍트) 3종 (택1),,,,,
"롯데웰푸드 빠다코코낫 오리지날, 300g, 4개 쿠폰할인6%11,420원 10,720원 (10g당 89원) 내일(일) 도착 보장 5 (35405) 최대 536원 적립",,,,,
[오뚜기] 아임스틱 사과잼 (20g*10입),,,,,
깐 마 300g,,,,,
"이금기 프리미엄 굴소스, 327g, 1개 6,000원 (100g당 1,835원) 내일(일) 도착 보장 5 (8633) 최대 300원 적립",,,,,
[CU 픽업] 베린저메인멜롯,,,,,
[말돈] 소금 & 후추 세트,,,,,
[브레밀] 브리오슈 버거번 (50g x 12개),,,,,
[고맙당] 저당 고추장&쌈장 세트 (전용쇼핑백 증정),,,,,
"스노우밸리 웰프리츠 해쉬브라운 패티 (냉동), 1.28kg, 1개 14%9,900원 8,490원 (100g당 663원) 내일(일) 새벽 도착 보장 5 (220) 최대 375원 적립",,,,,
[진가네반찬] 추억의 도시락 반찬 세트,,,,,
[전통주] 고창 복분자주 선운 (13도 375mL),,,,,
[선물세트] 옥돔&갈치&민어굴비 세트 (예약일 수령),,,,,
[리치몬드 과자점] 공주밤파이세트 (65g X 10개),,,,,
[김정환홍삼] 홍삼으로 에너지타임 플러스 (100일분)(+쇼핑백증정),,,,,
"바른곡물 국산 서리태, 800g, 1개 67%24,500원 7,980원 (100g당 998원) 내일(일) 도착 보장 4.5 (5058) 최대 399원 적립",,,,,
[유가원] 유기농 솔티드 캐슈넛 120g,,,,,
"무료배송 초록매실 스파클링 제로, 350ml, 20개 13,280원 (100ml당 190원) 2/11(수) 도착 예정 5 (11828) 최대 664원 적립",,,,,
"곰곰 하트모양 떡국떡, 300g, 1개 3,990원 (100g당 1,330원) 내일(일) 새벽 도착 보장 5 (2041) 최대 200원 적립",,,,,
"(유퀴즈 커피) 발암물질 제로 진공질소 케냐 AA 고급 원두 [원산지:케냐], 200g, 1개, 홀빈(분쇄안함) 35%12,000원 7,700원 (10g당 385원) 내일(일) 도착 보장 4.5 (47) 최대 385원 적립",,,,,
[덴마크] 요거밀 통오트 플레인 (85g X 8개),,,,,
"삼립호빵 발효미종 생생야채 호빵, 95g, 4개입, 2개 9,160원 (10g당 121원) 내일(일) 새벽 도착 보장 4.5 (5641) 최대 458원 적립",,,,,
[동원] 살코기 참치 85g X 6캔,,,,,
[셀렉스] 밀세라 콜라겐 에스테틱 드링크 4입,,,,,
[언더프레셔] 블렌드 원두 140g 2종 (택1),,,,,
"[전통주] 해창막걸리 3입 2종(택1) (9도, 12도 900mL * 3입) (무아스파탐)",,,,,
[상하] 체다 슬라이스 10매입,,,,,
[올가비오] 커큐민 파우더(강황 분말) 100g,,,,,
[더 샤퀴테리아] 코파&프로슈토 샘플러,,,,,
[CU 픽업] 듀어스더블더블27년,,,,,
"데체코 스파게티, 1kg, 2개 28%15,360원 10,980원 (100g당 549원) 내일(일) 도착 보장 5 (7875) 최대 549원 적립",,,,,
"무료배송 국산 벌교 꼬막 산지직송 새꼬막 특품 상 대 특대 2kg 3kg 5kg 10kg, [상] 새꼬막 3kg, 1개 81%75,000원 13,800원 (100g당 460원) 2/10(화) 도착 예정 4 (1932) 최대 690원 적립",,,,,
[도제식빵] 고메버터 브리오슈 식빵 2종 (택1),,,,,
[그림의빵] 저당고단백 크림빵 4종 (택1),,,,,
[호텔컬렉션] 한우사골추어탕,,,,,
[플뢰르] 한입 바움쿠헨 3종 (택1),,,,,
[CU 픽업] ELEM아이러브아일라,,,,,
"무료배송 새우몰 명태포 손포 400g+400g 일정한 사이즈로 제수용 추천 동태전, 2개, 400g 할인4%10,800원 10,350원 (100g당 1,294원) 2/10(화) 도착 예정 4.5 (2765) 최대 490원 적립",,,,,
"밀키스 제로 탄산음료, 250ml, 30개 19%19,000원 15,330원 (100ml당 204원) 내일(일) 도착 보장 5 (14878) 최대 766원 적립",,,,,
[삼진어묵]얇아서 쫄깃한 야채사각 (2개입),,,,,
"오뚜기 2배 사과식초, 900ml, 2개 20%8,360원 6,620원 (10ml당 37원) 내일(일) 도착 보장 5 (26217) 최대 331원 적립",,,,,
"FOURSEASONS 캠핑 멀티그리들, 25cm, 1개 65%46,600원 16,050원 (1개당 16,050원) 내일(월) 도착 보장 새 상품, 반품 (13) 최저13,480원 4.5 (5833) 최대 803원 적립",,,,,
"토스티토스 하바네로 살사소스, 439.4g, 1개 6,030원 (100g당 1,372원) 내일(일) 새벽 도착 보장 5 (1066) 최대 301원 적립",,,,,
"레이즈 솔트 앤 비네가 칩, 184.2g, 1개 4,690원 (10g당 255원) 내일(일) 도착 보장 4.5 (3279) 최대 235원 적립",,,,,
"정식품 베지밀 검은콩 아몬드 호두 두유, 190ml, 32개 21,800원 (100ml당 359원) 내일(일) 새벽 도착 보장 5 (7206) 최대 1,090원 적립",,,,,
[드시모네] 프리미엄 플러스 (30일분),,,,,
"곰곰 숯불구이맛 김밥햄, 120g, 1개 1,490원 (100g당 1,242원) 내일(일) 새벽 도착 보장 5 (243) 최대 75원 적립",,,,,
"무료배송 아람유통 재원식품 천사채 소면, 1개, 1kg 22%7,500원 5,800원 (100g당 580원) 2/10(화) 도착 예정 4.5 (1512) 최대 290원 적립",,,,,
[자일로큐브] 무설탕 자일리톨 큐브 캔디 4종 (택1),,,,,
"백설 엑스트라버진 압착 올리브유, 900ml, 2개 57%53,000원 22,540원 (100ml당 1,252원) 내일(일) 도착 보장 5 (31986) 최대 1,127원 적립",,,,,
[맛꾼푸드] 엿구마 바삭칩 50g,,,,,
[선물세트] 장만순산삼가 공의정(20p),,,,,
"곰곰 설향딸기, 500g(M), 1팩 8,900원 (100g당 1,780원) 내일(일) 새벽 도착 보장 4.5 (10624) 최대 445원 적립",,,,,
[집으로ON] 어린이 순살 생선구이 3종 (택1),,,,,
[풀무원] 생소면 600g,,,,,
"대추방울토마토, 500g, 1개 4,490원 (100g당 898원) 내일(일) 새벽 도착 보장 4.5 (128522) 최대 225원 적립",,,,,
[서울우유] 신선함이 살아있는 목장 블루베리 요거트 750mL,,,,,
[진실된손맛] 시그니처 반찬 3종 (아몬드멸치&진미채&콩자반),,,,,
[바다원] 구운 쥐포채 150g,,,,,
냉동 다진마늘 이지큐브형 200g,,,,,
"오뚜기 백세 카레 약간매운맛, 100g, 3개 47%13,140원 6,860원 (100g당 2,287원) 내일(일) 새벽 도착 보장 5 (3234) 최대 343원 적립",,,,,
"스타벅스 파이크 플레이스 로스트 by 네스카페 돌체구스토 캡슐커피, 6.5g, 12개입, 1개 7,990원 (10g당 1,024원) 내일(일) 도착 보장 5 (8552) 최대 400원 적립",,,,,
"곰곰 100% 국산콩 순두부, 400g, 2개 2,790원 (100g당 349원) 내일(일) 새벽 도착 보장 5 (19240) 최대 140원 적립",,,,,
실키핑크토마토 500g,,,,,
"사조 해표 콩기름 식용유, 1.8L, 2개 10,640원 (100ml당 296원) 내일(일) 도착 보장 5 (333923) 최대 532원 적립",,,,,
"무료배송 저온압착 풍미가 들기름 통들깨100%, 2개, 350ml 24,460원 (10ml당 349원) 2/10(화) 도착 예정 4.5 (3839) 최대 1,223원 적립",,,,,
"무료배송 [대박특가] 첫수확 짭짤이 대저 토마토, 1개, 2.5kg 중대과(L-2L) 쿠폰할인51%40,900원 19,900원 (100g당 796원) 2/14 도착 예정 4.5 (99) 최대 995원 적립",,,,,
완숙토마토 1kg,,,,,
[봄란] 자유방목 동물복지 유정란 15구,,,,,
[풀무원] 국산콩 나또 3종,,,,,
[허브&스파이스마켓] 국내산 생강가루 45g,,,,,
"[전통주] 딥앤다크 (9도, 350mL)",,,,,
"컬러푸드 옐로우라벨 코코아파우더, 1개, 1개입, 300g 할인18%14,000원 11,430원 (10g당 381원) 내일(일) 도착 보장 5 (433) 최대 531원 적립",,,,,
"국내산 채소믹스, 1kg, 1개 9,040원 (100g당 904원) 내일(일) 새벽 도착 보장 4.5 (191945) 최대 452원 적립",,,,,
"무료배송 주영앤에스 관절엔 콘드로이친1200, 60정, 1개 39%99,000원 59,890원 (1정당 998원) 2/10(화) 도착 예정 5 (38233) 최대 2,995원 적립",,,,,
[선물세트] 호랑이건강원 열전대보 (14포) (+쇼핑백증정),,,,,
"피크닉 사과맛 음료, 200ml, 24개 8,230원 (100ml당 171원) 내일(일) 도착 보장 5 (1682) 최대 411원 적립",,,,,
[창화당] 탱글탱글 새우낙지굴림만두,,,,,
"무료배송 해썹인증 파손보장 맥반석 찜질방 구운계란 대란 훈제란, 1개, 30구 할인31%15,900원 10,900원 (1구당 363원) 2/10(화) 도착 예정 4.5 (19) 최대 545원 적립",,,,,
[벨지오이오소] 10개월 숙성 파마산 웻지 142g,,,,,
"곰곰 스테비아 대추방울토마토, 500g, 2팩 10,450원 (100g당 1,045원) 내일(일) 새벽 도착 보장 4.5 (204036) 최대 523원 적립",,,,,
"웰넛 자연두레 로스티드피넛, 500g, 1개 3,590원 (100g당 718원) 내일(일) 도착 보장 4 (189) 최대 180원 적립",,,,,
"착한습관 볶은아마씨가루, 200g, 1개 6,000원 (100g당 3,000원) 내일(일) 도착 보장 4.5 (3263) 최대 300원 적립",,,,,
유기농 쑥 100g,,,,,
[기꼬만] 혼쯔유 1.8L (대용량),,,,,
"곰곰 당도선별 감귤, 500g(로얄과), 1팩 5,490원 (100g당 1,098원) 내일(일) 새벽 도착 보장 4.5 (9357) 최대 275원 적립",,,,,
"룸모 리가토니, 500g, 1개 5%5,300원 5,030원 (100g당 1,006원) 내일(일) 새벽 도착 보장 5 (492) 최대 251원 적립",,,,,
"칸타타 스위트 아메리카노, 275ml, 24개 23,940원 (100ml당 363원) 내일(일) 도착 보장 5 (10716) 최대 1,197원 적립",,,,,
[김소영 아티장의 안단테] 그랑도르즈 까망베르 2종 (택1),,,,,
[CU 픽업] 47AD블랙750ml,,,,,
"손질 코다리토막 (냉동), 1.3kg, 1개 10,900원 (100g당 838원) 내일(일) 새벽 도착 보장 4.5 (3082) 최대 495원 적립",,,,,
[그리팅키즈] 꼬꼬 찜닭200g,,,,,
"하림 자연실록 무항생제 인증 닭 안심 (냉장), 350g, 1개 44%8,900원 4,900원 (100g당 1,400원) 내일(일) 새벽 도착 보장 5 (47670) 최대 245원 적립",,,,,
"미떼 핫초코 오리지날, 30g, 10개입, 3개 23%14,700원 11,190원 (10g당 124원) 내일(일) 도착 보장 5 (31774) 최대 560원 적립",,,,,
[RARE : 레어] 1++(8) 한우 채끝 스키야끼 200g,,,,,
[동원] 자연산골뱅이 3종 (택1),,,,,
[멘야하나비] 마제소바 2인분,,,,,
[스미스티] 그린 어소트먼트 3종 선물세트,,,,,
[마이노멀] 저칼로리 토마토 케찹,,,,,
[CU 픽업] 리트모로제,,,,,
[소반옥] 물비빔냉면 (2인분),,,,,
"국내산 홍고추, 80g, 1개 1,990원 (100g당 2,488원) 내일(일) 새벽 도착 보장 4.5 (33786) 최대 100원 적립",,,,,
[선물세트] 공덕농협 군고구마양갱 선물세트,,,,,
"[로켓프레시]만능 대패 삼겹살 (냉동), 1kg, 1개 할인4%12,370원 11,850원 (100g당 1,185원) 내일(일) 새벽 도착 보장 4.5 (2434) 최대 545원 적립",,,,,
[CJ] 바이오코어 데일리 유산균 (30일분),,,,,
[선물세트] 리오마레 올리브오일 참치 세트 (80g x 18캔),,,,,
"곰곰 사골 분말, 500g, 1개 24%6,990원 5,290원 (100g당 1,058원) 내일(일) 도착 보장 4.5 (1942) 최대 265원 적립",,,,,
[선물세트] 창억 프리미엄 선물세트,,,,,
[선물세트] 인기 젓갈 선물세트 3종 (택1),,,,,
"델라고 국산 우드 베이직 궁중팬, 24cm, 1개 57%38,900원 16,400원 (1개당 16,400원) 내일(월) 도착 보장 4.5 (4673) 최대 779원 적립",,,,,
[CU 픽업] 텐타카우마카라,,,,,
"더건강한 샌드위치햄, 90g, 1개 25%3,280원 2,440원 (10g당 271원) 내일(일) 새벽 도착 보장 5 (99853) 최대 122원 적립",,,,,
"해태제과 홈런볼 초코, 46g, 10개 11,200원 (10g당 243원) 내일(일) 도착 보장 5 (134700) 최대 560원 적립",,,,,
"풀무원 다진생강 튜브, 80g, 1개 4,980원 (10g당 623원) 내일(일) 새벽 도착 보장 5 (4426) 최대 249원 적립",,,,,
[외할머니댁X북촌] 고깃집 갈비살 된장찌개,,,,,
[풀무원] 지구식단 저당 볶음짬뽕 (2인분),,,,,
"순창궁 우리햅쌀 태양초 고추장, 170g, 1개 1,950원 (100g당 1,147원) 내일(일) 새벽 도착 보장 5 (221) 최대 98원 적립",,,,,
"스테이크용 양송이&채소 2종, 180g, 1봉 4,990원 (100g당 2,772원) 내일(일) 새벽 도착 보장 5 (1061) 최대 250원 적립",,,,,
"대구농산 건강한밥상 국산 찰흑미, 1kg, 1개 22%8,980원 6,980원 (100g당 698원) 내일(일) 도착 보장 4.5 (45449) 최대 349원 적립",,,,,
[허쉬] 말차 핫초코 160g,,,,,
[쿤나] 크리스피 초콜릿 과자 2종 (택1),,,,,
[Kurly's] 바삭하게 볶은 돌김자반 35g,,,,,
[롯데칠성] 오트몬드 언스위트 (190mL X 24개),,,,,
"곰곰 가다랑어포, 90g, 1개 35%9,300원 5,990원 (100g당 6,656원) 내일(일) 새벽 도착 보장 5 (457) 최대 300원 적립",,,,,
[셀렉티아]  트러플 소스 75g (트러플함량 5%),,,,,
[라빈리커픽업][뱅베 내추럴특가] 밀란 네스타레츠 데인져 380 볼츠 20 (와인),,,,,
[CU 픽업] 토후말보로샤도,,,,,
[미트빌] 미국산 소고기 초이스 채끝 스테이크300g (냉장),,,,,
[파미고] 발사믹 콘디멘토 200mL (포도원액 90%),,,,,
"포카칩 오리지널, 66g, 20개 19%28,900원 23,400원 (10g당 177원) 내일(일) 도착 보장 5 (52662) 최대 1,170원 적립",,,,,
[바오담] 호두강정 110g,,,,,
[선물세트][동원] 동원참치 O-15호,,,,,
"웅진 누룽지차, 1.5L, 12개 12,390원 (100ml당 69원) 내일(일) 도착 보장 5 (29774) 최대 620원 적립",,,,,
"해태제과 오예스 미니, 192g, 2개 5,300원 (10g당 138원) 내일(일) 새벽 도착 보장 5 (4223) 최대 265원 적립",,,,,
"무료배송 [난각번호1번] 자유방목 유정란 계란 특란, 1개, 40구 할인38%33,900원 20,800원 (1구당 520원) 2/10(화) 도착 예정 4.5 (1746) 최대 1,040원 적립",,,,,
[새벽방앗간]100% 참깨 냉압착 참기름 200ml,,,,,
[버크셔세상] 저탄소 인증 버크셔K 한돈 5종 (택1),,,,,
[CU 픽업] 아벨라워아브나흐,,,,,
"무료배송 산과들에 25년산 햇 견과류 볶음아몬드, 500g, 1개 할인10%11,300원 10,170원 (1세트당 10,170원) 2/10(화) 도착 예정 5 (8666) 최대 509원 적립",,,,,
"허쉬 너겟 크리미 밀크 아몬드 초콜릿, 159g, 3개 11,900원 (10g당 249원) 내일(일) 도착 보장 5 (8981) 최대 595원 적립",,,,,
[청정원] 순창 양념듬뿍 쌈장 3종 (택1),,,,,
[올가] 유기농 발아 옥수수차 150g (10g X 15개),,,,,
"산들해랑 동진 찹쌀, 4kg, 1개 13,900원 (100g당 348원) 내일(일) 새벽 도착 보장 5 (2543) 최대 695원 적립",,,,,
"곰곰 한돈 뒷다리살 다짐육 (냉장), 1kg, 1팩 18%14,190원 11,590원 (100g당 1,159원) 내일(일) 새벽 도착 보장 5 (58709) 최대 580원 적립",,,,,
[라빈리커픽업] 비냐 빅 밀라칼라 (와인),,,,,
"디벨라 스파게티 8호, 1kg, 2개 38%11,600원 7,100원 (100g당 355원) 내일(일) 새벽 도착 보장 4.5 (10763) 최대 355원 적립",,,,,
"농부곡간 캐나다산 병아리콩, 3kg, 1개 45%12,900원 6,980원 (100g당 233원) 내일(일) 도착 보장 5 (2288) 최대 349원 적립",,,,,
[베스처] 코랄칼슘 앤 마그네슘 비타민D (90일분),,,,,
[김소영 아티장의 안단테] 벨레트왈 투르 드 파리 브리,,,,,
[파밀리에 미카우도] 써니 유기농 아가베 시럽 250g,,,,,
"청정원 생와사비, 40g, 1개 10%3,880원 3,480원 (10g당 870원) 내일(일) 도착 보장 새 상품, 반품-미개봉 (22) 최저3,300원 5 (12704) 최대 174원 적립",,,,,
[CU 픽업] 롱보드473ml*24캔,,,,,
"[전통주] 느린마을 취향찾기+전용잔(랜덤) (6도,11도,750ml*4입,잔1입)",,,,,
"곰곰 말차 파우더, 500g, 1개입, 1개 43%11,550원 6,490원 (10g당 130원) 내일(일) 도착 보장 4.5 (2024) 최대 325원 적립",,,,,
[탄단지] 고구마를 품은 닭가슴살 3종 (200gX2팩),,,,,
[몬타이] 피넛 월남쌈 소스,,,,,
"대한물산 구운 김밥김 10p, 24g, 3개 23%9,000원 6,900원 (10g당 958원) 내일(일) 도착 보장 5 (1598) 최대 345원 적립",,,,,
[서울우유] 더진한 그릭 요거트 100g,,,,,
[하이포크] 한돈 급냉 삼겹살 500g,,,,,
[햇님마을] 고춧가루 2종 (택1),,,,,
"복이네먹거리 국산 안매운 순한맛 어린이 반찬용 고춧가루, 115g, 1개 8,290원 (100g당 7,209원) 내일(일) 도착 보장 5 (1322) 최대 415원 적립",,,,,
[롯데] 프리미엄 가나 헤이즐넛 2종 (택1),,,,,
[소담소담] 한돈 고추장 마늘 돼지갈비 500g (냉동),,,,,
"풀무원 국내산 콩 신선한 네모 두부, 340g, 1개 4,660원 (100g당 1,371원) 내일(일) 새벽 도착 보장 5 (4084) 최대 233원 적립",,,,,
[도시곳간] 7days 건강 반찬 세트 - 목요일,,,,,
[허쉬] 초코탑콘 크리미 아몬드 아이스크림 (130mL X 3개),,,,,
"디벨라 스파게티, 1kg, 1개 27%5,800원 4,200원 (100g당 420원) 내일(일) 새벽 도착 보장 4.5 (10763) 최대 210원 적립",,,,,
[26년 설] [CU 픽업] 더글렌그란트12년,,,,,
상황버섯 삼계탕 재료 2입,,,,,
[테디] 100% 땅콩버터 454g 2종,,,,,
"웰치스 그레이프맛, 355ml, 6개 5,040원 (100ml당 237원) 내일(일) 새벽 도착 보장 5 (4702) 최대 252원 적립",,,,,
[오다다] 퍼플문티 (1.5g X 24개),,,,,
[보꼬네] 모짜렐라 보코치니 100g (냉장),,,,,
[상하농원] 가리비젓 250g,,,,,
"오뚜기 실쏙 데리야끼 소스 스파우트팩, 2kg, 1개 5,980원 (100g당 299원) 내일(일) 도착 보장 5 (360) 최대 299원 적립",,,,,
"담터 꿀생강차A, 1kg, 1개입, 1개 7,640원 (10g당 76원) 내일(일) 도착 보장 4.5 (8061) 최대 382원 적립",,,,,
"무료배송 진한제과 옥수수 브이콘, 50g, 40개 할인28%25,110원 17,910원 (10g당 90원) 2/13(금) 도착 예정 5 (32849) 최대 895원 적립",,,,,
[더건강한] 닭가슴살 샌드위치햄 90g*3,,,,,
[아우어베이커리] 카라멜 아몬드 바스크 치즈케이크 280g,,,,,
[카스텔로] 덴마크 휩트 크림치즈 125g 2종 (택1),,,,,
[하코야] 통 피자돈까스 280g,,,,,
[미도어묵] 오징어 야채 어묵바 매운맛 (5개입),,,,,
[CU 픽업] 글렌고인10년700ml,,,,,
[겨울간식] 삼립 호빵 5종 (택1),,,,,
"무료배송 명식품본사 호두 반태 [대포장] 호도 2분의1 반쪽, 1kg, 1개 28%25,000원 17,900원 (100g당 1,790원) 2/10(화) 도착 예정 4.5 (86) 최대 895원 적립",,,,,
[온하루] 은달래장,,,,,
"웰넛 자연두레 호박씨, 1kg, 1개 9,250원 (100g당 925원) 내일(일) 도착 보장 4.5 (2271) 최대 463원 적립",,,,,
[샘표] 쓱쓱싹싹 밥도둑 파우치 5종 (택1),,,,,
[윤슬] 모둠해물 250g (냉장),,,,,
냉동 허니 딸기 500g,,,,,
[스마일찬] 모둠나물(콩나물 & 무나물 &호박나물),,,,,
[풀무원] 한끼 연두부 2개입,,,,,
누텔라 스프레드 370g,,,,,
"농심 안성탕면 125g, 10개 쿠폰할인10%7,360원 6,620원 (1개당 662원) 내일(일) 도착 보장 5 (368426) 최대 331원 적립",,,,,
당도선별 성주 참외 1.2kg(4~7입),,,,,
[비비고] 수제 진한고기만두 400gx2개입,,,,,
"소와나무 비피더스 명장 포도 요구르트, 125ml, 8개입, 1개 3,420원 (10ml당 34원) 내일(일) 새벽 도착 보장 5 (13150) 최대 171원 적립",,,,,
[덴마크] 사워 크림 450g,,,,,
[금룡각] 대게살 스프 300g,,,,,
"너트킹 아몬드 분말, 1kg, 2개 쿠폰할인5%18,500원 17,500원 (100g당 875원) 내일(일) 도착 보장 5 (2558) 최대 875원 적립",,,,,
[마이셰프] 얼큰 미나리 샤브샤브,,,,,
[폴 바셋] 바리스타 돌체라떼 (330mL X 12개),,,,,
[도드람한돈] 앞다리 찌개용 500g (냉장),,,,,
[포트'럭] 국산 백합조개 400g (생물),,,,,
[이목] 국내산 소고기 차돌박이 구이용 200g (냉동),,,,,
[선물세트] 셀렉티아 트러플 세트 1호,,,,,
"무료배송 현대농산 국산 현미찹쌀 찰현미, 5kg, 2개 35,300원 (100g당 353원) 2/11(수) 도착 예정 4.5 (3014) 최대 1,765원 적립",,,,,
"삼육오점이사 사조 전자레인지용 팝콘 오리지날, 140g, 2개 4,530원 (10g당 162원) 내일(일) 도착 보장 5 (14198) 최대 226원 적립",,,,,
[탄단지] 가벼운 한식 도시락 6종 (택2),,,,,
[소반옥] 인기 냉면 2종,,,,,
"곰곰 100% 아몬드 스프레드 스무스, 200g, 1개 46%16,900원 9,010원 (100g당 4,505원) 내일(일) 도착 보장 4.5 (41) 최대 450원 적립",,,,,
[농심] 포테토칩 K양념치킨맛 86g,,,,,
[해표] 참진한 들기름 320mL,,,,,
"어메이징오트 바리스타, 950ml, 10개 26,490원 (100ml당 279원) 내일(일) 도착 보장 새 상품, 반품-미개봉 (30) 최저26,490원 5 (12407) 최대 1,325원 적립",,,,,
"풀무원 순두부 또띠아 지름 20cm 5입, 225g, 2개 6,940원 (100g당 1,542원) 내일(일) 새벽 도착 보장 5 (6761) 최대 347원 적립",,,,,
[듀오락] 퀘르세틴 유산균 (30포),,,,,
[한팟] 속시원한 알알이 가득 알탕 (리뉴얼),,,,,
[제주담음] 제주 흑돼지 카레,,,,,
"이금기 팬더 굴소스, 255g, 1개 2,730원 (100g당 1,071원) 내일(일) 새벽 도착 보장 5 (4600) 최대 136원 적립",,,,,
[마정기름집] 프리미엄 국산 햇참기름 & 햇들기름 3종 (택1),,,,,
"무료배송 산과들에 오리진스믹스너트 하루견과류 20g, 30개 할인16%11,900원 9,950원 (100g당 1,658원) 2/10(화) 도착 예정 4.5 (1244) 최대 498원 적립",,,,,
[커피빈] 얼그레이 바닐라 라떼 (25g X 8개),,,,,
"롯데웰푸드 드림카카오 82%, 86g, 6개 17,750원 (10g당 344원) 내일(일) 도착 보장 5 (46191) 최대 888원 적립",,,,,
"무료배송 [7일특가] 고당도 귤 15브릭스 이상, 1박스, 10kg 18,500원 (100g당 185원) 2/13(금) 도착 예정 3 (118) 최대 925원 적립",,,,,
[브리미] 보코치니 125g,,,,,
"아삭한 그린 채소믹스 더플팩, 300g, 2개 6,630원 (100g당 1,105원) 내일(일) 새벽 도착 보장 5 (46146) 최대 331원 적립",,,,,
"해맑음 겨울향기 유자청, 1kg, 1개입, 1개 8,300원 (10g당 83원) 내일(일) 새벽 도착 보장 5 (840) 최대 415원 적립",,,,,
[로레토] 블랙 홀 올리브,,,,,
"감미인 달콤촉촉 감말랭이 (냉동), 70g, 4개 10,500원 (100g당 3,750원) 내일(일) 새벽 도착 보장 5 (885) 최대 525원 적립",,,,,
[진실된손맛] 맑은 나주식곰탕,,,,,
"무료배송 손질없이 간편조리 삶은 양구시래기300g 5팩(1.5kg), 5개, 300g 16,900원 (100g당 1,127원) 2/10(화) 도착 예정 4.5 (70) 최대 845원 적립",,,,,
"곰곰 옛날 삼겹살 구이용 (냉동), 1kg, 1개 32%18,990원 12,890원 (100g당 1,289원) 내일(일) 새벽 도착 보장 4.5 (9495) 최대 645원 적립",,,,,
[마이노멀] 저당 저칼로리 매실청 580g,,,,,
[카누] 싱글오리진 커피 캡슐 3종(택1) (카누머신 전용),,,,,
[아티장 비스킷] 치즈를 위한 로즈마리 크래커 125g,,,,,
[더브레드블루] 클래식소보로빵 (85g X 3개),,,,,
[태우한우] 1+ 한우 삼각살 구이용 200g (냉장),,,,,
유한양행 엘레나 (15일분),,,,,
"건강곡간 동진 찰현미, 1kg, 1개 24%8,550원 6,490원 (100g당 649원) 내일(일) 도착 보장 5 (940) 최대 325원 적립",,,,,
"[캐나다 빵집, 불라트] 초콜릿&크랜베리 치아바타 (100g X 6개)",,,,,
[곱창파는청년들] 인기곱창 3종 (택 1),,,,,
"청정원 직화짜장 분말, 80g, 3개 12%6,930원 6,030원 (100g당 2,513원) 내일(일) 도착 보장 5 (16898) 최대 301원 적립",,,,,
"건강곡간 영월 찰수수, 1kg, 1개 17%15,690원 12,980원 (100g당 1,298원) 내일(일) 도착 보장 5 (1532) 최대 649원 적립",,,,,
"머거본 믹스파티 믹스넛, 800g, 1개 21%11,000원 8,670원 (100g당 1,084원) 내일(일) 도착 보장 새 상품, 반품-미개봉 (27) 최저8,230원 4.5 (10464) 최대 434원 적립",,,,,
"탐사 아쿠아 스파클링 레몬, 20개, 500ml 33%13,600원 8,990원 (100ml당 90원) 내일(일) 도착 보장 5 (17168) 최대 450원 적립",,,,,
"곰곰 대패 우삼겹 (냉동), 1kg, 1개 18%19,490원 15,980원 (100g당 1,598원) 내일(일) 새벽 도착 보장 4.5 (35472) 최대 799원 적립",,,,,
"일가집 쫄깃치자단무지, 1kg, 1개 6,210원 (100g당 621원) 내일(일) 새벽 도착 보장 5 (43071) 최대 310원 적립",,,,,
[CU 픽업] KGB레몬330ml*24캔,,,,,
"투데이넛 호박씨, 330g, 1개 21%6,140원 4,840원 (100g당 1,467원) 내일(일) 도착 보장 새 상품, 반품-미개봉 (3) 최저4,590원 4.5 (4321) 최대 242원 적립",,,,,
"햇반 백미밥, 210g, 3개 23%5,400원 4,130원 (100g당 656원) 내일(일) 새벽 도착 보장 4.5 (66) 최대 206원 적립",,,,,
[닥터유] 단백질칩 2종 (택1),,,,,
[바름팜] 옛날 사라다용 과일&채소 키트 300g,,,,,
"오뗄 차슈 (냉동), 700g, 1개 12,030원 (100g당 1,719원) 내일(일) 새벽 도착 보장 4.5 (2295) 최대 601원 적립",,,,,
[아그로수퍼] 수입산 돼지고기 가브리살 400g(냉동),,,,,
[드시모네] 캡슐 플러스 유산균 60캡슐 X 3박스 (90일분),,,,,
[인생꼬치] 파닭 꼬치 490g(소스증정),,,,,
[Sea To Table] 캐나다산 랍스터 테일 1마리 110g (냉동),,,,,
[백설] 자른 햇당면 2종 (택1),,,,,
[파스퇴르] 바나나우유 (190mL X 24개),,,,,
[풀무원] 생칼국수 2종 (택1),,,,,
[CU 픽업] 론코리나151럼,,,,,
[CU 픽업] 간치아돌체,,,,,
[바다원] 올리브유 김자반 볶음 50g,,,,,
[CU 픽업] 텐료히다호마레,,,,,
[피그인더가든] 포켓 드레싱 4종 (택1),,,,,
"충남오감 타이벡딸기, 1개, 500g 12,990원 (100g당 2,598원) 내일(일) 새벽 도착 보장 4.5 (3368) 최대 600원 적립",,,,,
[홀베리] 유기농 레자몽즙 (14포),,,,,
[푸드버킷] 저온가공 국산호박100% 늙은 호박즙 30포,,,,,
"무료배송 원더풀 껍질없는 무염 피스타치오, 400g, 1개 48,650원 (100g당 12,163원) 2/11(수) 도착 예정 4.5 (3740) 최대 2,433원 적립",,,,,
"무료배송 한우선물세트 1++ 소고기 구이용 650g 진예2호 (꽃등심+부채살+채끝+갈비살), 1세트 할인61%280,000원 109,000원 (1세트당 109,000원) 2/10(화) 도착 예정 5 (351) 최대 5,450원 적립",,,,,
"연천농협 경기미 연진 연천쌀, 10kg, 1개, 특등급 34,900원 (100g당 349원) 내일(일) 도착 보장 5 (1382) 최대 1,745원 적립",,,,,
"산과들에 브런치 라이트 하루견과, 50개 할인14%31,900원 27,270원 (1세트당 545원) 내일(일) 도착 보장 새 상품, 반품-미개봉 (3) 최저26,990원 4.5 (2130) 최대 1,350원 적립",,,,,
[선물세트] 유명산지 레드골드 사과세트 3.6kg,,,,,
[폴로] 오리지널 민트 실속팩 900g,,,,,
"냉장고쏙 롤드 오트, 1.2kg, 1개 39%9,900원 5,980원 (100g당 498원) 내일(일) 도착 보장 4.5 (30456) 최대 299원 적립",,,,,
[이영애의 건강미식] 소소티 (늙은호박티) 20개입,,,,,
[선물세트] 참앤들황토농원 NFC 타트체리즙 30포,,,,,
"스프라이트 사이다, 300ml, 24개 16,900원 (100ml당 235원) 내일(일) 도착 보장 5 (13079) 최대 845원 적립",,,,,
[백설] 육수에는 1분링 바지락멸치 4gx20개입,,,,,
[목우촌목장] 국내산 소고기 절단 국거리 200g,,,,,
"사무실 탕비실 과자 세트 몽쉘 생크림 몽쉘통통 카카오 카스타드 촉촉한 초코칩 후레쉬베리 소라과자 곽 과자, 1개 할인5%19,900원 18,900원 (1세트당 18,900원) 내일(일) 도착 보장 새 상품, 반품-미개봉 (2) 최저18,710원 5 (4147) 최대 945원 적립",,,,,
냉동 오크라 400G,,,,,
[선물세트] 삼청동 소샌드 선물세트 2종 (택1),,,,,
"미국산 플랫아이언 구이용 (냉장), 300g, 1개 45%18,800원 10,160원 (100g당 3,387원) 내일(일) 새벽 도착 보장 4.5 (571) 최대 508원 적립",,,,,
"무료배송 베지밀 에이 담백한 두유, 190ml, 16개 27%15,200원 11,080원 (100ml당 364원) 2/10(화) 도착 예정 새 상품, 박스 훼손 (16) 최저10,640원 5 (59615) 최대 554원 적립",,,,,
[Picard] 3색 마카롱,,,,,
[베이비본죽] 롱 스틱 말랑구마 200g (50g x 4개입),,,,,
"유동 자연산 골뱅이 통조림, 300g, 1개 7,320원 (10g당 244원) 내일(일) 새벽 도착 보장 5 (911) 최대 366원 적립",,,,,
[페레로] 요거레뜨 저지방요거트 딸기 초콜릿 4개입,,,,,
[미스티브루] 콜드브루 스틱 25mL X 20개입 5종 (택1),,,,,
"테이블마크 모노키친 멘하지메 사누끼우동 (냉동), 1.25kg, 1개 9,850원 (100g당 788원) 내일(일) 새벽 도착 보장 5 (16679) 최대 493원 적립",,,,,
7일 담미 삼광 4kg,,,,,
[종근당건강] 아르기닌 6000 15포,,,,,
"롯데제과 빠다코코낫 오리지날, 600g, 1개 6,100원 (10g당 102원) 내일(일) 도착 보장 5 (35405) 최대 305원 적립",,,,,
[오희숙부각] 매자반 70g,,,,,
"딜라잇가든 국산 딸기 (냉동), 1kg, 1개 9,350원 (100g당 935원) 내일(일) 새벽 도착 보장 4.5 (28824) 최대 468원 적립",,,,,
[맹가졸리] 유기농 발사믹 식초 2종 (택1),,,,,
"담터 호두 아몬드 율무차, 18g, 15개입, 1개 5,080원 (10g당 188원) 내일(일) 도착 보장 새 상품, 반품-미개봉 (39) 최저3,610원 5 (128558) 최대 254원 적립",,,,,
"하선정 국내산무 얇은 슬라이스 단무지 4무, 120g, 1개 1,080원 (100g당 900원) 내일(일) 새벽 도착 보장 5 (4135) 최대 54원 적립",,,,,
"무료배송 국내산 제주 브로콜리 브로컬리, 1개, 1kg 할인51%19,900원 9,600원 (100g당 960원) 2/10(화) 도착 예정 4.5 (126) 최대 480원 적립",,,,,
"청정원 돼지갈비양념, 500g, 2개 5,900원 (100g당 590원) 내일(일) 새벽 도착 보장 5 (6686) 최대 295원 적립",,,,,
"바른곡물 국산 무농약 현미, 2kg, 1개 32%15,900원 10,800원 (100g당 540원) 내일(일) 도착 보장 5 (2542) 최대 540원 적립",,,,,
[슈퍼키친] 토마토소스미트볼,,,,,
[서울우유] 치즈 육포,,,,,
"무료배송 농심 건강한 쌀 부침가루, 450g, 2개 33%11,480원 7,690원 (100g당 854원) 2/11(수) 도착 예정 5 (975) 최대 385원 적립",,,,,
[락티브] 베베&키즈 우리아이 비타유산균 (30일분),,,,,
세척사과 1.4kg (6~7입),,,,,
[청정원] 홍초 복분자 900ml,,,,,
[도제식빵] 타마고산도,,,,,
[풀무원] 한끼 계란 연두부 2입,,,,,
"더건강한 닭가슴살 소시지, 120g, 1개입, 6개 12,140원 (10g당 169원) 내일(일) 새벽 도착 보장 5 (1581) 최대 607원 적립",,,,,
[햇반] 백미밥 210g X 36입 (박스),,,,,
[라빈리커픽업][뱅베 내추럴특가] 밀란 네스타레츠 우마미 18 (와인),,,,,
"포항초 시금치, 1개, 200g 3,490원 (100g당 1,745원) 내일(일) 새벽 도착 보장 4.5 (29) 최대 175원 적립",,,,,
"자연닮음 청양볶은 맥문동, 300g, 1개 39,900원 (10g당 1,330원) 내일(일) 도착 보장 4.5 (2408) 최대 1,995원 적립",,,,,
무농약 고구마로 만든 부드러운 달구마,,,,,
"꿀이구마 찹쌀 약과, 1.2kg, 1개 12,900원 (10g당 108원) 내일(일) 도착 보장 4.5 (13243) 최대 645원 적립",,,,,
[CU 픽업] 19크라임스 업라이징레드,,,,,
[청오건강] 국산 유기농 생 콩가루 180g,,,,,
"베타그로 데리야끼 숯불 닭꼬치 (냉동), 1개, 600g 13,500원 (100g당 2,250원) 내일(일) 새벽 도착 보장 4.5 (2743) 최대 625원 적립",,,,,
[CU 픽업] 랄리에 레플렉시옹R20,,,,,
"크라운산도 딸기, 161g, 1개 1,970원 (10g당 122원) 내일(일) 새벽 도착 보장 5 (463) 최대 99원 적립",,,,,
"올가홀푸드 동물복지 유정란, 20구, 1개 15,940원 (1구당 797원) 내일(일) 새벽 도착 보장 4.5 (3867) 최대 797원 적립",,,,,
"은하수산 노르웨이 연어 필렛 스테이크용, 400g, 1팩 18%24,900원 20,300원 (100g당 5,075원) 내일(일) 새벽 도착 보장 4.5 (2920) 최대 965원 적립",,,,,
"무료배송 [올가담] 크림치즈호두 곶감말이 18구 (100% 국산 충북 영동 호두 & 곶감 & 허니크림치즈), 1개, 250g 할인33%32,660원 21,710원 (100g당 144,733원) 2/10(화) 도착 예정 4 (141) 최대 1,085원 적립",,,,,
"롯데웰푸드 빈츠, 204g, 2개 28%11,400원 8,120원 (10g당 199원) 내일(일) 새벽 도착 보장 5 (2486) 최대 406원 적립",,,,,
[산메촌] 국산콩으로 만든 콩국수 2인분,,,,,
"바나나는원래하얗다 우유, 190ml, 24개 15,130원 (100ml당 332원) 내일(일) 도착 보장 5 (39826) 최대 756원 적립",,,,,
"쿠킹스토리 딸기 다이스, 10g, 1개 2,500원 (100g당 25,000원) 내일(일) 도착 보장 5 (308) 최대 125원 적립",,,,,
"농협 참기름 광천김, 4g, 16개 10%6,980원 6,280원 (10g당 981원) 내일(일) 새벽 도착 보장 5 (35) 최대 314원 적립",,,,,
[CU 픽업] 19크라임스 블랑드블랑,,,,,
[파스키에] 미니 토스트,,,,,
"사조 참치액, 900g, 2개 10,720원 (10ml당 60원) 내일(일) 도착 보장 5 (155577) 최대 536원 적립",,,,,
[네스프레소] 에티오피아 커피 캡슐 10개입(40mL or 110mL),,,,,
[오설록] 프리미엄 티 컬렉션 10종 선물세트,,,,,
"박달재 황기 티백차, 1g, 50개입, 1박스 8%10,000원 9,140원 (10g당 1,828원) 내일(일) 도착 보장 4.5 (1362) 최대 457원 적립",,,,,
"수향미 골든퀸 3호 백미, 상등급, 5kg, 1개 21,900원 (100g당 438원) 내일(일) 도착 보장 5 (24348) 최대 1,095원 적립",,,,,
착즙 주스용 재료 골라담기,,,,,
[장수엿] 생강엿 500g,,,,,
"삼진어묵 딱 한끼 어묵탕 순한맛, 308g, 2개 9,320원 (100g당 1,513원) 내일(일) 새벽 도착 보장 5 (36801) 최대 466원 적립",,,,,
"엠앤엠즈 밀크 펀사이즈, 230g, 1개 16%7,480원 6,280원 (10g당 273원) 내일(일) 도착 보장 5 (12362) 최대 314원 적립",,,,,
[스타벅스] 파이크 플레이스 로스트 블랙커피 (200mL X 4개),,,,,
[마이셰프] 해물 오코노미야끼,,,,,
"청정원 허브맛솔트 마늘&양파, 52g, 2개 4%5,680원 5,400원 (100g당 5,192원) 내일(일) 도착 보장 5 (7609) 최대 270원 적립",,,,,
[레인저스벨리] 호주산 흑소 MB3+ 골라담기,,,,,
[비비고] 닭곰탕 500g,,,,,
[맑은물에] 국산콩 비지 400g,,,,,
[브레드타임] 촉촉 갈릭바게트 150g,,,,,
[레디큐] 숙취해소 드링크 플러스 10병,,,,,
[듀니] 일회용 컵/잔 6종 (택1),,,,,
"바다자리 국산 오만둥이 (냉동), 1kg, 1개 6,990원 (100g당 699원) 내일(일) 새벽 도착 보장 4.5 (554) 최대 350원 적립",,,,,
[유유제약] 인사맥스 (120일분),,,,,
국산 킹 단호박 1통,,,,,
[푸드어셈블] 소고기 버섯말이찜,,,,,
[CU 픽업] 시가시티마두로*6캔,,,,,
"귤로장생 당도선별 10brix 감귤, 1.5kg(로열과), 1개 14,230원 (100g당 949원) 내일(일) 새벽 도착 보장 4 (11167) 최대 711원 적립",,,,,
"무료배송 Pisti 피스티 시칠리안 피스타치오 크림 스프레드, 600g, 1개 36%50,000원 31,750원 (100g당 5,292원) 2/20 도착 예정 4 (450) 최대 1,588원 적립",,,,,
[수산곳간] 추억의 안주 플래터 200g,,,,,
[커피빈] 아메리카노 파우치 (230mL X 10개),,,,,
"비비드키친 저칼로리 크레이지핫소스, 315g, 2개 8%8,200원 7,500원 (100g당 1,190원) 내일(일) 도착 보장 5 (3038) 최대 375원 적립",,,,,
[키즈텐] 유산균 100억 (30일분),,,,,
[에치와이] 양배추 드링크 요거트 500mL,,,,,
"바른미각 퍼니클 시즈닝 가루, 210g, 1개 39%14,900원 9,060원 (100g당 4,314원) 내일(일) 도착 보장 4.5 (2143) 최대 453원 적립",,,,,
[전통주] 경탁주 로제 12도 (500mL*2),,,,,
"동서 옥수수차 티백, 10g, 30개입, 1개 2,730원 (10g당 91원) 내일(일) 새벽 도착 보장 5 (244) 최대 136원 적립",,,,,
[CU 픽업] 꽁떼디깜삐아노네로디,,,,,
[올반] 바짝 고추장오리불고기 200g,,,,,
"풀무원 목초 촉촉한 반숙란 500g, 10구, 2개 15,200원 (1구당 760원) 내일(일) 새벽 도착 보장 5 (3575) 최대 760원 적립",,,,,
[슈퍼말차] 홈카페 세트 (포켓 2개 + 전용잔 1개),,,,,
"오빌릿 작두콩 배도라지차, 30g, 20개입, 1개 쿠폰할인34%15,000원 9,870원 (10g당 165원) 내일(일) 도착 보장 5 (733) 최대 439원 적립",,,,,
"디벨라 스파게티, 500g, 1개 2,500원 (100g당 500원) 내일(일) 새벽 도착 보장 5 (1162) 최대 125원 적립",,,,,
"코카콜라 제로, 2L, 8개 22,090원 (100ml당 138원) 내일(일) 도착 보장 5 (43930) 최대 1,105원 적립",,,,,
[송추가마골] 매콤 소갈비찜 1.1kg,,,,,
"곰곰 김밥용 우엉과 단무지, 250g, 1개 3,530원 (100g당 1,412원) 내일(일) 새벽 도착 보장 5 (6658) 최대 176원 적립",,,,,
"국내산 홍고추, 80g, 2개 3,860원 (100g당 2,413원) 내일(일) 새벽 도착 보장 4.5 (33786) 최대 193원 적립",,,,,
[CU 픽업] 펜폴즈 맥스 쉬라즈,,,,,
"구운 김밥김 10p, 24g, 4개 23%12,000원 9,200원 (10g당 958원) 내일(일) 도착 보장 5 (1598) 최대 460원 적립",,,,,
[라빈리커픽업][설 선물] 판티니 까살레 베끼오 몬테풀치아노 다부르쪼 블랙 (와인),,,,,
[미카구토] 홋카이도 이색 인기 캔디 3종 (택1),,,,,
[대상웰라이프] 캔서플랜 프로 1.2 24팩,,,,,
"보노 스프 5종 세트, 57g, 1세트 22%18,490원 14,240원 (100g당 24,982원) 내일(일) 도착 보장 5 (10503) 최대 712원 적립",,,,,
"무료배송 키친아트 오페라 계란말이팬 주황, 24cm, 1개 할인30%16,830원 11,700원 (1개당 11,700원) 2/12(목) 도착 예정 새 상품, 재포장 (5) 최저11,280원 4.5 (22211) 최대 585원 적립",,,,,
와일드 루꼴라 200g,,,,,
"다담 된장찌개 양념, 530g, 2개 35%16,000원 10,390원 (100g당 980원) 내일(일) 새벽 도착 보장 5 (18712) 최대 520원 적립",,,,,
[콜린스 다이닝] 슈퍼 곡물 샐러드,,,,,
"세노비스 정품 마그네슘, 90정, 1개 50%28,000원 13,840원 (1정당 154원) 내일(일) 도착 보장 5 (25788) 최대 692원 적립",,,,,
"무료배송 마른오징어 몸통 170g~200g내외 [총5미], 1개, 150g~180g내외 [총5미] 14,500원 (100g당 4,833원) 2/11(수) 도착 예정 4.5 (75) 최대 725원 적립",,,,,
[서울쿠키컴퍼니] 사르르 버터쿠키 세트 (10g X 18개),,,,,
"동물복지 감동란 750g, 15구, 1개 16,900원 (1구당 1,127원) 내일(일) 새벽 도착 보장 5 (624) 최대 845원 적립",,,,,
[리오마레] 올리브 오일 참치 80g (3캔/6캔) (택1),,,,,
"무료배송 서귀포 고당도 노지 감귤, 1박스, 10kg 못난이 14,170원 (100g당 142원) 2/13(금) 도착 예정 3.5 (487) 최대 709원 적립",,,,,
[Dukes coffee] 커피백 13g X 6개 2종(택1),,,,,
[26년 설] [CU 픽업] 러셀리저브10년,,,,,
[선물세트] 혜윰 늘옥고 10환 (+보자기포장 및 쇼핑백 증정),,,,,
[잭앤펄스] 에너블라스트 포션 원터치샷 (10일분),,,,,
"고향 쑥차, 18g, 40개입, 1개 5,990원 (10g당 83원) 내일(일) 도착 보장 4.5 (1455) 최대 300원 적립",,,,,
"국내산 풋고추, 150g, 1개 3,220원 (100g당 2,147원) 내일(일) 새벽 도착 보장 4.5 (18559) 최대 161원 적립",,,,,
[쌍계명차] 말차 투고 (2g X 10개),,,,,
[브라운넛] 팥앙금 호두과자 280g,,,,,
겨울향기 생강청 950g,,,,,
[크리스피크림도넛] 오리지널 글레이즈드 (47g X 9개),,,,,
[그릭데이] 넛티놀라 150g,,,,,
[CU 픽업] 스프링시드 소블,,,,,
[콜린스 다이닝] 렌틸콩 페타치즈 샐러드,,,,,
"무료배송 더팜스 호두, 1kg, 2개 20%35,800원 28,500원 (100g당 1,425원) 2/12(목) 도착 예정 4.5 (3293) 최대 1,425원 적립",,,,,
"롯데햄 알뜰 소시지, 500g, 1개 2,380원 (10g당 48원) 내일(일) 새벽 도착 보장 5 (24595) 최대 119원 적립",,,,,
[동원] 리챔 더블라이트 200g 2종 (택1)(3캔/6캔),,,,,
[오다다] 하트웜티 (2g X 24개),,,,,
"서울우유 짜먹는 요구르트 짜요짜요 딸기, 40g, 6개입, 3개 8%7,470원 6,810원 (10g당 95원) 내일(일) 새벽 도착 보장 5 (61139) 최대 340원 적립",,,,,
[CU 픽업] 보테가포에티,,,,,
[포트'럭] 국산 데친 동해안 피문어 2종 (택1) (냉동),,,,,
[리치몬드 과자점] 공주밤파이세트 (65g X 4개),,,,,
[비움반찬] 궁채 들깨 볶음,,,,,
[포비베이글XCJ] 맛밤 크림치즈 100g,,,,,
[하루한킷] 얼큰 미나리 칼국수 전골,,,,,
"청정원 우리아이 토마토 케찹, 410g, 1개 2,850원 (100g당 695원) 내일(일) 새벽 도착 보장 5 (415) 최대 143원 적립",,,,,
[천호엔케어] 1005키디 키즈칼슘츄 (30일분),,,,,
"정담김 정담 구운 김가루, 100g, 1개 7,500원 (10g당 750원) 내일(일) 도착 보장 5 (1309) 최대 375원 적립",,,,,
[파스퇴르] 오직 우유 100%로 만든 요거트 1.8L,,,,,
"무료배송 서울우유 멸균우유 + 초코우유 + 딸기우유 (각 8개씩 총 24입), 200ml, 24개 21,500원 (100ml당 448원) 2/11(수) 도착 예정 5 (2209) 최대 1,075원 적립",,,,,
[차합시다] 양평 수제 벌꿀생강차 340g,,,,,
[선물세트] 한국맥꾸룸 맥소담 2호,,,,,
[에코맘의산골이유식] 산골푸딩 3종 (택1),,,,,
[옛날밥상] 콩나물 돼지불고기500g,,,,,
[청담동 정식카페] 대추&밤 몽블랑 케이크,,,,,
"무료배송 최상급 통영굴 생굴 알굴 깐굴 (2kg 구매시 오만둥이 300g 증정), 1개, 생굴 2kg 23,500원 (100g당 1,175원) 2/11(수) 도착 예정 5 (3053) 최대 1,175원 적립",,,,,
[라빈리커픽업][뱅베 내추럴특가] 노비스 메르씨 20 (와인),,,,,
[도시곳간X수퍼판] 라구 까사레체,,,,,
[곱창고] 일품 곱도리탕,,,,,
[브로드카세] 72시간 저당 사워도우 8종 (택1),,,,,
[배나무골] 연잎 삼겹살 (냉장),,,,,
[모던구루] 국산 유기농 오트밀 500g,,,,,
[태우한우] 1+ 한우 안창살 구이용 200g (냉장),,,,,
[딥트3일] 애플 버닝티 10포,,,,,
"연근모양 분모자 (냉동), 500g, 1개 3,280원 (100g당 656원) 내일(일) 새벽 도착 보장 5 (694) 최대 164원 적립",,,,,
[익스트림] 액티브 에너지젤 40g x 14포,,,,,
"코카콜라 오리지널, 490ml, 24개 26,500원 (100ml당 225원) 내일(일) 도착 보장 5 (230979) 최대 1,325원 적립",,,,,
"동광한방몰 시나몬스틱, 500g, 1개 6,800원 (10g당 136원) 내일(일) 도착 보장 4.5 (737) 최대 340원 적립",,,,,
[은하수산] 광어&숭어 모둠회 400g,,,,,
"무료배송 미다몰 10종 믹스너트 믹스넛 견과, 800g, 2개 할인19%13,000원 10,490원 (100g당 656원) 2/11(수) 도착 예정 4.5 (4913) 최대 519원 적립",,,,,
[니아르] 헤모케어 (28일분),,,,,
"무료배송 냉동 두리안 450g, 3개 31,500원 (100g당 2,333원) 2/11(수) 도착 예정 4.5 (2163) 최대 1,575원 적립",,,,,
담아 본 천혜향 3kg (7~10입),,,,,
"딸기 (냉동), 2개, 1kg 9,210원 (100g당 461원) 내일(일) 새벽 도착 보장 4.5 (1600) 최대 460원 적립",,,,,
"오뚜기 스낵면 108g, 5개 3,200원 (1개당 640원) 내일(일) 새벽 도착 보장 5 (13717) 최대 160원 적립",,,,,
"미떼 핫초코 오리지날, 17g, 40개입, 2개 19,970원 (10g당 147원) 내일(일) 도착 보장 5 (31774) 최대 999원 적립",,,,,
[아미노바이탈] 퍼펙트 에너지 5000mg x 6팩,,,,,
"테일러 유기농 푸룬건자두, 210g, 1개 7,130원 (100g당 3,395원) 내일(일) 새벽 도착 보장 5 (315) 최대 356원 적립",,,,,
[신키네도] 스타롤 하프 3구 세트 (175g X 3개),,,,,
[진가네반찬] 부추겉절이와 소고기육전,,,,,
[신라명과] 달보드레 꿀카스테라 2종 (택1),,,,,
[선물세트] 삼진어묵 1953 세트 1호 (예약일 수령),,,,,
"무료배송 신선푸드] 국내산 여수 순살 갈치, 1박스, 150g x 5팩 할인29%24,000원 16,810원 (100g당 11,207원) 2/13(금) 도착 예정 4 (309) 최대 832원 적립",,,,,
"그릭데이 그릭요거트 라이트, 100g, 6개 17,280원 (10g당 288원) 내일(일) 새벽 도착 보장 5 (23008) 최대 693원 적립",,,,,
[종근당] 침향환골드 60환 + 쇼핑백 증정,,,,,
"햇님마을 볶아내어 향긋한 우리집 국산 통들깨, 100g, 1개 27%8,900원 6,490원 (100g당 6,490원) 내일(일) 도착 보장 5 (746) 최대 325원 적립",,,,,
[비오오가닉] 유기농 파스타소스 3종,,,,,
"무료배송 그린마켓 구운아몬드 500g+500g, 2개 할인24%21,800원 16,390원 (100g당 1,639원) 2/11(수) 도착 예정 4.5 (1188) 최대 820원 적립",,,,,
[오봉집] 제육볶음400g,,,,,
[매일] 멸균 우유 무지방(200mL X 24개입),,,,,
"무료배송 퍼센트솔트 바이오 용융소금 프리미엄 스틱 천연 고순도 1050도 미네랄 소금물마시기, 1개, 90g 51%95,800원 46,050원 (100g당 51,167원) 2/10(화) 도착 예정 5 (100) 최대 2,303원 적립",,,,,
[라빈리커픽업]샤또 르 퓌 에밀리앙 20 (와인),,,,,
[네이처빌] 우리쌀 바지락 쌀칼국수 94g*4입,,,,,
[연리희재] 오리지널 개성주악 (35g X 4개),,,,,
[인텔리젠시아] 블랙캣 클래식 콜드브루 500mL,,,,,
[CU 픽업] 프레스코발디BDM,,,,,
[차오차이] 요리용 짜장 소스 3종 (택1),,,,,
"무료배송 삼다수 제주 무라벨 2L X 12병(유/무라벨 랜덤), 12개 13,810원 (100ml당 58원) 2/12(목) 도착 예정 5 (613) 최대 690원 적립",,,,,
"필라델피아 크림치즈, 2kg, 1개입, 1개 29,540원 (10g당 148원) 내일(일) 새벽 도착 보장 5 (98948) 최대 1,477원 적립",,,,,
[제주 성이시돌목장] 유기농 마시는 요거트 무가당 플레인 180mL X 4입,,,,,
"핫식스 오리지널 에너지음료, 250ml, 30개 19,500원 (100ml당 260원) 내일(일) 도착 보장 5 (61717) 최대 975원 적립",,,,,
GAP 흑대추방울토마토 500g,,,,,
[몬테사노] 이베리코 살치촌 100g,,,,,
[종가] 종가집 캔 김치 2종 (볶음김치/맛김치),,,,,
"두보식품 바른곡물 렌틸콩, 2kg, 1개 7,980원 (100g당 399원) 내일(일) 도착 보장 5 (13720) 최대 399원 적립",,,,,
"칠성사이다, 350ml, 24개 15,420원 (100ml당 184원) 내일(일) 도착 보장 5 (287541) 최대 771원 적립",,,,,
"무료배송 원더풀피스타치오 무염, 150g, 2개 21,990원 (100g당 7,330원) 2/11(수) 도착 예정 5 (6225) 최대 1,100원 적립",,,,,
"프레시 채소믹스, 300g, 1개 3,490원 (100g당 1,163원) 내일(일) 새벽 도착 보장 4.5 (170284) 최대 175원 적립",,,,,
[소금집] 샤퀴테리 트리오 75G,,,,,
[소팔소곱창] 한우곱창,,,,,
"머거본 커피땅콩, 300g, 1개 2,790원 (100g당 930원) 내일(일) 새벽 도착 보장 4.5 (47) 최대 140원 적립",,,,,
[마다마 올리바] 스낵 올리브 3종(4개입/세트),,,,,
"무료배송 2025년 통관 미국산 구운땅콩 대용량 부드러운 식감 최상급 견과류, 1kg, 2개, 1개 할인15%20,120원 16,950원 (100g당 848원) 2/10(화) 도착 예정 4.5 (6764) 최대 848원 적립",,,,,
유기농 보리5곡 1.8kg,,,,,
"농협 [25년산 햇곡] 농협양곡 한토래 국산 찰흑미, 1kg, 1개 28%14,500원 10,320원 (100g당 1,032원) 내일(일) 도착 보장 새 상품, 반품-미개봉 (2) 최저7,920원 4.5 (1000) 최대 396원 적립",,,,,
[해표] 통참깨 참기름 & 통들깨 들기름 2종 (택1),,,,,
유기농 다진청양고추 180g (냉동),,,,,
[정지선의 티엔미미] 유포면 (유발면),,,,,
"풀무원 특등급 국산콩 네컵연두부, 360g, 1개 2,740원 (100g당 761원) 내일(일) 새벽 도착 보장 5 (35957) 최대 137원 적립",,,,,
"오뚜기 흰밥, 210g, 24개 13%25,980원 22,490원 (100g당 446원) 내일(일) 도착 보장 5 (349851) 최대 1,125원 적립",,,,,
"무료배송 서서갈비 양념 돼지갈비 맛 왕구이 간장맛, 4개, 600g 쿠폰할인72%119,200원 32,700원 (100g당 1,363원) 2/10(화) 도착 예정 4.5 (1526) 최대 1,635원 적립",,,,,
[한끼통살] 제로 소스통살 5종 (1입) (택1),,,,,
[미트지엥] Flex 안심 찹스테이크 밀키트,,,,,
"무료배송 베지밀 에이스 저당두유, 190ml, 32개 41%33,950원 19,790원 (100ml당 325원) 2/10(화) 도착 예정 5 (9220) 최대 990원 적립",,,,,
[진실된손맛] 전통 육개장(900g),,,,,
[슈퍼말차] 글루텐프리 블랙 말차 롤케이크 323g,,,,,
"하루견과 넛츠 & 블랙빈 믹스넛, 20g, 30개 22,900원 (100g당 3,817원) 내일(일) 도착 보장 5 (409) 최대 1,145원 적립",,,,,
"쿠킹스토리 건조 코코넛 슬라이스, 500g, 1개 9,000원 (100g당 1,800원) 내일(일) 도착 보장 5 (563) 최대 450원 적립",,,,,
"미국산 갈비살 구이용 (냉장), 300g, 1개 17,970원 (100g당 5,990원) 내일(일) 새벽 도착 보장 4.5 (1633) 최대 899원 적립",,,,,
생 표고 슬라이스 150g,,,,,
"요리락 양념 한우 언양식 불고기 (냉동), 300g, 1팩 18%15,900원 12,990원 (100g당 4,330원) 내일(일) 새벽 도착 보장 4.5 (1054) 최대 650원 적립",,,,,
[비피] 바질 페스토 (냉장),,,,,
"국내산 봄동, 1kg, 1봉 5,220원 (100g당 522원) 내일(일) 새벽 도착 보장 4.5 (17919) 최대 261원 적립",,,,,
[전통주] 느린마을 막걸리 새해에디션 (6도 750mL * 3입),,,,,
[정관장] 홍삼담은 엘더베리 스틱 30포 + (쇼핑백증정),,,,,
"게토레이 레몬, 600ml, 20개 20,050원 (100ml당 167원) 내일(일) 도착 보장 새 상품, 반품-미개봉 (31) 최저19,040원 5 (54000) 최대 1,003원 적립",,,,,
"남해 시금치, 500g, 1봉 9,000원 (100g당 1,800원) 내일(일) 새벽 도착 보장 4.5 (46439) 최대 450원 적립",,,,,
"종근당건강 프리미엄 비타C 1000플러스, 100정, 1개 15%12,450원 10,520원 (1정당 105원) 내일(일) 도착 보장 새 상품, 반품-미개봉 (72) 최저9,990원 5 (23602) 최대 526원 적립",,,,,
"곰곰 농협 보물초 남해 시금치, 250g, 2봉 8,510원 (100g당 1,702원) 내일(일) 새벽 도착 보장 4.5 (18009) 최대 425원 적립",,,,,
"레커컷 호주산 토시살 구이용 (냉동), 1개, 200g 7,700원 (100g당 3,850원) 내일(일) 새벽 도착 보장 4.5 (313) 최대 385원 적립",,,,,
"풀무원 참깨 흑임자 드레싱, 220g, 1개 1%4,380원 4,300원 (100g당 1,955원) 내일(일) 새벽 도착 보장 5 (24523) 최대 215원 적립",,,,,
[상하치즈] 모짜렐라 슈레드 치즈 2종(택1),,,,,
[애슐리] 허니버터 치즈스틱 395g,,,,,
"무료배송 최상급원물 달큰한 남해 시금치 섬초, 1개, 500g 쿠폰할인65%19,800원 6,800원 (100g당 1,360원) 2/12(목) 도착 예정 4 (48) 최대 340원 적립",,,,,
[커피리브레] 블렌드 3종 버라이어티 드립백 (10g X 20개),,,,,
"담터 누룽지 둥굴레차, 1.5g, 100개입, 1개 7,530원 (10g당 502원) 내일(일) 도착 보장 5 (10274) 최대 376원 적립",,,,,
[선물세트] 갤러리아 고메이494 재래구이 김 & 김자반 세트,,,,,
[선물세트] 전통주 조정형명인 전주이강주 (25도 375mL*2),,,,,
"광천김 3대째 달인 김자반, 60g, 5개 3%11,400원 11,000원 (10g당 367원) 내일(일) 도착 보장 5 (4505) 최대 545원 적립",,,,,
"곰곰 훈제 프랑크 닭가슴살 소시지 (냉동), 100g, 4개 43%12,900원 7,290원 (100g당 1,823원) 내일(일) 새벽 도착 보장 4.5 (22610) 최대 365원 적립",,,,,
"양반 버섯 해물완자 (냉동), 425g, 2개 11%10,980원 9,750원 (100g당 1,147원) 내일(일) 새벽 도착 보장 5 (1102) 최대 439원 적립",,,,,
"무료배송 행복미트 통오겹살 수입산 바베큐 수육용, 2kg, 1개 할인42%50,000원 28,600원 (100g당 1,430원) 모레(월) 도착 예정 4.5 (2778) 최대 1,430원 적립",,,,,
"누텔라 스프레드, 370g, 1개 6,300원 (100g당 1,703원) 내일(일) 도착 보장 5 (75412) 최대 315원 적립",,,,,
[CU 픽업] 츄하이센카레몬베이스900ml,,,,,
"순창궁 12가지양념으로 맛있는 양념쌈장, 170g, 1개 1,830원 (100g당 1,076원) 내일(일) 새벽 도착 보장 5 (2348) 최대 91원 적립",,,,,
[전통주] 조선3대명주 감홍로 (40도 400mL),,,,,
[마즈] 스키틀즈 캔디 대용량 50개입 2종 (택1),,,,,
"풀무원다논 요거트 그릭시그니처, 150g, 1개입, 6개 9,350원 (10g당 104원) 내일(일) 새벽 도착 보장 5 (2746) 최대 468원 적립",,,,,
[CU 픽업] 카스축구국대기획팩,,,,,
[마마리] 수제 전 6종 (택1),,,,,
[샘표] 순작 유기농 통알곡 옥수수차 1kg,,,,,
[만선] 국산 오만둥이 200g (생물),,,,,
[본죽] 부추 꼬막 무침 500g (4~5인분),,,,,
[전통주] 내장산 복분자주 (16도 360mL),,,,,
"뉴트리365 고멧 참깨 코코넛 크래커, 520g, 1개 26%9,500원 7,000원 (10g당 135원) 내일(일) 도착 보장 새 상품, 반품-미개봉 (2) 최저6,310원 4.5 (16463) 최대 333원 적립",,,,,
"티바인 알룰로스 메이플, 520g, 1개 9,900원 (100g당 1,904원) 내일(일) 도착 보장 4.5 (3371) 최대 470원 적립",,,,,
[피쉬쉘] 짬뽕용 해물모둠 200g (냉동),,,,,
"동원 델리햄 김밥용, 150g, 1개 18%2,980원 2,440원 (100g당 1,627원) 내일(일) 새벽 도착 보장 5 (9237) 최대 122원 적립",,,,,
[청숨] 발효 약도라지 농축액 선물세트 1호,,,,,
유기농 쌈채소 모둠 2종,,,,,
[CU 픽업] 토카이6푸토뇨스,,,,,
"오뚜기 생얼음 (냉동), 1kg, 1개 2,040원 (10g당 20원) 내일(일) 새벽 도착 보장 5 (1346) 최대 102원 적립",,,,,
[워커힐] 육개장 (리뉴얼),,,,,
[요플레] 그릭요거트 플레인 2종,,,,,
"무료배송 도축장집아들들 당일도축 소등골 한판 300g 생등골 등골회(도착예정기간 정확도 낮음 상세페이지 필수확인!!), 1개 33,000원 (100g당 11,000원) 2/12(목) 도착 예정 4.5 (474) 최대 1,052원 적립",,,,,
"곰곰 참치액 골드, 900ml, 1개 37%7,740원 4,850원 (10ml당 54원) 내일(일) 도착 보장 4.5 (7276) 최대 226원 적립",,,,,
[타바론] NYC 브렉퍼스트 (2g X 15개),,,,,
"청정원 고추장 돼지불고기 양념, 500g, 1개 쿠폰할인7%3,400원 3,130원 (100g당 626원) 내일(일) 새벽 도착 보장 5 (4260) 최대 156원 적립",,,,,
"트루스위트 알룰로스, 700g, 1개 41%13,700원 7,980원 (100g당 1,140원) 내일(일) 새벽 도착 보장 5 (2971) 최대 379원 적립",,,,,
"더담은 맛있는 수수, 1kg, 1개 33%5,980원 3,980원 (100g당 398원) 내일(일) 도착 보장 4.5 (2360) 최대 199원 적립",,,,,
"오뚜기 입자가 살아있는 생와사비, 75g, 1개 4,980원 (100g당 6,640원) 내일(일) 새벽 도착 보장 5 (139) 최대 249원 적립",,,,,
[세노비스] 트리플러스 한정판 트윈세트 (100일분),,,,,
[오뚜기]  가뿐한끼 현미밥 150g X 30입,,,,,
[풀무원] 순쌀 떡볶이떡 400g,,,,,
[보승] 한판모둠순대,,,,,
"대구농산 국산 혼합 21곡, 4kg, 1개 16%23,900원 19,900원 (100g당 498원) 내일(일) 도착 보장 5 (16029) 최대 995원 적립",,,,,
"[릴크리터스] 꾸미바이트 이뮨 아연+비타민 C, D (30일분)",,,,,
[이목 무항생제] 국내산 소고기 우둔 이유식용 200g (냉장),,,,,
"풀무원 무농약 특등급 국산콩 콩나물, 200g, 1개 1,950원 (100g당 975원) 내일(일) 새벽 도착 보장 5 (192081) 최대 98원 적립",,,,,
[남도우애] 무항생제 1++ 한우 등심 구이용 200g (냉장),,,,,
"리챔 오리지널, 200g, 6개 46%28,960원 15,600원 (10g당 130원) 내일(일) 새벽 도착 보장 5 (1386) 최대 780원 적립",,,,,
"무료배송 득근파티 통 닭가슴살 블랙페퍼, 30개, 100g 할인60%98,400원 38,700원 (100g당 1,290원) 2/10(화) 도착 예정 5 (1634) 최대 1,935원 적립",,,,,
[CJ] 주부초밥왕 새콤달콤 오리지널 320G,,,,,
[빙그레] 비비빅 (70mL X 8개),,,,,
[씨알로] 유기농 쌀시리얼 390g,,,,,
[사조] 마일드참치 85g*4캔 (안심따개),,,,,
"앵커 쉐프스 휘핑크림, 1L, 1개 10,700원 (10ml당 107원) 내일(일) 새벽 도착 보장 5 (1364) 최대 535원 적립",,,,,
한끼 쌈케일 40g,,,,,
[선물세트] 설성목장 한우곰탕 & 꼬리곰탕 세트 (4개입),,,,,
새싹 모둠 채소 100g,,,,,
"뉴뜨레 이집트산 딸기 홀 (냉동), 1kg, 1개 6,860원 (100g당 686원) 내일(일) 새벽 도착 보장 5 (5282) 최대 309원 적립",,,,,
[CU 픽업] 음mmm!쿠네,,,,,
[마음이가] 흑임자 앙금 찹쌀떡 (50g X 12개),,,,,
[하인즈] 토마토 함박 스테이크 380g (냉동),,,,,
"복음자리 배를 넣어 부드러운 유자차, 480g, 1개입, 1개 11%7,480원 6,600원 (10g당 138원) 내일(일) 도착 보장 5 (25127) 최대 330원 적립",,,,,
[자연담은] 유기농 저당 귀리 혼합 10곡,,,,,
"국내산 친환경 시금치, 200g, 1개 2,750원 (100g당 1,375원) 내일(일) 새벽 도착 보장 4.5 (16836) 최대 138원 적립",,,,,
[풀무원] 철판 오징어 김치전 300g,,,,,
[거대곰탕] 도가니탕,,,,,
[샘표] 순작 도라지생강차 티백 (0.7g X 40개),,,,,
"샐러드용 양배추 채, 1kg, 1팩 5,290원 (100g당 529원) 내일(일) 새벽 도착 보장 4.5 (110796) 최대 265원 적립",,,,,
"무료배송 산과들에 25년산 햇 견과류 볶음아몬드, 500g, 3개 할인10%27,500원 24,750원 (1세트당 8,250원) 2/10(화) 도착 예정 5 (8666) 최대 1,238원 적립",,,,,
[세미원] 피쉬볼 3종 (택1),,,,,
[하림] IFF 무항생제 닭가슴살 다짐육 300g (냉동),,,,,
[일가집] 슬림 단무지,,,,,
"더건강한 닭가슴살 소시지, 120g, 1개입, 2개 4,340원 (10g당 181원) 내일(일) 새벽 도착 보장 5 (1580) 최대 217원 적립",,,,,
[도라지청년] 길경보감 도라지청 700g,,,,,
[르까도드마비] 크루키 130g,,,,,
"스윗토 스테비아 완숙토마토, 1kg, 1팩 9,990원 (100g당 999원) 내일(일) 새벽 도착 보장 4.5 (31609) 최대 500원 적립",,,,,
[비타비고] 이탈리안 스낵 비타팝 2종 (택1),,,,,
"곰곰 한돈 등심 잡채용 (냉장), 400g, 1개 7,490원 (100g당 1,873원) 내일(일) 새벽 도착 보장 5 (10237) 최대 375원 적립",,,,,
"백설 유러피안 해바라기유 스프레이, 1개, 200ml 29%8,280원 5,800원 (100ml당 2,900원) 내일(일) 도착 보장 5 (1000) 최대 290원 적립",,,,,
"무료배송 늘해랑 꿀고구마, 5kg(대, 300g이상), 1개 할인52%28,000원 13,410원 (100g당 268원) 2/10(화) 도착 예정 4 (80598) 최대 670원 적립",,,,,
[소와나무] 생크림 요거트 (150g X 4개),,,,,
"새벽경매 봉지단감, 1kg(대과), 1개 6,870원 (100g당 687원) 내일(일) 새벽 도착 보장 4.5 (23575) 최대 344원 적립",,,,,
[아미카] 알프레도 올리브 오일 포테이토칩 130g,,,,,
[스키피] 노슈가 땅콩버터 454g 2종 (택1),,,,,
"국내산 와일드 루꼴라, 100g, 1개 3,300원 (100g당 3,300원) 내일(일) 새벽 도착 보장 5 (43338) 최대 165원 적립",,,,,
[CU 픽업] 펄리셔피노누아,,,,,
백진주 쌀 누룽지,,,,,
"솔닙 국산 백잣, 90g, 1개 15,980원 (100g당 17,756원) 내일(일) 도착 보장 4.5 (8966) 최대 799원 적립",,,,,
[CU 픽업] 아스코니솔네말벡2입,,,,,
[와인앤모어픽업](W&M전용) 발혼도 까바 브뤼 ((와인)),,,,,
"광동옥수수수염차, 1.5L, 12개 쿠폰할인27%21,500원 15,540원 (100ml당 86원) 내일(일) 도착 보장 새 상품, 반품-미개봉 (61) 최저14,140원 5 (134443) 최대 777원 적립",,,,,
"무료배송 다파니 마이쮸 4종 대용량 150개입, 150개 할인21%19,990원 15,740원 2/11(수) 도착 예정 5 (1065) 최대 787원 적립",,,,,
[매일] 어메이징 오트 오리지널 (190mL X 24개),,,,,
[호텔컬렉션] 북경식 꿔바로우 600g,,,,,
"진뚝배기 직화 설렁탕기A 2호 + 멜라민 받침 세트, 17.8cm, 1개 18%9,700원 7,860원 (1개당 7,860원) 내일(월) 도착 보장 5 (5280) 최대 393원 적립",,,,,
"국내산 비트(대), 1개, 1개입 1,990원 (100g당 398원) 내일(일) 새벽 도착 보장 5 (1280) 최대 100원 적립",,,,,
"스타벅스 싱글 오리진 과테말라 네스프레소 캡슐커피, 5.2g, 10개입, 1개 12%7,990원 6,990원 (10g당 1,344원) 내일(일) 도착 보장 새 상품, 반품-미개봉 (8) 최저6,640원 4.5 (963) 최대 350원 적립",,,,,
[청년떡집] 저당 땅콩버터 절편 (40g X 10개),,,,,
[KF365] 한돈 판 삼겹살 1.8kg(냉장),,,,,
[도시곳간] 고추장진미채볶음,,,,,
[라빈리커픽업][설 2본 선물] 몽메이락 set (와인),,,,,
[집반찬연구소KIDS] 한우 야채카레 150g,,,,,
"바다모아 우리엄마 요리비법 김가루, 500g, 1개 12,780원 (10g당 256원) 내일(일) 도착 보장 4.5 (15029) 최대 639원 적립",,,,,
[기라델리] 카라멜 & 초코 소스 스퀴즈 보틀 454g 2종 (택 1),,,,,
[KF365] 한돈 삼겹살 찌개용 500g,,,,,
"무료배송 [삼화해조류] 완도 곰피 쇠미역 4kg, 1개 25%19,900원 14,900원 (100g당 373원) 모레(월) 도착 예정 4.5 (467) 최대 745원 적립",,,,,
[티젠] 애사비 더블비니거 2종,,,,,
[오쏘몰X해리스트위드] 오쏘몰 이뮨(30일분)+쇼퍼백SET,,,,,
"풀무원다논 그릭 설탕무첨가 플레인, 90g, 8개입, 1개 할인18%6,480원 5,280원 (10g당 73원) 내일(일) 새벽 도착 보장 5 (78209) 최대 264원 적립",,,,,
[6다이닝] 이베리코 베요타 플루마 구이용 250g,,,,,
[뷰티끄랩이너뷰티] 베르가못 슬림샷 라이트 스틱 10포,,,,,
[드시모네] 캡슐 플러스 유산균 (30일분),,,,,
제주 왕레몬 400g (2입),,,,,
"토레타 이온음료, 240ml, 30개 13,900원 (100ml당 193원) 내일(일) 도착 보장 새 상품, 반품-미개봉 (52) 최저11,500원 5 (16444) 최대 695원 적립",,,,,
"하늘처럼 얇고 바삭한 세겹 초코틴인틴 9p, 200g, 2개 40%10,000원 5,960원 (10g당 149원) 내일(일) 도착 보장 4.5 (3254) 최대 298원 적립",,,,,
[바다해] 구운 쥐포 200g,,,,,
"아일레스 디럭스 애플티 티백 과실차, 2.5g, 25개입, 2개 25,000원 (10g당 2,000원) 내일(일) 도착 보장 5 (7704) 최대 1,250원 적립",,,,,
[선물세트] 바다숲 감태면 선물세트,,,,,
"닭 볶음탕용 (냉장), 1kg, 1개 30%9,990원 6,980원 (100g당 698원) 내일(일) 새벽 도착 보장 5 (5397) 최대 349원 적립",,,,,
[만선] 손질 백가자미 280g (생물),,,,,
[Biscuiterie de Provence] [밀가루0%] 아몬드&바닐라 케이크 240g,,,,,
"무료배송 [햇곡] 국산 유기농 귀리 혼합 10곡, 2개, 800g 19%26,000원 20,900원 (100g당 1,306원) 2/10(화) 도착 예정 5 (356) 최대 1,045원 적립",,,,,
[메이플조] 유기농 메이플 시럽 189ml,,,,,
"유정마을 동물복지 인증 방사유정란 1.56kg, 30구, 1개 19,900원 (1구당 663원) 내일(일) 새벽 도착 보장 5 (7319) 최대 995원 적립",,,,,
[마마메] 템페 칩스 5종 (택1),,,,,
[블루에그] 제주도 자연방사 청란 10구,,,,,
[오쏘몰X테일러메이드] 바이탈 M(7일분)+골프공4개입 세트(+쇼핑백증정),,,,,
"무료배송 옛날 삼겹살 (냉동) 1kg, 1개 24%16,900원 12,810원 (100g당 1,281원) 2/10(화) 도착 예정 4.5 (131) 최대 640원 적립",,,,,
[마다마 올리바] 그린 카스텔베트라노 올리브 295g (고형량 170g),,,,,
[조은보담] 쾌변의 시작 푸잉푸잉 (30일분),,,,,
[CU 픽업] 1800 실버,,,,,
[CU 픽업] 19크라임스까쇼,,,,,
"자연닮음 국산 참당귀, 300g, 1개 9,500원 (10g당 317원) 내일(일) 도착 보장 4.5 (2262) 최대 475원 적립",,,,,
"삼양프레시 너비아니 (냉동), 1kg, 1개 9,700원 (100g당 970원) 내일(일) 새벽 도착 보장 5 (34148) 최대 485원 적립",,,,,
"비비고 오징어튀김 (냉동), 180g, 1개 33%8,980원 6,010원 (100g당 3,339원) 내일(일) 새벽 도착 보장 4.5 (2703) 최대 300원 적립",,,,,
[푸드올로지] 지중해 올리브 레몬 샷 10개입,,,,,
"무료배송 이디야 스페셜 모카블렌드 커피믹스, 11.5g, 400개입, 1개 47,600원 (10g당 103원) 2/11(수) 도착 예정 4.5 (18790) 최대 2,380원 적립",,,,,
[아이농] 친환경 한라봉 1kg,,,,,
"피그인더가든 골든텐더치킨 보울샐러드, 2개, 232g 12,610원 (100g당 2,718원) 내일(일) 새벽 도착 보장 5 (27270) 최대 630원 적립",,,,,
[포트'럭] 동해안 말똥성게알 100g (생물) (트레이),,,,,
"여미야미 한단 킹스베리 딸기, 2개, 400g(특대과) 19,860원 (100g당 2,483원) 내일(일) 새벽 도착 보장 4.5 (3015) 최대 993원 적립",,,,,
[선물세트] 진푸드 언양식 불고기 세트 1.8kg,,,,,
[우물우물] 땅콩버터 즉석구이 오징어 4종 (택1),,,,,
"곰곰 발사믹 드레싱 소스, 260g, 1개 2,660원 (100g당 1,023원) 내일(일) 새벽 도착 보장 4.5 (3507) 최대 133원 적립",,,,,
"서울대밥스누 우아한 오가닉 어린이 김, 무조미, 15g, 4개 17,800원 (10g당 2,967원) 내일(일) 도착 보장 새 상품, 반품-미개봉 (2) 최저16,060원 5 (9207) 최대 845원 적립",,,,,
[파스퇴르] 위 편한 하루 (150mL X 4개),,,,,
[벽제갈비] 한우 양념 불고기 500g (냉동),,,,,
[태우한우] 1+ 한우 채끝 스테이크 300g (냉장),,,,,
[해태] 초코픽 45g,,,,,
"크리스탈라이트 레몬에이드 분말, 3.96g, 10개입, 2개 42%12,960원 7,420원 (10g당 937원) 내일(일) 도착 보장 5 (4628) 최대 371원 적립",,,,,
"무료배송 [진짜마지막판매]노마진이벤트 딱100박스 달콤가득 국산보장 못난이사과, 1박스, 3kg 쿠폰할인49%22,900원 11,500원 (100g당 383원) 2/12(목) 도착 예정 3 (68) 최대 575원 적립",,,,,
"필라델피아 크림치즈, 16.67g, 6개입, 4개 24,670원 (10g당 617원) 내일(일) 새벽 도착 보장 5 (98948) 최대 1,234원 적립",,,,,
[오설록] 티 에디션 헤리티지 9종 선물세트,,,,,
[탄단지] 닭가슴살 현미 삼각주먹밥 500g 3종 (택1),,,,,
유기농 흑태 500g,,,,,
[폰타나] 나폴리 뽀모도로 토마토 파스타소스 1.5kg (10인분),,,,,
[수산곳간] 국산 백진미 오징어 100g,,,,,
[커피빈] 더블샷 라떼 파우더 스틱 (14.3g X 10개),,,,,
[슈퍼키친] 진미채간장볶음,,,,,
[GHEE EASY] 네덜란드 유기농 기버터 245g,,,,,
[타이거모닝] 유기농 생강 레몬샷 15포 2종 (택1),,,,,
"일가집 비타 김밥단무지, 350g, 2개 4,180원 (100g당 597원) 내일(일) 새벽 도착 보장 5 (32015) 최대 209원 적립",,,,,
"코카콜라 업소용, 500ml, 24개 11,000원 (100ml당 92원) 2/10(화) 도착 예정 5 (128326) 최대 550원 적립",,,,,
[CU 픽업] 니콜라로씨뇰부르고뉴,,,,,
[CU 픽업] 라포스톨쇼블20,,,,,
[청정원] 알룰로스 매실청 650g,,,,,
"동서 둥굴레차, 1.2g, 50개입, 2개 16%9,000원 7,500원 (10g당 625원) 내일(일) 도착 보장 5 (31806) 최대 375원 적립",,,,,
[롯데] 석기시대 90g,,,,,
"무료배송 피에트로 일본식 간장 드레싱 280ml, 1개 11,770원 (100ml당 4,204원) 3/6 도착 예정 4.5 (11) 최대 589원 적립",,,,,
"크라운 참쌀 누룽지, 216g, 1개 24%5,400원 4,100원 (10g당 190원) 내일(일) 도착 보장 5 (7499) 최대 205원 적립",,,,,
[CU 픽업] 토쿠베츠혼죠조키쥬로,,,,,
[풀무원] 반듯한식 수제식감 떡갈비 295g,,,,,
"칠성사이다 제로, 210ml, 5kg, 30개 12%16,900원 14,710원 (100ml당 233원) 내일(일) 도착 보장 5 (17170) 최대 735원 적립",,,,,
이자카야 모찌리도후 (100g X 2개),,,,,
"오뚜기 토마토 케챂, 500g, 2개 4,360원 (100g당 436원) 내일(일) 새벽 도착 보장 5 (12481) 최대 218원 적립",,,,,
"무료배송 CJ 더 건강한 닭가슴살 직화통살구이, 100g, 20개 37,900원 (10g당 190원) 2/13(금) 도착 예정 5 (2970) 최대 1,895원 적립",,,,,
[세미계] 닭목순살 직화구이 2종 (택1),,,,,
[안유성 명장] 한우나주곰탕,,,,,
[마즈] 엠앤엠즈 피넛 픽앤믹스 337.5g (25입),,,,,
[시티델리] 간편 아시안 누들 2종 (택1),,,,,
[네스프레소] 바리스타 크리에이션 프레도 커피 캡슐(아이스/델리카토) 10개입(40mL),,,,,
[네스프레소] 바리스타 크리에이션 프레도 커피 캡슐(아이스/인텐소) 10개입(40mL),,,,,
"투데이넛 너트한줌 후르츠 견과 선물세트 600g, 1세트 24%22,500원 16,980원 (1세트당 16,980원) 내일(일) 도착 보장 4.5 (41079) 최대 849원 적립",,,,,
[풀무원] 반듯한식 강릉식 짬뽕순두부찌개 양념소스 140g,,,,,
"the푸짐한 절단 명태 (냉동), 1개, 1.3kg 6,990원 (100g당 538원) 내일(일) 새벽 도착 보장 4.5 (517) 최대 350원 적립",,,,,
"곰곰 건크랜베리, 200g, 1개 22%4,900원 3,790원 (100g당 1,895원) 내일(일) 도착 보장 5 (3181) 최대 190원 적립",,,,,
"올플레인 유기농 강황가루 국산 100% 초미립자분쇄, 1개, 150g 쿠폰할인61%39,800원 15,500원 (10g당 1,033원) 내일(일) 도착 보장 5 (129) 최대 775원 적립",,,,,
"착한습관 볶은아마씨가루, 200g, 4개 16,400원 (100g당 2,050원) 내일(일) 도착 보장 4.5 (3263) 최대 820원 적립",,,,,
"동일 콘후레이크 천마차, 20g, 50개입, 1개 22%11,500원 8,940원 (10g당 89원) 내일(일) 도착 보장 5 (31278) 최대 447원 적립",,,,,
[TWG] 그랜드 티 테이스터 컬렉션 6종 선물세트,,,,,
[어니스트그릭] 바닐라맛 그릭요거트 100g,,,,,
[세미계] 간장 닭갈비 구이,,,,,
"샘표 국간장, 1.7L, 1개 16%11,400원 9,500원 (100ml당 559원) 내일(일) 도착 보장 5 (15252) 최대 475원 적립",,,,,
"곰곰 꼬들꼬들한 단무지, 1kg, 1개 6,210원 (100g당 621원) 내일(일) 새벽 도착 보장 5 (10771) 최대 310원 적립",,,,,
[알라] 덴마크 무염 버터 400g,,,,,
[KF365] 무항생제 닭가슴살 카레용 400g,,,,,
"나랑드사이다 제로 그린애플, 350ml, 20개 13,500원 (100ml당 193원) 내일(일) 도착 보장 5 (12888) 최대 675원 적립",,,,,
[올마레] 해산물 토마토 해장파스타,,,,,
"가농 단백이 구운맛 20개입, 1.28kg, 1개 할인25%20,300원 15,200원 내일(일) 도착 보장 4.5 (1380) 최대 760원 적립",,,,,
[일가집] 햄 꼬마 김밥 세트 179g,,,,,
"대림선 야채듬뿍 김밥어묵, 100g, 1개 1,980원 (100g당 1,980원) 내일(일) 새벽 도착 보장 5 (7762) 최대 99원 적립",,,,,
[덴마크] 후레쉬 모짜렐라 미니 125g,,,,,
[호올스] 베스트 캔디 4종 (택1),,,,,
[딥앤로우] 저당 쫀득바 70mL X 6개입 2종(택1),,,,,
[CU 픽업] 다이야메40,,,,,
국산 찰보리 2종,,,,,
[진실된손맛] 소고기 샤브탕,,,,,
"해맑음푸드 너트타임 그린 믹스넛, 1kg, 1개 26%15,000원 10,980원 (100g당 1,098원) 내일(일) 새벽 도착 보장 4.5 (682) 최대 549원 적립",,,,,
[황생가] 육개장 칼국수,,,,,
[빙그레] 붕어싸만코 말차 (150mL X 5개),,,,,
[올가] 유기농 현미강정 선물세트 (13g X 36개),,,,,
"김화농협 2025년 햅쌀 GAP 인증 두루웰 철원 오대쌀 백미, 10kg, 1개, 상등급 10%49,900원 44,900원 (100g당 449원) 내일(일) 도착 보장 4.5 (15643) 최대 2,245원 적립",,,,,
"팔도 비락식혜, 1.5L, 2개 6,180원 (100ml당 206원) 내일(일) 도착 보장 5 (22209) 최대 309원 적립",,,,,
"유기가공식품 인증 웰팜넷 유기농 다진당근 (냉동), 100g, 1개 2,930원 (100g당 2,930원) 내일(일) 새벽 도착 보장 5 (2387) 최대 146원 적립",,,,,
[갓지은] 국내산 서리태 콩찰떡 500g,,,,,
"무료배송 바른곡물 국산 찰보리쌀, 2kg, 1개 18,490원 (100g당 925원) 2/12(목) 도착 예정 4.5 (2417) 최대 925원 적립",,,,,
[농심] 메론킥 60g,,,,,
[스팸] 클래식 340gx3캔 + 25%라이트  340g (4캔 구성),,,,,
"한방선생 국내산 볶은 옥수수차, 600g, 1개, 1개입 21%7,990원 6,310원 (10g당 105원) 내일(일) 도착 보장 5 (88) 최대 315원 적립",,,,,
[엄메이징슈퍼마켓X오로시] 젤라또 120mL 4종,,,,,
"팔도짜장면 203g, 8개 10,020원 (1개당 1,253원) 내일(일) 도착 보장 5 (18377) 최대 501원 적립",,,,,
"집반찬연구소 빛깔고운 알록달록 사색나물 들깨시래기볶음+무생채+콩나물무침+참나물무침, 270g, 1세트 9,900원 (1세트당 9,900원) 내일(일) 새벽 도착 보장 4.5 (9757) 최대 495원 적립",,,,,
"베지밀 검은콩과 검은참깨 두유, 190ml, 32개 18,650원 (100ml당 307원) 내일(일) 도착 보장 5 (59707) 최대 933원 적립",,,,,
[겐츠베이커리] 피스 케익 8종 (택1),,,,,
"무료배송 아라몰 태국 그린망고 (Aramall Thailand Green Mango), 1박스, 1kg (3-4과) 42%25,900원 14,900원 (100g당 1,490원) 2/10(화) 도착 예정 4.5 (2441) 최대 745원 적립",,,,,
[올리] 아카시아꿀 (1+등급),,,,,
[리모데나] 유기농 화이트 콘디멘토 (포도농축: 70%),,,,,
[일상味소] 소고기 알꼬리 800g (냉동),,,,,
[폴 바셋] 캡슐 5.3g X 10개 5종(택1)(네스프레소 호환),,,,,
[나우푸드] 마그네슘350mg (60일분),,,,,
[누트라코스] 데일리 아미노샷 1박스 (15ml x 30포),,,,,
[도리깨침X동병상련] 궁중 불고기 떡 잡채,,,,,
비금도 재래 섬초 250g,,,,,
[돈마루] 한돈 앞다리살 찌개/불고기용 300g 2종,,,,,
"남양유업 맛있는우유GT 소화 잘되는 배 안아픈 저지방 & 프리바이오틱스 우유, 900ml, 2개 6,380원 (100ml당 354원) 내일(일) 새벽 도착 보장 5 (61638) 최대 319원 적립",,,,,
[26년 설] [CU 픽업] 달모어12년셰리,,,,,
[콜롬보] 리코타 250g,,,,,
"IOO% 베트남산 프리미엄 오리지넛 프리미엄 W240등급 구운캐슈넛, 1개, 400g 할인60%32,900원 12,900원 (100g당 3,225원) 내일(일) 도착 보장 5 (229) 최대 645원 적립",,,,,
"곰곰 신선한 대란, 10구, 1개 3,790원 (1구당 379원) 내일(일) 새벽 도착 보장 5 (7536) 최대 190원 적립",,,,,
"무료배송 [산지직송]당일수확 초고당도 제주 천혜향, 1개, 2kg 쿠폰할인64%42,000원 14,800원 (100g당 740원) 2/12(목) 도착 예정 5 (106) 최대 740원 적립",,,,,
냉동 밀양 딸기 1kg,,,,,
[집국백서:가마솥 수제국] 사골우거지국,,,,,
"파워에이드 마운틴블라스트, 600ml, 20개 22,900원 (100ml당 191원) 내일(일) 도착 보장 5 (66706) 최대 1,145원 적립",,,,,
"곰곰 맛있는 조각 사과, 150g, 1개 2,990원 (100g당 1,993원) 내일(일) 새벽 도착 보장 5 (2376) 최대 150원 적립",,,,,
"우고래빗 올웨이즈 하루견과, 50개 21%45,900원 35,900원 (1세트당 718원) 내일(일) 도착 보장 5 (3718) 최대 1,795원 적립",,,,,
[목우촌] 뽀로로와 친구들 파프리카 라운드햄 460g,,,,,
"[닥터썬데이D] 액상 비타민D (360일분) 3종(패밀리, 골드,베이비) (택1)",,,,,
[스팸] 라이트 80g*3,,,,,
[더오담] 사각 미니 생선까스420g,,,,,
"넛츠팜 믹스너트, 1kg, 1개 29%22,900원 16,200원 (100g당 1,620원) 내일(일) 새벽 도착 보장 4.5 (1463) 최대 810원 적립",,,,,
[백설] 구이한판 그릴스모크 60G*4,,,,,
[청오건강] 유기농 발아 현미찹쌀,,,,,
[청오] 발아 유기농 보리차 티백 (10g X 15개),,,,,
[대상웰라이프] 뉴케어 선물세트 16개입 2종 (구수한맛/검은깨맛) (택1),,,,,
[위타드] 프리미엄 핫초코 4종 (택1),,,,,
[집반찬연구소] 참치마요 주먹밥 재료,,,,,
"무료배송 푸드푸 적두 팥, 1개, 500g 26%8,000원 5,900원 (100g당 1,180원) 2/10(화) 도착 예정 4.5 (236) 최대 295원 적립",,,,,
"이롬 황성주 박사의 국산콩 두유 무가당, 190ml, 32개 52%35,800원 17,000원 (100ml당 280원) 내일(일) 새벽 도착 보장 5 (11436) 최대 850원 적립",,,,,
"곰곰 목전지 돌돌이 대패구이 (냉동), 1개, 1kg 45%20,000원 10,900원 (100g당 1,090원) 내일(일) 새벽 도착 보장 4.5 (2872) 최대 545원 적립",,,,,
"무료배송 하림 닭가슴살 블랙페퍼 100g, 10개 18,920원 (100g당 1,892원) 2/11(수) 도착 예정 5 (23012) 최대 946원 적립",,,,,
"엉클탁 혼합 17곡, 4kg, 1개 29%13,900원 9,800원 (100g당 245원) 내일(일) 도착 보장 4.5 (3219) 최대 490원 적립",,,,,
[풀무원] 국산콩 꼬마 나또 2종,,,,,
[CU 픽업] 19크라임스 하드샤도,,,,,
[성경김] 독도에디션 참돌자반 70g,,,,,
[니아르] 글로우틴 석류맛 (14일분),,,,,
"이금기 팬더 굴소스, 510g, 1개 3%4,280원 4,120원 (100g당 808원) 내일(일) 새벽 도착 보장 5 (12397) 최대 206원 적립",,,,,
[자임] 하루하나 사과초모 레몬톡 14개입,,,,,
[매일] 헬로 엔요 플레인 (200mL X 6개),,,,,
"[전통주] 느린마을 늘봄 막걸리 (6도, 750mL)",,,,,
[피코크] 쟌슨빌 부대찌개,,,,,
[포트'럭] 동해안 데친 골뱅이살 150g (냉동),,,,,
"무료배송 대추방울 토마토(4번과), 1박스, 2kg내외(4번과) 10,900원 (100g당 545원) 2/13(금) 도착 예정 4 (1061) 최대 545원 적립",,,,,
불로초 비가림 감귤 1.5kg (2S~M),,,,,
"타바스코 핫소스, 150ml, 1개 1%8,980원 8,820원 (100ml당 5,880원) 내일(일) 새벽 도착 보장 5 (2111) 최대 441원 적립",,,,,
"HBAF 바프 멸치 아몬드, 100g, 2개 7,000원 (100g당 3,500원) 내일(일) 도착 보장 5 (1245) 최대 350원 적립",,,,,
"무료배송 파스퇴르 유기농 우유, 125ml, 24개 6%21,900원 20,480원 (100ml당 683원) 2/10(화) 도착 예정 5 (8562) 최대 1,024원 적립",,,,,
"백설 찍어먹는 트러플솔트, 1개, 50g 20%3,980원 3,180원 (100g당 6,360원) 내일(일) 새벽 도착 보장 5 (154) 최대 159원 적립",,,,,
[라빈리커픽업][신년 특가] 피에트라돌체 콘트라다 람판테 에트나 로쏘 (와인),,,,,
[램노스] 화이트 샐러드 치즈 180g,,,,,
"깨끗한농장 특란 식용란 1800g이상 알이큰계란 달걀, 1개, 30구 7,980원 (1구당 266원) 2/10(화) 도착 예정 4.5 (243) 최대 399원 적립",,,,,
"바다원 깨끗한 올리브유 김자반볶음, 2개, 50g 5,500원 (10g당 550원) 내일(일) 새벽 도착 보장 5 (6712) 최대 275원 적립",,,,,
[글렌캐런] 글라스Std 프리미엄 GIFT BOX (2P),,,,,
[일상味소] 도가니 스지 800g (냉동),,,,,
"하인즈 스위트 랠리쉬, 769ml, 1개 7,350원 (100ml당 956원) 내일(일) 도착 보장 5 (10796) 최대 312원 적립",,,,,
[아라찬] 프리미엄 순날치알 120g (냉동),,,,,
[프리토스] 콘칩 2종 (택1),,,,,
[CU 픽업] 보리소주 이키,,,,,
"하루한콩 부드럽고 촉촉한 찐 병아리콩, 60g, 5개 24%12,900원 9,800원 (100g당 3,267원) 내일(일) 도착 보장 4.5 (560) 최대 490원 적립",,,,,
"바프 기프트박스 세트, 1.04kg, 1세트 10%39,900원 35,900원 (100g당 3,452원) 내일(일) 도착 보장 5 (245) 최대 1,705원 적립",,,,,
[전통주] 매실원주 (13도 375mL) 황매실주,,,,,
금실 딸기 2종,,,,,
"오뚜기 토마토 케챂, 1kg, 2개 9%7,960원 7,220원 (100g당 361원) 내일(일) 도착 보장 5 (211523) 최대 361원 적립",,,,,
[CU 픽업] 앱솔루트패션프루츠*6,,,,,
[선물세트] 리오마레 혼합 참치 세트,,,,,
[매일] 바이오 그릭 요거트 무가당 플레인 400g,,,,,
"오뚜기 카레 과립형 약간매운맛, 1kg, 1개 6,870원 (100g당 687원) 내일(일) 도착 보장 5 (37571) 최대 344원 적립",,,,,
[Picard] 양송이버섯&파슬리,,,,,
[떡편] 영양찰떡세트(흑미+흑깨) 225g,,,,,
[쟈뎅] 세레모니얼 말차 3종 (택1),,,,,
[CU픽업] 헤븐즈도어라이,,,,,
"햇반 백미밥, 210g, 9개 38%16,200원 9,900원 (100g당 524원) 내일(일) 새벽 도착 보장 4.5 (66) 최대 495원 적립",,,,,
"무료배송 [청정지역] 국내산 아삭한 손질 대파 1단(2kg내외), 1개, 2kg 할인54%23,970원 10,970원 (100g당 549원) 2/13(금) 도착 예정 4.5 (12) 최대 549원 적립",,,,,
[프리코] 미니 에담&고다 치즈 2종 (20g X 6입),,,,,
"농협 [25년산 햇곡] 치악산 국산 깐녹두, 1개, 500g 18%18,000원 14,630원 (100g당 2,926원) 내일(일) 도착 보장 4.5 (272) 최대 649원 적립",,,,,
[삼립] 온가족이 함께 즐기는 4가지맛 젤리뽀 10입 600g,,,,,
[풀무원] 생만두 진한 고기 400g,,,,,
[삼호] 안심부산어묵 얇은사각 200g*2,,,,,
[헬카페] 디카페인 콜드브루 200mL,,,,,
"하이포크 한돈 등뼈 (냉동), 2개, 1.5kg 17,240원 (100g당 575원) 내일(일) 새벽 도착 보장 4.5 (595) 최대 862원 적립",,,,,
[나우푸드] 아담 맨스 멀티플 (60일분),,,,,
[헬카페] 시그니처 원두 150g,,,,,
"무료배송 [ 무려 2KG ] 냉동 뼈 없는 순살 점보 통 닭다리살, 1개 할인24%24,900원 18,900원 (100g당 945원) 2/10(화) 도착 예정 4.5 (559) 최대 945원 적립",,,,,
[소반옥] 듬뿍육개장 (2인분),,,,,
"넛츠팜 커피땅콩, 1kg, 1개 6,900원 (100g당 690원) 내일(일) 도착 보장 4.5 (6222) 최대 345원 적립",,,,,
[타바론] 유주 푸얼 (2g X15개),,,,,
"해남 꿀맛 밤고구마, 1.5kg, 1개 7,990원 (100g당 533원) 내일(일) 새벽 도착 보장 4.5 (3747) 최대 400원 적립",,,,,
"곰곰 훈제오리 슬라이스 (냉장), 180g, 3개입 39%18,900원 11,480원 (100g당 2,126원) 내일(일) 새벽 도착 보장 5 (9106) 최대 574원 적립",,,,,
[선물세트] 기장 미역 & 기장 다시마 세트,,,,,
구론산 2종,,,,,
[My little recipe] 안동에서 올라온 전통찜닭 (2인용),,,,,
"샘표 국산콩 토장, 900g, 1개 35%18,900원 12,280원 (100g당 1,364원) 내일(일) 도착 보장 5 (4639) 최대 614원 적립",,,,,
[쉐푸드] 한식 다찬도시락 9찬(리뉴얼),,,,,
[매일] 허쉬 초콜릿 드링크 쿠키앤크림 (235mL X 24개),,,,,
[종가] 백열무물김치 1.2kg (PET),,,,,
[한국야쿠르트] 야쿠르트 XO 3 ZERO (120mL X 5개),,,,,
[담꽃] 생강차 스틱 (2.5g X 10입),,,,,
"바나나맛우유 mini, 120ml, 24개 5%18,900원 17,800원 (100ml당 618원) 내일(일) 도착 보장 5 (36599) 최대 890원 적립",,,,,
[네니아] 찐빵 2종 400g (택1),,,,,
[달롤] 글루텐프리 우유 롤케이크 2종 (택1),,,,,
[광동] 컬처렐 키즈패킷 (30일분),,,,,
"바프 마늘빵 아몬드, 40g, 6개 35%13,200원 8,500원 (100g당 3,542원) 내일(일) 도착 보장 5 (4866) 최대 425원 적립",,,,,
[집반찬연구소] 새콤 오이무생채,,,,,
[오뚜기] 굴진짬뽕 4입,,,,,
"면사랑 우리쌀 떡국떡, 1kg, 2개 9,850원 (100g당 493원) 내일(일) 새벽 도착 보장 5 (3537) 최대 493원 적립",,,,,
"무료배송 재판매요청 청송 사과 꿀사과 최대18Brix, 1박스, 2kg 쿠폰할인57%32,500원 13,800원 (100g당 690원) 2/12(목) 도착 예정 4.5 (92) 최대 690원 적립",,,,,
칵테일 토마토 1kg,,,,,
"바프 넛츠앤스낵스 오리지널 믹스넛, 190g, 1개 13%7,900원 6,860원 (100g당 3,611원) 내일(일) 도착 보장 5 (1207) 최대 343원 적립",,,,,
"무료배송 카누 마일드 로스트 130T (100+30), 1개, 130개입, 900mg 27,900원 (10g당 2,385원) 2/11(수) 도착 예정 5 (2609) 최대 1,395원 적립",,,,,
[고기반찬] 양념 한우 불고기 300g,,,,,
[닥터린] 초임계 알티지(rTG) 오메가3 알파 (30일분),,,,,
"고메프리미엄 호주산 램 숄더랙 구이용 (냉동), 400g, 2개 24%45,600원 34,480원 (100g당 4,310원) 내일(일) 새벽 도착 보장 4.5 (14266) 최대 1,724원 적립",,,,,
"순수람 채담카레, 160g, 5개 쿠폰할인24%14,000원 10,640원 (100g당 1,330원) 내일(일) 도착 보장 새 상품, 반품-미개봉 (3) 최저10,100원 5 (2528) 최대 532원 적립",,,,,
[청정원] 찰진 감자 생수제비 300g,,,,,
"무료배송 에상스팜 산지직송 무농약 친환경 유러피안 샐러드, 500g, 2개 쿠폰할인37%15,900원 9,900원 (100g당 990원) 2/12(목) 도착 예정 5 (5494) 최대 495원 적립",,,,,
"생생우동, 253g, 4개 7,560원 (100g당 747원) 내일(일) 새벽 도착 보장 5 (5614) 최대 378원 적립",,,,,
[A.C.퍼치스] 클래식틴 2종 & 스트레이너 선물세트,,,,,
"다담 양념듬뿍 쌈장 (냉장), 570g, 1개 31%7,480원 5,130원 (100g당 900원) 내일(일) 새벽 도착 보장 5 (12544) 최대 256원 적립",,,,,
[사층빵집] 여름맛 마카롱 4종 (택1),,,,,
"국내산 새송이 버섯, 170g, 1개 1,290원 (100g당 759원) 내일(일) 새벽 도착 보장 5 (64695) 최대 65원 적립",,,,,
[둥구나무] 발효청매실고추장무침,,,,,
"무료배송 고당도 제철 제주 서귀포 귤, 1박스, 감귤 10kg M-L /로얄중과 할인39%45,000원 27,060원 (100g당 271원) 2/12(목) 도착 예정 4 (535) 최대 1,353원 적립",,,,,
"두번구워 찢은 손질먹태 160g + 와사비마요 15g x 3p + 전주 가맥소스 15g x 3p, 1세트 15,470원 (100g당 6,188원) 내일(일) 새벽 도착 보장 5 (8532) 최대 724원 적립",,,,,
[팔레데떼] 프랑스티 6종 선물세트,,,,,
"오뚜기 카레 순한맛, 100g, 3개 28%7,140원 5,100원 (100g당 1,700원) 내일(일) 새벽 도착 보장 5 (11259) 최대 255원 적립",,,,,
[바이탈뷰티] NEW 메타그린 클린티 10입,,,,,
"감미인 청도 GAP 인증 반건시 대과 20과 (냉동), 1.2kg(20입), 1박스 35%45,000원 28,900원 (100g당 2,408원) 내일(일) 새벽 도착 보장 5 (5641) 최대 1,345원 적립",,,,,
"해찬들 구수한 가정식 집된장, 500g, 1개 48%6,860원 3,500원 (100g당 700원) 내일(일) 도착 보장 4.5 (14486) 최대 175원 적립",,,,,
"풀무원 다논 요거톡 초코그래놀라 2개입, 129g, 3세트 5,980원 (10g당 77원) 내일(일) 새벽 도착 보장 5 (2195) 최대 299원 적립",,,,,
[이야이야앤프랜즈] 유기농 NFC 토마토즙 스틱형 (25mlx15포),,,,,
"무료배송 농장직송 항생제 없는 신선한 계란 대란, 15구, 1개 17%9,600원 7,890원 (1구당 526원) 2/10(화) 도착 예정 4.5 (6495) 최대 395원 적립",,,,,
"동원 우리아이주먹밥 김자반, 3개, 30g 5,550원 (10g당 617원) 내일(일) 새벽 도착 보장 5 (352) 최대 278원 적립",,,,,
"무료배송 싱싱냠냠 영농조합법인 무안 자색양파 적양파, 1박스, 1kg(소) 쿠폰할인69%15,500원 4,790원 (100g당 479원) 2/11(수) 도착 예정 4.5 (1865) 최대 240원 적립",,,,,
"무료배송 푸드팜 건포도 캘리포니아, 1개, 1kg 10,800원 (10g당 108원) 2/10(화) 도착 예정 4.5 (3350) 최대 540원 적립",,,,,
깐쪽파 200g,,,,,
[조선호텔] 소고기 장터국 730g,,,,,
[YOZM] 저당 말차 그릭요거트 100g,,,,,
[선물세트] 산슈공 밀크 쿠키 2종 (택1),,,,,
[서울우유] 초코우유 (200mL X 3개),,,,,
[무겐도] 일본3대 이나니와 우동,,,,,
"국내산 와일드 루꼴라, 100g, 2개 6,400원 (100g당 3,200원) 내일(일) 새벽 도착 보장 5 (43343) 최대 320원 적립",,,,,
[해태] 홈런볼 소금우유 164g (4번들),,,,,
[메디웰] 당뇨식 200ml 30팩,,,,,
"샘표 담백한 샤브샤브 육수, 200g, 3개 22%8,940원 6,900원 (10g당 115원) 내일(일) 도착 보장 5 (15618) 최대 345원 적립",,,,,
[셰프초이스] 고기듬뿍 꼬꼬랑땡 480g (냉동),,,,,
[제주우유] 제주 목초 우유 무항생제 750mL,,,,,
[바이오노바] 유기농 베이크드 빈,,,,,
[쉐프컬렉션] 배 소불고기 200g,,,,,
칠레산 점보 생체리 300g (9row),,,,,
[그녀의빵공장] 통밀가루100%로 만든 식빵 2종 (택1),,,,,
[선물세트] 태우한우 1+ 냉장 등심&부채&차돌박이 구이 세트 (냉장),,,,,
"곰곰 간편한끼 날치알 레드 (냉동), 120g, 1개 47%8,900원 4,640원 (100g당 3,867원) 내일(일) 새벽 도착 보장 5 (2792) 최대 232원 적립",,,,,
"무료배송 초특가 고당도 감귤 제주 귤, 1박스, 10kg 쿠폰할인70%59,900원 17,900원 (100g당 179원) 2/14 도착 예정 4.5 (36) 최대 895원 적립",,,,,
[언니가 숨겨놓은 과자상자] 올망졸망 마들렌 세트 (14g X 10개입),,,,,
"무료배송 [최저가도전] 입안가득 달콤과즙 국내산 골드키위, 1개, 2kg 할인40%25,000원 14,800원 (100g당 740원) 2/11(수) 도착 예정 4.5 (50) 최대 740원 적립",,,,,
[시도니오스] 르 섭틸 (2개입 ),,,,,
[로아커] 클래식 웨하스 4종 (택1),,,,,
[겐츠베이커리] 맛있는 소세지빵 220g,,,,,
참다랑어 뱃살(슬라이스) 120g (냉동),,,,,
"해저식품 광천해저 두번 구운 김밥김, 2g, 10개입, 1개 3,990원 (10g당 1,995원) 내일(일) 새벽 도착 보장 5 (3951) 최대 200원 적립",,,,,
"무료배송 [마지막특가]설이전 딱50박스 농장직송 제주 감귤, 1박스, 10kg 38%45,000원 27,500원 (100g당 275원) 2/21 도착 예정 4 (35) 최대 1,375원 적립",,,,,
"오뚜기 1/2 하프 마요네스, 525g, 1개 12%5,780원 5,050원 (100g당 962원) 내일(일) 새벽 도착 보장 5 (8405) 최대 253원 적립",,,,,
[풀무원] 한끼몽글순두부 맑은순두부탕 2개입,,,,,
"무료배송 고려 고려원 인삼차 100+100포 총200포 과립차, 300g, 100개입, 2개 16,600원 (10g당 3원) 2/10(화) 도착 예정 4.5 (5049) 최대 830원 적립",,,,,
씻어나온 완전미 신동진 쌀 4kg,,,,,
"무료배송 [타임특가] 신선한 고소담백 아보카도 생과, 1박스, 10개입(중대과) 쿠폰할인37%34,800원 21,880원 (100g당 1,094원) 2/13(금) 도착 예정 4 (122) 최대 1,094원 적립",,,,,
[비움반찬] 베스트 9종 모둠 반찬,,,,,
[타르틴베이커리] 슬랩 600g,,,,,
[CU 픽업] 칭따오라오샨24입,,,,,
[젠제네틱스] 마그네슘 400mg 다이렉트 (20일분),,,,,
"하루견과 더 프리미엄 블랙 믹스넛, 30g, 30개 28,900원 (100g당 3,211원) 내일(일) 도착 보장 4.5 (612) 최대 1,445원 적립",,,,,
[티젠] 멜라젤리 블루베리맛 10스틱,,,,,
"오뚜기 스파게티, 150g, 4개 3,930원 (100g당 655원) 내일(일) 새벽 도착 보장 5 (1868) 최대 196원 적립",,,,,
"아이스 홍시 (냉동), 70g, 6개 5,900원 (100g당 1,405원) 내일(일) 새벽 도착 보장 5 (1126) 최대 262원 적립",,,,,
무항생제 1등급 암퇘지 목살 2종 (냉장),,,,,
[빙그레] 따옴바 5종 (75mL X 8개) (택1),,,,,
[조선델리] 조선호텔 애플망고 케이크 720g,,,,,
"무료배송 서래푸드 건자두 1kg x 2, 2kg, 1개 19,510원 (100g당 976원) 2/12(목) 도착 예정 4.5 (655) 최대 975원 적립",,,,,
[포트'럭] 남해안 자연산 뿔소라 1kg (생물),,,,,
[교동한과] 약과 3종 (택1),,,,,
아이스 홍시 600g,,,,,
[일일곡식] 콩국물가루 500g,,,,,
"상신 치즈돈까스 10입 (냉동), 1kg, 1팩 13,000원 (100g당 1,300원) 내일(일) 새벽 도착 보장 5 (3124) 최대 650원 적립",,,,,
"백설 알룰로스, 700g, 1개 38%13,700원 8,480원 (100g당 1,211원) 내일(일) 도착 보장 5 (434) 최대 424원 적립",,,,,
[CU 픽업] 뽀므리퐁파두르04매그,,,,,
[슈퍼말차] 세레모니얼 등급 유기농 스윗 말차 제로,,,,,
[바름팜] 바로 갈아 마시는 ABC 주스 키트 200g,,,,,
[Kiri] 끼리 딥앤크런치 통밀 (35g X 3입),,,,,
"하이포크 한돈 양념 돼지 갈비, 700g, 1개 12,500원 (100g당 1,786원) 내일(일) 새벽 도착 보장 4.5 (1495) 최대 575원 적립",,,,,
[닥터린] 하이퍼셀 리포좀 글루타치온 맥스 필름 30매,,,,,
[와인앤모어픽업]텍스트북 소노마 샤도네이 ((와인)),,,,,
[선물세트] Kurly's 1++ 등심&갈비&차돌박이 세트 (냉장) (예약일 수령),,,,,
"무료배송 [기간내마지막]타임세일 사각사각 꿀맛듬뿍 국내산 못난이사과, 1박스, 3kg 쿠폰할인49%22,900원 11,500원 (100g당 383원) 2/12(목) 도착 예정 4 (34) 최대 575원 적립",,,,,
[자연담은] 국산 유기농 호라산밀 1kg,,,,,
[정착육] 다채롭게 활용하는 큐브 수입 삼겹살 1kg,,,,,
[선물세트][바샤커피] 드립백 세트 12g X 25개입 3종(택1),,,,,
"바다원 안심이력제 볶음용 남해안 어린이멸치 (냉동), 150g, 2개 20%13,900원 10,990원 (100g당 3,663원) 내일(일) 새벽 도착 보장 5 (16092) 최대 500원 적립",,,,,
[라라스윗] 파인트 애플민트 474mL,,,,,
[CU 픽업] 얄리 리미티드 까르메네르,,,,,
"[전통주] 리치앤크리미 (9도 , 350mL)",,,,,
[청숨] 통째로 갈아만든 레몬,,,,,
"담터 콘푸레이크 천마차, 20g, 50개입, 1개 15%18,900원 15,900원 (10g당 159원) 내일(일) 도착 보장 5 (4223) 최대 795원 적립",,,,,
[소금집] 론지노 45g (냉장),,,,,
[그릭데이] 그릭요거트볼 그래놀라 3종 (택1),,,,,
"[청정원] 멸치컵쌀국수소컵 348g(상온,58g*6번들)",,,,,
[랩노쉬] 슬림쉐이크 315g 7입 (택5),,,,,
"광식이농장 GAP 타이벡 설향딸기 대과, 500g, 1팩 12,990원 (100g당 2,598원) 내일(일) 새벽 도착 보장 4.5 (42459) 최대 650원 적립",,,,,
"마켓오네이처 오 그래놀라 저당 통보리 시리얼, 360g, 1개 6,250원 (100g당 1,736원) 내일(일) 새벽 도착 보장 5 (1056) 최대 313원 적립",,,,,
[조선호텔] 소갈비찜,,,,,
[Picard] 코코넛밀크 큐브,,,,,
"무료배송 양반 김부각, 50g, 16개 할인14%32,900원 28,200원 (10g당 353원) 2/11(수) 도착 예정 4.5 (8354) 최대 1,410원 적립",,,,,
[푸드어셈블] 우삼겹 한우곱창 전골,,,,,
[오마뎅] 진짜 쫄깃한 꼬치어묵,,,,,
[청정원] 가볍고 건강하게 즐기는 콩담백면 4종 (택1),,,,,
[다미원] 손질 백조기 220g (냉동),,,,,
[꾸오닭] 오븐에 꾸오 만든 닭가슴살 스낵 4종,,,,,
"닥터페퍼, 350ml, 24개 16,160원 (100ml당 192원) 내일(일) 도착 보장 5 (16223) 최대 808원 적립",,,,,
[만전김] 두번 구워 더욱 바삭한 삼각김밥용 김 2종 (택1),,,,,
"하리보 골드베렌, 100g, 10개 10,200원 (10g당 102원) 내일(일) 도착 보장 5 (34606) 최대 510원 적립",,,,,
"해표 사골분말, 500g, 1개 6,390원 (100g당 1,278원) 내일(일) 도착 보장 4.5 (5447) 최대 320원 적립",,,,,
[랩노쉬] 저당 웨하스 10개입 박스 3종 (택1),,,,,
"곰곰 스테비아 대추방울토마토, 500g, 1팩 5,390원 (100g당 1,078원) 내일(일) 새벽 도착 보장 4.5 (204036) 최대 270원 적립",,,,,
"틈새라면 스프 20p, 100g, 1개 28%6,000원 4,300원 (100g당 4,300원) 내일(일) 새벽 도착 보장 4.5 (253) 최대 215원 적립",,,,,
[정관장] 프리미엄 비타민C (60일분) + (쇼핑백 증정),,,,,
"청정원 우리밀 튀김가루, 450g, 1개 1%5,670원 5,570원 (100g당 1,238원) 내일(일) 도착 보장 5 (3232) 최대 279원 적립",,,,,
[청정원] 순창 저당 현미고추장 500g,,,,,
"청정원 구운마늘과 양파 토마토 스파게티소스, 600g, 1개 42%8,980원 5,170원 (100g당 862원) 내일(일) 도착 보장 5 (70087) 최대 259원 적립",,,,,
[CU 픽업] 플라네타 플럼바고,,,,,
냉동 크랜베리 1kg (미국산),,,,,
"원형 월남쌈, 300g, 1개 8%2,550원 2,330원 (100g당 777원) 내일(일) 도착 보장 5 (2008) 최대 116원 적립",,,,,
[KF365] 1+ 한우 정육 샤브샤브용 300g (냉동),,,,,
[동서] 티오 아이스티 3종 (택1),,,,,
"맑은물에 찐낫또, 45.5g, 2개입, 1개 1,710원 (100g당 1,879원) 내일(일) 새벽 도착 보장 5 (4528) 최대 85원 적립",,,,,
[KF365] 포기로메인 300g,,,,,
"매일바이오 드링킹 플레인, 250ml, 4개입, 2개 9,990원 (10ml당 50원) 내일(일) 새벽 도착 보장 5 (40145) 최대 500원 적립",,,,,
13brix이상 제주 신효 감귤 1.2kg,,,,,
[진실된손맛] 훈제오리 간편 월남쌈,,,,,
[CU 픽업] 기쿠히메 기쿠,,,,,
"오뚜기 오동통면 120g, 10개 3%8,000원 7,700원 (1개당 770원) 내일(일) 도착 보장 5 (93988) 최대 385원 적립",,,,,
[폰타나] 스프레드 고메블렌드 280g 4종 (택1),,,,,
"백설 튀김가루, 1kg, 2개 쿠폰할인26%6,780원 5,000원 (100g당 250원) 내일(일) 도착 보장 5 (4975) 최대 250원 적립",,,,,
[CU 픽업] 에비스500ml*24캔,,,,,
[일화] 일화차시 호박팥차 (500mL X 6개),,,,,
[포스트] 그래놀라 크랜베리아몬드 570g,,,,,
[조선호텔] 함박스테이크 520g,,,,,
[강릉상회] 건어물 안주 사총사,,,,,
"비비드키친 저칼로리 스윗칠리소스, 320g, 1개 8%4,100원 3,750원 (100g당 1,172원) 내일(일) 새벽 도착 보장 5 (2085) 최대 188원 적립",,,,,
[청담동 정식카페] 현미 바닐라 피칸 케이크 580g,,,,,
[아리울떡공방] 호박영양찰떡 400g (개별포장),,,,,
[아우름] 바다를 품은 연어 솥밥,,,,,
"무료배송 몽베스트 위드어스 무라벨 생수, 2L, 18개 16,900원 (100ml당 47원) 2/13(금) 도착 예정 5 (167582) 최대 845원 적립",,,,,
[비첸향] 구워먹는 골든코인 칠리 150g (냉동),,,,,
[크라운] 딸기산도 161g,,,,,
[이목] 국내산 소고기 채끝 스테이크 300g (냉장),,,,,
[오뚜기] 컵누들 로제맛 6입,,,,,
[하림 The미식] 소고기장터국 350g,,,,,
"무료배송 바다in연 프리미엄 활전복 1kg 완도산 산소포장, 1kg 13호 (특대대) 7-8미, 1개 56%110,000원 48,000원 (100g당 4,800원) 모레(월) 도착 예정 5 (415) 최대 1,300원 적립",,,,,
[레오나르디] 모데나산 발사믹 5메달 (실버),,,,,
[떡미당] 말차버터절편 (40g X 10개),,,,,
"생물 백합조개, 2개, 600g 9,270원 (100g당 773원) 내일(일) 새벽 도착 보장 4.5 (2361) 최대 464원 적립",,,,,
담아 본 레드향 3kg (7~10입),,,,,
[풀무원] 식물성 지구식단 두부김치 한식교자 400g X 2입,,,,,
[CU 픽업] 타리마,,,,,
"삼양 까르보불닭소스, 200g, 1개 15%4,200원 3,550원 (100g당 1,775원) 내일(일) 도착 보장 5 (10379) 최대 178원 적립",,,,,
[갓지은] 국내산 구워먹는 찰떡 500g,,,,,
"오가닉프렌즈 식물성 100% 비건 정성 분말 한천 가루 식약청인증, 1개, 150g 쿠폰할인16%19,000원 15,800원 (100g당 10,533원) 내일(일) 도착 보장 4.5 (151) 최대 790원 적립",,,,,
[카수가이] 과일 구미 6종 (택1),,,,,
고소&아삭한 유러피안 채소팩 300g,,,,,
"맥심 아라비카100 아메리카노 블랙, 0.9g, 100개입, 1개 17,730원 (10g당 1,970원) 내일(일) 도착 보장 새 상품, 반품-미개봉 (7) 최저16,840원 4.5 (3154) 최대 886원 적립",,,,,
[Kurly's] 1등급 동물복지 목초 유정란 15구,,,,,
"고향 호두아몬드 율무차, 18g, 110개입, 1개 15,140원 (10g당 76원) 내일(일) 도착 보장 4.5 (4757) 최대 757원 적립",,,,,
[미자언니네] 맛육수,,,,,
[디벨라] 쿠스쿠스 500g,,,,,
[오뗄블랙라벨] 제주돼지로 만든 분홍 소세지 350g(냉장),,,,,
"무료배송 [단감초특가최저가] 꿀당쫀득 일주일한정판매 단감 단골만900명, 1박스, 1kg 쿠폰할인67%26,800원 8,800원 (100g당 880원) 2/10(화) 도착 예정 4 (83) 최대 440원 적립",,,,,
[벨지오이오소] 모짜렐라 스낵팩 170g,,,,,
[이디야] 드립백 8g X 7개 3종(택1),,,,,
"요쉬 후리가께 야채맛, 190g, 1개 쿠폰할인5%8,600원 8,100원 (10g당 426원) 내일(일) 도착 보장 5 (204) 최대 340원 적립",,,,,
[청정원] 소시지랑 떡이랑,,,,,
[베이비본죽] 닭곰탕,,,,,
친환경 베이비 케일 50g,,,,,
"코카콜라 캔 업소용, 245ml, 30개 10,600원 (100ml당 144원) 2/10(화) 도착 예정 4.5 (52679) 최대 530원 적립",,,,,
[풀무원] 치즈 떡볶이떡 400g,,,,,
[달롤] 글루텐프리 가나슈 롤케이크 2종 (택1),,,,,
[비비고] 납작교자 3종 315gx2개입,,,,,
"투데이넛 너트한줌 패밀리 견과 6종 선물세트 600g, 1세트 33%30,900원 20,400원 (1세트당 20,400원) 내일(일) 도착 보장 5 (23108) 최대 969원 적립",,,,,
[로컬스톡] 유기농 백미 850g,,,,,
[리고] 100% 땅콩버터 천크 453g,,,,,
"푸드림 가는정백당, 15kg, 1개 할인76%45,000원 10,440원 (100g당 70원) 2/11(수) 도착 예정 5 (12270) 최대 522원 적립",,,,,
[토종우리흑돈] 무항생제 흑돼지 목살 2종 (냉장),,,,,
[남도우애] 무항생제 1++ 한우 정육 불고기용 200g (냉장),,,,,
"고미네 볶은호박씨, 200g, 1개 5,860원 (100g당 2,930원) 내일(일) 도착 보장 4.5 (632) 최대 293원 적립",,,,,
[양포어장] 손질 아귀 1kg (1마리) (생물),,,,,
[비첸향] 구워먹는 골든코인 2종 (택1) (냉동),,,,,
뽀로로 한입 크리스피롤 4종,,,,,
"국내산 참나물, 130g, 2개 3,440원 (100g당 1,323원) 내일(일) 새벽 도착 보장 5 (31677) 최대 172원 적립",,,,,
"람부탄 (냉동), 1개, 1kg 4,400원 (100g당 440원) 내일(일) 새벽 도착 보장 4 (107) 최대 220원 적립",,,,,
인기 일본 낫토 3종 (택1),,,,,
"더미식 해물짬뽕 584g, 1개 할인37%8,700원 5,400원 (1개당 5,400원) 내일(일) 도착 보장 4.5 (1618) 최대 270원 적립",,,,,
[CU 픽업] 앱솔루트700ml*6,,,,,
[백설] 허브솔트 오리지널 50g,,,,,
[선진포크한돈] 등심 카레용/잡채용 400g 2종 (냉장),,,,,
[샘표] 국산콩 백일된장 900g,,,,,
[오설록] 콜드브루 티 3종 (2.5g X 20개) (택1),,,,,
[한국야쿠르트] 헬리코박터 프로젝트 윌 500mL,,,,,
[CU 픽업] 로버트몬다비나파샤도,,,,,
[키즈텐] 어린이 프리미엄 유산균 아연 (30일분),,,,,
[고래사] 한입 어묵 떡볶이,,,,,
[선물세트] 몽슈슈 구움과자 세트 414g,,,,,
"가가호호 영호진미 쌀, 특등급, 3kg, 1개 10,900원 (100g당 363원) 내일(일) 도착 보장 5 (329) 최대 545원 적립",,,,,
"[전통주] 하드포션 핑크 (12.5도, 500mL)",,,,,
[오레오] 화이트 크림 100g,,,,,
[CU 픽업] 스카이90,,,,,
[바름팜] 친환경 비트 2~4입,,,,,
[온기루] 쑥 송편 500g,,,,,
[롯데웰푸드] 티코 30mL X 15개입 3종(택1),,,,,
[스키니피그] 저당 모나카 140mL X 3개입 2종(택1),,,,,
"돌 용과, 1kg(2입), 1개 7,750원 (100g당 775원) 내일(일) 새벽 도착 보장 4.5 (13912) 최대 388원 적립",,,,,
"루카스나인 시그니처 그린티라떼, 18.9g, 30개입, 1개 12,000원 (10g당 212원) 내일(일) 도착 보장 새 상품, 반품-미개봉 (8) 최저11,640원 5 (10930) 최대 600원 적립",,,,,
[KF365] 무항생제 한입 닭가슴살 1kg(냉동),,,,,
"티아시아키친 치킨 마크니 + 게살 푸팟퐁 + 비프 마살라 + 스파이시 비프 마살라 커리세트, 170g, 4개 42%13,920원 7,990원 (100g당 1,175원) 내일(일) 도착 보장 새 상품, 반품-미개봉 (8) 최저7,590원 4.5 (14983) 최대 400원 적립",,,,,
[리터스포트] 미니 너트셀렉션 타워 7P,,,,,
"유기농 어린잎 채소믹스, 50g, 2개, 50g 2,990원 (100g당 2,990원) 내일(일) 새벽 도착 보장 5 (13370) 최대 150원 적립",,,,,
[고메] 토마토 미트볼,,,,,
비타킹 딸기500g(등급: 특/한단),,,,,
"요플레 1000배 닥터캡슐 사과 요구르트, 130ml, 8개입, 1개 9,790원 (10ml당 94원) 내일(일) 새벽 도착 보장 5 (22341) 최대 490원 적립",,,,,
[기라델리] 인텐스다크 바 5종,,,,,
[페레로] 누텔라 앤 고 52g,,,,,
[26년 설] [CU 픽업] 스페인거브너2종셋,,,,,
[네스프레소 버츄오] 비앙코 피콜로 포밀크 커피 캡슐 10개입(40mL),,,,,
"친환경인증 참타리버섯, 300g, 1팩 1,920원 (100g당 640원) 내일(일) 새벽 도착 보장 5 (22967) 최대 96원 적립",,,,,
"다향 1등급 훈제 오리 슬라이스, 600g, 1개 14,040원 (100g당 2,340원) 640원 와우 가입 쿠폰 내일(일) 새벽 도착 보장 5 (251200) 최대 670원 적립",,,,,
"델몬트 팩주스 24개(오렌지6+포도6+망고6+사과6)+메세지카드, 1세트, 190ml 39%26,400원 15,900원 (100ml당 8,368원) 내일(일) 도착 보장 5 (334) 최대 795원 적립",,,,,
[립톤] 아이스티믹스 복숭아 제로슈가 (5g X 60개),,,,,
"웰넛 구운 캐슈넛, 200g, 1개 13%5,900원 5,090원 (100g당 2,545원) 내일(일) 도착 보장 4.5 (1578) 최대 255원 적립",,,,,
[아우어베이커리] 빨미까레 더블팩 (90g X 2개),,,,,
김포금쌀 고시히카리 쌀 4kg,,,,,
[유키앤러브] 누가비스킷 오리지널 112g,,,,,
[애슐리] 에그인헬,,,,,
[자임] 하루하나 유기농 레몬즙 14포,,,,,
[김소영 아티장의 안단테] 라퀘유 블루 도베르뉴,,,,,
[포비베이글] 저당 초코 크림치즈 100g,,,,,
"한강식품 무항생제 인증 닭볶음탕용 (냉장), 1kg, 2개 14,180원 (100g당 709원) 내일(일) 새벽 도착 보장 5 (1991) 최대 709원 적립",,,,,
"본죽 누룽지 닭죽 (냉장), 270g, 2개 7,850원 (100g당 1,454원) 내일(일) 새벽 도착 보장 4.5 (1003) 최대 393원 적립",,,,,
[샘표] 진간장 금F3 2종 (택1),,,,,
알이 큰 황금사과 1.2kg (4입) (품종:시나노골드),,,,,
[CU 픽업] 까테나 까베르네소비뇽,,,,,
[CU 픽업] 스프링시드 쉬라즈,,,,,
"다진마늘 (냉동), 1kg, 1개 4,760원 (10g당 48원) 내일(일) 새벽 도착 보장 4.5 (7937) 최대 238원 적립",,,,,
[대천김] 무조미 곱창 캔김,,,,,
연말 스테이크 & 구이 메인메뉴 골라담기,,,,,
[라티브] 베리 부스팅 주스 (100mL X 4개),,,,,
[오뚜기] 양념치킨소스 490g,,,,,
[청정원] 리치부어스트 할라피뇨 1kg,,,,,
"샘표 토장, 900g, 2개 56%25,800원 11,280원 (100g당 627원) 내일(일) 도착 보장 5 (29638) 최대 564원 적립",,,,,
[가보팜스] 프리미엄 아카시아꿀 2종 (500g/1kg),,,,,
"곰곰 냉동 딸기(이집트산), 1kg, 1개 8,360원 (100g당 836원) 내일(일) 새벽 도착 보장 4.5 (18885) 최대 418원 적립",,,,,
"무료배송 국내산 25년 햇양파 3kg 구매시 신선한 흙대파 500g 증정, 1개, 양파 소 3kg 할인43%12,000원 6,800원 (100g당 227원) 2/11(수) 도착 예정 4 (1174) 최대 340원 적립",,,,,
[크리스피크림도넛] 미니 오리지널 글레이즈드 (23g X 16개),,,,,
"[유기농 100%] 비이츠 국내산 유기농 엿기름가루, 1개, 500g 할인56%15,900원 6,900원 (100g당 1,380원) 내일(일) 도착 보장 5 (205) 최대 345원 적립",,,,,
"무료배송 신선맘 반건조 무화과 최상급 상품 최신통관 특상품, 1개, 1kg 할인30%29,900원 20,900원 (100g당 2,090원) 2/10(화) 도착 예정 4 (687) 최대 1,045원 적립",,,,,
[던킨도너츠] 블루베리 듬뿍 미니 도넛 (25g X 10개입),,,,,
[모리나가] 하이츄 4종 (택1),,,,,
"서울우유 생크림, 500ml, 1팩 5,960원 (10ml당 119원) 내일(일) 새벽 도착 보장 5 (88875) 최대 298원 적립",,,,,
[또보겠지떡볶이집] 쫄볶이,,,,,
"농협 국산참기름 광천김 무트레이 20p, 80g, 1개 5%7,980원 7,580원 (10g당 948원) 내일(일) 도착 보장 5 (324) 최대 379원 적립",,,,,
[CU 픽업] 키쿠스이카라구치,,,,,
"팔도 비락식혜 제로, 1.5L, 2개 31%9,000원 6,180원 (100ml당 206원) 내일(일) 도착 보장 5 (6436) 최대 309원 적립",,,,,
"폰타나 나폴리 뽀모도로 토마토 파스타소스, 1.5kg, 1개 47%18,970원 10,000원 (100g당 667원) 내일(일) 새벽 도착 보장 5 (3186) 최대 500원 적립",,,,,
"올가홀푸드 유기가공식품 인증 현미 떡국떡, 500g, 1개 7,500원 (100g당 1,500원) 내일(일) 새벽 도착 보장 5 (874) 최대 375원 적립",,,,,
[큐앤리브즈] 시그니처 4종 선물세트,,,,,
"백설 사골 육수에는 1분링, 80g, 1개 57%7,980원 3,410원 (100g당 4,263원) 내일(일) 새벽 도착 보장 5 (476) 최대 170원 적립",,,,,
"맑은물에 국산콩 네컵 연두부 4개입, 360g, 1개 2,450원 (100g당 681원) 내일(일) 새벽 도착 보장 5 (422) 최대 123원 적립",,,,,
"더국민 돌자반볶음, 500g, 1개 34%18,900원 12,400원 (10g당 248원) 내일(일) 도착 보장 5 (34250) 최대 620원 적립",,,,,
"테일러 유기농 푸룬건자두, 210g, 1개 7,130원 (100g당 3,395원) 내일(일) 도착 보장 4.5 (10369) 최대 356원 적립",,,,,
[26년 설] [CU 픽업] 발렌타인마스터즈700,,,,,
[삼립] 정통 보름달 (88g X 8개입),,,,,
[로트벡쉔] 이뮨킥 10 멀티비타민+아연 (10일분),,,,,
[청정원] 이탈리안 파스타소스 3종,,,,,
[정미소] 비단향미 2kg,,,,,
[스타벅스] 프리미엄 믹스 라테 4개입 3종(택1),,,,,
[신키네도] 초코 스타롤 2종 (택1),,,,,
[전통주] 착한농부 아삭 (17도 360mL) 사과증류주,,,,,
[26년 설] [CU 픽업] 조니워커XR21년말띠,,,,,
루비벨 토마토 750g,,,,,
[그린몬스터] 프리미엄 혈당관리&유산균 하루 큐 (30일분),,,,,
"움트리 실장님 회초장, 100g, 1개 24%570원 430원 (100g당 430원) 내일(일) 새벽 도착 보장 5 (483) 최대 21원 적립",,,,,
[블랙모어스] 나이트타임뷰티 30캡슐(15일분),,,,,
"무료배송 현대농산 국산 율무 500g, 2개 18,900원 (100g당 1,890원) 2/11(수) 도착 예정 4.5 (1476) 최대 945원 적립",,,,,
"바프 미니 파티박스 옐로우 5종, 500g, 1개 24%24,900원 18,900원 (100g당 3,780원) 내일(일) 도착 보장 5 (2033) 최대 926원 적립",,,,,
[쌜모네키친] 오로라 그라브락스 연어 200g,,,,,
[애슐리] 타이 시푸드 팟타이,,,,,
[미자언니네] 양념생깻잎,,,,,
[백설] 2배 바삭 튀김유 900mL,,,,,
얼갈이 1kg,,,,,
[동원] 양반 들기름김 에코패키지 20봉,,,,,
[임실치즈] 짜먹는 크림치즈 200g,,,,,
"무료배송 원더풀 피스타치오 무염, 300g, 1개 25,000원 (100g당 8,333원) 2/12(목) 도착 예정 5 (6225) 최대 1,250원 적립",,,,,
[바비엔] 부드러운 양념 황태구이,,,,,
"무료배송 대천김 명품 캔김 세트 30g 8캔, 1개 할인5%38,000원 36,000원 (10g당 1,500원) 2/10(화) 도착 예정 5 (539) 최대 1,800원 적립",,,,,
"무료배송 삼립 호밀빅식빵 1012g, 1kg, 2개 8,660원 (10g당 43원) 2/12(목) 도착 예정 4.5 (2576) 최대 433원 적립",,,,,
"도밍고 꿀홍차, 1.5g, 20개입, 1개 7,800원 (10g당 2,600원) 내일(일) 도착 보장 5 (8363) 최대 390원 적립",,,,,
[선물세트] 종근당건강 아임비타 멀티비타민 올인원 (90일분)(+쇼핑백증정),,,,,
동결건조 다진청양고추 40g,,,,,
[비첸향] 미니이지 크리스마스 기프트 세트 225g,,,,,
5번 선별한 완도 생매생이 100g X 2입 (냉장),,,,,
[배대감] 저당 저칼로리 알룰로스 2종 (택1),,,,,
[모두의식단] 탱글탱글 닭가슴살 어묵바 2종,,,,,
[CU 픽업] 보테가로즈골드,,,,,
[CU픽업] 로얄21년몰트세트,,,,,
[CU 픽업] 펜폴즈 맥스 까쇼,,,,,
[잔다리마을] 서리태 볶음콩 250g,,,,,
"곰곰 금실딸기, 500g(M), 1팩 11,700원 (100g당 2,340원) 내일(일) 새벽 도착 보장 4.5 (1431) 최대 585원 적립",,,,,
[소미노] 소이요 밤콩 두유 (190mL X 16개),,,,,
[프릳츠] 디카페인 커피 캡슐 (5.5g X 10개)(네스프레소 호환),,,,,
"주일 중부시장 김종풍 쫄깃 황태채(냉동), 100g, 1개 5,980원 (100g당 5,980원) 내일(일) 새벽 도착 보장 4.5 (1674) 최대 299원 적립",,,,,
[알디프] 논카페인 블렌딩티 선물세트 4종(택1),,,,,
"서울우유 요거트 블루베리, 380g, 1개입, 1개 2,480원 (10g당 65원) 내일(일) 새벽 도착 보장 5 (2234) 최대 124원 적립",,,,,
[집반찬연구소] 나물 비빔밥 (2인분),,,,,
"무료배송 해남 달콤한자연식품 순수고구마말랭이 10봉 해남꿀고구마로 정성을다했습니다 2024년 햇 꿀고구마로 만들었습니다, 10개, 60g 20%21,000원 16,760원 (100g당 2,793원) 2/11(수) 도착 예정 4.5 (380) 최대 838원 적립",,,,,
[피코크] 너비아니,,,,,
[인텔리젠시아] 블랙캣 에스프레소 원두 340g 2종 (택1),,,,,
"무료배송 라라스윗 초코범벅 x 카라멜 저당팝콘 10봉 30g, 10개 9%17,000원 15,310원 (10g당 510원) 2/10(화) 도착 예정 4.5 (28) 최대 765원 적립",,,,,
[MD's pick] 고당도 레드골드 왕사과세트 4.5kg,,,,,
[버드와이저 제로] 논알콜 (500mL X 4캔),,,,,
[대상웰라이프] 뉴케어 딸기맛 30팩,,,,,
"곰곰 크러쉬드 레드페퍼, 100g, 1개 16%7,000원 5,880원 (10g당 588원) 내일(일) 도착 보장 5 (2729) 최대 294원 적립",,,,,
[사미헌] 한우곰탕 800g,,,,,
"양반 김부각, 50g, 5개 10,500원 (10g당 420원) 내일(일) 도착 보장 4.5 (8354) 최대 525원 적립",,,,,
"디벨라 토마토 퓨레, 680g, 1개 4,570원 (100g당 672원) 내일(일) 새벽 도착 보장 5 (9561) 최대 229원 적립",,,,,
[온하루] 새송이버섯 섭산적,,,,,
"곰곰 후레쉬 모짜렐라 보코치니, 300g, 1개 6,540원 (10g당 218원) 내일(일) 새벽 도착 보장 5 (25873) 최대 327원 적립",,,,,
"오뚜기 백세카레 약간매운맛, 1kg, 1개 9,180원 (100g당 918원) 내일(일) 새벽 도착 보장 5 (1059) 최대 459원 적립",,,,,
[스키니랩] 가벼워지는 시서스 다이어트 (7일분),,,,,
[포트'럭] 동해안 손질 황골뱅이살 150g (냉동),,,,,
[켈로그] 크랜베리 아몬드 그래놀라 500g,,,,,
[오마뎅] 진짜 부산 떡볶이 322g,,,,,
[CU 픽업] 캄파리캐스크테일즈,,,,,
[미식당] 덮밥용 돈카츠 (가츠동 소스 포함),,,,,
[박준우의 오쁘띠베르] 피낭시에 가르니 2개입 3종 (택1),,,,,
"더건강한 샌드위치햄, 90g, 2개 27%6,560원 4,730원 (10g당 263원) 내일(일) 새벽 도착 보장 5 (99853) 최대 236원 적립",,,,,
[카누] 다크 커피 캡슐 5.7g X 10개 2종(택1)(네스프레소 전용),,,,,
[백설] 프리미엄 굴소스 500g,,,,,
[ardo] 컬리플라워 다이스 450g,,,,,
[크라운] 프리미엄 말차 하임 284g,,,,,
[로아커] 미니스 디스펜서 바닐라 500g(10gX50입),,,,,
"무료배송 [울팜] 국내산 창녕 통마늘 피마늘, 1개, 통마늘 1kg 할인37%16,900원 10,570원 (100g당 1,057원) 2/10(화) 도착 예정 4.5 (316) 최대 529원 적립",,,,,
[메종드조에] 밀푀유,,,,,
[전통주] 경탁주 믹스팩 ( 오리지널1*로제1),,,,,
[26년 설] [CU 픽업] 탈리스커10년700세트,,,,,
"풀무원 다논 하루 요거트 사과, 120ml, 4개입, 2개 3,860원 (10ml당 40원) 내일(일) 새벽 도착 보장 5 (1637) 최대 193원 적립",,,,,
"무료배송 [보자기포함선물세트] 프리미엄 설 곶감호두말이 선물세트, 1개, 럭셔리 20구 (보자기포함) 할인54%60,050원 27,050원 2/11(수) 도착 예정 5 (80) 최대 1,353원 적립",,,,,
"곰곰 시나노 골드사과, 1.5kg(중과), 1개 14,230원 (100g당 949원) 내일(일) 새벽 도착 보장 4.5 (15812) 최대 711원 적립",,,,,
[선물세트] 갤러리아 고메이494 재래구이 김 난호,,,,,
[녹색한우] 무항생제 1+ 한우 꽃등심 구이용 200g (냉장),,,,,
[CU 픽업] 키쿠마사실버팩*2입,,,,,
[어니스트그릭] 그릭요거트 띠크 100g,,,,,
"베티나르디 캐모마일 티, 1g, 30개입, 1개 35%13,000원 8,350원 (10g당 2,783원) 내일(일) 도착 보장 5 (2039) 최대 418원 적립",,,,,
[버나드] 메이플 시럽 250ml,,,,,
"쵸코하임, 284g, 1개 26%5,650원 4,170원 (10g당 147원) 내일(일) 새벽 도착 보장 5 (2647) 최대 209원 적립",,,,,
[하림 The 미식] 장인라면 얼큰한맛 4입,,,,,
"오리지널 그레인 파로 엠머 밀, 1kg, 1개 8,980원 (100g당 898원) 내일(일) 도착 보장 새 상품, 반품-미개봉 (2) 최저7,580원 5 (470) 최대 399원 적립",,,,,
"무료배송 [마지막초특가] 6일한정판매 명품당도 부사사과 꿀사과, 1박스, 2kg 쿠폰할인54%23,800원 10,800원 (100g당 540원) 2/12(목) 도착 예정 3.5 (50) 최대 540원 적립",,,,,
[일드프랑스] 미니 브리 (25g X 5입),,,,,
"프레지덩 가염버터, 200g, 1개 8,810원 (100g당 4,405원) 내일(일) 새벽 도착 보장 5 (2425) 최대 440원 적립",,,,,
"핫식스 더킹 파워 에너지음료, 355ml, 24개 19,690원 (100ml당 231원) 내일(일) 도착 보장 5 (11206) 최대 985원 적립",,,,,
[하인즈] 클래시코 토마토 파스타소스 600g 2종,,,,,
[CU 픽업] 1865셀렉티드소비뇽블랑,,,,,
[존쿡 델리미트] 팜프레시 잠봉 100g,,,,,
[너즈] 구미 클러스터 2종 (택1),,,,,
"서울우유 연유, 500g, 2개 쿠폰할인4%9,510원 9,100원 (100g당 910원) 내일(일) 새벽 도착 보장 5 (48533) 최대 455원 적립",,,,,
"마켓오 브라우니 크림치즈 12p, 240g, 1개 4,750원 (10g당 198원) 내일(일) 도착 보장 새 상품, 반품-미개봉 (22) 최저4,510원 5 (1821) 최대 238원 적립",,,,,
"삼양라면, 20개 12,760원 (1개당 638원) 내일(일) 도착 보장 5 (172907) 최대 638원 적립",,,,,
"에스프레소스틱 로얄 헤이즐넛, 1g, 100개입, 1개 15,140원 (10g당 1,514원) 내일(일) 도착 보장 5 (43345) 최대 757원 적립",,,,,
[장호준셰프] 우목심 스키야키,,,,,
[지노프레쉬] 지노프레쉬 질유산균 (30일분),,,,,
[도리깨침] 5종 나물 비빔밥 (쪽파 간장양념 포함),,,,,
[온기루] 영양 왕찹쌀떡 (100g X 5개),,,,,
[매일] 바이오 알로에 (80g X 6개),,,,,
"풀무원 한끼 연두부 + 참깨 흑임자 소스, 110g, 6개 24%9,980원 7,500원 (100g당 1,136원) 내일(일) 새벽 도착 보장 5 (32045) 최대 375원 적립",,,,,
"트루스위트 알룰로스, 700g, 1개 41%13,700원 7,980원 (100g당 1,140원) 내일(일) 도착 보장 5 (35880) 최대 379원 적립",,,,,
[오봉집] 주꾸미 볶음 2종 (택1),,,,,
[레인저스벨리] 호주산 흑소 MB3+ 치마살 구이용 200g,,,,,
[상하목장] 유기농 그릭요거트 무가당 플레인 400g,,,,,
"오뚜기 카레 과립형 매운맛, 100g, 3개 5,100원 (100g당 1,700원) 내일(일) 도착 보장 5 (21791) 최대 255원 적립",,,,,
[26년 설] [CU 픽업] 디아블로 신년에디션,,,,,
"미국산 초이스 갈비살 구이용 (냉장), 1개, 1kg 20%49,900원 39,900원 (100g당 3,990원) 내일(일) 새벽 도착 보장 4.5 (66) 최대 1,945원 적립",,,,,
[올계] 유기농 닭고기 다짐육 300g (냉동),,,,,
[26년 설] [CU 픽업] 네비게이터카쇼&샤도,,,,,
[바다소리] 진도 동거차도 참미역 50g,,,,,
[티바인] 저당 홈카페 시럽 3종 (택1),,,,,
"친환경 치커리, 100g, 1개 2,050원 (100g당 2,050원) 내일(일) 새벽 도착 보장 4.5 (6399) 최대 103원 적립",,,,,
[쌍계명차] 큐브우드티 8종 선물세트,,,,,
[을지다락] 차돌박이 들깨 파스타,,,,,
[사미헌] 야채담은 소불고기 400g (냉동),,,,,
"무료배송 코카콜라 오리지널, 250ml, 30개 23,500원 (100ml당 313원) 2/11(수) 도착 예정 5 (230979) 최대 1,175원 적립",,,,,
[갓지은] 약식 (50g X 8개입),,,,,
[CU 픽업] 1865셀렉티드피노,,,,,
[선물세트] 닥터넛츠 데일리 견과 2종 세트 840g (28gX30봉),,,,,
[디어파인] 두유 그릭요거트 100g,,,,,
"폰타나 시칠리아 페페론치노 아라비아따 파스타 토마토소스, 1.5kg, 1개 47%18,970원 10,000원 (100g당 667원) 내일(일) 새벽 도착 보장 5 (774) 최대 500원 적립",,,,,
"포스트 고소한 아몬드 후레이크 시리얼, 1kg, 1개 14%9,700원 8,270원 (10g당 83원) 내일(일) 도착 보장 5 (120824) 최대 414원 적립",,,,,
[주전부리마켓] 어린시절 쥐치포 200g,,,,,
[일상味소] 절단 국거리 200g (냉동),,,,,
"청정원 클래식 돈카츠 소스, 400g, 1개 3,000원 (100g당 750원) 내일(일) 새벽 도착 보장 5 (8782) 최대 150원 적립",,,,,
"무료배송 왕부정 베트남 냉동고추 쇼미라 1kg 1봉지, 1개 할인28%12,000원 8,550원 (100g당 855원) 2/10(화) 도착 예정 4.5 (552) 최대 428원 적립",,,,,
[머거본] 꿀땅콩 300g,,,,,
"건강곡간 조각내어 불릴 필요없이 간편한 병아리콩 통, 900g, 1개 41%6,980원 4,080원 (100g당 453원) 내일(일) 도착 보장 4.5 (550) 최대 204원 적립",,,,,
[고맙당] 저당 불닭소스 2종 (택1),,,,,
[Kurly's] 1++ 한우 꽃갈비살 구이용 250g (냉장),,,,,
"곰곰 단감, 800g(중과), 1개 3,510원 (100g당 439원) 내일(일) 새벽 도착 보장 4.5 (8525) 최대 175원 적립",,,,,
[달콤트리] 13brix이상 당도선별 레드향 3kg (7~9입),,,,,
"빈츠 비스켓, 204g, 4개 15,100원 (10g당 185원) 내일(일) 도착 보장 5 (46558) 최대 755원 적립",,,,,
[26년 설] [CU 픽업] KJ호주선물셋,,,,,
바로 끓여먹는 마녀스프용 채소1kg,,,,,
유기농 다진 당근 100g x 2입,,,,,
[서주] 쭈쭈바 2종 (125mL X 7개),,,,,
[이목 무항생제] 국내산 소고기 우둔 장조림용 200g (냉장),,,,,
"토종마을 국산 황기 절단, 300g, 1개 15,170원 (10g당 506원) 내일(일) 도착 보장 4.5 (3020) 최대 720원 적립",,,,,
"동일식품 미니 한입 꿀꽈배기 약 150개입, 1개, 1kg 할인54%29,900원 13,500원 (10g당 135원) 내일(일) 도착 보장 5 (980) 최대 675원 적립",,,,,
[푸드올로지] 지중해 레몬그린티 15포,,,,,
[니아르] 액티포닌 돌외잎 (14일분),,,,,
[차오차이] 중화 짜장덮밥소스 5종 (택1),,,,,
"비비고 직화 참기름김, 54g, 2개 22%12,960원 9,980원 (10g당 924원) 내일(일) 도착 보장 5 (22043) 최대 499원 적립",,,,,
[빙그레] 모짜렐라 피자치즈 2종 (택1),,,,,
[콴첼] MSM (120일분),,,,,
[선물세트] 유러피안 치즈&하몽 선물세트,,,,,
"국내산 얼갈이, 1kg, 1개 6,000원 (100g당 600원) 내일(일) 새벽 도착 보장 4.5 (29761) 최대 300원 적립",,,,,
[하트픽] 파로효소 30포,,,,,
씻어나온 완전미 신동진 쌀 8kg,,,,,
[어니스트그릭] Smash 깨먹는 민트초코 그릭요거트 100g,,,,,
"피그인더가든 신선한 야채믹스, 500g, 1개 5,190원 (100g당 1,038원) 내일(일) 새벽 도착 보장 4.5 (8635) 최대 260원 적립",,,,,
"국내산 새송이 버섯, 170g, 1개 1,290원 (100g당 759원) 내일(일) 새벽 도착 보장 5 (64696) 최대 65원 적립",,,,,
[오트리] 고메넛츠 2종,,,,,
"맛선생 한우 조미료, 250g, 1개 19%10,650원 8,580원 (10g당 343원) 내일(일) 도착 보장 5 (7018) 최대 429원 적립",,,,,
"[레드텅 픽업] 텍스트북, 페이지 터너 오크빌 2019 750ml (와인)",,,,,
[오뚜기] 간편 블럭국 8종 (택1),,,,,
"오설록 삼다 꿀배 티, 1.5g, 20개입, 1개 15%11,000원 9,300원 (10g당 3,100원) 내일(일) 도착 보장 5 (6835) 최대 465원 적립",,,,,
[슈퍼키친] 눈꽃 치즈 계란말이,,,,,
"국내산 세발나물, 150g, 2개 3,840원 (100g당 1,280원) 내일(일) 새벽 도착 보장 5 (5716) 최대 192원 적립",,,,,
"청정원 구운마늘과 양파 토마토 스파게티소스, 600g, 1개 31%7,580원 5,170원 (100g당 862원) 내일(일) 새벽 도착 보장 5 (20907) 최대 259원 적립",,,,,
"연두 요리에센스 순, 500ml, 1개 44%9,980원 5,500원 (10ml당 110원) 내일(일) 도착 보장 5 (33327) 최대 275원 적립",,,,,
"농심 신라면 컵 65g 6p + 오징어짬뽕 컵 67g 6p +새우탕 컵 67g 6p, 1개 17,020원 (1개당 17,020원) 내일(일) 도착 보장 5 (1746) 최대 851원 적립",,,,,
"비비드키친 저당 발사믹 드레싱, 210g, 1개 4,280원 (100g당 2,038원) 내일(일) 새벽 도착 보장 5 (1023) 최대 214원 적립",,,,,
"하림 닭볶음탕용 닭고기 (냉장), 1000g, 2개 16%18,990원 15,880원 (100g당 794원) 내일(일) 새벽 도착 보장 5 (171048) 최대 794원 적립",,,,,
[드시모네] 베이비 스텝2 50포 X 2박스 (100일분),,,,,
[로카] 고다 치즈 패스츄리 스틱 3종 (택1),,,,,
[팔팔호랑이] 흑도라지청 600g,,,,,
[나폴레옹] 아몬드 스폰지케이크 633g,,,,,
[발센] 라이브니즈 주 동물원 비스킷 4종 (택1),,,,,
[토스티토스] 청키 살사소스 2종,,,,,
[외할머니댁] 일산 털레기 수제비,,,,,
[어스맨] 무설탕 공정무역 히말라야 건살구 100g,,,,,
[농협] 국산100% 쌀부침가루 450g,,,,,
[태극당] 찹쌀떡 3종 세트 (80g X 10개입),,,,,
"마야 NFC 레몬즙 주스, 2개, 1L 25%13,000원 9,700원 (100ml당 485원) 내일(일) 도착 보장 5 (6307) 최대 485원 적립",,,,,
"담터 호두아몬드 율무차, 18g, 30개입, 1개 5%9,300원 8,800원 (10g당 163원) 내일(일) 새벽 도착 보장 5 (6818) 최대 440원 적립",,,,,
[스키니랩] 이지슬리밍 잔티젠 다이어트 (14일분),,,,,
[사조대림] 하우스그릴부어스트 310g,,,,,
"국내산 흙쪽파, 500g, 1개 5,610원 (100g당 1,122원) 내일(일) 새벽 도착 보장 4.5 (25510) 최대 280원 적립",,,,,
솜사탕 미니 케이크 (초&성냥 포함),,,,,
[배대감] 국산 고소한 33곡 미숫가루 1kg,,,,,
[선물세트] 트리투바 화이트 & 밀크 살라미 초콜릿 2입 세트,,,,,
"풀무원 발효식초로 만든 치자 김밥 단무지, 300g, 1개 2,860원 (100g당 953원) 내일(일) 새벽 도착 보장 5 (5515) 최대 143원 적립",,,,,
[김정환홍삼] 이지앤하이 (30일분),,,,,
[CU 픽업]커리쉬아우스레제,,,,,
[PPUL] 1++(9) 한우 보섭 스테이크 200g (냉장),,,,,
"호주산 소고기 다짐육 (냉장), 1개, 300g 17%9,900원 8,200원 (100g당 2,733원) 내일(일) 새벽 도착 보장 5 (623) 최대 410원 적립",,,,,
"무료배송 대한농산 통에담은 맞춤21곡, 2kg, 2개 13%18,000원 15,610원 (100g당 390원) 2/11(수) 도착 예정 4.5 (16977) 최대 780원 적립",,,,,
[키토케토] 샤인MCT구미 무설탕 젤리 애플사이다비니거 6개입,,,,,
"새미네부엌 국간장, 450ml, 1개 1%4,400원 4,320원 (100ml당 960원) 내일(일) 도착 보장 새 상품, 반품-미개봉 (18) 최저3,500원 5 (16177) 최대 216원 적립",,,,,
[브레드가든] 초코스틱 만들기세트 195g,,,,,
[톰볼라] 시금치 라자냐,,,,,
"폰타나 이탈리아 캄파니아 푸실리, 500g, 2개 27%7,940원 5,780원 (100g당 578원) 내일(일) 도착 보장 5 (4387) 최대 289원 적립",,,,,
"[25년산][늘찬팜] 국산 깐녹두 기피녹두 녹두, 1개, 200g 24%8,900원 6,700원 (100g당 3,350원) 내일(일) 도착 보장 4.5 (57) 최대 335원 적립",,,,,
"백설 콩기름, 1.8L, 5개 43%42,400원 23,920원 (100ml당 266원) 내일(일) 도착 보장 5 (55305) 최대 1,196원 적립",,,,,
"매콤달콤 바삭 닭강정 (냉동), 1kg, 1개 18%16,000원 13,000원 (100g당 1,300원) 내일(일) 새벽 도착 보장 5 (7149) 최대 650원 적립",,,,,
"농심 신라면 건면, 10개 9,400원 (1개당 940원) 내일(일) 새벽 도착 보장 5 (8104) 최대 470원 적립",,,,,
[선물세트] 리오마레 올리브오일 참치 혼합 선물세트,,,,,
[콜린스 다이닝] 브리또볼,,,,,
[26년 설] [CU 픽업] 닛카요이치싱글몰트,,,,,
"미트엔조이 호주산 모듬 다짐육 (냉장), 300g, 1개 21%9,900원 7,800원 (100g당 2,600원) 내일(일) 새벽 도착 보장 4.5 (25716) 최대 390원 적립",,,,,
"즐거운동행 하루낫또, 45.5g, 1개, 8개입 7,420원 (100g당 2,038원) 내일(일) 새벽 도착 보장 5 (549) 최대 371원 적립",,,,,
[라티브] 올리브레몬샷 2박스 28개입 선물세트,,,,,
"선진포크한돈 등심 카레용 (냉장), 1개, 300g 6,820원 (100g당 2,273원) 내일(일) 새벽 도착 보장 5 (110) 최대 341원 적립",,,,,
[선물세트]전주 이강주 에밀레종 조선3대명주 조정형명인 (25도400mL),,,,,
[프롬바이오] 위&장엔 매스틱 락추로스 (14일분),,,,,
"해태제과 종합선물세트, 11종, 1세트 할인4%19,500원 18,720원 (10g당 218원) 내일(일) 도착 보장 새 상품, 반품-미개봉 (2) 최저16,110원 4.5 (5749) 최대 848원 적립",,,,,
"달구벌 소금구이소곱창 냉동, 400g, 1개 11,500원 (100g당 2,875원) 내일(일) 새벽 도착 보장 4.5 (416) 최대 575원 적립",,,,,
"무료배송 정읍젊은농부 햇 호박고구마, 5kg 호박고구마 중품 (60~120g), 1박스 쿠폰할인55%35,900원 16,090원 (100g당 322원) 2/10(화) 도착 예정 4 (22206) 최대 795원 적립",,,,,
"트레비 탄산수 플레인, 300ml, 20개 2%10,900원 10,600원 (100ml당 177원) 내일(일) 도착 보장 새 상품, 반품-미개봉 (38) 최저8,740원 5 (20617) 최대 530원 적립",,,,,
[세노비스] 키즈 프로폴리스 스프레이 (33일분),,,,,
[클리퍼] 유기농 스노어앤 피스 (1.5g X 20개),,,,,
[라빈리커픽업][신년 특가] 스톨리치나야 솔티드 카라맬 (스피릿),,,,,
"무료배송 베지밀 에이 담백한 두유, 950ml, 12개 할인33%38,900원 25,850원 (100ml당 227원) 2/12(목) 도착 예정 5 (59614) 최대 1,293원 적립",,,,,
"무료배송 당도보장 상주 곶감 1kg 쫀득달콤 햇감, 1개, 900g 할인43%33,500원 18,800원 (100g당 2,089원) 2/10(화) 도착 예정 4.5 (214) 최대 940원 적립",,,,,
[놀부보쌈] 통삼겹보쌈,,,,,
"불닭볶음면 4가지 치즈 145g, 4개 5%5,980원 5,660원 (1개당 1,415원) 내일(일) 도착 보장 새 상품, 반품-미개봉 (8) 최저5,370원 5 (5811) 최대 283원 적립",,,,,
"포모나 믹솔로지 스모키얼그레이 시럽, 1L, 1개 15,050원 (100ml당 1,505원) 내일(일) 도착 보장 5 (8482) 최대 753원 적립",,,,,
[진가네반찬] 오징어 양념비빔밥,,,,,
[안국건강] 혈당케어 바나바 (60일분),,,,,
"무료배송 [마지막초특가] 못생겨도맛있는 고당도 제주 천혜향, 1박스, 3kg (최저가) 쿠폰할인53%38,900원 17,900원 (100g당 597원) 2/13(금) 도착 예정 5 (51) 최대 895원 적립",,,,,
"유명산지 경남단감 소과 5입, 800g, 1개 3,500원 (100g당 438원) 내일(일) 새벽 도착 보장 4.5 (20865) 최대 175원 적립",,,,,
"[티젠] 콤부차 요구르트 2종(10개입, 30개입)",,,,,
"무료배송 [한정특가] 2주만이가격 당도선별 과즙폭발 샤인머스켓, 1세트, 1kg 46%20,500원 10,900원 (100g당 1,090원) 2/13(금) 도착 예정 3.5 (51) 최대 545원 적립",,,,,
[블랑제리코팡] 빠네 바게트볼 (210g X 2개),,,,,
[26년 설] [CU 픽업] 비스킷앤보드셰VSOP,,,,,
"사랑과정성 사랑담은 요리맛샘, 230g, 2개 8,920원 (100g당 1,939원) 내일(일) 새벽 도착 보장 5 (435) 최대 446원 적립",,,,,
[G7] 에스프레소 파우더 스틱 (2.5g X 15개),,,,,
[일상식탁] 소고기 된장전골,,,,,
"가농 1+등급 반반대란 반숙란 + 구운란 세트, 20구, 1세트 12,000원 (1구당 600원) 내일(일) 새벽 도착 보장 4.5 (1652) 최대 600원 적립",,,,,
"한강식품 닭간 (냉동), 1kg, 1개 8,400원 (100g당 840원) 내일(일) 새벽 도착 보장 4.5 (755) 최대 420원 적립",,,,,
[썬키스트] 팬시 레몬 300g (3입),,,,,
"샘표 일편단심 통참깨 참기름, 200ml, 1개 30%8,980원 6,280원 (10ml당 314원) 내일(일) 도착 보장 5 (6157) 최대 314원 적립",,,,,
[SUPERRACA] 포샤인 저분자콜라겐 (30일분),,,,,
[맥널티바이오] 가볍게 비우는 푸룬 푸루룬 10개입,,,,,
[삼립] 364시간 주종발효 도라야끼 2종 (60g X 2개입) (택1),,,,,
"무료배송 스파클 생수 무라벨, 2L, 24개 할인20%14,990원 11,990원 (100ml당 25원) 2/10(화) 도착 예정 5 (545314) 최대 600원 적립",,,,,
[미자언니네 방앗간] 모듬 영양콩찰편,,,,,
"동원 노르웨이 두툼한 생연어회, 200g, 1개 26%19,900원 14,690원 (100g당 7,345원) 내일(일) 새벽 도착 보장 4.5 (10990) 최대 685원 적립",,,,,
"신품종 조선향미 조선백진주 고급품종(25년햅쌀), 상등급, 1개, 4kg 할인11%28,800원 25,500원 (100g당 638원) 내일(일) 도착 보장 5 (972) 최대 1,275원 적립",,,,,
"무료배송 금풍제과 보리건빵, 30g, 100개 할인30%22,190원 15,490원 (10g당 52원) 2/13(금) 도착 예정 5 (21437) 최대 775원 적립",,,,,
[김소영 아티장의 안단테] 사토리 발사믹 벨라비타노 150g,,,,,
"국내산 청경채, 150g, 4팩 4,900원 (100g당 817원) 내일(일) 새벽 도착 보장 5 (177373) 최대 245원 적립",,,,,
"양반 수라 통다리 삼계탕, 460g, 2개 쿠폰할인23%11,960원 9,100원 (100g당 989원) 내일(일) 새벽 도착 보장 4.5 (1056) 최대 455원 적립",,,,,
[토마스푸드] 호주산 양 갈빗살 300g (냉장),,,,,
"건조 크랜베리, 200g, 1개 4,580원 (100g당 2,290원) 내일(일) 새벽 도착 보장 5 (10893) 최대 229원 적립",,,,,
[숭의가든] LA 양념 갈비,,,,,
"몸애조화 깐은행, 180g, 1개 6,490원 (100g당 3,606원) 내일(일) 새벽 도착 보장 4.5 (384) 최대 325원 적립",,,,,
[풀무원] 국산콩 콩비지,,,,,
[설성목장] 한돈 갈비 김치찌개,,,,,
[쿠스미티] 유기농 아쿠아로사 2종,,,,,
[신안더솔트] 신안 3년 묵은 천일염 500g,,,,,
"무료배송 할리스 바닐라 딜라이트 로우슈거, 450ml, 12개 할인59%42,000원 16,910원 (100ml당 313원) 2/11(수) 도착 예정 5 (442) 최대 845원 적립",,,,,
[자연다움] 바로먹는 퀵오트밀 미니팩(50gx20개입),,,,,
"바프 먼투썬 하루견과 핑크, 20g, 10개 6%8,400원 7,840원 (100g당 3,920원) 내일(일) 새벽 도착 보장 5 (61) 최대 392원 적립",,,,,
[마이시톨] 나의 이노시톨 마이시톨 (60포),,,,,
"무료배송 코카콜라 1.5L, 6개 할인23%22,750원 17,300원 (100ml당 192원) 2/11(수) 도착 예정 5 (58418) 최대 865원 적립",,,,,
"[팥붕슈붕] 미니 붕어빵 2종(단팥, 슈크림)",,,,,
[오리온] 포카칩 4개입 2종 (택1),,,,,
"밀양 청홍고추, 150g, 1개 4,990원 (100g당 3,327원) 내일(일) 새벽 도착 보장 5 (14422) 최대 250원 적립",,,,,
[홍루이젠] 쪽파 베이컨 크림치즈 샌드위치 2입,,,,,
"무료배송 최상급 제철 생굴 깐굴 당일수확 초장증정, 1개, 1kg(실중량800g) 39%18,000원 10,900원 (100g당 1,090원) 2/12(목) 도착 예정 4.5 (150) 최대 545원 적립",,,,,
[롯데칠성] 오트몬드 초코 (190mL X 24개),,,,,
[연안식당] 꼬막 비빔장 2종 (택1),,,,,
"햇살담은 두번달여더진한 진간장, 1.7L, 2개 46%18,600원 9,900원 (100ml당 291원) 내일(일) 도착 보장 5 (112677) 최대 495원 적립",,,,,
"무료배송 [전국최저가] 부산 고당도 짭짤이 대저토마토, 1박스, 대저토마토 1kg 할인48%22,900원 11,900원 (100g당 1,190원) 2/11(수) 도착 예정 5 (19) 최대 595원 적립",,,,,
[순수람] 어린이용 새싹카레 4개입,,,,,
[빕스] 시즈닝 살치 스테이크 240g,,,,,
[샘표] 순작 핫앤콜드 과일 허브티 3종 (택1),,,,,
[드시모네] 키즈 스텝1 딸기향 유산균 50포 X 2박스 (100일분),,,,,
[엠오이칼] 키즈 체리맛 캔디 75g,,,,,
"주부9단 목우촌 오븐구이 떡갈비 (냉동), 1kg, 1개 9,660원 (100g당 966원) 내일(일) 새벽 도착 보장 5 (1274) 최대 483원 적립",,,,,
"미정당 스팸 부대찌개, 5개, 350g 27%18,950원 13,780원 (100g당 787원) 내일(일) 도착 보장 4.5 (1564) 최대 689원 적립",,,,,
[메종엠오] 마들렌 8구 선물세트 265g,,,,,
유기농 달래 80g,,,,,
"무료배송 평창수 무라벨 생수, 2L, 24개 24,900원 (100ml당 52원) 2/11(수) 도착 예정 5 (164234) 최대 1,245원 적립",,,,,
[비비드키친] 저당 갈릭디핑 소스 250g,,,,,
[배대감] 임금님표 이천쌀 명품누룽지 1.2kg,,,,,
[이웃집통통이] 두바이초콜릿케이크 600g,,,,,
[Matt] 유기농 파로 음료 1L,,,,,
[포트'럭] 자연산 재첩 500g (생물),,,,,
[KF365] 에어프라이어용 치즈 폭탄 돈까스 300g (모짜렐라),,,,,
[CU 픽업] 라포스톨뀌베 까르메네르,,,,,
국내산 유기농 호라산 밀 300g,,,,,
[햇반] 백미밥 210g*24입,,,,,
[네이처메이드] 액티브 데일리 멀티 포 올 (90일분),,,,,
[우주인피자] 청양 페퍼로니,,,,,
[몬타이] 월남쌈 소스,,,,,
"백설 사골 육수에는 1분링, 80g, 1개 57%7,980원 3,410원 (100g당 4,263원) 내일(일) 도착 보장 5 (4076) 최대 170원 적립",,,,,
[에디션덴마크]원두 200g 4종(택1),,,,,
"동원참치 라이트 스탠다드, 85g, 6개 41%17,900원 10,480원 (10g당 205원) 내일(일) 도착 보장 5 (122394) 최대 524원 적립",,,,,
"엉클탁 간편한끼 병아리콩, 70g, 1개 2,490원 내일(일) 새벽 도착 보장 5 (5260) 최대 125원 적립",,,,,
[아티장 비스킷] 치즈를 위한 크래커 4종,,,,,
[한스케익] 상큼 레몬 파운드 290g,,,,,
청도 미나리 300g,,,,,
[셀렉스] 프로핏 완전단백질 4종,,,,,
"곰곰 고소한 보리차 무라벨, 12개, 1.5L 50%24,000원 11,790원 (100ml당 66원) 내일(일) 도착 보장 5 (19574) 최대 590원 적립",,,,,
[후디스] 하이뮨 마시는 프로틴 밸런스 음료,,,,,
[폰타나] 컵수프 4종,,,,,
[마음이가] 모듬 꿀떡 350g,,,,,
"자연애찬 정직한 훈제란 350g, 1개, 10구 5,980원 (1구당 598원) 내일(일) 새벽 도착 보장 4.5 (28) 최대 299원 적립",,,,,
[슈퍼키친] 견과류멸치볶음,,,,,
[에스푸나] 초리조 엑스트라 50g,,,,,
[아침엔본죽] 전복죽,,,,,
"무료배송 매남 국산 GAP 청도 말린 햇 대추 찍초(등외품) 1kg, 찍초(등외품)1kg, 1개 8,800원 (100g당 880원) 2/11(수) 도착 예정 4.5 (172) 최대 440원 적립",,,,,
"하림 뼈없는 닭발 (냉동), 1kg, 1개 19,850원 (100g당 1,985원) 내일(일) 새벽 도착 보장 5 (10539) 최대 993원 적립",,,,,
"제주우유 무항생제 우유, 1개, 900ml 3,380원 (100ml당 376원) 내일(일) 새벽 도착 보장 5 (1272) 최대 169원 적립",,,,,
[온하루] 감말랭이 잔멸치 무침,,,,,
"샘표 남대문 갈치조림 양념, 200g, 2개 26%5,960원 4,400원 (100g당 1,100원) 내일(일) 도착 보장 4.5 (2160) 최대 220원 적립",,,,,
"그린너트 프리미엄 호두정과, 250g, 2개 15,220원 (100g당 3,044원) 내일(일) 도착 보장 4.5 (379) 최대 761원 적립",,,,,
무농약 원료 다진 애호박 100g,,,,,
"모리타니아산 데친 문어, 400g, 1개 30%22,900원 15,960원 (100g당 3,990원) 내일(일) 새벽 도착 보장 4.5 (3150) 최대 798원 적립",,,,,
[리사르커피] 하우스 블렌드 원두 200g 4종 (택1),,,,,
"무료배송 [유명농산] 국산 녹두 1kg 2025년산 전북 고창, 1개 17,800원 (100g당 1,780원) 2/11(수) 도착 예정 4.5 (2971) 최대 890원 적립",,,,,
[비움반찬] 오징어도라지초무침,,,,,
"삼양 쇠고기면 120g, 20개 2%13,600원 13,260원 (1개당 663원) 내일(일) 도착 보장 4.5 (22921) 최대 663원 적립",,,,,
"카레여왕 구운마늘&양파 분말카레, 108g, 3개 47%16,440원 8,650원 (100g당 2,670원) 내일(일) 새벽 도착 보장 5 (14238) 최대 433원 적립",,,,,
친환경 베이비 시금치 100g,,,,,
[미미네] 어묵많이 눈꽃치즈 국물떡볶이,,,,,
7일 담미 고시히카리 8kg,,,,,
[와인앤모어픽업]따발리 베타스 블랑카스 피노누아 ((와인)),,,,,
"[Kurly's] 김치 왕만두 (1,050g/지퍼백)",,,,,
[선물세트] 전통주 착한농부 아삭선물세트_아삭x2병+아삭골드x1병 (17도 360mL),,,,,
[동서] 애사비콤부차 파인애플망고 30개입,,,,,
유기농 청경채 2종,,,,,
[시오팡야] 소금빵 쿠키 콤보 294g,,,,,
[청정원] 홍초 저당 레드애플 900ml,,,,,
[오로라] 오로라 분말 리포좀 글루타치온 (7포),,,,,
[아티제] 마들렌 세트 (25g X 7개),,,,,
"요플레 바이오플레 플레인, 130ml, 8개입, 1개 2,700원 (10ml당 26원) 내일(일) 새벽 도착 보장 5 (31959) 최대 135원 적립",,,,,
[라빈리커픽업][신년 특가] 스톨리치나야 엘리트 (스피릿),,,,,
유기농 잡곡 차조 500g,,,,,
"고향만두 300g + 잡채가득 300g 세트 (냉동), 600g, 1세트 4,940원 (100g당 823원) 내일(일) 새벽 도착 보장 5 (10083) 최대 222원 적립",,,,,
[푸드올로지] 콜레올로지 컷 다이어트 유산균 (10일분),,,,,
"무료배송 산과들에 원데이 요거트 건포도 20g, 20개 할인12%10,900원 9,510원 (1세트당 476원) 2/10(화) 도착 예정 4.5 (1135) 최대 470원 적립",,,,,
[집반찬연구소] 마카로니 범벅,,,,,
"하림 Fresh UP 닭근위, 500g, 1개 4,990원 (100g당 998원) 내일(일) 새벽 도착 보장 5 (1379) 최대 250원 적립",,,,,
[전통주] 40240 독도소주_해양심층수 (37도 375mL),,,,,
[CU 픽업] 츠카사보탄야마유즈,,,,,
[위시캣] 과일칩 2종 (택1),,,,,
"곰곰 국내산 딸기, 500g(대과), 3팩 28,480원 (100g당 1,899원) 내일(일) 새벽 도착 보장 4.5 (38862) 최대 1,424원 적립",,,,,
"불닭볶음면 4가지 치즈 큰컵 110g, 6개 17%9,300원 7,680원 (1개당 1,280원) 내일(일) 도착 보장 5 (6332) 최대 384원 적립",,,,,
[머거본] 칼몬드 150g,,,,,
[CU 픽업] 그랜트버지샤드라까쇼,,,,,
"한울 촉촉 고구마 스틱, 20g, 20개 34%30,000원 19,630원 (100g당 4,908원) 내일(일) 새벽 도착 보장 5 (2984) 최대 981원 적립",,,,,
[포트'럭] 동해안 말똥성게알 2종 (택1) (생물),,,,,
[동원] 더킹 랍스터/크랩스 맛살 2종 (택1),,,,,
[종근당건강] 프로메가 알티지 오메가3 트리플 (30일분),,,,,
"곰곰 한돈 1등급 삼겹살 (냉장), 1kg, 1개 37%33,990원 21,280원 (100g당 2,128원) 내일(일) 새벽 도착 보장 4.5 (20139) 최대 1,064원 적립",,,,,
[창화당]모둠 딤섬,,,,,
"무료배송 이디야 오리지널 아메리카노 170T, 1g, 170개입, 1개 19%29,000원 23,400원 (10g당 1,376원) 2/10(화) 도착 예정 4.5 (56880) 최대 1,170원 적립",,,,,
"바나나맛우유 240ml x 3개입 + 바나나맛우유 라이트 240ml x 3개입 세트, 1세트 8,090원 내일(일) 새벽 도착 보장 5 (4541) 최대 405원 적립",,,,,
"무료배송 [안동 직송] 이동삼 명인의 안동 순살 자반 간고등어, 10개, 100g 23%29,900원 23,000원 (100g당 2,300원) 2/10(화) 도착 예정 4 (1224) 최대 927원 적립",,,,,
"무료배송 삼육두유 검은콩 호두와 아몬드, 190ml, 48개 14%30,000원 25,740원 (100ml당 282원) 2/10(화) 도착 예정 5 (58822) 최대 1,287원 적립",,,,,
"스윗마토 스테비아 망고향 블랙대추방울토마토, 1kg, 1개 10,980원 (100g당 1,098원) 내일(일) 새벽 도착 보장 4.5 (4833) 최대 549원 적립",,,,,
[르 팔루디에르] 게랑드 토판 천일염 2종,,,,,
[올더뮤] 뮤신 딥글로우 2종 10개입,,,,,
[PPUL] 1++(9) 한우 삼각살 구이용 200g (냉장),,,,,
[정지선의 티엔미미] 북경작장면 (짜장면),,,,,
[언더프레셔] 블랙&화이트 콜드브루 200mL,,,,,
"곰곰 갈릭&페페론치노 봉골레 파스타소스, 430g, 1개 19%6,500원 5,210원 (100g당 1,212원) 내일(일) 도착 보장 4.5 (415) 최대 260원 적립",,,,,
[CU 픽업] 오또코야마 다이긴죠,,,,,
"무료배송 대천김 재래김 20g, 20개 할인8%28,000원 25,500원 (10g당 638원) 2/11(수) 도착 예정 5 (566) 최대 1,275원 적립",,,,,
"무료배송 삼양 불닭볶음탕면 145g, 4개 28%16,500원 11,760원 (1개당 2,940원) 2/12(목) 도착 예정 5 (8328) 최대 588원 적립",,,,,
[만선] 꼬마 문어 1마리 350g(생물),,,,,
[순창성가정식품] 양념깻잎 장아찌 120g,,,,,
[비마스터] 허니카페 6개입,,,,,
[인텔리젠시아] 블랙캣 디카페인 원두 340g,,,,,
[브라운즈] 보이차 티백 2종 (택1),,,,,
씻어나온 무세찹쌀 1kg,,,,,
"오뚜기 3일 숙성카레 순한맛 고형, 200g, 1개 10%5,680원 5,090원 (100g당 2,545원) 내일(일) 새벽 도착 보장 5 (2225) 최대 255원 적립",,,,,
[달라코스타] 유기농 파스타 3종,,,,,
"서산 태안 감태, 건조생감태 20매, 1개 26%18,000원 13,200원 (10g당 6,600원) 내일(일) 도착 보장 4.5 (2665) 최대 660원 적립",,,,,
[프릳츠] 커피 캡슐 종합세트 20개입 (네스프레소 호환),,,,,
[워터라이트] 마시는 수액음료 워터라이트 230ml 6병,,,,,
[하인즈] 오레아이다 크리스피 프라이 907g,,,,,
"무료배송 풀무원 New특등급! 살아있는 실의 힘 특등급 국산검정약콩나또 40팩, 49.5g, 40개 할인17%50,900원 41,900원 (100g당 2,116원) 2/13(금) 도착 예정 4.5 (3241) 최대 2,095원 적립",,,,,
[정관장] 아이패스 파워스틱 (14일분) + (쇼핑백증정),,,,,
바로먹는 간편 콩 2종,,,,,
[PNB] 초코파이 초코잇슈 반반 세트 (80g X 10개),,,,,
"롯데웰푸드 미니 크런키, 171g, 1개 쿠폰할인7%6,070원 5,600원 (10g당 327원) 내일(일) 도착 보장 5 (19232) 최대 280원 적립",,,,,
[아르토스베이커리] 통밀 견과스틱 (66g X 5개),,,,,
"무료배송 터보마켓 챠챠 오향 해바라기씨 양념맛 해씨 guazi 간식, 145g, 10개 14,820원 (100g당 1,022원) 2/10(화) 도착 예정 5 (23075) 최대 741원 적립",,,,,
"채운 정성채운 국산 고춧가루 보통매운맛, 250g, 1개 9,390원 (100g당 3,756원) 내일(일) 도착 보장 4.5 (12106) 최대 470원 적립",,,,,
"누들핏 육개장사발면맛 35.5g, 8개 25%13,675원 10,120원 (1개당 1,265원) 내일(일) 도착 보장 5 (2627) 최대 506원 적립",,,,,
[종근당건강] 브레인 포스파티딜세린 징코 (30일분),,,,,
[칭따오] 논알콜 레몬 (330mL X 6캔),,,,,
"무료배송 천연사이다, 1.5L, 12개 할인4%14,110원 13,510원 (100ml당 75원) 2/11(수) 도착 예정 5 (23273) 최대 675원 적립",,,,,
[종가] 한입 열무김치290g(PET),,,,,
[CU 픽업] 부쉬밀블랙부쉬세트,,,,,
"동광한방몰 구기자, 300g, 1개 6,800원 (10g당 227원) 내일(일) 도착 보장 4.5 (875) 최대 340원 적립",,,,,
"무료배송 해남 달망 밤고구마, 5kg(한입), 1박스 할인62%31,490원 11,930원 (100g당 239원) 2/11(수) 도착 예정 4 (38014) 최대 590원 적립",,,,,
[하이포크] 한돈 뒷다리 제육용 500g (냉장),,,,,
[선물세트] 몸애쏙쏙 유기농 호박즙 2종,,,,,
[참소스] 저당 참소스 285g,,,,,
[농가애] 공주 맛밤 50g,,,,,
"무료배송 [오늘특가] 100박스한정 고당도 제주 귤, 1박스, 10kg 33%29,800원 19,800원 (100g당 198원) 2/12(목) 도착 예정 4 (65) 최대 990원 적립",,,,,
[아미노바이탈] 아미노샷 퍼펙트 에너지 2500mg x 4포,,,,,
[선물세트][라빈리커픽업] 전통주 한주양조 결정유 세트 (45도 500mL),,,,,
[굽네] 닭가슴살 곤약 새우 만두 2종 (택1),,,,,
[마이노멀] 저당 저칼로리 애플시나몬잼 320g,,,,,
"모두의 멸치육수 120g 30인분 해물육수 다시팩 고체육수 코인육수 조미료 가루 분말 동전, 1개 20%17,800원 14,200원 (100g당 11,833원) 내일(일) 도착 보장 5 (536) 최대 710원 적립",,,,,
[HUGO&VICTOR] 피낭시에 5종 (택1),,,,,
[인텔리젠시아] 유기농 디카페인 하우스 블렌드 원두 200g,,,,,
[폰타나] 크림 파스타소스 430g 6종,,,,,
"좋은농산 대저 토마토, 750g, 1개 8,230원 (100g당 1,097원) 내일(일) 새벽 도착 보장 4.5 (604) 최대 411원 적립",,,,,
[리코키친] 치즈감자 그라탕 4종 (택1),,,,,
[녹색한우] 무항생제 1+ 한우 국거리200g & 불고기200g (택1),,,,,
[CU 픽업] 상주꿀배버블500ml*24캔,,,,,
[포트'럭] 프리미엄 대삼치 스테이크 300g (생물),,,,,
[KF365] 한돈 삼겹/목살/등갈비 모둠 600g (냉장),,,,,
[CU 픽업] 딘스톤 18년,,,,,
[브레댄코] 생크림식빵 440g,,,,,
[닥터프로바] 유기농 키즈 프로바이오틱스 (30일분),,,,,
"햇반 백미밥, 210g, 12개 18%15,800원 12,900원 (100g당 512원) 내일(일) 도착 보장 새 상품, 반품-미개봉 (50) 최저11,000원 5 (442772) 최대 645원 적립",,,,,
[아이농] 친환경 대추방울토마토 500g,,,,,
[콜린스 다이닝] 후무스 샐러드 2종,,,,,
"무료배송 바른약초 호라산밀 카무트 쌀 햇상품 고대곡물 이집트쌀, 1개, 4kg 할인34%32,280원 21,250원 (100g당 531원) 2/10(화) 도착 예정 4.5 (5314) 최대 1,063원 적립",,,,,
"곰곰 달달 꿀호떡, 70g, 10개입, 1개 9,900원 (10g당 141원) 내일(일) 새벽 도착 보장 4.5 (34671) 최대 495원 적립",,,,,
"자연한알 간편양념 마늘한알, 20g, 2개 6,800원 (10g당 1,700원) 내일(일) 도착 보장 5 (667) 최대 340원 적립",,,,,
[선물세트] 몽샹82 패밀리 F-3 세트 390g,,,,,
"행복한콩 아삭한 안심 콩나물, 500g, 1개 20%2,380원 1,890원 (100g당 378원) 내일(일) 새벽 도착 보장 5 (1221) 최대 95원 적립",,,,,
[선물세트] 태우한우 1+ 실속 구이 세트 (냉장),,,,,
[자연실록] 무항생제 닭 아랫날개 (윙) 500g,,,,,
"무료배송 더알찬곡물 통에담은 기장쌀 4kg (2kgx2통), 2개, 2kg 할인20%12,650원 10,120원 (100g당 253원) 2/12(목) 도착 예정 4.5 (206) 최대 506원 적립",,,,,
[종근당] 여성갱년기 황후의 봄 30일분,,,,,
[포트'럭] 강원도 머구리가 채취한 자연산 꽃멍게 1kg (생물),,,,,
"데체코 링귀니, 1kg, 2개 29%15,360원 10,780원 (100g당 539원) 내일(일) 도착 보장 5 (7274) 최대 539원 적립",,,,,
[풀무원] 바로절여 꼬들꼬들한 오이지 무침 1kg,,,,,
유기농 다진 고구마 110g,,,,,
[삼양] 맛있는라면 5입,,,,,
[마이디벨] 벨지안 모둠 감자튀김 500g,,,,,
[CU 픽업] 파머스립브레이브쉬라,,,,,
[라빈리커픽업]조셉 페리에 뀌베 로얄 브뤼 N/V (샴페인),,,,,
[CU 픽업] 아이덴티티블랑코,,,,,
[콴첼] 비타민K2 + D3 (90일분),,,,,
"불닭 삼양 스틱 소스, 160g, 1개 3,830원 (100g당 2,394원) 내일(일) 도착 보장 5 (1794) 최대 191원 적립",,,,,
"카프리썬 정글, 200ml, 20개 10,960원 (100ml당 274원) 내일(일) 도착 보장 새 상품, 반품-미개봉 (14) 최저10,410원 5 (2426) 최대 548원 적립",,,,,
"청정원 소갈비 양념, 10kg, 1개 28,590원 (100g당 286원) 내일(일) 도착 보장 5 (655) 최대 1,430원 적립",,,,,
"스노우밸리 심플프라이 슈스트링 감자튀김 (냉동), 2kg, 1개 27%11,100원 8,000원 (100g당 400원) 내일(일) 새벽 도착 보장 5 (148) 최대 350원 적립",,,,,
"모아미트 캐나다산 보리먹인 암퇘지 삼겹살 구이용 (냉장), 600g, 1개 23%16,400원 12,470원 (100g당 2,078원) 내일(일) 새벽 도착 보장 4.5 (70358) 최대 624원 적립",,,,,
"초코에몽, 190ml, 12개 11,670원 (100ml당 512원) 내일(일) 도착 보장 5 (44722) 최대 584원 적립",,,,,
[CU 픽업] 기네스440 24입 기획,,,,,
[CU 픽업] 로쉐마제로제,,,,,
[CU 픽업] 토마틴14년,,,,,
"죠리퐁, 74g, 6개 5,940원 (10g당 134원) 내일(일) 도착 보장 5 (29128) 최대 297원 적립",,,,,
[GRN] 분홍이 슬림밸런스&비오틴 1병 (30일분),,,,,
"풀무원 특등급 국내산콩 무농약 인증 콩나물, 250g, 1개 2,280원 (100g당 912원) 내일(일) 새벽 도착 보장 5 (192072) 최대 114원 적립",,,,,
[전통주] 40240 독도소주 해양심층수 (27도 375mL),,,,,
"백설 굴소스, 2.1kg, 1개 29%11,840원 8,350원 (100g당 398원) 내일(일) 새벽 도착 보장 5 (218) 최대 418원 적립",,,,,
[빙그레] 설탕이 들어가지 않는 딸기&초코 우유 2종,,,,,
"곰곰 곱게 갈아만든 1등급 한우 다짐육 (냉장), 300g, 1개 31%20,990원 14,450원 (100g당 4,817원) 내일(일) 새벽 도착 보장 5 (1146) 최대 723원 적립",,,,,
[PPUL] 1++(9) 한우 치마살 150g (냉장),,,,,
[진가네반찬] 섞박지,,,,,
[선물세트] 동원참치 O-12호,,,,,
"무료배송 [한정특가] VIP 프리미엄 곶감 선물세트, 1박스, 30구(도자기동봉) 쿠폰할인40%48,900원 28,880원 (100g당 2,888원) 2/11(수) 도착 예정 5 (66) 최대 1,444원 적립",,,,,
"무료배송 더팜스 호두 500g, 1개 할인34%12,900원 8,450원 (100g당 1,690원) 2/12(목) 도착 예정 4.5 (3293) 최대 423원 적립",,,,,
"풀무원 우리아이첫물만두 돼지고기 & 버섯 (냉동), 500g, 1개 9,480원 (100g당 1,896원) 내일(일) 새벽 도착 보장 5 (6503) 최대 474원 적립",,,,,
[더라이스] 특등급 미호 4kg,,,,,
"곰곰 완숙 토마토, 1kg, 2개 10,630원 (100g당 532원) 내일(일) 새벽 도착 보장 4.5 (192968) 최대 531원 적립",,,,,
[CU 픽업] 칵번파인토니포트,,,,,
"기라델리 카라멜맛 프리미엄 소스, 454g, 1개 10,880원 (100g당 2,396원) 내일(일) 도착 보장 5 (1952) 최대 544원 적립",,,,,
[카메다] 아게이찌방 100g,,,,,
[프로퍼마켓] 고칼슘 서리태콩물두유 2종 (택1),,,,,
뿌리손질 새송이버섯 2입,,,,,
[이목 무항생제] 국내산 소고기 등심 불고기용 200g (냉장),,,,,
[고기반찬] 매실 양념 돼지 불고기 300g,,,,,
[떡편] 쌀케이크 세트(커피+고구마) 325g,,,,,
[선물세트] 신선설농탕 고기 설렁탕 6입 세트,,,,,
[플라하반] 점보 오트밀 2종 (택1),,,,,
"경인 탈지분유, 1개, 1kg 14,000원 (10g당 140원) 내일(일) 도착 보장 5 (1488) 최대 700원 적립",,,,,
"미소한입 모듬견과믹스넛, 1kg, 1개 15,900원 (100g당 1,590원) 내일(일) 새벽 도착 보장 4.5 (1537) 최대 795원 적립",,,,,
"푸르밀 커피 우유, 8개, 225ml 6,280원 (100ml당 349원) 내일(일) 새벽 도착 보장 5 (1043) 최대 314원 적립",,,,,
[해찬들] 100% 태양초 우리쌀 고추장 500g,,,,,
[CJ] 바이오코어 500억 유산균 (30일분),,,,,
"웰넛 구운 캐슈넛, 200g, 2개 22%11,800원 9,180원 (100g당 2,295원) 내일(일) 도착 보장 4.5 (1578) 최대 459원 적립",,,,,
"칠갑농산 우리쌀 떡국떡, 500g, 500ml, 4입 11,700원 (100g당 585원) 내일(일) 새벽 도착 보장 4.5 (24622) 최대 445원 적립",,,,,
"건강한밥상 국산 찰기장, 700g, 1개 24%16,980원 12,900원 (100g당 1,843원) 내일(일) 도착 보장 4.5 (8521) 최대 645원 적립",,,,,
[자일라] 무설탕 캔디 2종,,,,,
[Kim's butcher] 미국산 냉장 갈비살(리테일팩),,,,,
유기농 찰흑미 800g/통,,,,,
[샹달프] 과일잼 5종 선물세트(170gx5종),,,,,
"친수 칠리소스, 500g, 2개 쿠폰할인4%6,210원 5,920원 (100g당 592원) 내일(일) 도착 보장 5 (10225) 최대 296원 적립",,,,,
[하이네켄] 논알콜 (330mL X 6병),,,,,
"무료배송 동의한재 최상품 AAA 영하 건구기자, 500g, 1개 15,500원 (10g당 310원) 2/10(화) 도착 예정 4.5 (1704) 최대 775원 적립",,,,,
[비비고] 썰은배추김치 900G,,,,,
"라이트잇 바로먹는 퀵 오트밀, 2kg, 1개 18%12,000원 9,800원 (100g당 490원) 내일(일) 새벽 도착 보장 5 (8698) 최대 490원 적립",,,,,
[라빈리커픽업][설 선물] 바바소어 아와데레 피노 누아 (와인),,,,,
[청숨] 통째로 갈아만든 생강 360mL,,,,,
[키즈텐] 어린이 종합비타민 미네랄 구미 (30일분),,,,,
[알디프] 러블리 블렌딩티 5종 선물세트,,,,,
[CU 픽업] 아스솔네까쇼6입,,,,,
"소와나무 비피더스 요구르트 명장 베리믹스, 125ml, 8개입, 2개 4,980원 (10ml당 25원) 내일(일) 새벽 도착 보장 5 (2632) 최대 249원 적립",,,,,
"수향미 골든퀸 3호, 2kg, 1개, 상등급 9,900원 (100g당 495원) 내일(일) 도착 보장 5 (61405) 최대 495원 적립",,,,,
[콜린스 다이닝] 병아리콩 후무스&팔라펠 샐러드,,,,,
"베지밀 검은콩 아몬드 앤 호두 두유, 190ml, 16개 10,900원 (100ml당 359원) 내일(일) 도착 보장 새 상품, 반품-미개봉 (9) 최저10,350원 5 (18107) 최대 545원 적립",,,,,
[영산홍어] 숙성 홍어회 날개살 100g,,,,,
[진가네반찬] 깨순조림,,,,,
"무료배송 우리차 누룽지 둥굴레차, 1.5g, 100개입, 1개 할인40%12,170원 7,300원 (10g당 487원) 2/10(화) 도착 예정 4.5 (9946) 최대 365원 적립",,,,,
[비비드키친] 저당 드레싱 3종,,,,,
[전통주] 내국양주 담금주 강주 (50도 5000mL),,,,,
"다담 순두부찌개양념, 2kg, 1개 17%14,000원 11,530원 (100g당 577원) 내일(일) 도착 보장 4.5 (1986) 최대 576원 적립",,,,,
[성경김] 두번 구운 김밥김 21g,,,,,
[선물세트] 마이노멀 미니 저당잼 3입 (나이프 포함),,,,,
"순수한집 곤약쫀드기, 375g, 2개 13,890원 (10g당 185원) 내일(일) 도착 보장 4.5 (22097) 최대 695원 적립",,,,,
"빌트루 진한 보리차 진액 원액 식약처인증 액기스 HACCP 국산 액상, 480g, 1개 41%16,900원 9,900원 (100g당 2,063원) 내일(일) 도착 보장 4.5 (1514) 최대 495원 적립",,,,,
[하이포크] 한돈 삼겹살 찌개용 500g (냉장),,,,,
[메이필드호텔 낙원] 소갈비찜,,,,,
[소금집] 소시송 70g,,,,,
[CU 픽업] 블랙불 카일로,,,,,
"사조 해표 콩기름 식용유, 1.8L, 6개 44%52,500원 28,940원 (100ml당 268원) 내일(일) 도착 보장 5 (333923) 최대 1,447원 적립",,,,,
"무료배송 [백년농가] 김강우쌀! 도정 직후 발아시킨 상황버섯쌀 상황버섯현미 TV상황버섯쌀, 400g, 4개 55%80,000원 35,680원 (100g당 2,230원) 2/10(화) 도착 예정 4.5 (1725) 최대 1,784원 적립",,,,,
"리치팜너트 뿌려먹는 견과, 430g, 1개 14,440원 (100g당 3,358원) 내일(일) 도착 보장 5 (2159) 최대 700원 적립",,,,,
"라카나스타 통밀 또띠아 20cm, 320g, 2개 5%7,960원 7,500원 (100g당 1,172원) 내일(일) 도착 보장 5 (6902) 최대 375원 적립",,,,,
[주세페주스티] 모데나 발사믹 식초 2골드 메달,,,,,
"선진 포크한돈 앞다리살 불고기 (냉장), 1kg, 1개 17,550원 (100g당 1,755원) 내일(일) 새벽 도착 보장 4.5 (3726) 최대 878원 적립",,,,,
[CU 픽업] 그로브밀피노그리,,,,,
[포스트] 아몬드 후레이크 시리얼 620g,,,,,
"우리가스토리 오 마이 오트 볶은귀리분말, 900g, 1개 11,130원 (100g당 1,237원) 내일(일) 도착 보장 4.5 (4968) 최대 556원 적립",,,,,
[차오차이] 수타식 짜장면 2종 (택1),,,,,
"곰곰 간편한끼 날치알 골드 (냉동), 120g, 1개 43%8,900원 5,060원 (100g당 4,217원) 내일(일) 새벽 도착 보장 5 (1452) 최대 253원 적립",,,,,
[아티제] 더블초코소라빵 (105g X 2개),,,,,
"만전김 미니언즈 한끼한포 스틱 김자반, 150g, 1개 46%13,000원 6,900원 (10g당 460원) 내일(일) 새벽 도착 보장 5 (1408) 최대 345원 적립",,,,,
"국내산 간편 단호박 슬라이스, 800g, 1개, 1개 13,980원 (100g당 1,748원) 내일(일) 새벽 도착 보장 4.5 (962) 최대 699원 적립",,,,,
[동원] 양반 한우사골시래기국 460g,,,,,
[CU 픽업] 생 제르맹750ml,,,,,
"달짝이 토마토, 650g, 1개 할인5%7,290원 6,910원 (100g당 1,063원) 내일(일) 새벽 도착 보장 4.5 (9154) 최대 330원 적립",,,,,
[CU 픽업] 삿포로500ml*24캔,,,,,
"콜렉션 코코아코티드 피넛카라멜 누가바 (약100여개입) 대용량, 800g, 1박스 할인41%20,000원 11,620원 (10g당 145원) 내일(일) 도착 보장 4.5 (3136) 최대 581원 적립",,,,,
"빼빼로 초코필드, 53g, 6개 8,140원 (10g당 256원) 내일(일) 도착 보장 5 (16753) 최대 407원 적립",,,,,
"코피코 마요라 슈가프리 커피맛캔디 블리스터, 32g, 24개 19%24,000원 19,400원 (10g당 253원) 내일(일) 도착 보장 5 (15568) 최대 970원 적립",,,,,
"곰곰 꽈리고추 메추리알 장조림, 1kg, 1개 9%8,900원 8,050원 (100g당 805원) 내일(일) 도착 보장 4.5 (28536) 최대 403원 적립",,,,,
"[전통주] 오크스피릿(35도,375mL)",,,,,
"오뚜기 골드 마요네스, 300g, 2개 6,100원 (100g당 1,017원) 내일(일) 도착 보장 5 (56110) 최대 305원 적립",,,,,
[티젠] 콤부차 청귤라임 50개입,,,,,
"삼양 맛있는라면 115g, 10개 12%10,500원 9,200원 (1개당 920원) 내일(일) 도착 보장 5 (27554) 최대 460원 적립",,,,,
담아 본 한라봉 3kg (7~10입),,,,,
[크래프트] 슈레드 이탈리안 파이브 잭 치즈 226g,,,,,
"청정원 타르타르 드레싱 소스, 300g, 1개 7%3,790원 3,520원 (100g당 1,173원) 내일(일) 새벽 도착 보장 5 (5437) 최대 176원 적립",,,,,
[풀무원] 순두부 또띠아로 감싼 마이브리또 2종 2개입 (택1),,,,,
냉동 라임 슬라이스 600g (200gX3봉) (베트남산),,,,,
"뉴트리디데이 프리미엄 칼슘 마그네슘 아연 비타민D, 90정, 1개 33%16,500원 10,900원 (1정당 121원) 내일(일) 도착 보장 5 (63242) 최대 545원 적립",,,,,
[대상웰라이프] 뉴케어 올프로틴 버라이어티팩 (6입),,,,,
"무료배송 타오케노이 빅롤 김스낵 클래식, 3g, 24개 46%19,990원 10,600원 (10g당 1,472원) 2/11(수) 도착 예정 4.5 (1718) 최대 530원 적립",,,,,
[더단백] 프로틴 단백질 버라이어티 기획팩 세트 6개입,,,,,
[나무사이로] 드립백 10g X 5개 3종(택1),,,,,
[야마사] 스키야끼 소스 500ml,,,,,
[네스프레소 버츄오] 더블 에스프레소 돌체 커피 캡슐 10개입(80mL),,,,,
"무항생제 인증 1등급 닭백숙용 (냉장), 1050g, 1개 14%9,390원 8,060원 (100g당 768원) 내일(일) 새벽 도착 보장 5 (2295) 최대 403원 적립",,,,,
[은하수산] 문어 슬라이스 120g (냉장),,,,,
[마이노멀] 엑스트라 버진 올리브오일 마요네즈,,,,,
"하림 세마리 통닭 7호 (냉장), 1950g, 1개 23%18,900원 14,440원 (100g당 741원) 내일(일) 새벽 도착 보장 5 (22439) 최대 722원 적립",,,,,
[팔레데떼] 프랑스티 4종 선물세트,,,,,
"토레타 이온음료, 500ml, 24개 할인1%18,980원 18,720원 (100ml당 156원) 내일(일) 도착 보장 5 (58634) 최대 806원 적립",,,,,
[오니스트] 오니스트 이너뷰티 3종 기프트 세트,,,,,
"풀무원다논 액티비아 딸기 80g x 4개 + 복숭아 80g x 4개, 8개입, 1세트 4,890원 (10g당 76원) 내일(일) 새벽 도착 보장 5 (22946) 최대 245원 적립",,,,,
[도리깨침] 건나물 5종,,,,,
[정관장] 녹용담은 블랙마카스틱 30포 + (쇼핑백증정),,,,,
[CU 픽업] 부나하벤 스튜라듀,,,,,
"하이포크 동물복지 인증 한돈 등심 돈까스용 (냉장), 1개, 300g 6,980원 (100g당 2,327원) 내일(일) 새벽 도착 보장 5 (35) 최대 349원 적립",,,,,
[듀록마루] 듀록 한돈 오겹살 500g (미박)(냉장),,,,,
[종근당건강] 아임비타 리포좀 비타민C (30일분),,,,,
[종근당건강] 아이클리어 루테인지아잔틴 (30일분),,,,,
[대한제일미] 시월미소미 떡국떡 500g,,,,,
"무료배송 (특가판매) 오징어/10마리/마른오징어 쫄쫄이 오징어 건오징어, 1개, 300g(10마리) 할인24%35,000원 26,500원 2/10(화) 도착 예정 4.5 (1373) 최대 1,325원 적립",,,,,
"THEHARU 무설탕 건살구, 1개, 300g 19%12,000원 9,660원 (100g당 3,220원) 내일(일) 도착 보장 4 (113) 최대 459원 적립",,,,,
"오리온 포카칩 오리지널, 66g, 2개 2,580원 (10g당 195원) 내일(일) 새벽 도착 보장 5 (1566) 최대 129원 적립",,,,,
[아티제] 얼그레이 롤케이크 350g,,,,,
"무료배송 남양 프렌치카페 카페믹스 오리진 320T(160Tx2개), 11g, 160개입, 2개 41,350원 (10g당 117원) 2/11(수) 도착 예정 5 (8721) 최대 2,068원 적립",,,,,
[Kiri] 끼리 크림치즈 스프레드 2종 (택1),,,,,
[로아커] 미니스 웨하스 믹스팩 30개입 300g,,,,,
[갈비아저씨] 수제 돼지갈비맛 양념 목살 300g (냉동),,,,,
[CU 픽업] 맥네어스12년,,,,,
"나랑드사이다 제로, 245ml, 48개 57%47,840원 20,240원 (100ml당 172원) 내일(일) 도착 보장 5 (192178) 최대 1,012원 적립",,,,,
[피카치] 피티드 오히블랑카 올리브 2종,,,,,
"신라면 골드 125g, 32개 31,560원 (1개당 986원) 내일(일) 도착 보장 4.5 (1791) 최대 1,578원 적립",,,,,
[풀무원다논] 액티비아 스무디 골드키위사과 (150mL X 4개),,,,,
[타바론] 루이보스 바닐라 (2g X15개),,,,,
"모구모구 리치맛, 320ml, 4개 4,500원 (100ml당 352원) 내일(일) 새벽 도착 보장 5 (842) 최대 225원 적립",,,,,
"뿅김 무조미 맛있게 구운 곱창김, 15g, 5개 13,500원 (10g당 1,800원) 500원 와우 가입 쿠폰 내일(일) 도착 보장 5 (1499) 최대 650원 적립",,,,,
[CU 픽업] 부나하벤 12년,,,,,
[아띠몽] 고구마 앙금 쌀 호두과자 510g,,,,,
[섬죽] 전복죽,,,,,
사포닌 쌀 구움 과자 160g,,,,,
[쉐프컬렉션] 꿀 고추장제육 200g,,,,,
"종근당건강 정품 프로메가 오메가3 트리플, 60정, 3개 51%62,700원 30,530원 (1정당 170원) 1,000원 와우 가입 쿠폰 내일(일) 도착 보장 5 (119876) 최대 1,476원 적립",,,,,
[26년 설] [CU 픽업] 시바스리갈12년700,,,,,
"곰곰 1등급 한우 차돌박이 (냉동), 250g, 1개 18,790원 (100g당 7,516원) 내일(일) 새벽 도착 보장 4.5 (651) 최대 940원 적립",,,,,
[연세우유] 키짱 유산균음료 24입,,,,,
[하이네켄] 논알콜 (330mL X 6캔),,,,,
[뉴트리원] 더블업 보스웰리아 (30정),,,,,
[CU 픽업] 프라팡1270 350ml,,,,,
흑산도 홍어회 200g,,,,,
[리구오리]  그라냐노 IGP 롱파스타 4종 (택1),,,,,
"CJ맛밤, 420g, 1개 3%13,430원 12,930원 (10g당 308원) 내일(일) 새벽 도착 보장 5 (4316) 최대 646원 적립",,,,,
[산트에라스모] 엔쵸비,,,,,
"오뚜기 더 바삭 튀김가루, 1kg, 1개 4%4,380원 4,170원 (100g당 417원) 내일(일) 도착 보장 5 (13363) 최대 209원 적립",,,,,
[광천김] 간장에 찍어먹는 구운 파래 식탁김 6봉 (+간장소스 포함),,,,,
[성지농장] 동물복지 한돈 앞다리살 불고기용 300g (냉장),,,,,
"하남쭈꾸미 보통 매운맛 (냉동), 500g, 3개 32,810원 (10g당 219원) 내일(일) 새벽 도착 보장 5 (13083) 최대 1,640원 적립",,,,,
"무료배송 [최저가도전] 고소하고 쫄깃한 반건조 오징어, 1개, 소5미(170g내외) 할인31%20,000원 13,800원 (100g당 8,118원) 2/11(수) 도착 예정 4.5 (37) 최대 690원 적립",,,,,
"왕뚜껑 컵라면 110g, 6개 6,240원 (1개당 1,040원) 내일(일) 도착 보장 5 (61434) 최대 312원 적립",,,,,
[센터커피] 버라이어티 드립백 선물세트 (10g X 15입),,,,,
"롯데 비타 파워, 180ml, 30개 12,290원 (100ml당 228원) 내일(일) 도착 보장 5 (19577) 최대 615원 적립",,,,,
[선물세트] 머거본 스테디셀러 6종 세트,,,,,
[본마망] 인텐스 프리미엄 잼 4종,,,,,
"이금기 프리미엄 노추, 500ml, 1개 3,650원 (100ml당 730원) 내일(일) 새벽 도착 보장 5 (2174) 최대 183원 적립",,,,,
[CU 픽업] 스프링시드 카쇼,,,,,
[청정원] 건강생각 비엔나 프라임 450g,,,,,
"웰콩 서리태 볶음, 20개, 17g 13,500원 (100g당 3,971원) 내일(일) 도착 보장 5 (4032) 최대 675원 적립",,,,,
"무료배송 [산지명인] 제철 해풍 맞은 해남 세발나물 당일수확 산지직송, 1박스, 1kg 22%12,700원 9,900원 (100g당 990원) 2/12(목) 도착 예정 4.5 (173) 최대 372원 적립",,,,,
[이목] 국내산 소고기 스지 도가니 800g,,,,,
[KF365] 당도선별 한라봉 1kg (3~5입),,,,,
"하인즈 사우전드 아일랜드 드레싱, 428g, 1개 35%6,980원 4,480원 (100g당 1,047원) 내일(일) 도착 보장 4.5 (699) 최대 224원 적립",,,,,
[씨알로] 초코룹스 초코링 씨리얼 380g,,,,,
[우리쌀 왕호두] 호두과자 (30g X 10개),,,,,
[서울우유] 더 진한 스위트 플레인 요거트 1.8L,,,,,
[브레드가든] 베이킹용 초코펜 (20g X 4개),,,,,
[기뜬정] 수제 호두정과 3구 세트 (70g X 3개),,,,,
[롯데웰푸드] 찰옥수수 아이스크림 카라멜팝콘맛 140mL,,,,,
"청정원 스위트 칠리 소스, 1개, 365g 4,210원 (100g당 1,153원) 내일(일) 새벽 도착 보장 5 (1522) 최대 210원 적립",,,,,
[더단백] 파우더 2종,,,,,
[농심] 생생우동 4입,,,,,
[치즈플로] 트리플 크림 브리 140g,,,,,
[대흥] 간편하게 손질된 데친 참문어 400g (냉장),,,,,
[비비슨] 이뮨샷 멀티비타민 올웨이즈 액티브 (6일분),,,,,
[예맛] 찹쌀김부각 70g,,,,,
[진가네반찬] 달걀가득 김밥키트 (지단채&당근 우엉채),,,,,
[고려은단] 비타민C 골드플러스 240정 (240일분) (골드플러스),,,,,
[정관장] 홍삼톤청(淸) (30일분) + (쇼핑백증정),,,,,
[청오] 국산 유기농쌀 부침가루&튀김가루 2종,,,,,
[사조대림] 부어스트 콤비네이션 385g,,,,,
"해태제과 오예스, 360g, 2개 7,560원 (10g당 105원) 내일(일) 도착 보장 5 (104531) 최대 378원 적립",,,,,
"[쿠팡수입] 그린팜 딸기 (냉동), 2kg, 1개 13,980원 (100g당 699원) 내일(일) 새벽 도착 보장 5 (6527) 최대 699원 적립",,,,,
"내츄럴스파이스 파슬리 후레이크, 220g, 1개 11%8,200원 7,290원 (10g당 331원) 내일(일) 도착 보장 5 (1908) 최대 365원 적립",,,,,
"락앤락 하드앤라이트 프라이팬, 28cm, 1개 69%73,600원 22,800원 (1개당 22,800원) 내일(월) 도착 보장 4.5 (40104) 최대 1,140원 적립",,,,,
[휘태커스] 미니슬랩 아몬드 밀크초콜릿 180g,,,,,
[집반찬연구소KIDS] 한끼 모둠전 3종 150g,,,,,
[이어수산] 8단계 선별한 남해안 디포리 2종 (택1),,,,,
[슈퍼키친] 마늘쫑무침,,,,,
[아우어베이커리] 진한 초코 파운드 케이크 2종 (택1),,,,,
"[바라기] 건강캔디 선물세트 (쌍화, 쑥, 도라지캔디)",,,,,
[슈퍼말차] 세레모니얼 등급 유기농 퓨어 말차,,,,,
"두보식품 바른곡물 병아리콩, 1kg, 1개 15%5,900원 4,980원 (100g당 498원) 내일(일) 새벽 도착 보장 5 (306) 최대 249원 적립",,,,,
[진실된손맛] 전주식 오징어 콩나물 국밥,,,,,
"굳드림 동결건조 딸기, 1개, 100g 43%15,900원 8,920원 (100g당 8,920원) 내일(일) 도착 보장 4.5 (1526) 최대 436원 적립",,,,,
[Kim's butcher] 미국산 대패 차돌박이(냉동) 2종,,,,,
대용량 트러플 카사바칩 500g,,,,,
"미국산 삼겹살 수육보쌈용 (냉장), 1개, 1kg 21%19,800원 15,490원 (100g당 1,549원) 내일(일) 새벽 도착 보장 4.5 (2818) 최대 775원 적립",,,,,
[해태] 맛동산 300g,,,,,
"소금집 잠봉 햄, 120g, 1팩 8,900원 (10g당 742원) 내일(일) 새벽 도착 보장 5 (4833) 최대 445원 적립",,,,,
"국내산 청경채, 150g, 4팩 4,900원 (100g당 817원) 내일(일) 새벽 도착 보장 5 (177371) 최대 245원 적립",,,,,
[CU 픽업] 아스티카토론6입,,,,,
[도스타코스] 밀 또띠아 3종 (12입),,,,,
"백설 찹쌀 호떡믹스, 400g, 2개 쿠폰할인50%7,960원 3,980원 (100g당 498원) 내일(일) 새벽 도착 보장 5 (782) 최대 199원 적립",,,,,
[롯데] 목캔디 믹스베리 파우치 217g,,,,,
"카레여왕 구운마늘&양파 분말카레, 108g, 1개 31%5,480원 3,750원 (100g당 3,472원) 내일(일) 새벽 도착 보장 5 (14238) 최대 188원 적립",,,,,
[센터커피] 아이스브레이커 원두 210g,,,,,
[글루어트] 베지스타터 30포 2종,,,,,
"복음자리 생강차, 600g, 1개입, 1개 9%9,700원 8,820원 (10g당 147원) 내일(일) 도착 보장 4.5 (3487) 최대 441원 적립",,,,,
"설향 딸기 대과, 500g, 4개 할인2%41,160원 39,960원 (100g당 1,998원) 내일(일) 새벽 도착 보장 4.5 (91350) 최대 1,998원 적립",,,,,
[셀렉스] 썬화이버 당솔브 구아검 혈당케어 프리바이오틱스 175g 1통,,,,,
[오로라] 오로라 리포좀 비타민C 3000mg 액상 (32일분),,,,,
[오뚜기] 가뿐한끼 100% 현미로 지은 부드러운 현미밥 130g*30입,,,,,
"선망 콤부차 사과맛, 5g, 30개입, 1개 40%14,900원 8,900원 (10g당 593원) 내일(일) 도착 보장 5 (1118) 최대 445원 적립",,,,,
[신의주 찹쌀순대] 얼큰 곱창 순대전골(2~3인분),,,,,
[네이쳐패스] 치타촘스 284g,,,,,
"참 고기엔 참소스, 570g, 1개 쿠폰할인9%3,310원 3,000원 (100g당 526원) 내일(일) 새벽 도착 보장 5 (13592) 최대 150원 적립",,,,,
[비비고] 남도식 썰은배추김치 500g (단지형),,,,,
[둥구나무 : 자연그대로] 연근유자피클,,,,,
[이야이야앤프렌즈] 엑스트라 버진 올리브유 바질향 200mL,,,,,
[휘태커스] 미니슬랩 아몬드크랜베리 초콜릿 180g,,,,,
[한성기업] 찰떡궁합 떡갈비 1kg(냉동),,,,,
"곰곰 유기농 다진 당근 (냉동), 100g, 1팩 2,560원 (100g당 2,560원) 내일(일) 새벽 도착 보장 5 (674) 최대 128원 적립",,,,,
[라빈리커픽업]마스 라 플라나 18 (와인),,,,,
"무료배송 서울우유 체다슬라이스치즈_1.8kg (18g 100매)_먹거리장터_안주대박, 18g, 100개 할인15%26,700원 22,690원 (10g당 126원) 2/11(수) 도착 예정 5 (12876) 최대 1,135원 적립",,,,,
"해야미 참쥐포 대, 500g, 1개 7%15,000원 13,900원 (100g당 2,780원) 내일(일) 새벽 도착 보장 4.5 (5165) 최대 695원 적립",,,,,
[선물세트] 선데이잼 리미티드 에디션 (200g X 3입),,,,,
[오봉집] 밥도둑 간장게장,,,,,
친환경 만가닥버섯 2종 (흰색/갈색),,,,,
[벌쿡] 양념무뼈닭발,,,,,
[한팟] 인기 해물 탕 3종 (택1),,,,,
[어니스트그릭] 코코넛 그릭요거트 100g (비건),,,,,
[삼양] 불닭볶음면 소컵 6입,,,,,
[올바르고 반듯한] 철원 오대미 떡국떡 500g,,,,,
이유식 재료 친환경 청경채 50g,,,,,
통 셀러리 1봉 (500g),,,,,
[와인앤모어픽업]에반 윌리엄스 블랙 750mL ((미국위스키)),,,,,
[잔다리마을]하루한줌콩 110g,,,,,
[리터스포트] 미니 타워 크런치 믹스 9P,,,,,
"무료배송 해남 절임배추20kg 수령일 선택배송, 20kg, {""도착일선택"":""배추 수령일을 필수추가정보에 입력하세요!""}, 1개 할인32%69,800원 46,900원 (100g당 235원) 4.5 (5291) 최대 2,345원 적립",,,,,
[미자언니네] 부추해물전 반죽,,,,,
[건나물] 호박고지 100g,,,,,
[투시] 투시롤 300g,,,,,
[던킨도너츠] 미니 오리지널 글레이즈드 (15gX9개입),,,,,
[삼립] 소화가 잘되는 우유 생크림빵 (95g X 2개입),,,,,
[농심] 꿀꽈배기 300g (지퍼백),,,,,
[제일맞게컬리] 닭가슴살블랙페퍼 현미곤약 주먹밥,,,,,
[올마레] 눈꽃치즈 춘천 닭갈비 떡볶이,,,,,
[섬진강] 재첩국,,,,,
"카레여왕 망고 앤 바나나 달콤한맛, 108g, 1개 3,620원 (100g당 3,352원) 내일(일) 새벽 도착 보장 5 (1587) 최대 181원 적립",,,,,
서리태 2종,,,,,
[올가] 유기농 현미 가래떡 2종,,,,,
[솔가] 셀레늄 100정 (100일분),,,,,
"동광종합물산 통 계피 베트남산, 500g, 1개, 1개입 4,650원 (10g당 93원) 내일(일) 도착 보장 4.5 (1883) 최대 233원 적립",,,,,
[설성목장] 한우 곰탕 600g,,,,,
[마담로익] 크림치즈 플레인 포션 (20g X 6입),,,,,
[CU 픽업] 니더버그 듀엣 2본,,,,,
"굳드림 국내산 건곤드레, 100g, 1개 35%15,278원 9,900원 (100g당 9,900원) 내일(일) 도착 보장 4.5 (1764) 최대 495원 적립",,,,,
[이상복명과] 찰보리빵 (20g X 30개),,,,,
[모두의맛집] 정호영 명란감자채 솥밥 도시락,,,,,
"소와나무 오직 체다로만 동원 슬라이스치즈, 18g, 1개, 20개입 5,480원 (10g당 152원) 내일(일) 새벽 도착 보장 5 (1470) 최대 246원 적립",,,,,
"초록원 꿀유자차, 2kg, 1개입, 1개 8,950원 (10g당 45원) 내일(일) 도착 보장 4.5 (1565) 최대 448원 적립",,,,,
"국내산 친환경 야채모듬쌈, 300g, 1개 4,200원 (100g당 1,400원) 내일(일) 새벽 도착 보장 4.5 (6371) 최대 210원 적립",,,,,
"신라면 골드 125g, 4개 4,310원 (1개당 1,078원) 내일(일) 도착 보장 4.5 (1791) 최대 215원 적립",,,,,
[샐러드판다] 부라타 햄 치아바타 샌드위치,,,,,
[목우촌] 주부9단 불고기햄 300g,,,,,
[허벌랜드] 세포보호 비타민C 귤맛 구미젤리 (35일분),,,,,
[불독] 우스타 소스,,,,,
[윤서울] 김도윤 셰프의 한돈 간장불고기,,,,,
"풀무원 철판 오징어부추전 (냉동), 300g, 1개 4,980원 (100g당 1,660원) 내일(일) 새벽 도착 보장 4.5 (4613) 최대 249원 적립",,,,,
무늬오징어회 100g (냉장),,,,,
[브레댄코] 오레오 생크림케이크 680g,,,,,
"곰곰 온실에서 자란 완숙 토마토, 1kg, 1팩 5,480원 (100g당 548원) 내일(일) 새벽 도착 보장 4.5 (778) 최대 274원 적립",,,,,
"두원식품 캡사이신 분말, 400g, 1개 7,580원 (10g당 190원) 내일(일) 도착 보장 4.5 (340) 최대 379원 적립",,,,,
"다담 정통 된장찌개 양념, 140g, 4개입 8%7,480원 6,830원 (100g당 1,220원) 내일(일) 새벽 도착 보장 5 (4880) 최대 341원 적립",,,,,
"모아바이오팜 당도선별 샤인머스캣, 1개, 1.5kg 10,980원 (100g당 732원) 내일(일) 새벽 도착 보장 4.5 (2563) 최대 549원 적립",,,,,
[사미헌] 고기듬뿍 아롱사태 곰탕,,,,,
[라쿠치나] 프리미엄 파니니 2종 (택1),,,,,
[감코리아] 월하시 10입 2종,,,,,
"담터 꿀유자차, 1kg, 1개, 1개입 2%7,500원 7,300원 (10g당 73원) 내일(일) 도착 보장 4.5 (29584) 최대 365원 적립",,,,,
"무료배송 고당도 제주 서귀포 감귤, 1박스, 감귤 10kg(M/L)로얄중과 32%39,800원 26,900원 (100g당 269원) 2/12(목) 도착 예정 4 (3119) 최대 1,345원 적립",,,,,
[은하수산] 연어뱃살 회 150g (냉장),,,,,
"브레드가든 바닐라오일, 30ml, 1개 3,700원 (10ml당 1,233원) 2/10(화) 도착 예정 5 (27310) 최대 185원 적립",,,,,
"무료배송 자연닮음 수입산 달콤 바삭한 대추칩 1kg, 1개 35%17,000원 10,900원 (100g당 1,090원) 모레(월) 도착 예정 4.5 (1279) 최대 545원 적립",,,,,
"동광 김정숙 젓갈 새우젓, 120g, 1개 4,120원 (10g당 343원) 내일(일) 새벽 도착 보장 5 (893) 최대 206원 적립",,,,,
[존쿡 델리미트] 샤퀴테리 스낵팩 2종,,,,,
"다시다 명품골드 해물 조미료, 100g, 1개 4,900원 (100g당 4,900원) 내일(일) 도착 보장 5 (1404) 최대 245원 적립",,,,,
"트롤리 사우어 구미 캔디 미니스, 200g, 1개 쿠폰할인22%8,000원 6,200원 (10g당 310원) 내일(일) 도착 보장 5 (663) 최대 310원 적립",,,,,
"제왕 쌀과자 바삭한맛, 1kg, 1개 10,980원 (10g당 110원) 내일(일) 도착 보장 5 (9691) 최대 521원 적립",,,,,
"디스이즈 맛있는 김밥용 우엉조림, 500g, 1개 8,500원 (10g당 170원) 내일(일) 새벽 도착 보장 5 (7876) 최대 425원 적립",,,,,
"풀무원 아임 리얼 케일키위 (냉장), 700ml, 1개 19%10,980원 8,810원 (100ml당 1,259원) 내일(일) 새벽 도착 보장 5 (7261) 최대 440원 적립",,,,,
[네스프레소 버츄오] 포르타도 커피 캡슐 10개입(150mL),,,,,
[비비드키친] 비건마요,,,,,
[굽네] 닭가슴살 김치볶음밥(4개입),,,,,
"클릭유 서울우유 체다 슬라이스 치즈, 18g, 100개입, 1개 27,250원 (10g당 151원) 내일(일) 새벽 도착 보장 5 (9688) 최대 1,363원 적립",,,,,
[아띠몽] 팥 앙금 쌀 호두과자 (34g X 15개),,,,,
"국내산 대용량 참타리버섯, 500g, 2개 6,200원 (100g당 620원) 내일(일) 새벽 도착 보장 5 (20049) 최대 310원 적립",,,,,
"돈시몬 생과일 착즙 100% 토마토주스, 2L, 2개 12%17,960원 15,760원 (100ml당 394원) 내일(일) 도착 보장 5 (8756) 최대 788원 적립",,,,,
[비비고] 저나트륨 사골곰탕 500g*18개입,,,,,
[선물세트][농부플러스] 국산저온압착 참기름&들기름 2구세트 (쇼핑백증정),,,,,
진짜 촉촉한 호박고구마 5kg,,,,,
[메디타민] 대장건강 비피더스 프로바이오틱스 (30일분),,,,,
[하코야] 아키타식 야끼소바(리뉴얼),,,,,
"한울 촉촉 고구마 스틱, 20g, 10개 11,600원 (10g당 580원) 내일(일) 도착 보장 5 (13915) 최대 580원 적립",,,,,
[라빈리커픽업]스마일리 므왈레 잔세트 (와인),,,,,
"국내산 깐쪽파, 200g, 3개 10,950원 (100g당 1,825원) 내일(일) 새벽 도착 보장 4.5 (68059) 최대 548원 적립",,,,,
[해태] 홈런볼 초코 & 소금우유 2믹스 300g,,,,,
[선데이잼] 무화과 호두잼 200g,,,,,
"무료배송 비비고 한우사골곰탕, 500g, 18개 24,290원 (100g당 270원) 2/11(수) 도착 예정 5 (8878) 최대 1,215원 적립",,,,,
[브룩클린688] 호주산 소고기 토시살 구이용 300g (냉장),,,,,
"아카페라 스페셜티 에티오피아 예가체프, 460ml, 20입 22,890원 (100ml당 249원) 내일(일) 새벽 도착 보장 5 (3972) 최대 1,145원 적립",,,,,
"[올반] 상해식 샤오롱바오 1,12kg",,,,,
[새로미어묵] 바른공식 0% 김밥어묵 (2개입),,,,,
"오뚜기 간편 북어국, 52.5g, 2개 6,580원 (100g당 6,267원) 내일(일) 도착 보장 5 (9758) 최대 329원 적립",,,,,
[청오] 통곡물로 볶아만든 10곡 미숫가루,,,,,
"햇반 백미밥, 210g, 36개 47%66,600원 34,900원 (100g당 462원) 내일(일) 도착 보장 5 (442773) 최대 1,745원 적립",,,,,
[수산곳간] 홈맥의 정석 140g 2종 (택1),,,,,
[바름팜] 영암 한입 꿀고구마 800g,,,,,
[오뚜기] 콕콕콕 스파게티 큰컵 120G,,,,,
소스가 들어있는 파채 2종,,,,,
[Project H] 제로슈가 프로틴 도넛 더블초코 (45g X 3개입),,,,,
"남양유업 불가리스 락토프리 그릭요거트, 400g, 2개 7,340원 (10g당 92원) 내일(일) 새벽 도착 보장 5 (8330) 최대 367원 적립",,,,,
[참소스] 과일품은 참소스 300g,,,,,
[광동] 컬처렐 프로바이오틱스 (30일분),,,,,
"유기농 인증 녹즙용 케일, 1kg, 1개 5,980원 (100g당 598원) 내일(일) 새벽 도착 보장 4.5 (18765) 최대 299원 적립",,,,,
"청정원 토마토 스파게티소스, 2kg, 1개 34%19,900원 13,130원 (100g당 657원) 내일(일) 도착 보장 5 (18159) 최대 656원 적립",,,,,
[공덕농협] 우리쌀로 만든 떡볶이떡 1kg,,,,,
[더브레드블루] 통밀발효종빵 300g,,,,,
[나무사이로] 원두 200g 3종 (택1),,,,,
[햇님마을] 영양산 100% 태양초 고춧가루 2종 (택1),,,,,
"더건강한 샌드위치햄, 90g, 1개 25%3,280원 2,440원 (10g당 271원) 내일(일) 새벽 도착 보장 5 (99852) 최대 122원 적립",,,,,
[셀게이트] 지엘투화이버-S 15포,,,,,
[서울약사신협] 프리미엄 홍삼정스틱 천명 플러스 (30일분),,,,,
[폰타나] 베네치아 페페론치노&갈릭 봉골레 파스타소스 기획세트 (100gX7EA),,,,,
"싱그람 업소용 맛있는 김밥단무지, 2.8kg, 1개 8,200원 (100g당 293원) 내일(일) 새벽 도착 보장 4.5 (6818) 최대 398원 적립",,,,,
"무료배송 미트리 닭가슴살 볼 7종 혼합, 100g, 35개 할인51%87,500원 42,210원 (100g당 1,206원) 2/11(수) 도착 예정 5 (10097) 최대 2,110원 적립",,,,,
"티아시아키친 저당 피넛 월남쌈 소스, 265g, 1개 4,400원 (100g당 1,660원) 내일(일) 도착 보장 5 (43) 최대 220원 적립",,,,,
[김정환홍삼] 홍삼으로 이뮨밸런스 플러스 (60일분) (+쇼핑백증정),,,,,
[피그인더가든] 드레싱 4종 (택1),,,,,
[보물섬] 전복 버터구이 6미 (냉장),,,,,
"비비고 육개장, 500g, 4개 48%23,920원 12,300원 (100g당 615원) 내일(일) 도착 보장 4.5 (36635) 최대 615원 적립",,,,,
[와인앤모어픽업]투핸즈 섹시 비스트 ((와인)),,,,,
"참 고기엔 참소스, 300g, 3개 쿠폰할인8%5,050원 4,600원 (100g당 511원) 내일(일) 새벽 도착 보장 5 (13592) 최대 230원 적립",,,,,
"트레비 라임 탄산음료, 500ml, 20개 15,000원 (100ml당 150원) 내일(일) 도착 보장 5 (60886) 최대 750원 적립",,,,,
"무료배송 장수왕 짠돌이땅콩(짭짤이) /조미땅콩 간식 안주 중부시장도매 견과류, 1kg, 5개 6%40,000원 37,370원 (100g당 747원) 2/10(화) 도착 예정 4.5 (596) 최대 1,869원 적립",,,,,
"무료배송 [마지막물량특가] 최대12BRIX 고당도 밀감 제주감귤, 1개, 10kg 15,800원 (100g당 158원) 2/13(금) 도착 예정 3 (117) 최대 790원 적립",,,,,
"요플레 플레인 멀티, 85g, 8개 28%6,980원 4,980원 내일(일) 새벽 도착 보장 5 (83618) 최대 249원 적립",,,,,
[피오디] 레몬즙 200ml,,,,,
[솔가] 엽산 400 (250일분),,,,,
"백설 스테비아, 1개, 400g 50%7,980원 3,980원 (100g당 995원) 내일(일) 새벽 도착 보장 5 (562) 최대 199원 적립",,,,,
[CJ] 바이오코어 구강유산균 30정,,,,,
"햇반 백미밥, 210g, 3개 23%5,400원 4,130원 (100g당 656원) 내일(일) 도착 보장 새 상품, 반품-미개봉 (3) 최저3,920원 5 (442773) 최대 206원 적립",,,,,
[바름팜] 친환경 도라지 300g,,,,,
"야마끼 하나 가쓰오팩 30p, 30g, 1개 5,980원 (100g당 19,933원) 내일(일) 도착 보장 5 (576) 최대 299원 적립",,,,,
[전통주] 참주가 우담 복분자주 (13도 375mL),,,,,
[신앙촌] 양조 깔끔한 국간장 860ml,,,,,
[곱이고운] 소막창,,,,,
[와인앤모어픽업]샤또 몽투스 루즈 ((와인)),,,,,
영광 신동진 쌀 10kg,,,,,
[애슐리] 감바스 피칸테,,,,,
"제티 딸기맛, 17g, 20개입, 2개 7,600원 (10g당 112원) 내일(일) 도착 보장 5 (4113) 최대 380원 적립",,,,,
[정착육] 뉴질랜드산 램 프렌치 랙 300g,,,,,
"샘표 차돌 토장 찌개양념, 450g, 1개 51%9,480원 4,620원 (100g당 1,027원) 내일(일) 도착 보장 5 (1479) 최대 231원 적립",,,,,
"무료배송 해남 달망 밤고구마, 5kg(대), 1박스 할인61%33,500원 12,990원 (100g당 260원) 2/11(수) 도착 예정 4 (38014) 최대 650원 적립",,,,,
[오마뎅] 진짜 짜장 떡볶이,,,,,
[홍익궁중전통] 육개장 (2인분),,,,,
"탐사 마일드 블랙 아메리카노, 2.1L, 1개 22%4,900원 3,790원 (100ml당 180원) 내일(일) 새벽 도착 보장 5 (1771) 최대 190원 적립",,,,,
[서주] 제주담은 말차초코바 (70mL X 10개),,,,,
[봉식탁] 봉피양 평양냉면,,,,,
[몽탄] 소갈비 짚불세트 1.5kg,,,,,
[그린너트] 브라질넛 300g,,,,,
한끼 모둠쌈 100g,,,,,
"햇살담은 국간장, 1.7L, 1개 31%11,680원 8,000원 (100ml당 471원) 내일(일) 새벽 도착 보장 5 (966) 최대 400원 적립",,,,,
"소화가잘되는우유 초콜릿, 190ml, 24개 쿠폰할인4%19,900원 18,980원 (100ml당 416원) 내일(일) 도착 보장 새 상품, 반품-미개봉 (6) 최저18,030원 5 (6317) 최대 949원 적립",,,,,
[양포어장] 동해 손질 가자미 300g (냉동),,,,,
[자연담은]저당오트밀450g,,,,,
"샘표 담백한 샤브샤브 육수 3~4인분, 200g, 3개 22%8,940원 6,900원 (10g당 115원) 내일(일) 새벽 도착 보장 5 (4960) 최대 345원 적립",,,,,
"[대상웰라이프] 마이키즈 저당 24팩 (고소한맛, 초코맛) 2종 (택1)",,,,,
[비첸향] 구워먹는 골든코인 포크 150g (냉동),,,,,
[유기샘] 무농약 생땅콩,,,,,
"에비앙 천연광천수 생수, 330ml, 24개 16,890원 (100ml당 213원) 내일(일) 도착 보장 5 (47547) 최대 845원 적립",,,,,
[얼라이브] 원스데일리 포우먼&포맨 선물세트 (120일분),,,,,
"무농약 인증 논산 한단 딸기 대과, 1개, 500g 9,980원 (100g당 1,996원) 내일(일) 새벽 도착 보장 4 (26) 최대 499원 적립",,,,,
"샐러드용 양배추 채, 600g, 1팩 3,310원 (100g당 552원) 내일(일) 새벽 도착 보장 4.5 (110796) 최대 165원 적립",,,,,
[비비고] 두부듬뿍 김치찌개 460g,,,,,
[삼립] 얌 무테 식빵 (75g X 4개입),,,,,
[쯔베르겐 비제] 유기농 어린이 파스타 소스,,,,,
"풀무원 정통순두부 찌개양념, 140g, 4입 1%6,980원 6,850원 (100g당 1,223원) 내일(일) 새벽 도착 보장 5 (31189) 최대 343원 적립",,,,,
파스닙 400g (1-2입),,,,,
[선물세트] 횡성축협한우 1++ 프리미엄세트 1호 (냉장),,,,,
[고기반찬] 고추장 제육 불고기 300g,,,,,
[고려은단] 면역케어 비타민C 분말스틱 (60일분) (면역케어 비타민C 분말스틱 (60일분)),,,,,
"올리타리아 포도씨유, 1L, 1개 37%24,000원 15,000원 (100ml당 1,500원) 내일(일) 도착 보장 새 상품, 반품-미개봉 (21) 최저14,250원 5 (31951) 최대 750원 적립",,,,,
[폰타나] 모데나 발사믹 식초 (실버라벨),,,,,
"티아시아키친 골든 버터 난 8p, 200g, 1개 22%5,480원 4,230원 (100g당 2,115원) 내일(일) 새벽 도착 보장 4.5 (1306) 최대 211원 적립",,,,,
[해태] 자두캔디 315g,,,,,
"두부모양 어묵 (냉동), 500g, 1개 5,100원 (100g당 1,020원) 내일(일) 새벽 도착 보장 5 (367) 최대 255원 적립",,,,,
"강릉초당두부 강릉하면 초당 순두부, 400g, 3개 5,380원 (100g당 448원) 내일(일) 새벽 도착 보장 5 (894) 최대 269원 적립",,,,,
[신사동 포노 부오노] 히든 천재의 시그니처 화덕 브레드 (180gX1개입),,,,,
"한돈 목심 수육/보쌈용 (냉장), 1kg, 1개 19,900원 (100g당 1,990원) 내일(일) 새벽 도착 보장 5 (1205) 최대 995원 적립",,,,,
[라빈리커픽업]글렌피딕 15년 (위스키),,,,,
[피쉬쉘] 구룡포 실속 과메기 야채세트 (냉장),,,,,
[Make you healthy] 대마종자유 식물성 30캡슐 15포,,,,,
"무료배송 [특가세일] 당도특품 한라봉 고당도 선별, 1박스, 5kg 중과 (25과 내외) 쿠폰할인42%42,500원 24,500원 (100g당 490원) 2/11(수) 도착 예정 4.5 (359) 최대 1,225원 적립",,,,,
[롯데] 꼬깔콘 2종 (지퍼백),,,,,
[나폴레옹] 콘브레드 130g,,,,,
[A.C.퍼치스] 미니틴 3종 선물세트,,,,,
[Make you Healthy] 저당 싹싹이 클렌즈 새싹보리 클렌즈주스 10포,,,,,
[마이노멀] 저당 드레싱 4종 (택1),,,,,
[비비고] 포기배추김치 2.6kg,,,,,
[비비고] 도가니곰탕 460g,,,,,
[농심] 얼큰한 너구리 5입,,,,,
[요플레] 닥터캡슐 위프로젝트 (130mL X 4입),,,,,
[켈로그] 아몬드 푸레이크 시리얼 대용량 1.2kg,,,,,
그릴드 달디단호박 400g,,,,,
"곰곰 밥알모양 곤약 10개, 2kg, 1개 39%18,900원 11,520원 (100g당 576원) 내일(일) 도착 보장 4.5 (6541) 최대 576원 적립",,,,,
[라빈리커픽업]발베니 12년 더블우드 (위스키),,,,,
[댓츠] 국산 원유 100% 후레시 모짜렐라 치즈 125g,,,,,
"야스티 갓 갈아진 순 아몬드 스프레드 100% 무첨가 버터, 1개, 300g 16%17,900원 14,900원 (100g당 4,967원) 내일(일) 도착 보장 4.5 (2876) 최대 745원 적립",,,,,
건 목이버섯 30g,,,,,
[CJ] 행복한콩 국산콩 연두부,,,,,
"꼬손 볶음 검정깨, 200g, 1개 7,900원 (100g당 3,950원) 내일(일) 도착 보장 5 (3058) 최대 395원 적립",,,,,
[에미] 라끌렛 슬라이스 200g,,,,,
"백산수, 2L, 12개 26%16,400원 12,000원 (100ml당 50원) 내일(일) 도착 보장 5 (252340) 최대 600원 적립",,,,,
"명식품본사 무조미 구운 곱창김 [중포장] 50매 쌈싸먹는김 구워진김, 1개, 210g 35%30,000원 19,490원 (10g당 928원) 내일(일) 도착 보장 4.5 (36) 최대 975원 적립",,,,,
[성경김] 올리브 녹차 도시락김 4g X 12봉,,,,,
[마즈] 몰티져스 믹스팩 대용량 50개입,,,,,
[남향푸드] 우리밀 또띠아 (냉동),,,,,
"홈스토랑 애슐리 당면 듬뿍 매콤 안동찜닭 2인분, 852g, 1개 13,390원 (100g당 1,572원) 내일(일) 새벽 도착 보장 4.5 (11146) 최대 670원 적립",,,,,
"혼다시 조미료, 120g, 2개 6,640원 (10g당 277원) 내일(일) 도착 보장 5 (15361) 최대 332원 적립",,,,,
향기가득 샤인머스캣 700g,,,,,
[선물세트] 로트벡쉔 이뮨 스타크 700ml x 2병 (14일분),,,,,
[CU 픽업] 시메이750ml*3종세트,,,,,
[사조대림] 스노우크랩킹 (2개입),,,,,
[하림] 용가리 떡갈비 600g,,,,,
[하인즈] 랜치 드레싱 418g,,,,,
[하코야] 통 콘치즈돈까스 280g,,,,,
[메이플조] 메이플시럽 3종,,,,,
[도나스데이] 찰떡소보루 4구 세트 (150g X 4개입),,,,,
"담터 누룽지 둥굴레차, 1.5g, 150개입, 1개 9,100원 (10g당 404원) 내일(일) 도착 보장 5 (10274) 최대 455원 적립",,,,,
"도드람 한돈 1등급 목심 구이용 (냉장), 1kg, 1개 31%33,500원 22,890원 (100g당 2,289원) 내일(일) 새벽 도착 보장 5 (42181) 최대 1,145원 적립",,,,,
[올가] 한입에 쏙 우리밀 꼬마약과 2종 (택1),,,,,
"[캐나다 빵집, 불라트] 치아바타 슬라이스 샌드위치 번 (120g X 4개)",,,,,
[선물세트] 메리루스 나이트타임 미네랄 (파인애플맛) 14포,,,,,
[CU 픽업] BGF 와일드 터키 레어 브리드 라이,,,,,
[연리희재] 개성주악 8구 세트 2종 (택1),,,,,
"국내산 다진마늘, 900g, 1통 15,990원 (10g당 178원) 내일(일) 새벽 도착 보장 4.5 (8078) 최대 800원 적립",,,,,
[멕시카나] 더 바삭한 닭강정 2종,,,,,
"오뚜기프레스코 미트 스파게티소스, 600g, 2개 3%10,760원 10,380원 (100g당 865원) 내일(일) 새벽 도착 보장 5 (6040) 최대 519원 적립",,,,,
[담꽃] 팥양갱 목함 선물세트(9개입),,,,,
[필라델피아] 크림치즈 포션 (16.67g X 6입),,,,,
[CU 픽업] 고세그랑로제브뤼,,,,,
"볼비 두유 그릭요거트, 100g, 2개 5,600원 (10g당 280원) 내일(일) 새벽 도착 보장 4.5 (10758) 최대 280원 적립",,,,,
"하루견과 고마워요 믹스넛, 20g, 30개 26%22,900원 16,900원 (100g당 2,817원) 내일(일) 도착 보장 4.5 (1951) 최대 845원 적립",,,,,
국산콩 무농약 콩나물 300g,,,,,
"풀무원 토이쿠키 만들기 신비한 바닷속 이야기 (냉동), 50g, 6개입, 1개 10%8,900원 7,980원 (10g당 266원) 내일(일) 새벽 도착 보장 5 (6176) 최대 399원 적립",,,,,
[비움반찬] 간장버터 진미채,,,,,
"무료배송 [앵콜특가] 서귀포 고당도 제주 귤 15브릭스 이상, 1박스, 10kg 22%49,000원 37,900원 (100g당 379원) 품절 3 (61)",,,,,
[몽슈슈] 아망드 쇼콜라 롤케이크 420g,,,,,
[정관장] 활기력 JOY 14병 + (쇼핑백증정),,,,,
"바이킹마켓 노르웨이산 연어필렛 (냉장), 1kg, 1개 19%49,900원 39,990원 (100g당 3,999원) 내일(일) 새벽 도착 보장 4.5 (9774) 최대 1,950원 적립",,,,,
"지도표성경 직접 짠 들기름김, 20g, 5개 26%10,900원 8,060원 (10g당 806원) 내일(일) 도착 보장 새 상품, 반품-미개봉 (2) 최저7,650원 4.5 (1019) 최대 403원 적립",,,,,
[그레인온] 르셀란테 파로효소G 선물세트,,,,,
[비비고] 썰은배추김치 500g (단지형),,,,,
[CU 픽업] 하이알라이355ml*6캔,,,,,
[온천집] 우삼겹 스키야키,,,,,
[오뗄블랙라벨] 추억의 돈카츄,,,,,
[드시모네] 베이비 스텝1 50포 X 2박스 (100일분),,,,,
예산 깐쪽파 150g,,,,,
[26년 설] [CU 픽업] 미르40도375,,,,,
[CU 픽업] 브룩라디 클래식 라디,,,,,
[램테이블] 호주산 양 어깨살 큐브 300g,,,,,
"무료배송 국산100% 직접 도정한 우리쌀로 만든 구수하게 끓여 먹는 형제곳간 속편한 누룽지, 3kg, 1개 20%18,900원 14,990원 (100g당 500원) 2/10(화) 도착 예정 4.5 (2503) 최대 750원 적립",,,,,
"오트리 고메넛츠, 750g, 1개 35%80,000원 52,000원 (100g당 6,933원) 내일(일) 도착 보장 5 (12240) 최대 2,600원 적립",,,,,
[RU21] 클리어샷 멀티비타민&미네랄 (7일분),,,,,
"은하수산 광어 지느러미 회 (냉장), 1개, 100g 14,900원 (100g당 14,900원) 내일(일) 새벽 도착 보장 5 (744) 최대 745원 적립",,,,,
"맥심 슈프림 골드 커피믹스, 13.5g, 40개입, 1개 8,120원 (10g당 150원) 내일(일) 도착 보장 5 (107453) 최대 406원 적립",,,,,
[신키네도] 일본 전통 디저트 2종 (택1),,,,,
[호우섬] 통등심 마늘칩 꿔바육 400g,,,,,
"고래사어묵 5가지야채 듬뿍 사각어묵, 300g, 1개 3,070원 (100g당 1,023원) 내일(일) 새벽 도착 보장 5 (9039) 최대 154원 적립",,,,,
[사세] 버팔로 윙봉 갈비맛,,,,,
"요플레 오프룻 딸기&알로에, 180ml, 1개입, 10개 12%16,300원 14,220원 (10ml당 79원) 내일(일) 새벽 도착 보장 5 (23377) 최대 711원 적립",,,,,
[원더풀] 피스타치오 무염 & 가염 (택1),,,,,
[대상웰라이프] 뉴케어 미니 구수한맛 24팩,,,,,
텐더스템 가니쉬 140g,,,,,
"허쉬 오리지널 핫초코분말, 450g, 2개 14%17,000원 14,520원 내일(일) 도착 보장 5 (7630) 최대 726원 적립",,,,,
[라이블링] 클렌즈 30개입 5종 (택1),,,,,
"포테토칩 오리지널, 110g, 5개 쿠폰할인9%10,070원 9,080원 (10g당 165원) 내일(일) 도착 보장 5 (26824) 최대 454원 적립",,,,,
[세노비스] 트리플러스 오메가3 이뮨 우먼 (40일분),,,,,
"무료배송 국산100% 직접 도정한 우리쌀로 만든 구수하게 끓여 먹는 형제곳간 속편한 누룽지, 3kg, 1개 20%18,900원 14,990원 (100g당 500원) 2/10(화) 도착 예정 4.5 (2504) 최대 750원 적립",,,,,
[칠갑농산] 누들 떡볶이용 쌀떡 400g,,,,,
[존쿡 델리미트] 부어스첸 오리지널,,,,,
[윤서울] 김도윤 셰프의 꽃게된장찌개,,,,,
[마음이가] 옛날찹쌀떡 (80g X 9개),,,,,
"무료배송 [단독특가] 북안동농협 고당도 A급 부사사과, 1개, 2kg 쿠폰할인41%29,900원 17,560원 (100g당 878원) 2/12(목) 도착 예정 5 (39) 최대 878원 적립",,,,,
[피코크] 떡갈비,,,,,
[블랙모어스] 오더리스 피쉬오일 미니캡슐 (40일분),,,,,
"라라스윗 저당 복숭아 생요거트바 (냉동), 1개, 6개입, 70ml 7,110원 (10ml당 169원) 내일(일) 새벽 도착 보장 5 (1417) 최대 355원 적립",,,,,
[오설록] 마스터 블렌드 티 8종 보자기 선물세트,,,,,
[집반찬연구소] 저당 황태채 무침,,,,,
[브리미] 모짜렐라 로그 250g,,,,,
"무료배송 오리온 초코파이, 39g, 30개 10,800원 (10g당 92원) 2/10(화) 도착 예정 5 (146568) 최대 540원 적립",,,,,
[천호엔케어] 1005 키디 보아흑염소 30포,,,,,
"상하농원 동물복지 유정란, 15구, 1개 9,800원 (1구당 653원) 내일(일) 새벽 도착 보장 5 (30316) 최대 490원 적립",,,,,
"무료배송 [통째로 레몬] 제주 무농약 GAP 인증 유기농 레몬 껍질까지 통째로 먹는 레몬, 1박스, GAP인증 1.5kg 40%34,900원 20,900원 (100g당 697원) 2/11(수) 도착 예정 4.5 (82) 최대 1,045원 적립",,,,,
[프로티원] 프로틴 단백질 쉐이크 파우치형 7개입 (4종),,,,,
[청정원] 콩담백면 골드 4개입,,,,,
[도시곳간] 7days 건강 반찬 세트 - 화요일,,,,,
"무료배송 지도표 성경 재래식탁김 5g X 30봉, 30개 12,570원 (10g당 838원) 2/11(수) 도착 예정 5 (5249) 최대 629원 적립",,,,,
[소금집] 코파 45g (냉장),,,,,
[벨지오이오소] 모짜렐라 로그 슬라이스 226g,,,,,
[썬키스트] 키즈 트리플 구미 이뮨하이 (30일분),,,,,
[메이준뉴트리] 용천침향단 50환,,,,,
"하림 동물복지 인증 IFF 한입쏙 닭가슴살 청양고추 (냉동), 500g, 1개입, 1개 할인6%7,420원 6,930원 (100g당 1,386원) 내일(일) 새벽 도착 보장 5 (1385) 최대 331원 적립",,,,,
"북해도 가리비 관자살 300g (특, 냉동)",,,,,
[요미요미] 오가닉 퍼프 42g 3종 (택1),,,,,
[프롬바이오] 위건강엔 매스틱 (30일분)(+쇼핑백증정),,,,,
[푸드올로지] 콜레올로지 컷 PRO (30일분),,,,,
[폴 바셋] 콜드브루 원액 300mL 2종(택1),,,,,
[육공육] 리얼 직화 후랑크 255g,,,,,
"비비드키친 저당 초코시럽, 380g, 1개 7,580원 (100g당 1,995원) 내일(일) 도착 보장 4.5 (91) 최대 303원 적립",,,,,
[오니스트] Holiday Edition 스킨시너지 세트 28포,,,,,
"무료배송 해농 미니 도시락김 2g X 100봉, 100개 할인20%21,000원 16,670원 (10g당 834원) 2/10(화) 도착 예정 5 (1391) 최대 834원 적립",,,,,
[자연실록] 동물복지 닭 안심살 300g (냉장),,,,,
명절 요리용 제수용품 소갈비 골라담기,,,,,
[연안식당] 간장 깐새우장 400g (냉동),,,,,
"동원 연어훈제 슬라이스 (냉동), 700g, 1팩 36%36,900원 23,480원 (100g당 3,354원) 내일(일) 새벽 도착 보장 5 (22841) 최대 1,124원 적립",,,,,
[Mr.주꾸미] 주꾸미 볶음 2종 (택1),,,,,
"만나 미국 레몬, 4kg, 1개 21,820원 (100g당 546원) 내일(일) 새벽 도착 보장 4.5 (1871) 최대 1,091원 적립",,,,,
[사자표] 거장 짜장소스 250g,,,,,
[언더프레셔] 디카페인 콜드브루 475mL,,,,,
[26년 설] [CU 픽업] 더글렌그란트18년,,,,,
"돌 후룻볼 트로피칼, 113g, 4개입, 1개 5%5,280원 4,990원 (100g당 1,104원) 내일(일) 새벽 도착 보장 5 (1488) 최대 250원 적립",,,,,
"무료배송 목우촌 허브갈릭 훈제오리 슬라이스, 210g, 4개 23%28,900원 22,020원 (100g당 2,621원) 2/10(화) 도착 예정 4.5 (2524) 최대 1,101원 적립",,,,,
[PPUL] 1++(9) 한우 설깃머리 구이용 200g (냉장),,,,,
[티젠] 콤부차 매실 50개입,,,,,
"포항초 시금치, 1개, 300g 5,990원 (100g당 1,997원) 내일(일) 새벽 도착 보장 4.5 (29) 최대 300원 적립",,,,,
7일 담미 친들미 4kg,,,,,
[광화문 미진] 비빔메밀 (2인분),,,,,
"오로나민씨 탄산 드링크, 120ml, 20개 4%14,000원 13,400원 (100ml당 558원) 내일(일) 도착 보장 5 (41082) 최대 670원 적립",,,,,
[풀무원] 특등급 국산콩 고농도 진한 연두부,,,,,
[슈퍼키친] 후레쉬모짜렐라리가토니,,,,,
[KF365] 1등급 닭볶음탕용 2종 (냉장),,,,,
[아티제] 초코 롤케이크 350g,,,,,
"아카페라 사이즈업 바닐라라떼, 350ml, 20입 19,390원 (100ml당 277원) 내일(일) 새벽 도착 보장 5 (6890) 최대 970원 적립",,,,,
"곰곰 쌀 부침가루, 1kg, 1개 48%5,200원 2,680원 (100g당 268원) 내일(일) 새벽 도착 보장 5 (441) 최대 134원 적립",,,,,
"무료배송 [HACCP인증] 국내산 맛고은 구운계란 (특란) 1개 60구 48%34,800원 17,900원 (1구당 298원) 2/10(화) 도착 예정 5 (31) 최대 895원 적립",,,,,
[풀무원] 진한 가쓰오 어묵전골 330g,,,,,
[슈퍼키친] 생표고버섯볶음,,,,,
"더건강한 닭가슴살 소시지, 80g, 1개입, 6개 7,530원 (10g당 157원) 내일(일) 새벽 도착 보장 5 (1580) 최대 376원 적립",,,,,
[엄마밥상] 요리용 사골곰국 (2개입),,,,,
[햇살굽는집] 옛날사라다빵 4종 (택1),,,,,
"스팸 클래식, 340g, 6개 48%46,960원 24,300원 (10g당 119원) 내일(일) 도착 보장 5 (126685) 최대 1,215원 적립",,,,,
[미미네] 쌀떡볶이&물떡 어묵탕,,,,,
[CU 픽업] 월계관파인록720ml,,,,,
[CU 픽업] 시보리다테다이긴죠,,,,,
[인텔리젠시아] 일루미네이션 블랜드 원두 200g,,,,,
[CU 픽업] 와일드아메리칸허니,,,,,
[닥터브라이언] 에너지 플러스B (30일분),,,,,
[빈브라더스] 원두 200g 2종 (택1),,,,,
[태우한우] 1+ 한우 골라담기 8종,,,,,
[네스프레소 버츄오] 커피 캡슐(아이스/포르테) 10개입(230mL),,,,,
"무료배송 [한정판매50박스특가]초고당도 꿀brix 재구매율1위 경북부사사과, 1박스, 소과1kg(6-7과) 할인10%10,500원 9,400원 (100g당 940원) 2/13(금) 도착 예정 5 (32) 최대 470원 적립",,,,,
"오뚜기 크런치 치킨너겟 (냉동), 480g, 1개 4,890원 (100g당 1,019원) 내일(일) 새벽 도착 보장 5 (1322) 최대 245원 적립",,,,,
무항생제 1등급 한돈 등심 돈까스용 300g (냉장),,,,,
[널담] 뚱낭시에 세트 (50g X 8개),,,,,
"무료배송 서래푸드 구운아몬드 1kgx2 25년산, 1kg, 2개 할인12%32,000원 27,900원 (100g당 1,395원) 2/12(목) 도착 예정 4.5 (17550) 최대 1,395원 적립",,,,,
[농심] 사리곰탕면 5입,,,,,
[아리울떡공방] 굳지않는 모듬 수제 깨송편 600g (지퍼백),,,,,
"동원참치 라이트 스탠다드, 85g, 8개 39%22,400원 13,660원 (10g당 201원) 내일(일) 새벽 도착 보장 5 (77731) 최대 683원 적립",,,,,
[CU 픽업] 시메이레드330ml*6병,,,,,
[쌍계명차] 과일 허그 티캔 2종 세트,,,,,
[태극당] 부드러운 랑그드샤 135g,,,,,
"무료배송 믹스너트땅콩초코볼 800g+800g, 2개, 800g 27%13,000원 9,490원 (100g당 593원) 2/11(수) 도착 예정 4.5 (102) 최대 475원 적립",,,,,
[우물우물] 백진미 오징어채 300g,,,,,
[풀무원] 시금치 또띠아 8인치(5입),,,,,
"무료배송 곡물을만나다 2025년산 햅쌀 백미, 1kg, 1개 10,950원 (100g당 1,095원) 2/13(금) 도착 예정 4.5 (6050) 최대 548원 적립",,,,,
"무료배송 셀렉트 5종 믹스넛 100봉 (20g100봉) 견과류 베리 혼합 매일견과 하루견과, 1개, 2kg 54%65,000원 29,800원 (100g당 1,490원) 2/10(화) 도착 예정 4.5 (33) 최대 1,490원 적립",,,,,
[칠갑농산] 똑쌀떡국 컵 2종 (택1),,,,,
[CU 픽업] 도츠블랑드블랑,,,,,
[베키아에누보] 바질토마토치즈 치아바타 샌드위치 (3입),,,,,
"한반도 쿠마토, 750g, 1팩 7,990원 (100g당 1,065원) 내일(일) 새벽 도착 보장 4.5 (7155) 최대 400원 적립",,,,,
"무료배송 삼형제갈비 LA갈비 (기름제거) 초이스등급, 1kg, 2개 할인31%75,900원 51,700원 (100g당 2,585원) 2/10(화) 도착 예정 4.5 (5271) 최대 2,576원 적립",,,,,
[이디야]  믹스커피 1L 2종 (택1),,,,,
[의성眞]고랭지 부사 사과 3kg(11~12입),,,,,
[우물우물] 참진미 오징어채 150g,,,,,
"더건강한 닭가슴살 샌드위치햄, 90g, 1개 50%4,480원 2,240원 (100g당 2,489원) 내일(일) 새벽 도착 보장 5 (8903) 최대 112원 적립",,,,,
[네스카페] 돌체구스토 커피 캡슐 16개입 5종 (돌체구스토 호환) (택1),,,,,
"다향 훈제오리, 200g, 3팩 11,180원 (100g당 1,863원) 내일(일) 새벽 도착 보장 5 (32224) 최대 559원 적립",,,,,
"무료배송 대천김 곱창김 캔, 30g, 6개 41,330원 (10g당 2,296원) 2/12(목) 도착 예정 5 (12115) 최대 2,066원 적립",,,,,
[CU 픽업] 삿포로350ml*24캔,,,,,
"하루견과 패밀리넛 10p, 200g, 1개 8,000원 (100g당 4,000원) 내일(일) 도착 보장 5 (284) 최대 400원 적립",,,,,
[만토바] 파르미지아노 레지아노 22개월,,,,,
"무료배송 케이원푸드 국내산 냉장 닭어깨살 1kg, 1개 8%9,000원 8,280원 (100g당 828원) 2/10(화) 도착 예정 4.5 (407) 최대 414원 적립",,,,,
"무료배송 [설기념세일]초특가 꿀달달 국내산 엄선과 못난이사과, 1박스, 5kg 쿠폰할인38%27,400원 16,900원 (100g당 338원) 2/12(목) 도착 예정 3 (113) 최대 845원 적립",,,,,
"무료배송 그대의밥상 산지직송 통영 자연산 손질 바다장어 특대 + 소스 2종, 1kg(3미 내외), 1개 쿠폰할인20%15,800원 12,510원 (100g당 1,251원) 2/10(화) 도착 예정 4.5 (4591) 최대 625원 적립",,,,,
"코피코 마요라 카푸치노맛 캔디 블리스터 팩 12p, 384g, 1개 25%12,000원 8,900원 (10g당 232원) 내일(일) 도착 보장 5 (1960) 최대 445원 적립",,,,,
[원에이커팜] 친환경 GAP 로즈마리 10g,,,,,
겨울향기 자몽청 950g,,,,,
"베리밸리 두리안 (냉동), 450g, 1개 15,900원 (100g당 3,533원) 내일(일) 새벽 도착 보장 4.5 (8711) 최대 770원 적립",,,,,
[바다원] 서산 생감태 10g (10매),,,,,
[솔가] 아연 50 (100일분),,,,,
[하선정] 치자 꼬들단무지 200g,,,,,
"육공육 잠봉 슬라이스, 80g, 1개 50%5,980원 2,990원 (10g당 374원) 내일(일) 새벽 도착 보장 5 (9628) 최대 150원 적립",,,,,
"파스퇴르 야채농장 유기농 과일야채주스, 190ml, 8개 9,660원 (100ml당 636원) 내일(일) 새벽 도착 보장 5 (11943) 최대 483원 적립",,,,,
[드시모네] 키즈 스텝1 사과향 유산균 50포 X 2박스 (100일분),,,,,
"청정원 건강한 매실청, 650g, 1개 6%6,980원 6,500원 (100g당 1,000원) 내일(일) 도착 보장 새 상품, 반품-미개봉 (24) 최저5,980원 5 (12851) 최대 325원 적립",,,,,
[브로드카세] 저당 통밀 바게트 2종 (택1),,,,,
7일 향미 4kg (향진주),,,,,
찰흑미 500g,,,,,
[진가네반찬] 어묵양념볶음,,,,,
"청정원 소갈비양념, 500g, 1개 쿠폰할인7%3,370원 3,130원 (100g당 626원) 내일(일) 새벽 도착 보장 5 (3840) 최대 156원 적립",,,,,
[다란팜] 유기농 자유방목 동물복지  유정란 10구,,,,,
[부르본] 에브리버거 초코비스킷 66g,,,,,
[고기반찬] 매실 양념 소불고기 300g,,,,,
"테일러 푸룬건자두, 250g, 6개 29,490원 (100g당 1,966원) 1,240원 와우 가입 쿠폰 내일(일) 새벽 도착 보장 5 (2492) 최대 1,413원 적립",,,,,
[온하루] 아귀포 생땅콩 호두조림,,,,,
[KF365] 참타리 버섯 200g,,,,,
"말리 코코넛워터, 330ml, 12개 15,980원 (100ml당 404원) 내일(일) 도착 보장 5 (22922) 최대 799원 적립",,,,,
[모리나가] 라무네 포도당 캔디 60g,,,,,
"건강한밥상 국산 찰흑미, 2kg, 1개 21%14,980원 11,800원 (100g당 590원) 내일(일) 도착 보장 4.5 (45449) 최대 590원 적립",,,,,
[나폴레옹] 초코무스 케이크 480g,,,,,
[롤드골드] 프레즐 오리지널,,,,,
"따옴 오가닉 주스 사과 & 청포도 & 당근 & 레드비트, 120ml, 24개 15,780원 (100ml당 548원) 내일(일) 도착 보장 5 (9059) 최대 710원 적립",,,,,
[진가네반찬] 가지 간장볶음,,,,,
"올레길 AI 당도선별 13.5brix 고당도 한라봉, 1.5kg(중과,5~7입), 1박스 17,200원 (100g당 1,147원) 내일(일) 새벽 도착 보장 4.5 (3185) 최대 760원 적립",,,,,
[자연애] 100% 국산 고춧가루 파우치 3종 (250g~1kg),,,,,
[켈로그] 고소한 현미 그래놀라 500g,,,,,
[햇반] 작은햇반 130g*6입,,,,,
"백설 유러피안 엑스트라버진 올리브유 스프레이, 200ml, 1개 21%10,280원 8,040원 (100ml당 4,020원) 내일(일) 도착 보장 5 (2587) 최대 402원 적립",,,,,
"더 뱅쇼 키트, 90g, 1개 8,900원 (100g당 9,889원) 내일(일) 새벽 도착 보장 4.5 (300) 최대 445원 적립",,,,,
"초램클래식 양어깨살 큐브 (냉동), 500g, 1개 11,990원 (100g당 2,398원) 내일(일) 새벽 도착 보장 4.5 (3576) 최대 549원 적립",,,,,
[포트'럭] 자연에 말린 군산 참박대 (중/2미) (냉동),,,,,
[한동녹용연구소] 러시아 알타이 녹용 선물세트 30포 (+쇼핑백증정),,,,,
"라세빌라나 블랙올리브, 370g, 1개 4,010원 (10g당 108원) 내일(일) 새벽 도착 보장 5 (5081) 최대 200원 적립",,,,,
"청정원 쉐프원진간장, 13L, 1개 19,000원 (100ml당 146원) 내일(일) 도착 보장 5 (682) 최대 950원 적립",,,,,
[해태] 쌍쌍바 (75mL X 6개입),,,,,
[다담] 청국장찌개 양념 530g,,,,,
[삼립] YAAM! 크림 단팥빵 (91g X 12개입),,,,,
[하리보] 골드베어 사우어 버켓 870g,,,,,
[하코야] 문어쏙쏙 타코야키 2입,,,,,
[KF365] 미국산 돼지고기 목살 구이용 2종,,,,,
[26년 설] [CU 픽업] 가모츠루준마이세트,,,,,
[게메즈] 에낙 라면스낵 (30g x 24입),,,,,
[홀라이프]  프리미엄 유기농 자몽즙 14포,,,,,
[아티제] 롤케이크 2종(화이트바닐라빈&초코) 세트 700g,,,,,
"무료배송 달곰마토 스테비아 방울토마토, 1개, 2kg 21,900원 (100g당 1,095원) 2/11(수) 도착 예정 4.5 (1489) 최대 850원 적립",,,,,
"백설 콩기름, 1.8L, 4개 43%33,920원 19,140원 (100ml당 266원) 내일(일) 도착 보장 5 (55305) 최대 957원 적립",,,,,
"다진마늘 (냉동), 1kg, 2개 8,600원 (10g당 43원) 내일(일) 새벽 도착 보장 4.5 (7937) 최대 430원 적립",,,,,
[디벨라] 토마토 퓨레 680g 2종,,,,,
[애슐리] 주먹밥 4종,,,,,
[선물세트] 메종엠오 마들렌 목함 2단 세트,,,,,
[루덴스] 목 보호 과일캔디 3종 (택1),,,,,
[Ready B] 모찌 찹쌀 꽈배기&도너츠 2종 (택1),,,,,
[메종엠오] 빵 드 젠느 290g,,,,,
"무료배송 산지직송 제주감귤 당일수확 당도보장 노지밀감, 1박스, 10kg 대과(주스용) 29%21,000원 14,900원 (100g당 149원) 2/11(수) 도착 예정 4.5 (137) 최대 745원 적립",,,,,
"유명산지 경남단감 소과 5입, 700g, 2개 5,930원 (100g당 424원) 내일(일) 새벽 도착 보장 4.5 (20865) 최대 240원 적립",,,,,
[갈비아저씨] 제육볶음 600g (냉동),,,,,
"행복한콩 고소한 순두부, 350g, 2개입 29%2,480원 1,760원 (100g당 251원) 내일(일) 새벽 도착 보장 5 (6337) 최대 88원 적립",,,,,
[김정환홍삼] 홍삼으로 에너지타임 플러스 (32일분) +(쇼핑백 증정),,,,,
"곡물그대로21 크리스피롤, 1.5kg, 1개 22%24,900원 19,370원 (10g당 129원) 내일(일) 도착 보장 5 (59034) 최대 969원 적립",,,,,
[매일] 바이오 요거트 파르페 아이스크림 (220mL X 4개),,,,,
[우리쌀 왕호두] 앙버터 호두과자 (32g X 20개) (쇼핑백 포함),,,,,
[그로브] 아보카도 엑스트라버진 오일 2종 (택1),,,,,
[오뚜기] 컵누들 마라탕 6입,,,,,
[호시산] 두 번 담근 양조 간장 200mL,,,,,
"국내산 생들깨 600g 들깨 통들깨 국산들깨, 생들깨(600g), 1개 12%15,000원 13,200원 (100g당 2,200원) 내일(일) 도착 보장 4.5 (616) 최대 660원 적립",,,,,
[26년 설] [CU 픽업] 1865보스턴백,,,,,
"GAMI 훈제오리 슬라이스 (냉동), 800g, 1개 9,800원 (100g당 1,225원) 내일(일) 새벽 도착 보장 5 (8964) 최대 490원 적립",,,,,
냉동 자몽 (쉘) 1kg,,,,,
"무료배송 25년 최고급 햇 약단밤 칼집약단밤 1kg+1kg [구워먹는밤] 출시, 1kg, 2개 할인18%27,000원 21,900원 (100g당 1,095원) 2/10(화) 도착 예정 4.5 (15966) 최대 1,095원 적립",,,,,
"참군고구마바, 22g, 10개 9,900원 (10g당 450원) 내일(일) 새벽 도착 보장 4.5 (3116) 최대 495원 적립",,,,,
[툭툭누들타이] 쏨땀,,,,,
"무료배송 [백화점 납품] 명품 과일 선물 세트 레드향 외 만감류 혼합 3종 세트, 1박스, 3kg 명품 레드향(대과) 쿠폰할인55%79,000원 34,800원 (100g당 1,160원) 2/10(화) 도착 예정 5 (109) 최대 1,740원 적립",,,,,
유기농 다진 표고버섯 100g,,,,,
[CU 픽업] 오와리치타노오니고로,,,,,
[가보팜스] 프리미엄 꽃꿀 3구 선물세트 (야생화꿀 360g + 아카시아꿀 180g),,,,,
유기농 포기로메인 200g,,,,,
[CU 픽업] 패트론실버750ml,,,,,
[무화당] 저당 바스크치즈케이크 530g,,,,,
[쉐푸드] B.E.L.T 샌드위치 & 닭가슴살 흑임자 샌드위치 (택1),,,,,
[아그리폼] 그라나 파다노 스포리아 그라인더,,,,,
"주일상사 원물함량100% 씻어나온 맛있는 삶은 톳 (냉동), 1개, 200g 3,950원 (100g당 1,975원) 내일(일) 새벽 도착 보장 5 (159) 최대 178원 적립",,,,,
"무료배송 [100박스한정]초특가 당일수확 상큼과즙 고당도 제주 감귤, 1박스, 5kg 40%37,580원 22,500원 (100g당 450원) 2/13(금) 도착 예정 4 (120) 최대 1,125원 적립",,,,,
[26년 설] [CU 픽업] A투핸즈날리듀즈,,,,,
[파볼] 무화과 발사믹식초 잼 110g,,,,,
"무료배송 산과들에 원데이 코코너츠 화이트 100봉 / 코코넛 하루견과, 20g, 100개 할인10%36,820원 33,130원 (100g당 1,657원) 2/10(화) 도착 예정 5 (4081) 최대 1,656원 적립",,,,,
[이금기] 중화 두반장 226g,,,,,
"고메 치즈크리스피 핫도그 (냉동), 85g, 4개입, 1개 17%8,480원 6,990원 (100g당 2,056원) 내일(일) 새벽 도착 보장 5 (7624) 최대 350원 적립",,,,,
"청정원 이탈리아 정통 스파게티면, 500g, 3개 27%10,080원 7,340원 (100g당 489원) 내일(일) 새벽 도착 보장 5 (19631) 최대 367원 적립",,,,,
"리콜라 스위스 레몬민트맛 캔디, 40g, 5개 9,400원 (10g당 470원) 내일(일) 도착 보장 5 (32963) 최대 470원 적립",,,,,
[러베지] 병아리콩 후무스 2종,,,,,
"파스키에 초콜릿칩 브리오슈 6입 (냉동), 225g, 1개입, 1개 5,960원 (10g당 265원) 내일(일) 새벽 도착 보장 5 (3166) 최대 298원 적립",,,,,
"신선수 마유 산초 기름, 400ml, 1개 6,800원 (100ml당 1,700원) 내일(일) 도착 보장 4.5 (1152) 최대 340원 적립",,,,,
"호올스 XS 멘토립터스 멘톨향 캔디, 15g, 12개 12,900원 (10g당 717원) 내일(일) 도착 보장 5 (13909) 최대 645원 적립",,,,,
[집반찬연구소KIDS] 야채 계란말이 230g,,,,,
[백년동안] 저당 흑초 2종,,,,,
"대추방울토마토, 2kg, 1박스 12,630원 (100g당 632원) 내일(일) 새벽 도착 보장 4.5 (128522) 최대 631원 적립",,,,,
어린이 순살 생선 3종 (냉동) (택1),,,,,
[혼신마켓] 명란마요네즈,,,,,
"티젠 콤부차 망고구아바, 5g, 30개입, 1개 11,560원 (10g당 771원) 내일(일) 도착 보장 5 (5512) 최대 578원 적립",,,,,
[초록원] 제주 청귤차 1kg,,,,,
[푸디네빵가게] 브리오슈 배치번 260g,,,,,
"펭귄 꽁치 보일드 통조림, 400g, 3개 9,660원 (10g당 81원) 내일(일) 도착 보장 4.5 (7306) 최대 483원 적립",,,,,
[어니스트그릭] 코코넛 플레이버 그릭 요거트 100g 3종 (택1),,,,,
[하인즈] 데미 함박 스테이크 380g (냉동),,,,,
[퍼지락] 자일리톨 캔디 틴케이스 런던에디션 4종 (택1),,,,,
[진실된손맛] 청양고추 땡초장,,,,,
[플라하반] 퀵 오트 컵 12입 박스 3종 (택1),,,,,
"오레오 화이트 크림, 100g, 5개 3%6,000원 5,800원 (10g당 116원) 내일(일) 새벽 도착 보장 5 (843) 최대 290원 적립",,,,,
[뉴트리원] 비비랩 사이클 다이어트 퍼플 (28일분),,,,,
"Prime Field 고시히카리 백미, 특등급, 2kg, 1개 25%15,980원 11,980원 (100g당 599원) 내일(일) 새벽 도착 보장 5 (393) 최대 599원 적립",,,,,
"[-23.5] 이십삼쩜오 벌통 꿀 선물세트 (아카시아,대추나무,때죽나무꿀)",,,,,
국산 손질 단호박 1.8kg (냉동),,,,,
"쫀득쫀득 찰떡아이스 (냉동), 90ml, 1개입, 6개 8,400원 (10ml당 156원) 내일(일) 새벽 도착 보장 5 (10176) 최대 420원 적립",,,,,
친환경 GAP 고기느타리 버섯 300g,,,,,
[상하키친] 크림스프 3종 (150gX3입),,,,,
[CU 픽업] 간바레오또상 900*2팩,,,,,
"사조 해표 콩기름 식용유, 1.5L, 2개 36%15,000원 9,520원 (100ml당 317원) 내일(일) 도착 보장 5 (333923) 최대 476원 적립",,,,,
[한강식품] 떡사리가 들어있는 강원도식 순살 닭갈비 700g (냉장),,,,,
[설성목장] 한우 김치왕만두 420g,,,,,
[라빈리커픽업] 카발란 솔리스트 올로로소 (위스키),,,,,
"무료배송 [산지직송] 국내산 경북 햇생강 최상급 프리미엄 흙생강, 1개, 1kg 쿠폰할인57%28,000원 11,800원 (100g당 1,180원) 2/11(수) 도착 예정 5 (254) 최대 590원 적립",,,,,
[CJ] 행복한콩 고소한 순두부 350g*2,,,,,
"팔도 비락 식혜, 1.5L, 4개 12,320원 (100ml당 205원) 내일(일) 도착 보장 5 (22209) 최대 616원 적립",,,,,
[둥구나무] 고추장 진미채,,,,,
[CU 픽업] 니콜라로씨뇰사비니,,,,,
"보배마을 귀리 국산 유기농 귀리쌀 1kg, 3개 29,900원 (100g당 997원) 내일(일) 도착 보장 4.5 (1788) 최대 1,495원 적립",,,,,
정성담은 웰빙표고 혼합세트,,,,,
[프릳츠] 한 박자 쉬고 블렌드 원두 200g,,,,,
"국내산 달래, 150g, 1개 3,420원 (100g당 2,280원) 내일(일) 새벽 도착 보장 4.5 (16499) 최대 171원 적립",,,,,
흑토마토 800g,,,,,
"곰곰 이스라엘 자몽, 3kg, 1개 13,690원 (100g당 456원) 내일(일) 새벽 도착 보장 4.5 (4966) 최대 685원 적립",,,,,
"청정원 알찬 당면, 1kg, 1개 5,960원 (100g당 596원) 내일(일) 새벽 도착 보장 4.5 (2309) 최대 298원 적립",,,,,
"불닭볶음면 큰컵 105g, 4개 5,280원 (1개당 1,320원) 내일(일) 도착 보장 5 (55091) 최대 264원 적립",,,,,
"집반찬연구소 메추리알 간장조림, 230g, 1개 6,500원 (10g당 283원) 내일(일) 새벽 도착 보장 4.5 (3557) 최대 325원 적립",,,,,
[밀클레버] 미니 붕어빵 3종 (택1),,,,,
[창화당] 육즙 팡팡 소룡포,,,,,
로즈마리 20g,,,,,
"빙그레 맑은얼굴 루이보스차 무라벨, 500ml, 20개 14,950원 (100ml당 150원) 내일(일) 도착 보장 5 (4184) 최대 673원 적립",,,,,
[설탕대신] 알룰로스 2종 (택1),,,,,
"빙그레 그라시아 쿠앤크 초코 (냉동), 750ml, 1개입, 1개 7,500원 (10ml당 100원) 내일(일) 새벽 도착 보장 5 (957) 최대 375원 적립",,,,,
[예찬원] 고사리육개장 5개입 (2배 용량 사이즈업) (블럭국),,,,,
"아이스 홍시 (냉동), 80g, 12개 14,000원 (100g당 1,458원) 내일(일) 새벽 도착 보장 5 (1126) 최대 623원 적립",,,,,
"오뚜기 컵누들 매콤한맛 37.8g, 6개 25%9,280원 6,950원 (1개당 1,158원) 내일(일) 새벽 도착 보장 5 (8148) 최대 348원 적립",,,,,
[오쏘몰] 바이탈 M (14일분)+에르메스 어메니티 H24 향수 15ml 세트 (쇼핑백증정),,,,,
"곰곰 세척 사과 (햇), 2kg(소과), 1개 18,690원 (100g당 935원) 내일(일) 새벽 도착 보장 4.5 (179300) 최대 850원 적립",,,,,
"하림 동물복지 깨끗한농장 인증 통닭 (냉장), 1050g, 1개 7%12,990원 11,990원 (100g당 1,142원) 내일(일) 새벽 도착 보장 5 (1530) 최대 600원 적립",,,,,
[애슐리] 봉골레 크림 빠네 파스타,,,,,
[지유가오카] 로얄 밀크티 케이크 635g,,,,,
[티젠] 콤부차 시칠리아 핑크레몬 2종 (택1),,,,,
[연리희재] 오리지널 개성주악 8구,,,,,
[조선델리] 조선호텔 뉴욕치즈케이크 650g,,,,,
"안계합동 2025년산 햅쌀 의성진 미소진품 단일미 쌀, 8kg, 1개, 상등급 6%29,900원 27,900원 (100g당 349원) 내일(일) 도착 보장 5 (5187) 최대 1,395원 적립",,,,,
[롯데] 미니 가나 마일드 175g,,,,,
[올가] 발아 참깨로 만든 참기름 300mL,,,,,
"윤고집 쑥가루, 100g, 1개 6,900원 (10g당 690원) 내일(일) 도착 보장 5 (572) 최대 328원 적립",,,,,
[일본디저트여행] 하카타 치도리야 티롤리안 6종 (택1),,,,,
"소와나무 한장 한장 포장된 모짜렐라치즈, 18g, 15개입, 1개 4,970원 (10g당 184원) 내일(일) 새벽 도착 보장 5 (4255) 최대 249원 적립",,,,,
[CU 픽업] 호세쿠엘보에스페셜실버,,,,,
"무료배송 해표 포도씨유, 500ml, 3개 할인12%14,110원 12,310원 (100ml당 821원) 2/10(화) 도착 예정 5 (51355) 최대 615원 적립",,,,,
[다카모리] 야키소바 매운맛 3입,,,,,
"샘트리 껍질캐슈넛 크리스피캐슈넛, 1kg, 1개 할인16%25,000원 20,800원 (100g당 2,080원) 내일(일) 도착 보장 4.5 (1236) 최대 1,040원 적립",,,,,
"오뚜기 맛있는오뚜기 큰밥, 300g, 8개 15%13,960원 11,740원 (100g당 489원) 내일(일) 도착 보장 5 (93794) 최대 587원 적립",,,,,
"죠리퐁 마시멜로, 35g, 3개 2,430원 (10g당 231원) 내일(일) 새벽 도착 보장 5 (1038) 최대 121원 적립",,,,,
"마켓오네이처 오 그래놀라 저당 통보리 시리얼, 360g, 1개 6,250원 (100g당 1,736원) 내일(일) 도착 보장 5 (5516) 최대 313원 적립",,,,,
[다담] 양념 듬뿍 쌈장 570g,,,,,
[CU 픽업] 리오하알타아르단자,,,,,
[에이스바이옴] 관절엔 아나파랙틴 천심련추출물 2종 (택1)+쇼핑백,,,,,
[헤베커피] 블렌드 원두 200g 2종 (택1),,,,,
"곰곰 곤약 konjac, 500g, 2개 53%5,560원 2,560원 (100g당 256원) 내일(일) 도착 보장 5 (2337) 최대 128원 적립",,,,,
[CU 픽업] 간바레오또상캔잔세트,,,,,
"베지밀 아몬드와 호두 두유, 190ml, 24개 23%19,630원 15,010원 (100ml당 329원) 내일(일) 도착 보장 4.5 (52107) 최대 750원 적립",,,,,
"오리온 포카칩 오리지널, 66g, 6개 38%12,420원 7,620원 (10g당 192원) 내일(일) 새벽 도착 보장 5 (1616) 최대 381원 적립",,,,,
"차파이 복숭아 우롱차, 500ml, 15개 14,300원 (100ml당 191원) 내일(일) 도착 보장 5 (4088) 최대 715원 적립",,,,,
"곰곰 깐메추리 유정란, 450g, 1봉 5,690원 (100g당 1,264원) 내일(일) 새벽 도착 보장 5 (8132) 최대 285원 적립",,,,,
[드시모네] 키즈 스텝1 사과향 유산균 (50일분),,,,,
[비비고] 보쌈무김치 150G,,,,,
[일가집] 비타 김밥 단무지 400g,,,,,
"맥심 모카골드 마일드 블랙커피 원두커피스틱, 0.9g, 100개입, 1개 14,140원 (10g당 1,571원) 내일(일) 도착 보장 4.5 (27109) 최대 707원 적립",,,,,
"참 고기엔 참소스, 570g, 2개 쿠폰할인6%6,130원 5,760원 (100g당 505원) 내일(일) 도착 보장 5 (103803) 최대 288원 적립",,,,,
[홈파티][알비에로] 프로볼로네 돌체 퐁듀 (+전용 용기) 150g,,,,,
"곰곰 고당도 12.5brix 감귤, 1.5kg, 2박스 29,410원 (100g당 980원) 내일(일) 새벽 도착 보장 4.5 (14154) 최대 1,470원 적립",,,,,
"창억떡 부드럽고 쫄깃한 호박인절미 (냉동), 500g, 1개입, 1개 10,900원 (10g당 218원) 내일(일) 새벽 도착 보장 5 (65610) 최대 545원 적립",,,,,
[해태] THE 빠새 100g,,,,,
[Kim's butcher] 호주산 소고기 샤브샤브(냉동) 2종,,,,,
[다이아몬드] 튀김용 노바시새우 2종 (냉동),,,,,
"투데이넛 호박씨, 330g, 1개 21%6,140원 4,840원 (100g당 1,467원) 내일(일) 새벽 도착 보장 5 (487) 최대 242원 적립",,,,,
[바름팜] 친환경 파채 200g,,,,,
저탄소 유기농 꿀고구마 1kg,,,,,
[오리온] 뉴룽지 124g,,,,,
"하림 Fresh UP 닭근위, 500g, 2개 9,680원 (100g당 968원) 내일(일) 새벽 도착 보장 5 (1379) 최대 484원 적립",,,,,
[설성목장] 한우 불고기 딥디쉬 피자,,,,,
[더건강한] 닭가슴살 샐러드 톡톡 96g,,,,,
"곰곰 깐메추리 유정란, 270g, 1봉 3,990원 (100g당 1,478원) 내일(일) 새벽 도착 보장 5 (8132) 최대 200원 적립",,,,,
남해 보물초 시금치 2종,,,,,
"폰타나 나폴리 뽀모도로 토마토 파스타소스, 1.5kg, 1개 47%18,970원 10,000원 (100g당 667원) 내일(일) 도착 보장 5 (11425) 최대 500원 적립",,,,,
[천호엔케어] 흑염소 더블랙 30포,,,,,
[팔도]꼬꼬면 5입,,,,,
홍고추 80g,,,,,
[도스타코스] 께사디야 2종 (택1),,,,,
[조선호텔김치] 프리미엄 배추김치 1kg,,,,,
"[남양] 말차에몽 2종(190mL X 4입, 24입)",,,,,
[애슐리] 홈스토랑 볶음밥 6종 (4개입) (택1),,,,,
한입 꿀고구마 1kg,,,,,
[경복궁 BLACK] 사골 도가니탕,,,,,
"무료배송 (건강인증) 피스타치오 1kg+1kg 피스타치오 견과류/ 피스타치오무염 탈각피스타치오, 2박스, 120g 17,690원 (100g당 7,371원) 3/6 도착 예정 1.5 (6) 최대 885원 적립",,,,,
[롯데] 씨리얼 초코 42g,,,,,
"마당발 배추김치, 10kg, 1개 18,000원 (100g당 180원) 내일(일) 새벽 도착 보장 4.5 (3443) 최대 900원 적립",,,,,
"삼립 소화가 잘되는 우유가 들어간 생크림빵 (냉동), 95g, 2개입, 2개 7,720원 (10g당 203원) 내일(일) 새벽 도착 보장 5 (3431) 최대 386원 적립",,,,,
[CU 픽업] 하이네켄500*24캔,,,,,
[야마다] 오하요우 낫또 2종,,,,,
"[레드텅 픽업] 샴페인 드라피에, 까르뜨 도르 브륏 750ml (와인)",,,,,
유기농 혼합9곡(콩없는잡곡) 1.8kg,,,,,
[풀무원] 식물성 지구식단 솥솥 주먹밥 2종 (택1),,,,,
[도펠헤르츠] 멀티비타민 A-Z (30일분),,,,,
"자연닮음 국산 볶은 돼지감자 차, 1kg, 1개입, 1개 6%19,000원 17,800원 (10g당 178원) 내일(일) 도착 보장 새 상품, 반품-미개봉 (4) 최저17,270원 4.5 (2997) 최대 890원 적립",,,,,
[마이비밀] 라이킷 식단관리 시즌2 도시락 8종 (택2),,,,,
[김구원선생] 해물 짬뽕순두부,,,,,
"무료배송 녹차원 국내산 우롱차, 1.2g, 50개입, 2개 15,100원 (10g당 1,258원) 2/13(금) 도착 예정 4.5 (4211) 최대 755원 적립",,,,,
[풀무원] 장 칼국수 2인분,,,,,
"백설 소갈비 양념, 840g, 2개 36%13,960원 8,810원 (100g당 524원) 내일(일) 도착 보장 5 (8752) 최대 440원 적립",,,,,
"무료배송 농부곳간 수분 가득한 제주 구좌 햇 흙당근, 1개, 당근 5kg 상 쿠폰할인75%60,900원 14,880원 (100g당 298원) 2/10(화) 도착 예정 4 (5386) 최대 744원 적립",,,,,
[선물세트] 강성은명과 선물세트,,,,,
"풀무원 특등급 국산콩 연두부, 250g, 2개 쿠폰할인49%3,840원 1,950원 (100g당 390원) 내일(일) 새벽 도착 보장 5 (1480) 최대 98원 적립",,,,,
[흑백요리사] 술 빚는 윤주모 셰프 남도식 갓김치 300g,,,,,
"에스앤비골든 카레 아주 매운맛, 220g, 3개 9,540원 (100g당 1,445원) 내일(일) 도착 보장 새 상품, 반품-미개봉 (16) 최저9,060원 5 (4900) 최대 477원 적립",,,,,
[무화당] 호두크림치즈쿠키 (95g),,,,,
[풀무원] 포차식 꼬치 어묵 336g,,,,,
당도선별 담아본 하우스 감귤 3kg (박스),,,,,
"광동제약 솔표 위청수 골드액, 75ml, 20개 40%19,960원 11,890원 (100ml당 793원) 내일(일) 도착 보장 5 (12617) 최대 595원 적립",,,,,
"상하치즈 샐러드용 슈레드 치즈, 210g, 1개입, 1개 6,900원 (10g당 329원) 내일(일) 새벽 도착 보장 5 (4162) 최대 345원 적립",,,,,
[육공육] 잠봉 80g,,,,,
"농협 무항생제 인증 신선 대란 1.56kg, 1개, 30구 8,590원 (1구당 286원) 내일(일) 새벽 도착 보장 5 (69024) 최대 430원 적립",,,,,
[일일특가][팜송] 스테비아 대추방울토마토 1kg,,,,,
세지 멜론 1.2kg (후숙 필요),,,,,
[이금기]프리미엄노추(노두유) 500ML,,,,,
"국내산 친환경 중파, 300g, 1개 2,990원 (100g당 997원) 내일(일) 새벽 도착 보장 4.5 (6265) 최대 150원 적립",,,,,
"풀무원 순쌀 떡국떡, 1.5kg, 1개 6,960원 (100g당 464원) 내일(일) 새벽 도착 보장 5 (20864) 최대 348원 적립",,,,,
[비비고] 서울식 소불고기,,,,,
[CU 픽업] 해지람,,,,,
"국내산 타임, 10g, 2개 3,290원 (100g당 16,450원) 내일(일) 새벽 도착 보장 4.5 (4801) 최대 165원 적립",,,,,
"쉐푸드 등심 통 돈까스 (냉동), 300g, 2개 9,480원 (100g당 1,580원) 내일(일) 새벽 도착 보장 5 (9568) 최대 474원 적립",,,,,
"무료배송 클릭유 서울우유 저당밸런스 곡물맛, 24개, 140ml 22,900원 (100ml당 682원) 2/11(수) 도착 예정 5 (20) 최대 1,145원 적립",,,,,
"롯데웰푸드 칙촉, 168g, 4개 45%19,200원 10,400원 (10g당 155원) 내일(일) 도착 보장 5 (55044) 최대 520원 적립",,,,,
[미자언니네] 고추장 진미채볶음,,,,,
[하코야] 살얼음 동동 냉메밀 소바 2인분,,,,,
[KART] 닭가슴살 치킨 카레,,,,,
"하이포크 무항생제 인증 한돈 앞다리 제육용 (냉장), 2개, 300g 12,590원 (100g당 2,098원) 내일(일) 새벽 도착 보장 4.5 (1388) 최대 630원 적립",,,,,
[한끼통살] 오븐 순살 닭다리 4종,,,,,
[셀렉스] 프로핏 웨이프로틴 드링크 3종 (12개입),,,,,
[도드람] 인기 한돈 골라담기 (택1),,,,,
"움트리 생 와사비, 120g, 2개 8,460원 (10g당 353원) 내일(일) 도착 보장 5 (26153) 최대 423원 적립",,,,,
[올핏] 당제로 이지어트 애플사이다 비니거 14포,,,,,
[한미양행] 신경엔 마그네슘 (90일분),,,,,
[스타벅스] by 네스프레소 호환 캡슐 36개입 4종 (택1),,,,,
[하림] 동물복지 두마리통닭 1.2KG (600g*2입),,,,,
유기농 애플민트 10g,,,,,
[오뚜기] 미니뿌셔 2종 (택1),,,,,
[강훈목장] 수제 드링크 요거트 블루베리 1000mL,,,,,
"청정원 저당 토마토케찹, 490g, 1개 4,030원 (100g당 822원) 내일(일) 도착 보장 5 (132) 최대 201원 적립",,,,,
[CU 픽업] 칭따오710ml*12캔,,,,,
[CU 픽업] 쿠로우마 쵸키죠조,,,,,
[에이스바이옴] 멀티비타민 비타민&미네랄 23종 2종 (택1)+쇼핑백,,,,,
[안국건강] 리포좀 비타민C (30일분),,,,,
[CU 픽업] 818데킬라에잇리저브,,,,,
[드시모네] 프리미엄 플러스 30포 X 4박스 (120일분),,,,,
[석관동 떡볶이] 치즈 쭈욱 떡볶이,,,,,
[KF365] 새콤달콤 제주 감귤 1.5kg (비가림),,,,,
[미자언니네] 꽃게액젓을 넣은 청양명란비빔장,,,,,
"몽쉘 생크림케이크 카카오, 408g, 4개 17,900원 (10g당 110원) 내일(일) 도착 보장 5 (34902) 최대 895원 적립",,,,,
[CU 픽업] 핫카이산 토쿠베츠 혼죠조,,,,,
"곰곰 닭가슴살 소시지, 30g, 48개 32%19,600원 13,300원 (100g당 924원) 내일(일) 도착 보장 4.5 (91) 최대 665원 적립",,,,,
"쿠킹스토리 젤라틴가루, 100g, 1개 6,500원 (100g당 6,500원) 내일(일) 도착 보장 4.5 (392) 최대 325원 적립",,,,,
[메이준뉴트리] 이승남원장 더블액션 당케어&유산균 (30일분),,,,,
"곰곰 국내산 딸기, 500g(중과), 2팩 17,260원 (100g당 1,726원) 내일(일) 새벽 도착 보장 4.5 (38862) 최대 863원 적립",,,,,
[CU 픽업] 레드우드라이,,,,,
[포트'럭] 참돔회 150g (냉장),,,,,
[포트'럭] 서해안 참병어 250g (생물),,,,,
[만선] 자연산 돌문어 450g (생물),,,,,
[CU 픽업] 비피터,,,,,
[김소형원방] 생강청 500mL,,,,,
"무료배송 [재주문1위]설날초특가 꿀고당도 아삭달콤 부사 못난이사과, 1박스, 5kg 할인51%38,500원 18,500원 (100g당 370원) 2/13(금) 도착 예정 4.5 (39) 최대 925원 적립",,,,,
"폰타나 나폴리 미트 라구 파스타소스, 1개, 600g 45%9,980원 5,480원 (100g당 913원) 내일(일) 도착 보장 5 (160) 최대 274원 적립",,,,,
"신라명과 인생모닝롤, 30g, 10개입, 1개 6,900원 (10g당 230원) 내일(일) 새벽 도착 보장 5 (42658) 최대 345원 적립",,,,,
[남양] 떠먹는 불가리스 플레인 (85g X 8개),,,,,
[라빈리커픽업] 세냐 20 (와인),,,,,
[정관장] 에브리타임 한라봉 플레이버 (20일분),,,,,
[CU 픽업] 다렌버그 풋볼트 쉬라즈,,,,,
"왕뚜껑 컵라면 110g, 10개 10,170원 (1개당 1,017원) 내일(일) 도착 보장 5 (61434) 최대 509원 적립",,,,,
[북창동 순두부] 소고기 순두부 찌개,,,,,
"무료배송 델몬트 오렌지100 주스, 1.5L, 4개 22%19,000원 14,650원 (100ml당 244원) 2/10(화) 도착 예정 5 (1822) 최대 733원 적립",,,,,
[칠갑농산] 우리쌀 떡국떡 800g,,,,,
[CU 픽업] 보테가핑크골드,,,,,
"나가타니엔 오토나노 후리가께 미니, 2개, 29.2g 23%11,000원 8,400원 (10g당 1,438원) 내일(일) 도착 보장 4.5 (736) 최대 420원 적립",,,,,
[오쏘몰] 이뮨 (7일분) + 에르메스 어메니티 헤어&바디세트 (쇼핑백증정),,,,,
[선물세트] 제주 민어 세트 2kg,,,,,
[선물세트][전통주] 안동소주 일품 골드블랙세트 40도 500mL 전용잔3 오크숙성주,,,,,
[조선호텔] 우엉잡채 (2인분),,,,,
"국내산 깐도라지, 250g, 1개 8,650원 (100g당 3,460원) 내일(일) 새벽 도착 보장 4.5 (13287) 최대 433원 적립",,,,,
"노르웨이산 엠앤엠씨 생연어 (냉장), 500g, 1개 23%28,900원 21,980원 (100g당 4,396원) 내일(일) 새벽 도착 보장 4.5 (3763) 최대 1,099원 적립",,,,,
[하림 The미식] 황태콩나물국 350g,,,,,
[쌜모네키친] 오로라 생연어 2종 (냉장) (택1),,,,,
연근채 300g,,,,,
[라빈리커픽업][뱅베 내추럴특가] 구트오가우 아타나시우스 19 (와인),,,,,
"무료배송 상주곶감 선물세트 햇곶감 건시 황금보자기포함, 40개, 개당50g내외 (대과) 할인33%90,000원 59,900원 2/11(수) 도착 예정 5 (148) 최대 2,995원 적립",,,,,
[오마뎅] 시그니처 빨간꼬치어묵과 물떡,,,,,
[롯데] 해바라기 초코볼 80g,,,,,
[비첸향] 미니이지 칠리 275g,,,,,
"담터 호박팥차, 1.5g, 40개입, 1개 5,400원 (10g당 900원) 내일(일) 도착 보장 4.5 (1785) 최대 270원 적립",,,,,
[랩노쉬] 저당 웨하스 53g 3종 (택1),,,,,
꽈리고추 100g,,,,,
[마이노멀] 대용량 액상 알룰로스 1.2kg,,,,,
[선물세트] 프리미엄 견과 5종 세트 2.1kg (5통),,,,,
[와인앤모어픽업]클라우디 베이 소비뇽 블랑 ((와인)),,,,,
[이알하나] NMN 400mg (28일분),,,,,
당귀잎 35g,,,,,
[CU 픽업] 삿포로70캔24입,,,,,
산마 700g (2~3뿌리),,,,,
"국내산 셀러리 스틱, 400g, 2개 5,800원 (100g당 725원) 내일(일) 새벽 도착 보장 4.5 (23135) 최대 290원 적립",,,,,
[고려은단] 메가도스D 4000IU (120일분) (메가도스D 4000IU),,,,,
"나랑드사이다 제로, 500ml, 24개 11%18,600원 16,400원 (100ml당 137원) 내일(일) 도착 보장 5 (151781) 최대 820원 적립",,,,,
[Kurly's] 동물복지 닭 안심살 500g,,,,,
[스타벅스] 핫 코코아 오나먼트 에디션 2종 (택1),,,,,
[선물세트] 전통주 오매락40 (40도 500mL),,,,,
[브로드카세] 72시간 진한 초코 사워도우 깜빠뉴 2종 (택1),,,,,
"김연도 웰빙 오색현미, 500g, 5개 15,680원 (100g당 627원) 내일(일) 도착 보장 5 (3042) 최대 784원 적립",,,,,
[버드와이저0.0] 논알콜 (330mL X 6캔),,,,,
"미소한입 튀김 땅콩, 1kg, 1개 8,600원 (100g당 860원) 내일(일) 새벽 도착 보장 4.5 (302) 최대 430원 적립",,,,,
"백설 엑스트라버진 압착 올리브유, 900ml, 1개 54%26,500원 12,020원 (100ml당 1,336원) 내일(일) 도착 보장 5 (31986) 최대 601원 적립",,,,,
[횡성축협한우] 1+ 한우 갈비살 200g (냉장),,,,,
[한반] 스지 도가니탕,,,,,
[안유성 명장] 광주옥1947 평양냉면 (2인분),,,,,
[라빈리커픽업][뱅베 내추럴특가] 오리올아르티가스 프리자크 이 투에츠 20 (와인),,,,,
"폰타나 시칠리아 페페론치노 아라비아따 파스타 토마토소스, 600g, 2개 52%19,960원 9,480원 (100g당 790원) 내일(일) 도착 보장 5 (10230) 최대 474원 적립",,,,,
[티젠] 콤부차 30스틱 14종 (택1),,,,,
"곰곰 국내산 무로 만든 얇은 슬라이스 단무지, 120g, 1개 930원 (100g당 775원) 내일(일) 새벽 도착 보장 4.5 (1409) 최대 46원 적립",,,,,
"카프리썬 사파리, 200ml, 20개 10,710원 (100ml당 268원) 내일(일) 도착 보장 5 (14618) 최대 535원 적립",,,,,
"더조운 쌀 현미, 4kg, 1개 12,800원 (100g당 320원) 내일(일) 새벽 도착 보장 4.5 (305) 최대 640원 적립",,,,,
칠레산 보라성게알 100g (냉동),,,,,
[시오팡야] 소금빵 4개 세트 3종 (택1),,,,,
[알마자라스] 파르께올리바 세리에 오로 골드 250ml,,,,,
[정관장] 활기력 부스터 (14일분) +(쇼핑백증정),,,,,
[HBAF] 제주말차 아몬드 190g,,,,,
"무료배송 맥심 모카골드 마일드 커피믹스, 12g, 60개입, 2개 17%28,000원 23,000원 (10g당 160원) 2/11(수) 도착 예정 5 (177369) 최대 1,150원 적립",,,,,
[포미] 찹드 토마토390g,,,,,
[푸드올로지] 지중해 레몬버베나 (30일분),,,,,
[스타벅스] 원두 8종(택1),,,,,
"무료배송 마가렛트 오리지널 대용량 실속패키지, 660g, 1개 9,370원 (10g당 142원) 2/11(수) 도착 예정 5 (70672) 최대 469원 적립",,,,,
[르 게랑드] 플뢰르 드 셀 토판 천일염,,,,,
[마이디벨] 벨지안 케이준 프라이 감자튀김 2개입,,,,,
"국내산 얼갈이, 800g, 1개 4,800원 (100g당 600원) 내일(일) 새벽 도착 보장 4.5 (29761) 최대 240원 적립",,,,,
"청정원 바사삭 들기름김 바사삭 들기름김, 80g, 1개 30%11,600원 8,110원 (10g당 1,014원) 내일(일) 도착 보장 5 (6037) 최대 405원 적립",,,,,
[지리산처럼] 행복한 정은씨의 흑임자 가루 150g,,,,,
국내산 라디치오,,,,,
구기자 100g,,,,,
[고래사] 어묵 유부전골,,,,,
"기린 미니 꿀호떡, 400g, 1개입, 1개 4,200원 (10g당 105원) 내일(일) 새벽 도착 보장 5 (9491) 최대 210원 적립",,,,,
[애플킨더] 튼튼철분 프리미엄 (60일분),,,,,
"도드람한돈 무항생제 인증 등심 잡채용 (냉장), 1개, 300g 7,500원 (100g당 2,500원) 내일(일) 새벽 도착 보장 5 (111) 최대 375원 적립",,,,,
[빙그레] 엑설런트 오리지널 (50mL X 16개),,,,,
[CU 픽업] 브리몽꾸르 브뤼 레정스,,,,,
"POM 원더풀 석류 프레시컷, 120g, 4개 15,380원 내일(일) 새벽 도착 보장 4.5 (5183) 최대 769원 적립",,,,,
[딥앤로우] 저당 소프트 쉐이크 2종 (160mL X 3개) (택1),,,,,
"소백산청정농원 아카시아꿀 100% 자연산, 천연 아카시아, 2.4kg, 1개 할인22%59,000원 45,800원 (100g당 1,908원) 내일(일) 도착 보장 5 (1630) 최대 2,290원 적립",,,,,
[비움반찬] 고추장 멸치볶음,,,,,
"무료배송 국산 햇 깐호두 250g 500g 1Kg, 1개 할인30%39,000원 26,990원 (100g당 10,796원) 2/10(화) 도착 예정 5 (340) 최대 1,336원 적립",,,,,
"농심 감자면 117g, 5개 26%7,300원 5,340원 (1개당 1,068원) 내일(일) 새벽 도착 보장 5 (2914) 최대 267원 적립",,,,,
[신의주 찹쌀순대] 맑은곰탕,,,,,
"무료배송 생알땅콩 1kg 2025년 햇 생땅콩 국산 땅콩 생땅콩 알땅콩 볶음용 조림용 반찬용 햇땅콩, 1개 할인4%23,500원 22,500원 (100g당 2,250원) 2/10(화) 도착 예정 4 (129) 최대 1,125원 적립",,,,,
"바른곡물 퀴노아, 800g, 1개 9,900원 (100g당 1,238원) 내일(일) 도착 보장 5 (1476) 최대 495원 적립",,,,,
"양반 수라 한우사골곰탕, 460g, 2개 쿠폰할인54%6,560원 2,980원 (100g당 324원) 내일(일) 새벽 도착 보장 5 (1152) 최대 149원 적립",,,,,
"곰곰 동물복지 유정란, 1개, 10구 5,390원 (1구당 539원) 내일(일) 새벽 도착 보장 4.5 (292) 최대 270원 적립",,,,,
[베키아에누보] 단호박 크림 스프 180g,,,,,
"오뚜기 의정부식 부대찌개, 500g, 2개 37%11,960원 7,480원 (100g당 748원) 내일(일) 도착 보장 4.5 (4568) 최대 374원 적립",,,,,
[선물세트] 채움 착즙 유기농 석류즙100% 30포,,,,,
[Kurly's] 바삭하게 구운 김밥김 22g,,,,,
[친정갈비] 양념돼지갈비 400g~ (택1),,,,,
"대추방울토마토, 2kg, 1박스 12,630원 (100g당 632원) 내일(일) 새벽 도착 보장 4.5 (128521) 최대 631원 적립",,,,,
[선물세트] 그로브 아보카도 엑스트라버진 오일 세트,,,,,
[CU 픽업] 햐쿠모쿠 준마이긴죠,,,,,
"탐사 샘물, 500ml, 40개 38%12,980원 7,990원 (100ml당 40원) 내일(일) 도착 보장 5 (271856) 최대 400원 적립",,,,,
[농심]  신라면 골드 4입,,,,,
"볼비 두유 그릭요거트, 100g, 4개 10,860원 (10g당 272원) 내일(일) 새벽 도착 보장 4.5 (10758) 최대 543원 적립",,,,,
"선진 포크 한돈 등갈비 구이용 (냉장), 500g, 1개 15,000원 (100g당 3,000원) 내일(일) 새벽 도착 보장 5 (1233) 최대 700원 적립",,,,,
"아이배냇 유아용 유기농 쌀떡뻥, 30g, 2개, 백미 쿠폰할인19%5,600원 4,500원 (10g당 750원) 내일(일) 도착 보장 5 (4007) 최대 225원 적립",,,,,
[HBAF] 치즈 프레첼 30g X 5개입,,,,,
[CU 픽업] 타리마힐,,,,,
[KF365] 무항생제 한돈 안심 장조림용 200g*2 (냉장),,,,,
"바른어묵 85% 갈치사각 어묵, 180g, 2개 47%7,560원 3,980원 (100g당 1,106원) 내일(일) 새벽 도착 보장 5 (2248) 최대 199원 적립",,,,,
"곰곰 우리쌀 떡국떡, 1kg, 1개 4,400원 (100g당 440원) 내일(일) 새벽 도착 보장 4.5 (58384) 최대 220원 적립",,,,,
[올가] 유기농 티 에디션 블루밍가든 티&과일청 세트 (41.3g X 12개),,,,,
[조선마켓] 조선향미 유기농 조랭이떡 500g,,,,,
[덴프스] 트루바이타민 I (30일분),,,,,
"넛츠팜 마리아니 베리믹스, 400g, 1개 8,500원 (100g당 2,125원) 내일(일) 도착 보장 5 (718) 최대 425원 적립",,,,,
"하림 닭볶음탕용 (냉장), 1000g, 1개 6,980원 (100g당 698원) 내일(일) 새벽 도착 보장 5 (171048) 최대 299원 적립",,,,,
"야마끼 이찌방 하나 가쓰오부시 토핑용, 90g, 1개 6,980원 (100g당 7,756원) 내일(일) 도착 보장 5 (2384) 최대 349원 적립",,,,,
[로트벡쉔] 이뮨 미니 1박스(24일분),,,,,
[광령] 제주 갈치양념젓 2종 (택1),,,,,
[썬키스트] 팬시 레몬 1kg (8~12입),,,,,
[정관장] 홍삼정 마스터 클래스 200g (66일분),,,,,
[저스트그린] 모짜렐라치즈 과일 샐러드,,,,,
[맛의고수] 이게약과지 호박약과 (40g X 10개),,,,,
"월드그린 고소한 검은콩 서리태, 1kg, 1개 9,980원 (100g당 998원) 내일(일) 도착 보장 4.5 (17841) 최대 499원 적립",,,,,
[오가닉스토리] 유기농 쌀로만든 떡튀밥 6종,,,,,
"서부농협 천수만 햅쌀 신동진쌀 백미 특등급, 10kg, 1개, 특 35,900원 (100g당 359원) 내일(일) 도착 보장 4.5 (1548) 최대 1,795원 적립",,,,,
[오설록] 말차 프레첼 70g,,,,,
[베베쿡] 처음먹는 어린이김자반 오리지널 25g,,,,,
[뉴트리원] 올인원 멀티비타민 미네랄 21 (30일분),,,,,
[청오] 국산 발아 옥수수차 300g,,,,,
"몰티져스 밀크초콜렛 버켓, 465g, 1개 쿠폰할인11%15,810원 14,060원 (10g당 302원) 내일(일) 도착 보장 5 (14456) 최대 584원 적립",,,,,
[그리팅] 뷰티핏 식단 관리 도시락 6종 (택1),,,,,
"무료배송 CJ프레시웨이 이츠웰 맛있는 냉동 블루베리 1kg x 2개 24%28,900원 21,820원 (100g당 1,091원) 2/10(화) 도착 예정 4.5 (7510) 최대 1,091원 적립",,,,,
[하루한콩] 튀기지 않아 담백한 스낵콩 5종 골라담기,,,,,
"곰곰 쌀떡볶이떡, 1kg, 2개 4,790원 (100g당 240원) 내일(일) 새벽 도착 보장 4.5 (59220) 최대 240원 적립",,,,,
"청정원 직화짜장 분말, 80g, 3개 8%6,600원 6,030원 (100g당 2,513원) 내일(일) 새벽 도착 보장 5 (6292) 최대 301원 적립",,,,,
[오레오] 마일드 스위트 100g,,,,,
[유기샘] 깐은행 2종,,,,,
"무료배송 수향미 10kg 햅쌀 2025년 골든퀸3호, 상등급, 1개 40,460원 (100g당 405원) 2/11(수) 도착 예정 5 (15550) 최대 2,023원 적립",,,,,
[하림] IFF 무항생제 닭안심 다짐육 300g (냉동),,,,,
[내츄럴플러스] 프로바이오틱스 유산균19 (30일분),,,,,
[프레지덩] 쁘띠 브리 125g,,,,,
꽈리고추 200g,,,,,
[애슐리] 올라 파히타,,,,,
[와인앤모어픽업]따발리 베타스 블랑카스 샤도네이 ((와인)),,,,,
"탐사 샘물, 500ml, 60개 39%19,470원 11,790원 (100ml당 39원) 내일(일) 도착 보장 5 (271875) 최대 590원 적립",,,,,
[CU 픽업] 집집락쉬라즈까베르네,,,,,
[블루스카이] 유기농 아가베시럽 엑스트라 라이트 330g,,,,,
[CU 픽업] 주라10년 글라스패키지,,,,,
[차려낸] 바삭하고 쫄깃한 한돈등심탕수육,,,,,
"하림 수비드 닭가슴살 바질&올리브, 100g, 6개입, 1개 19%16,500원 13,260원 (100g당 2,210원) 내일(일) 새벽 도착 보장 5 (1433) 최대 663원 적립",,,,,
"만전김 할아버지가 만든 꼬마김밥김, 6g, 6개 35%8,500원 5,500원 (10g당 1,528원) 내일(일) 도착 보장 5 (1460) 최대 275원 적립",,,,,
[앤디스] 민트 쿠키 크런치 초콜릿 132g,,,,,
"건강한밥상 국산 찰압맥, 1kg, 1개 7,980원 (100g당 798원) 내일(일) 도착 보장 새 상품, 반품-미개봉 (2) 최저7,580원 4.5 (3024) 최대 399원 적립",,,,,
[더오담]  생오리로스 (200gX2),,,,,
"곰곰 핫케익 믹스, 1kg, 1개 30%5,750원 3,990원 (100g당 399원) 내일(일) 도착 보장 5 (1638) 최대 200원 적립",,,,,
[선물세트] 국산 자연산 대하 세트 2호 1.3kg (대),,,,,
[까사까누띠] 콰트로 포르마지 라비올로니 파스타,,,,,
"돈시몬 생과일 착즙 100% 토마토주스, 1L, 1개 5,100원 (100ml당 510원) 내일(일) 새벽 도착 보장 5 (1138) 최대 255원 적립",,,,,
[닥터메타] 베나센 프리미엄 블러드 스트림 (30일분),,,,,
[쉐프컬렉션] 중앙해장 한우양해장국 450g,,,,,
"주원산오리 건강한오리 가슴살, 500g, 1개 11,650원 (100g당 2,330원) 내일(일) 새벽 도착 보장 5 (914) 최대 583원 적립",,,,,
"무료배송 [초고당도] 애플피치 농장직송 프리미엄 엔부사과, 1개, 1kg(특품) 할인45%29,000원 15,750원 (100g당 1,575원) 2/20 도착 예정 3.5 (67) 최대 788원 적립",,,,,
"죠리퐁, 138g, 3개 5,530원 (10g당 134원) 내일(일) 도착 보장 5 (29127) 최대 276원 적립",,,,,
[선물세트] 청춘농장 사과즙 30포,,,,,
[벨레이] 모데나 발사믹 DOP 엑스트라베키오,,,,,
"롯데햄 알뜰 소시지, 500g, 1개 2,380원 (10g당 48원) 내일(일) 새벽 도착 보장 5 (24598) 최대 119원 적립",,,,,
[슬로우글로우] 멀티비타민&미네랄 상큼 구미 (30일분),,,,,
"샤인머스캣, 500g, 1팩 4,600원 (100g당 920원) 내일(일) 새벽 도착 보장 4.5 (18905) 최대 230원 적립",,,,,
"르셀란테그라노토스칸 파로 엠머 밀 고대곡물, 2kg, 1개 19,900원 (100g당 995원) 내일(일) 도착 보장 5 (32162) 최대 995원 적립",,,,,
[선물세트] 청춘농장 무안 자색양파즙 30포,,,,,
[카스0.0] 논알콜 (500mL X 4캔),,,,,
[애슐리] 간편 원팩 갈릭 감바스,,,,,
[CU 픽업] 니콜라로씨뇰볼네,,,,,
"해들녘 무농약 고창황토 고구마, 1.5kg(중), 1개 9,750원 (100g당 650원) 내일(일) 새벽 도착 보장 4.5 (32232) 최대 488원 적립",,,,,
[6다이닝] 이베리코 14종 골라담기,,,,,
"파머스가든 스위트피클 슬라이스, 520g, 1개 4,300원 (10g당 83원) 내일(일) 도착 보장 4 (4568) 최대 215원 적립",,,,,
[유니드마이요거트] 유기농 그릭요거트 2종 (100g X 3개) (택1),,,,,
[라빈리커픽업][뱅베 내추럴특가] 티에리 베클레어 라 호수아흐 19 (와인),,,,,
[일품식탁] 맛단무지 250g,,,,,
"청정원 클래식 스테이크소스, 250g, 1개 8%3,880원 3,550원 (100g당 1,420원) 내일(일) 도착 보장 4.5 (7048) 최대 178원 적립",,,,,
[비비슨] 올웨이즈 써니 비타민D3 2000 IU 구미 (30일분),,,,,
[스팸] 클래식 200g x 3캔,,,,,
[해태] 오예스 쑥트로베리 360g,,,,,
[김소영 아티장의 안단테] 랑세 델리스 드 부르고뉴,,,,,
"셰프의장 최인선 셰프의 양념 순살꽃게장 (냉동), 250g, 1개 15,900원 (100g당 6,360원) 내일(일) 새벽 도착 보장 4.5 (11562) 최대 795원 적립",,,,,
"곰곰 쌀 튀김가루, 1kg, 1개 47%5,200원 2,710원 (100g당 271원) 내일(일) 도착 보장 5 (1623) 최대 135원 적립",,,,,
[청정원] 돼지갈비 양념장 2종,,,,,
[이호] 자연산 참돔 3종 (냉동) (택1),,,,,
[선미한과] 단청 강릉한과 1단 유과세트,,,,,
[은하수산] 부드러운 바다장어 400g (냉장),,,,,
"쿠킹스토리 아몬드 분말, 200g, 1개 5,860원 (100g당 2,930원) 내일(일) 도착 보장 5 (16327) 최대 293원 적립",,,,,
[로트벡쉔] 브레인 헬스 바이탈 1박스(10일분),,,,,
[어스맨] 무설탕 공정무역 히말라야 건체리 100g,,,,,
[네스프레소] 스톡홀름 룽고 커피 캡슐 10개입(110mL),,,,,
"시골김 참기름김 도시락김, 4g, 16개 5,900원 (10g당 922원) 내일(일) 도착 보장 5 (2149) 최대 295원 적립",,,,,
[셀렉티아] 홀 썸머 트러플,,,,,
"무료배송 푸드팜 해바라기씨, 1kg, 1개 7,800원 (100g당 780원) 2/10(화) 도착 예정 4.5 (7868) 최대 390원 적립",,,,,
"장연 순창 동물복지 인증 울안에 목초 왕란 1.02kg, 1개, 15구 8,600원 (1구당 573원) 내일(일) 새벽 도착 보장 5 (93) 최대 383원 적립",,,,,
[필라델피아] 크림치즈 플레인 190g,,,,,
"육공육 잠봉 슬라이스, 80g, 1개 50%5,980원 2,990원 (10g당 374원) 내일(일) 새벽 도착 보장 5 (9629) 최대 150원 적립",,,,,
[바다해] 두툼 조미쥐치포 230g,,,,,
"디벨라 토마토 퓨레, 680g, 1개 4,570원 (100g당 672원) 내일(일) 새벽 도착 보장 5 (9559) 최대 229원 적립",,,,,
[롯데햄] 의성마늘 순한 베이컨 140g,,,,,
[목우촌] 프라임 프랑크 250g*2,,,,,
[모모스커피] 커피 캡슐 5.5g X 10개입 4종(택1)(네스프레소 호환),,,,,
"카누 에스프레소 말차 라떼 커피믹스, 17.3g, 24개입, 1개 1%10,900원 10,780원 (10g당 260원) 내일(일) 도착 보장 새 상품, 반품-미개봉 (38) 최저9,900원 5 (5127) 최대 539원 적립",,,,,
[란다나] 1000일 숙성 고다 치즈,,,,,
[만전김] 한끼한포 스틱 김자반 7봉,,,,,
[커피리브레] 디카페인 드립백 (10g X 7개),,,,,
[심플잇] 파기름 볶음김치,,,,,
"곰곰 크림치즈 프레즐, 100g, 8개입, 1개 13,980원 (10g당 175원) 내일(일) 새벽 도착 보장 4.5 (12876) 최대 699원 적립",,,,,
"[전통주] 느린마을 늘봄 막걸리 6입 (6도, 750mL*6입)",,,,,
[얼티브] 프로틴 단백질 250mL 18입 4종 (택1),,,,,
유기농 케일 (즙용) 300g,,,,,
"나랑드사이다 제로 그린애플, 245ml, 30개 12,990원 (100ml당 177원) 내일(일) 도착 보장 새 상품, 반품-미개봉 (38) 최저9,200원 5 (12888) 최대 650원 적립",,,,,
[메디쏠라] 신장케어 식단 도시락 10종 (택1),,,,,
"오볶집 유기농 인증 생율, 150g, 1개 8,440원 (100g당 5,627원) 내일(일) 새벽 도착 보장 4.5 (786) 최대 422원 적립",,,,,
"농협식품 한우다시, 300g, 1개 25%7,980원 5,980원 (10g당 199원) 내일(일) 도착 보장 5 (812) 최대 299원 적립",,,,,
"삼립 밀크후레쉬팡, 560g, 1개입, 1개 7,480원 (10g당 134원) 내일(일) 새벽 도착 보장 5 (18635) 최대 374원 적립",,,,,
[1등급 한우] 절단 국거리용 200g (냉장),,,,,
친환경 노루궁뎅이 버섯 2입,,,,,
"오리온 예감 오리지널, 64g, 3개 3,680원 (10g당 192원) 내일(일) 새벽 도착 보장 5 (1206) 최대 184원 적립",,,,,
[브로드카세] 하이프로틴 무화과파운드케이크 480g,,,,,
[우드앤브릭] 바스크 치즈 케이크 2종,,,,,
[인텔리젠시아] 유기농 블렌디드 원두 200g 2종 (택1),,,,,
"맑은물에 국산 콩비지, 400g, 2개 5,680원 (100g당 710원) 내일(일) 새벽 도착 보장 4.5 (17419) 최대 251원 적립",,,,,
"초이스팜 건목이 버섯, 70g, 1개 3,990원 (100g당 5,700원) 내일(일) 도착 보장 4.5 (5099) 최대 200원 적립",,,,,
새바람 서리태 2종,,,,,
"정성식품 명이나물 (고형량 150g), 300g, 1개 4,380원 (10g당 146원) 내일(일) 새벽 도착 보장 4.5 (836) 최대 219원 적립",,,,,
"곰곰 김치왕만두 (냉동), 2.24kg, 1개 22%20,990원 16,200원 (100g당 723원) 내일(일) 새벽 도착 보장 4.5 (30699) 최대 760원 적립",,,,,
냉동 라즈베리 500g (폴란드산),,,,,
"곰곰 김자반, 70g, 4개 39%14,000원 8,490원 (10g당 303원) 내일(일) 새벽 도착 보장 5 (12603) 최대 425원 적립",,,,,
[고래주방] 한입꽃게 꼬치어묵전골,,,,,
[비움반찬] 마늘쫑건새우볶음,,,,,
"무료배송 천상의맛 고당도 산지직송 제주 노지감귤, 1박스, 5kg (로얄과) 할인33%38,370원 25,530원 (100g당 511원) 2/11(수) 도착 예정 5 (28) 최대 1,276원 적립",,,,,
[리고] 땅콩버터 천크 462g,,,,,
[CU 픽업] 오샤베리쿠지라나마,,,,,
"호밍스 맑은 닭곰탕, 450g, 2개 23%7,960원 6,060원 (100g당 673원) 내일(일) 도착 보장 4.5 (3897) 최대 303원 적립",,,,,
[CU 픽업] 프라팡샤또퐁피뇨XO,,,,,
[CU 픽업] 월계관스이카록720ml,,,,,
[서주] 소금 우유 크림 도넛 (95g X 4개),,,,,
[CU 픽업] 파고쿠에스타델에레로,,,,,
[솔가] 오메가3 700 (60일분),,,,,
"무료배송 하인즈 토마토 케찹, 907g, 3개 19,860원 (100g당 730원) 2/10(화) 도착 예정 5 (168242) 최대 993원 적립",,,,,
[BHC] 안심촉촉 치킨텐더,,,,,
"아이얌 과일칩, 12g, 4개 10,900원 (10g당 2,271원) 내일(일) 도착 보장 5 (6255) 최대 545원 적립",,,,,
"무료배송 [초고당도brix]재구매폭주 청송 부사사과, 1박스, 3kg (로얄과) 쿠폰할인5%19,090원 17,990원 (100g당 600원) 2/12(목) 도착 예정 5 (39) 최대 900원 적립",,,,,
[보난자커피] 드립백 12g X 5개 3종 (택1),,,,,
"그린스위트 카페시럽, 1.5L, 1개 4,640원 (100ml당 309원) 내일(일) 도착 보장 5 (13035) 최대 232원 적립",,,,,
"헬싱크 간이 딱맞는 맛있는 후리가케 후리카케 주먹밥후리카게, 1개, 140g 70%30,000원 8,900원 (10g당 636원) 내일(일) 도착 보장 5 (1578) 최대 445원 적립",,,,,
[CU 픽업] 로델리아 로사토,,,,,
"냉장고쏙 퀵 롤드 오트, 2.5kg, 1개 33%14,900원 9,900원 (100g당 396원) 내일(일) 도착 보장 4.5 (8428) 최대 495원 적립",,,,,
[널담] 고단백 배꼽베이글 7종 (4개입) (택1),,,,,
[얼티브] 균형영양식 2종 16입 190mL,,,,,
"하동품애 GAP 한단 설향 딸기 대과, 500g, 2팩 22,890원 (100g당 2,289원) 내일(일) 새벽 도착 보장 4.5 (18055) 최대 1,045원 적립",,,,,
[Picard] 믹스드 베지터블 가니쉬,,,,,
국내산 할라피뇨 고추 300g,,,,,
[자연에찬] 비지찌개 700g,,,,,
"팜스토리 국내산 소고기 다짐육 (냉장), 300g, 1개 52%20,990원 9,950원 (100g당 3,317원) 내일(일) 새벽 도착 보장 5 (2669) 최대 498원 적립",,,,,
"서울우유 커피, 200ml, 16개 15,280원 (100ml당 478원) 내일(일) 새벽 도착 보장 5 (71190) 최대 764원 적립",,,,,
[리틀 차이나] 짜장면 2인분 & 짬뽕 2인분 (택1),,,,,
"무료배송 셰프애찬 수제 청양 한우 맵짤이 다대기 땡초장, 1개, 250g 할인23%20,900원 16,050원 (100g당 6,420원) 2/10(화) 도착 예정 4.5 (794) 최대 794원 적립",,,,,
[벨지오이오소] 모짜렐라 로그 453g,,,,,
"곰곰 아메리카노 다크로스트, 1g, 100개입, 1개 47%20,060원 10,540원 (10g당 1,054원) 내일(일) 도착 보장 4.5 (15912) 최대 527원 적립",,,,,
[할리스] 바로 마시는 디카페인 아메리카노 1L,,,,,
"청정원 매운갈비 양념, 500g, 2개 18%7,580원 6,180원 (100g당 618원) 내일(일) 도착 보장 5 (11168) 최대 309원 적립",,,,,
"이디야 오리지널 아메리카노, 1g, 30개입, 1개 5,940원 (10g당 1,980원) 내일(일) 도착 보장 4.5 (56880) 최대 297원 적립",,,,,
[디딜향] 우리쌀 구워먹는 임실치즈 가래떡 500g,,,,,
"오뚜기 열라면 120g, 10개 1%7,160원 7,060원 (1개당 706원) 내일(일) 새벽 도착 보장 5 (26155) 최대 353원 적립",,,,,
"청정원 타르타르 드레싱 소스, 300g, 2개 쿠폰할인4%6,540원 6,270원 (100g당 1,045원) 내일(일) 도착 보장 4.5 (19671) 최대 314원 적립",,,,,
[쌍계명차] 프리미엄 미니청 5종세트,,,,,
[사조대림] 크라비아 90g*3개입,,,,,
"청정원 프리미엄 굴소스, 500g, 2개 45%14,500원 7,840원 (100g당 784원) 내일(일) 새벽 도착 보장 5 (14982) 최대 392원 적립",,,,,
"[전통주] 동강주조 스파클링 막걸리 얼떨결에 (6도, 935mL) (무아스파탐)",,,,,
[샘표] 100% 통참기름 & 통들기름 2종 (택1),,,,,
"사조참치 고추참치, 85g, 8개 44%17,980원 9,900원 (10g당 146원) 내일(일) 도착 보장 5 (36421) 최대 495원 적립",,,,,
[센터커피] 싱글 오리진 원두 210g (에티오피아 아리차 에이미/워시드),,,,,
"오뚜기 가벼운 참치 더마일드, 100g, 4개 7,070원 (10g당 177원) 내일(일) 새벽 도착 보장 5 (1071) 최대 354원 적립",,,,,
[베스처] 면역 & 트리플 프로폴리스+ (30일),,,,,
[CU 픽업] 로델리아 비앙코,,,,,
[청정원] 그레인보우 스리라차 치킨 (2개입),,,,,
"나랑드사이다 제로, 245ml, 60개 19%29,920원 24,150원 (100ml당 164원) 내일(일) 도착 보장 5 (192178) 최대 1,208원 적립",,,,,
"서울우유 더진한 그릭요거트, 100g, 4개 10,960원 (10g당 274원) 내일(일) 새벽 도착 보장 5 (21602) 최대 548원 적립",,,,,
[정미소] 국산 현미 쌀눈 500g,,,,,
[오설록] 러블리 티 박스 4종 선물세트,,,,,
[선물세트][김소영 아티장의 안단테] 레드와인과 어울리는 치즈세트,,,,,
[정지선의 티엔미미] 홍소우육탕면,,,,,
[선물세트] 전통주 양반안동소주 5년산 주전자+잔1 (50도 600mL),,,,,
"대구농산 혼합 17곡, 1kg, 1개 33%5,990원 3,980원 (100g당 398원) 내일(일) 도착 보장 4.5 (13266) 최대 199원 적립",,,,,
[베이비본죽] 중기 이유식 2종 (실온) (택1),,,,,
"무료배송 감사로담 씨드믹스 800g 호박씨 해바라기씨 아몬드슬라이스 대용량 견과류 믹스, 1개 할인33%14,900원 9,900원 (100g당 1,238원) 2/11(수) 도착 예정 4.5 (375) 최대 465원 적립",,,,,
"롯데칠성음료 잔칫집 식혜, 340ml, 24개 13,400원 (100ml당 164원) 내일(일) 도착 보장 5 (19902) 최대 670원 적립",,,,,
"호떡당 꿀호떡 (냉동), 70g, 1개, 5개입 6,900원 (10g당 197원) 내일(일) 새벽 도착 보장 4.5 (12530) 최대 295원 적립",,,,,
[KF365] 한돈 다짐육 600g (냉장),,,,,
[온기루] 모시송편 500g,,,,,
"담터 옥수수 수염차, 1.5g, 50개입, 1개 11%4,000원 3,550원 (10g당 473원) 내일(일) 도착 보장 5 (27338) 최대 178원 적립",,,,,
"퀸센스 멀티커버, 32cm, 1개 51%17,000원 8,200원 (1개당 8,200원) 내일(월) 도착 보장 새 상품, 반품 (6) 4.5 (1723) 최대 410원 적립",,,,,
[청오] 발아 볶음 국산 검정깨,,,,,
"건강한밥상 국산 찰흑미, 3kg, 1개 19%19,800원 15,900원 (100g당 530원) 내일(일) 도착 보장 4.5 (45449) 최대 795원 적립",,,,,
"부사 사과, 1개, 1.5kg(중과, 6~7입) 14,920원 (100g당 995원) 내일(일) 새벽 도착 보장 4 (1109) 최대 746원 적립",,,,,
"무료배송 상주특산물 곶감 반건시 선물세트 명절선물세트, 1kg (24-28과 개당30-45g), 1세트 쿠폰할인47%52,900원 27,640원 (100g당 2,764원) 2/11(수) 도착 예정 4.5 (263) 최대 1,382원 적립",,,,,
[CU 픽업] 이이찌고스페셜,,,,,
[슈퍼키친] 참깨소스닭가슴살버무리,,,,,
친환경 피망 2~3입,,,,,
"샘표 계란이 맛있어지는 간장, 1개, 200ml 6%5,380원 5,040원 (100ml당 2,520원) 내일(일) 새벽 도착 보장 5 (1932) 최대 252원 적립",,,,,
[Picard] 갈레트(50g*6),,,,,
"무료배송 베지밀 달콤한 비 두유, 190ml, 32개 30%30,400원 21,240원 (100ml당 349원) 2/10(화) 도착 예정 5 (69632) 최대 1,062원 적립",,,,,
"광천김 소문난 김가루, 70g, 2개 22%8,000원 6,200원 (10g당 443원) 내일(일) 도착 보장 4.5 (8882) 최대 310원 적립",,,,,
[라빈리커픽업][신년 특가] 콥케 10년 디켄터 패키지 (와인),,,,,
[김소영 아티장의 안단테] 노블 토닉 메이플 시럽 2종,,,,,
[우리쌀 왕호두] 앙버터 호두과자 (32g X 10개) (개별 포장),,,,,
[갓지은] 흑미견과찰떡  (50g X 8개입),,,,,
[하인즈] 아메리칸스타일 버거소스 230g,,,,,
[대상웰라이프] 헤이N 100% 유기농 푸룬즙 2종 (택1),,,,,
[드시모네] 프리미엄 플러스 선물세트 30포 X 2박스 (60일분) (+쇼핑백),,,,,
[프릳츠] 디카페인 드립백 (12g X 6개),,,,,
[베베쿡] 과일 쏙 곡물바 2종,,,,,
[근대골목단팥빵] 치즈라떼번 75g,,,,,
[오레오] 오레오 아이스크림 샌드위치 (110mL X 3개입),,,,,
[청정원] 꼬들단무지 220g,,,,,
[CU 픽업] 케이류준마이실프라,,,,,
[그리팅] 한우우거지탕 800g,,,,,
"이롬 황성주 박사의 국산콩 두유 무가당, 190ml, 16개 44%17,900원 10,000원 (100ml당 329원) 내일(일) 새벽 도착 보장 새 상품, 반품-미개봉 (2) 최저9,500원 5 (11436) 최대 500원 적립",,,,,
"이금기 치우챠우 칠리오일, 205g, 1개 6,980원 (100g당 3,405원) 내일(일) 도착 보장 4.5 (2462) 최대 349원 적립",,,,,
[전통주] 느린마을 증류주 파우치 (16.9도 180mL),,,,,
[감코리아] 곶감 쏙 5종 디저트 샘플러 ver.2,,,,,
"무료배송 야채삼촌 못난이 파프리카 혼합 파프리카 1kg 2KG 5KG, 1개 쿠폰할인8%19,650원 17,900원 (100g당 895원) 2/11(수) 도착 예정 4 (12500) 최대 895원 적립",,,,,
"무료배송 [최상급 원물] 제주 선물용 레드향 선물세트, 레드향 3kg, 1박스 쿠폰할인48%55,000원 28,600원 (100g당 953원) 2/10(화) 도착 예정 5 (192) 최대 1,430원 적립",,,,,
"타야스 담라 츄이 캔디, 850g, 1개 쿠폰할인20%10,000원 8,000원 (10g당 94원) 내일(일) 도착 보장 5 (889) 최대 400원 적립",,,,,
"아르벨라 스파게티, 500g, 6개 24%11,100원 8,330원 (100g당 278원) 내일(일) 도착 보장 5 (7378) 최대 416원 적립",,,,,
"파스퇴르 야채농장 유기농 과일야채주스, 190ml, 4개 4,980원 (100ml당 655원) 내일(일) 새벽 도착 보장 5 (11943) 최대 249원 적립",,,,,
"무료배송 장수왕 피호두 1kg 25년산 알호두 프리마제품 부럼 견과류, 1개 할인8%14,000원 12,770원 (100g당 1,277원) 2/10(화) 도착 예정 4.5 (170) 최대 639원 적립",,,,,
"무료배송 [산지초특가] 아삭하고 달콤한 국내산 구좌당근 당일발송, 1박스, 구좌당근 3kg(왕) 쿠폰할인81%28,440원 5,300원 (100g당 177원) 2/10(화) 도착 예정 4 (145) 최대 265원 적립",,,,,
"6다이닝 미국산 앞다리살 불고기/샤브샤브용 (냉동), 350g, 2개 18,900원 (100g당 2,700원) 내일(일) 새벽 도착 보장 5 (23201) 최대 945원 적립",,,,,
[설성목장] 한우 꼬리곰탕,,,,,
[그릭데이] 흑임자놀라 150g,,,,,
[닥터메타] 티컨트롤 요오드 1000 (60일분),,,,,
"오리온 마켓 오 다쿠아즈, 176g, 2개 7,700원 (10g당 219원) 내일(일) 도착 보장 4.5 (9648) 최대 385원 적립",,,,,
[기네스0.0] 논알콜 음료 (440mL x 4캔),,,,,
[비비고] 왕교자 455gx2개입,,,,,
[라빈리커픽업]토마시 아마로네 (와인),,,,,
[종근당] 잘자 수면건강 아쉬아간다 30일분,,,,,
"오뚜기 이금기 훠궈 마라탕 소스, 70g, 1개 쿠폰할인10%1,960원 1,750원 (100g당 2,500원) 내일(일) 새벽 도착 보장 4.5 (161) 최대 88원 적립",,,,,
[청숨] 통째로 갈아만든 유자,,,,,
[삼진어묵] NEW 꼬치사각,,,,,
[미카쿠토] 토쿠노 밀크 소프트 캔디 2종 (택1),,,,,
"무료배송 [완전할인] 고당도 서귀포 효돈감귤 밀감, 1개, 효돈직송 로얄과 10kg 쿠폰할인59%93,000원 37,800원 (100g당 378원) 2/14 도착 예정 3 (228) 최대 1,890원 적립",,,,,
"무료배송 미국산 무염 구운 피스타치오 500g 1kg, 1개 28,090원 (100g당 5,618원) 2/11(수) 도착 예정 5 (1) 최대 1,405원 적립",,,,,
[생미쉘] 미니 마들렝 (175g x 2개),,,,,
"엔요 유산균음료 플레인, 200ml, 48개 18,900원 (100ml당 197원) 내일(일) 도착 보장 5 (18951) 최대 945원 적립",,,,,
[라빈리커픽업] 테누타 오르넬라이아 22 (와인),,,,,
"곰곰 대추방울토마토, 1kg, 1개 7,790원 (100g당 779원) 내일(일) 새벽 도착 보장 4.5 (344418) 최대 390원 적립",,,,,
[소금집] 관찰레 120g (냉장),,,,,
[선물세트] 바로이즙 ABC 착즙주스 2종,,,,,
"한울 촉촉 고구마 스틱, 20g, 40개 37%60,000원 37,470원 (10g당 468원) 내일(일) 도착 보장 5 (13915) 최대 1,874원 적립",,,,,
"양반 들기름 도시락김, 4.5g, 48개 38%29,600원 18,130원 (10g당 839원) 910원 와우 가입 쿠폰 내일(일) 도착 보장 5 (122134) 최대 861원 적립",,,,,
[센터커피] 디카페인 콜드브루 300mL,,,,,
[오리온] 감자패밀리팩 대용량 180g (포카칩 & 스윙칩 & 오감자),,,,,
[면사랑] 프리미엄 메밀국수 2종,,,,,
[선물세트] 국산 자연산 대하 세트 3호 1kg (중),,,,,
[신키네도] 말차 스타롤 2종 (택1),,,,,
"오뚜기 생와사비, 43g, 1개 할인22%4,180원 3,250원 (10g당 756원) 내일(일) 도착 보장 4.5 (3493) 최대 163원 적립",,,,,
"[전통주] 호감 (6도,370mL) (6도 370ml)",,,,,
[크라운] 마이쮸 딸기 & 핑크리치 메가팩 720g,,,,,
[선물세트] 전통주 우희열명인 한산소곡주 어주 (18도 700mL),,,,,
[필라델피아] 크림치즈 포션 허브 (16.67g X 6입),,,,,
[담양갈비창고] 주먹떡갈비 130gx3입,,,,,
[와인앤모어픽업]샹파뉴 그롱네 까르페 디엠 브륏 ((와인)),,,,,
[나폴레옹] 모카 롤케이크 350g,,,,,
[백설] 밥이랑 후리가케 4종,,,,,
"사조참치 고추참치, 85g, 8개 44%17,980원 9,900원 (10g당 146원) 내일(일) 도착 보장 5 (36423) 최대 495원 적립",,,,,
[위아바임] 마그아연 & 킬 스트레스 (7일분),,,,,
[코우카키스] 과일 그릭 요거트 150g 3종 (택1),,,,,
"온가족 그릭요거트, 100g, 2개 5,760원 (10g당 288원) 내일(일) 새벽 도착 보장 5 (16113) 최대 288원 적립",,,,,
[CU 픽업] 몽그라스MG까쇼 750ml,,,,,
[조선델리] 에그베이컨 브리오슈 샌드위치 (2입),,,,,
[밀도] 로얄저지우유식빵 480g,,,,,
[푸드올로지] 톡스올로지 클렌즈 비움 PRO (3일분),,,,,
[베베쿡] 바르게 만든 로제미트볼,,,,,
[바름팜] 영암 무농약 꿀고구마 1.5kg,,,,,
[CU 픽업] 하쿠타케쿠마몽 900ml,,,,,
"무료배송 CJ프레시웨이 이츠웰 맛있는 냉동 블루베리, 3개, 1kg 21%37,900원 29,900원 (100g당 997원) 2/10(화) 도착 예정 4.5 (7510) 최대 1,495원 적립",,,,,
[푸디버디] 어린이 볶음밥 2개입 8종 (택2),,,,,
[해찬들] 맛있는 재래식 된장 500g,,,,,
[비비고] 김치 왕교자 만두 대용량 1.05kg,,,,,
[차려낸] 비법 간장 양념 메추리알 장조림 1kg,,,,,
[모현상회] 반마리 대광어회 390g (냉장),,,,,
"유명산지 경남단감 특대과 5입, 1.25kg, 1개 7,660원 (100g당 613원) 내일(일) 새벽 도착 보장 4.5 (20865) 최대 383원 적립",,,,,
[선물세트][라빈리커픽업] 전통주 솔송주 와당 세트 (13도 700mL),,,,,
[닥터랩노쉬] 혈당관리 다이어트 혈당슬림컷 (30일분),,,,,
"강고집 1초 육수완성 육수한포, 1개, 80g 11%8,900원 7,900원 (100g당 9,875원) 내일(일) 도착 보장 5 (2242) 최대 395원 적립",,,,,
"샘표 매콤칼칼 샤브샤브 육수, 200g, 3개 22%8,940원 6,900원 (10g당 115원) 내일(일) 도착 보장 5 (857) 최대 345원 적립",,,,,
"[선물세트] 전통주 오매락퍽 (40도, 500mL)",,,,,
"무료배송 KB farm 계란 명품인증 달걀 무항생제 달걀 왕란 30구, 1개 30%20,000원 14,000원 (1구당 467원) 2/10(화) 도착 예정 4.5 (1374) 최대 700원 적립",,,,,
[포미] 스트레인드 토마토 소스 200g x 3입,,,,,
[전통주] 요새로제 (6.4도 750mL),,,,,
"무료배송 통삼겹살 캠핑용 바베큐 구이용 보쌈용 2kg, 1개 할인14%31,500원 26,880원 (100g당 1,344원) 2/10(화) 도착 예정 4.5 (7882) 최대 1,344원 적립",,,,,
[설탕대신] 스테비아 과일잼 3종 (택1),,,,,
[프로틴방앗간] 하루단백바 제트 2종 (택1),,,,,
[정관장] 에브리타임 샷 (20일분) + (리본포장 & 쇼핑백증정),,,,,
[널담] 고단백 저당 네모바게트 3종 (90g X 4개) (택1),,,,,
[샹달프] 과일잼 4종 선물세트(284gx4종),,,,,
"로아커 웨하스 미니스 믹스, 400g, 1개 14,170원 (10g당 354원) 내일(일) 도착 보장 5 (162) 최대 709원 적립",,,,,
[수산곳간] 부드러운 컷팅장족,,,,,
"만전김 슈퍼초이스 명란 김자반, 40g, 1개 2,200원 (10g당 550원) 내일(일) 도착 보장 4.5 (213) 최대 100원 적립",,,,,
"롯데웰푸드 미니 크런키, 171g, 1개 쿠폰할인7%6,070원 5,600원 (10g당 327원) 내일(일) 새벽 도착 보장 5 (1323) 최대 280원 적립",,,,,
[선데이잼] 치아씨드잼 3종 (택1),,,,,
[풀무원] 생선구이 3종 (택1),,,,,
[원에이커팜] 친환경 GAP 와일드 루꼴라 50g,,,,,
[포트'럭] 손질 물메기 600g (생물),,,,,
"클룹 애사비소다 오리지널, 500ml, 24개 65%72,000원 24,500원 (100ml당 204원) 내일(일) 도착 보장 5 (22961) 최대 1,225원 적립",,,,,
[하이포크] 한돈 앞다리 찌개용 500g (냉장),,,,,
[아미카] 엘도라다 포테이토칩 대용량  400g,,,,,
"햇반 발아현미밥, 130g, 36개 61%81,000원 31,410원 (100g당 671원) 내일(일) 도착 보장 5 (95502) 최대 1,570원 적립",,,,,
[진가네반찬] 통계란말이 400g (대용량),,,,,
[목우촌] 주부9단 프랑크 230g,,,,,
[존쿡델리미트] 미니 미트 스낵 4종 (택1),,,,,
"무료배송 농부곡간 캐나다산 귀리, 5kg, 1개 16,860원 (100g당 337원) 2/12(목) 도착 예정 5 (2283) 최대 843원 적립",,,,,
"무료배송 스파클 생수 무라벨, 200ml, 30개 할인33%10,000원 6,690원 (100ml당 112원) 2/10(화) 도착 예정 5 (545301) 최대 335원 적립",,,,,
"일동후디스 유기가공식품 인증 유기농 그릭요거트 달지않은 플레인, 450g, 1개 7,150원 (10g당 159원) 내일(일) 새벽 도착 보장 5 (879) 최대 358원 적립",,,,,
[피코크] 우리집 순두부찌개,,,,,
"청정원 명가 소불고기 양념, 500g, 1개 7%3,400원 3,130원 (100g당 626원) 내일(일) 새벽 도착 보장 5 (3831) 최대 156원 적립",,,,,
"델몬트 허니글로우 파인스틱 4입, 360g, 1개 14%6,990원 5,990원 (100g당 1,664원) 내일(일) 새벽 도착 보장 5 (16709) 최대 300원 적립",,,,,
"국산 100% 미담식품 깊고 구수한 돼지감자차 티백, 1g, 1개, 100개입 할인68%49,700원 15,900원 (10g당 1,590원) 내일(일) 도착 보장 5 (647) 최대 795원 적립",,,,,
"무료배송 세모수 밥도둑 낙지젓, 1kg, 1개 23%29,900원 22,900원 (10g당 229원) 2/10(화) 도착 예정 4.5 (7993) 최대 1,030원 적립",,,,,
"오뚜기 하이라이스 소스, 1개, 100g 1,420원 (100g당 1,420원) 내일(일) 새벽 도착 보장 5 (982) 최대 71원 적립",,,,,
[탄단지] 고단백 식단 도시락 4종 (택1),,,,,
[성수동분식] 떡볶이용 모둠튀김 430g,,,,,
[도드람한돈] 1등급 뒷다리 스마트팩 다짐육 600g(200g*3),,,,,
"포켓커피 페레로 초콜릿 5p, 62.5g, 2개 10,200원 (10g당 816원) 내일(일) 도착 보장 4.5 (3301) 최대 510원 적립",,,,,
[선물세트][라빈리커픽업] 전통주 한주양조 매화세트 (35도 70mL),,,,,
[유기방아] 현미 가래떡(냉동) 500g,,,,,
"무료배송 제주갈치 산지직송 손질 은갈치, 대(300g이상) 2마리 8팩, 1개 9%43,000원 39,000원 (100g당 13,000원) 2/10(화) 도착 예정 4.5 (4347) 최대 1,950원 적립",,,,,
[비첸향] 미니이지 포크 275g,,,,,
"팔도일품 해물라면 115g, 5개 4,520원 (1개당 904원) 내일(일) 새벽 도착 보장 5 (1544) 최대 226원 적립",,,,,
"움트리 실장님 회초장, 1kg, 1개 4,790원 (100g당 479원) 내일(일) 도착 보장 5 (35504) 최대 240원 적립",,,,,
[쌜모네키친] 오로라 생연어장 2종 (택1),,,,,
[로이드] 레몬 블랙티 (1.7g X 20개),,,,,
"무료배송 원더풀피스타치오 무염, 150g, 1개 11,480원 (100g당 7,653원) 2/12(목) 도착 예정 5 (6225) 최대 574원 적립",,,,,
14brix이상 못생겨도 맛있는 사과 1.5kg,,,,,
"국내산 냉이, 2개 9,660원 (100g당 3,220원) 내일(일) 새벽 도착 보장 4.5 (6520) 최대 483원 적립",,,,,
[동원] 매운고추참치 90g x 4캔,,,,,
친환경 청경채 2종,,,,,
"무료배송 그대로푸드 생 알 땅콩, 1kg, 1개 할인34%22,800원 14,990원 (100g당 1,499원) 2/10(화) 도착 예정 4.5 (4002) 최대 710원 적립",,,,,
"무료배송 [루루축산] 왕목살 덩어리 2kg (원육) 수입돼지고기, 1팩 할인16%23,900원 20,040원 (100g당 1,002원) 2/10(화) 도착 예정 4.5 (6573) 최대 1,002원 적립",,,,,
"곰곰 완숙 토마토, 1.5kg, 1개 8,050원 (100g당 537원) 내일(일) 새벽 도착 보장 4.5 (192968) 최대 403원 적립",,,,,
[CU 픽업] 더그레그라피노타쥐19,,,,,
[샐러드판다] 모닝빵 샌드위치 (2입) 3종,,,,,
"쌍계명차 김동곤 명인이 만든 도라지차, 700mg, 40개입, 2개 8,160원 (10g당 1,457원) 내일(일) 도착 보장 4.5 (3799) 최대 408원 적립",,,,,
[CU 픽업] 몬테네그로,,,,,
"오리온 고소미, 70g, 6개 5,740원 (10g당 137원) 내일(일) 도착 보장 5 (14991) 최대 287원 적립",,,,,
[샐러드판다] 두유면 샐러드 3종(택1),,,,,
"미니 새송이버섯, 300g, 2개 2,690원 (100g당 448원) 내일(일) 새벽 도착 보장 5 (8987) 최대 135원 적립",,,,,
[SEMIWON] 왕하가우,,,,,
[대상웰라이프] 뉴케어 올프로틴 고소한맛 245ml (24일분),,,,,
[정관장] 에브리타임 샷 (20일분)(+쇼핑백증정),,,,,
[밀키요] 스퀴징 요거트 블루베리 (120mL X 3개),,,,,
[그리팅키즈] 치킨 망고 카레 소스,,,,,
[해표] 식용유 900mL,,,,,
[바이오가이아] 프로텍티스 타블렛 비타민D+ (30일분),,,,,
[나뚜루] 더 그린티 에디션 474mL 3종,,,,,
[꿀마실] 아카시아 야생화 스틱 선물세트 30포,,,,,
[본마망] 마론크림 (밤스프레드) 225g,,,,,
[롯데] 롤리팝 아이스 원통형 11g X 60개입,,,,,
[피스피스] 카라멜치즈파이 100g,,,,,
"영주마실 사과 소과 5~6개입, 2개, 1kg 18,150원 (100g당 908원) 내일(일) 새벽 도착 보장 4.5 (6899) 최대 808원 적립",,,,,
초당이 볼 도너츠 3종 (80g X 3개) (택1),,,,,
"아사히 민티아 콜드 스매시 50정 (10개 세트), 7g, 10개 할인10%13,190원 11,870원 (10g당 1,696원) 2/11(수) 도착 예정 5 (1447) 최대 594원 적립",,,,,
[맑은물에] 순두부 400g*2개입,,,,,
[CU 픽업] 벨에뚜왈루미너스로제,,,,,
[선물세트] 제주 옥돔 (대) 세트 2kg,,,,,
[KF365] 유기농 백미 4kg,,,,,
[오뚜기] 컵누들 김치쌀국수 6입,,,,,
유기농 담음 신동진 쌀 2kg,,,,,
[CU 픽업] 본샹스모스카토6본입,,,,,
[일상味소] 토마호크 550g (냉동),,,,,
더라이스 골든퀸  4kg,,,,,
"[전통주] 느린마을 복분자꽃 세트 (6도 750mL*2입,12도 80mL*2입)",,,,,
[CU 픽업] 필스너우르켈병24입,,,,,
[시골보쌈과 감자옹심이] 장칼국수 (2인분),,,,,
"무료배송 1+1 청도 반건시 곶감 (총2세트) 선물세트 행사특가, 2박스, 600g(20입/소과) 29,000원 (100g당 48,333원) 2/11(수) 도착 예정 4.5 (287) 최대 1,450원 적립",,,,,
[홍쌍리] 청매실 감로매 350g,,,,,
[풀무원] 다진마늘 2종,,,,,
"소안도 프리미엄 구운 김밥김, 130g, 1개입, 1개 12,990원 (10g당 999원) 내일(일) 새벽 도착 보장 5 (25537) 최대 600원 적립",,,,,
제주 방울양배추 300g,,,,,
"무료배송 샤인머스켓 당도선별 신선365, 1박스, 1.8kg~2kg 할인53%30,000원 13,900원 (100g당 772원) 2/10(화) 도착 예정 5 (118) 최대 695원 적립",,,,,
[크래프트 하인즈] 아보카도오일 마요네즈 354mL,,,,,
[CU 픽업]K1어텀하베스트리슬링,,,,,
[사랑과정성] 돈가스소스,,,,,
참치회 슬라이스 120g 4종 (냉동) (택1),,,,,
[FELT] 블렌드 디카페인 원두 200g,,,,,
"카페베네 카페라떼, 200ml, 20개 14,990원 (100ml당 375원) 내일(일) 새벽 도착 보장 5 (10553) 최대 750원 적립",,,,,
"오뚜기 스낵면 108g, 10개 6,260원 (1개당 626원) 내일(일) 새벽 도착 보장 5 (13718) 최대 313원 적립",,,,,
친환경 다진마늘 180g,,,,,
[씨알로] 뽀로로 초코쌀별 쌀 시리얼 450g,,,,,
[CU 픽업] 브라운브라더스모스카,,,,,
[CU 픽업] 파르셀라스 로사도,,,,,
"풀무원 평양왕만두 (냉동), 1.4kg, 1개 14%13,980원 11,980원 (100g당 856원) 내일(일) 새벽 도착 보장 5 (8435) 최대 599원 적립",,,,,
[백설] 허니머스터드 소스 250g,,,,,
[메종엠오] 가또 오 브루 450g,,,,,
"귤탐 당도선별 11brix 하우스감귤, 2kg(로열과), 1개 20,880원 (100g당 1,044원) 내일(일) 새벽 도착 보장 4.5 (232994) 최대 1,044원 적립",,,,,
"무료배송 상들농원 상주곶감 가정용 실속형 곶감 산지직송, 200g, 1개 쿠폰할인41%15,000원 8,800원 (100g당 4,400원) 2/10(화) 도착 예정 4.5 (195) 최대 440원 적립",,,,,
[프릳츠] 드립백 (12g X 6개),,,,,
[KF365] 생 등심 치즈돈까스 4입 400g (냉장),,,,,
[마음이가] 우리쌀 떡국떡 500g,,,,,
[넛츠앤베리스] 건크랜베리 150g,,,,,
"무료배송 [하루견과]프리미엄베리스/호두 아몬드 크랜베리 견과류 영양간식 썬넛트, 100개, 25g 68,900원 (100g당 2,756원) 2/11(수) 도착 예정 5 (101) 최대 3,445원 적립",,,,,
[주전부리마켓] 오동통 담백한 쥐포,,,,,
[성수동 팩피 : FAGP] 인기 파스타 2종 (택1),,,,,
"요리락 양념 소 LA 갈비, 800g, 1개 할인37%39,900원 24,990원 (100g당 3,124원) 내일(일) 새벽 도착 보장 4.5 (8676) 최대 1,249원 적립",,,,,
"바른곡물 국산 찰흑미, 1kg, 1개 44%10,700원 5,980원 (100g당 598원) 내일(일) 도착 보장 4.5 (3751) 최대 299원 적립",,,,,
냉동 딸기 1kg (국산),,,,,
"동원참치 고추 참치, 150g, 4개 44%15,120원 8,320원 (10g당 139원) 내일(일) 새벽 도착 보장 5 (829) 최대 416원 적립",,,,,
[트롤리]미니버거 600g(60입/대용량),,,,,
조정치 팝콘 70g,,,,,
"다시다 쇠고기, 750g, 1개 14%18,360원 15,610원 (10g당 208원) 내일(일) 도착 보장 5 (78624) 최대 780원 적립",,,,,
"감미인 아이스홍시 8개입 (냉동), 560g, 1개 7,860원 (100g당 1,404원) 내일(일) 새벽 도착 보장 5 (3518) 최대 393원 적립",,,,,
[유토피아] 매콤 금게 간장게장,,,,,
[CU 픽업] 디카이퍼트리플섹,,,,,
[켈로그] 콘푸로스트 라이트 530g,,,,,
"올가홀푸드 저온 로스팅 한봉견과 30p 세트 600g, 1세트 12%26,000원 22,860원 (1세트당 22,860원) 내일(일) 도착 보장 5 (39) 최대 971원 적립",,,,,
"곰곰 손질된 가리비 관자살 (냉동), 200g, 1개 49%9,990원 5,050원 (100g당 2,525원) 내일(일) 새벽 도착 보장 4.5 (5274) 최대 253원 적립",,,,,
"대구농산 건강한 밥상 혼합 26곡, 2kg, 1개 33%8,980원 5,980원 (100g당 299원) 내일(일) 도착 보장 4.5 (25724) 최대 299원 적립",,,,,
[샘표] 순작 유기농 옥수수차 (10g X 30개),,,,,
[오뚜기] 저당 케찹 290g,,,,,
[오뚜기] 중국식18mm 넓은당면 300g,,,,,
"비비드키친 저칼로리 비빔장, 1개, 280g 3,910원 (100g당 1,396원) 내일(일) 새벽 도착 보장 5 (10365) 최대 195원 적립",,,,,
[그리팅키즈] 촉촉 소불고기 180g,,,,,
[종근당건강] 코큐텐 맥스 (30일분),,,,,
[미자언니네] 고구마 단호박 샐러드,,,,,
[데체코] 토마토 파스타소스 400g 3종,,,,,
[청오] 국내산 발아 참기름 & 들기름 3종,,,,,
"무료배송 일리 디카프 디카페인 캡슐커피, 6.7g, 21개입, 2개 72%177,420원 49,040원 (10g당 1,743원) 2/13(금) 도착 예정 5 (12321) 최대 2,452원 적립",,,,,
"오븐에 구운 마들렌, 23g, 12개입, 1개 6,980원 (10g당 253원) 내일(일) 새벽 도착 보장 4.5 (2096) 최대 349원 적립",,,,,
"감성시장 하루견과 더 오리지널 믹스넛, 20g, 30개 25%27,900원 20,900원 (100g당 3,483원) 내일(일) 도착 보장 4.5 (2559) 최대 1,045원 적립",,,,,
[샘표] 우리엄마 반찬 8종,,,,,
[포트'럭] 대광어 지느러미회 (엔가와) 100g (냉장),,,,,
"오트몬드 초코, 190ml, 24개 15,500원 (100ml당 340원) 내일(일) 도착 보장 5 (792) 최대 775원 적립",,,,,
[청오] 유기농10곡 혼합곡 500g,,,,,
[만월회] 라떼 원액 베이스 4종 (50mL X 4개) (택1),,,,,
[전통주] 애피소드 상그리아 (3.5도 275mL),,,,,
"트루스위트 알룰로스, 535g, 1개 33%11,200원 7,480원 (100g당 1,398원) 내일(일) 도착 보장 5 (35880) 최대 318원 적립",,,,,
"무료배송 조청유과, 96g, 5개 8,290원 (10g당 173원) 2/10(화) 도착 예정 5 (15392) 최대 415원 적립",,,,,
"웰치스 제로 그레이프맛, 355ml, 6개 5,040원 (100ml당 237원) 내일(일) 새벽 도착 보장 5 (2455) 최대 252원 적립",,,,,
"챠챠 해바라기씨 양념맛, 260g, 6개 13,680원 (100g당 877원) 2/11(수) 도착 예정 5 (23075) 최대 684원 적립",,,,,
"[선물세트] 전통주 자자연연 3호 (12도, 375ml * 3입)",,,,,
"무료배송 솔티스 혈관 클리어 세트 콜레스테롤 혈당 개선, 95g, 1박스 59%72,800원 29,800원 (10g당 3,137원) 2/12(목) 도착 예정 4.5 (840) 최대 1,490원 적립",,,,,
[알토리] 국내산 맛밤 50g*3개,,,,,
"곰곰 엿기름가루, 500g, 1개 32%6,890원 4,630원 (100g당 926원) 내일(일) 도착 보장 5 (404) 최대 220원 적립",,,,,
[Kurly's] 샌드위치용 달걀듬뿍 샐러드 500g,,,,,
"맘란 무항생제 인증 폴리페놀 나노코팅 1등급 특란 1800g, 30구, 1팩 11,680원 (1구당 389원) 내일(일) 새벽 도착 보장 4.5 (1414) 최대 584원 적립",,,,,
[올리타리아] 모데나 발사믹 식초 5그레이프,,,,,
"일가집 김밥용 우엉 80g + 단무지 170g, 250g, 1세트 3,640원 (100g당 1,456원) 내일(일) 새벽 도착 보장 5 (3219) 최대 182원 적립",,,,,
[천지양] 활력 침향환 스틱 30포,,,,,
"무료배송 특등품 구룡포 햇 과메기 포항 완전손질, 과메기 10미(20쪽), 1개 45%34,900원 18,900원 2/10(화) 도착 예정 4.5 (229) 최대 945원 적립",,,,,
[목우촌목장] 국내산 소고기 채끝 250g,,,,,
[몽크슈] 저당 과일잼 with 알룰로스 2종 (택1),,,,,
"무료배송 [마진포기세일]좋은가격 꿀가득 농장직송 최고당도 못난이사과, 1박스, 3kg 쿠폰할인49%22,900원 11,500원 (100g당 383원) 2/12(목) 도착 예정 4 (50) 최대 575원 적립",,,,,
[카누] 룽고 커피 캡슐 2종(택1)(네스프레소 호환),,,,,
[라빈리커픽업][신년 특가] 베르나르 드페 샤블리 23 (와인),,,,,
"불닭볶음면 까르보 130g, 4개 4%5,980원 5,730원 (1개당 1,433원) 내일(일) 도착 보장 5 (48702) 최대 286원 적립",,,,,
"풀무원 몽글몽글 옛 순두부, 450g, 2개 3,580원 (100g당 398원) 내일(일) 새벽 도착 보장 5 (8848) 최대 179원 적립",,,,,
[선물세트] La bocca 밤 파이 6구 세트 480g,,,,,
[포트'럭] 국산 새우 소금구이 500g (냉동),,,,,
[26년 설] [CU 픽업] 엔젤스엔비잔세트,,,,,
[닥터포이] 웰키커 어린이 철분 앤 비타민C (60일분),,,,,
[더라이스] 특등급 미호 8kg,,,,,
[샘표] 연두링 2종 (4gx20입),,,,,
[오뚜기] 옛날 고추맛기름 80mL,,,,,
"국내산 신안 시금치, 200g, 2봉 6,590원 (100g당 1,648원) 내일(일) 새벽 도착 보장 4.5 (4610) 최대 330원 적립",,,,,
[성경김] 두번구운 곱창김 15g X 3봉,,,,,
"무료배송 멸치원 남해안 통영 국물용 햇 다시멸치 육수용멸치 실속형멸치(식당용/알뜰), 1박스, 1.5kg 할인24%14,900원 11,260원 (100g당 751원) 2/10(화) 도착 예정 4 (580) 최대 557원 적립",,,,,
"무료배송 [판매1위!!!] 피스타치오 무염 탈각 피스타치오 구운 피스타치오 견과류 피스타치오 분태 두바이 쫀득쿠키 재료 포장 랜덤 증정, 2개, 250g 할인20%48,900원 38,900원 (100g당 7,780원) 2/23 도착 예정 5 (20) 최대 1,945원 적립",,,,,
[백설] 바로먹는 갈비양념 490g,,,,,
[수산곳간] 삼천포에서 만든 통통 명태알포 180g,,,,,
"무료배송 고기는 고기고 육즙가득 소고기 모듬팩 안창살+갈비살+토시살+우삼겹, 1개, 1kg 쿠폰할인27%35,900원 26,080원 (100g당 2,608원) 2/10(화) 도착 예정 4.5 (2596) 최대 1,304원 적립",,,,,
[남양] 초코에몽 (190mL X 4개입),,,,,
[CU 픽업] 프라팡1270 700ml,,,,,
[닥터유] 프로 단백질바 3종 560g (택1),,,,,
"무료배송 천하일품 서귀포 제철 감귤, 1개, 13.감귤 10kg 중대과(L/2L) 쿠폰할인56%65,900원 28,400원 (100g당 284원) 2/12(목) 도착 예정 4 (16475) 최대 1,420원 적립",,,,,
[오바네야]무 말랭이 다시마 절임,,,,,
"백설 핫케익믹스, 1kg, 1개 20%5,280원 4,220원 (10g당 42원) 내일(일) 도착 보장 5 (18952) 최대 211원 적립",,,,,
"신라명과 단팥빵, 90g, 1개입, 2개 3,840원 (10g당 213원) 내일(일) 새벽 도착 보장 4.5 (26367) 최대 192원 적립",,,,,
[페레로] 로쉐 18개입 틴케이스,,,,,
[신사동 포노 부오노] 히든 천재의 이탈리안 토마토 미트볼,,,,,
[광령] 제주 꽃멸치양념젓 2종 (택1),,,,,
"동원 노르웨이 생연어, 500g, 1개 28%34,900원 24,900원 (100g당 4,980원) 내일(일) 새벽 도착 보장 4.5 (22805) 최대 1,195원 적립",,,,,
[가시제거연구소] 삼치밥상 800g (7-8개입),,,,,
"무료배송 지훈이네 부사 흠과 주스용사과 랜덤과, 1개, 주스용 부사사과 실중량10kg 랜덤과 37%35,000원 21,900원 (100g당 219원) 2/12(목) 도착 예정 4.5 (181) 최대 1,095원 적립",,,,,
[이금선명인] 꼴뚜기젓 160g,,,,,
[Graze Cattle]자유방목 호주산 앞다리 다짐육 200g,,,,,
[스타벅스] 대용량 원두 1.13kg 2종(택1),,,,,
"맛군 아이스 엿구마 (냉동), 150g, 1개입, 6개 15,900원 (10g당 177원) 내일(일) 새벽 도착 보장 5 (5753) 최대 795원 적립",,,,,
[아티장 비스킷] 치즈 크래커 2종,,,,,
[전통주] 경탁주 믹스팩 (오리지널2*로제2),,,,,
[청춘농장] 정직한 호박즙 30포,,,,,
[KF365] 기본에 충실한 하루견과 한달 선물세트 (20g*14개입*2세트),,,,,
[농심] 빵부장 초코빵 55g,,,,,
"삼립 쫄깃한 잉글리쉬머핀 4개입 (냉동), 240g, 2개 4,500원 (10g당 94원) 내일(일) 새벽 도착 보장 5 (2187) 최대 225원 적립",,,,,
[수산곳간] 청양마요 어포튀각 130g,,,,,
[빙그레] 바나나맛 우유 mini (120mL X 24개),,,,,
[목우촌] 주부9단 불에구운 김밥햄 260g(130g*2),,,,,
[풀무원] 정통순두부찌개양념 140g * 4개입,,,,,
전주산채나물 비빔밥 채소 30g,,,,,
"동원 옥수수수염차, 1.5L, 12개 11,900원 (100ml당 66원) 내일(일) 도착 보장 5 (19530) 최대 505원 적립",,,,,
[오뗄블랙라벨] 에센프리마,,,,,
[신라명과] 마드렌 (15gX10개),,,,,
"고고새우 바지락살 (냉동), 500g, 2개 9,490원 (100g당 949원) 내일(일) 새벽 도착 보장 4.5 (1163) 최대 400원 적립",,,,,
[미자언니네] 백암 순대국 (2인분),,,,,
[롯데] 제로 크런치 초코볼 140g,,,,,
[자연공유] 곤약 쫀득이 20개입,,,,,
"삼양라면 120g, 10개 7%7,360원 6,790원 (1개당 679원) 내일(일) 새벽 도착 보장 5 (33130) 최대 340원 적립",,,,,
[아그로수퍼] 수입산 돼지고기 목살 구이용 600g(냉동),,,,,
"곰곰 논오일오리엔탈드레싱, 270g, 1개 2,300원 (100g당 852원) 내일(일) 새벽 도착 보장 5 (7202) 최대 115원 적립",,,,,
[샘표] 계란이 맛있어지는 간장,,,,,
[우주인피자] 통통 옥수수 피자,,,,,
[셀렉티아] 트러플 카르파초 75g  (트러플함량 60%),,,,,
[빕스] 통닭다리 직화구이 2종 360g (2입),,,,,
[동원] 바른어묵 85% 사각 2종 (갈치/실꼬리돔),,,,,
[경복궁 Black] 영양 삼계탕,,,,,
[슈퍼너츠] 100% 땅콩버터 대용량 2종 (택1),,,,,
[테라로사] 하우스 드립 블렌드 원두 250g,,,,,
[해태] 칸츄리콘 150g,,,,,
[명동옥] 맑은 설렁탕,,,,,
[김정환홍삼] 김정환홍삼액 14포,,,,,
[골라담기] KF365 인기 고기 반찬 11종 (택1),,,,,
[빙그레] 요플레 라이트 딸기 (80g X 6개),,,,,
"[푸드올로지] 클렌즈 48시간 1,000ml (3종 중 택 1)",,,,,
[선물세트] 조선호텔 1+ 한우 오마카세 세트 (냉장) (예약일 수령),,,,,
[슈퍼키친] 달걀듬뿍 김밥키트 (지단채&당근라페) 450g,,,,,
[CU 픽업] 카르멘WM리저브레드,,,,,
[만선] 손질 가자미살 500g (냉동),,,,,
[덴프스] 덴마크 유산균이야기 선물세트 (150일분) +(쇼핑백 증정),,,,,
[비락] 올바른 무항생제 흰우유 (110mL X 18개),,,,,
"머거본 칼몬드, 150g, 2개 10,480원 (100g당 3,493원) 내일(일) 도착 보장 5 (11833) 최대 524원 적립",,,,,
[우주인피자] 마르게리따,,,,,
[사조대림] 야채듬뿍 김밥어묵 100g,,,,,
"네스카페수프리모 아메리카노 블랙, 100g, 1개입, 1개 7%10,900원 10,030원 (10g당 1,003원) 내일(일) 도착 보장 5 (13936) 최대 501원 적립",,,,,
"무료배송 양평서울 한우해장국 700g x 8팩 총 5.6kg, 8개 24%49,900원 37,750원 (100g당 674원) 2/10(화) 도착 예정 4 (664) 최대 1,888원 적립",,,,,
[네스프레소] 니카라과 커피 캡슐 10개입(40mL or 110mL),,,,,
"틈새라면 고기짬뽕 120g, 4개 5,250원 (1개당 1,313원) 내일(일) 도착 보장 5 (6457) 최대 263원 적립",,,,,
"풀무원 소가 부침두부, 290g, 1개 1,510원 (100g당 521원) 내일(일) 새벽 도착 보장 5 (11179) 최대 75원 적립",,,,,
[dole] 후룻볼 트로피칼 4입팩,,,,,
[김소영 아티장의 안단테] 노블 토닉 캐모마일과 바닐라를 넣은 메이플시럽 2종,,,,,
"주비푸드 초데리 소스, 260g, 1개 3,700원 (100g당 1,423원) 내일(일) 새벽 도착 보장 5 (1389) 최대 185원 적립",,,,,
[CU 픽업] 47AD민트750ml,,,,,
[비비고] 육개장 500g,,,,,
[오쏘몰X사브르] 바이탈 F(14일분) +사브르 샐러드포크 2개 세트 (쇼핑백증정),,,,,
[유로푸드] 이탈리아 유기농 레몬 주스 100% 3종 (택1),,,,,
"곰곰 국내산 딸기, 500g(대과), 2팩 19,380원 (100g당 1,938원) 내일(일) 새벽 도착 보장 4.5 (38862) 최대 969원 적립",,,,,
[더리얼] 100억 유산균 2.0 (60일분),,,,,
[PPUL] 1++(9) 한우 정육 구이 200g (냉장),,,,,
[만전김] 두번 구운 김밥용 유기김 10매,,,,,
[저스트그린] 케이준 치킨샐러드 160g,,,,,
[김미떡] 흑임자 가래떡 480g,,,,,
[안원당] 도가니탕 (리뉴얼),,,,,
"무료배송 양반 수라 통다리 삼계탕, 460g, 6개 22,370원 (100g당 811원) 2/12(목) 도착 예정 4.5 (4424) 최대 1,119원 적립",,,,,
"클릭유 커피우유, 200ml, 24개 15%22,080원 18,620원 (100ml당 388원) 내일(일) 도착 보장 5 (11965) 최대 931원 적립",,,,,
[비스퀴테리 엠오] 말차 갈레트 데 로아 530g,,,,,
[롯데] 가나 프리미엄 쿠키 베리 초콜릿볼  67g,,,,,
[하린이네주꾸미] 왕주꾸미 볶음 700g (냉동),,,,,
[올마레] 춘천 국물 닭갈비 떡볶이,,,,,
[CU 픽업] 앱솔루트피치700ml*6,,,,,
"비비고 소고기 장조림, 125g, 2개 17%7,760원 6,440원 (10g당 258원) 내일(일) 새벽 도착 보장 4.5 (3784) 최대 322원 적립",,,,,
[칸나멜라] 유기농 시나몬 분말,,,,,
"우고래빗 밸런스 하루견과, 100개 할인21%59,900원 46,900원 (1세트당 469원) 내일(일) 도착 보장 5 (545) 최대 2,345원 적립",,,,,
[백설] 육수에는 1분링 사골 4gx20개입,,,,,
[룸모] 토마토 파스타 소스 340g 3종,,,,,
[리북방] 이북식 백순대국,,,,,
[풀무원] 철판 오징어 부추전 300g,,,,,
[조우] No.9 한우 설렁탕,,,,,
[CU 픽업]  베네딕틴 돔 750ml,,,,,
[서주] 롤링바 딸기 (90mL X 7개),,,,,
[선물세트] 몸애쏙쏙 무농약 자색양파즙2종,,,,,
[CU 픽업] 효민사와토마토500*24캔,,,,,
"카누 마일드 로스트 아메리카노, 0.9g, 90개입, 2개 17%48,600원 40,020원 (10g당 2,470원) 내일(일) 새벽 도착 보장 5 (19051) 최대 2,001원 적립",,,,,
[CU 픽업] 델라트라폴라,,,,,
설화 딸기 500g,,,,,
양배추 샐러드 300g,,,,,
[CU 픽업] 글렌고인12년,,,,,
[유노추보] 와규스테이크볶음밥 4입,,,,,
[Chai797] 딥프라이드 샤오롱바오,,,,,
[청정원] 순살바삭 허니간장치킨 300g,,,,,
[해태] 썬키스트 캔디 317g,,,,,
"테일러 유기농 건자두, 210g, 2개 13,770원 (100g당 3,279원) 내일(일) 새벽 도착 보장 5 (315) 최대 689원 적립",,,,,
[페이브] 블렌드 원두 500g 2종 (택1),,,,,
[바다원] 조미 쥐치포 400g,,,,,
[그녀의빵공장] 소금빵 잠봉뵈르 샌드위치,,,,,
[CU 픽업] 오또코야마 스시부스터,,,,,
"먹놀잼 유기농 오트밀, 450g, 2개 할인15%23,100원 19,520원 (100g당 2,169원) 내일(일) 도착 보장 5 (2563) 최대 976원 적립",,,,,
"청정원 소갈비양념, 500g, 2개 5,780원 (100g당 578원) 내일(일) 새벽 도착 보장 5 (3840) 최대 289원 적립",,,,,
"무료배송 국내산 신선한 건 미역 1kg, 1개 16%19,800원 16,510원 (100g당 1,651원) 2/12(목) 도착 예정 4.5 (2287) 최대 825원 적립",,,,,
"선망 콤부차 6종 세트, 5g, 120개입, 1세트 11%35,000원 30,900원 (10g당 515원) 내일(일) 도착 보장 5 (2158) 최대 1,452원 적립",,,,,
6년근 홍삼이 들어간 삼계탕 재료 140g,,,,,
[선물세트] 전통주 토끼소주 블랙 TOKKI SOJU (40도 750mL),,,,,
"포카리스웨트, 240ml, 30개 10%22,000원 19,740원 (100ml당 274원) 내일(일) 도착 보장 새 상품, 반품-미개봉 (113) 최저17,430원 5 (94455) 최대 987원 적립",,,,,
[커피리브레] 시그니처 원두 200g 3종 (택1),,,,,
"하림 무항생제 인증 신선한 영양란 1300g, 25구, 1개 11,430원 (1구당 457원) 내일(일) 새벽 도착 보장 5 (10514) 최대 571원 적립",,,,,
[곡물도감] 말차 서리태 가득 콩물두유 (180mL X 15개),,,,,
[풀무원] 브런치수프 & 스튜 5종 (택1),,,,,
[모현상회] 대광어회 150g (냉장),,,,,
[라티브] 올리브레몬샷 4박스 56개입 선물세트,,,,,
"코카콜라 오리지널, 190ml, 90개 46,200원 (100ml당 270원) 내일(일) 도착 보장 5 (230979) 최대 2,310원 적립",,,,,
[풀무원] 순쌀 통가래떡 400g,,,,,
[슬로우글로우] 콜라겐 피치 핏치 구미 (30구미),,,,,
"풀무원 김밥용 단무지와우엉, 350g, 1개 3%3,800원 3,680원 (100g당 1,051원) 내일(일) 새벽 도착 보장 5 (26739) 최대 184원 적립",,,,,
"곰곰 가다랑어포, 50g, 1개 4,800원 (100g당 9,600원) 내일(일) 새벽 도착 보장 5 (2102) 최대 240원 적립",,,,,
"무료배송 신선맘 건망고 슬라이스 최상급 건 망고 [마진제로], 1개, 1kg 할인53%29,900원 13,900원 (100g당 1,390원) 2/10(화) 도착 예정 4 (9) 최대 695원 적립",,,,,
[도리깨침] 겨울 나물 5종 세트,,,,,
[락티브] 베베&키즈 리포퍼 철분 (30일분),,,,,
"오뚜기옛날 자른당면, 300g, 2개 25%9,560원 7,120원 (100g당 1,187원) 내일(일) 도착 보장 5 (95229) 최대 356원 적립",,,,,
[복음자리] 45도 과일잼 3종 (택1),,,,,
[제주우유] 저지그릭요거트 100g,,,,,
[바른생선] 손질 가자미살 2종 (냉동) (택1),,,,,
"엔요 플레인, 100ml, 5개입, 4개 5,780원 (10ml당 29원) 내일(일) 새벽 도착 보장 5 (29071) 최대 289원 적립",,,,,
[하림] 텐더스틱 1kg,,,,,
[성수동 팩피 : FAGP] 봉골레 오일 파스타,,,,,
[오뚜기] 라면사리 멀티 (110gX5),,,,,
[선물세트] 전통주 내국양조 송이주 능이주 세트 (13도 375mL 2병),,,,,
[유기샘] 무농약 땅콩으로 만든 볶은땅콩,,,,,
[Kurly's] 동물복지 닭 가슴살 500g,,,,,
[볼비] 두유 플레인 요거트 1L,,,,,
7일 담미 삼광 8kg,,,,,
"농협 곱들락 감귤, 2kg(로열과), 1개 18,980원 (100g당 949원) 내일(일) 새벽 도착 보장 4.5 (1448) 최대 949원 적립",,,,,
"리치팜너트 뿌려먹는 견과, 430g, 1개 14,440원 (100g당 3,358원) 내일(일) 새벽 도착 보장 5 (233) 최대 700원 적립",,,,,
[CU 픽업] 더글렌그란트 25년,,,,,
"오뚜기 백세카레 순한맛, 100g, 3개 37%11,340원 7,100원 (100g당 2,367원) 내일(일) 새벽 도착 보장 5 (1308) 최대 355원 적립",,,,,
"오뚜기 크림스프, 80g, 3개 쿠폰할인30%6,840원 4,750원 (100g당 1,979원) 내일(일) 도착 보장 5 (31263) 최대 238원 적립",,,,,
[삼진제약] 위시헬씨 쿨멜팅 마그네슘 400 (30일분),,,,,
"브로슈낭 유기농 엑스트라 버진 올리브오일, 250ml, 1개 쿠폰할인4%10,980원 10,480원 (100ml당 4,192원) 내일(일) 새벽 도착 보장 5 (2671) 최대 524원 적립",,,,,
청경채 300g,,,,,
[툭툭누들타이] 랭쎕,,,,,
"간편한 손질 가리비 관자살 500g (중,냉동)",,,,,
"웰넛 자연두레 프룬 건자두, 1kg, 1개 11,990원 (100g당 1,199원) 내일(일) 도착 보장 4.5 (7580) 최대 600원 적립",,,,,
"햇반 흑미밥, 210g, 8개 29%15,680원 11,100원 (100g당 661원) 내일(일) 새벽 도착 보장 5 (6671) 최대 555원 적립",,,,,
[올계] 유기농 통닭 500g (냉동),,,,,
[CU 픽업] 그레이구스오리지널,,,,,
"강고집 육수한포, 2개, 80g 25%17,800원 13,300원 (100g당 8,313원) 내일(일) 도착 보장 5 (2242) 최대 665원 적립",,,,,
[키도] 크리미 버터 크래커 샌드위치 90g,,,,,
"곰곰 무가당 국산콩 두유, 16개, 190ml 30%11,520원 7,990원 (100ml당 263원) 내일(일) 도착 보장 4.5 (2380) 최대 400원 적립",,,,,
"청정원 특등급 국산콩 무농약 전주콩나물, 400g, 1개 2,240원 (100g당 560원) 내일(일) 새벽 도착 보장 5 (3415) 최대 112원 적립",,,,,
"모구모구 리치맛, 320ml, 8개 7,780원 (100ml당 304원) 내일(일) 도착 보장 5 (16969) 최대 389원 적립",,,,,
"국내산 루꼴라, 100g, 1개 3,600원 (100g당 3,600원) 내일(일) 새벽 도착 보장 4.5 (24016) 최대 180원 적립",,,,,
"남양유업 초코에몽, 250ml, 8개 9,580원 (100ml당 479원) 내일(일) 새벽 도착 보장 5 (10721) 최대 479원 적립",,,,,
[라빈리커픽업]글렌알라키 12년 (위스키),,,,,
[전통주] 신평양조 백련 미스티 살균 막걸리 (7도 375mL),,,,,
"그릭데이 라이트, 800g, 1개 19,000원 (10g당 238원) 내일(일) 새벽 도착 보장 5 (23008) 최대 950원 적립",,,,,
[설성목장] 키즈 덮밥소스류 3종 (택1),,,,,
[네이처앤헬스] 한천가루100g,,,,,
"사조 해표 콩기름 식용유, 1.8L, 3개 쿠폰할인44%26,850원 14,770원 (100ml당 274원) 내일(일) 도착 보장 5 (333923) 최대 739원 적립",,,,,
"무료배송 백설 옥수수유, 900ml, 2개 할인4%12,040원 11,540원 (100ml당 641원) 2/13(금) 도착 예정 5 (20619) 최대 577원 적립",,,,,
[스미스티] 허브 어소트먼트 3종 선물세트,,,,,
[스타벅스] 파이크플레이스 커피 RTD 275mL X 6병 2종(택1),,,,,
[정관장] 홍삼톤 (15일분) + (쇼핑백증정),,,,,
[CU 픽업] 까르피네토끼클리,,,,,
"백설 엑스트라버진 압착 올리브유, 900ml, 1개 54%26,500원 12,020원 (100ml당 1,336원) 내일(일) 도착 보장 5 (31985) 최대 601원 적립",,,,,
[풀무원] 상큼유자 오리엔탈 소스 255g,,,,,
"무료배송 프리미엄 태국 망고 골드망고 선물세트 항공수입, 1박스, 태국망고 2.5k 특대(5-8과) 쿠폰할인19%47,000원 37,900원 (100g당 1,516원) 2/11(수) 도착 예정 4.5 (939) 최대 1,895원 적립",,,,,
[KART] 버섯 비프 카레,,,,,
[바다해] 참쥐포 200g,,,,,
[유유제약] 퓨어비타민C (60일분),,,,,
[KF365] 무농약 국산콩 콩나물 300g,,,,,
"무료배송 푸드니스타 건자두 푸룬 1kg+1kg, 2kg, 1개, 2kg 26%25,600원 18,900원 (100g당 945원) 2/11(수) 도착 예정 4.5 (315) 최대 945원 적립",,,,,
[아침엔본죽] 누룽지 닭죽,,,,,
[조선호텔] 오곡 삼계탕 900g,,,,,
[RARE : 레어] 1++(8) 한우 텐더로인 로스 200g,,,,,
"GAP 인증 레드칸 토마토, 1개, 1kg 6,390원 (100g당 639원) 내일(일) 새벽 도착 보장 4.5 (35) 최대 295원 적립",,,,,
[황생가] 칼국수(2인분),,,,,
"아몬드멸치볶음, 250g, 1개 10,900원 (10g당 436원) 내일(일) 새벽 도착 보장 4.5 (6174) 최대 545원 적립",,,,,
[풀무원] 부추잡채지짐만두 300g*3,,,,,
[유가원] 유기농 데일리 믹스넛츠 (더 오리지널),,,,,
"롯데카스타드 오리지널, 230g, 2개 7,490원 (10g당 163원) 내일(일) 새벽 도착 보장 5 (3731) 최대 375원 적립",,,,,
"곰곰 고춧가루, 1kg, 1개 13%14,900원 12,890원 (100g당 1,289원) 내일(일) 도착 보장 5 (7355) 최대 645원 적립",,,,,
"동광한방몰 동광종합물산 건조생강, 300g, 1개 4,800원 (10g당 160원) 내일(일) 도착 보장 새 상품, 반품 (3) 4.5 (276) 최대 240원 적립",,,,,
[MEGGLE] 스프레이 휘핑크림 250g,,,,,
"무료배송 동송농협 철원오대쌀 20kg, 상등급, 1개 할인32%118,000원 79,600원 (100g당 398원) 2/12(목) 도착 예정 4.5 (8383) 최대 3,980원 적립",,,,,
"김소형 원방 공비슬림티 호박팥차 옥수수염차 모로오렌지 티백, 1.5g, 50개입, 1개 할인47%30,000원 15,860원 (10g당 2,115원) 내일(일) 도착 보장 5 (1809) 최대 785원 적립",,,,,
[전통주] 민속주 안동소주 (45도 400mL),,,,,
"티젠 콤부차 요구르트, 5g, 30개입, 2개 쿠폰할인59%42,000원 16,980원 (10g당 566원) 내일(일) 도착 보장 5 (3947) 최대 849원 적립",,,,,
"[페르케노] 이탈리아 젤라또 4종 (100mL, 100mL X 4개입)",,,,,
[유가원] 유기농 캐슈넛 190g,,,,,
[벨레이] 모데나 발사믹 DOP 아피나토,,,,,
[사층빵집] 마카롱 10종 (택1),,,,,
절단 셀러리 500g,,,,,
[떡미당] 두바이초코찹쌀떡 (40g X 6개),,,,,
"무료배송 다맘 햇 볶은아몬드 1kg, 1개 21%18,700원 14,770원 (100g당 1,477원) 2/10(화) 도착 예정 4.5 (1306) 최대 739원 적립",,,,,
[CU 픽업] 마스터스킵언포가튼,,,,,
"풀무원 다논 하루 요거트 포도, 120ml, 4개입, 2개 3,860원 (10ml당 40원) 내일(일) 새벽 도착 보장 5 (1074) 최대 193원 적립",,,,,
"롯데웰푸드 티코 말차 (냉동), 1개, 15개입, 34ml 할인8%7,890원 7,200원 (10ml당 141원) 내일(일) 새벽 도착 보장 5 (2027) 최대 360원 적립",,,,,
[유혜광돈까스] 수제 치즈바 돈까스 280g,,,,,
"건국유업 국산콩 무첨가 두유, 190ml, 16개 6%16,000원 14,900원 (100ml당 490원) 내일(일) 도착 보장 4.5 (5407) 최대 745원 적립",,,,,
[풀무원다논] 생크림 요거트 플레인 (80g X 4개),,,,,
[풀무원] 중화마파두부 양념소스 130g,,,,,
[선물세트] 도펠헤르츠 멀티비타민 A-Z x 2박스(60일분),,,,,
[종근당건강] 프로메가 알티지 오메가3 듀얼 (30일분),,,,,
[아리울떡공방] 굳지않는 모듬 꿀떡 350g (지퍼백),,,,,
"무료배송 두바이 쫀득쿠키 원 재료 탈각 피스타치오 껍질없는 피스타치오 구운 피스타치오 무염 견과류 대용량 쫀득쿠키 마시멜로우 피스타치오 스프레드 페이스트 재료 두바이초콜릿 재료, 1개, 250g 할인57%68,000원 28,900원 (100g당 11,560원) 3/4 도착 예정 5 (42) 최대 1,445원 적립",,,,,
"무료배송 두루웰 두루미쌀 [ 2025년산 햅쌀 / 출고당일도정 / 철원 봉학영농조합 ], 10kg, 1개, 상등급 할인22%53,000원 41,100원 (100g당 411원) 2/10(화) 도착 예정 5 (84) 최대 1,796원 적립",,,,,
[종근당건강] 락토핏 간케어 유산균 (30일분),,,,,
"국내산 깻순, 300g, 1개 4,980원 (100g당 1,660원) 내일(일) 새벽 도착 보장 4.5 (10398) 최대 249원 적립",,,,,
[바이오가이아] 프로텍티스 프로바이오틱스 캡슐 (30일분),,,,,
[한강식품] 닭목살 양념구이 500g (냉동),,,,,
[피오디]  레몬즙 (캡슐),,,,,
[정미소] 비단향미 4kg,,,,,
[메디트리] 칼슘 마그네슘 아연 플러스 비타민D (180일분),,,,,
[김소영 아티장의 안단테] 랑세 브리야 사바랭,,,,,
[수미과] 물오른 고당도 사과 3kg,,,,,
[미트빌] 미국산 소고기 초이스 갈비살300g (냉장),,,,,
"해찬들 맛있는 재래식 된장, 3kg, 1개 53%24,380원 11,430원 (100g당 381원) 내일(일) 도착 보장 4.5 (40647) 최대 571원 적립",,,,,
아삭하고 달콤한 황금사과1.3kg (4~7입)(품종: 시나노골드),,,,,
[오리온] 다쿠아즈 레드베리 192g,,,,,
[몬] 스위트 칠리소스 (튜브),,,,,
[김규흔 한과] 흑깨방정 100g,,,,,
[호정가] 창평한과 유과세트 1kg,,,,,
[브레밀] 크로크무슈 (140g X 4개),,,,,
[프로밀크] 터키 카이막 크림치즈 180g,,,,,
[네이쳐패스] 초코침스,,,,,
"청정원 구운마늘과 양파 토마토 스파게티소스, 600g, 2개 41%15,160원 8,840원 (100g당 737원) 내일(일) 새벽 도착 보장 5 (20907) 최대 442원 적립",,,,,
[종근당건강] 지엘핏 다이어트 (30일분),,,,,
[한스케익] 마카다미아 넛 쿠키 세트,,,,,
[김소영 아티장의 안단테] 사토리 샤도네이 벨라비타노,,,,,
[삼양] 불닭마요 250g,,,,,
[인텔리젠시아] 블렌디드 원두 200g 3종 (택1),,,,,
"[전통주] 시에가(배향) (22도, 500mL)",,,,,
"롯데웰푸드 졸음번쩍 껌 울트라 파워, 96g, 2개 10%9,600원 8,560원 (10g당 446원) 내일(일) 도착 보장 5 (6369) 최대 428원 적립",,,,,
[하림 The 미식] 유니자장면 2입,,,,,
[브레댄코] 호기브레드 (65g X 5개),,,,,
[오피아] 유기농 스파클링 논알콜 샤도네이 750mL,,,,,
[일본 디저트 여행] 마루토제과 황금달걀 카스테라,,,,,
[라라스윗] 저당 쫀득옥수수 듬뿍바 아이스크림 (70mL x 6개),,,,,
"데체코 스파게티, 500g, 2개 쿠폰할인33%11,000원 7,280원 (100g당 728원) 내일(일) 도착 보장 5 (7875) 최대 364원 적립",,,,,
[CU 픽업] 몽지람M3크리스탈,,,,,
[카누] 실키 라이트 로스트 커피 캡슐 (5.7g X 10개)(네스프레소 호환),,,,,
[올계] 유기농 자연방사 유정란 6구,,,,,
[신라명과] 브라우니 쿠키 더 블랙 (19g X 16개),,,,,
[하루한킷] 소고기 칼국수 전골,,,,,
"무료배송 [환불보장] 제주도 레드향 고당도 15브릭스, 1박스, 2kg (중과) 쿠폰할인62%40,000원 14,900원 (100g당 745원) 2/12(목) 도착 예정 4.5 (172) 최대 745원 적립",,,,,
[풀무원다논] 그릭요거트 플레인 400g,,,,,
[롯데햄] 의성마늘 햄 1kg,,,,,
"에어프라이어 바삭튀긴 통새우튀김 (냉동), 300g, 1개 5,420원 (100g당 1,807원) 내일(일) 새벽 도착 보장 5 (3307) 최대 271원 적립",,,,,
[크래프트] 슈레드 콜비 잭 치즈,,,,,
[CU 픽업] 간치아브뤼6입,,,,,
[미자언니네] 국내산 통더덕 양념구이,,,,,
"상하목장 유기농주스 사과오렌지케일4 + 사과블루베리케일4+ 사과딸기케일4(총12팩), 1세트, 125ml 11,590원 (100ml당 9,272원) 내일(일) 도착 보장 5 (1104) 최대 580원 적립",,,,,
[폴리] 선드라이토마토,,,,,
"오뚜기옛날 국수 소면, 900g, 1개 7%3,680원 3,400원 (100g당 378원) 내일(일) 새벽 도착 보장 5 (9140) 최대 170원 적립",,,,,
[창억] 한입 기정떡 3종 (택 1),,,,,
"비비고 소고기듬뿍설렁탕, 460g, 4개 51%29,920원 14,500원 (100g당 788원) 내일(일) 새벽 도착 보장 5 (1929) 최대 725원 적립",,,,,
"오뚜기 결명자 차 티백, 1g, 50개입, 1개 5,520원 (10g당 1,104원) 내일(일) 도착 보장 5 (2128) 최대 276원 적립",,,,,
[선물세트] 마망갸또 고메 카라멜 2종 (택1),,,,,
"무료배송 서래푸드 해바라기씨 1kg, 1개 할인30%7,140원 4,990원 (100g당 499원) 2/12(목) 도착 예정 4.5 (1091) 최대 250원 적립",,,,,
"프레샤인 고당도 사과, 1.2kg(소과, 4~6입), 1봉 14,390원 (100g당 1,199원) 내일(일) 새벽 도착 보장 4.5 (9049) 최대 720원 적립",,,,,
친환경 컬리케일 (곱슬케일),,,,,
"여섯별이야기 설선물세트 호두정과 4색 호두정원 선물세트, 1개 9%25,300원 22,970원 (1세트당 22,970원) 내일(일) 도착 보장 새 상품, 반품-미개봉 (4) 최저20,670원 5 (241) 최대 1,034원 적립",,,,,
"트레비 레몬, 20개, 300ml 9,760원 (100ml당 163원) 내일(일) 도착 보장 5 (62901) 최대 488원 적립",,,,,
[롯데] 몽쉘 생크림케이크 카카오 408g,,,,,
"무료배송 스파클 생수 무라벨, 330ml, 100개 할인8%21,860원 19,960원 (100ml당 60원) 2/10(화) 도착 예정 5 (545301) 최대 998원 적립",,,,,
[감코리아] 옥천준시 10입 2종,,,,,
[락피도] 슈팅스타 캐치티니핑 젤리 (15일분) 4종 (택1),,,,,
[CU 픽업] 인드리싱글몰트,,,,,
[슈퍼키친] 감자채햄볶음,,,,,
[오뚜기] 옛날납작당면 2종 (택1),,,,,
"오리온 다이제 초코, 225g, 4개 8,300원 (10g당 92원) 내일(일) 도착 보장 4.5 (12480) 최대 374원 적립",,,,,
[메종조] 잠봉 블랑 100g (냉장),,,,,
"하인즈 버거소스, 230g, 1개 3,280원 (100g당 1,426원) 내일(일) 도착 보장 4.5 (14219) 최대 164원 적립",,,,,
"무료배송 하이트진로 진로믹서 토닉워터, 250ml, 30개 14,860원 (100ml당 198원) 2/10(화) 도착 예정 5 (9327) 최대 743원 적립",,,,,
[메리디안] 100% 유기농 땅콩버터 (크런치) 280g,,,,,
[라빈리커픽업]몽키숄더 (위스키),,,,,
[와인앤모어픽업]라 비블리오테카 피노누아 ((와인)),,,,,
"무료배송 햇반 발아현미밥, 130g, 6개 할인29%8,820원 6,220원 (100g당 797원) 2/10(화) 도착 예정 새 상품, 박스 훼손 (8) 최저6,040원 5 (95502) 최대 311원 적립",,,,,
"해태제과 아이비, 58g, 1개 800원 (10g당 138원) 내일(일) 새벽 도착 보장 5 (166) 최대 40원 적립",,,,,
"농협목우촌 국내산 소고기 우족 (냉동), 2kg, 1개 44%27,990원 15,540원 (100g당 777원) 내일(일) 새벽 도착 보장 4.5 (2506) 최대 777원 적립",,,,,
[샘표] 간편국수 8종 (택1),,,,,
"백설 튀김가루, 1kg, 1개 12%3,390원 2,970원 (100g당 297원) 내일(일) 새벽 도착 보장 5 (845) 최대 149원 적립",,,,,
"맛을그리다 씨드믹스, 2kg, 1개 15%23,500원 19,800원 (100g당 990원) 내일(일) 도착 보장 4.5 (3494) 최대 990원 적립",,,,,
"곰곰 달콤한 스테비아 대추방울토마토, 1kg, 1개 9,690원 (100g당 969원) 내일(일) 새벽 도착 보장 4.5 (204036) 최대 485원 적립",,,,,
"앤쿡 어린이 한우 사골 곰국 (냉동), 200g, 8개 6%15,900원 14,850원 (100g당 928원) 내일(일) 새벽 도착 보장 5 (10628) 최대 743원 적립",,,,,
"곰곰 구운 쥐포채, 400g, 1개 8%13,900원 12,770원 (100g당 3,193원) 내일(일) 도착 보장 4.5 (5525) 최대 614원 적립",,,,,
[마이노멀] 가루 알룰로스 350g,,,,,
쫄깃한 식감의 춘추 참타리 버섯 250g,,,,,
"그릭데이 그릭요거트 라이트, 100g, 3개 9,900원 (10g당 330원) 내일(일) 새벽 도착 보장 5 (23008) 최대 410원 적립",,,,,
[디벨라] 홀토마토 400g,,,,,
"무료배송 쥬스용 낱발 고당도 바나나, 3kg 내외, 1개 할인22%14,000원 10,800원 (100g당 360원) 2/12(목) 도착 예정 4.5 (4655) 최대 540원 적립",,,,,
"청은에프엔비 도토리묵 가루, 400g, 1개 6,740원 (100g당 1,685원) 내일(일) 도착 보장 4.5 (4304) 최대 337원 적립",,,,,
[대상웰라이프] 올인원 이뮨 비타 멀티팩 (28일분),,,,,
"찹쌀누룽지 오리지널, 1개, 260g 할인22%6,000원 4,630원 (10g당 178원) 내일(일) 도착 보장 4.5 (290) 최대 231원 적립",,,,,
"데니쉬 버터쿠키, 1개, 800g 8,730원 (10g당 109원) 내일(일) 도착 보장 5 (1981) 최대 436원 적립",,,,,
[26년 설] [CU 픽업] 발렌타인17년500ml,,,,,
[브레댄코] 부시맨 브레드 (100g X 6개),,,,,
"무료배송 정품 고당도 바나나, 1개, 4kg (2-3송이) 할인47%28,000원 14,720원 (100g당 368원) 2/10(화) 도착 예정 4.5 (6960) 최대 736원 적립",,,,,
"대한다업 우엉차, 1g, 1개, 100개입 6,300원 (10g당 630원) 내일(일) 도착 보장 5 (247) 최대 315원 적립",,,,,
친환경 잎채소 적겨자 100g,,,,,
"포모나 헤즐넛향 시럽, 1L, 1개 13,900원 (100ml당 1,390원) 내일(일) 도착 보장 5 (9527) 최대 695원 적립",,,,,
[MD's PICK] 18brix이상 고당도 상주 샤인머스캣,,,,,
[풀무원] 갈릭바베큐 볶음밥 (2개입),,,,,
"무료배송 청정원 맛소금 95g(용기형) + 감칠맛미원 72g(용기형) 세트, 1세트, 167g 9,990원 (100g당 5,982원) 2/10(화) 도착 예정 5 (114) 최대 500원 적립",,,,,
"크래미, 90g, 6개 6,320원 (100g당 1,170원) 내일(일) 새벽 도착 보장 5 (64963) 최대 316원 적립",,,,,
"리치팜너트 프리미엄 믹스넛, 850g, 1개 28%43,900원 31,420원 (100g당 3,696원) 내일(일) 도착 보장 5 (10410) 최대 1,524원 적립",,,,,
[설성목장] 한우 도가니탕,,,,,
[베베쿡] 사르르 쿵 3종 (택1),,,,,
[도시곳간] 7days 건강 반찬 세트 - 토요일,,,,,
"무료배송 사진그대로출고 테이스티팔도 생화과일선물세트, 1세트 쿠폰할인66%88,000원 29,800원 (1세트당 29,800원) 모레(월) 도착 예정 5 (200) 최대 1,490원 적립",,,,,
우리집 건강한 망고 요거트 750mL,,,,,
"냉장고쏙 롤드 오트, 1.2kg, 1개 39%9,900원 5,980원 (100g당 498원) 내일(일) 새벽 도착 보장 5 (3293) 최대 299원 적립",,,,,
"풀무원 지구식단 얇은 두유면, 150g, 3개 5,460원 (100g당 1,213원) 내일(일) 새벽 도착 보장 5 (6650) 최대 273원 적립",,,,,
[테라로사] 마들렌 세트 (38g X 4개입),,,,,
[선물세트] 네이처메이드 액티브 데일리 멀티 포 우먼(60일분)+보틀증정,,,,,
"다향 닭 북채 (냉장), 1개, 500g 8,020원 (100g당 1,604원) 내일(일) 새벽 도착 보장 5 (2539) 최대 401원 적립",,,,,
[대상웰라이프] 뉴케어 구수한맛 24팩,,,,,
[김정환홍삼] 홍삼으로 에너지타임 플러스 (100일분) (+보자기포장),,,,,
"무료배송 갓 수확한 국내산 햇 브로콜리, 1박스, 1kg 할인27%12,900원 9,400원 (100g당 940원) 2/11(수) 도착 예정 4 (187) 최대 470원 적립",,,,,
[아지노모도] 눈꽃 날개 교자,,,,,
"풀무원 김참깨 순생나또, 43.5g, 8개입, 1개 6,970원 (100g당 2,003원) 내일(일) 새벽 도착 보장 5 (3799) 최대 349원 적립",,,,,
"무료배송 바다의품격 통영 제철 세척 비단 홍가리비, 5개, 1kg 69%80,000원 24,770원 (100g당 495원) 2/10(화) 도착 예정 4.5 (4519) 최대 849원 적립",,,,,
"한음미가 추청 아끼바레 경기미 특등급, 10kg, 1개, 특 35,900원 (100g당 359원) 내일(일) 도착 보장 4 (1486) 최대 1,795원 적립",,,,,
[오뚜기] 짜슐랭 5입,,,,,
"서울우유 요구르트 복숭아, 2개, 1개입, 750ml 2,930원 (10ml당 20원) 내일(일) 새벽 도착 보장 5 (1289) 최대 146원 적립",,,,,
[어니스트그릭] 바나나맛 그릭요거트 100g,,,,,
[근대골목단팥빵] 소보루단팥빵 (90g X 5개),,,,,
[그린너트] 매일매일 건강채움 화이트 600g (20gX30개입),,,,,
[크라운] 마이쮸 메가팩 2종 (택1),,,,,
"이금기 프리미엄 굴소스, 167g, 1개 4%3,980원 3,810원 (100g당 2,281원) 내일(일) 도착 보장 5 (30063) 최대 190원 적립",,,,,
[발센] 픽업 초코 2종 (택1),,,,,
[스키니랩] 비움 발효효소 레몬맛 30포,,,,,
[선물세트] Kurly's 1++ 냉장 특수부위 한마리 세트,,,,,
"우리땅 무농약 인증 다진 양파 (냉동), 110g, 1개 2,900원 (100g당 2,636원) 내일(일) 새벽 도착 보장 5 (698) 최대 130원 적립",,,,,
[삼삼물산] 자연산 손질 바다장어 500g (냉동),,,,,
[탁촌장] 안동참마 모나카 (30g X 5개),,,,,
[데르뜨] 벽돌 초콜릿 케이크(40g X 6개입),,,,,
[청정원] 월계수잎맛술 830ml,,,,,
"마이디벨 해쉬브라운 패티 감자튀김 10개입 (냉동), 1개, 640g 7,200원 (100g당 1,125원) 내일(일) 새벽 도착 보장 4.5 (17427) 최대 360원 적립",,,,,
[IFG] 리얼 과카몰리 (57g*3개입),,,,,
[밀도] 호밀잡곡식빵 480g,,,,,
[니뽕내뽕] 토뽕 (토마토 짬뽕),,,,,
"무료배송 백화점납품급 혼합 과일 선물 세트, 1박스 쿠폰할인61%119,900원 46,700원 (1세트당 46,700원) 2/10(화) 도착 예정 5 (83) 최대 2,335원 적립",,,,,
[선물세트] 오뗄두스 구움과자&쿠키 세트  367g,,,,,
[롯데햄] 의성마늘 슬라이스햄 90g,,,,,
"무료배송 립톤 아이스티 믹스 복숭아맛, 1.5kg, 1개입, 1개 할인29%16,900원 11,900원 (10g당 79원) 2/10(화) 도착 예정 5 (75644) 최대 595원 적립",,,,,
[에스비] 인스턴트 골든카레 3종 (즉석카레),,,,,
"서울우유 요구르트, 2개, 1개입, 750ml 3,530원 (10ml당 24원) 내일(일) 새벽 도착 보장 5 (15638) 최대 176원 적립",,,,,
[하림 The미식] 묵은지두부김치찌개 350g,,,,,
"더건강한 닭가슴살 소시지, 120g, 1개입, 6개 12,140원 (10g당 169원) 내일(일) 새벽 도착 보장 5 (1580) 최대 607원 적립",,,,,
7일 이내 로스팅한 구운 캐슈넛 200g,,,,,
"무료배송 동서식품 메밀차 100T, 15g, 100개입, 1개 8,550원 (10g당 57원) 2/10(화) 도착 예정 5 (8679) 최대 428원 적립",,,,,
"허쉬 초코아몬드 찰떡 파이, 88g, 2개 35%5,000원 3,250원 (10g당 185원) 내일(일) 도착 보장 4.5 (408) 최대 163원 적립",,,,,
[CU 픽업] 다카라피치 700ml,,,,,
[청년다방] 차돌 떡볶이,,,,,
[지엔씨푸드] 샤베트 240mL 10종(택1),,,,,
[Kurly's] 깐 메추리 유정란 450g,,,,,
"무안 양파 슬라이스, 250g, 1개 1,990원 (100g당 796원) 내일(일) 새벽 도착 보장 4.5 (9621) 최대 100원 적립",,,,,
[근대골목단팥빵] 큼직한 우리맛 단팥빵 (120g X 3개),,,,,
[호밍스x능라도] 담백하고 깔끔한 평양식 만둣국,,,,,
[CU 픽업] 호세트레디셔날레포,,,,,
"오뚜기 고소한 골드 마요네스, 800g, 2개 13,140원 (100g당 821원) 내일(일) 도착 보장 5 (159217) 최대 657원 적립",,,,,
[CU 픽업] 햐쿠모쿠 준마이다이긴죠,,,,,
[VEZZLY] 진짜 맛있는 당근 케이크 470g,,,,,
[청년제과] 말랑말랑 인절미 꿀오랑 (26g X 10개),,,,,
"소와나무 생크림 요거트, 680g, 1개 5,980원 (10g당 88원) 내일(일) 새벽 도착 보장 5 (67012) 최대 299원 적립",,,,,
"롯데주류 미림1.8L, 1.8L, 1개 6,700원 (10ml당 37원) 2/10(화) 도착 예정 5 (21605) 최대 335원 적립",,,,,
"무료배송 박경철농장 깐은행(중), 1kg, 1박스 21,000원 (100g당 2,100원) 2/10(화) 도착 예정 4.5 (1089) 최대 1,050원 적립",,,,,
[경주천년한우] 1++ 한우 갈비살 구이용 200g (냉장),,,,,
"국산 흑임자가루200g, 1개 13,890원 (100g당 6,945원) 2/10(화) 도착 예정 5 (257) 최대 695원 적립",,,,,
[CU 픽업] 음프리미엄6입박스,,,,,
[대학두유] 대학약콩 (약콩두유) (190mL X 15포),,,,,
[삼진어묵] 7가지 모듬 어묵,,,,,
[달콤트리] 13brix이상 고당도 제주 감귤 800g,,,,,
[강훈목장] 수제 그릭요거트 시그니처 (100g X 3개),,,,,
"영신식품 소문난 서천 재래김, 4g, 16개 7,900원 (10g당 1,234원) 내일(일) 도착 보장 5 (28304) 최대 395원 적립",,,,,
[파탁스] 버터치킨 450g,,,,,
[카누] 라떼 스틱 9종 (택1),,,,,
"쫄병스낵 매콤한맛, 82g, 4개 쿠폰할인6%4,790원 4,460원 (10g당 136원) 내일(일) 도착 보장 5 (6599) 최대 223원 적립",,,,,
[채움] 유기농 알로에베라겔 1050mL,,,,,
[조선델리] 조선호텔 초콜릿퍼지케이크 680g,,,,,
[우드앤브릭] 6 그레인 브레드,,,,,
"풀무원 다진마늘 용기, 260g, 1개 3%8,980원 8,710원 (10g당 335원) 내일(일) 새벽 도착 보장 5 (15854) 최대 435원 적립",,,,,
"떡미당 제로당 현미 쑥찹쌀떡 (냉동), 60g, 10개입, 1개 12,000원 (10g당 200원) 내일(일) 새벽 도착 보장 5 (2349) 최대 600원 적립",,,,,
[세노비스] 프로폴리스+ (60일분),,,,,
[브레드가든] 바닐라 오일 30ml,,,,,
[일월상단] 자일로스 건생강청 1L,,,,,
"대추방울토마토, 500g, 1개 4,490원 (100g당 898원) 내일(일) 새벽 도착 보장 4.5 (128521) 최대 225원 적립",,,,,
"농심 육개장 사발면 86g, 24개 18,800원 (1개당 783원) 내일(일) 도착 보장 5 (466690) 최대 940원 적립",,,,,
[산줄리아노] 페페로치노 25g,,,,,
[이어수산] 8단계 선별한 꼴뚜기 2종 (택1),,,,,
"곰곰 모짜렐라 피자치즈 (대용량), 1kg, 1개입, 1개 12,100원 (10g당 121원) 내일(일) 새벽 도착 보장 5 (9166) 최대 605원 적립",,,,,
[베베피쉬] 국산 다진 오징어살 90g,,,,,
"티젠 캐모마일, 1g, 20개입, 2개 7,240원 (10g당 1,810원) 내일(일) 도착 보장 4.5 (5464) 최대 362원 적립",,,,,
[메디트리] 프리미엄 루테인12 (30일분),,,,,
[에코맘의산골이유식] 산골 쌀과자 3종 (택1),,,,,
[광천김] 간편 조미 김밥김 22g(10매 내외),,,,,
"스윗마토 스테비아 망고향 블랙대추방울토마토, 450g, 1개 6,150원 (100g당 1,367원) 내일(일) 새벽 도착 보장 4.5 (8690) 최대 308원 적립",,,,,
"청정원 2배 사과식초, 900ml, 1개 6%3,550원 3,320원 (10ml당 37원) 내일(일) 도착 보장 5 (18381) 최대 166원 적립",,,,,
[만전김] 슈퍼초이스 곱창김 16봉,,,,,
[타르틴베이커리] 컨트리 하프 500g,,,,,
[선물세트][레오나르디] 하트 에디션 발사믹 2종 세트,,,,,
"오뚜기 LIGHT 앤 JOY 저당케챂, 290g, 2개 쿠폰할인17%5,960원 4,920원 (100g당 848원) 내일(일) 도착 보장 5 (1451) 최대 246원 적립",,,,,
"무료배송 [백화점납품] 당도선별 초고당도 레드향 선물세트, 1박스, 2kg 할인60%49,900원 19,900원 (100g당 995원) 2/12(목) 도착 예정 5 (49) 최대 995원 적립",,,,,
"순작 유기농 한 잔 보리차 티백, 1.5g, 100개입, 1개 22%7,680원 5,990원 (10g당 399원) 내일(일) 도착 보장 4.5 (8900) 최대 300원 적립",,,,,
[자연담은] 유기농 골든퀸 2호 4kg,,,,,
킹스베리 딸기 550g (9~12입) (등급 :특/한단),,,,,
[은하수산] 문어&소라 슬라이스 250g (냉장),,,,,
[황진선의 진진] 짜장면 2인분,,,,,
"돈시몬 NFC 레몬즙, 1L, 2개 8,250원 (100ml당 413원) 내일(일) 도착 보장 4.5 (5399) 최대 413원 적립",,,,,
"삼양 임꺽정 떡갈비 전통 (냉동), 1.4kg, 1개 16,900원 (100g당 1,207원) 내일(일) 새벽 도착 보장 5 (20318) 최대 845원 적립",,,,,
"무료배송 1급청정해수 통영 가리비 홍가리비 산지직송, 1박스, 5kg (특품) 할인11%17,900원 15,900원 (100g당 318원) 2/10(화) 도착 예정 4.5 (180) 최대 795원 적립",,,,,
"컷 빈 (냉동), 1개, 1kg 4,990원 (100g당 499원) 내일(일) 새벽 도착 보장 5 (271) 최대 250원 적립",,,,,
[조우] No. 9 1++ 한우 도가니탕,,,,,
"무료배송 (국내산)칼집밤 특대 단밤 부여 군밤, 1개, 1kg 할인50%33,400원 16,660원 (100g당 1,666원) 2/11(수) 도착 예정 4.5 (437) 최대 833원 적립",,,,,
"오뚜기 백세카레 과립형 순한맛, 1kg, 1개 8,930원 (100g당 893원) 내일(일) 도착 보장 5 (12719) 최대 446원 적립",,,,,
[델리시우스] 앤초비,,,,,
[CU 픽업] 플라스크데킬라멀티툴,,,,,
[종근당건강] 락토핏 코어 유산균 (60일분),,,,,
[해표] 엑스트라 버진 올리브유 스프레이 250mL,,,,,
[차려낸] 대파 풍미를 더한 새우볶음밥 (4개입),,,,,
"가시제거연구소 삼치밥상 (냉동), 1개, 800g 23,070원 (100g당 2,884원) 내일(일) 새벽 도착 보장 5 (59) 최대 1,154원 적립",,,,,
"로셴 스윗 드롭 캔디, 1kg, 1개 9,930원 (10g당 99원) 내일(일) 도착 보장 5 (9062) 최대 496원 적립",,,,,
[새미네부엌] 샤브샤브 소스 3종,,,,,
"서풍 대구포(전감) (냉동), 400g, 1개 10,840원 (100g당 2,710원) 내일(일) 새벽 도착 보장 4.5 (1806) 최대 492원 적립",,,,,
[뉴트리원] 올인원 멀티팩 이뮨 플러스 (30일분),,,,,
"청정원 까나리 액젓 골드, 1kg, 1개 5,500원 (100g당 550원) 내일(일) 도착 보장 5 (19433) 최대 275원 적립",,,,,
"동서 메밀차 티백, 1.5g, 90개입, 1개 6,390원 (10g당 473원) 내일(일) 도착 보장 5 (8679) 최대 320원 적립",,,,,
[숭의가든] 칼집 부채살 양념구이(냉동),,,,,
"맑은물에 참 좋은 국산콩 100% 순두부, 400g, 6개 8,200원 (100g당 342원) 내일(일) 새벽 도착 보장 5 (119378) 최대 410원 적립",,,,,
"한라식품 참치액, 900ml, 2개 쿠폰할인47%24,400원 12,900원 (10ml당 72원) 내일(일) 도착 보장 5 (47418) 최대 645원 적립",,,,,
[마니커에프앤지] 버팔로봉 골드,,,,,
[일양약품] 마이크로바이옴 프로 프리바이오틱스 유산균 (60일분),,,,,
[CU 픽업] 마르셀 그룬스피엘,,,,,
[오리온] 톡핑 2종 (택1),,,,,
"포크밸리 한돈 무항생제 인증 등심 잡채용 (냉장), 300g, 1팩 7,500원 (100g당 2,500원) 내일(일) 새벽 도착 보장 5 (3000) 최대 375원 적립",,,,,
[CU 픽업] 더 레이크 이쿼녹스,,,,,
"무료배송 백제 쌀국수 5가지맛 20개 골라담기 멸치4+김치4+얼큰4+육개장4+파곰탕4, 1세트, 92g 할인22%29,900원 23,280원 (100g당 25,304원) 2/10(화) 도착 예정 5 (1640) 최대 1,164원 적립",,,,,
[주원산오리] 싸먹는 오리 슬라이스 80g*3개입,,,,,
"오 달달 바로 먹는 그린버터 아보카도 2개입, 170g, 1개 4,000원 (100g당 2,353원) 내일(일) 새벽 도착 보장 4.5 (609) 최대 200원 적립",,,,,
[테라로사] 에티오피아 시다모 하마쇼 워시드 원두 250g,,,,,
[풀무원] 우렁강된장비법양념 150g * 4개입,,,,,
"일리 클래식 로스트 빈 클라시코 원두, 홀빈(분쇄안함), 250g, 1개 12,950원 (10g당 518원) 내일(일) 도착 보장 5 (25111) 최대 648원 적립",,,,,
"하루견과 넛츠 앤 베리스, 20g, 30개 21,900원 (100g당 3,650원) 내일(일) 도착 보장 5 (637) 최대 1,095원 적립",,,,,
"만전김 미니언즈 쉽게 뿌려먹는 김가루, 150g, 1개 21%8,900원 6,970원 (10g당 465원) 내일(일) 도착 보장 4.5 (3209) 최대 349원 적립",,,,,
[쿠보타] 과일 찹쌀떡 모찌 3종(택1),,,,,
"덴마크 하이 그릭요거트, 400g, 2개, 1개입 7,330원 (10g당 92원) 내일(일) 새벽 도착 보장 5 (6583) 최대 366원 적립",,,,,
[수산곳간] 추억의 빠삭어포 130g,,,,,
[고메] 스윗치즈 피자,,,,,
"무료배송 제주울엄마 직접 농사지은 해풍맞은 깐 쪽파, 1kg, 1개 할인56%23,900원 10,380원 (100g당 1,038원) 2/11(수) 도착 예정 4.5 (666) 최대 514원 적립",,,,,
"모아미트 캐나다산 보리먹인 암퇘지 삼겹살 에어프라이어용 (냉장), 600g, 1개 42%20,780원 11,880원 (100g당 1,980원) 내일(일) 새벽 도착 보장 4.5 (7801) 최대 594원 적립",,,,,
[라벨리] 요거트 아이스크림 4종 (택1),,,,,
[La bocca] 마카다미아 치즈케이크 490g,,,,,
"크래프트 크림치즈 스프레드 블루베리, 200g, 1개 6,860원 (100g당 3,430원) 내일(일) 새벽 도착 보장 5 (4817) 최대 343원 적립",,,,,
"폰타나 아브루초 피칸테 알리오올리오 파스타소스, 430g, 1개 40%9,980원 5,980원 (100g당 1,391원) 내일(일) 도착 보장 5 (10344) 최대 299원 적립",,,,,
[BNR17] 비에날퀸 (90일분),,,,,
[풀무원다논] 하루요거트 설탕 무첨가 플레인 400g,,,,,
"더담은 루핀콩, 1kg, 1개 6,980원 (100g당 698원) 내일(일) 도착 보장 4.5 (2940) 최대 199원 적립",,,,,
"삼립 꿀호떡, 513g, 1개입, 1개 4,100원 (10g당 80원) 내일(일) 새벽 도착 보장 5 (1713) 최대 205원 적립",,,,,
[정관장] 에브리타임 소프트 (20일분) (+쇼핑백증정),,,,,
친환경 솔송화 버섯150g,,,,,
"진뚝배기 직화찌개솥 해장기A 1호 + 멜라민 받침 세트, 13cm, 1세트 22%6,410원 4,990원 (1개당 4,990원) 내일(월) 도착 보장 새 상품, 반품 (5) 최저4,190원 4.5 (1864) 최대 250원 적립",,,,,
"한양식품 숏다리, 20g, 5개 7,900원 (100g당 7,900원) 내일(일) 새벽 도착 보장 5 (5396) 최대 395원 적립",,,,,
"곰곰 단백질바 미니 48개입, 480g, 1개 20%14,490원 11,590원 (10g당 241원) 내일(일) 도착 보장 5 (10560) 최대 580원 적립",,,,,
[정관장 X Kurly] 홍삼정 더 클래스 농축스틱 (50일분) (리본포장 + 쇼핑백증정),,,,,
"한우물 소불고기 구운주먹밥 10개입 (냉동), 1kg, 1개 12,100원 (100g당 1,210원) 내일(일) 새벽 도착 보장 4.5 (12432) 최대 605원 적립",,,,,
[마음이가] 프리미엄 떡 4종 선물세트 (32개입) (흑임자찹쌀떡/이북식인절미/콩쑥개떡/들깨현미쑥떡),,,,,
[와인앤모어픽업]데블스 캔디 나파 레드 블렌드 ((와인)),,,,,
"무료배송 미국산 프리미엄 삶은 도가니(스지) 1kg, 1개 9%26,000원 23,500원 (100g당 2,350원) 2/10(화) 도착 예정 4.5 (1048) 최대 1,175원 적립",,,,,
"프리미엄 블랙 로얄바인 (특, 900g내외)",,,,,
"양반 수라 통다리 삼계탕, 460g, 1개 쿠폰할인14%5,980원 5,100원 (100g당 1,109원) 내일(일) 새벽 도착 보장 새 상품, 반품-미개봉 (2) 최저4,840원 4.5 (1056) 최대 255원 적립",,,,,
[현대옥] 황태콩나물 국밥,,,,,
[버크셔세상] 저탄소 인증 버크셔K 흑돼지 제육 볶음용 400g,,,,,
[하리보] 2025 어드벤트 캘린더 319.2g,,,,,
[카페마마스] 단호박 스프 2개입,,,,,
[우리쌀 왕호두] 말차 앙버터 호두과자 (32g X 10개) (개별포장),,,,,
[바이오렉트라] 비타민B12 다이렉트 (30일분),,,,,
[밀잇] 프로틴 단백질 쉐이크 450g 4종 (택1),,,,,
[종근당건강] 락토핏 골드 유산균 선물세트 (150일분) (+쇼핑백증정),,,,,
[모미지 모나카] 모나카 피,,,,,
"못말리는신짱, 120g, 3개 34%4,500원 2,970원 (10g당 83원) 내일(일) 새벽 도착 보장 5 (3788) 최대 149원 적립",,,,,
"오뚜기 고소한 골드 마요네스, 500g, 2개 23%10,760원 8,280원 (100g당 828원) 내일(일) 새벽 도착 보장 5 (44685) 최대 414원 적립",,,,,
"해표 쫄깃한 당면, 500g, 2개 6,160원 (100g당 616원) 내일(일) 도착 보장 4.5 (14614) 최대 308원 적립",,,,,
[Kim's butcher] 호주산 차돌양지 샤브용 500g (냉동),,,,,
[상하치즈] 샐러드용 슈레드 치즈 210g,,,,,
[CU 픽업] 마르셀 엔젤가튼,,,,,
[CU 픽업] 톨라이니끼안티,,,,,
"파이토메이드 고칼슘 & 비타민D 두유 검은콩, 24개, 190ml 23%12,800원 9,800원 (100ml당 215원) 내일(일) 도착 보장 4.5 (449) 최대 490원 적립",,,,,
"무료배송 100% 아몬드 분말 1 kg / 냉각 시스템으로 유분 억제, 1kg, 1개 할인33%22,500원 14,960원 (100g당 1,496원) 2/11(수) 도착 예정 4.5 (2567) 최대 740원 적립",,,,,
"맑은물에 맑은콩 순두부, 400g, 2개 1,590원 (100g당 199원) 내일(일) 새벽 도착 보장 5 (24923) 최대 80원 적립",,,,,
데친 나물 9종,,,,,
[CU 픽업] 신세이다이긴죠720ml,,,,,
[스윗볼] GAP 자몽마토 500g,,,,,
[모리나가] 밀크카라멜 모나카 (97g X 3개입),,,,,
"불닭볶음면 소컵 70g, 6개 1%6,300원 6,180원 (1개당 1,030원) 내일(일) 도착 보장 5 (30859) 최대 309원 적립",,,,,
"메이플조 메이플 시럽, 150g, 1개 7,280원 (100g당 4,853원) 내일(일) 새벽 도착 보장 5 (690) 최대 364원 적립",,,,,
[라빈리커픽업] 금문 고량주 58도 (중국술),,,,,
"곰곰 한돈 오겹살 구이용 (냉장), 1개, 600g 20%19,900원 15,900원 (100g당 2,650원) 내일(일) 새벽 도착 보장 4.5 (338) 최대 795원 적립",,,,,
[일상味소] 토시살 200g (냉장),,,,,
[아티제] 디카페인 콜드브루 500mL,,,,,
"오뚜기옛날 사골곰탕, 500g, 2개 쿠폰할인44%3,560원 1,960원 (100g당 196원) 내일(일) 새벽 도착 보장 5 (8430) 최대 98원 적립",,,,,
[남향푸드또띠아] 간편 브리또 15종 2개입 (택1),,,,,
[디벨라] 스파게티니 500g,,,,,
"삼양라면 120g, 40개 16%29,440원 24,440원 (1개당 611원) 내일(일) 도착 보장 5 (172907) 최대 1,222원 적립",,,,,
[갓지은] 모듬영양찰떡  (50g X 8개입),,,,,
[CU 픽업] 오프리 루비 포트,,,,,
[롯데] 크런키 바 34g,,,,,
[다즐샵] 일품도시락 10종 (택2),,,,,
[김구원선생] 무농약 콩으로 만든 두부 2입,,,,,
[비비고] 청양고기만두 400Gx2개입,,,,,
[스미스티] 타운박스 3종 선물세트,,,,,
[청양] 통참깨 참기름 & 통들깨 들기름 180ml,,,,,
"곰곰한알육수 (3g x 35개입), 105g, 1개 55%12,850원 5,700원 (100g당 5,429원) 내일(일) 도착 보장 4.5 (15803) 최대 265원 적립",,,,,
[Picard] 관자 토마토 로즈마리,,,,,
[나폴레옹] 라즈베리 쇼콜라비스큐슈니탱 440g,,,,,
[KF365] 한돈 앞다리 제육용 600g (냉장),,,,,
[8APM] 딥 나잇 멜라시럽 20포,,,,,
"오뚜기 고소한 골드 마요네스, 500g, 1개 5%5,380원 5,110원 (100g당 1,022원) 내일(일) 새벽 도착 보장 5 (44685) 최대 255원 적립",,,,,
[종가] 석박지 900g,,,,,
[종근당건강] 락토핏 마시는 유산균 저당 (130mL X 4개),,,,,
[26년 설] [CU 픽업] 복분자음3입세트,,,,,
"건강한밥상 간편하게 먹는 퀵 오트밀, 500g, 1개 2,980원 (100g당 596원) 내일(일) 도착 보장 4.5 (627) 최대 149원 적립",,,,,
[자연실록] 동물복지 닭 윗날개 300g (냉장),,,,,
[유가원] 유기농 믹스넛츠 350g,,,,,
[마주] 버섯스낵 바삭칩 2종,,,,,
청피망 2입,,,,,
"무료배송 롯데칠성음료 게토레이 레몬 캔, 240ml, 30개 13,870원 (100ml당 193원) 2/11(수) 도착 예정 5 (38509) 최대 694원 적립",,,,,
[뽀로로] DIY 고구마 피자만들기,,,,,
[청정원] 직화 짬뽕 분말,,,,,
[포크밸리] 한돈 대패 삼겹살 300g (냉동),,,,,
"한돈 앞다리 찌개용 (냉장), 500g, 1개 18%10,360원 8,400원 (100g당 1,680원) 내일(일) 새벽 도착 보장 4.5 (29091) 최대 420원 적립",,,,,
[비비고] 순살 가자미 구이 60G,,,,,
[몸애조화] 유기농 도라지 차 티백 (1.5g X 10개),,,,,
"신라면 툼바 137g, 8개 24%11,704원 8,880원 (1개당 1,110원) 내일(일) 도착 보장 5 (12521) 최대 444원 적립",,,,,
[QBB] 디저트 치즈 블루베리맛 90g,,,,,
"[복음자리] 통통 단팥 (빙수, 샌드 겸용)",,,,,
"소미 시오다래, 320g, 1개 7,080원 (100g당 2,213원) 내일(일) 도착 보장 새 상품, 반품-미개봉 (30) 최저6,720원 4.5 (11545) 최대 354원 적립",,,,,
"담터 둥굴레차, 1.2g, 100개입, 1개 7,620원 (10g당 635원) 내일(일) 도착 보장 5 (38511) 최대 381원 적립",,,,,
[선물세트] 전통주 이강주 초승달 (25도 500mL),,,,,
"델몬트 스퀴즈 사과 에이드, 240ml, 30개 28%15,700원 11,160원 (100ml당 155원) 내일(일) 도착 보장 새 상품, 반품-미개봉 (35) 최저9,190원 5 (2878) 최대 558원 적립",,,,,
[오뚜기] 열라면 5입,,,,,
[브로드카세] 저당 호밀잡곡 깜빠뉴 360g,,,,,
[외계인방앗간] 우리쌀 저당모닝빵 400g 2종 (택1),,,,,
"곰곰 글루텐 프리 타피오카 전분, 1.2kg, 1개 17%7,000원 5,780원 (100g당 482원) 내일(일) 도착 보장 5 (3154) 최대 289원 적립",,,,,
[대니사] 틴케이스 버터쿠키 454g (버터 17.16% 함유),,,,,
"투데이넛 너트한줌 프리미엄 믹스넛, 20g, 50개 28%46,900원 33,400원 (100g당 3,340원) 내일(일) 도착 보장 5 (79336) 최대 1,653원 적립",,,,,
[2개구매시 30%특가][전주 베테랑] 메밀 소바 (2인분),,,,,
"롯데제로 초콜릿 칩 쿠키 12p, 168g, 1개 19%5,600원 4,500원 (10g당 268원) 내일(일) 새벽 도착 보장 5 (1114) 최대 225원 적립",,,,,
[몽슈슈] 떠먹는 치즈케이크 200g,,,,,
"오뚜기 라이트 앤 조이 1/2 하프케찹, 475g, 2개 18%7,160원 5,860원 (100g당 617원) 내일(일) 도착 보장 5 (8356) 최대 293원 적립",,,,,
[마즈] 엠앤엠즈 밀크 픽앤믹스 337.5g (25입),,,,,
"몽쉘 생크림케이크 카카오, 408g, 1개 쿠폰할인6%5,300원 4,980원 (10g당 122원) 내일(일) 새벽 도착 보장 5 (2570) 최대 249원 적립",,,,,
[CU 픽업] 루피노마찌BDM,,,,,
[전통주] 선산주조 왼그기그 생막걸리 (6도 750mL),,,,,
[데이라이프] 아이 뉴트리션 베이비키즈 철분 (33일분),,,,,
"무료배송 국산 제철 햇무 겨울 제주 월동무 ( 맛있는 제주 월동무), 1박스, 무 5kg 내외 할인13%8,880원 7,640원 (100g당 153원) 2/11(수) 도착 예정 4.5 (552) 최대 382원 적립",,,,,
"아워홈 온더고 가츠동 (냉동), 330g, 2개 13,460원 (100g당 2,039원) 내일(일) 새벽 도착 보장 5 (301) 최대 673원 적립",,,,,
"국내산 봄동, 1kg, 1봉 5,220원 (100g당 522원) 내일(일) 새벽 도착 보장 4.5 (17924) 최대 261원 적립",,,,,
"순작 유기농 우리아이 첫 보리차 티백, 8g, 20개입, 3개 8%7,980원 7,290원 (10g당 152원) 내일(일) 도착 보장 5 (4173) 최대 365원 적립",,,,,
"무료배송 서래푸드 건포도 캘리포니아, 1개, 2kg 할인16%17,910원 14,900원 (100g당 745원) 2/12(목) 도착 예정 4.5 (1286) 최대 745원 적립",,,,,
"폰타나 엑스트라 버진 올리브유 마라스카, 500ml, 1개 35%22,540원 14,590원 (100ml당 2,918원) 내일(일) 도착 보장 5 (23672) 최대 730원 적립",,,,,
[미트클레버] 한돈 떡갈비 (1개입/2개입),,,,,
[아그로수퍼] 돼지고기 감자탕용 등뼈 2kg,,,,,
[테라오카] 계란에 뿌려먹는 연한 단맛 간장,,,,,
[아이농] 무농약 해남 골드키위 400g (4~6입),,,,,
[콴첼] 더 좋은 MBP (120일분),,,,,
"곰곰 저당 저칼로리 알룰로스, 1.32kg, 1개 49%21,000원 10,590원 (100g당 802원) 내일(일) 도착 보장 5 (2925) 최대 530원 적립",,,,,
유기농 시금치 200g,,,,,
[풀무원] 매콤간장 꼬들무 장아찌 220g,,,,,
"무료배송 [유통마진제로] 재구매폭발 꿀당도Brix 제주직송 골드키위, 1박스, 2kg 쿠폰할인49%28,400원 14,350원 (100g당 718원) 2/12(목) 도착 예정 4.5 (281) 최대 718원 적립",,,,,
"다향 훈제오리 슬라이스, 150g, 3개 10,970원 (100g당 2,438원) 내일(일) 새벽 도착 보장 5 (9378) 최대 549원 적립",,,,,
[오설록] 티베리에이션 에센스 6종 선물세트,,,,,
[광령] 제주 양념젓갈 샘플러,,,,,
[커피스니퍼] 블렌드 원두 200g 3종(택1),,,,,
[외계인방앗간] 현미쌀 식빵 340g,,,,,
[CU 픽업] 우드브릿지카쇼,,,,,
[종근당건강] 락토핏 맘스 유산균 (60일분),,,,,
"무료배송 참미소떡볶이 떡국떡 (국산쌀) 벌크포장, 1kg, 2개 쿠폰할인17%11,600원 9,620원 (100g당 481원) 2/10(화) 도착 예정 4.5 (11271) 최대 481원 적립",,,,,
[선물세트][로렌조] 발사믹 모데나 IGP 플래티넘,,,,,
[멜스x제주 아니따]  제주 앤초비 감태페스토,,,,,
[횡성축협한우] 1등급 한우 세절 국거리 200g,,,,,
"무료배송 통영 생굴 최상급 (오후 6시 이전 주문시 당일발송), 1개, 3kg 할인42%62,700원 36,000원 (100g당 1,200원) 모레(월) 도착 예정 4.5 (15124) 최대 1,800원 적립",,,,,
[전통주] 중원양조 사랑할때 _사과주 (12도 300mL),,,,,
"크라운 츄러스, 84g, 4개 쿠폰할인35%6,000원 3,880원 (10g당 115원) 내일(일) 도착 보장 5 (8051) 최대 194원 적립",,,,,
"다향 1등급 훈제 오리 슬라이스, 600g, 2개 12%27,440원 24,010원 (100g당 2,001원) 내일(일) 새벽 도착 보장 5 (251200) 최대 1,200원 적립",,,,,
[참프레] 버팔로봉 1kg,,,,,
[파스키에] 트레쎄 홀 로프 630g,,,,,
"오랩 계란대신 요리란 난백, 500g, 1개 5,100원 (100g당 1,020원) 내일(일) 새벽 도착 보장 5 (3304) 최대 255원 적립",,,,,
"청우식품 양념치킨 순한맛 소스, 2.1kg, 1개 26%10,600원 7,820원 (100g당 372원) 내일(일) 도착 보장 4.5 (5181) 최대 351원 적립",,,,,
[메디웰] 혈당관리 선물세트 1호,,,,,
"무료배송 정읍젊은농부 햇 호박고구마, 5kg 호박고구마 꼬마 (20~60g), 1박스 쿠폰할인46%27,900원 14,900원 (100g당 298원) 2/10(화) 도착 예정 4 (22206) 최대 745원 적립",,,,,
"한강식품 IQF 무항생제 닭안심 (냉동), 1kg, 1개 7,990원 (100g당 799원) 내일(일) 새벽 도착 보장 5 (12109) 최대 400원 적립",,,,,
[Kurly's] 동물복지 닭 볶음탕용 1kg,,,,,
"프리미엄 이유식용 친환경 베이비 시금치, 50g, 1개 2,490원 (100g당 4,980원) 내일(일) 새벽 도착 보장 5 (300) 최대 125원 적립",,,,,
"국내산 대용량 참타리버섯, 500g, 1개 3,200원 (100g당 640원) 내일(일) 새벽 도착 보장 5 (20048) 최대 160원 적립",,,,,
[아우어베이커리] 호두 크랜베리 호밀빵 175g X 2개입,,,,,
[백설] 참치액 순 더 깔끔한 맛 900g,,,,,
[와인앤모어픽업]프레스코발디 페라노 끼안티 클라시코 ((와인)),,,,,
"햇반 발아현미밥, 210g, 8개 33%16,680원 11,100원 (100g당 661원) 내일(일) 도착 보장 새 상품, 반품-미개봉 (7) 최저10,100원 5 (95503) 최대 555원 적립",,,,,
[도펠헤르츠] 마칼디 칼슘 마그네슘 비타민D3 2종 (택1),,,,,
[바이오렉트라] 비타민D 다이렉트 (30일분),,,,,
[컬리X커피리브레] 이달의 원두 200g (2월 원두 : 페루 게이샤),,,,,
"호주산 우민찌 다짐육 (냉동), 1개, 500g 11,100원 (100g당 2,220원) 내일(일) 새벽 도착 보장 4.5 (4522) 최대 555원 적립",,,,,
[자연담은] 블랙렌틸콩 1kg,,,,,
[상하농원] 프랑크프루터 180g,,,,,
사미헌 인기 4종 모음 (택1),,,,,
"곰곰 신선한 1+등급 무항생제 인증 초란, 30구, 1개 11,790원 (1구당 393원) 내일(일) 새벽 도착 보장 4.5 (2049) 최대 590원 적립",,,,,
[청정원] 짜지 않은 리치부어스트 200g*2,,,,,
"단미푸드 레인보우큐브 MIX, 1개, 90g 7,980원 (10g당 887원) 내일(일) 새벽 도착 보장 5 (635) 최대 399원 적립",,,,,
[오설록] 제주섬 녹차 아몬드볼 초콜릿 80g,,,,,
[혜윰] 별빛침향환 14환,,,,,
[쌍계명차] 큐브 스페셜 에디션 9종 선물세트,,,,,
[도제식빵] 블루베리 크림치즈 산도,,,,,
[GRN] 리셋브이캔디 1박스 28정,,,,,
"레몬그라스, 100g, 1개 2,450원 (100g당 2,450원) 내일(일) 새벽 도착 보장 5 (1463) 최대 123원 적립",,,,,
바로 데워/끓여 먹는 냉동 채소 5종 골라담기 (택2),,,,,
[둥구나무] 도라지 나물,,,,,
[새니테리엄] 위트빅스 오리지널 1.2kg,,,,,
[CU 픽업] 게잇나파까쇼,,,,,
"이온더핏 제로 이온음료, 500ml, 24개 16,340원 (100ml당 136원) 내일(일) 도착 보장 5 (31328) 최대 817원 적립",,,,,
"오뚜기 양념치킨 소스, 490g, 2개 24%6,560원 4,980원 (100g당 508원) 내일(일) 도착 보장 5 (42955) 최대 249원 적립",,,,,
경기 시금치 200g,,,,,
[정관장] 기다림 침향환 30환,,,,,
"올푸릇 무농약 인증 대추방울토마토, 500g, 1개 4,980원 (100g당 996원) 내일(일) 새벽 도착 보장 4.5 (937) 최대 249원 적립",,,,,
"오뚜기 데리야끼 소스, 345g, 1개 4,220원 (100g당 1,223원) 내일(일) 새벽 도착 보장 5 (1620) 최대 211원 적립",,,,,
[안국건강] 아이원 더 퍼스트 트리플(30일분),,,,,
유기농 쑥갓 150g,,,,,
[제주 성이시돌목장] 유기농 후레쉬 모짜렐라 치즈 125g,,,,,
[비오오가니카] 유기농 피티드 올리브 2종,,,,,
[CU 픽업] 로르나노 끼안띠 클라시코 리제르바 레 반디트,,,,,
"리챔 오리지널, 340g, 1개 42%7,480원 4,270원 (10g당 126원) 내일(일) 새벽 도착 보장 새 상품, 반품-미개봉 (2) 최저4,050원 5 (4003) 최대 214원 적립",,,,,
"안심곳간 가루미박력쌀가루, 1개, 3kg 할인40%16,000원 9,500원 (100g당 317원) 내일(일) 도착 보장 5 (263) 최대 475원 적립",,,,,
[톰볼라] 볼로네제 라자냐,,,,,
[집국백서:가마솥 수제국] 시래기된장국,,,,,
"카레여왕 구운마늘&양파 분말카레, 108g, 2개 36%10,960원 6,940원 (100g당 3,213원) 내일(일) 새벽 도착 보장 5 (14238) 최대 347원 적립",,,,,
[페피트파리] 브리오슈 식빵 5종 (택1),,,,,
"짬뽕 왕뚜껑 110g, 4개 4,160원 (1개당 1,040원) 내일(일) 도착 보장 5 (14553) 최대 208원 적립",,,,,
"바프 먼투썬 2주 하루견과 280g, 1개 12,900원 (1세트당 12,900원) 내일(일) 새벽 도착 보장 5 (1013) 최대 625원 적립",,,,,
"비비드키친 저칼로리 양념치킨 소스, 290g, 1개 3,910원 (100g당 1,348원) 내일(일) 새벽 도착 보장 5 (14552) 최대 195원 적립",,,,,
"곰곰 부사 사과, 1.5kg(중과), 1봉 14,920원 (100g당 995원) 내일(일) 새벽 도착 보장 4 (2127) 최대 746원 적립",,,,,
[풀무원] 촉촉한 닭가슴살 만두 2종 (4개입) (택1),,,,,
[목우촌목장] 국내산 소고기 골라담기 9종,,,,,
"서울우유 슈레드 모짜렐라 치즈, 1kg, 1개입, 1개 14,690원 (10g당 147원) 내일(일) 새벽 도착 보장 5 (75715) 최대 735원 적립",,,,,
"오뚜기 튀김가루, 1kg, 2개 5,400원 (100g당 270원) 내일(일) 도착 보장 5 (16445) 최대 270원 적립",,,,,
"제주 콜라비, 2개입, 2개 7,720원 (1개당 1,930원) 내일(일) 새벽 도착 보장 4.5 (4560) 최대 386원 적립",,,,,
[군산 이성당] 야채 고로케 (100g X 4개입),,,,,
[언더프레셔] 블랙&화이트 디카페인 콜드브루 200mL,,,,,
[아티장 비스킷] 치즈를 위한 토스트 100g (살구&참깨),,,,,
[모두의맛집] 정지선 셰프 유산슬 덮밥,,,,,
[우아] 롱스틱 40g 3종 (택1),,,,,
[CU 픽업] 아멜&샤를피노,,,,,
[쟈뎅] 카페리얼 무라벨 커피 RTD 400mL X 20개 3종(택1),,,,,
"광식이농장 완숙 토마토, 1.5kg, 2팩 15,300원 (100g당 510원) 내일(일) 새벽 도착 보장 4.5 (99659) 최대 765원 적립",,,,,
"밀키스 제로, 500ml, 6개 7,140원 (100ml당 238원) 내일(일) 도착 보장 5 (8855) 최대 357원 적립",,,,,
[목우촌] 주부9단 통그릴 프랑크 580g,,,,,
[푸드올로지] 지중해 올리브오일 캡슐 30포,,,,,
[CU 픽업] 간노꼬 720ml,,,,,
[홍쌍리] 청매실절임 430g,,,,,
[락티브] 식물성 멜라토닌 5mg 함유 멜라드림 플러스 30정,,,,,
"레몬 15~18입, 1.8kg, 1개 10,470원 (100g당 582원) 내일(일) 새벽 도착 보장 4.5 (2671) 최대 524원 적립",,,,,
[이즈니] 롤 버터 무염 500g (냉동),,,,,
"마니커 닭터의자연 무항생제 인증 1등급 닭백숙용 (냉장), 850g, 1개 5,780원 (100g당 680원) 내일(일) 새벽 도착 보장 4.5 (11064) 최대 289원 적립",,,,,
"무료배송 산과들에 순수가온 너트, 20g, 100개 67,800원 (100g당 3,390원) 2/13(금) 도착 예정 5 (10760) 최대 3,390원 적립",,,,,
[스팸] 25% 라이트 200g * 6입,,,,,
[비타바움] 퓨어비타민C 500 (7일/12일/30일) 3종 (택1),,,,,
샬롯 200g,,,,,
[나가타니엔] 오토나노 후리카케 3종 (4개입/1봉),,,,,
[풀무원] 미트파스타 2인분,,,,,
"풀무원 야채쏙 두부봉, 180g, 1개 2,240원 (100g당 1,244원) 내일(일) 새벽 도착 보장 5 (4071) 최대 112원 적립",,,,,
"곰곰 훈제 프랑크 닭가슴살 소시지 (냉동), 100g, 6개 39%17,900원 10,790원 (100g당 1,798원) 내일(일) 새벽 도착 보장 4.5 (22610) 최대 540원 적립",,,,,
[초록원] 저당 청귤차 530g,,,,,
"샘표 양조간장 701, 860ml, 1개 19%10,720원 8,610원 (100ml당 1,001원) 내일(일) 도착 보장 5 (33497) 최대 430원 적립",,,,,
[김소영 아티장의 안단테] 라퀘유 푸름 당베르,,,,,
"맛을 그리다 믹스너트 웰빙클래식, 1kg, 1개 28,400원 (100g당 2,840원) 내일(일) 도착 보장 4.5 (9040) 최대 1,420원 적립",,,,,
[도시곳간] 7days 건강 반찬 세트 - 금요일,,,,,
[베피노 오첼리] 이탈리아 수제 버터 무염 2종 (택1),,,,,
"올프레쉬 GAP 인증 한단 금실딸기 대과, 330g, 1개 15,990원 (100g당 4,845원) 내일(일) 새벽 도착 보장 4.5 (13432) 최대 800원 적립",,,,,
[연경당] 호두 강정 120g,,,,,
[오마뎅] 매콤한 우리쌀 가래떡 국물떡볶이,,,,,
[선물세트] 슈퍼너츠 땅콩버터&그래놀라 기획 (우드 스프레더 증정),,,,,
[와인앤모어픽업]프레스코발디 카스틸리오니 끼안티 ((와인)),,,,,
"은하수산 노르웨이 숙성한 연어회, 200g, 1개 32%24,900원 16,900원 (100g당 8,450원) 내일(일) 새벽 도착 보장 4.5 (31886) 최대 795원 적립",,,,,
[김판수과메기] 구룡포 손질 과메기 (냉장),,,,,
"인디 저당 통밀 또띠아 20cm, 45g, 14개 8,730원 (100g당 1,386원) 내일(일) 도착 보장 4.5 (74) 최대 436원 적립",,,,,
"귤탐 당도선별 11brix 하우스감귤, 2kg(로열과), 2개 3%41,800원 40,500원 (100g당 1,013원) 내일(일) 새벽 도착 보장 4.5 (232994) 최대 2,025원 적립",,,,,
"무료배송 필리핀 코코넛 롱 슬라이스 1kg코코넛채코코넛롱, 1000g, 1개 11,400원 (100g당 1,140원) 2/10(화) 도착 예정 5 (125) 최대 570원 적립",,,,,
[선물세트] 조선호텔 1+ 한우 오마카세세트,,,,,
[군산 이성당] 통팥 호두 찹쌀떡 (90g X 10개입),,,,,
[풀무원] 지구식단 크리스피 한입 두부 탕수육,,,,,
[미떼] 오리지널 핫초코 (30g X 10개),,,,,
[CU 픽업] 까르피네도가졸로로,,,,,
"쌍계명차 말차 파우더, 500g, 1개입, 1개 12,900원 (10g당 258원) 내일(일) 도착 보장 5 (273) 최대 645원 적립",,,,,
"무료배송 바다의품격 당일채취 손질 세척 생홍합, 1개, 3kg 할인45%12,000원 6,540원 (100g당 218원) 2/11(수) 도착 예정 4 (3364) 최대 327원 적립",,,,,
[면사랑] 칼국수사리 230g x 5개입 (개별 포장),,,,,
[시티델리] 피타브레드 포켓 샌드 2종 (택1),,,,,
"횡재미가 싸래기쌀 떡 죽용, 1개, 10kg, 등 외 할인9%21,990원 19,990원 (100g당 200원) 내일(일) 도착 보장 새 상품, 반품-미개봉 (5) 최저19,390원 4 (660) 최대 1,000원 적립",,,,,
[르쁘띠베레] 블랑드블랑 논알콜 스파클링 750mL,,,,,
"무료배송 바로 까 먹는 생율밤 칼집밤, 2kg, 1개 17%30,000원 24,700원 (100g당 1,235원) 2/10(화) 도착 예정 4.5 (15966) 최대 1,235원 적립",,,,,
[예찬원] 가마솥육수 코인육수 120g (40정),,,,,
"유기가공식품 인증 웰팜넷 유기농 다진브로콜리 (냉동), 90g, 1개 2,930원 (100g당 3,256원) 내일(일) 새벽 도착 보장 5 (3860) 최대 146원 적립",,,,,
[미식당] 홍천식 간장닭갈비 400g,,,,,
"청정원 연겨자, 35g, 1개 1,660원 (10g당 474원) 내일(일) 새벽 도착 보장 5 (91) 최대 83원 적립",,,,,
"크리스피 허니눈꽃 쌀과자, 920g, 1개 30%15,000원 10,500원 (10g당 114원) 내일(일) 도착 보장 5 (37507) 최대 525원 적립",,,,,
[CU 픽업] 와일드터키마스터스,,,,,
[퍼지락] 자일리톨 캔디 4종 (택1),,,,,
[CU 픽업] 에비스350ml*24캔,,,,,
"신라면 건면 사발 77g, 8개 10,720원 (1개당 1,340원) 내일(일) 도착 보장 5 (15713) 최대 536원 적립",,,,,
"무료배송 목우촌 오리훈제 슬라이스, 200g, 10개 47%63,800원 33,500원 (100g당 1,675원) 2/13(금) 도착 예정 4.5 (6384) 최대 1,675원 적립",,,,,
[베지밀] 검은콩 아몬드 호두 두유 (190mL X 16개),,,,,
[선물세트] 뉴트리원 비비랩 석류콜라겐S 14포 X 4박스,,,,,
"맑은물에 찐낫또, 45.5g, 2개입, 2개 3,310원 (100g당 1,819원) 내일(일) 새벽 도착 보장 5 (4528) 최대 165원 적립",,,,,
"투데이넛 구운아몬드 300g + 호두 250g, 1세트 14%14,900원 12,790원 내일(일) 새벽 도착 보장 4.5 (5483) 최대 640원 적립",,,,,
[크래프트 하인즈] 야채 믹스 270g,,,,,
"친환경 미니 새송이버섯, 200g, 1개 1,490원 (100g당 745원) 내일(일) 새벽 도착 보장 5 (57178) 최대 75원 적립",,,,,
[비비슨] 이뮨샷 멀티비타민 올웨이즈 스페셜 (6일분),,,,,
"해태htb 구론산 스파클링 오리지날액 음료 선물세트, 150ml, 20개 13,700원 (100ml당 457원) 내일(일) 도착 보장 5 (12629) 최대 635원 적립",,,,,
[맑은물에] 빠르게한끼 국산콩 간편한 연두부 6입 2종,,,,,
"비비드키친 저칼로리 크레이지핫소스, 315g, 1개 8%4,100원 3,750원 (100g당 1,190원) 내일(일) 새벽 도착 보장 5 (324) 최대 188원 적립",,,,,
[오마뎅] 어묵파 오뎅떡볶이,,,,,
[뉴믹스] 에어 오리지널맛 저당 커피 파우더 스틱 (14g X 10포),,,,,
[선미한과] 강릉 반반 약과 세트,,,,,
[CU 픽업] 비스킷앤드보셰VSOP,,,,,
[곱창파는청년들] 한우대창,,,,,
[차려낸] 건더기가 풍부한 육개장,,,,,
[청정원] 저당케찹 490g,,,,,
[일동후디스] 아이얌 구워만든 순 곡물바 3종,,,,,
홍성대 생산자의 아리향 딸기 500g(등급:특/한단),,,,,
[청정원] 그레인보우 4종 (2입) (택1),,,,,
[일양약품] 서클존 징코플러스 (120일분),,,,,
[이더스] 달콤 바삭 크룽지 (24g X 5개입),,,,,
[오뚜기] 콘크림스프 팝콘 55g,,,,,
"비비고 직화 참기름김, 90g, 1개 15%9,980원 8,480원 (10g당 942원) 내일(일) 도착 보장 새 상품, 반품-미개봉 (12) 최저8,050원 5 (22041) 최대 424원 적립",,,,,
"푸드앤픽 수입 파로 엠머 밀, 2kg, 1개 11,900원 (100g당 595원) 내일(일) 도착 보장 4.5 (1257) 최대 595원 적립",,,,,
[라빈리커픽업]스마일리 소비뇽 블랑 버킷세트 (와인),,,,,
"청수생약 인도산 강황가루 분말, 600g, 1개 할인28%10,000원 7,200원 (10g당 120원) 내일(일) 도착 보장 4.5 (1191) 최대 360원 적립",,,,,
"무료배송 농협 농협에서 만든 찰보리쌀, 3kg, 1개 18,490원 (100g당 616원) 2/12(목) 도착 예정 4.5 (831) 최대 925원 적립",,,,,
[스타벅스] 캡슐 by 돌체구스토 14종(택1),,,,,
[삼도갈비] 마늘양념 갈매기살 320g (냉동),,,,,
[Kim's butcher] 호주산 목초육 치마살 구이용 200g,,,,,
[라빈리커픽업]이스까이 말벡 까베르네 프랑 (와인),,,,,
"동서 둥굴레차, 4g, 18개입, 2개 6,980원 (10g당 485원) 내일(일) 도착 보장 5 (3569) 최대 349원 적립",,,,,
"무료배송 현대농산 국산 늘보리 겉보리쌀 꽁보리밥, 5kg, 1개 14,200원 (100g당 284원) 2/11(수) 도착 예정 4.5 (3366) 최대 710원 적립",,,,,
[크래프트] 슈레드 파마산 치즈 170g,,,,,
[카누] 커피 캡슐 16개입 6종(택1)(돌체구스토 호환),,,,,
"면사랑 쌀떡국떡, 1kg, 2개 7,180원 (100g당 359원) 내일(일) 도착 보장 4.5 (5088) 최대 359원 적립",,,,,
[롯데] 프리미엄 가나 랑드샤 2종 (택1),,,,,
[CU 픽업] 와일드터키롱브랜치,,,,,
"모위 프리미엄 생연어 횟감용 (냉장), 1개, 1kg 22%49,900원 38,790원 (100g당 3,879원) 내일(일) 새벽 도착 보장 4.5 (9423) 최대 1,940원 적립",,,,,
[키즈텐] 칼슘업 츄어블 (45일분),,,,,
"야마끼 시라다시, 500ml, 1개 6,980원 (10ml당 140원) 내일(일) 도착 보장 5 (233) 최대 349원 적립",,,,,
[알디콤] 알디콤 Plus (21ml X 5포),,,,,
[해태] 에이스 씬 에스프레소 291g,,,,,
"스팸 8C호 선물세트 + 쇼핑백, 1세트 52%56,900원 26,900원 (1세트당 26,900원) 내일(일) 도착 보장 5 (11854) 최대 1,318원 적립",,,,,
[Perle di sole] 포지타노 오렌지&레몬 캔디 (슈가프리),,,,,
"무료배송 알티스트 밀가루 대신 글루텐 프리 타피오카 전분, 1.2kg, 2개 할인19%14,050원 11,350원 (100g당 473원) 2/10(화) 도착 예정 4.5 (12210) 최대 568원 적립",,,,,
[아이배냇] 핑거별 2종 (택1),,,,,
"곳간지기 적두, 1kg, 1개 22%8,900원 6,900원 (100g당 690원) 내일(일) 도착 보장 4.5 (1235) 최대 345원 적립",,,,,
[미자언니네] 오이 맛살 샐러드,,,,,
BEST 3 냉동 과일 미니팩 400g,,,,,
"무료배송 [바다찬미] 국내산 짜지않은 햇 잔지리멸치(최상급) 어린이용 아기멸치, 1박스, 1.5kg 16%28,700원 23,900원 (100g당 1,593원) 2/10(화) 도착 예정 4.5 (555) 최대 909원 적립",,,,,
[CU 픽업] 데와자쿠라모모720ml,,,,,
[만선] 점보 손질 가자미살 360g (냉동),,,,,
[하루견과] 패밀리넛 베리 2종,,,,,
"무료배송 아주존 국내산 쇠고기 다시 골드, 1개, 1kg 할인19%8,680원 6,980원 (100g당 698원) 2/10(화) 도착 예정 4.5 (551) 최대 349원 적립",,,,,
"해저식품 광천해저 뿌려먹는 김가루, 1개, 70g 3,880원 (10g당 554원) 내일(일) 새벽 도착 보장 5 (6917) 최대 194원 적립",,,,,
[네이처앤헬스] 브라질너트 2종,,,,,
"하이포크 무항생제 인증 한돈 앞다리 제육용 (냉장), 1개, 300g 6,490원 (100g당 2,163원) 내일(일) 새벽 도착 보장 4.5 (1388) 최대 325원 적립",,,,,
"강릉초당두부 국내산 콩 강릉하면 초당 순두부, 400g, 1개 2,990원 (100g당 748원) 내일(일) 새벽 도착 보장 5 (356) 최대 150원 적립",,,,,
"닭가슴살 양배추쌈 30구 (냉동), 1kg, 1개 13,800원 (100g당 1,380원) 내일(일) 새벽 도착 보장 4.5 (21870) 최대 690원 적립",,,,,
"그린팟 시나몬스틱, 300g, 1개, 1개입 6,100원 (10g당 203원) 내일(일) 도착 보장 5 (3130) 최대 305원 적립",,,,,
"프랭크버거 브리오슈 버거번 (냉동), 68g, 1개, 8개입 6,000원 (10g당 110원) 내일(일) 새벽 도착 보장 5 (451) 최대 300원 적립",,,,,
[조선호텔] 떡갈비 345g,,,,,
[삼양] 맹구짱구 85g,,,,,
[닥터메타] 프리미엄 덴티시브 (30일분),,,,,
"무료배송 가야촌 한돈 돼지고기 등뼈, 2kg, 1개 할인39%15,000원 9,060원 (100g당 453원) 2/11(수) 도착 예정 4.5 (1613) 최대 448원 적립",,,,,
[CU 픽업] 브레즈오브글렌리벳,,,,,
[에그마카슈] 버터를 품은 에그타르트 4개 세트 3종 (택1),,,,,
"해태제과 홈런볼 초코, 41g, 16개 15,900원 (10g당 242원) 내일(일) 도착 보장 5 (134700) 최대 739원 적립",,,,,
[교토퍼펙트말차] 말차 디저트 6종 (택1),,,,,
[할리스] 카페 라떼 파우더 스틱(15g X 10개),,,,,
[베프코] 홋카이도 센베 2종 (택1),,,,,
[하겐다즈] 미니컵 4종 (100mL X 3개) (택1),,,,,
"무료배송 산과들에 원데이오리지널 하루견과 50봉, 20g, 50개 할인14%25,500원 21,780원 (100g당 2,178원) 2/10(화) 도착 예정 4.5 (12081) 최대 1,089원 적립",,,,,
"농심 안성탕면 125g, 5개 3,680원 (1개당 736원) 내일(일) 도착 보장 5 (368426) 최대 184원 적립",,,,,
"무료배송 대한농산 2025년 햅쌀 철원오대쌀, 5kg, 1개, 상등급 할인15%28,000원 23,700원 (100g당 474원) 2/11(수) 도착 예정 4.5 (10741) 최대 1,185원 적립",,,,,
"무료배송 열두닭 오븐으로만 조리한 닭가슴살 오리지널 훈제맛, 100g, 30개 32%63,000원 42,500원 (100g당 1,417원) 2/11(수) 도착 예정 4.5 (2907) 최대 2,125원 적립",,,,,
"강릉초당두부 강릉하면 초당 순두부, 400g, 1개 1,890원 (100g당 473원) 내일(일) 새벽 도착 보장 5 (894) 최대 95원 적립",,,,,
[더닐크팩토리] 100% 아몬드 스프레드 오리지널 120g,,,,,
[CU 픽업] 그로브밀쇼블,,,,,
[해태] 프리츠 사라다 35g,,,,,
"무료배송 에브리데이넛츠 베리믹스넛 1kg+1kg, 2개, 1kg 할인24%17,800원 13,380원 (100g당 669원) 2/12(목) 도착 예정 4.5 (158) 최대 669원 적립",,,,,
[테디뵈르하우스] 크루키 2종 (택1),,,,,
"[비비슨] 이뮨샷 멀티비타민 올웨이즈 (스페셜, 액티브) 2종 (6일분) (택1)",,,,,
[CU 픽업] 까테나 니카시아 빈야드말벡,,,,,
[종근당건강] NMN 엔엠엔 30정,,,,,
[아름뜰] 맷돌방식으로 만든 검은콩&귀리 무가당 두유 (180mL X 15개),,,,,
"무료배송 무첨가 100% 트리플베리 칠레산, 1개, 1kg 5%13,500원 12,770원 (100g당 1,277원) 모레(월) 도착 예정 4.5 (103) 최대 639원 적립",,,,,
[장세순] 무농약 발아 현미 1.5kg,,,,,
[로투스] 비스코프 스프레드 2종 (택1),,,,,
[수산곳간] 그시절 빠삭 땅콩먹태 30g 2종 (택1),,,,,
[폴 바셋] 시그니처 블렌드 원두 500g,,,,,
"무료배송 [만족도1위] 최상품선별 곶감 호두말이 선물세트, 1박스, 20구 할인57%53,500원 22,500원 2/11(수) 도착 예정 5 (47) 최대 1,125원 적립",,,,,
"리치팜너트 믹스베리, 400g, 1개 33%12,900원 8,600원 (100g당 2,150원) 내일(일) 도착 보장 4.5 (828) 최대 417원 적립",,,,,
유채나물 150g,,,,,
[종근당] 녹용 홍삼골드 애니타임 스틱 30포,,,,,
[Lay's] 스파이시 마라맛 감자칩 170g,,,,,
"검정영양혼합 6곡, 2kg, 1개 27%14,980원 10,800원 (100g당 540원) 내일(일) 도착 보장 4.5 (6688) 최대 540원 적립",,,,,
[프롬바이오] 관절연골엔 보스웰리아 (30일분) (+쇼핑백증정),,,,,
[동원] 고추참치 150g x 4캔,,,,,
[풀무원] 백색 김밥 단무지,,,,,
"삼립 미니 꿀호떡, 400g, 1개입, 2개 7,920원 (10g당 99원) 내일(일) 새벽 도착 보장 5 (12530) 최대 396원 적립",,,,,
"[전통주] 빙탄복 (7도,370mL)",,,,,
[리고] 100% 아몬드 스프레드 2종 (택1),,,,,
[유동] 자연산 골뱅이 300g,,,,,
[KF365] 한돈 고추장양념 돼지불고기 (냉동) 1.2kg (300g*4ea),,,,,
"무료배송 [특가세일] 당도특품 한라봉 고당도 선별, 1박스, 5kg 대과 (16과 내외) 쿠폰할인44%49,300원 27,390원 (100g당 548원) 2/11(수) 도착 예정 4.5 (359) 최대 1,370원 적립",,,,,
[선물세트] 몽샹82 스위트 세트 390g,,,,,
[Picard] 그린 채소 믹스 750g,,,,,
"청정원 저당 오리엔탈 드레싱, 310g, 1개 4,230원 (100g당 1,365원) 내일(일) 도착 보장 5 (1462) 최대 211원 적립",,,,,
[상하] 더블업 모짜렐라 슬라이스 10매입,,,,,
[엠보그] 쿠킹 크림 200mL,,,,,
[요플레] 플레인 (85mL X 4개),,,,,
"농협식품 제대로 만든 국산 전통당면, 400g, 1개 5,480원 (100g당 1,370원) 내일(일) 도착 보장 5 (3193) 최대 274원 적립",,,,,
"순작 아몬드 검은콩 율무차, 18g, 60개입, 1개 36%27,300원 17,330원 (10g당 160원) 내일(일) 도착 보장 5 (1439) 최대 866원 적립",,,,,
[오로라] 오로라 리포좀 비타민B 콤플렉스 (7일분),,,,,
"쉐프엠 만능 감자샐러드, 500g, 1개 7,500원 (10g당 150원) 내일(일) 새벽 도착 보장 5 (2872) 최대 375원 적립",,,,,
[진가네반찬] 오이나물 초무침,,,,,
[데이라이프] 아이 뮨 베이비키즈 아연 (33일분),,,,,
"무료배송 싱싱한 제주 구좌 햇 흙당근 3kg 5kg 10kg, 1개, 3kg(중과) 19%12,900원 10,400원 (100g당 347원) 2/10(화) 도착 예정 4 (496) 최대 520원 적립",,,,,
"햇살담은 국간장, 500ml, 1개 7%4,150원 3,850원 (100ml당 770원) 내일(일) 새벽 도착 보장 5 (3431) 최대 193원 적립",,,,,
[그레인온] 파로효소 레드 캡슐레이션 30포,,,,,
"양반 수라 통다리 삼계탕, 460g, 2개 쿠폰할인23%11,960원 9,100원 (100g당 989원) 내일(일) 도착 보장 4.5 (4424) 최대 455원 적립",,,,,
[선물세트] 전통주 우희열명인 한산소곡주 천상문 (18도 500mL),,,,,
[KF365] 노르웨이 생연어필렛 1kg (냉장),,,,,
"해태제과 맛동산, 70g, 10개 9,530원 (10g당 136원) 내일(일) 도착 보장 5 (107266) 최대 429원 적립",,,,,
[필리브] 아르기닌 6200 에너지 부스터샷 14포,,,,,
[시루조아] 삼색 설기 3종 (택1),,,,,
[고래사] 야채듬뿍 꼬마바,,,,,
"무료배송 정품 카무트 쌀 고대곡물 기능성쌀, 1kg, 2개 할인12%18,900원 16,630원 (100g당 832원) 2/21 도착 예정 4.5 (19) 최대 831원 적립",,,,,
[뉴오리진] 에스트리션 유한백수오 퓨어 (30일분),,,,,
"무료배송 포항 구룡포 청어과메기 국산 과메기, 1세트, 10미20쪽(청어과메기단품) 할인25%25,000원 18,700원 2/11(수) 도착 예정 5 (79) 최대 935원 적립",,,,,
[김미떡] 나이스투미츄 매콤치즈떡 400g,,,,,
[농협풍산김치] 포기배추김치 5kg,,,,,
"무료배송 한끼농산 국산 발아현미 5kg 대용량, 1개 할인28%27,900원 19,900원 (100g당 398원) 2/13(금) 도착 예정 4.5 (2530) 최대 995원 적립",,,,,
[CU 픽업] 너드,,,,,
"고미네 레드 렌틸콩, 1kg, 1개 4,900원 (100g당 490원) 내일(일) 도착 보장 새 상품, 반품-미개봉 (3) 최저4,650원 4.5 (392) 최대 245원 적립",,,,,
[라빈리커픽업] 반피 로사 리갈 (와인),,,,,
[담터] 발아 현미 율무차 (15g X 15포),,,,,
[CU 픽업] 프레스코 니포짜노 몬테소디,,,,,
[CU 픽업] 묘수비앙코베르데호,,,,,
[콜린스 다이닝] 클래식 미트라구 파스타,,,,,
이유식 재료 친환경 아욱 50g,,,,,
[선물세트] 전통주 전주이강주 주병세트 (25도 500mL 2병),,,,,
"무료배송 알부자집 무항생제계란 왕란, 30구, 3개 30,500원 (1구당 339원) 2/10(화) 도착 예정 5 (2400) 최대 1,525원 적립",,,,,
[황실토종닭] 황실 토종란 10구,,,,,
[정다운] 느린농장 오리 가슴살 500g,,,,,
"곰곰 오리지널 부어스트, 600g, 1개 8,380원 (10g당 140원) 내일(일) 새벽 도착 보장 5 (6460) 최대 419원 적립",,,,,
[셀게이트] 두뇌에 PS 포스파티딜세린 (15일분),,,,,
[CU 픽업] 수카바티라거*24캔,,,,,
[Fage] 프루요 플레이버 그릭 요거트 150g 7종,,,,,
"그릭데이 시그니처 요거트 피스타치오, 100g, 2개 8,730원 (10g당 437원) 내일(일) 새벽 도착 보장 4.5 (303) 최대 436원 적립",,,,,
"[전통주] 시에가(계피향) (22도, 500mL)",,,,,
[CU 픽업] 누벨준마이긴죠 720ml,,,,,
채소믹스 500g,,,,,
[우정욱의 수퍼판] 한우양지무국,,,,,
[오즈키친] 세계카레 6종 (택1),,,,,
[가시제거연구소] 고등어밥상 오렌지라벨 800g (6-7개입),,,,,
윈터프린스 감귤 1kg (4~7입),,,,,
[쌍계명차] 김동곤 명인이 만든 대용량 티백 3종 (택1),,,,,
[한끼통살] 제로 소스통살 5종 (1입/4입) (택1),,,,,
[앤쿡] 어린이 한우 맑은 나주 곰국 (200g*8개입),,,,,
[대상웰라이프] 마이밀 마시는 뉴프로틴 딥초코 16팩,,,,,
"오케이 베트남 건 고추, 1개, 100g 3,990원 (100g당 3,990원) 내일(일) 도착 보장 4.5 (68) 최대 200원 적립",,,,,
[자연애찬] 훈제란 20구,,,,,
[푸드올로지] 애사비 클렌즈 샷 3종 10포,,,,,
[폴 바셋] 바리스타 파우치 드립백 세트 10g X 3개 3종(택1),,,,,
[햇반] 컵반 국밥 시리즈 5종,,,,,
[자연애] 100% 국산 청양 고춧가루 2종 (110g/120g),,,,,
"무료배송 베지밀 달콤한 두유 비, 950ml, 12개 21%33,600원 26,230원 (100ml당 230원) 2/10(화) 도착 예정 5 (69632) 최대 1,311원 적립",,,,,
"무료배송 베스트밀 풍미 가득 토시살 구이용 1.2kg (300g x 4팩) 개별포장 스테이크 로스구이 소고기, 300g, 4개 할인43%48,000원 27,070원 (100g당 2,256원) 2/10(화) 도착 예정 4 (529) 최대 1,330원 적립",,,,,
[빈브라더스] 디카페인 콜드브루 500mL,,,,,
[PPUL] 1++(9) 한우 터프 스테이크 200g (냉장),,,,,
[부르본] 미니 루만도 믹스 153g,,,,,
[와인앤모어픽업]칸티나 테를란 샤도네이 ((와인)),,,,,
[왓어버터] 망고 버터 스프레드 130g,,,,,
"동광한방몰 통 계피 베트남산, 500g, 2개, 1개입 8,300원 (10g당 83원) 내일(일) 도착 보장 4.5 (1883) 최대 415원 적립",,,,,
"햇반 백미밥 작은 공기, 130g, 15개 35%20,500원 13,200원 (100g당 677원) 내일(일) 도착 보장 5 (79552) 최대 660원 적립",,,,,
"신라명과 단팥빵, 90g, 6개입, 1개 할인3%10,500원 10,140원 (10g당 188원) 내일(일) 새벽 도착 보장 4.5 (26367) 최대 495원 적립",,,,,
[진가네반찬] 어묵잡채,,,,,
"무료배송 [에그조아] 반숙란 30구 아침을 바꾸는 대란 아이스팩동봉 파손보상, 1세트 9%18,000원 16,280원 (1구당 543원) 2/10(화) 도착 예정 4.5 (1283) 최대 649원 적립",,,,,
"칠레산 체리, 900g, 1팩 12,580원 (100g당 1,398원) 내일(일) 새벽 도착 보장 4 (4720) 최대 629원 적립",,,,,
능이버섯 백숙재료 135g,,,,,
[만전김] 두번구워 더욱 바삭한 만전 김밥용김 25g,,,,,
[아티제] 슈레드 치즈 소시지 140g,,,,,
[홈앤키즈] 구워만든 미니 곡물롤 2종(택1),,,,,
[백설] 유러피안 엑스트라버진 올리브유 스프레이 200mL,,,,,
"알피노 무가당 땅콩버터 크런치, 1개, 500g 할인3%7,000원 6,790원 (100g당 1,358원) 내일(일) 도착 보장 4.5 (632) 최대 336원 적립",,,,,
[닌교초 이마한] 스키야키 소스,,,,,
[CU 픽업] 크레스만모노폴화이트,,,,,
[MPARK] 이스라엘 자몽 1.5kg (5~6입),,,,,
[헬씨허그] 프로테오글리칸 콘드로이친 임팩트 15매,,,,,
[선물세트] 오넛티 100% 견과 스프레드 3구 (땅콩+아몬드),,,,,
"아침에주스 사과주스, 1.8L, 1개 5,870원 (100ml당 326원) 내일(일) 새벽 도착 보장 5 (29935) 최대 294원 적립",,,,,
"[전통주] 산사춘 (12도, 375mL)",,,,,
[집반찬연구소KIDS] 아이들 한우 비빔밥 세트,,,,,
[페레로] 로쉐 초콜릿 오리진스 24개입,,,,,
"후레쉬베리 딸기, 360g, 2개 9,770원 (10g당 136원) 내일(일) 도착 보장 5 (43320) 최대 489원 적립",,,,,
[KF365] 1+ 한우 다짐육 300g(냉장),,,,,
[캠핑프렌즈] 한돈 돈마호크 스테이크 260g (냉장),,,,,
[야마끼] 멘 쯔유  (우동/소바용 소스),,,,,
[구르메] 고다 슬라이스 150g,,,,,
[전통주] 청사과 막끌림 막걸리 (5.5도 800mL),,,,,
[네스프레소] 초콜릿향 커피 캡슐 10개입(110mL),,,,,
"소와나무 비피더스 명장 포도 요구르트, 125ml, 8개입, 2개 4,980원 (10ml당 25원) 내일(일) 새벽 도착 보장 5 (13150) 최대 249원 적립",,,,,
눈다랑어 속살(슬라이스) 120g (냉동),,,,,
[외할머니댁] 갈빗살육개장 (1인분),,,,,
[26년 설] [CU 픽업] 쿠보타준마이다이긴죠,,,,,
[복음자리] 밀크&얼그레이 스프레드 235g,,,,,
[토마스푸드] 호주산 양 목심 300g (냉장),,,,,
[빙그레] 쿠앤크바 2종 (70mL X 10개) (택1),,,,,
[미자언니네] 모닝글로리 공심채볶음,,,,,
[정관장] 에브리타임 소프트 (20일분)(+리본포장 & 쇼핑백증정),,,,,
[다미원] 국산 촉촉한 반건조 오징어 특 320g,,,,,
[하림 The미식] 찌개 3종 (2개입),,,,,
[큐피] 타르타르 소스 155g,,,,,
[CU 픽업] 앙리드부아샴페인,,,,,
[김정환홍삼] 배나무아래달콤홍삼&도라지,,,,,
[센트룸] 멀티비타민 맨 더블업 (50일분),,,,,
[태극당] 월병 3종 혼합 세트 (70g X 12개),,,,,
[프릳츠] 잘 되어 가시나 블렌딩 원두 200g,,,,,
"몽쉘 생크림케이크 오리지널 12개입, 408g, 1개 5,160원 (10g당 126원) 내일(일) 도착 보장 새 상품, 반품-미개봉 (68) 최저4,500원 5 (57195) 최대 258원 적립",,,,,
[스타벅스] 블론드로스트 아메리카노 3종 (택1),,,,,
"폰타나 나폴리 뽀모도로 토마토 파스타소스, 600g, 1개 48%9,980원 5,180원 (100g당 863원) 내일(일) 도착 보장 5 (26983) 최대 259원 적립",,,,,
[대한민국농수산] 소고기 육포 20g 2종 (오리지널 / 치즈),,,,,
"삼립 미니 꿀호떡, 400g, 1개입, 2개 7,920원 (10g당 99원) 내일(일) 새벽 도착 보장 5 (12529) 최대 396원 적립",,,,,
[종근당건강] 락토핏 구강 유산균 (30일분),,,,,
[탄단지] 닭가슴살 만두 2종 (4개입),,,,,
[리치] 버터 와플 270g (15g x 18입),,,,,
[네스프레소] 캐러멜향 커피 캡슐 10개입(110mL),,,,,
[만토바] 바질 페스토,,,,,
"백설 부침가루 + 튀김가루, 1세트, 1kg 5,800원 (100g당 580원) 내일(일) 도착 보장 5 (419) 최대 290원 적립",,,,,
[풀무원] 안심 육수한알 꽃게새우_4g*22ea,,,,,
"무료배송 피크닉 청포도, 200ml, 24개 할인41%15,900원 9,300원 (100ml당 194원) 2/13(금) 도착 예정 새 상품, 박스 훼손 (45) 최저8,200원 5 (46547) 최대 465원 적립",,,,,
[동원] 양반100밥 현미밥 130g*24입,,,,,
[노포기행] 경주식 손말이고기 2종,,,,,
[온기루] 삼색 꿀떡 (160g X 4개),,,,,
[더파인치즈컴퍼니] 잉글리시 팜하우스 체다 100g,,,,,
[니아르] 퓨어 콜라겐 28정,,,,,
[스팸] 클래식 200g * 6입,,,,,
유기농 귀리혼합 10곡 800g,,,,,
"더담은 치아씨드, 500g, 1개 39%9,900원 5,980원 (100g당 1,196원) 내일(일) 도착 보장 4.5 (5843) 최대 299원 적립",,,,,
[농심] 쌀새우깡 80g,,,,,
"리치팜너트 프리미엄 믹스넛, 850g, 1개 28%43,900원 31,420원 (100g당 3,696원) 내일(일) 새벽 도착 보장 5 (804) 최대 1,524원 적립",,,,,
[선물세트]이동식 미국산 칼집 소갈비 2kg(냉동),,,,,
실속 설향 딸기 450g(등급:상/한단),,,,,
[꽃을담다] 플라워티스틱 선물세트,,,,,
[엄마味소] 우둔 덩어리육 150g (냉장),,,,,
[Kurly's] 동물복지 백색 유정란 10구,,,,,
"[라빈리커픽업] 디카이퍼, 피치트리 (리큐르)",,,,,
[제주마미] 제주바당 톳 200g X 2봉 (냉동),,,,,
[카누] 아이스 커피 캡슐 9.5g X 10개 3종(택1)(카누머신 전용),,,,,
"[전통주] 팔팔막걸리 (6도, 750mL)(무아스파탐)",,,,,
"박카스 에프액, 120ml, 30개 21,300원 (100ml당 592원) 내일(일) 도착 보장 5 (98051) 최대 1,065원 적립",,,,,
[와인앤모어픽업]에반 윌리엄스 허니 750mL ((위스키)),,,,,
[카페마마스] 마녀스프 2개입,,,,,
"누텔라 스프레드, 370g, 1개 6,300원 (100g당 1,703원) 내일(일) 새벽 도착 보장 5 (12223) 최대 315원 적립",,,,,
[커피빈] 라떼 RTD 250mL X 12병 2종(택1),,,,,
"무료배송 자연은 오렌지, 12개, 1.5L 23,090원 (100ml당 128원) 2/11(수) 도착 예정 5 (259) 최대 1,155원 적립",,,,,
"젤리젤리 부드럽고 촉촉한 한입 카스테라, 1kg, 1박스 할인23%22,500원 17,210원 (10g당 172원) 내일(일) 도착 보장 4.5 (7586) 최대 860원 적립",,,,,
"동원참치 라이트 스탠다드, 85g, 6개 41%17,900원 10,480원 (10g당 205원) 내일(일) 새벽 도착 보장 5 (395) 최대 524원 적립",,,,,
"무료배송 산과들에 원데이 코코너츠 화이트 50봉 / 코코넛 하루견과, 20g, 50개 할인22%25,500원 19,870원 (100g당 1,987원) 2/10(화) 도착 예정 5 (4081) 최대 994원 적립",,,,,
[브라더 꽈배기] 찹쌀 꽈배기 260g,,,,,
[풀무원] 생면식감 매운맛 4입,,,,,
"너구리 앵그리 121g, 5개 4,510원 (1개당 902원) 내일(일) 도착 보장 5 (21892) 최대 225원 적립",,,,,
"대구농산 볶은 병아리콩 봉, 1.4kg, 1개 28%13,980원 9,980원 (100g당 713원) 내일(일) 도착 보장 4.5 (2708) 최대 499원 적립",,,,,
[우마이봉] 초코맛 (6g X 15개입),,,,,
[천호엔케어]면역엔 알로에뮨 (15일),,,,,
인기 떡국떡 2종 (택1),,,,,
[CU 픽업] 토버모리 12년,,,,,
[이어수산] 8단계 선별한 남해안 풀치 200g,,,,,
[LITTLENECK] 리틀넥 스테이크 키트,,,,,
"올레길 AI 당도선별 13.5brix 고당도 레드향, 1.5kg(중과,5~7입), 1박스 14,440원 (100g당 963원) 내일(일) 새벽 도착 보장 4.5 (6213) 최대 722원 적립",,,,,
[놀부부대찌개] 놀부 오리지널 부대찌개(냉동),,,,,
"백설 바삭 튀김가루, 1kg, 1개 4,600원 (100g당 460원) 내일(일) 도착 보장 5 (9262) 최대 230원 적립",,,,,
[삼양] 탱글 파스타 4입 3종 (택1),,,,,
[왕애밥상] 실비 김치 만두 525g,,,,,
"무료배송 26년 당일채취 아빠매생이 장흥 내저 찰 햇매생이 생산자직배송 진공포장, 10개, 350g 할인53%59,900원 27,900원 (100g당 797원) 2/10(화) 도착 예정 5 (809) 최대 1,395원 적립",,,,,
[만전김] 하와이안 무스비 반절 김밥용김 2종 (택1),,,,,
[CU 픽업] 몽지람M9,,,,,
[오리온] 꼬북칩 초코 츄러스맛 296g,,,,,
세지 멜론 1.6kg (후숙 필요),,,,,
"서울우유치즈 테이스티 치즈 맛있는, 18g, 10개입, 1개 3,470원 (10g당 193원) 내일(일) 새벽 도착 보장 5 (1834) 최대 174원 적립",,,,,
"[전통주] 명가명주 12도 (12도 , 750mL)",,,,,
[CU 픽업] 9라이브스리슬링,,,,,
[풀무원] 동물복지 목초란 15구,,,,,
"샐러드용 양배추 채, 600g, 1팩 3,310원 (100g당 552원) 내일(일) 새벽 도착 보장 4.5 (110795) 최대 165원 적립",,,,,
"청정원순창 재래식 생된장, 500g, 1개 25%4,700원 3,500원 (100g당 700원) 내일(일) 새벽 도착 보장 5 (3556) 최대 175원 적립",,,,,
"너구리 컵 순한맛 63g, 6개 6,450원 (1개당 1,075원) 내일(일) 도착 보장 5 (3753) 최대 323원 적립",,,,,
[선물세트] 경복궁 BLACK 인기 탕류 혼합세트 (4개입),,,,,
[캐빈디쉬앤하비] 과일 캔디 틴케이스 5종 (택1),,,,,
냉동 블랙베리 1kg (폴란드산),,,,,
[CU 픽업] 그랜트버지필셀쉬라,,,,,
[해태] 맛동산 미니 박스 38g x 20개입,,,,,
[선물세트][전통주] 제이엘 오미나라 고운달 백자 52도 500mL 항아리 숙성,,,,,
[GC녹십자웰빙] 두뇌엔 PS 메모리업(30일분),,,,,
[CU 픽업] 글렌그란트21년,,,,,
[와인앤모어픽업]프레스코발디 카스텔지오콘도 로쏘 디 몬탈치노 ((와인)),,,,,
영암 꿀 밤고구마 1.5kg,,,,,
"무료배송 햇살푸드 한우품은 함박스테이크 800g (10개입), 1개 할인48%25,000원 12,900원 (100g당 1,613원) 2/10(화) 도착 예정 5 (30) 최대 645원 적립",,,,,
"잇츠리얼세븐 엑설런트 하루건강견과 25p, 500g, 1개 21,400원 (100g당 4,280원) 내일(일) 도착 보장 5 (266) 최대 1,070원 적립",,,,,
"오뚜기 가벼운 참치 더마일드, 100g, 4개 7,070원 (10g당 177원) 내일(일) 도착 보장 5 (5248) 최대 354원 적립",,,,,
[창억] 한입기정떡,,,,,
"foodi 크러쉬드 레드페퍼, 100g, 1개 6,000원 (10g당 600원) 내일(일) 도착 보장 5 (4611) 최대 300원 적립",,,,,
"몽미당 현미 떡국떡, 1kg, 1개 8,900원 (100g당 890원) 내일(일) 새벽 도착 보장 4.5 (2960) 최대 400원 적립",,,,,
"크라운산도 딸기, 161g, 3개 5,000원 (10g당 104원) 내일(일) 도착 보장 4.5 (20016) 최대 250원 적립",,,,,
[아이엠베이글] 시그니처 베이글 샌드위치 2종,,,,,
[일동후디스] 아이얌 두부와플 2종,,,,,
[어니스트그릭] 그릭요거트 플레인 오리지널 100g,,,,,
"무료배송 통영 생굴 최상급 (오후 6시 이전 주문시 당일발송), 1개, 1kg 할인25%20,000원 15,000원 (100g당 1,500원) 모레(월) 도착 예정 4.5 (15124) 최대 750원 적립",,,,,
"풀무원 꼬마유부초밥, 145.5g, 1개 10%3,980원 3,550원 내일(일) 새벽 도착 보장 5 (20793) 최대 178원 적립",,,,,
[삼립] 잉글리쉬 머핀 (140g X 6개입),,,,,
"오뚜기 오동통면 120g, 5개 4,100원 (1개당 820원) 내일(일) 새벽 도착 보장 5 (6823) 최대 205원 적립",,,,,
[주원산오리] 5無 건강한오리 훈제 슬라이스 400g,,,,,
[오봉집] 밥도둑 간장 깐새우장,,,,,
"칠갑농산 냉면육수, 10개, 300ml 7,100원 (100ml당 237원) 내일(일) 도착 보장 새 상품, 반품-미개봉 (7) 최저5,700원 4.5 (27579) 최대 355원 적립",,,,,
"삼립 미니 꿀호떡, 400g, 1개입, 1개 4,400원 (10g당 110원) 내일(일) 새벽 도착 보장 5 (12530) 최대 220원 적립",,,,,
"무료배송 냉동 아보카도 다이스 500g, 2개 13,080원 (100g당 1,308원) 2/11(수) 도착 예정 4.5 (474) 최대 654원 적립",,,,,
[선물세트] 전통주 더한 원매세트+전용잔2p (15도 750mL),,,,,
[닥터넛츠] 오리지널뉴 견과 280g (28gX10봉),,,,,
[이리아다] 엑스트라버진 실버틴 바질향 250mL,,,,,
"싱싱잡곡 찹쌀, 3kg, 1개 36%20,000원 12,800원 (100g당 427원) 내일(일) 도착 보장 4.5 (5319) 최대 640원 적립",,,,,
"신김포농협 김포금쌀 참드림쌀, 특등급, 10kg, 1개 12%40,000원 34,900원 (100g당 349원) 내일(일) 도착 보장 5 (1748) 최대 1,745원 적립",,,,,
[백설] 리얼 청 (3종) 오미자청/생강청/매실청 310mL,,,,,
[솔가] 철분 25 (180일분),,,,,
[CU 픽업] 볼베르,,,,,
[청오건강] 무농약 찹쌀가루,,,,,
"올리타리아 엑스트라버진 올리브유, 500ml, 2개 51%55,800원 27,200원 (100ml당 2,720원) 내일(일) 새벽 도착 보장 5 (22183) 최대 1,360원 적립",,,,,
"무료배송 이푸른 국산 현미찹쌀, 3kg, 1개 23,140원 (100g당 771원) 2/13(금) 도착 예정 4.5 (122) 최대 1,157원 적립",,,,,
"요플레 오리지널 딸기, 85g, 8개 5,950원 (10g당 88원) 내일(일) 새벽 도착 보장 5 (59839) 최대 298원 적립",,,,,
[CU 픽업] 월계관 죠센 1800ml,,,,,
[은하수산] 우럭회 120g (냉장),,,,,
[자연담은] 브라운렌틸콩 1kg,,,,,
"썬키스트 제로 자두자몽 소다 탄산음료, 355ml, 24개 64%36,000원 12,900원 (100ml당 151원) 내일(일) 도착 보장 4.5 (4180) 최대 548원 적립",,,,,
[골라담기] 일동후디스 인기 간식 10종,,,,,
[센터커피] 프라이데이 블렌드 원두 210g,,,,,
[26년 설] [CU 픽업] 와일드터키101 8년 기획,,,,,
"청우식품 찰떡쿠키 오리지날 10P, 215g, 2개 5,300원 (10g당 123원) 내일(일) 도착 보장 4.5 (7058) 최대 265원 적립",,,,,
[농심] 안성탕면 5입,,,,,
"무료배송 완도직송 생 곰피 미역 쇠미역, 1박스, 1kg 쿠폰할인56%20,200원 8,800원 (100g당 880원) 2/12(목) 도착 예정 5 (30) 최대 440원 적립",,,,,
"대한다업 순수 호박팥차, 1.5g, 1개, 100개입 9,900원 (10g당 660원) 내일(일) 도착 보장 5 (411) 최대 495원 적립",,,,,
"매일바이오 그릭요거트 플레인, 400g, 2개 6,770원 (10g당 85원) 내일(일) 새벽 도착 보장 5 (111) 최대 339원 적립",,,,,
"담터 둥굴레차, 1.2g, 100개입, 1개 7,620원 (10g당 635원) 내일(일) 새벽 도착 보장 5 (1782) 최대 381원 적립",,,,,
"무료배송 [구록원]보은 황토대추 보은 건대추 1kg, 1개, 보은 건대추 상초 24mm 1kg 17,500원 (100g당 1,750원) 2/10(화) 도착 예정 5 (10) 최대 875원 적립",,,,,
[카스0.0] 논알콜 (355mL X 6캔),,,,,
[네스프레소 버츄오] 디카페인 커피 캡슐(포르타도 디카페나토) 10개입(150mL),,,,,
"광천김 소문난 김가루, 400g, 1개 13,990원 (10g당 350원) 내일(일) 도착 보장 4.5 (8882) 최대 700원 적립",,,,,
표고 버섯 가루 70g,,,,,
[한끼통살] 리얼뽀득 닭가슴살 비엔나 소시지 450g,,,,,
"청우 오즈랜드 쫀득초코칩(40입), 20g, 40개 34%20,000원 13,200원 (10g당 165원) 내일(일) 도착 보장 5 (2047) 최대 660원 적립",,,,,
"무료배송 아임 최상급 HASS품종 100% 냉압착 엑스트라버진 아보카도오일, 2개, 250ml 할인48%30,000원 15,500원 (100ml당 3,100원) 2/10(화) 도착 예정 5 (10713) 최대 775원 적립",,,,,
"더담은 고소한 기장, 2kg, 1개 6,980원 (100g당 349원) 내일(일) 도착 보장 4.5 (8437) 최대 349원 적립",,,,,
[고메] 중화 짬뽕,,,,,
"오뚜기 고소한 골드 마요네스, 200g, 1개 2,830원 (100g당 1,415원) 내일(일) 새벽 도착 보장 5 (4048) 최대 141원 적립",,,,,
[아티제] 클래식 롤케이크 330g,,,,,
"무료배송 레쓰비 그란데라떼, 500ml, 24개 19,600원 (100ml당 163원) 2/10(화) 도착 예정 5 (15333) 최대 980원 적립",,,,,
[Kiri] 소프트 크림치즈 슈 (35g X 6개입),,,,,
[미자언니네] 아몬드 코울슬로 샐러드,,,,,
[하이포크] 한돈 삼겹살 구이용 500g (냉장),,,,,
[유기샘] 무농약 해바라기씨 140g,,,,,
[알디콤] 알디콤A (15g X 5포),,,,,
"무료배송 감미인 1+1 청도 반건시 곶감 선물세트, 2박스, 800g(20입/소과) 34,900원 (100g당 2,181원) 2/10(화) 도착 예정 4.5 (525) 최대 1,745원 적립",,,,,
펜넬 1개 (300g),,,,,
[프란시아] 모짜렐라 카우 125g,,,,,
[오뚜기]X.O.교자 3종,,,,,
[오발탄] 보양 양곰탕,,,,,
[프랑스구르메] 트러플 잠봉 150g,,,,,
"밀도 소화가 잘되는 우유로 만든 쌀 식빵, 480g, 1개 5,500원 (10g당 115원) 내일(일) 새벽 도착 보장 5 (6740) 최대 275원 적립",,,,,
"코카콜라 제로제로, 190ml, 30개 16,750원 (100ml당 294원) 내일(일) 도착 보장 5 (18758) 최대 838원 적립",,,,,
"얌 무테식빵, 300g, 1개 6,900원 (10g당 230원) 내일(일) 새벽 도착 보장 4.5 (10695) 최대 345원 적립",,,,,
"[전통주] 빙탄복 6입 (7도,370mL*6입)",,,,,
유기농 베이비 채소 100g,,,,,
"햇반 백미밥, 210g, 6개 14%8,480원 7,290원 (100g당 579원) 내일(일) 새벽 도착 보장 5 (31763) 최대 365원 적립",,,,,
"바른곡물 국산 강진 귀리쌀, 4kg, 1개 20,900원 (100g당 523원) 내일(일) 도착 보장 4.5 (4539) 최대 1,045원 적립",,,,,
"국내산 깐쪽파, 200g, 2개 7,440원 (100g당 1,860원) 내일(일) 새벽 도착 보장 4.5 (68059) 최대 372원 적립",,,,,
[라빈리커픽업]사라코 모스카토 다스티 24 (와인),,,,,
단감 2종 (1kg / 1.5kg),,,,,
"무료배송 믹스너트세븐 1kg+1kg, 2개, 1kg 32%19,800원 13,400원 (100g당 670원) 2/11(수) 도착 예정 4.5 (1867) 최대 670원 적립",,,,,
[디어퀸] 콜라겐 정 (30일분),,,,,
[CU 픽업] 아스코니리즐세미2입,,,,,
[담터] 콜드브루티 5종 (택1),,,,,
[바다원] 어린이 김자반 40g,,,,,
[서울우유] 요구르트 복숭아 750mL,,,,,
"본테이스트 100% 감자전분, 1kg, 1개 6,100원 (100g당 610원) 내일(일) 도착 보장 5 (2488) 최대 305원 적립",,,,,
"엉클탁 간편한끼 병아리콩, 240g, 1개 4,980원 내일(일) 새벽 도착 보장 5 (5260) 최대 249원 적립",,,,,
"무료배송 [해남직송] 재구매폭주 초고당도Brix 엄격선별 호박고구마, 1개, [한입] 3kg 쿠폰할인49%19,900원 9,990원 (100g당 333원) 2/12(목) 도착 예정 5 (424) 최대 500원 적립",,,,,
"무료배송 해나식품 건 망고 슬라이스 500g, 2개 할인17%17,500원 14,450원 (100g당 1,445원) 2/10(화) 도착 예정 4.5 (1544) 최대 715원 적립",,,,,
[엔젯오리진] 비타프레쉬 귤젤리 비타민C&D 3000 구미(23일분),,,,,
"해표 포도씨유, 250ml, 1개 5%3,900원 3,700원 (100ml당 1,480원) 내일(일) 도착 보장 5 (51355) 최대 185원 적립",,,,,
"유명산지 경남단감 특대과 5입, 1.25kg, 2개 13,500원 (100g당 540원) 내일(일) 새벽 도착 보장 4.5 (20865) 최대 675원 적립",,,,,
"국내산 카레용 손질채소, 300g, 1개 3,580원 (100g당 1,193원) 내일(일) 새벽 도착 보장 5 (1985) 최대 179원 적립",,,,,
[덴프스] 덴마크 유산균이야기 다이어트(28일분),,,,,
머스크멜론 1.2kg (후숙 필요),,,,,
"무료배송 국내산 울팜 고당도 나주배 배, 1개, 나주배 5kg 할인38%30,900원 18,900원 (100g당 378원) 2/10(화) 도착 예정 4 (166) 최대 945원 적립",,,,,
[감코리아] 월하시 12입 세트,,,,,
[풍납동 유천대가] 비빔메밀면 (2인분),,,,,
[종근당건강] 아임비타 멀티비타민 이뮨샷 (5일분),,,,,
"깐감자 + 깐양파, 500g, 1개 3,880원 (100g당 776원) 내일(일) 새벽 도착 보장 5 (7085) 최대 194원 적립",,,,,
[위아바임] 마그아연 & 퀵 부스팅 (7일분),,,,,
[선물세트] 천지인 홍삼정 예작 (80일분),,,,,
"투데이넛 너트한줌 패밀리 6종 세트 240g, 1세트 14%10,400원 8,900원 (1세트당 8,900원) 내일(일) 도착 보장 4.5 (5897) 최대 445원 적립",,,,,
"코카콜라 제로 레몬, 350ml, 24개 18,650원 (100ml당 222원) 내일(일) 도착 보장 5 (3812) 최대 933원 적립",,,,,
[포트'럭] 서해안 주꾸미 2종 (택1) (생물),,,,,
"오션스프레이 루비 레드 자몽 드링크, 1.89L, 1개 2%6,000원 5,850원 (100ml당 310원) 내일(일) 도착 보장 5 (2517) 최대 293원 적립",,,,,
[차려낸] 버섯 풍미가 진한 트러플 크림 뇨끼,,,,,
"오뚜기 컵누들 로제맛 49.8g, 6개 15%8,480원 7,180원 (1개당 1,197원) 내일(일) 도착 보장 5 (8760) 최대 359원 적립",,,,,
"무료배송 하림 오!늘단백 밀크초코 피스타치오바, 48g, 12개 24,900원 (10g당 432원) 2/11(수) 도착 예정 4.5 (465) 최대 1,245원 적립",,,,,
[KF365] 머스크멜론 1.6kg (후숙 필요),,,,,
"담터 옥수수 수염차, 1.5g, 50개입, 1개 11%4,000원 3,550원 (10g당 473원) 내일(일) 새벽 도착 보장 5 (168) 최대 178원 적립",,,,,
[카누] 미디엄 커피 캡슐 5.7g X 10개 2종(택1)(네스프레소 전용),,,,,
"식탁위의사계 녹선 매콤 콩나물무침, 210g, 1개 3,200원 (10g당 152원) 내일(일) 새벽 도착 보장 4.5 (1065) 최대 160원 적립",,,,,
[이목 무항생제] 등심/안심/채끝 골라담기 3종,,,,,
"윤고집 하동 황매실청 매실장인 3년숙성, 1개, 1개입, 1.1kg 10%15,470원 13,900원 (10g당 126원) 내일(일) 도착 보장 4.5 (613) 최대 695원 적립",,,,,
"폰타나 투움바 그릴드 머쉬룸 크림 파스타소스, 430g, 1개 46%11,980원 6,400원 (100g당 1,488원) 내일(일) 도착 보장 5 (7989) 최대 320원 적립",,,,,
[보르게스] 엑스트라버진 올리브유 500mL,,,,,
"무료배송 산과들에 원데이 요거트 건포도 20g, 50개 할인10%19,900원 17,910원 (1세트당 358원) 2/10(화) 도착 예정 4.5 (1135) 최대 895원 적립",,,,,
[오설록] 제주 녹차 크레이프 케이크 900g,,,,,
[톰볼라] 4가지 모둠치즈피자,,,,,
[슈퍼말차] 세레모니얼 등급 말차 포켓 선물세트,,,,,
[한성] 국산 새우젓갈 1kg,,,,,
[탁촌장] 안동참마 보리빵 (25g X 10개),,,,,
"공감한입 건궁채, 100g, 1개 47%16,286원 8,580원 (100g당 8,580원) 내일(일) 도착 보장 새 상품, 반품-미개봉 (2) 최저8,150원 4 (256) 최대 429원 적립",,,,,
[Graze Cattle]자유방목 호주산 소고기 목초 치마살 구이용200g,,,,,
"메이준뉴트리 리얼 카스피 그릭요거트 스타터 파우더, 10개입, 1개 22%12,900원 9,980원 내일(일) 도착 보장 4.5 (4813) 최대 477원 적립",,,,,
[종가] 마늘듬뿍김치 500g,,,,,
방풍나물 150g,,,,,
"김구원선생 시원한 콩나물국 밀키트, 305g, 1개 1,990원 (100g당 652원) 내일(일) 새벽 도착 보장 4.5 (95) 최대 100원 적립",,,,,
"매일유업 바이오 그릭 요거트, 800g, 1개 6,850원 (10g당 86원) 내일(일) 새벽 도착 보장 5 (104274) 최대 343원 적립",,,,,
"어메이징오트 언스위트, 190ml, 24개 59%36,000원 14,510원 (100ml당 318원) 내일(일) 도착 보장 5 (23248) 최대 725원 적립",,,,,
"[선물세트] 전통주 느린마을 소주41+21 주기세트(41도 21도 375mL*2, 잔2입)",,,,,
[청정원] 콩담백면 2종 (택1),,,,,
[청정원] 순창고깃집 된장찌개 양념 450g,,,,,
[풀무원] 얄피꽉찬 고기한상교자 400g X 2입,,,,,
[네스프레소] 이스피라치오네 이탈리아나 로마 커피 캡슐 10개입(25mL or 40mL),,,,,
[마음이가] 들깨 현미 쑥떡 (50g X 12개),,,,,
[비비드키친] 저당 초코시럽,,,,,
유기농 찰보리 1kg,,,,,
[선물세트] 참앤들황토농원 NFC ABC주스 30포,,,,,
[몸애조화] 유기농 허브차 티백 7종 (1.5g X 10개) (택1),,,,,
친환경 냉이 100g,,,,,
[CU 픽업] 우마꾸마로,,,,,
[네스프레소] 이스피라치오네 이탈리아나 나폴리 커피 캡슐 10개입(25mL or 40mL),,,,,
"상하목장 주스 사과딸기케일, 125ml, 24개 쿠폰할인3%18,500원 17,900원 (100ml당 597원) 내일(일) 도착 보장 5 (8017) 최대 895원 적립",,,,,
"무료배송 다맘 볶음 캐슈넛 1kg, 1개 할인3%16,500원 16,000원 (100g당 1,600원) 2/11(수) 도착 예정 4.5 (498) 최대 800원 적립",,,,,
"곰곰 병아리콩, 2kg, 1개 43%10,590원 5,970원 (100g당 299원) 내일(일) 도착 보장 5 (2676) 최대 299원 적립",,,,,
[전통주] 아리랑주조 겨울지나 (35도 375mL),,,,,
[KF365] 한돈 부위별 대용량 가성비 7종,,,,,
"무료배송 [씨기프트]명태포 동태포 700g+700g 명절 제수용 생선까스 동태, 2개 14%13,900원 11,900원 (100g당 850원) 2/10(화) 도착 예정 4 (2025) 최대 595원 적립",,,,,
"팔도도시락 컵라면 86g, 12개 21%12,000원 9,440원 (1개당 787원) 내일(일) 도착 보장 5 (55900) 최대 472원 적립",,,,,
[블랑제리코팡] 빨미까레 2종 (100g X 2개) (택1),,,,,
"무료배송 [울팜] 특품 창녕 깐마늘 최상품 당일제조, 1개, 깐마늘(중) 1kg 17%16,800원 13,900원 (100g당 1,390원) 2/10(화) 도착 예정 4.5 (444) 최대 535원 적립",,,,,
[선물세트] 경주천년한우 1++ 명품 세트 (냉장),,,,,
[프란시아] 이탈리아 미니 부라타 (50g X 3개입) (냉장),,,,,
[둥구나무] 짜글이찌개,,,,,
[단백질 과자점] 고단백 누네띠네 칩 55g x 4입,,,,,
[오넛티] 100% 땅콩버터 다크로스트 230g,,,,,
[하인즈] 오레아이다 해쉬브라운 패티 637g,,,,,
[태극당] 로루케익 900g,,,,,
[놀부부대찌개] 부대찌개,,,,,
"곰곰 카레 & 짜장용 손질된 채소 (냉동), 450g, 1개 6,730원 (100g당 1,496원) 내일(일) 새벽 도착 보장 5 (2024) 최대 336원 적립",,,,,
"고래사어묵 가정용 하얀꼬치 어묵 밀가루 0% (냉동), 266g, 1개 5,500원 (100g당 2,068원) 내일(일) 새벽 도착 보장 5 (5221) 최대 275원 적립",,,,,
[치즈온] 스페인 크림치즈 3종 (택1),,,,,
[바다해] 캠핑&홈파티 마른안주 플래터 360g,,,,,
"한돈 앞다리살 불고기용 (냉장), 500g, 1개 35%14,000원 9,000원 (100g당 1,800원) 내일(일) 새벽 도착 보장 4.5 (3728) 최대 450원 적립",,,,,
[CU 픽업] 얄리그랑에코까쇼,,,,,
"무료배송 백설 콩기름, 1.8L, 1개 할인28%8,070원 5,770원 (100ml당 321원) 2/11(수) 도착 예정 5 (55304) 최대 289원 적립",,,,,
[노량진28번중도매인] 구이용 삼치 400g (생물),,,,,
[라쿠치나] 수프 9종 (택1),,,,,
[Kurly's] 1++ 한우 치마살 구이용 250g (냉장),,,,,
[신선설농탕] 고기 설렁탕,,,,,
"풀무원 새콤달콤 유부초밥 4인분, 330g, 2개 23%12,960원 9,960원 내일(일) 새벽 도착 보장 5 (7843) 최대 498원 적립",,,,,
[풀무원] 치즈폭포시카고 셰프클래식볼로네제 피자,,,,,
"무료배송 펀치볼 양구 삶은 무청 시래기 국내산 강원도, 10개, 200g 할인13%23,000원 19,880원 (100g당 994원) 2/10(화) 도착 예정 4.5 (305) 최대 994원 적립",,,,,
[선물세트] 일상味소 스테이크 세트(냉장),,,,,
"무료배송 베트남 촉촉한 건망고슬라이스 500g 1kg 말랭이 말린망고 건조망고 건망고 슬라이스 경동시장 건과일, 1개 할인6%8,500원 7,920원 (100g당 1,584원) 2/11(수) 도착 예정 4.5 (278) 최대 396원 적립",,,,,
"제티 초콕 딸기맛 스트로우, 3.6g, 20개입, 1개 7,440원 (10g당 1,033원) 내일(일) 도착 보장 5 (1821) 최대 372원 적립",,,,,
"파워에이드 마운틴블라스트, 240ml, 30개 80%50,000원 9,980원 (100ml당 139원) 2/10(화) 도착 예정 새 상품, 박스 훼손 (151) 최저9,960원 5 (19744) 최대 499원 적립",,,,,
"무료배송 일본 돈키호테 튀긴 마늘 바삭한 고추기름 라유 255g 516600, 2개 77%89,900원 19,780원 (100g당 3,878원) 3/5 도착 예정 4.5 (104) 최대 989원 적립",,,,,
"우리식품 마카로니 스낵, 1kg, 1개 10,800원 (10g당 108원) 내일(일) 도착 보장 새 상품, 반품-미개봉 (4) 최저10,440원 4.5 (3997) 최대 540원 적립",,,,,
[폰타나] 밀라노 크림치즈 로제 파스타소스 기획세트 (150gX7EA),,,,,
[26년 설] [CU 픽업] 피로바노세트,,,,,
[은하수산] 숙성 광어&우럭 모둠회 200g,,,,,
[CU 픽업] 조쉬 샤르도네,,,,,
무항생제 1등급 한돈 뒷다리 불고기용 300g (냉장),,,,,
[델리치오] 호주산 소고기 채끝 스테이크 200g (냉장),,,,,
[폰타나] 수프 즉석컵 4종 (택1),,,,,
"포크리퍼블리카 돼지목전지 슬라이스 찌개용 5개입 (냉동), 1개, 1kg 12,900원 (100g당 1,290원) 내일(일) 새벽 도착 보장 4.5 (610) 최대 645원 적립",,,,,
[브룩클린688] 호주산 소고기 안창살 구이용 300g (냉장),,,,,
"롯데웰푸드 빈츠, 204g, 1개 4,740원 (10g당 232원) 내일(일) 새벽 도착 보장 5 (2486) 최대 237원 적립",,,,,
[풀무원다논] 요거톡 레몬비스킷&머랭 (126g X 2개),,,,,
[CU 픽업] 칼스버그24입,,,,,
"주문진어시장건어물 백진미오징어채 (냉동), 1개, 800g 20%42,470원 33,900원 (100g당 4,238원) 내일(일) 새벽 도착 보장 4.5 (47345) 최대 1,445원 적립",,,,,
[CU 픽업] 운드라가 테루아 헌터 까쇼,,,,,
"무료배송 고대곡물 정품 카무트쌀, 1kg, 4개 할인57%60,000원 25,550원 (100g당 639원) 2/10(화) 도착 예정 4.5 (4615) 최대 1,265원 적립",,,,,
"가족 ONE CUP 샤인머스켓+ 방울토마토, 150g, 1개입, 1개 2,900원 (100g당 1,933원) 내일(일) 새벽 도착 보장 4.5 (789) 최대 145원 적립",,,,,
"광식이농장 완숙 토마토, 5kg, 1박스 21,600원 (100g당 432원) 내일(일) 새벽 도착 보장 4.5 (99659) 최대 1,080원 적립",,,,,
"곰곰 직접썰은 동태포 (냉동), 600g, 2개 10%18,300원 16,410원 (10g당 137원) 내일(일) 새벽 도착 보장 4.5 (9631) 최대 739원 적립",,,,,
[센트룸] 멀티비타민 미네랄 구미 (40일분),,,,,
[선물세트] 무농약 참송이버섯 세트 500g,,,,,
"무료배송 양구 2026년 햇 건시래기 1kg/햇시래기 /양구햇시래기 /양구펀치볼햇오리지날시래기 1박스 7%28,130원 25,900원 (100g당 2,590원) 2/10(화) 도착 예정 5 (328) 최대 1,295원 적립",,,,,
[에이엘티] 논알콜 스파클링 로제 750ml,,,,,
"bon vanilla 리얼 바닐라빈 익스트렉 110g, 1개 14,900원 (10g당 1,355원) 내일(일) 도착 보장 5 (698) 최대 745원 적립",,,,,
"반찬단지 고추지, 1kg, 1개 4,980원 (10g당 50원) 내일(일) 새벽 도착 보장 4.5 (1853) 최대 249원 적립",,,,,
[아레바로스]밀또띠아 4종,,,,,
[삼진어묵] 포차 어묵탕,,,,,
"서울우유 더진한 그릭요거트, 100g, 6개 16,120원 (10g당 269원) 내일(일) 새벽 도착 보장 5 (21602) 최대 806원 적립",,,,,
[CU 픽업] 탄레이카라쿠치3L,,,,,
[라빈리커픽업] 오리지널 비어 컴퍼니 소네트 (맥주),,,,,
[코우] 프리미엄 생와사비 800g (냉동/대용량/와사비함량80%),,,,,
[목우촌목장] 국내산 소고기 갈비살 200g,,,,,
[와인앤모어픽업]페데리코 파테르니나 까바 브뤼 ((와인)),,,,,
"고래사어묵 어묵떡볶이 2인분 (냉동), 520g, 1팩 쿠폰할인11%5,850원 5,200원 (100g당 1,000원) 내일(일) 새벽 도착 보장 5 (10542) 최대 260원 적립",,,,,
[CU 픽업] 프레스코발디모모레토,,,,,
[My little recipe] 안동에서 올라온 전통찜닭 대용량 (3~4인용),,,,,
"무료배송 1+1 캘리포니아산 큰 피스타치오 구운 피스타치오 1kg 피스타치오 무염 오버사이즈 프레시 피스타치오, 3봉지, 108g 쿠폰할인74%56,600원 14,660원 2/26 도착 예정 2.5 (6) 최대 733원 적립",,,,,
[아미고] 나쵸칩 그랩앤고 치즈 콤보 (100g x 6입),,,,,
[롯데] 젤리셔스 짱셔요 라임포도맛 48g X 12개입,,,,,
맛나 대추방울토마토 750g,,,,,
[전통주] 도원결의 담금주 (무감미 쌀증류원액) (35도 3600mL*4),,,,,
"the통큰 푸짐한 동태탕 900g + 소스 150g 세트 (냉동), 1세트 23%15,600원 11,990원 (100g당 1,142원) 내일(일) 새벽 도착 보장 4.5 (944) 최대 550원 적립",,,,,
[CU 픽업] 1865 까르메네르,,,,,
[Sea to Table] 새우도넛 (6개입),,,,,
[고디바] 다크 초콜릿 브라우니 (54g X 5개),,,,,
[올리] 아카시아꿀 스틱 10포,,,,,
"미닛메이드 자몽에이드 탄산, 355ml, 24개 13,580원 (100ml당 159원) 내일(일) 도착 보장 새 상품, 반품-미개봉 (26) 최저11,700원 5 (8432) 최대 679원 적립",,,,,
"무료배송 당도선별 수박 하우스, 1개, 3kg~4kg 할인74%50,900원 13,200원 (100g당 440원) 2/24 도착 예정 3 (644) 최대 660원 적립",,,,,
"콜라비, 1개입, 2개 3,840원 (1개당 1,920원) 내일(일) 새벽 도착 보장 4.5 (12398) 최대 192원 적립",,,,,
[바오담] 개성약과 160g,,,,,
[청정원] 안심콩나물 350g,,,,,
[감코리아] 곶감 쏙 그래놀라 5입팩 130g,,,,,
"비비카 구카 누가 필링 크래커 400g + 솔티 커피 누가크래커 400g, 1세트 9,510원 내일(일) 도착 보장 5 (1028) 최대 475원 적립",,,,,
[청정원] 순창 양념쌈장 190g,,,,,
"리챔 더블 라이트, 200g, 6개 27%21,480원 15,660원 (10g당 131원) 내일(일) 새벽 도착 보장 5 (794) 최대 783원 적립",,,,,
수향미 2kg,,,,,
"동원참치 라이트 스탠다드, 150g, 2개 5,320원 (10g당 177원) 내일(일) 도착 보장 5 (122394) 최대 266원 적립",,,,,
[CU 픽업] 거브너 화이트,,,,,
[키즈다이닝] 아이 반찬 인기 메뉴 모음,,,,,
"무료배송 삼육두유 검은콩 앤 칼슘 파우치, 190ml, 80개 37,890원 (100ml당 249원) 2/12(목) 도착 예정 5 (53322) 최대 1,895원 적립",,,,,
친환경 얼갈이 300g,,,,,
[떡편] 초코 쌀 케이크,,,,,
"수월한 브라질산 순살 조각정육 (냉동), 500g, 2개 11,240원 (100g당 1,124원) 내일(일) 새벽 도착 보장 5 (1949) 최대 562원 적립",,,,,
[모니니] 안포라 퓨어 올리브 오일 500mL,,,,,
[죽장연] 프리미엄 전통된장 3종,,,,,
[서강유업] 가족을 위한 사골곰탕,,,,,
"비엣포 라이스누들 3mm, 250g, 1개 10%2,060원 1,850원 (100g당 740원) 내일(일) 도착 보장 5 (982) 최대 93원 적립",,,,,
냉동 허니듀 멜론 1kg (터키산),,,,,
[다향오리] 불향가득 열탄 오리 불고기 매콤한맛 540g (냉장),,,,,
[밀크앤허니] 미니 파운드 2종 (택1),,,,,
"할리스 아메리카노, 1L, 1개입, 4개 10,880원 (10ml당 27원) 내일(일) 도착 보장 5 (2882) 최대 544원 적립",,,,,
[동원] 양반 버섯해물완자 (2개입),,,,,
[리얼닥터] 혈당케어 바나바잎 추출물 (60일분),,,,,
[티젠] 콤부차 청귤라임 3종,,,,,
[위아바임] 아쉬아간다 (30일분),,,,,
"곰곰 치킨 튀김가루, 1kg, 1개 32%5,960원 4,010원 (100g당 401원) 내일(일) 도착 보장 5 (632) 최대 200원 적립",,,,,
"국내산 청도미나리, 200g, 1개 4,700원 (100g당 2,350원) 내일(일) 새벽 도착 보장 4.5 (42657) 최대 235원 적립",,,,,
유기농 귀리혼합 10곡 500g,,,,,
[CU 픽업] 잭다니엘스테네시애플,,,,,
"해태제과 홈런볼 초코, 46g, 20개 19,860원 (10g당 216원) 내일(일) 도착 보장 5 (134700) 최대 993원 적립",,,,,
[팜송] 흙생강 100g,,,,,
"삼양 우돈 사골곰탕면 110g, 5개 4,950원 (1개당 990원) 내일(일) 도착 보장 4.5 (2410) 최대 248원 적립",,,,,
[마켓오] 크림치즈 브라우니 240g,,,,,
[CU 픽업] 페로니500ml캔 24입,,,,,
레몬그라스 100g,,,,,
[네이처앤헬스] 국산 생강가루 2종,,,,,
[라빈리커픽업][신년 특가] 앵커리지 소비뇽 블랑 (와인),,,,,
"농협안심한우 숙성등심 1등급 구이용 (냉장), 200g, 1개 20%23,760원 18,780원 (100g당 9,390원) 내일(일) 새벽 도착 보장 4.5 (6608) 최대 939원 적립",,,,,
"바다원 안심이력제 볶음용 남해안 어린이멸치 (냉동), 150g, 1개 24%7,900원 5,980원 (100g당 3,987원) 내일(일) 새벽 도착 보장 5 (16092) 최대 269원 적립",,,,,
"무료배송 3차완판 농장직배송 새벽수확 꿀당도 제주감귤, 1박스, 10kg(L-2L) 한정수량 쿠폰할인48%31,000원 15,900원 (100g당 159원) 2/26 도착 예정 4 (1209) 최대 795원 적립",,,,,
[일가집] 치자 단무지 350g,,,,,
[오설록] 그린티 롤케이크 화이트,,,,,
[HBAF] 멕시칸타코맛 팝콘 80g,,,,,
"비비고 저나트륨 사골곰탕, 500g, 4개 쿠폰할인50%11,920원 5,940원 (100g당 297원) 내일(일) 도착 보장 5 (1486) 최대 297원 적립",,,,,
[제월당] 변석홍옥고 플러스 30포,,,,,
[포트'럭] 손질 대구 2종  (냉장) (택1),,,,,
[리구오리] 그라냐노 IGP 숏파스타 3종 (택1),,,,,
"비비고 사골곰탕, 500g, 6개 29%10,080원 7,060원 (100g당 235원) 내일(일) 도착 보장 5 (156925) 최대 353원 적립",,,,,
애플민트 10g,,,,,
"청정원순창 양념듬뿍 쌈장, 1kg, 1개 50%9,500원 4,680원 (100g당 468원) 내일(일) 새벽 도착 보장 5 (33721) 최대 234원 적립",,,,,
[창화당] 쫄면소스,,,,,
"곰곰 샌드위치 햄, 100g, 3팩 5,440원 (10g당 181원) 내일(일) 새벽 도착 보장 5 (70137) 최대 272원 적립",,,,,
[카바야] 사쿠사쿠 팬더 패밀리팩 85g,,,,,
[치즈플로] 호두&자두 스프레드 치즈 150g,,,,,
[YOZM] 드링크 그릭요거트 스타터 1.8L,,,,,
"청정원 맛있는 밥 엔 쇠고기, 24g, 1개 2,210원 (100g당 9,208원) 내일(일) 새벽 도착 보장 5 (3657) 최대 110원 적립",,,,,
[넛츠그린] 100% 땅콩버터 2종 (택1),,,,,
[해찬들] 직접빚은 옛날메주 집된장 900g,,,,,
"맛동산, 70g, 4개 4,240원 (10g당 151원) 내일(일) 새벽 도착 보장 5 (3356) 최대 212원 적립",,,,,
"비타500 칼슘 음료, 100ml, 20개 14%13,900원 11,900원 (100ml당 595원) 내일(일) 도착 보장 새 상품, 반품-미개봉 (10) 최저11,300원 5 (82983) 최대 595원 적립",,,,,
[슈퍼너츠] 100% 땅콩버터 소용량 2종 (택1),,,,,
"햇반 김치치즈 주먹밥 (냉동), 500g, 1개 11%8,980원 7,980원 (100g당 1,596원) 내일(일) 새벽 도착 보장 5 (33892) 최대 399원 적립",,,,,
"국내산 애플민트, 10g, 3개 4,800원 (100g당 16,000원) 내일(일) 새벽 도착 보장 4.5 (8204) 최대 240원 적립",,,,,
"자연다움 우리쌀로 만든 끓여먹는 솥뚜껑 누룽지, 1kg, 1개 1%10,000원 9,870원 (100g당 987원) 내일(일) 새벽 도착 보장 4.5 (27483) 최대 494원 적립",,,,,
[광동] 컬처렐 키즈패킷 선물세트 (60일분),,,,,
[대상웰라이프] 흑삼 대보 골드 10병,,,,,
"곰곰 달달 꿀호떡, 70g, 10개입, 2개 19,200원 (10g당 137원) 내일(일) 새벽 도착 보장 4.5 (34671) 최대 960원 적립",,,,,
[올가] 유기농 떡국떡 500g 2종 (택1),,,,,
[카누] 디카페인 커피 캡슐 9.5g X 10개 2종(택1)(카누머신 전용),,,,,
"잇츠베러 치폴레마요, 255g, 1개 5,980원 (100g당 2,345원) 내일(일) 도착 보장 4.5 (2529) 최대 299원 적립",,,,,
[도리깨침] 아삭열무 강된장 비빔밥 세트 (2인분),,,,,
깐쪽파 900g,,,,,
"호주산 메가 소고기 모둠 국거리용 (냉장), 1kg, 1개 18%29,900원 24,500원 (100g당 2,450원) 내일(일) 새벽 도착 보장 4.5 (5527) 최대 1,225원 적립",,,,,
"(뉴질랜드) 밀키오 목초사육 방탄커피 기버터 Ghee 454g, 500ml, 1개 1%25,900원 25,500원 (100ml당 5,100원) 내일(일) 도착 보장 5 (7463) 최대 1,275원 적립",,,,,
[로스옥] 아롱사태 스지수육,,,,,
[도드람한돈] 1등급 등심 스마트팩 잡채용 600g(200g*3),,,,,
[비스퀴테리 엠오] 딸기 피스타치오 타르트 350g,,,,,
"롯데웰푸드 더블비얀코 210ml x 3개입 + 빵빠레 바닐라 195ml x 3개입 세트 (냉동), 1세트 8,400원 내일(일) 새벽 도착 보장 5 (170) 최대 420원 적립",,,,,
"무료배송 정호영의 정성담은 푸짐한 동태알탕, 3개, 800g 할인30%24,900원 17,430원 2/11(수) 도착 예정 4 (17) 최대 871원 적립",,,,,
[보물섬] 국산 새꼬막살 300g (냉동),,,,,
[포크밸리] 한돈 뽈항정 400g (냉동),,,,,
아사무라사키 굴 간장 맛김(30매),,,,,
"대구농산 국산 혼합 21곡, 4kg, 1개 16%23,900원 19,900원 (100g당 498원) 내일(일) 새벽 도착 보장 5 (9185) 최대 995원 적립",,,,,
[바비엔] 동태탕,,,,,
[동원] 고추참치 85g x 8캔,,,,,
"서울우유 더진한 그릭요거트, 100g, 3개 8,480원 (10g당 283원) 내일(일) 새벽 도착 보장 5 (21602) 최대 424원 적립",,,,,
"육공육 잠봉 슬라이스, 80g, 2개 51%11,960원 5,800원 (10g당 363원) 내일(일) 새벽 도착 보장 5 (9628) 최대 290원 적립",,,,,
[바이탈뷰티] 굿슬립가바 30일분,,,,,
[선물세트] 떡편 모듬 찰떡 선물세트 (쑥/흑미/곶감/소보로),,,,,
"오뚜기 LIGHT & JOY 1/2 하프 마요네스, 835g, 1개 7%8,480원 7,810원 (100g당 935원) 내일(일) 도착 보장 5 (35124) 최대 390원 적립",,,,,
[사리원] 소불고기 전골,,,,,
"무료배송 황금농원 서귀포 고당도 조생 귤 첫출하, 5kg[로얄소과(2S-M)], 1박스 할인60%35,900원 14,310원 (100g당 286원) 2/10(화) 도착 예정 4 (67915) 최대 715원 적립",,,,,
[하루견과] 패밀리넛 2종,,,,,
"무료배송 [신정푸드]냉동 두리안 - 450g 1+1, 2개 25%31,000원 22,960원 2/10(화) 도착 예정 4.5 (3509) 최대 1,148원 적립",,,,,
[레오나르디] 모데나산 발사믹 4메달 (레드),,,,,
"스팸 25% 라이트, 200g, 6개 51%33,960원 16,500원 (10g당 138원) 내일(일) 새벽 도착 보장 5 (6158) 최대 825원 적립",,,,,
[스윗밸런스] 샐러드랩 샌드위치 7종 (택1),,,,,
"포카리스웨트, 1.5L, 12개 8%28,000원 25,600원 (100ml당 142원) 내일(일) 도착 보장 5 (173316) 최대 1,280원 적립",,,,,
"야미 스테비아 대추방울토마토, 1kg, 1개 할인24%12,900원 9,690원 (100g당 969원) 내일(일) 새벽 도착 보장 4.5 (24136) 최대 485원 적립",,,,,
[유가원] 유기농 스위트 코코넛칩 180g,,,,,
"불닭볶음면 큰컵 105g, 6개 6%8,400원 7,860원 (1개당 1,310원) 내일(일) 도착 보장 5 (55091) 최대 393원 적립",,,,,
"무료배송 [미국산] 소갈비살600g, 200g, 3개 7%19,900원 18,400원 (100g당 3,067원) 2/11(수) 도착 예정 4 (1174) 최대 920원 적립",,,,,
"무료배송 그레인랩 고소한99.9 무가당두유, 40개, 190ml 17,300원 (100ml당 228원) 2/10(화) 도착 예정 4.5 (439) 최대 760원 적립",,,,,
[라빈리커픽업][신년 특가] 그르기치 힐스 샤도네이 22 (와인),,,,,
"곰곰 고추장 제육 불고기 (냉장), 1kg, 1개 12,900원 (100g당 1,290원) 내일(일) 새벽 도착 보장 4.5 (39312) 최대 645원 적립",,,,,
"순작 통현미 가득 제로 밤 마차, 1개, 10개입, 20g 8%5,980원 5,480원 (10g당 274원) 내일(일) 도착 보장 5 (240) 최대 274원 적립",,,,,
[동원] 동원 마일드 90g x 4캔,,,,,
[스타벅스] 베란다 블렌드 드립백 45g,,,,,
"무료배송 한끼농산 혼합잡곡 17곡 10kg (5kgx2봉), 5kg, 2개 할인31%27,500원 18,900원 (100g당 189원) 2/13(금) 도착 예정 4.5 (2249) 최대 945원 적립",,,,,
[CU 픽업] 마르께스콘차쉬라,,,,,
"양구군산림조합 펀치볼 양구시래기 (냉동), 200g, 5개, 1개입 12,380원 (10g당 124원) 내일(일) 새벽 도착 보장 4.5 (763) 최대 619원 적립",,,,,
[밀도] The 잡곡식빵 630g,,,,,
[솔가] 칼슘 위드 비타민D3 100정 (50일분),,,,,
"파스키에 브리오슈 트레쎄 식빵 (냉동), 500g, 1팩 9,980원 (10g당 200원) 내일(일) 새벽 도착 보장 4.5 (12089) 최대 499원 적립",,,,,
[26년 설] [CU 픽업] 조니워커블랙500ml세트,,,,,
[경남제약] 레모나 카카오 프렌즈 2g 150포,,,,,
[필리브] 프로폴리스 스프레이 30ml,,,,,
"국내산 흙생강, 200g, 1개 2,990원 (100g당 1,495원) 내일(일) 새벽 도착 보장 4.5 (43275) 최대 150원 적립",,,,,
[비비드키친] 저당 치폴레 소스 265g,,,,,
"CJ제일제당 가쓰오 우동 2인분, 466.6g, 1개 30%6,980원 4,880원 (100g당 1,046원) 내일(일) 새벽 도착 보장 5 (23564) 최대 244원 적립",,,,,
[일리] 커피 캡슐 10개입 5종(네스프레소 호환)(택1),,,,,
[에버비키니] 빠질라카노 헤이즐넛향 (14일분),,,,,
[네스프레소] 콜롬비아 커피 캡슐 10개입(40mL or 110mL),,,,,
"무료배송 [설한정특가] 프리미엄 청도 반건시 곶감 선물세트, 1개, 1kg (20입/개당50g) 쿠폰할인62%80,000원 29,800원 (100g당 2,980원) 2/12(목) 도착 예정 5 (109) 최대 1,490원 적립",,,,,
[농심] 신라면블랙 큰사발 6입,,,,,
순살 가자미 스테이크 500g (냉동),,,,,
[타바론] 쿨 민트 (1.5g X 15개),,,,,
"곡물도감 국산 무가당 21곡 서리태 가득 콩물두유, 180ml, 15개 쿠폰할인33%43,500원 28,900원 (100ml당 1,070원) 내일(일) 도착 보장 새 상품, 반품-미개봉 (6) 최저27,450원 5 (700) 최대 1,445원 적립",,,,,
"무료배송 [H백화점특전]특대과 설 고급 사과 배 과일선물세트 5kg, 1세트 55%157,900원 70,900원 (1세트당 70,900원) 2/11(수) 도착 예정 5 (26) 최대 3,545원 적립",,,,,
[순창성가정식품] 매실장아찌,,,,,
[리틀 차이나] 짜장면 2인분,,,,,
[포크밸리] 냉삼/냉목/특수부위 5종 택1 (냉동),,,,,
메로스테이크 200g (냉동),,,,,
[선물세트] 전통주 박재서 명인 안동소주 호리병 청와대 소주 (45도 400mL),,,,,
7일 향미 8kg (향진주),,,,,
"코카콜라 오리지널, 350ml, 48개 42,960원 (100ml당 256원) 내일(일) 도착 보장 5 (230979) 최대 2,148원 적립",,,,,
[테일러] 건 푸룬 250g,,,,,
"프레시몬 레몬, 1kg, 1개 6,120원 (100g당 612원) 내일(일) 새벽 도착 보장 4.5 (2671) 최대 306원 적립",,,,,
"무료배송 오늘출발 고당도 제주 특산품 귤, 1박스, 2.5kg(대과귤돼지) 쿠폰할인63%33,000원 12,000원 (100g당 480원) 2/11(수) 도착 예정 4 (5167) 최대 600원 적립",,,,,
[센트룸] 원데이팩 50+ (30일분) 우먼/맨 (택1),,,,,
"국내산 쑥갓, 100g, 1개 1,550원 (100g당 1,550원) 내일(일) 새벽 도착 보장 4.5 (52644) 최대 78원 적립",,,,,
[정다운] 무항생제 오리 안심살 1kg (냉동),,,,,
[선물세트] 올리타리아 엑스트라 버진 올리브오일 & 트러플 오일,,,,,
[던킨] 블렌드 커피 캡슐 5g X 20개 5종(택1)(네스프레소 호환),,,,,
고추냉이(와사비) 잎 100g,,,,,
[Picard] 쁘띠 까눌레,,,,,
[스윗밸런스] 오늘의 식단 도시락 6종 (택1),,,,,
"펩시 콜라, 190ml, 30개 13,400원 (100ml당 235원) 내일(일) 도착 보장 5 (48212) 최대 670원 적립",,,,,
"서울우유 요거트 플레인, 380g, 1개입, 1개 2,690원 (10g당 71원) 내일(일) 새벽 도착 보장 5 (5687) 최대 135원 적립",,,,,
"무료배송 동서 엄마순 보리차, 8g, 30개입, 1개 14%6,500원 5,550원 (10g당 231원) 2/10(화) 도착 예정 5 (14581) 최대 278원 적립",,,,,
"타키 반세오 베트남 크리스피 팬케잌 믹스, 400g, 2개 6%5,500원 5,170원 (100g당 646원) 내일(일) 도착 보장 4.5 (627) 최대 259원 적립",,,,,
"첫맛 떡볶이양념분말 순한맛, 500g, 1개 7,130원 (10g당 143원) 내일(일) 도착 보장 4.5 (5110) 최대 339원 적립",,,,,
"카누 에스프레소 말차 라떼 커피믹스, 17.3g, 24개입, 2개 쿠폰할인8%21,800원 19,870원 (10g당 239원) 내일(일) 도착 보장 5 (5127) 최대 994원 적립",,,,,
"햇반 백미밥, 210g, 6개 14%8,480원 7,290원 (100g당 579원) 내일(일) 도착 보장 새 상품, 반품-미개봉 (14) 최저6,920원 5 (442771) 최대 365원 적립",,,,,
[종근당건강] 아임비타 칼슘 마그네슘 비타민D 1박스 (2개월분),,,,,
[네스프레소] 리스트레토 이탈리아노 커피 캡슐 10개입(25mL or 40mL),,,,,
[CU 픽업] 이이찌고실루엣,,,,,
[Hallo!] 간편 손질 생선 4종 (냉동) (택1),,,,,
[한성] 토굴숙성 광천새우젓 2종 (택1),,,,,
[굽네] 닭가슴살 만두 3종 (택1),,,,,
[CJ] 목초 동물복지 유정란 15구,,,,,
[도시곳간] 7days 건강 반찬 세트 - 일요일,,,,,
[리틀 후쿠오카] 돈코츠 라멘,,,,,
"무료배송 서래푸드 구운아몬드 500g+500g, 1개 할인15%18,000원 15,200원 (100g당 1,520원) 2/12(목) 도착 예정 4.5 (17550) 최대 760원 적립",,,,,
"무료배송 힘찬농부오달봉 국산 보리차 볶은보리차, 1개, 2kg 30%16,600원 11,500원 (100g당 575원) 2/10(화) 도착 예정 4.5 (1351) 최대 575원 적립",,,,,
[오지퀸비] 마카다미아 꿀스틱 30포,,,,,
"풀무원 목초 촉촉한 반숙란 500g, 10구, 1개 7,840원 (1구당 784원) 내일(일) 새벽 도착 보장 5 (3575) 최대 392원 적립",,,,,
[메디트리] 식물성 멜라토닌 함유 멜라테닌 트리플 30정,,,,,
[하림] The미식 볶음밥&비빔밥 3종 (2개입) (택1),,,,,
[온기루] 막걸리 증편 (150g X 4팩),,,,,
[CU 픽업] 바카디8년,,,,,
[미주라] 프로틴 비스켓 2종 (택1),,,,,
[블루] 생연어회 슬라이스 150g (냉장),,,,,
[풀무원] 식물성 지구식단 두부면 100g 2종 (택1),,,,,
[그린몬스터] 지방타파 다이어트 칼로아웃 잔티젠 (14일분),,,,,
[나뚜루] original 파인트 474mL 8종 (택1),,,,,
"서울우유 아침에주스 제주감귤, 950ml, 2개 7,780원 (100ml당 409원) 내일(일) 새벽 도착 보장 5 (12704) 최대 389원 적립",,,,,
[동원] 양반 수라 도가니설렁탕 460g,,,,,
"해태제과 오사쯔, 60g, 5개 4,950원 (10g당 165원) 내일(일) 도착 보장 5 (12878) 최대 248원 적립",,,,,
"국내산 라디치오, 200g, 1개, 200g 5,250원 (100g당 2,625원) 내일(일) 새벽 도착 보장 4.5 (4316) 최대 263원 적립",,,,,
[미트클레버] 대구막창,,,,,
"맥심 싱글 오리진 브라질 산토스 원두커피, 홀빈(분쇄안함), 1kg, 1개 20,660원 (10g당 207원) 내일(일) 도착 보장 5 (8832) 최대 1,033원 적립",,,,,
"비비드키친 저당 홀스래디쉬소스, 265g, 1개 4,230원 (100g당 1,596원) 내일(일) 새벽 도착 보장 5 (1398) 최대 211원 적립",,,,,
[쉐이크베이비] 다이어트 단백질 쉐이크 630g 5종 (택1),,,,,
"정다운 오리로스 구이용 (냉장), 1kg, 1개 26%23,900원 17,490원 (100g당 1,749원) 내일(일) 새벽 도착 보장 4.5 (5909) 최대 875원 적립",,,,,
"목우촌 국내산 소고기 다짐육 (냉장), 300g, 1개 33%19,900원 13,250원 (100g당 4,417원) 내일(일) 새벽 도착 보장 5 (9773) 최대 663원 적립",,,,,
"무료배송 볶은 아몬드분말 1 kg/껍질째 갈아만든 볶음 아몬드 분말/구운, 1개 30%22,900원 15,900원 (10g당 159원) 2/10(화) 도착 예정 4.5 (773) 최대 594원 적립",,,,,
"무료배송 [3차 세척작업] 통영 석화 굴 당일조업, 1개, 석화 10kg 쿠폰할인43%40,000원 22,800원 (100g당 228원) 2/10(화) 도착 예정 4 (319) 최대 1,140원 적립",,,,,
[26년 설] [CU 픽업] 더글렌리벳15년700,,,,,
[바름팜] 유러피안 버터헤드 샐러드 믹스 500g,,,,,
[진가네반찬] 생깻잎김치 300g (대용량),,,,,
"무료배송 지룩스 그레나딘 시럽, 750ml, 1개 할인9%14,200원 12,900원 (100ml당 1,720원) 2/12(목) 도착 예정 5 (846) 최대 645원 적립",,,,,
"오뚜기 컵누들 마라탕 44.7g, 6개 24%9,480원 7,130원 (1개당 1,188원) 내일(일) 새벽 도착 보장 5 (1608) 최대 356원 적립",,,,,
"오름 어린이 순살 바다이야기 모듬 (냉동), 400g, 1개 15,900원 (10g당 398원) 내일(일) 새벽 도착 보장 4.5 (769) 최대 795원 적립",,,,,
"곰곰 대추방울토마토, 750g, 1개 6,160원 (100g당 821원) 내일(일) 새벽 도착 보장 4.5 (344418) 최대 308원 적립",,,,,
"하림 참 토종닭 백숙용 (냉장), 1100g, 1개 15%16,990원 14,400원 (100g당 1,309원) 내일(일) 새벽 도착 보장 4.5 (35997) 최대 720원 적립",,,,,
"초록원 꿀유자차, 1kg, 1개입, 1개 6,300원 (10g당 63원) 내일(일) 도착 보장 4.5 (1565) 최대 315원 적립",,,,,
"농심 신라면 120g, 10개 8,300원 (1개당 830원) 내일(일) 도착 보장 5 (763378) 최대 415원 적립",,,,,
[Kurly's] 1등급 동물복지 목초 백색 유정란 15구,,,,,
[선미한과] 한손 강릉모둠 개별포장 유과세트,,,,,
[CU 픽업] 호메세라부케로제,,,,,
"햇살담은 염도낮춘 발효 다시마 간장, 840ml, 1개 16%7,610원 6,390원 (100ml당 761원) 내일(일) 도착 보장 5 (12542) 최대 320원 적립",,,,,
약용버섯 슬라이스 2종 (택1),,,,,
[광천김] 이모카세 김자반 50g,,,,,
"곰곰 우리쌀 떡국떡, 700g, 1개 3,620원 (100g당 517원) 내일(일) 새벽 도착 보장 4.5 (58384) 최대 181원 적립",,,,,
[CU 픽업] 골든블루 쿼츠,,,,,
[백설] 토마토스파게티소스610g,,,,,
[삼진어묵] 순살바 5종,,,,,
MSC인증 동태살 500g (냉동),,,,,
[오쏘몰] 바이탈 F (14일분)+에르메스 어메니티 트윌리 향수 15ml 세트 (쇼핑백 증정),,,,,
[맘스포뮬러] 맘스포뮬러 1단계 (30일분),,,,,
[오리온] 무뚝뚝 감자칩 & 고구마 스낵 3종 (택1),,,,,
"바다원 깨끗한 올리브유 김자반볶음, 1개, 50g 2,840원 (10g당 568원) 내일(일) 새벽 도착 보장 5 (6713) 최대 142원 적립",,,,,
[CU 픽업] 그레이구스시트론,,,,,
"무료배송 그레인온 파로 엠머 밀, 280g, 2개 24%12,770원 9,600원 (100g당 1,714원) 2/10(화) 도착 예정 5 (32162) 최대 480원 적립",,,,,
[브룩클린688] 호주산 소고기 목초육 치마살 구이용 300g (냉장),,,,,
[다담] 정통된장찌개 양념 2종 (택 1),,,,,
"무료배송 스파클 생수 무라벨, 2L, 60개 할인18%35,990원 29,390원 (100ml당 24원) 2/10(화) 도착 예정 5 (545302) 최대 1,470원 적립",,,,,
[브로드카세] 저당 멀티그레인 통밀브레드,,,,,
[진가네반찬] 궁채들깨조림,,,,,
[이시하라] 스모크 마구로 조미포 35g (황다랑어 포),,,,,
[마켓오] 다쿠아즈 176g (22g x 8개입),,,,,
[어니스트그릭] 복숭아맛 그릭요거트 100g,,,,,
완도바다 건청각 100g,,,,,
"제주 남원농협 곱들락 감귤 로열과, 1.2kg(로열과), 1개 11,990원 (100g당 999원) 내일(일) 새벽 도착 보장 4.5 (1448) 최대 600원 적립",,,,,
[CU 픽업] 샤를도떼일샴페인프리미에크뤼,,,,,
"All바른농장 호두리코타치즈 곶감말이 (냉동), 1개, 200g 14,900원 (100g당 7,450원) 내일(일) 새벽 도착 보장 4.5 (175) 최대 695원 적립",,,,,
[선물세트] 제주 옥돔 세트 1.5kg,,,,,
[담가] 명이나물절임 350g,,,,,
"밀키스 랜덤발송, 500ml, 20개 18,700원 (100ml당 187원) 내일(일) 도착 보장 5 (5025) 최대 935원 적립",,,,,
[미즈호] 노리마키 센베 치즈링 45g x 2번들,,,,,
[스기모토야] 오꼬노미 양갱 요깡 고슈 320g (8입),,,,,
"[전통주] 나즈막홍 (6도, 500mL)",,,,,
[전통주] 이화백주 순탁주 (6도 940mL),,,,,
[양수면옥] 한우 우리콩 비지찌개,,,,,
"플라하반 퀵오리지날 오트밀 드럼, 500g, 1개 15,000원 (100g당 3,000원) 내일(일) 새벽 도착 보장 5 (1779) 최대 750원 적립",,,,,
[CU 픽업] 고키겐쵸상 720ml,,,,,
[홀라이프]  프리미엄 유기농 푸룬즙 14포,,,,,
[대상웰라이프] 마이밀 마시는 뉴프로틴 로우슈거 바나나맛 16팩,,,,,
[잊지마] 마 곡물쉐이크,,,,,
"신김포농협 2025년 햅쌀 김포금쌀 고시히카리, 특등급, 10kg, 1개 6%48,000원 44,900원 (100g당 449원) 내일(일) 도착 보장 4.5 (12774) 최대 2,245원 적립",,,,,
[시오팡야] 클래식 소금빵 세트 (62g X 4개),,,,,
[앤트러사이트] 라이트 블렌딩 원두 200g 3종 (택1),,,,,
[KF365] 한돈 꽃삼겹살 구이용 600g (냉동),,,,,
[마음이가] 서리태 현미 가래떡 500g,,,,,
[담터] 공주 알밤 마차 (20g X 10개),,,,,
컬리플라워 라이스 1kg,,,,,
"천수만 삼광미 백미 특등급, 20kg, 1개, 특 66,900원 (100g당 335원) 내일(일) 도착 보장 4.5 (452) 최대 3,345원 적립",,,,,
"프리미엄 구운 카다이프 볶은 카다이프, 1개, 400g 25%39,900원 29,700원 (10g당 743원) 내일(일) 도착 보장 5 (404) 최대 1,485원 적립",,,,,
"파스퇴르 유기가공식품 인증 야채농장 ABC 과채 주스, 190ml, 8개 9,960원 (100ml당 655원) 내일(일) 새벽 도착 보장 5 (7322) 최대 498원 적립",,,,,
"국내산 흙생강, 200g, 1개 2,990원 (100g당 1,495원) 내일(일) 새벽 도착 보장 4.5 (43276) 최대 150원 적립",,,,,
"샘표 가쓰오 샤브샤브 육수 3~4인분, 200g, 1개 14%2,980원 2,540원 (10g당 127원) 내일(일) 새벽 도착 보장 5 (656) 최대 127원 적립",,,,,
"무료배송 [수산맥] 수율90%내외 박달홍게 프리미엄 선주직송, 1박스, 3kg (고급형10미) 할인52%40,000원 19,000원 (100g당 633원) 2/10(화) 도착 예정 4 (1473) 최대 950원 적립",,,,,
친환경 베이비 루꼴라 50g,,,,,
[차알] 마라샹궈,,,,,
[오리온] 포카칩 지퍼백 2종 (택1),,,,,
"이금기 팬더 굴소스, 510g, 2개 15%8,560원 7,230원 (100g당 709원) 내일(일) 도착 보장 5 (9915) 최대 361원 적립",,,,,
[매일유업] 바이오 드링크 그릭요거트 710mL 3종 (택1),,,,,
[온하루] 감귤 동치미,,,,,
[백설] 육수에는 1분링 사골 4gX50개입,,,,,
"국내산 애플민트, 10g, 1개 1,700원 (100g당 17,000원) 내일(일) 새벽 도착 보장 4.5 (8204) 최대 85원 적립",,,,,
[선물세트] 유명산지 사과세트 3.6kg (12입),,,,,
[26년 설] [CU 픽업] 샤또파비 2020,,,,,
[CU 픽업] 글렌그란트12년쉐리,,,,,
"곰곰 GAP 청송사과, 1kg(소과), 1봉 8,730원 (100g당 873원) 내일(일) 새벽 도착 보장 4.5 (17128) 최대 393원 적립",,,,,
프릭키누 (쥐똥고추) 불고추 50g,,,,,
[CU 픽업] 월계관준마이다이긴죠,,,,,
[바름팜] 제주 콜라비 800g 이상 (1-2입),,,,,
[백설] 100% 스페인산 엑스트라 버진 올리브유 900mL,,,,,
"[셀렉스] 밀세라 콜라겐 1,000mg 구미 레몬 그레이프맛 10g x 10개입",,,,,
"무료배송 광천김 재래구이김, 20g, 10개 할인11%18,000원 15,980원 (10g당 799원) 2/10(화) 도착 예정 4.5 (1676) 최대 791원 적립",,,,,
[에이미원더]원더컷 14포,,,,,
깐녹두 500g,,,,,
"[알치네로] 유기농 파스타 5종 (듀럼밀,통밀,파로통밀/ 택1)",,,,,
[풀무원] 진한 참깨 소스 230g,,,,,
"순돌이네 까망 숏다리, 300g, 2개 37%39,800원 24,800원 (10g당 413원) 내일(일) 도착 보장 4.5 (1485) 최대 1,240원 적립",,,,,
"유동 골뱅이 무침양념 소스, 320g, 1개 1%3,990원 3,930원 (100g당 1,228원) 내일(일) 도착 보장 4.5 (1835) 최대 196원 적립",,,,,
[스위스미스] 머쉬멜로우 원컵 (28g X 4개),,,,,
"가농 구운맛 단백이, 20구, 1개 15,200원 (1구당 760원) 내일(일) 새벽 도착 보장 4.5 (2084) 최대 760원 적립",,,,,
[마루코메] 미소시루 와카메 (12개입),,,,,
[베베쿡] 어린이 메추리알 장조림,,,,,
[바라기] 도라지캔디 2종,,,,,
"하림 참 토종닭 백숙용 (냉장), 1100g, 1개 15%16,990원 14,400원 (100g당 1,309원) 내일(일) 새벽 도착 보장 4.5 (35995) 최대 720원 적립",,,,,
[청정원] 그레인보우 저당 도시락 4종 (택1),,,,,
"건강한밥상 간편하게 먹는 영양한컵 롤드오트밀, 2kg, 1개 7,980원 (100g당 399원) 내일(일) 도착 보장 4.5 (1348) 최대 399원 적립",,,,,
[샘표] 순작 유기농 한잔 보리차 티백 (1.5g X 100개),,,,,
[정원삼] 6년근 고려홍삼정 365스틱 (100일분),,,,,
"하늘보리, 325ml, 20개 45%24,200원 13,260원 (100ml당 204원) 내일(일) 도착 보장 5 (287917) 최대 663원 적립",,,,,
[뉴트리코어] 철갑상어 뮤코다당단백 콘드로이친 K (30일분),,,,,
"트루시트러스 트루레몬 에이드분말, 800mg, 100개입, 1개 16,000원 (10g당 2,000원) 내일(일) 도착 보장 4.5 (2750) 최대 800원 적립",,,,,
"농심 사리면, 10개 3,240원 (1개당 324원) 내일(일) 새벽 도착 보장 5 (10995) 최대 162원 적립",,,,,
"[전통주] 산사춘 375mL 5입*전용잔 1p세트(12도375ml*5,잔1P)",,,,,
"양반 참기름 김, 54g, 1개 40%8,990원 5,320원 (10g당 985원) 내일(일) 새벽 도착 보장 5 (8140) 최대 266원 적립",,,,,
[청정원] 홍초 자몽 900ml,,,,,
"청정원 전통 돼지갈비양념, 500g, 2개 5,900원 (100g당 590원) 내일(일) 도착 보장 5 (12613) 최대 295원 적립",,,,,
[정관장] 홍삼환 플러스 (30일분),,,,,
[저스트그린] 유러피안 루꼴라 믹스 200g,,,,,
[팜에이트] 스피니치 블렌드 300g,,,,,
[한성기업] 명란한 떡갈비 1kg(냉동),,,,,
"담터 꿀생강차, 1kg, 1개입, 1개 6%9,500원 8,840원 (10g당 88원) 내일(일) 도착 보장 새 상품, 반품-미개봉 (29) 최저8,000원 4.5 (20803) 최대 442원 적립",,,,,
[CU 픽업] 니콜라로씨뇰프리미에,,,,,
"무료배송 볶음참깨, 1개, 1kg 할인4%9,690원 9,290원 (100g당 929원) 2/11(수) 도착 예정 4.5 (449) 최대 465원 적립",,,,,
[워커힐 고메] 피스타치오 케이크 470g,,,,,
[와인앤모어픽업]상파뉴 루이 뒤몽 로제 ((와인)),,,,,
[라라스윗] 저당 생요거트 복숭아 아이스크림 474mL,,,,,
"이지밥 핫앤쿡 라면애밥 짬뽕맛, 110g, 2개 쿠폰할인15%8,650원 7,270원 (100g당 3,305원) 내일(일) 도착 보장 4.5 (8277) 최대 364원 적립",,,,,
키워먹는 허브 5종,,,,,
"무료배송 순수 100% 국내산 마늘분말 무첨가, 1개, 400g 10,900원 (10g당 273원) 2/11(수) 도착 예정 5 (8) 최대 545원 적립",,,,,
"무료배송 건어물이좋다 반건조오징어 특대/대/중/소 동해영덕해풍반건오징어 최고중량/원양산오징어, 1개, 원양 파지 1kg (6~14미 내외) 23,900원 (100g당 2,390원) 2/10(화) 도착 예정 4 (3520) 최대 1,195원 적립",,,,,
[프로퍼마켓] 달콤한 서리태콩물두유 2종 (택1),,,,,
"무료배송 항공직송 영양가득 크리미 생 아보카도, 1박스, 1kg 쿠폰할인55%26,600원 11,900원 (100g당 1,190원) 2/12(목) 도착 예정 5 (32) 최대 595원 적립",,,,,
"생생포크 한돈 무항생제 인증 뒷다리 다짐육 (냉장), 500g, 1팩 26%10,680원 7,800원 (100g당 1,560원) 내일(일) 새벽 도착 보장 5 (2867) 최대 390원 적립",,,,,
[복음자리] 식물성 무화과 크림치즈 190g,,,,,
[매일유업] 바이오 드링크 그릭요거트 2종 (190mL X 3개) (택1),,,,,
"못생겨도 맛있는 피망, 2개입, 1개 2,810원 (1개당 1,405원) 내일(일) 새벽 도착 보장 4.5 (4523) 최대 140원 적립",,,,,
홍성 핑크캔디 딸기 2종,,,,,
[CU 픽업] 호린준마이다이긴죠,,,,,
[라빈리커픽업][신년 특가] 스톨리치나야 와일드체리 (스피릿),,,,,
[이목 무항생제] 국내산 소고기 다짐육 200g (냉장),,,,,
"타바스코 핫소스, 150ml, 1개 1%8,980원 8,820원 (100ml당 5,880원) 내일(일) 도착 보장 5 (31828) 최대 441원 적립",,,,,
"두보식품 바른곡물 렌틸콩, 2kg, 1개 7,980원 (100g당 399원) 내일(일) 새벽 도착 보장 5 (1003) 최대 399원 적립",,,,,
[돈마루] 신선 보장 한돈 10종 (택1),,,,,
[이연복의 목란] 중화냉면 640g,,,,,
[순수식품] 비타민C 3000MG 고함량 분말 스틱 (100포) (단일옵션),,,,,
"감미인 달콤하고 촉촉한 감말랭이, 500g, 1개 14,900원 (100g당 2,980원) 내일(일) 새벽 도착 보장 5 (933) 최대 745원 적립",,,,,
[테라로사] 어센틱 에스프레소 블렌드 원두 250g,,,,,
"디벨라 홀토마토 통조림, 400g, 2개 4,980원 (100g당 623원) 내일(일) 새벽 도착 보장 5 (5393) 최대 249원 적립",,,,,
[포트'럭] 국산 조개 모음 6종 (생물) (택1),,,,,
"무료배송 [당도끝판왕] 한정수량특가 제주귤 프리미엄 타이벡감귤, 1개, 5kg 할인50%32,400원 15,900원 (100g당 318원) 품절 4.5 (39)",,,,,
[네니아] 우리밀 왕교자,,,,,
[센트룸] 원데이팩 2030 (30일분) 우먼/맨 (택1),,,,,
[빙그레] 요맘때 파인트 710mL 3종 (택1),,,,,
[선물세트] 비첸향 미니이지 세트 3종,,,,,
[나우푸드] 칼맥-D3 & 아연 (60일분),,,,,
[소이퀸] 진한 콩물 500mL,,,,,
"배대감 국산 고소한 미숫가루, 1kg, 1개 34%19,000원 12,500원 (100g당 1,250원) 내일(일) 도착 보장 5 (17653) 최대 625원 적립",,,,,
달래 60g,,,,,
"담터 둥굴레차, 1.2g, 100개입, 3개 11%22,500원 19,860원 (10g당 552원) 내일(일) 도착 보장 5 (38510) 최대 993원 적립",,,,,
"다시다 골드 조개, 96g, 1개 4,130원 (10g당 430원) 내일(일) 도착 보장 5 (2482) 최대 206원 적립",,,,,
[풀무원] 깻잎 무쌈,,,,,
[낫띵베럴] 럽티 팥차 (2g X 15개),,,,,
[포천이동갈비] 돼지 왕구이,,,,,
"웅진 깊을수록 무라벨, 40개, 500ml 8,980원 (100ml당 45원) 내일(일) 도착 보장 5 (107) 최대 395원 적립",,,,,
"무료배송 정성곳간 강순의 명인의 포기김치, 1개, 10kg 38%69,900원 42,720원 (100g당 427원) 2/13(금) 도착 예정 4 (2056) 최대 2,136원 적립",,,,,
[CJ] 4무 치자단무지와우엉 220G,,,,,
[하루두유] 블랙 국산 서리태 콩물두유 (150mL X 15개),,,,,
[CU 픽업] 아마랄브륏750ml,,,,,
[크리스탈제이드] 트러플맛 쇼마이,,,,,
"백설 스테비아, 400g, 2개 50%15,960원 7,960원 (100g당 995원) 내일(일) 도착 보장 5 (4107) 최대 398원 적립",,,,,
칠레산 알이 큰 생체리 300g (9.5row),,,,,
"후레쉬베리 딸기, 360g, 3개 14,050원 (10g당 130원) 내일(일) 도착 보장 5 (43320) 최대 703원 적립",,,,,
[CU 픽업] 인드리캐스크스트렝스,,,,,
[아우어베이커리] 치즈 치아바타 (120g X 2개),,,,,
"안산팜 로케트루꼴라, 1kg, 1개 8,200원 (100g당 820원) 2/10(화) 도착 예정 5 (1751) 최대 410원 적립",,,,,
[레오나르디] 모데나산 발사믹 1메달 (핑크),,,,,
"무료배송 미소드림 난각번호1번 자연방사 유정구운란 30구 자유방목 구운계란 달걀, 1개 4%24,000원 23,000원 (1구당 767원) 2/10(화) 도착 예정 4.5 (482) 최대 1,150원 적립",,,,,
"곰곰 믹스너츠 버라이어티 팩, 750g, 1개 25,390원 (1세트당 25,390원) 내일(일) 도착 보장 5 (9732) 최대 1,270원 적립",,,,,
GAP 대추방울토마토 1kg,,,,,
[선물세트][동원] 튜나리챔 O-48호,,,,,
"[태극당] 월병 3종(기본, 유자, 흑임자) 혼합 세트 (70g X 6개)",,,,,
[합정옥] 한우양곰탕,,,,,
[광동생활건강] 배도라지쌍화젤리 (50포),,,,,
[그리팅] 성산포바당 제주 몸국,,,,,
[카페미뇽] 치즈타르트 4구 세트,,,,,
7일 담미 고시히카리 4kg,,,,,
"바른곡물 국산 찰흑미, 2kg, 1개 31%14,600원 9,980원 (100g당 499원) 내일(일) 도착 보장 4.5 (3751) 최대 499원 적립",,,,,
"곰곰 스테비아 대추방울토마토, 500g, 1팩 5,390원 (100g당 1,078원) 내일(일) 새벽 도착 보장 4.5 (204037) 최대 270원 적립",,,,,
[비카인드] 초콜릿 에너지바 3종 (택1),,,,,
[자연실록] 무항생제 닭 안심살 500g,,,,,
[상하목장] 저온살균 무항생제인증 우유 저지방 900ML,,,,,
무농약 진주 설향 딸기 460g(한단),,,,,
[나폴레옹] 몽블랑 260g,,,,,
[딥앤로우] 저당 크런치바 90mL X 4개입 2종(택1),,,,,
[정관장] 장수:율(匠水:律)근(筋) (30일분),,,,,
[아우름] 바다를 품은 솥밥키트 2종 (냉동) (택1),,,,,
[가농바이오] 촉촉하게 구워낸 오메가3 구운란 20구,,,,,
[달콤트리] 13brix이상 당도선별 한라봉 2kg (6~8입),,,,,
[전통주] 농담 (16도 375mL),,,,,
"콜라비, 1개입, 4개 7,520원 (1개당 1,880원) 내일(일) 새벽 도착 보장 4.5 (12398) 최대 376원 적립",,,,,
[자연에찬] 참나물 두부무침,,,,,
"뉴질랜드산 단호박, 2개입, 1개 4,980원 (1개당 2,490원) 내일(일) 새벽 도착 보장 4.5 (21962) 최대 249원 적립",,,,,
"무료배송 푸드팜 캐슈넛 햇 (생캐슈넛), 1kg, 1개 18,800원 (100g당 1,880원) 2/10(화) 도착 예정 4.5 (11377) 최대 940원 적립",,,,,
[루쿤] 태국 프리미엄 건망고 85g,,,,,
[바비엔] 간편 가자미구이,,,,,
[CU 픽업] 더 레이크No.7,,,,,
"불닭 소스 자이언트, 2kg, 1개 38%31,000원 19,000원 (100g당 950원) 내일(일) 도착 보장 5 (7304) 최대 950원 적립",,,,,
[센터커피] 프라이데이 커피 캡슐 (5.2g X 10개)(네스프레소 호환),,,,,
"고향 콘푸레이크 천마차, 18g, 110개입, 1개 15,070원 (10g당 76원) 내일(일) 도착 보장 5 (3422) 최대 754원 적립",,,,,
[La bocca] 프랑스 디저트 세트 475g,,,,,
"유기농 와일드 루꼴라, 1개, 50g 2,890원 (100g당 5,780원) 내일(일) 새벽 도착 보장 4.5 (96) 최대 145원 적립",,,,,
[종근당건강] 6년근 홍삼녹용 프리미엄 30포,,,,,
"곰곰 스테비아 대추방울토마토 망고향, 1개, 450g 5,650원 (100g당 1,256원) 내일(일) 새벽 도착 보장 4.5 (5617) 최대 283원 적립",,,,,
[폴 바셋] 바리스타 돌체라떼 330mL,,,,,
[웰리카] 다이어트 플러스 프로바이오틱스 (30일분),,,,,
[모두의식단] 샐러드 토핑용 닭가슴살 2종 택1(1개입/4개입),,,,,
"무료배송 [우수농가] 제주 고당도 효돈 감귤 초특가, 1개, 10KG 중대과(L-2L) 쿠폰할인5%17,900원 16,900원 (100g당 169원) 2/14 도착 예정 5 (76) 최대 845원 적립",,,,,
[올반] 바짝 간장오리불고기 200g,,,,,
"국내산 와일드 루꼴라, 100g, 2개 6,400원 (100g당 3,200원) 내일(일) 새벽 도착 보장 5 (43339) 최대 320원 적립",,,,,
[전통주]  두루양조 홀리엠_오미자소주 (37도 375mL),,,,,
[스톡] 웨더스 오리지널 카라멜 3종 (택1),,,,,
[애슐리] 해물 누룽지탕 밀키트,,,,,
[더건강한] 닭가슴살 소시지 청양고추,,,,,
[백설] 100% 통참깨 참기름 320mL,,,,,
[햇님마을] 햇빛에 검게 그을린 흑임자가루 100g,,,,,
[풀무원] 짜먹는 나또 오리지널,,,,,
[어보선] 손질 병어 250g (냉동),,,,,
[페피트파리] 브리오슈 밤 식빵 260g,,,,,
[롯데] 말랑카우 딸기 158g,,,,,
[시나본] 버라이어티 미니 시나몬롤 4구 335g,,,,,
[굽네] 닭가슴살 비엔나 마늘 (1입/4입),,,,,
"무료배송 구운서리태1kg, 1개, 1kg 61%17,800원 6,900원 (100g당 690원) 2/10(화) 도착 예정 4.5 (3) 최대 345원 적립",,,,,
[브로드카세] 저당 통밀 포켓 브레드 3종 (택1),,,,,
"풀무원 발사믹올리브유드레싱, 525g, 1개 21%6,980원 5,480원 (100g당 1,044원) 내일(일) 새벽 도착 보장 5 (9658) 최대 274원 적립",,,,,
"무료배송 장수왕 국산 볶음땅콩 500g /매일 볶는 햇땅콩 생땅콩 견과류 간식 안주, 1개 할인30%21,000원 14,530원 (100g당 2,906원) 2/10(화) 도착 예정 4.5 (2059) 최대 726원 적립",,,,,
[CU 픽업] 시메이화이트330ml*6병,,,,,
"테일러 푸룬 딥워터, 180ml, 4개 16,000원 (100ml당 2,222원) 내일(일) 도착 보장 새 상품, 반품-미개봉 (7) 최저14,200원 5 (29551) 최대 800원 적립",,,,,
[키도] 딸기 크래커 샌드위치 90g,,,,,
[CU 픽업] 온나나카세 준마이 다이긴죠,,,,,
[햇반] 흑미밥 210g (8입),,,,,
"곰곰 무항생제 인증 닭 안심 (냉장), 350g, 1개 46%7,990원 4,310원 (100g당 1,231원) 내일(일) 새벽 도착 보장 5 (792) 최대 215원 적립",,,,,
[와인앤모어픽업]운두라가 드미섹 ((와인)),,,,,
[마미키친] 두툼 한돈한우 함박스테이크 180g(냉동),,,,,
"프리미엄 레드 와일드루꼴라, 50g, 1개 3,300원 (100g당 6,600원) 내일(일) 새벽 도착 보장 4.5 (179) 최대 165원 적립",,,,,
[풀무원] 요리육수 전골 1000mL,,,,,
"무료배송 햇반 듬뿍 누룽지 닭백숙죽, 6개, 420g 할인19%17,370원 13,970원 (100g당 554원) 2/12(목) 도착 예정 5 (996) 최대 699원 적립",,,,,
"무료배송 파머스넷 세척 무농약 꿀고구마 정품, 5kg 한입 (60g이하), 1개 쿠폰할인61%38,000원 14,590원 (100g당 292원) 2/11(수) 도착 예정 4.5 (16115) 최대 720원 적립",,,,,
[오뚜기] 프리미엄 바몬드카레 고형 3종 (택1),,,,,
"유얼거트 블루베리 그릭요거트, 130g, 2개입, 1개 7,800원 (10g당 300원) 내일(일) 새벽 도착 보장 5 (1013) 최대 390원 적립",,,,,
[베키아에누보x와인앤모어] 치즈케이크 플래터 350g,,,,,
[선물세트] 연경당 호두강정&피칸강정 세트,,,,,
[선물세트] 참앤들황토농원 유기농 레드비트즙 30포,,,,,
"[전통주] 느린마을 증류주 (16.9도, 330mL)",,,,,
[야미요밀] 비건 쌀 베이글 3종 (110g X 3개입) (택1),,,,,
"곰곰 쌀 통가래떡, 400g, 1개입, 1개 1,670원 (10g당 42원) 내일(일) 새벽 도착 보장 5 (17099) 최대 84원 적립",,,,,
[하이포크] 한돈 뒷다리 다짐육 500g (냉장),,,,,
[구르미] 무지방 요거트 플레인 150g,,,,,
"대한농산 밥맛좋은 경기미, 상등급, 10kg, 1개 33,900원 (100g당 339원) 내일(일) 도착 보장 5 (1851) 최대 1,695원 적립",,,,,
[리틀스페인] 클래식 감바스 알 아히요,,,,,
"곰곰 국산 다진 마늘, 250g, 1개 5,400원 (10g당 216원) 내일(일) 새벽 도착 보장 5 (121610) 최대 270원 적립",,,,,
"국내산 친환경 시금치, 200g, 1개 2,750원 (100g당 1,375원) 내일(일) 새벽 도착 보장 4.5 (16838) 최대 138원 적립",,,,,
[세노비스] 수퍼바이오틱스 (60일분),,,,,
[어보선] 논우렁살 300g (냉동),,,,,
"무료배송 [타이벡농법] 12brix 고당도선별 제주 감귤, 1개, 5kg 소과 (2S) 할인27%33,500원 24,310원 (100g당 486원) 2/10(화) 도착 예정 4 (2091) 최대 1,215원 적립",,,,,
"리콜라 스위스 레몬 민트 맛 허브 캔디, 40g, 3개 6,240원 (10g당 520원) 내일(일) 도착 보장 5 (32963) 최대 312원 적립",,,,,
[정관장] 홍삼원세트 30포 + (쇼핑백증정),,,,,
"바른곡물 국산 강진 귀리쌀, 2kg, 1개 10,900원 (100g당 545원) 내일(일) 도착 보장 4.5 (4539) 최대 545원 적립",,,,,
[CJ] 바이오코어 피부면역 유산균(30일분),,,,,
[선물세트] 바오담 호두강정 선물세트,,,,,
[신의주 찹쌀순대] 설렁탕,,,,,
[조선호텔김치] 프리미엄 홍새우 배추김치 1kg,,,,,
채 도라지 300g,,,,,
"도드람한돈 1등급 앞다리 보쌈용 (냉장), 500g, 1개 9,240원 (100g당 1,848원) 내일(일) 새벽 도착 보장 4.5 (3434) 최대 462원 적립",,,,,
[윤서울] 모둠나물면,,,,,
[KF365] 1등급 닭 다리살 2종  (냉장),,,,,
[와인앤모어픽업]샤또 몽페라 화이트 ((와인)),,,,,
무항생제 1등급 한돈 찜갈비 600g (냉장),,,,,
[왕십리 악어떡볶이] 쌀떡볶이,,,,,
[슈퍼키친] 새우해파리냉채,,,,,
[지아] 선드라이드 토마토 280g,,,,,
"은하수산 쫄깃한 통 소라살 + 청귤초고추장 30g, 180g, 1세트 12,200원 (100g당 5,810원) 내일(일) 새벽 도착 보장 4.5 (4087) 최대 610원 적립",,,,,
"혼쯔유 코이다시, 500ml, 1개 6,230원 (100ml당 1,246원) 내일(일) 새벽 도착 보장 5 (7995) 최대 311원 적립",,,,,
[뉴믹스] 바나나우유맛 커피 파우더 스틱 (20g X 10포),,,,,
[KF365] 1+ 한우 차돌박이 300g (냉동),,,,,
[쉐푸드] 불고기크레미불닭 유부초밥,,,,,
"오뚜기 카레 과립형 매운맛, 100g, 1개 2,140원 (100g당 2,140원) 내일(일) 새벽 도착 보장 5 (2672) 최대 107원 적립",,,,,
[이웃집통통이] 말차초코 쫀득빵 180g,,,,,
[리타] 100% NFC 코코넛워터 (200mL X 6개),,,,,
[성수동 분식] 수제 고추튀김 3종 (오리지널/치즈/해물)(택1),,,,,
"맥심 모카골드 제로슈거 커피믹스, 1개, 11.5g, 80개입 26%24,000원 17,720원 (10g당 193원) 내일(일) 새벽 도착 보장 5 (353) 최대 886원 적립",,,,,
[그릭데이] 저당 블루베리 드링크 요거트 900g,,,,,
"한끼 파채, 80g, 1개 1,490원 (100g당 1,863원) 내일(일) 새벽 도착 보장 4.5 (12568) 최대 75원 적립",,,,,
[MMEL] 자라허니 TA35+ 스틱 & 파우치세트,,,,,
"고소한연구소 서리태가루 쩌서 볶은 국산100% 검은콩분말, 1개, 250g 할인36%17,900원 11,300원 (100g당 4,520원) 내일(일) 도착 보장 5 (169) 최대 559원 적립",,,,,
[사리원] 소불고기 잡채 500g,,,,,
[KF365] 냉동 다진 마늘 300g,,,,,
유기농 로즈마리 10g,,,,,
[초록원] 꿀 레몬차 1kg,,,,,
[크라운] 참쌀 누룽지 216g,,,,,
"곰곰 페페론치노, 18g, 1개 22%6,500원 5,070원 (10g당 2,817원) 내일(일) 도착 보장 5 (547) 최대 240원 적립",,,,,
[선물세트] 안동참마 모나카 (12개입),,,,,
"한방선생 치아씨드, 400g, 1개 28%9,800원 6,970원 (100g당 1,743원) 내일(일) 도착 보장 5 (2576) 최대 349원 적립",,,,,
[아즈마] 낫또 3종,,,,,
[코어리셋] 글루텐컷 GCD 효소 30포,,,,,
"스윗밸런스 더블 미니버거 2개입, 203g, 1개 5,590원 (10g당 275원) 내일(일) 새벽 도착 보장 4.5 (1549) 최대 249원 적립",,,,,
[HBAF] 와사비마요 팝콘 80g,,,,,
[삼양] 삼양라면1963 4입,,,,,
[제주창해] 대삼치 400~500g (냉동),,,,,
[26년 설] [CU 픽업] 핫카이산혼죠조세트,,,,,
[KF365] 한돈 생 대패 삼겹 500g (냉장),,,,,
[조선델리] 조선호텔 마카롱 기프트 세트 200g,,,,,
[CU 픽업] 더그레이프쉬라,,,,,
"오설록 삼다 꿀배 티, 2g, 20개입, 2개 18%22,000원 17,900원 (10g당 2,238원) 내일(일) 도착 보장 5 (6835) 최대 895원 적립",,,,,
[세노비스] 칼슘+비타민D (65일분),,,,,
"하림 무항생제 인증 신선한 영양란 1300g, 25구, 1개 11,430원 (1구당 457원) 내일(일) 새벽 도착 보장 5 (10512) 최대 571원 적립",,,,,
[양포어장] 동해 손질 가자미 350g (2마리) (생물),,,,,
"다향 훈제오리, 200g, 3팩 11,180원 (100g당 1,863원) 내일(일) 새벽 도착 보장 5 (32226) 최대 559원 적립",,,,,
[쁘띠구르망] 4프로마쥬 슈레드 치즈 500g,,,,,
"베베쿡 유아용 통통바나나 과자, 바나나, 30g, 3개 쿠폰할인19%8,400원 6,750원 (10g당 750원) 내일(일) 도착 보장 5 (1988) 최대 338원 적립",,,,,
[세빌프리미엄] 블랙올리브 슬라이스 (365g X 2병),,,,,
"투데이넛 구운아몬드 300g + 호두 250g, 1세트 14%14,900원 12,790원 내일(일) 도착 보장 4.5 (12729) 최대 640원 적립",,,,,
"필라델피아 크림치즈, 190g, 1개입, 1개 쿠폰할인4%4,990원 4,750원 (10g당 250원) 내일(일) 새벽 도착 보장 5 (98948) 최대 238원 적립",,,,,
[센터커피] 아이스브레이커 콜드브루 500mL,,,,,
[죠스떡볶이] 껍질없는 슬라이스 누드순대,,,,,
"POM 원더풀 석류 프레시컷, 120g, 2개 8,100원 내일(일) 새벽 도착 보장 4.5 (5183) 최대 405원 적립",,,,,
퀵오트밀 1.5kg,,,,,
[라빈리커픽업][신년 특가] 아사히 쇼쿠사이 1Box(24캔) (맥주),,,,,
"비비고 사골곰탕, 500g, 5개 29%8,400원 5,900원 (100g당 236원) 내일(일) 도착 보장 5 (156925) 최대 295원 적립",,,,,
[김재식헬스푸드] 호박씨호박즙 30포,,,,,
[종근당건강] 아이클리어 루테인아스타잔틴 (30일분),,,,,
"멕시카나치킨 더바삭한 마늘간장 닭강정 (냉동), 500g, 1개 8,480원 (100g당 1,696원) 내일(일) 새벽 도착 보장 4.5 (704) 최대 424원 적립",,,,,
[마쓰야] 모로미 미소 보리된장 2종,,,,,
[정관장] 활기단 30환 + (쇼핑백증정),,,,,
[바니] 프리미엄 캘리포니아 아몬드 스프레드 4종,,,,,
"모아미트 캐나다산 보리먹인 암퇘지 삼겹살 구이용 (냉장), 1kg, 1개 28%23,990원 17,080원 (100g당 1,708원) 내일(일) 새벽 도착 보장 4.5 (70358) 최대 854원 적립",,,,,
곤드레나물 비빔밥 채소 25g,,,,,
[일양약품] 신바이오틱스 3000골드 (90일분),,,,,
[구포국수] 오색국수세트 (310g*5개입),,,,,
[빠삐용빵] 피자 베이글 3종 (택1),,,,,
[Project H] 제로 롤케이크 2종 215g (택1),,,,,
[이목 무항생제] 국내산 소고기 채끝 스테이크 300g (냉장),,,,,
"[선물세트] 전통주 느린마을소주21 1입 도자잔 세트 (21도,375mL*1입,잔2입)",,,,,
[CU 픽업] 군트럼리슬링콘스탄틴,,,,,
[CU 픽업] 글렌그란트아보랄리스CS,,,,,
"무료배송 [시장최저가] 100박스한정 꿀당도Brix 제주 노지감귤, 1박스, 초특가 10kg 쿠폰할인2%24,400원 23,800원 (100g당 238원) 2/20 도착 예정 5 (53) 최대 1,190원 적립",,,,,
[닥터린] 알파CD 원데이 핏 14포,,,,,
"무료배송 [초초특가] 생생정보통 전라도 총각김치 100%국내산, 1박스, 1kg 쿠폰할인59%24,000원 9,750원 (100g당 975원) 2/12(목) 도착 예정 4.5 (613) 최대 483원 적립",,,,,
"오뚜기프레스코 미트 스파게티 소스, 400g, 1개 4,160원 (100g당 1,040원) 내일(일) 새벽 도착 보장 5 (1288) 최대 208원 적립",,,,,
[CU 픽업] 힙스터,,,,,
[햇반] 컵반 덮밥 시리즈 10종,,,,,
"하동 녹차 명란김, 6g, 16개 33%17,900원 11,830원 (10g당 1,232원) 내일(일) 새벽 도착 보장 5 (3773) 최대 591원 적립",,,,,
[파볼] 100% 과일로 만든 라즈베리 잼 240g,,,,,
"[허니바이허니] 국산 천연 튜브꿀 380g 3종 (택1) (아카시아꿀, 야생화꿀, 밤꿀)",,,,,
"일드프랑스 미니쉘 스트로베리 크림치즈, 20g, 18개입, 1개 17,900원 (10g당 497원) 내일(일) 새벽 도착 보장 5 (47) 최대 895원 적립",,,,,
"곰곰 달콤한 스테비아 대추방울토마토, 1.5kg, 1개 13,010원 (100g당 867원) 내일(일) 새벽 도착 보장 4.5 (204036) 최대 650원 적립",,,,,
[트리셀렉타] 샤프란 1g,,,,,
[CU 픽업] 더레이크No.6,,,,,
"한끼통살 오븐 순살닭다리 100g x 4종 x 2개입 세트 (냉동), 800g, 1세트 27,920원 (100g당 3,490원) 내일(일) 새벽 도착 보장 5 (704) 최대 1,396원 적립",,,,,
[아리울떡공방] 굳지않는 쑥개떡 350g (지퍼백),,,,,
"무료배송 [상주직송]재구매폭주 쫀득달큰 반건시 상주곶감, 1개, [로얄과] 500g 쿠폰할인47%23,000원 11,990원 (100g당 2,398원) 2/12(목) 도착 예정 5 (159) 최대 600원 적립",,,,,
[한삼인] 홍삼대보선물세트 2호 +(쇼핑백 증정),,,,,
[선물세트] 기화병가 틴케이스 검정깨맛 에그롤 400g,,,,,
[RU21] 웨이크업샷 12개입,,,,,
"디오션 안키모 아귀간, 2개, 200g 8,030원 (100g당 2,008원) 500원 와우 가입 쿠폰 내일(일) 새벽 도착 보장 4.5 (1786) 최대 376원 적립",,,,,
"해찬들 맛있는 재래식 된장, 1kg, 1개 51%9,650원 4,700원 (100g당 470원) 내일(일) 도착 보장 4.5 (40647) 최대 235원 적립",,,,,
[김소영 아티장의 안단테] 바도즈 싸팡 뒤 오 두 250g,,,,,
"라오깐마 유라죠우 라조장 고추소스, 730g, 1개 7,330원 (100g당 1,004원) 내일(일) 새벽 도착 보장 5 (340) 최대 366원 적립",,,,,
"무료배송 장수왕 국산 볶음땅콩 1kg /매일 볶는 햇땅콩 생땅콩 견과류 간식 안주, 1개 할인24%32,000원 24,320원 (100g당 2,432원) 2/10(화) 도착 예정 4.5 (2059) 최대 1,216원 적립",,,,,
"무료배송 고등어청년 99.9% 가시제거 순살 국내산 고등어, 10개, 100-120g 할인35%40,000원 25,800원 (100g당 2,580원) 2/10(화) 도착 예정 4.5 (723) 최대 1,290원 적립",,,,,
"바프 군옥수수맛 아몬드, 120g, 3개 10,000원 (100g당 2,778원) 내일(일) 도착 보장 5 (11978) 최대 500원 적립",,,,,
"라라스윗 말차 아이스밀크 (냉동), 474ml, 1개입, 1개 6,710원 (10ml당 142원) 내일(일) 새벽 도착 보장 5 (11172) 최대 335원 적립",,,,,
[우주인피자] 허니 갈릭 페퍼로니,,,,,
"무료배송 헬로틴 저염 스팀 닭가슴살, 50개, 100g 50%120,000원 58,900원 (100g당 1,178원) 2/10(화) 도착 예정 5 (361) 최대 2,945원 적립",,,,,
[윤슬] 대구곤이 250g (냉장),,,,,
"무료배송 서울에프엔비 뽀로로가 좋아하는 튼튼우유, 140ml, 24개 15,540원 (100ml당 463원) 2/11(수) 도착 예정 5 (2461) 최대 777원 적립",,,,,
[로아커] 미니스 디스펜서 크림카카오 500g(10gX50입),,,,,
[KF365] 1등급 생닭 7호 두마리 (냉장),,,,,
[26년 설] [CU 픽업] 로쉐마제 말띠에디션,,,,,
[안주야] 오븐에초벌한돈막창,,,,,
[선물세트] 채움 착즙 유기농 양배추 브로콜리즙,,,,,
겨울향기 유자청 1kg,,,,,
"오뚜기 청주식 돼지김치짜글이, 450g, 2개 47%14,960원 7,870원 (100g당 874원) 내일(일) 새벽 도착 보장 5 (829) 최대 394원 적립",,,,,
"MORN 스위트 칠리소스, 295ml, 3개 6,960원 (100ml당 786원) 내일(일) 도착 보장 5 (54046) 최대 348원 적립",,,,,
[설빙] 맛있는 딸기청 1kg,,,,,
[수린] 1++ 무항생제 한우 사골 솥밥 밀키트 (2인분),,,,,
"무료배송 제주 월동무 건무말랭이, 1개, 1kg 할인24%16,500원 12,450원 (100g당 1,245원) 2/12(목) 도착 예정 4.5 (61) 최대 616원 적립",,,,,
"삼양 불닭볶음탕면 145g, 4개 5,980원 (1개당 1,495원) 내일(일) 새벽 도착 보장 5 (492) 최대 299원 적립",,,,,
[전통주] 한강주조 나루생막걸리 (11.5도 500mL),,,,,
[망원동 재신] 바스크 치즈케이크 플레인 (140g X 2개),,,,,
"넛츠팜 믹스너트, 1kg, 1개 29%22,900원 16,200원 (100g당 1,620원) 내일(일) 도착 보장 4.5 (13232) 최대 810원 적립",,,,,
[CU 픽업] 오디뽕주375ml6입,,,,,
[샹달프] 과일잼 170g 5종 (택1),,,,,
[청년떡집] 구워먹는 콘치즈떡 (40g X 16개),,,,,
[멘야하나비] 카라이 마제소바(2인분),,,,,
"라오깐마 훠궈소스 라조장 275g + 즈마장 225g 세트, 1세트 6,140원 내일(일) 도착 보장 4.5 (4617) 최대 307원 적립",,,,,
"무료배송 국산 볶음용 햇 지리멸치 1.5kg (실속형) 우리바다자연식품, 1.5kg (세멸), 1박스 할인35%32,500원 20,860원 (100g당 1,391원) 2/10(화) 도착 예정 4.5 (2636) 최대 1,033원 적립",,,,,
"무료배송 자연밭담 청도 감말랭이 1kg 특최상품 벌크 실속 가정용 선물 반건시 반시 곶감 말랭이, 1개 할인26%35,000원 25,800원 2/10(화) 도착 예정 4.5 (2229) 최대 1,290원 적립",,,,,
[백제원] 직화 너비아니 떡갈비 480g (160g*3ea),,,,,
"농협 [25년산 햇곡] 대한민국 쌀귀리 특구 강진산 귀리 골드, 1개, 1kg 21%11,900원 9,380원 (100g당 938원) 내일(일) 도착 보장 5 (823) 최대 399원 적립",,,,,
"무료배송 [건국우유] 건국 착한목장무항생제멸균우유 24입, 190ml, 24개 할인42%28,000원 16,240원 (100ml당 356원) 2/10(화) 도착 예정 5 (4276) 최대 812원 적립",,,,,
"오뚜기 뿌셔뿌셔 양념치킨맛, 90g, 3개 2,820원 (10g당 104원) 내일(일) 도착 보장 5 (8762) 최대 141원 적립",,,,,
[파스퇴르] 우유 100% 생크림 250mL,,,,,
"무료배송 특등급 고당도 제주 레드향 (박스포함) 렌덤과, 1개, 5kg(랜덤과) 할인33%35,000원 23,310원 (100g당 466원) 2/12(목) 도착 예정 4.5 (26) 최대 1,165원 적립",,,,,
"녹차원 국내산만 담은 우엉차, 1g, 50개입, 1개 5,330원 (10g당 1,066원) 내일(일) 도착 보장 4.5 (84) 최대 266원 적립",,,,,
[일상味소] 특수부위 모둠 250g (냉장),,,,,
[미트빌] 미국산 소고기 초이스 립아이(등심) 스테이크 300g (냉장),,,,,
[청정원] 콩담백면 매콤짜장면 2인분,,,,,
[산코제과] 일본 니가타식 쌀과자 2종 (택1),,,,,
[CU 픽업]토민타울셰리,,,,,
[메디쏠라] 저당관리 식단 도시락 9종 (택1),,,,,
[선물세트] 옥돔&갈치&민어굴비 세트,,,,,
[에코맘의산골이유식] 산골알밤/고구마 (택1),,,,,
[더리얼] 알티지 오메가3 맥스 1400 (60일분),,,,,
"불닭볶음면 까르보 큰컵 105g, 16개 19%24,000원 19,210원 (1개당 1,201원) 내일(일) 도착 보장 5 (44057) 최대 960원 적립",,,,,
[26년 설] [CU 픽업] 화요3종선물세트,,,,,
[미즈호] 치즈 아몬드 45g x 2번들,,,,,
[가토미작] 더블베리 그릭요거트 보틀 케이크 (110g X 2개입),,,,,
"무료배송 [15 Brix] 명품 당도선별 한라봉 정품 세트, 당도선별 한라봉 로얄특대 (13~15과) 5kg, 1개 쿠폰할인59%81,000원 32,600원 (100g당 652원) 2/10(화) 도착 예정 4.5 (916) 최대 1,630원 적립",,,,,
[풀무원] 아티장 파스타 3종 (택1),,,,,
[차려낸] 국산 닭을 사용한 안동찜닭,,,,,
"감동란, 15구, 1개 15,900원 (1구당 1,060원) 내일(일) 새벽 도착 보장 5 (49054) 최대 795원 적립",,,,,
"마다마올리바 카스텔베트라노 데노치올라테 그린올리브, 480g, 1개 13,500원 (10g당 281원) 내일(일) 새벽 도착 보장 5 (4306) 최대 675원 적립",,,,,
[CU 픽업] 호세엑스트라아네호,,,,,
[잇더핏] 잇더핏 단백질쉐이크 대용량 520g (6종),,,,,
"무료배송 <10+10> 씨없는 지리산 25년 반건시, 1세트, 반건시 20과 할인35%30,000원 19,340원 2/10(화) 도착 예정 4.5 (162) 최대 967원 적립",,,,,
[심플잇] 오트면 충분해 3종,,,,,
"곰곰 고당도 한입 감귤, 500g, 1팩 6,170원 (100g당 1,234원) 내일(일) 새벽 도착 보장 4.5 (9873) 최대 309원 적립",,,,,
"국물까지 다먹어도 79kcal 바로먹는 발효곤약 냉모밀, 2개, 350g 할인28%13,800원 9,900원 (100g당 1,414원) 내일(일) 도착 보장 새 상품, 반품-미개봉 (2) 최저9,600원 4.5 (6141) 최대 495원 적립",,,,,
[CU 픽업] 화이트헤더21년,,,,,
"유명산지 경남단감 소과 5입, 800g, 4개 12,880원 (100g당 403원) 내일(일) 새벽 도착 보장 4.5 (20865) 최대 644원 적립",,,,,
[뉴트리원] 비비랩 프로바이오틱스 이너케어 w (30일분),,,,,
[야마끼] 소바 쯔유,,,,,
[푸드올로지] 터보 붐 워터 500ml x 6개입,,,,,
[제이식품] 네모난 현미 누룽지 150g,,,,,
[롯데] 초코 팔각 빼빼로 184g,,,,,
[군산 이성당] 카레 고로케 (100g X 4개입),,,,,
"무료배송 (건강인증) 피스타치오 1kg+1kg 피스타치오 견과류/ 피스타치오무염 탈각피스타치오, 3박스, 120g 21,280원 (100g당 5,911원) 3/6 도착 예정 1.5 (6) 최대 1,064원 적립",,,,,
[풀무원] 드레싱 4종,,,,,
[CU 픽업] 라포스톨달라까쇼,,,,,
[집반찬연구소] 인기 저당 반찬 11종 골라담기 (택1),,,,,
[마르티네즈] 세라노 초리조 슬라이스 80g,,,,,
캬라멜 팝콘 대용량 794g,,,,,
"아산율림 깐은행, 500g, 1개 14,600원 (100g당 2,920원) 내일(일) 새벽 도착 보장 4.5 (4335) 최대 730원 적립",,,,,
[그레인온] 르셀란테 파로효소 30포,,,,,
[이목] 국내산 소고기 갈비살 200g (냉장),,,,,
"하이델 초코룹스, 1개, 110g 45%12,000원 6,600원 (10g당 600원) 내일(일) 도착 보장 5 (505) 최대 330원 적립",,,,,
[훈도다이] 유자폰즈 (유즈 폰즈),,,,,
[포트'럭] 제주 반건조 순살 옥돔 220g (냉동),,,,,
[해태] 사브레 252g,,,,,
퀴노아 500g,,,,,
"유명산지 경남단감 소과 5입, 800g, 2개 6,790원 (100g당 424원) 내일(일) 새벽 도착 보장 4.5 (20865) 최대 340원 적립",,,,,
"호정가 하루영양바 (20개입), 1개, 500g 35%20,000원 12,990원 (100g당 2,598원) 내일(일) 도착 보장 5 (1301) 최대 650원 적립",,,,,
[네이쳐패스] 유기농 퀵오트밀 510g,,,,,
[제주우유] 무항생제우유 (115mL X 24개),,,,,
"무료배송 카누 다크 로스트 아메리카노 원두커피스틱 미니, 0.9g, 120개입, 1개 24,810원 (10g당 2,297원) 2/11(수) 도착 예정 5 (89979) 최대 1,240원 적립",,,,,
[일품식탁] 김밥단무지 400g,,,,,
[소소미담] 딸기 그대로 수제 딸기청 1kg,,,,,
[집반찬연구소] 저당 호두 멸치볶음,,,,,
[풀무원] 정통 가쓰오 우동 (4인분),,,,,
[한끼푸드] 완도산 전복내장죽,,,,,
[CU 픽업] 브란콧 말보로 피노누아,,,,,
이유식 재료 친환경 베이비 시금치 50g,,,,,
[마다마 올리바] 올리브 3종,,,,,
[우물우물] 맛진미 오징어채 150g,,,,,
"방앗간청년 압력으로 볶은 옥수수차, 500g, 3개, 1개입 19,900원 (10g당 133원) 내일(일) 도착 보장 새 상품, 반품-미개봉 (3) 최저16,920원 5 (8628) 최대 995원 적립",,,,,
[KF365] 1+ 한우 큐브 다짐육 300g(냉동),,,,,
"불닭볶음면 4가지 치즈 145g, 8개 17%11,960원 9,820원 (1개당 1,228원) 내일(일) 도착 보장 5 (5811) 최대 491원 적립",,,,,
"스윗토 스테비아 대추방울토마토, 1.2kg, 1팩 할인42%20,900원 11,980원 (100g당 998원) 내일(일) 새벽 도착 보장 4.5 (267497) 최대 550원 적립",,,,,
"바른씨 초밥용 간장새우 10개입 (냉동), 1개, 160g 7,230원 (100g당 4,519원) 내일(일) 새벽 도착 보장 4.5 (87) 최대 361원 적립",,,,,
[하림] The미식 전주 돌솥비빔밥 2인분 (2개입),,,,,
"[캐나다 빵집, 불라트] 오리지날 트레디셔널 데미바게트 (170g X 4개)",,,,,
"무료배송 스파클 생수 무라벨, 2L, 12개 할인31%9,250원 6,360원 (100ml당 27원) 2/10(화) 도착 예정 5 (545302) 최대 318원 적립",,,,,
"돈시몬 착즙 스파클링 레몬에이드, 330ml, 12개 22%17,800원 13,760원 (100ml당 347원) 내일(일) 도착 보장 5 (867) 최대 605원 적립",,,,,
"투데이넛 너트한줌 프리미엄 견과 선물세트 30개입 600g, 1박스 34%31,900원 20,920원 (1세트당 20,920원) 내일(일) 새벽 도착 보장 5 (9832) 최대 1,046원 적립",,,,,
[CU 픽업] 스위트듀 아이스카버네프랑,,,,,
[일양약품] 속편한 10시간 지속성 중성 비타민C (60일분),,,,,
[CU 픽업] 토리카이,,,,,
데친 궁채나물 250g,,,,,
[Swee:D] 디저트 푸딩 4종 (90g X 2개입) (택1),,,,,
[CU 픽업] 델리카토블랙샤도,,,,,
[오레오] 웨하스 스틱 150g,,,,,
[라빈리커픽업] 글렌 피딕 21년 그랑 리제르바 럼 캐스크 (위스키),,,,,
[홈앤키즈] 웨하스 2종 (택1),,,,,
"사각형 월남쌈, 300g, 1개 12%2,700원 2,350원 (100g당 783원) 내일(일) 도착 보장 5 (1378) 최대 118원 적립",,,,,
[전통주] 스퀴즈 더 세츠 애플사이더 (4.5도 500mL),,,,,
[청정원] 정통 파스타소스 5종 (600g),,,,,
"곰곰 바로 먹는 퀵오트밀, 50g, 10개 45%7,900원 4,290원 (100g당 858원) 내일(일) 도착 보장 5 (541) 최대 215원 적립",,,,,
[서울콩비지] 콩비지탕,,,,,
"덴마크 사워크림, 450g, 1개 4,500원 (10g당 100원) 내일(일) 새벽 도착 보장 5 (15829) 최대 225원 적립",,,,,
[미자언니네] 참깨소스 꽃맛살 샐러드,,,,,
[맛의고수] 대파품은 바삭 야채튀김 (2개입),,,,,
[퀼리] 스페인 브래드스틱 6종 (택1),,,,,
[올계] 유기농 닭봉 200g (냉동),,,,,
[포트'럭]  바다를 품은 국산 멍게 4종 (생물) (택1),,,,,
[우리밀] 우리밀 계란과자 50g,,,,,
[CJ] 바이오코어 건강한 생유산균 100억 (30일분),,,,,
[이목 무항생제] 국내산 소고기 채끝 구이용 200g (냉장),,,,,
[전통주]  평창 서주 감자술_약주 (13도 300mL),,,,,
[시티델리] 스파이시 치킨 치아바타 샌드위치  (3입),,,,,
"광천김 간장에 찍어 먹는 구운 파래김 간장포함, 11g, 6개 16%6,000원 4,990원 (10g당 756원) 내일(일) 새벽 도착 보장 5 (475) 최대 250원 적립",,,,,
속초식 막걸리술빵 230g,,,,,
"올프레쉬 GAP 인증 데코용 금실딸기 24~30과, 1개, 330g 9,900원 (100g당 3,000원) 내일(일) 새벽 도착 보장 4.5 (10) 최대 495원 적립",,,,,
[종근당건강] 아임비타 멀티비타민 올인원 (30일분),,,,,
[코우카키스] 그리스 오리지널 그릭요거트 2종 (택1),,,,,
[콜린스 다이닝] 마르게리타 미트볼,,,,,
[CU 픽업] 데몬스럼3년,,,,,
"백설 햄스빌 굿베이컨, 75g, 2개 14%4,560원 3,880원 (10g당 259원) 내일(일) 새벽 도착 보장 5 (56990) 최대 194원 적립",,,,,
"더담은 국산 찰기장, 500g, 1개 8,980원 (100g당 1,796원) 내일(일) 새벽 도착 보장 5 (781) 최대 449원 적립",,,,,
[CU 픽업] 니콜라로씨뇰누아종,,,,,
[램테이블] 호주산 숄더랙 300g,,,,,
"오설록 유자 얼그레이 홍차 티백, 2g, 20개입, 1개 9,110원 (10g당 2,278원) 내일(일) 도착 보장 5 (174) 최대 455원 적립",,,,,
[생과방] 조청 약과 세트 2종 (택1),,,,,
"그린하베스트 국산 유기농 찰보리, 1kg, 1개 7,980원 (100g당 798원) 내일(일) 도착 보장 5 (705) 최대 399원 적립",,,,,
"25년산 햇고추 국산 최상급 일편단심 해풍에 말린 태양초 고춧가루 일반 보통맛 / 최근제조 / 김치양념용, 500g, 1개 할인43%30,000원 16,860원 (100g당 3,372원) 내일(일) 도착 보장 4.5 (11921) 최대 835원 적립",,,,,
"무료배송 상들농원 상주곶감 가정용 실속형 곶감 산지직송, 500g, 1개 쿠폰할인55%33,000원 14,800원 (100g당 2,960원) 2/10(화) 도착 예정 4.5 (195) 최대 740원 적립",,,,,
"화이트 채소믹스, 1kg, 1개입, 1개, 1kg 5,290원 (100g당 529원) 내일(일) 새벽 도착 보장 4.5 (4096) 최대 265원 적립",,,,,
"청정원 순살바삭 허니간장치킨 (냉동), 300g, 2개 쿠폰할인50%19,960원 9,980원 (100g당 1,663원) 내일(일) 새벽 도착 보장 5 (10094) 최대 499원 적립",,,,,
"투데이넛 브라질넛, 300g, 1개 9%16,500원 14,900원 (100g당 4,967원) 내일(일) 도착 보장 4.5 (1312) 최대 745원 적립",,,,,
루피니빈 1kg,,,,,
[Perle di sole] 포지타노 캔디 2종,,,,,
[햇반] 라이스플랜 렌틸콩퀴노아곤약밥 150g*3입,,,,,
[그리팅] 강릉식 가오리찜,,,,,
[스팸] 25% 라이트 200g x 3캔,,,,,
[키알라] 유기농 팬케익 믹스,,,,,
[풀무원다논] 액티비아 스무디 딸기바나나 (150mL X 4개),,,,,
[셀렉스] 마시는 프로틴 음료 2종 오리지널/로우슈거 125mL 24개입 (택1),,,,,
[PPUL] 1++(9) 한우 채끝 구이용 150g (냉장),,,,,
"[전통주] 느린마을  소주21 (21도, 375mL)",,,,,
"곰곰 한알육수 4g 40입, 160g, 1개 41%10,600원 6,190원 (100g당 3,869원) 내일(일) 새벽 도착 보장 5 (1084) 최대 310원 적립",,,,,
[앤트러사이트] 윌리엄 블레이크 콜드브루 300mL,,,,,
[모모스커피] 코스타리카 디카페인 원두 200g,,,,,
[청오건강] 유기농 발아 찰흑미,,,,,
[하리보] 윈터 딜라이트 980g,,,,,
"프렌치카페 카페믹스 오리지날, 11g, 200개입, 1개 29%36,400원 25,690원 (10g당 117원) 내일(일) 도착 보장 4.5 (1534) 최대 1,285원 적립",,,,,
"농협식품 쌀튀김가루, 1개, 450g 3,580원 (100g당 796원) 내일(일) 도착 보장 4.5 (2402) 최대 179원 적립",,,,,
두꺼운 쥐치포 200g,,,,,
"탐사 샘물, 2L, 12개 39%9,980원 5,990원 (100ml당 25원) 내일(일) 도착 보장 5 (271873) 최대 300원 적립",,,,,
[미자언니네] 무말랭이 진미무침,,,,,
"서울우유 더 진한 순수 플레인 요거트, 1.8L, 1개입, 2개 13,460원 (10ml당 37원) 내일(일) 새벽 도착 보장 5 (475032) 최대 673원 적립",,,,,
[사조대림] 육식맨의 커리부어스트 345g,,,,,
[스마일찬] 오이부추무침,,,,,
[데르뜨] 허쉬 모어딥 쇼콜라케이크 600g,,,,,
[면사랑] 우리쌀 떡볶이떡 1kg (지퍼백),,,,,
"한돈 1등급 목심 (냉장), 300g, 1개 41%12,990원 7,580원 (100g당 2,527원) 내일(일) 새벽 도착 보장 4.5 (646) 최대 379원 적립",,,,,
"오뚜기3분 쇠고기짜장, 1개, 200g 1,720원 (100g당 860원) 내일(일) 새벽 도착 보장 5 (3135) 최대 86원 적립",,,,,
[도시곳간] 7days 건강 반찬 세트 7종,,,,,
"무료배송 고려은단 비타민C 1000, 600정, 1개 10%50,000원 44,900원 (1정당 75원) 2/10(화) 도착 예정 5 (205190) 최대 2,245원 적립",,,,,
[창억] 약식 500g,,,,,
[소금집] 판체타 120g (냉장),,,,,
[롯데햄] 의성마늘햄 110g x 4개입,,,,,
"GAMI 훈제오리 슬라이스 (냉동), 800g, 1개 9,800원 (100g당 1,225원) 내일(일) 새벽 도착 보장 5 (8963) 최대 490원 적립",,,,,
[종근당건강] 락토핏 당케어 선물세트 (90일분) (+쇼핑백 포함),,,,,
[선물세트] 호랑이건강원 청폐한 (14포) +(쇼핑백 증정),,,,,
"무료배송 2025년 경산 햇 대추 대추채 500g 1kg 삼절대추 500g 1kg, 1개, 국산대추채 500g 할인12%17,900원 15,750원 (100g당 3,150원) 2/11(수) 도착 예정 4.5 (25) 최대 788원 적립",,,,,
"폴바셋 바리스타 돌체 카페 라떼, 330ml, 12개 27,110원 (100ml당 685원) 내일(일) 도착 보장 새 상품, 반품-미개봉 (26) 최저25,750원 5 (5458) 최대 1,355원 적립",,,,,
[수미과] 조각 사과 3종 (택1),,,,,
[매일식탁] 의정부식 부대찌개 (2인),,,,,
[집국백서:가마솥 수제국] 추어탕,,,,,
[미트엔조이] 티본 스테이크 500g (냉장),,,,,
"무료배송 우일수산 하이즐 치즈스틱, 1개, 750g 13,500원 (100g당 1,800원) 2/11(수) 도착 예정 4.5 (251) 최대 675원 적립",,,,,
[선물세트] 하루한줌 볶음콩 396g (12gX33봉),,,,,
"소와나무 비피더스 명장 사과 요구르트, 125ml, 8개입, 2개 4,970원 (10ml당 25원) 내일(일) 새벽 도착 보장 5 (18904) 최대 249원 적립",,,,,
"오뚜기 옛날 고추맛기름, 210ml, 1개 5,240원 (100ml당 2,495원) 내일(일) 도착 보장 4.5 (9131) 최대 262원 적립",,,,,
[정미소] 비단쌀 현미 4kg,,,,,
"무료배송 대추방울토마토 2kg 2개 구매시 1kg 추가 5kg 발송, 1개, 2kg(소과) 할인57%27,900원 11,900원 (100g당 595원) 2/10(화) 도착 예정 4.5 (1655) 최대 595원 적립",,,,,
"올푸릇 무농약 인증 대추방울토마토, 500g, 2개 9,660원 (100g당 966원) 내일(일) 새벽 도착 보장 4.5 (937) 최대 483원 적립",,,,,
[KF365] IQF 닭볶음탕용  (냉동) 2kg,,,,,
"곰곰 GAP 경북 껍질째먹는 세척사과, 2kg(소과), 1박스 18,790원 (100g당 940원) 내일(일) 새벽 도착 보장 4.5 (9522) 최대 940원 적립",,,,,
"해야미 한입에 쏙 짧다리, 100g, 1개 31%10,000원 6,900원 (100g당 6,900원) 내일(일) 도착 보장 4.5 (4297) 최대 345원 적립",,,,,
[CU 픽업] 양하대곡하이볼세트,,,,,
"튀김용 노바시새우 (냉동), 300g(40미), 1개 7,850원 (100g당 2,617원) 내일(일) 새벽 도착 보장 5 (2122) 최대 393원 적립",,,,,
[클리퍼] 유기농 얼그레이 (2g X 20개),,,,,
[엠보그] 휘핑 크림 200mL,,,,,
북해도산 대왕가리비 4-7미 1kg (생물),,,,,
[달콤트리] 13brix이상 당도선별 한라봉 3kg (7~9입),,,,,
"무료배송 일화차시 호박팥차, 500ml, 20개 18,900원 (100ml당 189원) 2/11(수) 도착 예정 5 (7438) 최대 945원 적립",,,,,
[어니스트그릭] 더블초코쿠키 그릭요거트 100g,,,,,
[선물세트] 다보 미니 과일잼 12개입,,,,,
[와인앤모어픽업]칸티 모스카토 콜레지오네 파밀리아 IGT ((와인)),,,,,
"테일러 푸룬건자두, 250g, 2개 11,020원 (100g당 2,204원) 내일(일) 새벽 도착 보장 5 (2492) 최대 551원 적립",,,,,
"스팸 김밥햄, 260g, 1개 16%6,580원 5,490원 (100g당 2,112원) 내일(일) 새벽 도착 보장 5 (7884) 최대 275원 적립",,,,,
"무료배송 동원참치 선물세트 S14호 + 부직포백, 1세트 39%50,000원 30,040원 (1세트당 30,040원) 2/11(수) 도착 예정 4.5 (316) 최대 1,502원 적립",,,,,
[시도니오스] 르 셉텐트리오날 (2개입),,,,,
"햇반 백미밥, 210g, 36개 47%66,600원 34,900원 (100g당 462원) 내일(일) 도착 보장 5 (442771) 최대 1,745원 적립",,,,,
"움트리 육류n 생 와사비랑, 120g, 1개 4,510원 (10g당 376원) 내일(일) 새벽 도착 보장 5 (1385) 최대 225원 적립",,,,,
[샘표] 순작 유기농 한잔 옥수수차 티백 (1.5g X 100개),,,,,
[KF365] 한돈 삼겹살 수육용 600g~ (냉장),,,,,
"쉐프스토리 바삭한 감자 올모짜 핫도그 (냉동), 90g, 4개입, 1개 6,900원 (100g당 1,917원) 내일(일) 새벽 도착 보장 5 (1665) 최대 345원 적립",,,,,
[바름팜] 친환경 된장찌개 용 간편채소 250g * 2팩 (500g),,,,,
[폰타나] 드레싱 7종 (택1),,,,,
[CU 픽업] 에버펠디21년,,,,,
[Kurly's] 깐 메추리 유정란 270g,,,,,
[외할머니댁] 갈빗살 육개장 (2인분),,,,,
[아스투리아나] 스페인 쿠킹 크림 1L,,,,,
"무료배송 맛통령 국내산 제주 구좌 흙당근, 1개, 흙당근 (중상) 5kg 쿠폰할인78%49,900원 10,960원 (100g당 219원) 2/11(수) 도착 예정 4 (8386) 최대 548원 적립",,,,,
[웨지우드] 셀렉티드 티 선물세트,,,,,
[차오차이] 중화요리 만능소스 11종 (택1),,,,,
[골라담기] 비움반찬 스테디셀러 모음 7종 (택1),,,,,
[선물세트] 8APM 딥 나잇 멜라시럽 20포+수면안대,,,,,
[리치몬드 과자점] 밤밤 식빵 380g,,,,,
냉동 석류 1kg (터키산),,,,,
[에코맘의산골이유식] 산골과일참 4종 (택1),,,,,
[설악젤라또] 설악 로컬 미니컵 100mL 8종(택1),,,,,
[성수동 분식] 콘치즈 김치볶음밥(2개입),,,,,
[애슐리] 크림스프 2종,,,,,
"무료배송 [신년초특가] 100박스한정 초고당도 부사 꿀사과, 1박스, 2kg 쿠폰할인50%27,800원 13,800원 (100g당 690원) 2/12(목) 도착 예정 3 (65) 최대 690원 적립",,,,,
[빙그레] 비비빅 팥시루떡 (70mL X 8개),,,,,
[셀렉스] 프로틴 락토프리 플러스 캔 304g,,,,,
[라빈리커픽업]앙드레끌루에 엉 쥬르 드 1911 (와인),,,,,
"마이노멀 무가당 땅콩버터 100% 크리미, 250g, 1개 33%14,900원 9,970원 (100g당 3,988원) 내일(일) 도착 보장 5 (2066) 최대 499원 적립",,,,,
"매일우유 무지방 0%, 200ml, 24개 16,500원 (100ml당 344원) 내일(일) 도착 보장 5 (38655) 최대 825원 적립",,,,,
"맥널티커피 티브루 보리차 진액, 10ml, 30개 8,410원 (100ml당 2,803원) 내일(일) 도착 보장 4.5 (684) 최대 420원 적립",,,,,
"푸르밀 가나 초코우유, 225ml, 4개 5,650원 (100ml당 628원) 내일(일) 새벽 도착 보장 5 (8223) 최대 283원 적립",,,,,
"고메 포테이토치즈 핫도그 (냉동), 100g, 4개입, 1개 10%9,980원 8,890원 (100g당 2,223원) 내일(일) 새벽 도착 보장 5 (12619) 최대 445원 적립",,,,,
"후디스그릭요거트 플레인, 450g, 1개 5,760원 (10g당 128원) 내일(일) 새벽 도착 보장 5 (87140) 최대 274원 적립",,,,,
"챠챠 해바라기씨 양념맛, 228g, 3개 8,610원 (100g당 1,259원) 내일(일) 도착 보장 5 (23075) 최대 430원 적립",,,,,
"샤오커오라 민트향 비타민C 과일 12종 믹스 베트남 무설탕 사탕 캔디, 100g, 1개 5,750원 (10g당 575원) 내일(일) 도착 보장 5 (7473) 최대 288원 적립",,,,,
[도시곳간] 아귀포볶음,,,,,
[선물세트] 미식가 전통 수제 통 김부각세트,,,,,
[푸드올로지] 버닝올로지 올인원 (10일분),,,,,
"무료배송 건조 블루베리 100% 무설탕 건 블루베리 프리미엄 블루베리 건조과일 건조블루베리 말린 과일 무첨가 고품질 오성 블루베리, 1개, 251g 할인70%46,900원 13,800원 (100g당 5,498원) 2/24 도착 예정 5 (43) 최대 690원 적립",,,,,
"무료배송 [환불보장] 노지감귤 당도선별 제주직송 밀감, 1박스, 10kg (로얄과) 43%39,800원 22,300원 (100g당 223원) 2/12(목) 도착 예정 4.5 (2471) 최대 1,115원 적립",,,,,
[베이비본죽] 과일칩 2종,,,,,
[모두의맛집] 정호영 셰프 규동 덮밥,,,,,
[샘표] 토장찌개 2종 (택1),,,,,
"풀무원 부산어묵 4장, 180g, 2개 2,280원 (100g당 633원) 내일(일) 새벽 도착 보장 5 (22103) 최대 114원 적립",,,,,
[매일유업] 바이오 요거트 복숭아 400g,,,,,
"비타500 칼슘 음료, 100ml, 20개 14%13,900원 11,900원 (100ml당 595원) 내일(일) 새벽 도착 보장 5 (7835) 최대 595원 적립",,,,,
화이트 아스파라거스 150g,,,,,
[CU 픽업] 버메스터 루비 포트,,,,,
청경채 가득 샤브샤브용 채소 650g,,,,,
[벨지오이오소] 리코타 미니컵 142g,,,,,
"풀무원 특등급 국산콩 순두부, 350g, 2개 1,990원 (100g당 284원) 내일(일) 새벽 도착 보장 5 (31311) 최대 100원 적립",,,,,
[홈앤키즈] 소프트콘 2종 (택1),,,,,
[도리깨침] 건나물 비빔밥세트,,,,,
[존쿡 델리미트] 트러플 잠봉 100g(냉장),,,,,
[바이오가이아] 프로텍티스 프로바이오틱스 파우더 9g (30일분),,,,,
"백산수, 2L, 24개 26%32,800원 23,970원 (100ml당 50원) 내일(일) 도착 보장 5 (31219) 최대 1,199원 적립",,,,,
[상하농원] 순갈색 동물복지 유정란 10구,,,,,
유기농 찰흑미 혼합 8곡 500g,,,,,
[Make you healthy] 그린 유기농 컬리케일 28포 선물세트 (+쇼핑백 증정),,,,,
"하겐다즈 파인트 바닐라 (냉동), 473ml, 1개입, 1개 33%17,900원 11,900원 (10ml당 252원) 내일(일) 새벽 도착 보장 5 (5887) 최대 595원 적립",,,,,
[선물세트] 오희숙 명인 부각 어울림 1호,,,,,
[CU 픽업] 빈트너스락가든쉬라,,,,,
[CU 픽업] 골든블루사피루스,,,,,
[담꽃] 생강차 선물세트 (10개입*2세트),,,,,
"목우촌 국내산 소고기 우둔 장조림용 (냉장), 300g, 1개 19,990원 (100g당 6,663원) 1,000원 와우 가입 쿠폰 내일(일) 새벽 도착 보장 4.5 (8724) 최대 950원 적립",,,,,
[종근당] 이뮨 듀오 멀티비타맥스 2종,,,,,
[브리델] 프랑스 포션 버터 무염 (10g X 16개),,,,,
"무료배송 [마진포기이벤트]찐노마진 백프로국내산 꿀사르륵 아사삭 못난이사과, 1박스, 10kg 쿠폰할인31%38,900원 26,700원 (100g당 267원) 2/12(목) 도착 예정 3.5 (64) 최대 1,335원 적립",,,,,
"코카콜라 업소용, 245ml, 60개 할인4%23,650원 22,550원 (100ml당 153원) 2/10(화) 도착 예정 4.5 (52679) 최대 1,128원 적립",,,,,
[칭따오] 논알콜 병 330mL,,,,,
[전통주] 객제 한라봉 감탄주 (13도 375mL),,,,,
[풀무원] 인기 건강면 (두부면/두유면 7종),,,,,
유기농 양구 삶은 시래기 300g,,,,,
[CU 픽업] 토민타울14년,,,,,
[라빈리커픽업][설 선물] 판티니 에디찌오네 콜렉션+자페라노 와인잔 2P (와인),,,,,
"해찬들 태양초 우리쌀 고추장, 1.8kg, 1개 67%29,640원 9,610원 (100g당 534원) 내일(일) 새벽 도착 보장 5 (2199) 최대 480원 적립",,,,,
"씨익 소반미반 불릴 필요없는 찰흑미, 1kg, 1개 35%8,700원 5,580원 (100g당 558원) 내일(일) 도착 보장 5 (1103) 최대 279원 적립",,,,,
"오리온 치킨팝 닭강정맛, 65g, 16개 13,510원 (10g당 130원) 내일(일) 도착 보장 5 (10234) 최대 675원 적립",,,,,
[포트'럭] 자연산 손질 대하살 300g (냉동),,,,,
[비움반찬] 콩자반,,,,,
[농심] 사리곰탕 소컵 6입,,,,,
[라엘밸런스] 미오 이노시톨 앤 콜린 (30포),,,,,
[멜찌오리] 블랙 트러플 소스 (트러플 함량 8%),,,,,
[드시모네] 곰돌이 츄어블 플러스 (30일분),,,,,
"무료배송 농장직송 항생제 없는 신선한 계란 대란, 30구, 1개 3%12,900원 12,490원 (1구당 416원) 2/10(화) 도착 예정 4.5 (6495) 최대 563원 적립",,,,,
[네이쳐패스] 유기농 다크초코 헤이즐넛버터 그래놀라 300g,,,,,
"샐러드용 양배추 채, 500g, 1개 2,940원 (100g당 588원) 내일(일) 새벽 도착 보장 4.5 (110798) 최대 147원 적립",,,,,
"무료배송 라인바싸 플레인 탄산수, 500ml, 40개 32%19,030원 12,890원 (100ml당 64원) 2/13(금) 도착 예정 5 (34722) 최대 645원 적립",,,,,
친환경 동충하초 1통,,,,,
"면사랑 냉장 함흥냉면 사리 5입, 1kg, 1개 7,200원 (100g당 720원) 7% 와우 가입 쿠폰 내일(일) 새벽 도착 보장 4.5 (3647) 최대 335원 적립",,,,,
[정관장] 홍삼정 에브리타임 필름 (60일분),,,,,
[정관장] GLPro 더블컷 & 코어 (21일분) 2종 (택1),,,,,
"카프리썬 오렌지망고, 200ml, 20개 10,640원 (100ml당 266원) 내일(일) 도착 보장 새 상품, 반품-미개봉 (92) 최저8,100원 5 (64386) 최대 532원 적립",,,,,
"도제식빵 1.5cm, 600g, 1개 할인11%6,300원 5,590원 (10g당 93원) 내일(일) 새벽 도착 보장 4.5 (26581) 최대 280원 적립",,,,,
"아삭한 단감, 1.2kg, 1개 4,790원 (100g당 399원) 내일(일) 새벽 도착 보장 4.5 (4358) 최대 240원 적립",,,,,
[친정갈비] 돼지갈비찜 800g,,,,,
[슈퍼키친] 데미함박스테이크 3개입,,,,,
[켈로그] 프로틴 그래놀라 제로슈거 350g,,,,,
[자연담은] 국산 유기농 오트밀 600g,,,,,
"무료배송 [제주삼춘] 제주 서귀포 새콤달콤 노지 감귤, 1박스, 41.가정용 특대[2L 이상] 10kg 13,900원 (100g당 139원) 2/11(수) 도착 예정 4.5 (352) 최대 695원 적립",,,,,
"오리온 통크 초코, 45g, 8개 6,940원 (10g당 193원) 내일(일) 도착 보장 5 (6343) 최대 347원 적립",,,,,
[네스프레소 버츄오] 디아볼리토 커피 캡슐 10개입(40mL),,,,,
[비비고] 썰은 배추김치 500g,,,,,
친환경 화고버섯 120g,,,,,
"무료배송 해빗꼬치어묵30꼬치+가쓰오소스3봉, 1.05kg, 1개, 꼬지30개+소스3봉 할인48%19,900원 10,230원 (100g당 974원) 2/10(화) 도착 예정 4.5 (933) 최대 511원 적립",,,,,
"수향미 골든퀸 3호 백미, 상등급, 4kg, 1개 18,900원 (100g당 473원) 내일(일) 도착 보장 5 (24348) 최대 945원 적립",,,,,
"샘표 만두가 맛있어지는 간장소스, 200ml, 1개 9%5,710원 5,140원 (100ml당 2,570원) 내일(일) 도착 보장 4.5 (1877) 최대 257원 적립",,,,,
[한스케익] 말차 커스터드 롤 370g,,,,,
"곰곰 유기농 오트밀 가루, 1개, 300g 23%10,390원 7,920원 (100g당 2,640원) 내일(일) 도착 보장 5 (410) 최대 396원 적립",,,,,
[풀무원] 중화마파두부양념소스 130g * 4개입,,,,,
[향미본가] 천지향 5세 4kg(향미),,,,,
"핑크퐁 아기상어 미니약과, 375g, 1개 4,490원 (10g당 120원) 내일(일) 도착 보장 5 (2752) 최대 225원 적립",,,,,
[한국농협김치] 썰은배추김치 400g,,,,,
[태우한우] 1+ 한우 세로박이 구이 200g (냉장),,,,,
[GNC] 맨 멀티비타민 앤 미네랄 선물세트 (90일분)+쇼핑백,,,,,
[테일러] 고농축 푸룬 딥워터 (180mL X 3개),,,,,
"행복한콩 유기농 인증 안심두부 부침용, 300g, 1개 60%3,990원 1,590원 (100g당 530원) 내일(일) 새벽 도착 보장 5 (460) 최대 80원 적립",,,,,
"아라장 반건조 군산박대 (냉동), 400g(30cm내외, 4마리), 1개 9,100원 (100g당 2,275원) 내일(일) 새벽 도착 보장 4.5 (2801) 최대 432원 적립",,,,,
[CU 픽업] 마투아메이커스피노누아,,,,,
"담터 옥수수 수염차, 1.5g, 150개입, 1개 9,100원 (10g당 404원) 내일(일) 도착 보장 5 (27338) 최대 455원 적립",,,,,
[클라우드] 논알콜 (350mL X 6캔),,,,,
"광동 V라인 옥수수수염차, 340ml, 20개 21%18,500원 14,600원 (100ml당 215원) 내일(일) 도착 보장 새 상품, 반품-미개봉 (74) 최저12,380원 5 (134443) 최대 730원 적립",,,,,
"국내산 쌈추, 200g, 1개 3,300원 (100g당 1,650원) 내일(일) 새벽 도착 보장 4.5 (8376) 최대 165원 적립",,,,,
"무료배송 1+1+1 오성 프리미엄 건조 블루베리 무설탕 무설탕 건블루베리 100%, 3박스 할인71%40,900원 11,600원 3/3 도착 예정 4 (100) 최대 580원 적립",,,,,
"고래사어묵 가정용 꼬치어묵 밀가루 0% (냉동), 296g, 2개 쿠폰할인5%12,240원 11,560원 (100g당 1,953원) 내일(일) 새벽 도착 보장 5 (34170) 최대 578원 적립",,,,,
[온더고] 정통 일식 커리 도시락 2종 (택1),,,,,
[리콜라] 스위스 허브 캔디 지퍼백 3종 (택1),,,,,
"오리온 카스타드 12개입, 288g, 1개 4,000원 (10g당 139원) 내일(일) 새벽 도착 보장 5 (2008) 최대 200원 적립",,,,,
"샘표 양조간장 701, 500ml, 1개 17%6,460원 5,310원 (100ml당 1,062원) 내일(일) 새벽 도착 보장 5 (342) 최대 265원 적립",,,,,
[테일러] 말린 블랙 체리 170g,,,,,
"팔도 비빔장 저칼로리, 185g, 2개 19%10,000원 8,020원 (100g당 2,168원) 내일(일) 도착 보장 4.5 (6894) 최대 401원 적립",,,,,
[오리온] 꼬북칩 캬라멜팝콘 미니 박스 30g x 12개입,,,,,
"하림 치킨너겟 (냉동), 1.2kg, 2개 16%26,600원 22,290원 (100g당 929원) 내일(일) 새벽 도착 보장 5 (135097) 최대 985원 적립",,,,,
[삼삼물산] The 건강한 생굴소스 280g,,,,,
[매일] 허쉬 초콜릿 드링크 바나나 (190mL X 24개),,,,,
"무료배송 [한정특가] 당도선별 레드향 특품 한정수량, 1세트, 3kg 로얄 (8~12과) 쿠폰할인40%58,000원 34,500원 (100g당 1,150원) 2/11(수) 도착 예정 5 (125) 최대 1,725원 적립",,,,,
[선물세트] 바로이즙 배도라지 진액 스틱 30포 +(쇼핑백 증정),,,,,
친환경 아욱 200g,,,,,
[햇반] 현미쌀밥 210g (8입),,,,,
[담터] 블렌딩 컬렉션 선물세트 (12종 x 4개),,,,,
[CU 픽업] 코스타알리로제,,,,,
"베베쿡 처음 먹는 어린이 김자반, 오리지널, 25g, 2개 쿠폰할인36%7,600원 4,800원 (10g당 960원) 내일(일) 도착 보장 5 (6088) 최대 240원 적립",,,,,
[CU 픽업] 간치아모스카토다스티DO,,,,,
"면사랑 중화면 5개입 (냉동), 1.15kg, 1개 4,980원 (100g당 433원) 내일(일) 새벽 도착 보장 5 (4357) 최대 249원 적립",,,,,
[KF365] 양념 칼집 목살구이1kg (냉동),,,,,
"가야농장 토마토 주스, 500ml, 20개 52%37,400원 17,600원 (100ml당 176원) 내일(일) 도착 보장 새 상품, 반품-미개봉 (19) 최저16,540원 5 (36741) 최대 880원 적립",,,,,
"할리스 아메리카노, 1L, 1개입, 2개 5,440원 (10ml당 27원) 내일(일) 도착 보장 5 (2882) 최대 272원 적립",,,,,
[CU 픽업] 헨틀리팜 퍼피필드 블렌드,,,,,
[청정원] 홍초 저당 레몬&라임 900ml,,,,,
[선물세트][라빈리커픽업] 전통주 송절주 세트 (전통주),,,,,
[건어수라] 쫀드기 노가리 180g,,,,,
"스윗토 스테비아 새콤 달콤한 대추방울토마토, 750g, 1팩 8,390원 (100g당 1,119원) 내일(일) 새벽 도착 보장 4.5 (267497) 최대 420원 적립",,,,,
"매일우유 무지방, 900ml, 2개 5,450원 (100ml당 303원) 내일(일) 새벽 도착 보장 5 (29370) 최대 273원 적립",,,,,
[설성목장] 한우 소머리 설렁탕,,,,,
"매일바이오 매일 플레인 저지방, 900g, 1개입, 1개 5,880원 (10g당 65원) 내일(일) 새벽 도착 보장 5 (61266) 최대 294원 적립",,,,,
[온기루] 카스테라 유자인절미 (60g X 5봉),,,,,
[CU 픽업] 탐나불린쇼비뇽블랑,,,,,
[즙문가] 더 유기농 호박 30포,,,,,
[리얼닥터] 멀티바이오틱스 100억 생유산균 (30일분),,,,,
"무항생제 인증 왕란 2040g, 30구, 1개 9,970원 (1구당 332원) 내일(일) 새벽 도착 보장 4.5 (13280) 최대 499원 적립",,,,,
"고당도 12brix 감귤, 800g, 1개 10,900원 (100g당 1,363원) 내일(일) 새벽 도착 보장 4.5 (3610) 최대 545원 적립",,,,,
"아임피쉬 가시바른 순살 임연수 (냉동), 1개, 1kg 쿠폰할인28%20,900원 14,980원 (10g당 150원) 내일(일) 새벽 도착 보장 5 (301) 최대 749원 적립",,,,,
[캐치티니핑] 치즈 요거트 큐브 18g,,,,,
"백설 콩기름, 1.8L, 2개 39%16,960원 10,320원 (100ml당 287원) 내일(일) 도착 보장 5 (55304) 최대 516원 적립",,,,,
[신키네도] 밀크 스타롤 2종 (택1),,,,,
[지리산한봉영농조합] 지리산 아카시아꿀 400g,,,,,
미국산 메로골드 자몽 1.5kg 내외 (3~5입),,,,,
[바름팜] 친환경 카레 용 간편채소 250g * 2팩 (500g),,,,,
[RARE : 레어] 1++(8) 한우 홈다이닝 스테이크 5종,,,,,
[KF365] 한돈 뒷다리 제육용 600g (냉장),,,,,
"고려은단 비타민C 1000 + 쇼핑백, 180정, 1개 17,900원 (1정당 99원) 내일(일) 도착 보장 5 (205190) 최대 895원 적립",,,,,
"일가 비타 슬림단무지, 2.7kg, 1개 8,740원 (100g당 324원) 내일(일) 새벽 도착 보장 5 (6743) 최대 437원 적립",,,,,
"해밀생활건강 100일동안 바나바잎차 삼각티백, 1.2g, 100개입, 1개 13,380원 (10g당 1,115원) 내일(일) 도착 보장 4.5 (3056) 최대 669원 적립",,,,,
[마루사야] 하나 가쓰오부시 2종,,,,,
[Picard] 버터 크루아상,,,,,
"면사랑 중화면 5개입 (냉동), 1.15kg, 2개 9,660원 (100g당 420원) 내일(일) 새벽 도착 보장 5 (4357) 최대 483원 적립",,,,,
"햇반 백미밥, 210g, 6개 14%8,480원 7,290원 (100g당 579원) 내일(일) 도착 보장 새 상품, 반품-미개봉 (14) 최저6,920원 5 (442773) 최대 365원 적립",,,,,
"스프라이트 사이다, 190ml, 30개 14,000원 (100ml당 246원) 내일(일) 도착 보장 새 상품, 반품-미개봉 (45) 최저13,000원 5 (24448) 최대 700원 적립",,,,,
[프릳츠] 잘 되어 가시나 블렌딩 원두 1kg,,,,,
[오리온] 무뚝뚝 감자칩 올리브솔트 92g,,,,,
"프리미엄 블랙 로얄바인 (상, 800g내외)",,,,,
"[레드텅 픽업] 텍스트북, 소노마 샤도네이 750mL (와인)",,,,,
"무료배송 [명절특가행사] 최대12BRIX 청송사과 고당도 시나노골드, 1개, 2kg 쿠폰할인48%24,250원 12,570원 (100g당 629원) 2/11(수) 도착 예정 4 (47) 최대 629원 적립",,,,,
"곰곰 칠레산 점보 체리, 400g, 2팩 12,920원 (100g당 1,615원) 내일(일) 새벽 도착 보장 4 (4720) 최대 646원 적립",,,,,
[세노비스] 프로바이오틱스 데일리 (30일분),,,,,
[풀무원] 생만두 새우 청경채 320g,,,,,
[정관장] 천녹 그로잉 키즈 U7 20포,,,,,
[사미헌] 전통 소갈비찜,,,,,
[한팟] 대전식 오징어 두부두루치기 2인분,,,,,
[비비고] 진한 김치고기만두 200g,,,,,
"오뚜기 라이트 앤 조이 당을줄인 논산딸기쨈, 290g, 1개 29%4,980원 3,510원 (100g당 1,210원) 내일(일) 새벽 도착 보장 5 (4797) 최대 175원 적립",,,,,
[만토바] 그라나 파다노 200g,,,,,
"모두의 집밥 싱글 안 매운 반찬 5종 연근조림 + 콩자반 + 간장버터진미채 + 메추리알버섯장조림 + 멸치볶음, 1세트 13,900원 (1세트당 13,900원) 내일(일) 새벽 도착 보장 4.5 (16754) 최대 625원 적립",,,,,
[젠젠] 연어칩 3종 (택1),,,,,
"올리타리아 엑스트라버진 올리브유, 500ml, 2개 27,200원 (100ml당 2,720원) 내일(일) 도착 보장 5 (34763) 최대 1,360원 적립",,,,,
"곰곰 한알 육수 3g 70입, 210g, 1개 48%18,590원 9,490원 (100g당 4,519원) 내일(일) 새벽 도착 보장 5 (2617) 최대 475원 적립",,,,,
"무료배송 자연산 100프로 못난이 모짜렐라 치즈 1kg 파지(피자), 1개 14,300원 (10g당 143원) 2/11(수) 도착 예정 5 (3258) 최대 715원 적립",,,,,
"프레시지 우삼겹 순두부찌개 밀키트 2인분, 605g, 1개 할인17%7,900원 6,500원 (100g당 1,074원) 내일(일) 새벽 도착 보장 4.5 (26014) 최대 325원 적립",,,,,
"[아티장비스킷] 치즈를 위한 토스트 100g (체리, 아몬드, 아마씨)",,,,,
[CU 픽업] 연태아사간열250*2병,,,,,
"백설 밥이랑 야채, 27g, 3개 17%7,200원 5,940원 (10g당 733원) 내일(일) 도착 보장 5 (5764) 최대 297원 적립",,,,,
"촉촉한초코칩, 320g, 1개 4,310원 (10g당 135원) 내일(일) 새벽 도착 보장 5 (7383) 최대 215원 적립",,,,,
"피그인더가든 랜치 드레싱, 265g, 1개 3,990원 (100g당 1,506원) 내일(일) 새벽 도착 보장 4.5 (921) 최대 200원 적립",,,,,
"나랑드사이다 제로 그린애플, 245ml, 6개 17%4,480원 3,690원 (100ml당 251원) 내일(일) 새벽 도착 보장 5 (1879) 최대 185원 적립",,,,,
[남양] 떠먹는 불가리스 4종 (85g X 4개) (택1),,,,,
[선물세트] 존쿡델리미트 시그니처 세트,,,,,
[카수가이] 캔디 7종 (소금사탕 外) (택1),,,,,
[미자언니네] 김치치즈전 반죽,,,,,
[온하루] 겨울나물 비빔밥 세트,,,,,
"다향 불맛가득 열탄 오리 불고기, 540g, 1개 쿠폰할인7%13,510원 12,510원 (100g당 2,317원) 내일(일) 새벽 도착 보장 4.5 (3936) 최대 625원 적립",,,,,
"무료배송 스테비아스위트 마일드 스테비아 커피믹스, 9.6g, 30개입, 1개 18%10,400원 8,430원 (10g당 293원) 2/12(목) 도착 예정 4.5 (40366) 최대 421원 적립",,,,,
[유기방아] 찰수수부꾸미,,,,,
[A.C.퍼치스] 화이트템플 3종 (택1),,,,,
"국내산 타임, 10g, 1개 1,700원 (100g당 17,000원) 내일(일) 새벽 도착 보장 4.5 (4801) 최대 85원 적립",,,,,
"국내산 상추&깻잎 간편쌈, 150g, 1개 2,580원 (100g당 1,720원) 내일(일) 새벽 도착 보장 4.5 (36718) 최대 129원 적립",,,,,
[제이키친] 짜장 떡볶이 3종 (밀떡/쌀떡/현미떡),,,,,
"비비드키친 저칼로리 토마토케찹, 320g, 2개 14%8,200원 7,000원 (100g당 1,094원) 내일(일) 도착 보장 5 (6266) 최대 350원 적립",,,,,
[한국야쿠르트] 야쿠르트 오리지널 (65mL X 20개),,,,,
[크라운] 소복소복 소보로 240g,,,,,
"팔도 라볶이 봉지라면 145g, 8개 31%15,070원 10,270원 (1개당 1,284원) 내일(일) 도착 보장 5 (13877) 최대 514원 적립",,,,,
[모현상회] 대광어 지느러미회 (엔가와) 100g (냉장),,,,,
"서울우유 더진한 그릭요거트, 100g, 2개 5,770원 (10g당 289원) 내일(일) 새벽 도착 보장 5 (21602) 최대 289원 적립",,,,,
[내아이애] 떡뻥 쌀과자 6종 (택1),,,,,
"동화약품 부채표 까스활 소화제, 75ml, 20개 26%20,900원 15,300원 (100ml당 1,020원) 내일(일) 도착 보장 5 (73969) 최대 765원 적립",,,,,
[CU 픽업] 몬테스알파엠,,,,,
"국내산 타임, 10g, 3개 4,800원 (100g당 16,000원) 내일(일) 새벽 도착 보장 4.5 (4801) 최대 240원 적립",,,,,
[모두의식단] 촉촉한 닭 안심살 (1개입/4개입),,,,,
[강봉석] 150 스윗라이트 라이스시럽 290g,,,,,
"뉴뜨레 냉동라즈베리 (냉동), 500g, 1개 9,660원 (100g당 1,932원) 내일(일) 새벽 도착 보장 5 (1464) 최대 483원 적립",,,,,
베트남 용과 1.2kg (3입),,,,,
[이호] 서해안 다이버 관자 슬라이스 200g 특대 (냉동),,,,,
"무료배송 상온 생와사비, 75g, 1개 할인13%5,200원 4,500원 (10g당 600원) 2/11(수) 도착 예정 4.5 (18) 최대 225원 적립",,,,,
[둥구나무] 콩자반,,,,,
"행복한콩 콩비지 파우치, 320g, 2개 14%5,160원 4,420원 (100g당 691원) 내일(일) 새벽 도착 보장 4.5 (1264) 최대 221원 적립",,,,,
[와인앤모어픽업]쌩 클레어 비카스 초이스 소비뇽 블랑 버블스 ((와인)),,,,,
[이소노하나] 북해도 다시마 젤리 250g,,,,,
[메디트리] 브레인 인지력엔 포스파티딜세린 피에스 PS (30일분),,,,,
"다조은 영주 미니 별사과, 500g, 1개 5,980원 (100g당 1,196원) 내일(일) 새벽 도착 보장 4.5 (345) 최대 299원 적립",,,,,
"조은약초 강황 가루, 300g, 1개 쿠폰할인5%6,500원 6,170원 (10g당 206원) 내일(일) 도착 보장 4.5 (7871) 최대 309원 적립",,,,,
[KF365] 훈제오리 300g ~,,,,,
[존쿡 델리미트] 햄버거번 2팩 (60g X 3개입),,,,,
[농심]신라면 툼바 멀티팩 4개입,,,,,
"자연다움 곤약으로 밥, 200g, 10개 46%23,900원 12,900원 (100g당 645원) 내일(일) 도착 보장 4.5 (6906) 최대 645원 적립",,,,,
"풀무원 밀떡볶이떡, 550g, 1개 2,580원 (100g당 469원) 내일(일) 새벽 도착 보장 5 (11343) 최대 129원 적립",,,,,
"풀무원 깐메추리알 영양란, 110g, 1개 2,980원 (100g당 2,709원) 내일(일) 새벽 도착 보장 5 (70) 최대 149원 적립",,,,,
"몽베스트 생수, 1L, 24개 13,600원 (100ml당 57원) 내일(일) 도착 보장 5 (403251) 최대 680원 적립",,,,,
"지엔씨푸드 빵가루 새우튀김 10미 (냉동), 200g, 1개 쿠폰할인32%3,110원 2,110원 (100g당 1,055원) 내일(일) 새벽 도착 보장 4.5 (966) 최대 105원 적립",,,,,
[전통주] 도원결의 담금주 (무감미 쌀증류원액) (50도 3600mL*4),,,,,
"무료배송 야채삼촌 못난이 파프리카, 1개, 1kg 쿠폰할인49%23,400원 11,900원 (100g당 1,190원) 2/10(화) 도착 예정 4 (12500) 최대 595원 적립",,,,,
[만토바] 기오일 스프레이 오일 147mL,,,,,
[폰타나] 모데나 발사믹 식초 (골드라벨),,,,,
"[유기농 100%] 비이츠 국내산 유기농 엿기름가루, 2개, 500g 할인46%23,900원 12,900원 (100g당 1,290원) 내일(일) 도착 보장 5 (205) 최대 645원 적립",,,,,
[후디스] 그릭 요거트 오리지널 & 저지방 2종 (80g X 4개) (택1),,,,,
"무료배송 명절 단하루 히말라야 핑크솔트 선물세트 250g x 5팩+그라인더1개 설명절 선물세트, 5개 할인45%13,930원 7,590원 (100g당 607원) 2/10(화) 도착 예정 4.5 (1634) 최대 380원 적립",,,,,
"한돈 앞다리살 불고기용 (냉장), 1kg, 1개 16%20,000원 16,670원 (100g당 1,667원) 내일(일) 새벽 도착 보장 4.5 (3728) 최대 834원 적립",,,,,
[일동후디스] 아이얌 동결건조 3종,,,,,
[잭스허니] 차차차 홍차 꿀티 1.5g*10입,,,,,
"HBAF 쿠키앤크림 아몬드, 190g, 2개 36%15,800원 10,100원 (100g당 2,658원) 내일(일) 도착 보장 5 (3107) 최대 505원 적립",,,,,
"샐러드용 양배추 채, 600g, 1팩 3,310원 (100g당 552원) 내일(일) 새벽 도착 보장 4.5 (110798) 최대 165원 적립",,,,,
[오가닉밸리] 유기농 마일드체다 치즈 (두꺼운 컷),,,,,
[네스프레소 버츄오] 디카페인 커피 캡슐(알티시오 디카페나토) 10개입(40mL),,,,,
[애슐리] 풍미 가득 브리또 3종 2개입 (택1),,,,,
"무료배송 엔뚜마노 스테인레스 2단 찜솥, 28cm, 1개 39,900원 (1개당 39,900원) 2/12(목) 도착 예정 새 상품, 중고 (6) 최저10,770원 4 (1912) 최대 1,995원 적립",,,,,
[하남돼지집] 더 푸짐한 돼지불백,,,,,
[HBAF] 넛츠앤스낵스 메이플 피칸 믹스넛 30gX6봉,,,,,
"투데이넛 너트한줌 패밀리 6종 세트, 240g, 1세트 14%10,400원 8,900원 (100g당 3,708원) 내일(일) 새벽 도착 보장 5 (1131) 최대 445원 적립",,,,,
"뉴뜨레 냉동라즈베리 (냉동), 500g, 2개 18,750원 (100g당 1,875원) 내일(일) 새벽 도착 보장 5 (1464) 최대 938원 적립",,,,,
[오뚜기] 직접볶은 간짜장 고형 212g,,,,,
[트리투바] 오랑제트 틴케이스 80g,,,,,
"더담은 황금빛식탁 백미, 상등급, 3kg, 1개 19%14,900원 11,980원 (100g당 399원) 내일(일) 도착 보장 4.5 (72166) 최대 574원 적립",,,,,
"곰곰 쫄깃한 통편육(냉장), 250g, 1개 4,490원 (100g당 1,796원) 내일(일) 새벽 도착 보장 4.5 (11583) 최대 225원 적립",,,,,
"프링글스 오리지날, 110g, 2개 4,100원 (10g당 186원) 내일(일) 도착 보장 4.5 (31144) 최대 205원 적립",,,,,
"국내산 봄동, 500g, 1봉 3,250원 (100g당 650원) 내일(일) 새벽 도착 보장 4.5 (17919) 최대 163원 적립",,,,,
"청정원 호밍스 부산식 곱창전골 (냉동), 760g, 1개 25%16,400원 12,250원 (100g당 1,612원) 내일(일) 새벽 도착 보장 4.5 (8854) 최대 613원 적립",,,,,
[6다이닝] 이베리코 황제살 구이용 250g,,,,,
"무료배송 오늘도 맛있는쌀 오맛쌀 20kg, 1개, 보통등급 62,000원 (100g당 310원) 2/20 도착 예정 4.5 (267) 최대 3,100원 적립",,,,,
"무료배송 완도맘 건꼴뚜기 반찬조림용 쫄깃하고 고소한맛, 300g, 1개 할인44%18,900원 10,500원 (100g당 3,500원) 2/10(화) 도착 예정 4 (2914) 최대 520원 적립",,,,,
"밀카 스트로베리 요거트 초콜릿, 100g, 2개 20%6,800원 5,400원 (10g당 270원) 내일(일) 도착 보장 5 (2586) 최대 270원 적립",,,,,
베트남산 부드러운 아스파라거스 150g,,,,,
"무료배송 대한농산 통에담은 맞춤21곡, 2kg, 1개 11%10,000원 8,900원 (100g당 445원) 2/11(수) 도착 예정 4.5 (16977) 최대 445원 적립",,,,,
"소문난삼부자 본사 재래 도시락김, 24개, 5g 11,900원 (10g당 992원) 내일(일) 도착 보장 5 (2334) 최대 595원 적립",,,,,
"자연다움 우리쌀로 만든 끓여먹는 솥뚜껑 누룽지, 3kg, 1개 14%21,000원 17,900원 (100g당 597원) 내일(일) 새벽 도착 보장 4.5 (27483) 최대 895원 적립",,,,,
[대천김] 김자반볶음 60g X 2봉,,,,,
[비움반찬] 두부멸치조림,,,,,
"신김포농협 2025년 햅쌀 김포금쌀 고시히카리, 4kg, 1개, 특등급 15%23,500원 19,900원 (100g당 498원) 내일(일) 새벽 도착 보장 4.5 (549) 최대 995원 적립",,,,,
"코빅푸드 호주산 소고기 다짐육 이유식용 (냉동), 300g, 1개 10,490원 (100g당 3,497원) 내일(일) 새벽 도착 보장 5 (10237) 최대 525원 적립",,,,,
[이웃집통통이] 소금우유 쫀득빵 180g,,,,,
[비비고] 남도식추어탕 460g,,,,,
[Kim's Butcher] 가성비 돌돌말이 대패 구이/샤브용,,,,,
[베지밀] 검은참깨 두유 (190mL X 24개),,,,,
[CU 픽업] 아스코니페테알바2입,,,,,
[퀴네] 치폴레 버거 스타일 소스,,,,,
[룩트] 킨디 자일리톨 캔디 35g 2종,,,,,
[동원] 퀴진 양념감자 800g,,,,,
[조선호텔김치] 프리미엄 겉절이 500g,,,,,
[유가원] 유기농 아몬드 스프레드 200g,,,,,
"오뚜기 알뜰당면, 1kg, 1개 6,830원 (100g당 683원) 내일(일) 새벽 도착 보장 5 (2224) 최대 341원 적립",,,,,
[클리퍼] 유기농 루이보스 티 (2g X 20개),,,,,
[멜스] 제주 프리미엄 멜젓소스 2종 (택1),,,,,
[허브&스파이스마켓] 페페로치노 분쇄 36g,,,,,
[애슐리] 뉴욕 치즈케이크,,,,,
[종가] 어린이 한입 배추김치 300g,,,,,
[신의주 찹쌀순대] 우거지소고기국밥,,,,,
[긴비스] 동물모양 비스킷 150g,,,,,
"[선물세트] 네이처메이드 칼슘,마그네슘,아연,비타민D x2개(120일분)",,,,,
"매일두유 초콜릿, 190ml, 24개 쿠폰할인25%21,600원 16,150원 (100ml당 354원) 내일(일) 도착 보장 5 (16560) 최대 808원 적립",,,,,
[CU 픽업] 글렌그란트12년,,,,,
[선물세트] 포트'럭 제주가 말린 옥돔&가자미 (특대),,,,,
[셰프초이스] 육즙가득 도톰도톰 떡갈비 1kg (냉동),,,,,
[풀무원] 특등급 국산콩 순두부,,,,,
[Better me] 국내산 아이스 군고구마 (120g X 6개입),,,,,
"냉장고 쏙 롤드 오트, 2.5kg, 1개 33%14,900원 9,900원 (100g당 396원) 내일(일) 도착 보장 새 상품, 반품-미개봉 (6) 최저9,600원 4.5 (30456) 최대 495원 적립",,,,,
[26년 설] [CU 픽업] 음쿠네베르데셋,,,,,
"곰곰 GAP 대추방울토마토, 1kg, 1개 7,790원 (100g당 779원) 내일(일) 새벽 도착 보장 4.5 (15144) 최대 390원 적립",,,,,
[풀무원] 고소한콩국물 700g,,,,,
"곰곰 국내산 딸기, 500g(대과), 1팩 9,990원 (100g당 1,998원) 내일(일) 새벽 도착 보장 4.5 (38863) 최대 500원 적립",,,,,
"코카콜라 제로제로, 350ml, 24개 22%25,900원 20,150원 (100ml당 240원) 내일(일) 도착 보장 새 상품, 반품-미개봉 (3) 최저19,140원 5 (18758) 최대 1,008원 적립",,,,,
최현석의 우엉 불고기 400g(냉동),,,,,
[미자언니네] 팥죽 (냉동),,,,,
"탐스제로 탄산음료 사과, 355ml, 24개 13,600원 (100ml당 160원) 내일(일) 도착 보장 5 (1034) 최대 680원 적립",,,,,
[제주도니] 제주 흑돼지 앞다리 300g (냉장),,,,,
"삼진어묵 시원한 모듬어묵 무파마, 456g, 1봉 5,280원 (100g당 1,158원) 내일(일) 새벽 도착 보장 5 (2284) 최대 264원 적립",,,,,
"동원 우리아이주먹밥 김자반, 2개, 30g 3,700원 (10g당 617원) 내일(일) 새벽 도착 보장 5 (352) 최대 185원 적립",,,,,
[청정원] 카레여왕 4종 (택1),,,,,
[비쇼쿠] 쌀가루로 더 빠삭 우리쌀 통등심 돈까스 420g(냉동),,,,,
아삭한 알배기 샐러드 300g,,,,,
"무료배송 빅토리아탄산수/탄산음료500mlx40 (청포도 20+파인애플 20), 1세트, 500ml 16,900원 (100ml당 3,380원) 2/13(금) 도착 예정 5 (1324) 최대 845원 적립",,,,,
[미쯔칸] 농축쯔유 500ml,,,,,
[나뚜루] 아이스바 4종 (90mL X 4개) (택1),,,,,
[청정원] 햇살담은 두번달인진간장 500ml,,,,,
[센트룸] 멀티비타민 실버 포 우먼 (50일분),,,,,
[바다숲] 감태 감칠국수 4인분,,,,,
"크래미, 90g, 2개 2,420원 (100g당 1,344원) 내일(일) 새벽 도착 보장 5 (64963) 최대 121원 적립",,,,,
[백설] 햄스빌 굿베이컨 110g*3,,,,,
[11시 45분] 일품잡채 비건 곤약김밥 (2개입),,,,,
유기농 용의 눈동자 백미 4kg,,,,,
"동원 들기름김 식탁, 4g, 16개 27%8,990원 6,480원 (10g당 1,013원) 내일(일) 새벽 도착 보장 5 (358) 최대 324원 적립",,,,,
[와인앤모어픽업]이기갈 꼬뜨 뒤 론 루즈 ((와인)),,,,,
[강화드림] 100% 유기농 국내산 쌀 섬 누룽지 칩 100g,,,,,
[커피빈] 라떼 RTD 250mL 2종 (택1),,,,,
[와인앤모어픽업]에반 윌리엄스 애플 750mL ((위스키)),,,,,
[키즈다이닝] 엄마와 함께 소고기 비빔밥 세트,,,,,
[Picard] 크레페 420g(6입),,,,,
"국내산 신안 시금치, 200g, 1봉 3,400원 (100g당 1,700원) 내일(일) 새벽 도착 보장 4.5 (4610) 최대 170원 적립",,,,,
[봄란] 자유방목 동물복지 유정 초란 15구,,,,,
"무료배송 선명 원더풀피스타치오가염, 150g, 2개 22,000원 (100g당 7,333원) 2/10(화) 도착 예정 5 (6522) 최대 1,100원 적립",,,,,
[비타리움] 프로폴리스 호주 마누카 스프레이,,,,,
[곡물그대로21] 크리스피롤 3종 (택1),,,,,
[CU 픽업] 우노 마스 브륏,,,,,
[아티장 비스킷] 치즈를 위한 차이브 크래커 125g,,,,,
[선물세트] 장만순산삼가 공의보 +(쇼핑백 증정),,,,,
"더국민 돌자반 볶음, 300g, 1개 28%11,000원 7,900원 (10g당 263원) 내일(일) 새벽 도착 보장 5 (1950) 최대 395원 적립",,,,,
[한팟] 속이 시원한 동태탕 (리뉴얼),,,,,
"토스티토스 미디움 살사소스, 439.4g, 1개 28%6,980원 4,980원 (100g당 1,133원) 내일(일) 도착 보장 4.5 (13371) 최대 249원 적립",,,,,
[와일드 하베스트]  유기농 파스타소스 680g 3종,,,,,
[8APM] 딥 나잇 코코시럽 12ml x 20포,,,,,
[브로드카세] 72시간 저당 호밀 사워도우 슬랩 670g,,,,,
"일리 클래식 로스트 디카페인 레귤러 커피, 1.6g, 30개입, 1개 12,860원 (10g당 2,679원) 내일(일) 도착 보장 5 (1673) 최대 643원 적립",,,,,
[폰타나] 오일 파스타소스 430g 2종,,,,,
[김소영 아티장의 안단테] 사토리 사베치오 파마산,,,,,
[CU 픽업] 코노수르 싱글빈야드 쉬라,,,,,
"곰곰 보쌈 무김치, 150g, 1개 3,200원 (100g당 2,133원) 내일(일) 새벽 도착 보장 4.5 (1718) 최대 160원 적립",,,,,
"무료배송 서래푸드 건자두 1kg, 1개 할인20%12,410원 9,900원 (100g당 990원) 2/12(목) 도착 예정 4.5 (655) 최대 495원 적립",,,,,
[해태] 포키 딸기맛 (22g X 6봉지),,,,,
[CU 픽업] 다카라시즈오카미캉,,,,,
"무료배송 브랜드밀 정품 카무트 쌀 (500g), 2개, 500g 45%15,900원 8,600원 (100g당 860원) 2/12(목) 도착 예정 4.5 (1613) 최대 430원 적립",,,,,
[칠갑농산] 우리 쌀 조랭이떡 500g,,,,,
[허니바이허니] 허니 캔디 4종 (택1),,,,,
[Kiri] 끼리 크림치즈 찰떡 2종 (60gX6개입) (택1),,,,,
[26년 설] [CU 픽업] 음스탠귄체트셋,,,,,
[프렌떼] 소숑 오 뽐므 (애플파이) (140g X 2개),,,,,
[더 반 베를린] 싱글 오리진 커피 드립백 11g X 10개입 2종(택1),,,,,
[프랑스구르메] 잠봉 드 파리 슬라이스 150g,,,,,
[애플킨더] 튼튼하이초유 30정,,,,,
[유가원] 유기농 건자두(푸룬) 170g,,,,,
[드시모네] 키즈 스텝1 딸기향 유산균 (30일분),,,,,
[솔가] 멀티비타민 커플세트(남성 60일분+여성 60일분),,,,,
"무료배송 연세두유 뼈를 생각한 고칼슘 호두 & 아몬드, 190ml, 48개 19%27,000원 21,740원 (100ml당 238원) 2/13(금) 도착 예정 4.5 (92239) 최대 1,087원 적립",,,,,
"곰곰 생 쫄면사리, 800g, 1개 3,900원 (100g당 488원) 내일(일) 새벽 도착 보장 5 (1931) 최대 195원 적립",,,,,
"동원 들기름김 식탁, 4g, 16개 27%8,990원 6,480원 (10g당 1,013원) 내일(일) 도착 보장 5 (122134) 최대 324원 적립",,,,,
"비피 바질 페스토 알라 제노비스, 140g, 1개 5,420원 (100g당 3,871원) 내일(일) 새벽 도착 보장 5 (2031) 최대 271원 적립",,,,,
[온하루] 뿌리채소 통들깨구이,,,,,
[맥케인] 포테이토 펍스 700g,,,,,
[매일] 어메이징 오트 바리스타 330mL,,,,,
[전통주] 우포의 아침 단감명작 (7도 300mL),,,,,
[미자언니네] 아몬드 표고버섯 강정,,,,,
[치즈플로] 스트라치아텔라 120g,,,,,
[그로서리서울] 곤약쫀드기 츄러스 (10개입),,,,,
"남양유업 불가리스 제로 플레인, 320g, 2개 3,780원 (10g당 59원) 내일(일) 새벽 도착 보장 5 (2178) 최대 189원 적립",,,,,
"존쿡델리미트 오리지널 페퍼로니 (냉동), 2개, 100g 9,580원 (10g당 479원) 내일(일) 새벽 도착 보장 5 (4560) 최대 479원 적립",,,,,
[참프레] 참 바삭한 치킨너겟2 1kg,,,,,
[CU 픽업] 잭다니엘,,,,,
[종근당건강] 아임비타 이뮨샷 선물세트 (20일분),,,,,
"셀렉티아 화이트 트러플 올리브 오일, 100ml, 1개 쿠폰할인12%15,500원 13,500원 (100ml당 13,500원) 내일(일) 도착 보장 4.5 (2964) 최대 651원 적립",,,,,
[dwbh] ABC주스 10포,,,,,
얼갈이 500g,,,,,
"한드레 저당습관 혼합곡, 2kg, 1개 66%38,900원 12,900원 (100g당 645원) 내일(일) 도착 보장 5 (2098) 최대 645원 적립",,,,,
[선물세트] 교동한과 약과 세트 (30g X 7개),,,,,
"순천 미나리, 200g, 1개 4,190원 (100g당 2,095원) 내일(일) 새벽 도착 보장 4.5 (139) 최대 210원 적립",,,,,
오르비탈 100g,,,,,
"바프 허니버터 아몬드, 120g, 2개 6,720원 (100g당 2,800원) 내일(일) 도착 보장 5 (28734) 최대 336원 적립",,,,,
[팔팔호랑이] 쌍화프레소 쌍화차 진액 400mL,,,,,
[오리온] 왕고래밥 짜장라면맛 118g,,,,,
[원에이커팜] 친환경 GAP 타임 10g,,,,,
[크라시에] 가루쿡 미니어처 음식 만들기 간식 6종,,,,,
"동원 들기름김 식탁, 4g, 32개 27%17,980원 12,960원 (10g당 1,013원) 내일(일) 도착 보장 5 (122134) 최대 648원 적립",,,,,
[커피빈] 스웨디쉬베리 콤부차 (5g X 10개),,,,,
"무료배송 문백 햄프씨드 1kg, 1개 31%15,900원 10,900원 (100g당 1,090원) 2/11(수) 도착 예정 4.5 (121) 최대 545원 적립",,,,,
"디벨라 홀 토마토 통조림, 400g, 3개 6,970원 (100g당 581원) 내일(일) 도착 보장 5 (20994) 최대 349원 적립",,,,,
[오설록] 마스터 블렌드 티 8종 선물세트,,,,,
"무료배송 푸드림 하얀설탕, 3kg, 4개 20,430원 (100g당 170원) 2/13(금) 도착 예정 5 (12270) 최대 1,021원 적립",,,,,
"곰곰 찰토마토, 1kg, 1개 9,000원 (100g당 900원) 내일(일) 새벽 도착 보장 4.5 (4514) 최대 450원 적립",,,,,
"무료배송 피스타치오 스프레드 스무스 두바이 쫀득 쿠키 만들기, 200g, 1개 28%50,000원 35,900원 (100g당 17,950원) 2/10(화) 도착 예정 4.5 (230) 최대 1,795원 적립",,,,,
[허쉬] 말차 핫초코 원컵 (20g x 4개),,,,,
"분모자 (냉동), 1kg, 1개 5,880원 (100g당 588원) 내일(일) 새벽 도착 보장 4.5 (98) 최대 265원 적립",,,,,
"미트엔조이 홍두깨살 육전용 (냉장), 400g, 1개 14,400원 (100g당 3,600원) 내일(일) 새벽 도착 보장 5 (5623) 최대 720원 적립",,,,,
[드시모네] 키즈 프리미엄 (30일분),,,,,
[파볼] 딸기 & 야생딸기 잼 250g,,,,,
[집반찬연구소KIDS] 인기반찬 10종 골라담기 (택1),,,,,
"폰타나 이탈리아 캄파니아 스파게티, 500g, 3개 37%11,910원 7,430원 (100g당 495원) 내일(일) 도착 보장 5 (50290) 최대 371원 적립",,,,,
[테라로사] RTD 카페라떼 250mL,,,,,
[푸디버디] 하양라면 4입,,,,,
[요미요미] 아기상어 유기농 쌀과자 3종 (택1),,,,,
"무료배송 담터 자판기 우유맛한잔, 22g, 1개입, 10개 6,900원 (10g당 314원) 2/10(화) 도착 예정 5 (15195) 최대 345원 적립",,,,,
[켈로그] 프링글스 스윗어니언맛 100g,,,,,
"쿠즈락 한입 스테이크 (냉동), 280g, 5개 17,800원 (100g당 1,271원) 내일(일) 새벽 도착 보장 4.5 (3878) 최대 890원 적립",,,,,
[26년 설] [CU 픽업] 오반14년700ml,,,,,
[CU 픽업] 35 사우스 레세르바 메를로,,,,,
[쌍계명차] 허니플라워 미니청 생강 260g,,,,,
"초야식품 참이맛 미숫가루, 2개, 1kg 8,500원 (100g당 425원) 내일(일) 도착 보장 4.5 (4961) 최대 425원 적립",,,,,
[롯데] 조이(JOEE) 베지5 야채스틱 2종 (택1),,,,,
"청정원 월남쌈 소스, 240g, 1개 3,340원 (100g당 1,392원) 내일(일) 새벽 도착 보장 5 (603) 최대 167원 적립",,,,,
"농심 이토엔 오이오차, 525ml, 6개 7,400원 (100ml당 235원) 내일(일) 도착 보장 5 (11713) 최대 370원 적립",,,,,
[이영애의 건강미식] 생생/새싹/초코효소 플러스 3종 선물세트 90포,,,,,
"무료배송 황토마을 베리나이스너츠 1kg, 1개 할인30%23,900원 16,620원 (100g당 1,662원) 2/11(수) 도착 예정 4.5 (356) 최대 823원 적립",,,,,
"담터 핫초코 분말, 20g, 50개입, 2개 21,260원 (10g당 106원) 내일(일) 도착 보장 5 (10108) 최대 1,063원 적립",,,,,
"푸드랩플러스 미국산 돌돌말이 대패 우삼겹 (냉동), 800g, 1개 41%23,900원 13,970원 (100g당 1,746원) 내일(일) 새벽 도착 보장 4.5 (36391) 최대 699원 적립",,,,,
"롯데자일리톨 오리지날, 100g, 2개 쿠폰할인6%7,800원 7,300원 (10g당 365원) 내일(일) 도착 보장 5 (12804) 최대 365원 적립",,,,,
[리치] 포켓 피타 브레드 (65g X 6개),,,,,
[허쉬] 핫초코 450g 2종 (택1),,,,,
알타킹 딸기 500g(등급 :특/한단),,,,,
"티젠 파인애플 콤부차, 5g, 30개입, 1개 9,350원 (10g당 623원) 내일(일) 도착 보장 5 (43215) 최대 468원 적립",,,,,
"풀무원 김밥김 10p, 20g, 1개 3,780원 (10g당 1,890원) 내일(일) 새벽 도착 보장 5 (2783) 최대 189원 적립",,,,,
[닥터메타] 프리미엄 글루타젠 (30일분),,,,,
[푸드올로지] 콜레올로지 더블샷 (10일분),,,,,
[만전김] 할아버지가 만든 꼬마 김밥김 (6입),,,,,
[고메] 생면파스타 250g 2종,,,,,
[선물세트][전통주] 복순도가 손막걸리 3입,,,,,
[세노비스] 남성을 위한 멀티비타민미네랄 (60일분),,,,,
[선물세트] 샤인머스캣 & 세지멜론 혼합 과일선물세트 (보자기 제공),,,,,
[백설] 핫케익믹스 1kg,,,,,
"무료배송 [명절재구매1위] 설날선물세트 영동 호두말이 곶감, 1세트, 곶감 호두말이 20구 선물세트 쿠폰할인44%47,900원 26,510원 (100g당 8,033원) 2/12(목) 도착 예정 5 (29) 최대 1,325원 적립",,,,,
"하인즈 랜치 드레싱, 418.5g, 1개 35%6,980원 4,480원 (100g당 1,070원) 내일(일) 새벽 도착 보장 5 (695) 최대 224원 적립",,,,,
[진가네반찬] 두부간장조림,,,,,
[차려낸] 비법 양념 서울식 소불고기전골,,,,,
[WOKTIONARY] 웍셔너리 뱡뱡멘,,,,,
[삼광] 생와사비 오로시 100g,,,,,
[창억]말랑삼색모듬꿀떡 (30g X 20개입),,,,,
[CU 픽업] 칭따오퓨어드래프트생500*24캔,,,,,
[샘표] 순작 모과유자차 티백 (0.8g X 40개),,,,,
[오뚜기] 3분 백세카레 3종 (택1),,,,,
"머거본 멸치두배 칼몬드, 80g, 1개 6,490원 (100g당 8,113원) 내일(일) 도착 보장 5 (1717) 최대 325원 적립",,,,,
"오뚜기프레스코 스파게티, 500g, 2개 18%6,560원 5,360원 (100g당 536원) 내일(일) 도착 보장 5 (17454) 최대 268원 적립",,,,,
[선물세트][강봉석 명인조청] 블랙영양바 (25g X 25개),,,,,
무항생제 1등급 한돈 등심(카레용) 2종,,,,,
"오리온 쉘위 클래식, 1개, 408g 쿠폰할인10%5,000원 4,500원 (10g당 110원) 내일(일) 도착 보장 4 (44) 최대 225원 적립",,,,,
"소와나무 비피더스 명장 사과 요구르트, 125ml, 8개입, 1개 3,420원 (10ml당 34원) 내일(일) 새벽 도착 보장 5 (18904) 최대 171원 적립",,,,,
[진가네반찬] 순살 닭볶음탕,,,,,
"일리 인스턴트커피 스무스 원두커피믹스, 95g, 1개, 1개입 쿠폰할인4%13,400원 12,800원 (10g당 1,347원) 내일(일) 도착 보장 4.5 (1161) 최대 640원 적립",,,,,
"무료배송 원시인농산 고당도 정품 돌바나나 3kg내 2송이 / 수입과일 과일, 1개 할인20%15,900원 12,710원 (100g당 424원) 2/11(수) 도착 예정 4.5 (1685) 최대 635원 적립",,,,,
[페라리니] 파르미지아노 레지아노 슬라이스 150g,,,,,
"올가홀푸드 돈가스소스, 360g, 1개 8,300원 (100g당 2,306원) 내일(일) 새벽 도착 보장 5 (10248) 최대 415원 적립",,,,,
"디벨라 폴렌타, 500g, 1개 5,360원 (100g당 1,072원) 내일(일) 도착 보장 5 (975) 최대 268원 적립",,,,,
엘그로 백진주쌀 10kg,,,,,
"오뚜기 카레 과립형 약간매운맛, 100g, 3개 4,850원 (100g당 1,617원) 내일(일) 도착 보장 5 (37571) 최대 243원 적립",,,,,
[정호영셰프의 이자카야카덴] 우삼겹 스키야키,,,,,
[타임딜][일상味소] 절단 국거리 200g,,,,,
[켈로그] 아몬드 푸레이크 시리얼 600g,,,,,
"무료배송 (건강인증) 피스타치오 1kg+1kg 피스타치오 견과류/ 피스타치오무염 탈각피스타치오, 1박스, 120g 1%13,320원 13,180원 (100g당 10,983원) 3/6 도착 예정 1.5 (6) 최대 659원 적립",,,,,
"아워티 셀렉션 6종 세트, 108.3g, 6개입, 1세트 20%8,900원 7,040원 (10g당 108원) 내일(일) 도착 보장 5 (1480) 최대 352원 적립",,,,,
친환경 래디쉬 100g,,,,,
[이무라야] 아이스 말차 컵빙수 130mL,,,,,
"롯데제과 제크오리지날, 300g, 2개 5,660원 (10g당 94원) 내일(일) 도착 보장 4.5 (11768) 최대 283원 적립",,,,,
"무료배송 오하루 자연가득 에브리데이 견과, 20g, 25개 27,000원 (100g당 5,400원) 2/10(화) 도착 예정 4.5 (1846) 최대 1,350원 적립",,,,,
[피코크] 미가 들깨 수제비,,,,,
[바로이즙] 배도라지 진액 스틱 10포,,,,,
[타이시아]  피넛 월남쌈소스 175g,,,,,
"티즐 제로 피치우롱티, 500ml, 20개 49%30,000원 15,260원 (100ml당 153원) 내일(일) 도착 보장 5 (16948) 최대 549원 적립",,,,,
[CU 픽업] 덴신유키준마이긴죠,,,,,
아스파라거스 200g,,,,,
[진실된손맛] 동짓날 팥죽 칼국수 (2인분),,,,,
"아라보감 오만둥이 (냉동), 1개, 1kg 6,490원 (100g당 649원) 내일(일) 새벽 도착 보장 4.5 (104) 최대 325원 적립",,,,,
[어니스트그릭] 로우슈가 스윗 오리지널 요거트 100g,,,,,
[진실된손맛] 간장진미채볶음,,,,,
[CU 픽업] 코폴라샤르도네,,,,,
[동원] 쯔유 500g,,,,,
"무료배송 법성포 영광 굴비 가정용 선물세트, 1.3kg (20마리), 1세트 할인18%29,500원 24,060원 (100g당 1,851원) 2/10(화) 도착 예정 4.5 (2116) 최대 1,190원 적립",,,,,
[종가] 볶음김치투어세트 80g*5,,,,,
[솔가] 엽산 800 100정 (100일분),,,,,
"청정원 대나무숙성 멸치액젓, 1kg, 1개 4,900원 (10g당 49원) 내일(일) 새벽 도착 보장 5 (4185) 최대 245원 적립",,,,,
[빙그레] 요맘때콘 플레인 (150mL X 6개),,,,,
[HBAF] 먼투썬 하루견과 브라운 20gx20봉,,,,,
"무료배송 25년 햅쌀 수향미 20kg(10kg+10kg) 골드퀸3호 상등급 최근도정, 10kg, 2개 77,450원 (100g당 387원) 2/12(목) 도착 예정 4.5 (88) 최대 3,873원 적립",,,,,
"안성탕면 순하군 125g, 10개 7,220원 (1개당 722원) 내일(일) 도착 보장 4.5 (9905) 최대 361원 적립",,,,,
[홍선장] 잔치국수 2인분,,,,,
[해태] 아이비 309g,,,,,
[KF365] 에어프라이어용 치즈 폭탄 돈까스 300g (체다치즈),,,,,
[그린너트] 균형있는 아침을 위한 발란스 600g (20gX30개입),,,,,
[뉴오리진] 이너플로라 유산균 (30일분),,,,,
[조단스] 내츄럴 뮤즐리 1kg,,,,,
[빙그레] 슬림바이브 다이어트 샷 (10일분),,,,,
[장수엿] 인절미 쌀엿 250g 2종 (택1),,,,,
[선물세트] 삼청동 에그롤 혼합 (30g x 10봉),,,,,
[CU 픽업] 펄리셔펜카소블,,,,,
[김재식헬스푸드] 진한 배즙 도라지 배숙 30포,,,,,
"잔다리 볶은 검은콩가루, 220g, 1개 9,000원 (100g당 4,091원) 내일(일) 도착 보장 5 (3013) 최대 450원 적립",,,,,
"무료배송 샤인머스켓 당도선별 신선365, 1박스, 400g~500g 할인42%12,000원 6,900원 (100g당 1,725원) 모레(월) 도착 예정 5 (118) 최대 345원 적립",,,,,
[모현상회] 절단 코다리 750g (냉동),,,,,
"두보식품 치아씨드, 450g, 1개 16%5,990원 4,980원 (100g당 1,107원) 내일(일) 도착 보장 5 (82) 최대 249원 적립",,,,,
"무료배송 남양유업 맛있는 두유 GT 고칼슘 검은콩깨, 190ml, 24개 13%14,850원 12,800원 (100ml당 281원) 2/10(화) 도착 예정 4.5 (3163) 최대 640원 적립",,,,,
"무료배송 가야 보리 엿기름 가루 엿질금 식혜용 식혜가루, 500g, 5개 13,350원 (100g당 534원) 2/10(화) 도착 예정 4.5 (331) 최대 668원 적립",,,,,
[에스푸나] 잠봉 슬라이스 100g,,,,,
초례청 찹쌀꿀약과 (60g X 9개),,,,,
[CU 픽업] 알타비스타비베스파,,,,,
[시오팡야] 소금빵 초코 콤보 280g,,,,,
[차일드라이프] 액상 칼슘 마그네슘 (30일분),,,,,
[스타벅스] 핫 코코아 페퍼민트 홀리데이 에디션 (28g X 8개),,,,,
[빚은] 경기미로 만든 떡국떡 500g,,,,,
"파이토메이드 고칼슘&비타민D 21곡 미숫가루 두유, 24개, 190ml 23%12,800원 9,800원 (100ml당 215원) 내일(일) 도착 보장 새 상품, 반품-미개봉 (4) 최저9,310원 4.5 (282) 최대 490원 적립",,,,,
[CU 픽업] 아스코니솔네쇼블2입,,,,,
"다향 1등급 훈제오리, 300g, 2개 할인10%13,440원 12,000원 (100g당 2,000원) 내일(일) 새벽 도착 보장 5 (251200) 최대 597원 적립",,,,,
[엄마味소] 우둔 다짐육 120g (냉동),,,,,
"풀무원 무농약 특등급 국산콩 콩나물, 200g, 1개 1,950원 (100g당 975원) 내일(일) 새벽 도착 보장 5 (192072) 최대 98원 적립",,,,,
[오리온] 닥터유 프로 드링크 단백질 초코(단백질 40g) 350mL 20개입,,,,,
"무료배송 팜플러스 정품 팬시레몬, 개당120g내외, 40개 할인38%37,900원 23,180원 (100g당 483원) 2/10(화) 도착 예정 4.5 (3048) 최대 1,147원 적립",,,,,
[La bocca] 밤 파이 (80g X 3개),,,,,
"오뚜기 카레 매운맛, 1kg, 1개 6,920원 (100g당 692원) 내일(일) 도착 보장 5 (21791) 최대 346원 적립",,,,,
[언양장터] 언양식 소불고기 400g,,,,,
"양반 고소한 볶음김치, 80g, 5개 69%22,400원 6,800원 (100g당 1,700원) 내일(일) 도착 보장 4.5 (14043) 최대 340원 적립",,,,,
"초록원 딸기잼 1kg + 블루베리잼 1kg, 1세트 15,960원 내일(일) 도착 보장 4.5 (640) 최대 798원 적립",,,,,
[아리랑가든] 양념 LA 꽃갈비 500g(냉동),,,,,
[CU 픽업] 카발란비노바리700,,,,,
[존쿡 델리미트] 브랏 부어스트 320g,,,,,
[곡물도감] 21곡 서리태 가득 콩물두유 (180mL X 15개),,,,,
[광천해저김] 김자반 볶음 (50g+50g),,,,,
[농협풍산김치] 보쌈무김치 1kg,,,,,
[Kraft] 크림치즈스프레드 200g 3종 (택1),,,,,
"이엔푸드 돈부리노타레 소스, 900ml, 1개 5,630원 (100ml당 626원) 내일(일) 도착 보장 5 (1358) 최대 281원 적립",,,,,
[풀무원] 백색단무지와 우엉 350g,,,,,
[삼호] 안심모듬어묵 종합 276g*2,,,,,
[종근당건강] 락토핏 50대+ 유산균 (30일분),,,,,
"농심 사리면 110g, 5개 1,620원 (1개당 324원) 내일(일) 새벽 도착 보장 5 (10995) 최대 81원 적립",,,,,
"포모나 망고 스무디 시럽, 2kg, 1개 9,400원 (100g당 470원) 내일(일) 도착 보장 5 (3511) 최대 470원 적립",,,,,
"웰넛 자연두레 프룬 건자두, 200g, 1개 2,990원 (100g당 1,495원) 내일(일) 도착 보장 4.5 (7580) 최대 150원 적립",,,,,
[파르네세] 파르미지아노 레지아노 24개월,,,,,
"광천김 담백한 구운 김가루, 50g, 1개 32%5,000원 3,400원 (10g당 680원) 내일(일) 도착 보장 5 (193) 최대 170원 적립",,,,,
"농심 얼큰한 너구리 120g, 10개 쿠폰할인41%13,600원 7,950원 (1개당 795원) 내일(일) 새벽 도착 보장 5 (6754) 최대 398원 적립",,,,,
"빼빼로 오리지널, 184g, 1개 7%4,800원 4,420원 (10g당 240원) 내일(일) 도착 보장 새 상품, 반품-미개봉 (10) 최저4,190원 5 (30934) 최대 221원 적립",,,,,
[정미소] 새청무 현미 2kg,,,,,
[미자언니네] 한우 고명을 얹은 사골 떡만두국 키트,,,,,
[솔가] 활성 엽산 680 위드 비타민B12 60정 (60일분),,,,,
"귤탐 당도선별 11brix 하우스감귤, 2kg(대과), 1개 39%30,900원 18,790원 (100g당 940원) 내일(일) 새벽 도착 보장 4.5 (232994) 최대 865원 적립",,,,,
"무료배송 메가도스 고려은단 B 비타민B 컴플렉스 51g, 60정, 1개 쿠폰할인28%25,000원 17,800원 (1정당 297원) 2/10(화) 도착 예정 5 (7185) 최대 890원 적립",,,,,
[ESTI] 치폴레 후무스 283g,,,,,
[바른식] 생감자 생반죽 들깨옹심이(2인분),,,,,
"설향 딸기 중과, 500g, 2팩 17,260원 (100g당 1,726원) 내일(일) 새벽 도착 보장 4.5 (42113) 최대 863원 적립",,,,,
[삼양] 별뽀빠이 72g X 4개입,,,,,
[센트룸] 원데이팩 40 (30일분) 우먼/맨 (택1),,,,,
"풀무원 만능유부 (냉동), 500g, 1개 8,980원 내일(일) 새벽 도착 보장 5 (1974) 최대 449원 적립",,,,,
"나랑드사이다 제로, 245ml, 36개 56%35,880원 15,580원 (100ml당 177원) 내일(일) 도착 보장 5 (192178) 최대 779원 적립",,,,,
"샘표 요리에센스 연두 순, 830ml, 1개 29%12,800원 8,980원 (10ml당 108원) 내일(일) 도착 보장 5 (33327) 최대 449원 적립",,,,,
[달래해장] 입맛돋는 순살 코다리조림,,,,,
[DARE] 베지칩 3종 (택1),,,,,
"무료배송 머거본 호두정과, 100g, 5개 13,190원 (100g당 2,638원) 2/11(수) 도착 예정 4.5 (513) 최대 660원 적립",,,,,
[제주아침미소목장] 우유 생크림빵 (65g X 5개),,,,,
[본죽] 뼈없는 매운 소갈비찜,,,,,
[전통주] 도원결의 담금주 (무감미 쌀증류원액) (25도 3600mL*4),,,,,
[농심] 신라면블랙 4입,,,,,
"[선물세트][전통주] 금산인삼주 금설세트 1호_35도 375mLx1,80mLx1,금잔x2",,,,,
[KF365] 무항생제 한돈 등심 카레용 200g*2 (냉장),,,,,
노르딕 열빙어 400g (냉동),,,,,
"오뚜기프레스코 까르보나라 파스타소스, 360g, 2개 26%11,360원 8,400원 (100g당 1,167원) 내일(일) 새벽 도착 보장 5 (651) 최대 420원 적립",,,,,
[펄스랩] 한입 쏙 식물성 너겟 (스위트 갈릭),,,,,
[하남돼지집] 돼지고기 묵은지 김치찜,,,,,
[위아바임] 낙산균 프로바이오틱스 오 30정,,,,,
[워커힐] 삼계탕,,,,,
"혼합야채 4종 옥수수 당근 완두콩 그린콩 (냉동), 1kg, 1개 4,650원 (100g당 465원) 950원 와우 가입 쿠폰 내일(일) 새벽 도착 보장 5 (317) 최대 185원 적립",,,,,
[오뗄] 차슈 500g (냉동),,,,,
[풀무원] 쌈 단무지,,,,,
[투마루] 김천 호두먹빵 파이만쥬 4구 2종 (택1),,,,,
[오리온] 닥터유 프로 드링크 단백질 3종 250mL 24개입 (택1),,,,,
[선물세트][프릳츠] 드립백 종합 선물세트 (24개입),,,,,
[일동후디스] 하이뮨 프로틴 밸런스 저당 음료 16개입,,,,,
[해태] 오예스 기획팩 840g (30g X 28봉지),,,,,
[정관장] 에브리타임 소프트 (30일분) (+리본포장 & 쇼핑백증정),,,,,
[네니아] 찰보리 팬케익 20개입,,,,,
[아티제] 화이트바닐라빈 롤케이크 350g,,,,,
"무료배송 햇 구운호박씨 1kg 특AA급 호박씨 볶음 볶은, 2개 23,800원 (100g당 1,190원) 2/11(수) 도착 예정 4.5 (2288) 최대 1,190원 적립",,,,,
[하루한콩] 구운 병아리콩 와사비맛(15g*22개),,,,,
"비비드키친 저칼로리 숯불매콤 소스, 290g, 1개 3,780원 (100g당 1,303원) 내일(일) 새벽 도착 보장 5 (17582) 최대 189원 적립",,,,,
[풀무원] 청양초 된장찌개 양념 450g,,,,,
[파브리 셰프] 가리비 바질 페스토 파스타,,,,,
[스웰릿] 샤베트 100g 2종(택1),,,,,
"하동품애 GAP 한단 설향 딸기 대과, 500g, 1개 할인8%12,440원 11,440원 (100g당 2,288원) 내일(일) 새벽 도착 보장 4.5 (18055) 최대 572원 적립",,,,,
[청정원] 맛선생 야채 국물내기 한알 160g (코인육수/40정),,,,,
"오뚜기 카레 순한맛, 1kg, 1개 11%7,780원 6,880원 (100g당 688원) 내일(일) 새벽 도착 보장 5 (11259) 최대 344원 적립",,,,,
[허쉬] 스틱형 핫초코 2종 (30g X 8개) (택1),,,,,
"하림 텐더스틱 (냉동), 550g, 1개 12%10,980원 9,600원 (100g당 1,745원) 내일(일) 새벽 도착 보장 5 (40081) 최대 480원 적립",,,,,
[포트'럭] 강화도 손질 민물장어 3종 (생물) (택1),,,,,
친환경 냉동 목이버섯 300g,,,,,
[팜프레쉬] 유기농 그릭 무가당 요거트 300g,,,,,
[CU 픽업] 주라프렌치오크,,,,,
"무료배송 동촌명가 화끈하고 맛있게 매운 불김치, 1개, 2kg 할인39%25,900원 15,680원 (100g당 784원) 2/11(수) 도착 예정 4.5 (3862) 최대 743원 적립",,,,,
[풀무원] 쌀 물만두 1kg,,,,,
[자연원] 냉동 블루베리 바나나 믹스 (600g),,,,,
[비스퀴테리 엠오] 소금초코 스콘 90g,,,,,
[알마자라스] 링콘 유기농 올리브오일 & 비네거 세트,,,,,
[삼양] 핵불닭소스 200g,,,,,
"오볶집 갓 로스팅 구운 캐슈넛, 1개, 200g 8,990원 (100g당 4,495원) 내일(일) 새벽 도착 보장 5 (280) 최대 450원 적립",,,,,
"닭가슴살 양배추쌈 8구 (냉동), 280g, 4개 15,800원 (100g당 1,411원) 내일(일) 새벽 도착 보장 4.5 (21870) 최대 670원 적립",,,,,
[CU 픽업] 기원독수리700ml,,,,,
[선물세트] 조선호텔 간장게장 세트 (예약일 수령),,,,,
[남양] 마시는 불가리스 사과 (150mL X 4개입),,,,,
"두오모 DUOMO 천연발효 유기농 사과식초 애플사이다비니거 애사비, 1L, 1개 할인25%9,690원 7,260원 (10ml당 73원) 내일(일) 도착 보장 4.5 (7703) 최대 359원 적립",,,,,
[태우한우] 1+ 한우 차돌박이 구이용 200g (냉장),,,,,
"일가집 쫄깃치자단무지, 200g, 1개 2,830원 (100g당 1,415원) 내일(일) 새벽 도착 보장 5 (43071) 최대 141원 적립",,,,,
[횡성축협한우] 1등급 한우 채끝 200g,,,,,
[CU 픽업] 마시마시앙코20,,,,,
[남양] 떠먹는 불가리스 제로 요거트 복숭아 (80g X 4개),,,,,
[CJ] 매콤달콤 생쫄면 (4인분),,,,,
"테일러 푸룬건자두, 250g, 5개 24,580원 (100g당 1,966원) 내일(일) 새벽 도착 보장 5 (2492) 최대 1,229원 적립",,,,,
[아우어베이커리] 버터 버거번 2종 (택1),,,,,
[미자언니네] 연근조림,,,,,
"한돈 목심 구이용 (냉장), 500g, 1개 10,950원 (100g당 2,190원) 내일(일) 새벽 도착 보장 4.5 (18478) 최대 548원 적립",,,,,
"양반 들기름김, 4.5g, 20개 49%15,990원 8,050원 (10g당 894원) 내일(일) 도착 보장 5 (122134) 최대 403원 적립",,,,,
"무료배송 여수 순살 갈치 150g x 5팩 갈치구이 갈치조림 100%수협 수매, 1개, 순살갈치 150g x 5팩 할인52%29,900원 14,340원 (100g당 9,560원) 2/12(목) 도착 예정 3.5 (35) 최대 710원 적립",,,,,
"원더풀피스타치오 후추, 150g, 1개 10,500원 (100g당 7,000원) 내일(일) 도착 보장 4.5 (242) 최대 525원 적립",,,,,
[CU 픽업] 보테가끼안띠DOCG,,,,,
[락토온] 서울약사신협 프로바이오틱스 생유산균 골드 (120일분),,,,,
"말리 코코넛워터, 1L, 2개 11%8,980원 7,990원 (100ml당 400원) 내일(일) 도착 보장 5 (22922) 최대 400원 적립",,,,,
"곰곰 100% 국산콩 순두부, 400g, 1개 1,440원 (100g당 360원) 내일(일) 새벽 도착 보장 5 (19244) 최대 72원 적립",,,,,
[동원] 리챔 120g x 5캔 2종 (택1),,,,,
"무료배송 [VIP귀빈용] 백화점납품 프리미엄 과일선물세트, 1박스, 3kg내외 +귀빈용 할인56%80,000원 34,800원 (100g당 1,160원) 2/12(목) 도착 예정 5 (80) 최대 1,740원 적립",,,,,
[비비고] 통새우만두 200g,,,,,
"불로초 고당도12.5brix 감귤, 1.5kg, 1개 33%30,900원 20,600원 (100g당 1,373원) 내일(일) 새벽 도착 보장 4.5 (4371) 최대 1,030원 적립",,,,,
[바다해] 명태엽채 200g,,,,,
[김소영 아티장의 안단테] 포인트 레이스 토마 프로방스 170g,,,,,
[오가닉스토리] 순수자연 과일칩 2종,,,,,
[라빈리커픽업][설 2본 선물] 까사 볼렌 set (와인),,,,,
눈다랑어 뱃살(슬라이스) 120g (냉동),,,,,
[올계] 유기농 닭볶음탕용 500g (냉동),,,,,
[슈퍼키친] 무교동식 매운낙지볶음,,,,,
[뉴오리진] 루테인아스타잔틴 (30일분),,,,,
[라세빌라나] 피티드 만자닐라 올리브 2종 (택1),,,,,
[풀무원] 생면식감 직화짜장 4입,,,,,
[올가] 샌드 웨이퍼 2종 (택1),,,,,
[전립소] 쏘팔메토 골드 (60일분),,,,,
"매일바이오 매일 그릭요거트 무가당 플레인 8개입, 80g, 1개 쿠폰할인34%9,890원 6,490원 (10g당 101원) 내일(일) 새벽 도착 보장 5 (19840) 최대 325원 적립",,,,,
"무료배송 이롬 황성주 검은콩 무가당두유 190ml, 40개 3%29,000원 27,900원 (100ml당 367원) 2/11(수) 도착 예정 4.5 (4396) 최대 1,395원 적립",,,,,
[설성목장] 한돈보쌈,,,,,
[진실된손맛] 남포동식 얼큰 돼지국밥,,,,,
[청년떡집] 저당 말차 앙금절편 (40g X 10개),,,,,
[어니스트그릭] Smash 깨먹는 피스타치오 그릭요거트 100g,,,,,
수분가득 아삭한 유러피안 카이피라 1입,,,,,
"곰곰 옥수수수염차 무라벨, 500ml, 20개 37%19,500원 12,130원 (100ml당 121원) 내일(일) 도착 보장 5 (5297) 최대 606원 적립",,,,,
[소이퀸] 국산 진한 팥물 500mL 2종 (택1),,,,,
"오뚜기 짜장 깊고 풍부한맛, 100g, 2개 4,640원 (100g당 2,320원) 내일(일) 새벽 도착 보장 5 (1356) 최대 232원 적립",,,,,
"롯데웰푸드 빈츠, 102g, 2개 쿠폰할인3%4,900원 4,740원 (10g당 232원) 내일(일) 도착 보장 5 (46558) 최대 237원 적립",,,,,
"광동제약 위생천 오리지널, 75ml, 20개 33%15,000원 9,980원 (100ml당 665원) 내일(일) 도착 보장 5 (31616) 최대 499원 적립",,,,,
"육개장 사발면 86g, 18개 15,220원 (1개당 846원) 내일(일) 도착 보장 5 (466690) 최대 761원 적립",,,,,
[김소형원방] 온감 환 다이어트(5g x 28포) (14일분),,,,,
"[전통주] 티라미수딜라이트 (9.5도, 350mL)",,,,,
"무료배송 햇님마을 고소함이 가득한 우리집 볶음참깨, 105g, 1개 38%14,560원 9,020원 (100g당 8,590원) 2/12(목) 도착 예정 5 (2119) 최대 451원 적립",,,,,
"무료배송 [우주초특가] 평균13Brix 초고당도 시나노골드 사과, 1개, 5kg 쿠폰할인30%33,350원 23,250원 (100g당 465원) 2/12(목) 도착 예정 4 (35) 최대 1,163원 적립",,,,,
MSC인증 생선살 500g 3종 (냉동) (택1),,,,,
"룽쉬 샤브샤브용 넓적당면, 300g, 3개 6,290원 (100g당 699원) 내일(일) 도착 보장 4.5 (25236) 최대 315원 적립",,,,,
[선물세트] 대동고려삼 홍삼정 프리미엄 스틱 (30일분),,,,,
[제이넛터] 100% 땅콩버터 2종 (택1),,,,,
"죠리퐁, 74g, 3개 2,970원 (10g당 134원) 내일(일) 새벽 도착 보장 5 (3526) 최대 149원 적립",,,,,
"쌍계명차 쑥차 파우더, 500g, 1개입, 1개 12,900원 (10g당 258원) 내일(일) 도착 보장 4.5 (110) 최대 645원 적립",,,,,
[Dole] 후룻바틀 3종,,,,,
"농심 사리곰탕면 110g, 5개 4,890원 (1개당 978원) 내일(일) 도착 보장 5 (59249) 최대 245원 적립",,,,,
"롯데제로 목캔디 제로 허브민트 봉, 72g, 2개 16%7,000원 5,840원 (10g당 406원) 내일(일) 도착 보장 5 (771) 최대 292원 적립",,,,,
"매일우유 커피맛, 200ml, 24개 16,400원 (100ml당 342원) 내일(일) 도착 보장 새 상품, 반품-미개봉 (15) 최저15,580원 5 (17620) 최대 820원 적립",,,,,
"고급진 한돈 양념LA갈비 (냉장), 1kg, 1개 25%22,000원 16,400원 (100g당 1,640원) 내일(일) 새벽 도착 보장 4.5 (2393) 최대 820원 적립",,,,,
[퀵쿠킹] 유기농 컬리플라워 라이스드 600g,,,,,
[애플하우스] 무침 군만두,,,,,
"순작 유기농 옥수수수염차, 1.5g, 40개입, 1개 3,980원 (10g당 663원) 내일(일) 도착 보장 4.5 (2069) 최대 199원 적립",,,,,
[마이노멀] 100% 무가당 땅콩버터 250g 2종 (택1),,,,,
[김호윤키친] 더이탈리안클럽 봉골레파스타,,,,,
[블랙모어스] 프로폴리스 60캡슐(30일분),,,,,
"한미헬스 완전두유 더진한 서리태 무가당 99.9, 190ml, 16개 12,600원 (100ml당 414원) 내일(일) 도착 보장 4.5 (112) 최대 630원 적립",,,,,
"무료배송 동원 꽁치 통조림, 280g, 4개 15,390원 (10g당 137원) 2/10(화) 도착 예정 4.5 (35101) 최대 770원 적립",,,,,
[블랙모어스] 칼슘 마그네슘 플러스 비타민D (30일분),,,,,
[아이포크] 한돈 갈비찜 밀키트,,,,,
[순수람] 채소를 담은 자연주의 채담카레 2종 (낱개/4개입) (택1),,,,,
[바비엔] 주꾸미 볶음 2종 (택1),,,,,
[CU 픽업] 더 던디 10년,,,,,
"대추호두말이 중국 간식 왕대추, 500g, 1개 20%25,000원 19,760원 (10g당 395원) 내일(일) 도착 보장 4.5 (715) 최대 988원 적립",,,,,
"무료배송 [김제 산지직송] 달곰이 설향딸기 750g, 1개, 750g(35구) 19,800원 (100g당 2,640원) 2/10(화) 도착 예정 5 (55) 최대 990원 적립",,,,,
[정다운] 느린농장 오리 다리살 500g,,,,,
"락토바이옴 솔루션2 예민한 장 유산균, 30정, 1개 53%29,900원 13,900원 (1정당 463원) 내일(일) 도착 보장 새 상품, 반품-미개봉 (27) 최저13,200원 5 (6101) 최대 695원 적립",,,,,
[아이농] 유기농 찰토마토 2kg,,,,,
[풀무원] 고소한 유기농 순두부 (2개입),,,,,
"곰곰 한알육수 분말, 160g, 1개 31%10,600원 7,290원 (100g당 4,556원) 내일(일) 도착 보장 5 (149) 최대 345원 적립",,,,,
[횡성축협한우] 1+ 한우 채끝 스테이크 200g (냉장),,,,,
국산 대양 귀리 1kg,,,,,
"비비드키친 알룰로스, 510g, 1개 44%9,900원 5,490원 (100g당 1,076원) 내일(일) 도착 보장 5 (1258) 최대 275원 적립",,,,,
"국산 혼합 21곡, 1kg, 1개 22%8,980원 6,980원 (100g당 698원) 내일(일) 새벽 도착 보장 5 (9185) 최대 349원 적립",,,,,
[맥널티] 스테비아 제로슈가 차 (15g X 30개) 3종 (택1),,,,,
[본죽] 미니 쇠고기 장조림 (5개입),,,,,
"무료배송 에치와이 헬리코박터 프로젝트 윌 오리지널 에코, 10개 할인29%21,500원 15,170원 2/12(목) 도착 예정 5 (811) 최대 750원 적립",,,,,
[허브&스파이스마켓] 페페로치노홀 21g (페퍼론치노),,,,,
[임페리얼] 데니쉬 버터쿠키 200g,,,,,
[수미과] 써니트 한라봉 2종,,,,,
[선물세트] Kurly's 1++ 등심&특수부위&양지 세트 (냉장) (예약일 수령),,,,,
[동병상련] 전통 프리미엄 떡국떡 3종 세트(250g x 4입),,,,,
[김소영 아티장의 안단테] 랑세 샤우르스 250g,,,,,
"양지뜨레 1등급 계란으로 만든 반숙란, 20구, 1개 9,990원 (1구당 500원) 내일(일) 새벽 도착 보장 4.5 (10543) 최대 500원 적립",,,,,
[진가네반찬] 묶음 반찬 세트 8종,,,,,
"두보식품 바른곡물 부드러운 퀵오트밀, 2kg, 1개 10,980원 (100g당 549원) 내일(일) 도착 보장 5 (4635) 최대 549원 적립",,,,,
"무료배송 유피농원 제주 고당도 타이벡 감귤, 1박스, 10kg 중대과(L-2L) 199,900원 (100g당 1,999원) 2/20 도착 예정 5 (28) 최대 9,995원 적립",,,,,
[마리농장] 강화약쑥 송편 1kg,,,,,
[동화약품] 부채표 까스활 75ml 10입,,,,,
[CU 픽업] 타이거라들러500ml*24캔,,,,,
[샐러드판다] 만능 저당 드레싱 소스 4종 (택1),,,,,
[자연담은] 골든퀸 2호 4kg,,,,,
"[Sea to table] 간편한 손질 가리비 관자살 300g (대,냉동)",,,,,
[밀잇] 프로틴 단백질 쉐이크 560g 5종 (택1),,,,,
"무료배송 [소소담담] 100% 국내산 부여 햇 밤 농장직송 대짜 알밤, 1박스, 1kg 할인28%15,000원 10,800원 (100g당 1,080원) 2/10(화) 도착 예정 5 (59) 최대 540원 적립",,,,,
[덴프스] 혈당케어 프로 (60일분),,,,,
[비비고] 김치왕만두 420Gx2개입,,,,,
"순작 모과 유자차 티백, 800mg, 40개입, 2개 20%13,980원 11,060원 (10g당 1,728원) 내일(일) 도착 보장 4.5 (2812) 최대 553원 적립",,,,,
[김구원선생] 서리태 순두부 2입,,,,,
[BNR17] 비에날씬 프로틴 UP (10일분),,,,,
[베이켓 : Bake it easy] 소금빵 생지 (62g X 4개),,,,,
[캐치! 티니핑] 하츄핑의 슈크림 만쥬 150g (띠부씰 50종 중 1종 랜덤),,,,,
친환경 채 도라지 150g,,,,,
[자임] 사과오렌지당근(AOC) NFC 착즙주스 1L,,,,,
[이호] 국산 자연산 참돔 700~800g (생물),,,,,
[테라오카] 계란에 뿌려먹는 간장,,,,,
[청정원] 햇살담은 씨간장 양조간장 2종 (택1),,,,,
[삼립] 연유버터 스프레드 500g,,,,,
[한성] 김밥준비 한번에 OK 505g,,,,,
"국내산 아욱, 300g, 1개 3,590원 (100g당 1,197원) 내일(일) 새벽 도착 보장 4.5 (27926) 최대 180원 적립",,,,,
[CU 픽업] 글렌리벳18년,,,,,
"국내산 흙생강, 100g, 1개 1,990원 (100g당 1,990원) 내일(일) 새벽 도착 보장 4.5 (43275) 최대 100원 적립",,,,,
친환경 셀러리 스틱 150g,,,,,
[바름팜] 국내산 데일리 채소찜 키트 450g,,,,,
[KF365] 새콤달콤 당도선별 제주 비가림 감귤 2.5kg (로얄과),,,,,
[선물세트] 동원 튜나리챔 O-8호,,,,,
[올가담] 리코타치즈 호두 곶감 말이 (10구),,,,,
오트밥 오리지널 50g x 10개입,,,,,
[떡미당] 제로당현미쑥찹쌀떡 500g,,,,,
바로먹는 자숙 시래기 500g,,,,,
[나바리노 아이콘즈] 그리스 디저트 올리브 스푼스위츠,,,,,
"오뚜기 고소한 골드 마요네스, 800g, 1개 5%7,880원 7,450원 (100g당 931원) 내일(일) 새벽 도착 보장 5 (44685) 최대 373원 적립",,,,,
[전통주] 박재서명인 안동소주 2종 (택1) 360mL,,,,,
"담터 핫초코 분말, 20g, 50개입, 1개 11,380원 (10g당 114원) 내일(일) 새벽 도착 보장 5 (268) 최대 569원 적립",,,,,
[진실된손맛] 쥐포채볶음,,,,,
"무료배송 2025년 견과류의 제왕 1kg+1kg 저온 베이킹 다미아 밀크향 대용량 다미아, 2개, 250g 14,950원 (100g당 2,990원) 3/6 도착 예정 2.5 (544) 최대 748원 적립",,,,,
[리치] 진주 허니 쌀과자 1kg,,,,,
[선물세트] 바다소리 생돌김과 멸치 혼합세트,,,,,
"켈로그 프로틴 그래놀라 제로슈거, 350g, 1개 30%9,580원 6,700원 (100g당 1,914원) 내일(일) 도착 보장 새 상품, 반품-미개봉 (12) 최저6,360원 5 (10319) 최대 335원 적립",,,,,
"그린스위트 카페시럽, 1.5L, 2개 8,160원 (100ml당 272원) 내일(일) 도착 보장 5 (13035) 최대 408원 적립",,,,,
[얼라이브] 멜라리프 식물성 멜라토닌 30정,,,,,
"넛츠팜 믹스넛, 900g, 1개 20%11,500원 9,100원 (100g당 1,011원) 내일(일) 도착 보장 새 상품, 반품-미개봉 (2) 최저8,640원 4.5 (13232) 최대 455원 적립",,,,,
"오뚜기프레스코 미트 스파게티소스, 600g, 1개 5,690원 (100g당 948원) 내일(일) 새벽 도착 보장 5 (6040) 최대 285원 적립",,,,,
[아임비타] 멀티비타민샷 아르기닌/글루타치온 14포 2종 (택1),,,,,
[농협풍산김치] 섞박지 3kg,,,,,
[잇더핏] 브이핏 프리미엄 이너뷰티 티 (30g X 14포),,,,,
[KF365] 1등급 닭 윗날개(봉) 2종 (냉장),,,,,
"무료배송 상주곶감 건시 1kg(20~35과) 가정용 실속포장 곶감, 1개, 1) 실속형 건시 1kg 17%23,000원 18,900원 2/10(화) 도착 예정 5 (25) 최대 945원 적립",,,,,
"비비고 썰은 배추김치, 500g, 1개 30%10,900원 7,530원 (100g당 1,506원) 내일(일) 새벽 도착 보장 5 (37333) 최대 376원 적립",,,,,
[담꽃] 단팥죽과 무가당 통팥죽 (냉동),,,,,
"무료배송 [한정특가 100박스] 딸기 스테비아급 고당도 설향딸기, 1개, 350g / 20~24과 할인65%26,500원 9,160원 (100g당 2,617원) 2/12(목) 도착 예정 3.5 (94) 최대 453원 적립",,,,,
[다이센] 과일 아이스바 2종 (30mL X 8개) (택1),,,,,
[풀무원] 치자 김밥단무지 300g,,,,,
"셰프초이스 한돈 더 듬뿍 고기완자 (냉동), 1개, 500g 21%10,900원 8,600원 (100g당 1,720원) 내일(일) 새벽 도착 보장 4.5 (1260) 최대 380원 적립",,,,,
"백설 콩기름, 900ml, 2개 6,400원 (100ml당 356원) 내일(일) 도착 보장 5 (55304) 최대 320원 적립",,,,,
[PPUL] 1++(9) 한우 샤브/스키야키 150g(냉장) 3종,,,,,
[마더네스트] 호주산 프로폴리스 리퀴드 30ml,,,,,
[서울우유] 요구르트 오렌지 750mL,,,,,
[상하농원] 무항생제 소시지&햄 클래식 7종 골라담기 (택2),,,,,
[8APM] 식물성 멜라토닌 멜라피스 2mg x 30정,,,,,
[솔가] 코큐텐 100mg 60캡슐 (60일분),,,,,
"대상 종가 석박지, 1개, 900g 30%15,500원 10,700원 (100g당 1,189원) 내일(일) 새벽 도착 보장 4.5 (8773) 최대 535원 적립",,,,,
"그릴리 직화치킨 닭가슴살 오리지널, 105g, 1개입, 6개 쿠폰할인19%17,880원 14,340원 (100g당 2,276원) 내일(일) 새벽 도착 보장 5 (2139) 최대 717원 적립",,,,,
[일상味소] 샤브샤브 300g~ (냉동),,,,,
[오가닉스토리] 유기농 아가베 시럽 335g,,,,,
"무료배송 오꾸밥 오븐에 구운 주먹밥 12봉 6종 옵션 소불2+참치2+불닭2+로제2+김치2+까치2, 1세트, 100g 할인31%21,600원 14,900원 (100g당 14,900원) 2/10(화) 도착 예정 4.5 (13444) 최대 745원 적립",,,,,
[댄케이크] 싱글서브 버터쿠키 씬앤크리스피 18입,,,,,
[일드프랑스] 브리 슬라이스 150g,,,,,
[CU 픽업] 브리몽꾸르 엑스트라 브뤼,,,,,
국산 붉은대게살 100g (냉장),,,,,
[파르키오니] 유기농 엑스트라버진 올리브유 500mL,,,,,
"바나나맛우유 무가당, 12개, 240ml 11,520원 (100ml당 400원) 내일(일) 새벽 도착 보장 5 (3474) 최대 576원 적립",,,,,
"파머스팩 한돈 미박앞다리 찌개용 (냉장), 500g, 1개 36%13,300원 8,400원 (100g당 1,680원) 내일(일) 새벽 도착 보장 4.5 (1166) 최대 420원 적립",,,,,
"팔도 꼬꼬면 115g, 5개 4,950원 (1개당 990원) 내일(일) 도착 보장 5 (17135) 최대 248원 적립",,,,,
"담터 옥수수 수염차, 1.5g, 150개입, 2개 16,240원 (10g당 361원) 내일(일) 도착 보장 5 (27338) 최대 812원 적립",,,,,
[포트'럭] 찜구이용 모듬조개 1.5kg (생물),,,,,
[밥스누] 서울대 서목태 약콩 콩물두유 (190mL X 10개),,,,,
"롯데자일리톨 F, 24g, 15개 12,000원 (10g당 333원) 내일(일) 도착 보장 5 (13231) 최대 600원 적립",,,,,
"불닭볶음면 까르보 큰컵 105g, 12개 13%18,000원 15,540원 (1개당 1,295원) 내일(일) 도착 보장 5 (44057) 최대 777원 적립",,,,,
[원조화심두부] 들깨 순두부,,,,,
[델리치오] 호주산 유기농 소고기 국거리 200g,,,,,
"곰곰 100% 국산콩 순두부, 400g, 2개 2,790원 (100g당 349원) 내일(일) 새벽 도착 보장 5 (19244) 최대 140원 적립",,,,,
"맛선생 참치액, 560ml, 1개 43%8,400원 4,720원 (10ml당 84원) 내일(일) 도착 보장 5 (20853) 최대 236원 적립",,,,,
[유로포멜라] 모짜렐라 볼 100g 2종 (택1),,,,,
"박카스 디카페 에이액, 120ml, 20개 12%16,000원 14,040원 (100ml당 585원) 내일(일) 도착 보장 5 (10787) 최대 702원 적립",,,,,
"스키피 수퍼청크 땅콩버터, 462g, 2개 쿠폰할인52%21,800원 10,340원 (100g당 1,119원) 내일(일) 도착 보장 5 (42203) 최대 517원 적립",,,,,
[그녀의빵공장] 햄치즈 야채 모닝빵 (35g X 6개),,,,,
[고려은단] 메가도스C 3000 (100일분) (고려은단 메가도스C 3000 ),,,,,
[CU 픽업] 트리벤토골든말벡,,,,,
골드베리 딸기 400g,,,,,
[6다이닝] 이베리코 갈비살 구이용 250g,,,,,
[선물세트] 우리밀 웨이퍼 세트 2종 (택1),,,,,
[CU 픽업] 더 레이크 레스페베르,,,,,
"양반 100밥 현미밥, 130g, 6개 50%10,980원 5,490원 (100g당 704원) 내일(일) 도착 보장 5 (67387) 최대 275원 적립",,,,,
[청정원] 크림 파스타소스 4종,,,,,
"무료배송 [타임특가] GAP인증 해남 꿀고구마 정품, 1박스, 3kg (한입) 쿠폰할인41%16,800원 9,900원 (100g당 330원) 2/12(목) 도착 예정 4.5 (107) 최대 495원 적립",,,,,
"무료배송 클릭마켓 기장 생 미역 물미역 완도, 1개, 2kg 할인50%16,000원 7,920원 (100g당 396원) 2/10(화) 도착 예정 4.5 (60) 최대 392원 적립",,,,,
"무료배송 해찬들 물로만 끓여도 부드럽고 순한 미소된장, 450g, 1개 할인20%6,350원 5,050원 (100g당 1,122원) 2/12(목) 도착 예정 5 (955) 최대 253원 적립",,,,,
"무료배송 코스트코 알라 냉장 하바티치즈 슬라이스 907g, 1개 39%33,990원 20,450원 (10g당 225원) 2/11(수) 도착 예정 5 (2471) 최대 1,023원 적립",,,,,
[세네카] 애플칩 6종 (택1),,,,,
"담터 생강차 플러스, 15g, 50개입, 1개 11,400원 (10g당 152원) 내일(일) 도착 보장 5 (52167) 최대 570원 적립",,,,,
[Picard] 미니 바게트,,,,,
[떡찌니] 하트 떡국떡,,,,,
"마당발 삼색 피망 (냉동), 1개, 1kg 4,900원 (100g당 490원) 내일(일) 새벽 도착 보장 4.5 (725) 최대 245원 적립",,,,,
[떡편] 고구마 쌀 케이크,,,,,
[고래주방] 유부주머니 물떡 전골,,,,,
[사조대림] 직화에 꼬치닭 2종 (냉장),,,,,
[선물세트] 몽슈슈 롤쿠키 5종 세트 240g,,,,,
[미식생활] 한돈 꼬들살 제육볶음 520g,,,,,
"아그리폼 지라 그라타 그라나 파다노 그라인더, 150g, 1개입, 1개 13,210원 (10g당 881원) 내일(일) 새벽 도착 보장 5 (1218) 최대 660원 적립",,,,,
[리얼닥터] 멀티비타민 123 미네랄 (60일분),,,,,
[아르티지아니] 트러플소스 90g (트러플함량 1%),,,,,
[대상웰라이프] 마이키즈 비피더스 유산균 (30일분),,,,,
"바나나맛우유 240ml x 3개입 + 딸기맛우유 240ml x 3개입 세트, 1.44L, 2세트 16,160원 (100ml당 561원) 내일(일) 새벽 도착 보장 5 (27114) 최대 758원 적립",,,,,
멕시코산 생 라임 580g (6-9입),,,,,
"맛선생 참치액, 560ml, 1개 43%8,400원 4,720원 (10ml당 84원) 내일(일) 새벽 도착 보장 5 (2006) 최대 236원 적립",,,,,
[시골보쌈과 감자옹심이] 옹심이 들깨 수제비(2인분),,,,,
"해표 포도씨유, 500ml, 1개 44%9,900원 5,500원 (100ml당 1,100원) 내일(일) 도착 보장 새 상품, 반품-미개봉 (27) 최저5,220원 5 (51355) 최대 275원 적립",,,,,
"곰곰 친환경 토마토, 900g, 1팩 5,870원 (100g당 652원) 내일(일) 새벽 도착 보장 4.5 (9007) 최대 294원 적립",,,,,
"매일바이오 그릭요거트 Delight 플레인 8개입, 80g, 1개 5,280원 (10g당 83원) 내일(일) 새벽 도착 보장 5 (767) 최대 264원 적립",,,,,
[잇더핏] 잇더핏 프로틴 단백질 쉐이크 파우치 6종,,,,,
"테일러 유기농 푸룬건자두, 210g, 3개 19,910원 (100g당 3,160원) 내일(일) 도착 보장 4.5 (10369) 최대 995원 적립",,,,,
"마더네스트 프로폴리스 마누카허니 로젠지스 캔디 MGO600+, 90g, 1개 59%15,000원 6,070원 (10g당 674원) 내일(일) 도착 보장 5 (3732) 최대 304원 적립",,,,,
"곰곰 당도선별 안동 사과, 1kg(소과), 1봉 9,070원 (100g당 907원) 내일(일) 새벽 도착 보장 4.5 (1649) 최대 454원 적립",,,,,
[한성] 크래미 180g (90g 증정),,,,,
[진가네반찬] 청양고추 멸치볶음,,,,,
[모두의맛집] 정호영 셰프 오야꼬동 덮밥,,,,,
[니뽕내뽕] 인기 짬뽕 3종 (택1),,,,,
[어보선] 손질 동태 500g (냉동),,,,,
[바다숲] 구운감태 5매,,,,,
"비타500 제로 스파클링, 250ml, 24개 33%24,000원 15,900원 (100ml당 265원) 내일(일) 도착 보장 5 (8284) 최대 596원 적립",,,,,
[이알하나] ERr731 80mg (28일분),,,,,
[빙그레] 바나나맛우유(무가당) (240mL X 4개),,,,,
[삼립] 보름달 (66g X 3개입),,,,,
[루솔] 진한 배도라지즙 20포,,,,,
[선물세트] 포트'럭 제주가 말린 옥돔&가자미 (대),,,,,
"크라운 말차하임, 284g, 2개 25%14,000원 10,480원 (10g당 185원) 내일(일) 도착 보장 5 (2212) 최대 524원 적립",,,,,
[Fairday] 공정무역 유기농  생캐슈넛 230g,,,,,
[몬타나리] 파르미지아노 레지아노 40개월,,,,,
감자빵 생지 (80g X 5개입),,,,,
"오트라이프 국산 오트밀, 2kg, 1개 16%23,900원 19,900원 (100g당 995원) 내일(일) 도착 보장 4.5 (1176) 최대 995원 적립",,,,,
[제주 성이시돌목장] 유기농 우유로 만든 샌드 쿠키 3종 (택1),,,,,
"곰곰 이스라엘산 자몽, 1kg, 1개 7,140원 (100g당 714원) 내일(일) 새벽 도착 보장 4.5 (4966) 최대 357원 적립",,,,,
친환경 잎채소 적근대 100g,,,,,
"국내산 어린 고수잎, 1개, 20g 2,980원 (100g당 14,900원) 내일(일) 새벽 도착 보장 4.5 (102) 최대 149원 적립",,,,,
"무료배송 상주 곶감 100개 실속형 가정용 건시, 1세트, 2.5kg 할인15%49,900원 42,210원 (100g당 1,688원) 2/11(수) 도착 예정 4 (13) 최대 2,110원 적립",,,,,
[쉐푸드] 불고기 김밥,,,,,
[선물세트] 스폰서 바디 엑티베이터 플러스(8일분)+엑티베이터100 (8일분),,,,,
[와인앤모어픽업]루나가이아 지비뽀 ((와인)),,,,,
[포트'럭] 제주가 말린 가자미 400g (냉동),,,,,
[전통주] 제주왕지케 설홍_동백증류주 (20도 375mL),,,,,
"엉클탁 간편한끼 병아리콩, 500g, 1개 5,980원 내일(일) 새벽 도착 보장 5 (5260) 최대 299원 적립",,,,,
[푸드렐라] 통통살 가라아게(2개입),,,,,
[애슐리] 오리지널 시그니처 폭립 800g,,,,,
"국산 혼합 21곡, 1kg, 1개 22%8,980원 6,980원 (100g당 698원) 내일(일) 도착 보장 5 (16029) 최대 349원 적립",,,,,
[청숨] 통째로 갈아만든 오미자,,,,,
[휴게소 우동] 우동 2인분 3종 (택1),,,,,
[이목 무항생제] 국내산 소고기 사태 국거리용 200g (냉장),,,,,
[풀무원] 얼큰 가쓰오 우동 (4인분),,,,,
"스위트컵 초코라떼 파우더, 1kg, 1개, 1개입 10,700원 (10g당 107원) 내일(일) 도착 보장 5 (305) 최대 535원 적립",,,,,
[크라운] 쿠크다스 2종 (택1),,,,,
[비타바움] 비타민B12 + V - Complex8 (12일분),,,,,
[햇반] 컵반 비빔밥 시리즈 3종 (택1),,,,,
귀리 500g,,,,,
"미원 감칠맛, 500g, 1개 21%12,050원 9,480원 (10g당 190원) 내일(일) 새벽 도착 보장 5 (4902) 최대 474원 적립",,,,,
"무료배송 [타이벡감귤] 고당도 귤 15브릭스 이상 꿀당도보장, 1박스, 타이백감귤 3kg 대과(l-2l) 쿠폰할인40%29,900원 17,700원 (100g당 590원) 2/13(금) 도착 예정 3 (70) 최대 885원 적립",,,,,
[엠브로졸리] 허니캔디 &밀크캔디 2종,,,,,
"메가도스 D 비타민D3 4000IU, 90정, 1개 9,900원 (1정당 110원) 내일(일) 도착 보장 5 (9975) 최대 495원 적립",,,,,
[라빈리커픽업]1865 까베르네소비뇽 (와인),,,,,
[오뚜기] 컵누들 매콤한맛 6입,,,,,
[샹달프] 과일잼 284g 9종 (택1),,,,,
완도 생파래 200g (냉장),,,,,
[Picard] 라따뚜이,,,,,
"오트몬드 오리지널, 190ml, 24개 13%17,900원 15,480원 (100ml당 339원) 내일(일) 도착 보장 5 (8640) 최대 619원 적립",,,,,
"삼양프레시 더블 함박 스테이크 (냉동), 1kg, 1개 12,000원 (100g당 1,200원) 내일(일) 새벽 도착 보장 5 (3835) 최대 600원 적립",,,,,
"푸드랩플러스 미국산 돌돌말이 대패 우삼겹 (냉동), 800g, 1개 41%23,900원 13,970원 (100g당 1,746원) 내일(일) 새벽 도착 보장 4.5 (36395) 최대 699원 적립",,,,,
"햇반 흑미밥 작은공기, 130g, 12개 11,220원 (100g당 719원) 내일(일) 도착 보장 5 (112650) 최대 561원 적립",,,,,
"호주 쿼키즈 마카다미아 호주산 통 마카다미아 로스티드 인쉘 견과류 하루견과 아이들간식, 3개, 120g 할인8%28,200원 25,720원 (100g당 7,144원) 내일(일) 도착 보장 4.5 (738) 최대 1,273원 적립",,,,,
[CU 픽업] 칭따오라거500*24캔,,,,,
"오뚜기 토마토 케챂, 500g, 1개 2,930원 (100g당 586원) 내일(일) 새벽 도착 보장 5 (12481) 최대 146원 적립",,,,,
"덴마크 사워크림, 970g, 1개 9,010원 (10g당 93원) 내일(일) 새벽 도착 보장 5 (15829) 최대 450원 적립",,,,,
"탐사 아쿠아 스파클링 레몬, 20개, 500ml 33%13,600원 8,990원 (100ml당 90원) 내일(일) 도착 보장 5 (17170) 최대 450원 적립",,,,,
[상하농원] 동물복지 유정란 계란과자,,,,,
"국산 다진마늘, 1kg, 1개 12,990원 (10g당 130원) 내일(일) 새벽 도착 보장 5 (121612) 최대 650원 적립",,,,,
[닥터브라이언] 멀티비타민&철분 츄어블 90구미,,,,,
[서주] 아이스주 (75mL X 10개),,,,,
[KF365] 통다리살 훈제오리 스테이크 480g,,,,,
"무료배송 기픈물 저스트 종이팩 해양심층수, 500ml, 30개 19,690원 (100ml당 131원) 2/12(목) 도착 예정 5 (8888) 최대 985원 적립",,,,,
"담터 꿀유자차A, 2kg, 1개입, 1개 11,000원 (10g당 55원) 내일(일) 도착 보장 4.5 (24213) 최대 550원 적립",,,,,
"마루비시 케이 블레소레이유 제빵용 고급 강력분, 2kg, 1개 7,850원 (100g당 393원) 내일(일) 도착 보장 5 (1131) 최대 393원 적립",,,,,
[선물세트] 법성포참맛 고추장굴비 세트,,,,,
[CU 픽업] 로르나노끼안클라시코,,,,,
"몽베스트 위드 스파클링 워터 레몬, 500ml, 20개 9,450원 (100ml당 95원) 내일(일) 도착 보장 5 (4167) 최대 473원 적립",,,,,
[푸드올로지] 버닝올로지 디데이 (10일분),,,,,
[종근당건강] 아임비타 멀티비타민 데일리팩 (30일분),,,,,
"마이카페라떼 마일드, 220ml, 10개 14,500원 (100ml당 659원) 내일(일) 새벽 도착 보장 5 (4491) 최대 725원 적립",,,,,
[사랑과정성] 크림스프 4종 (택1),,,,,
"광천김 간장에 찍어 먹는 구운 파래김 간장포함, 11g, 6개 16%6,000원 4,990원 (10g당 756원) 내일(일) 도착 보장 5 (3690) 최대 250원 적립",,,,,
[젠제네틱스] 비타민B 컴플렉스 다이렉트 (20일분),,,,,
[소와나무] 쿨피스 자두 930mL,,,,,
"이규원 농부의 고성 금실딸기 12~15개입, 350g, 1개 할인5%18,990원 17,990원 (100g당 5,140원) 내일(일) 새벽 도착 보장 4.5 (77) 최대 900원 적립",,,,,
[정착육] 뉴질랜드산 소고기 차돌양지 샤브샤브 500g,,,,,
[26년 설] [CU 픽업] 부쉬밀16년싱글몰트,,,,,
"그린너트 하루견과 스마트세이브, 18g, 100개 35,880원 (100g당 1,993원) 내일(일) 도착 보장 새 상품, 반품-미개봉 (2) 최저32,370원 4.5 (358) 최대 1,704원 적립",,,,,
[포모나] 블랙라벨 바닐라향 시럽 1L,,,,,
[얼라이브] 지속성비타민C (30일분),,,,,
[레인저스벨리] 호주산 흑소MB3+ 우둔 국거리 200g (냉장),,,,,
"프링글스 오리지날, 110g, 4개 6,700원 (10g당 152원) 내일(일) 도착 보장 4.5 (31144) 최대 318원 적립",,,,,
[자연담은] 유기농 저당 호라산 밀 혼합 10곡,,,,,
"소안도 프리미엄 구운 김밥김 100매, 220g, 1개입, 1개 할인5%23,290원 22,020원 (10g당 1,001원) 내일(일) 새벽 도착 보장 5 (25537) 최대 1,100원 적립",,,,,
[세리박스] 세리컷 스타터 듀오 (28일분),,,,,
[더단백] 프로틴 단백질 드링크 7종 (6개입) (택1),,,,,
[자연애] 100% 국산 태양초 고춧가루 2종 (250g/500g),,,,,
[포트'럭] 대광어회 3종 (냉장) (택1),,,,,
"친환경 뿌리가 손질된 새송이버섯, 600g, 1개 3,790원 (100g당 632원) 내일(일) 새벽 도착 보장 5 (83657) 최대 190원 적립",,,,,
[모현상회] 참돔회 130g (냉장),,,,,
"청정원 찰진 감자 생수제비 2~3인분, 300g, 1개 20%2,750원 2,180원 (100g당 727원) 내일(일) 새벽 도착 보장 4.5 (20897) 최대 109원 적립",,,,,
[CU 픽업] 크레스만화이트섹,,,,,
겨울향기 한라봉청 950g,,,,,
[Kim's butcher] 호주산 숄더랙 300g(냉동),,,,,
"목캔디 허브 민트, 217g, 3개 10,800원 (10g당 166원) 내일(일) 도착 보장 5 (21558) 최대 540원 적립",,,,,
"농심 신라면 컵 65g, 6개 5,940원 (1개당 990원) 내일(일) 도착 보장 5 (142496) 최대 297원 적립",,,,,
"새봄푸드 프리미엄 믹스너츠, 500g, 1개 9,200원 (100g당 1,840원) 내일(일) 도착 보장 4.5 (782) 최대 460원 적립",,,,,
"푸드앤픽 고대곡물 호라산밀, 5kg, 1개 10,900원 (100g당 218원) 내일(일) 도착 보장 5 (171) 최대 545원 적립",,,,,
[상하농원] 브랏부어스트 120g,,,,,
[ardo] 유기농 컬리플라워 600g (냉동),,,,,
[네이처앤헬스] 볶은 귀리가루 500g,,,,,
[진실된손맛] 동태전 (냉동),,,,,
"투데이넛 너트한줌 10종 30입 견과 선물세트 600g, 1세트 12%24,870원 21,800원 (1세트당 21,800원) 내일(일) 도착 보장 5 (1138) 최대 1,035원 적립",,,,,
"Arla 고다 슬라이스, 150g, 1개입, 1개 6,100원 (10g당 407원) 내일(일) 새벽 도착 보장 5 (2129) 최대 305원 적립",,,,,
"무료배송 스파클 생수 무라벨, 330ml, 120개 할인8%25,280원 23,150원 (100ml당 58원) 2/10(화) 도착 예정 5 (545301) 최대 1,158원 적립",,,,,
[Picard] 미니 버터 크루아상,,,,,
"미닛메이드 레몬에이드 탄산음료, 355ml, 24개 17%16,400원 13,580원 (100ml당 159원) 내일(일) 도착 보장 5 (3509) 최대 679원 적립",,,,,
[뉴오리진] 식물성 알티지 오메가3 (30일분),,,,,
"목캔디 롯데제과 허브민트, 217g, 2개 7,220원 (10g당 166원) 내일(일) 도착 보장 5 (21558) 최대 361원 적립",,,,,
유기농 보리 5곡  800g,,,,,
[본마망] 프리미엄 마들렌 3종 (택1),,,,,
"비비고 썰은 배추김치 용기, 300g, 1개 32%7,980원 5,380원 (100g당 1,793원) 내일(일) 새벽 도착 보장 5 (37333) 최대 269원 적립",,,,,
[데본] 솔티드 카라멜 크림 170g,,,,,
"켈로그 리얼 그래놀라 오리지널 시리얼, 400g, 1개 38%9,680원 5,950원 (100g당 1,488원) 내일(일) 새벽 도착 보장 5 (31261) 최대 298원 적립",,,,,
[그린몬스터] 비건 혈당관리 다이어트 하루 컷 (28일분),,,,,
[신키네도] 딸기 스타롤 2종 (택1),,,,,
[하늘꽃] 친환경 즉석팝콘 3개입,,,,,
[부침명장] 꼬지없이 부쳐낸 오미산적 450g,,,,,
[크래프트] 슈레드 모짜렐라 치즈 226g,,,,,
[CU 픽업] 크러시470ml*24캔,,,,,
[이호] 새꼬막 1kg (생물),,,,,
"무료배송 우리차 오미자차, 17g, 50개입, 1개 할인24%12,280원 9,280원 (10g당 109원) 2/11(수) 도착 예정 4.5 (1558) 최대 464원 적립",,,,,
"메가도스 비타민C 3000mg, 180g, 2개 쿠폰할인6%31,080원 29,080원 (10g당 808원) 내일(일) 도착 보장 5 (51450) 최대 1,454원 적립",,,,,
"순창궁 100% 우리햅쌀 태양초 고추장, 170g, 2개 3,450원 (100g당 1,015원) 내일(일) 도착 보장 4.5 (12405) 최대 173원 적립",,,,,
논알콜 음료 골라담기 6종 (택1),,,,,
[와인앤모어픽업]텍스트북 나파 까베르네 소비뇽 ((와인)),,,,,
"서울우유 생크림, 500ml, 2팩 10,760원 (10ml당 108원) 내일(일) 새벽 도착 보장 5 (88875) 최대 538원 적립",,,,,
[선물세트][포미] 이탈리아 파스타&소스 기획세트  (구성품:5개입/3종),,,,,
[Kim's butcher] 호주산 소고기 앞다리 국거리 300g,,,,,
[온하루] 들깨 묵은지 지짐,,,,,
[서울쿠키컴퍼니] 사르르 버터쿠키 세트 (10g X 12개),,,,,
[애슐리] 치즈 포테이토 딥디쉬 피자,,,,,
[비비고] 한우 사골곰탕 500g,,,,,
"딜라잇가든 국산 딸기 (냉동), 1kg, 2개 16,300원 (100g당 815원) 내일(일) 새벽 도착 보장 4.5 (28824) 최대 815원 적립",,,,,
"발룬피니 넘침방지 강화유리 뚜껑, 16cm, 1개 59%7,400원 2,970원 (1개당 2,970원) 내일(월) 도착 보장 새 상품, 반품 (2) 4.5 (1511) 최대 149원 적립",,,,,
[트리투바] 살라미 초콜릿 3종 (택1),,,,,
[슈퍼키친] 옛날카레,,,,,
"크라운 화이트하임 284g + 쵸코하임 284g, 1세트 8,150원 내일(일) 도착 보장 5 (1307) 최대 408원 적립",,,,,
무인산염 프리미엄 손질 생새우살 200g(냉동)(31/50사이즈),,,,,
[김정환홍삼] 홍삼쌍화 100포,,,,,
"곰곰 국내산 근위, 500g, 1개 3,850원 (100g당 770원) 내일(일) 새벽 도착 보장 5 (3811) 최대 193원 적립",,,,,
[선물세트] 태우한우 1+ 등심&안심&채끝&차돌박이 세트 (냉장) (예약일 수령),,,,,
[베베스트] 처음먹는 칼슘츄러스 3종,,,,,
[Kurly's] 유기농 동물복지 유정란 10구,,,,,
[긴죠] 오이시이 스틱양갱 2종 (택1),,,,,
"무료배송 해통령 육수한알 진한맛 4g [50개], 50개 11,900원 (100g당 5,950원) 2/11(수) 도착 예정 5 (6525) 최대 595원 적립",,,,,
"비비드키친 저당 오리엔탈 드레싱, 210g, 1개 3,850원 (100g당 1,833원) 내일(일) 새벽 도착 보장 5 (10214) 최대 193원 적립",,,,,
"필리핀산 오크라 200g, 1개입, 1팩 5,500원 (100g당 2,750원) 내일(일) 새벽 도착 보장 4.5 (891) 최대 275원 적립",,,,,
[알라] 크림치즈 150g 2종,,,,,
[한국생활건강연구소] PM 에너지 (30일분),,,,,
"블랙홀 타이벡 재배 12brix 감귤, 1박스, 2.5kg(로열과) 25,270원 (100g당 1,011원) 내일(일) 새벽 도착 보장 4.5 (1619) 최대 1,264원 적립",,,,,
[이너비] 글루타치온 골드 30매,,,,,
[올면] 속초식 명태 회냉면 2인분,,,,,
"무료배송 [환불보장] 제주도 레드향 고당도 15브릭스, 1박스, 3kg (대과) 쿠폰할인58%50,000원 20,900원 (100g당 697원) 2/12(목) 도착 예정 4.5 (172) 최대 1,045원 적립",,,,,
[프로마제 다피누아] 트리플 크림 엑설런스 185g,,,,,
"마니커 1등급 두마리 영계 6호 (냉장), 500g, 2개입 10,750원 (100g당 1,075원) 내일(일) 새벽 도착 보장 4.5 (29886) 최대 538원 적립",,,,,
[이연복의 목란] 백짬뽕 2인분,,,,,
"무료배송 [단독특가] 대형마트납품 상주곶감 실속형, 1박스, 500g 쿠폰할인62%31,900원 11,880원 (100g당 2,376원) 2/11(수) 도착 예정 4.5 (42) 최대 594원 적립",,,,,
"비비드키친 저칼로리 치킨양념소스, 320g, 2개 26%8,200원 6,000원 (100g당 938원) 내일(일) 도착 보장 5 (5176) 최대 300원 적립",,,,,
[CU 픽업] 햐쿠모쿠 Alt.3,,,,,
[마이셰프] 감바스알아히요 & 파스타 (리뉴얼),,,,,
[퍼니트] 매실효소 30포,,,,,
[CU 픽업] 코스켄코르바사우나,,,,,
[26년 설] [CU 픽업] 듀어스12년잔기획,,,,,
[청정원] 참나무로 훈연한 그릴바베큐 소시지 600g,,,,,
[메이플조] 포션 메이플시럽 120g (20g x 6개입),,,,,
"가리비 관자살 (냉동), 500g, 1개 12,550원 (100g당 2,510원) 내일(일) 새벽 도착 보장 4.5 (2714) 최대 628원 적립",,,,,
[CU 픽업] 데이비스프렌치오크,,,,,
"크라운 콘칲-, 70g, 16개 할인45%27,000원 14,650원 (10g당 131원) 내일(일) 도착 보장 5 (38793) 최대 733원 적립",,,,,
[다시다] 프리미엄 골드 숙성한우 60g,,,,,
[큰행복] 제주 단호박 설기 2종 (90g X 5개) (택1),,,,,
[선물특가] 횡성축협한우 1등급 실속세트 1호,,,,,
[조선호텔] 양념 LA갈비 500g,,,,,
친환경 베이비케일&베이비시금치 100g,,,,,
당도선별 레드향 1kg (3~5입),,,,,
[푸디버디] 새콤달콤 미니 아란치니 토마토,,,,,
"농심 메론킥, 60g, 4개 4,400원 (10g당 183원) 내일(일) 도착 보장 5 (6659) 최대 220원 적립",,,,,
[슈퍼키친] 매콤 고등어무조림,,,,,
"무료배송 원더풀 로스티드 & 솔티드 피스타치오, 1개, 1.36kg 41,000원 (100g당 3,015원) 2/24 도착 예정 4 (3) 최대 2,050원 적립",,,,,
"제티 쵸코렛맛 코코아분말, 17g, 50개입, 1개 8,960원 (10g당 105원) 내일(일) 새벽 도착 보장 5 (831) 최대 448원 적립",,,,,
[퀸즈트리] 100% 땅콩버터 500g 2종 (택1),,,,,
[포베라] 베이비 프로바이오틱스 (30일분),,,,,
[이디야] 아메리카노 파우더 스틱 (1g X 30개),,,,,
[오뗄블랙라벨] 제주 돼지 프랑크 360g,,,,,
"마이노멀 알룰로스, 1.2kg, 1개 29%20,000원 14,190원 (100g당 1,183원) 내일(일) 도착 보장 5 (2431) 최대 710원 적립",,,,,
[선물세트] 조우 소한마리탕 & 설렁탕 혼합세트 (5개입),,,,,
"무료배송 백설 포도씨유, 900ml, 2개 할인20%16,500원 13,200원 (100ml당 733원) 2/12(목) 도착 예정 5 (41986) 최대 660원 적립",,,,,
[샘표] 요리 에센스 연두순 830ml,,,,,
[Make You Healthy] 프리미엄 알부민 샷 7병 (+쇼핑백),,,,,
[오설록] 유기농 프리미엄 말차 40g,,,,,
"광식이농장 완숙 토마토, 1kg, 1팩 5,480원 (100g당 548원) 내일(일) 새벽 도착 보장 4.5 (99663) 최대 274원 적립",,,,,
[청정원] 동물복지 청정 유정란 15구,,,,,
"무료배송 정읍명품 귀리 2kg 2025년산 잡곡 국산 햇귀리쌀, 1개 할인23%18,630원 14,200원 (100g당 710원) 2/10(화) 도착 예정 4.5 (7945) 최대 710원 적립",,,,,
[칭따오] 논알콜 (330mL X 6캔),,,,,
"밥이다르다백진주쌀 안동농협 2025년산 햅쌀 백진주쌀, 상등급, 10kg, 1개 45,900원 (100g당 459원) 내일(일) 도착 보장 5 (5082) 최대 2,295원 적립",,,,,
[CU 픽업] 아멜리에샤를피노블랑,,,,,
"무료배송 다맘 캘리포니아 햇호두 1/4 1kgx2봉, 1kg, 2개 25%38,900원 28,940원 (100g당 1,447원) 2/10(화) 도착 예정 4.5 (3586) 최대 1,447원 적립",,,,,
[레인저스벨리] 호주산 흑소 MB3+ 다짐육 200g,,,,,
[홀베리] 레몬즙 3입 선물세트 42포,,,,,
[라빈리커픽업] 오리지널 비어 컴퍼니 코스모스 에일 (맥주),,,,,
"농심 안성탕면 125g, 20개 쿠폰할인4%13,870원 13,240원 (1개당 662원) 내일(일) 도착 보장 5 (368428) 최대 662원 적립",,,,,
[자연한알] 채소육수 (코인육수/40정),,,,,
[김구원선생] 국산 유기농 순두부,,,,,
[본정심] 본 홍삼 녹용 품은 무항생제 흑염소진액 80mL 30포,,,,,
"크라운 뽀또 치즈타르트 크래커 샌드, 322g, 2개 6,540원 (10g당 102원) 내일(일) 도착 보장 4.5 (26965) 최대 327원 적립",,,,,
"다향 훈제오리, 200g, 6팩 21,680원 (100g당 1,807원) 내일(일) 새벽 도착 보장 5 (32226) 최대 1,084원 적립",,,,,
"SweetPRUNES 씨를 뺀 건자두, 1개, 907g 36%16,900원 10,700원 (100g당 1,180원) 내일(일) 도착 보장 4.5 (1524) 최대 535원 적립",,,,,
[바라기] 경앤옥 10환 +(보자기포장),,,,,
[청정원]프리미엄굴소스500g,,,,,
"풀무원 깻잎무쌈, 300g, 1개 3,990원 (100g당 1,330원) 내일(일) 새벽 도착 보장 5 (10047) 최대 200원 적립",,,,,
[11시 45분] 고추장비빔밥 비건 곤약김밥 (2개입),,,,,
[비첸향] 크리스피  풀드포크 트위스트 125g(25g*5개입),,,,,
찰수수 500g,,,,,
포항 제철 과메기 6종 (택1),,,,,
인기 냉동 한돈 모아보기 8종 (택1),,,,,
[제주도니] 제주 흑돼지 오겹살(미박) 300g (냉장),,,,,
"양반 100밥 현미밥, 6개, 130g 50%10,980원 5,490원 (100g당 704원) 내일(일) 새벽 도착 보장 새 상품, 반품-미개봉 (2) 최저5,210원 5 (506) 최대 275원 적립",,,,,
[앤쿡] 어린이 순살 연어 큐브 100g*3팩 (냉동),,,,,
"[전통주] 신년 붉은말 에디션 토끼소주 화이트 (23도, 375mL)",,,,,
[농협] 제대로 만든 국산 자른당면 300g,,,,,
[타케다] 일본 센베 2종 (택1),,,,,
[잔다리마을] 콩단백 한알,,,,,
"다르다 씨네마 카라멜맛 팝콘, 280g, 2개 9,000원 (10g당 161원) 내일(일) 도착 보장 5 (10249) 최대 405원 적립",,,,,
"[전통주] 복분자음 (12도, 375mL)",,,,,
[CU 픽업] 고세-그랑 밀레짐,,,,,
[선물세트] 한국맥꾸룸 맥 알뜰 2호,,,,,
"청해명가 품질 인증 새미네부엌 아몬드 호두 멸치볶음 (냉동), 1개, 220g 할인10%7,770원 6,980원 (10g당 317원) 내일(일) 새벽 도착 보장 5 (621) 최대 349원 적립",,,,,
"무료배송 [포항직송] 해썹인증 포항 특품 구룡포 햇 과메기 야채세트, 1개, 10미20쪽+야채세트 할인37%44,750원 27,800원 2/10(화) 도착 예정 4.5 (1395) 최대 1,390원 적립",,,,,
[허니비 서울] 햄치즈 크루아상 (105g X 2개),,,,,
[교토퍼펙트말차] 마들렌 세트(4개입),,,,,
"컬트커피랩 데이나잇 디카페인 콜롬비아 수프리모 슈가케인 싱글 원두, 홀빈(분쇄안함), 200g, 1개 할인11%11,990원 10,560원 (10g당 528원) 내일(일) 도착 보장 4.5 (1084) 최대 528원 적립",,,,,
"무료배송 서래푸드 마카다미아 1kg 말라위 25년산, 1개 24,910원 (100g당 2,491원) 2/12(목) 도착 예정 4.5 (517) 최대 1,245원 적립",,,,,
[피스피스] 블루베리파이 143g,,,,,
"무료배송 훈이네농장 제주 햇 노지감귤 귤, 1박스, 07.감귤 10kg 프리미엄과(S과) 17%35,000원 28,800원 (100g당 288원) 2/10(화) 도착 예정 4 (11589) 최대 1,440원 적립",,,,,
프리세 100g,,,,,
[경주천년한우] 1++ 한우 제비추리 구이용 200g (냉장),,,,,
[선물세트] 호두 곶감 세트 30입,,,,,
약콩 2종,,,,,
"리챔 오리지널, 200g, 2개 5,700원 (10g당 143원) 내일(일) 도착 보장 5 (94419) 최대 285원 적립",,,,,
"[선물세트][전통주] 금산인삼주 금설 2호 잔 2개입 세트 (15.9도, 375mL)",,,,,
[26년 설] [CU 픽업] 더글렌리벳12년700,,,,,
담아 본 윈터프린스 2.5kg,,,,,
"몽쉘 생크림케이크 카카오, 408g, 1개 쿠폰할인6%5,300원 4,980원 (10g당 122원) 내일(일) 도착 보장 5 (34902) 최대 249원 적립",,,,,
[자연실록] 무항생제 닭안심 다짐육 300g (냉장),,,,,
"알티스트 한잔에 당분이 단 1g 핫초코분말, 15g, 10개입, 1개 5,850원 (10g당 390원) 내일(일) 도착 보장 4.5 (6260) 최대 293원 적립",,,,,
"무료배송 제주 구좌 국내산 햇 흙당근, 10kg(중), 1개 할인57%34,350원 14,630원 (100g당 146원) 2/11(수) 도착 예정 4.5 (17153) 최대 724원 적립",,,,,
"해저식품 광천해저 뿌려먹는 김가루, 3개, 70g 11,060원 (10g당 527원) 내일(일) 새벽 도착 보장 5 (6917) 최대 553원 적립",,,,,
[하림The미식] 김치콩나물국 350g,,,,,
[CU 픽업] 투핸즈엔젤스쉐어,,,,,
[우리농] 유기농 황금 매실 엑기스 (광양매실) 380mL,,,,,
"농심 육개장 사발면 86g, 12개 10,870원 (1개당 906원) 내일(일) 새벽 도착 보장 5 (28568) 최대 544원 적립",,,,,
[닥터넛츠] 국산 밤 양갱 (40g X 5개),,,,,
"[레드텅 픽업] 몰리두커, 카니발 오브 러브 2021 750ml (와인)",,,,,
[올가] 우리콩 전통된장 500g,,,,,
"오뚜기 토마토 케챂, 1kg, 1개 4,360원 (100g당 436원) 내일(일) 새벽 도착 보장 5 (262) 최대 218원 적립",,,,,
[빕스] 바베큐 폭립 오리지날 450g,,,,,
[쉐푸드] 갈릭베이컨마요 김밥,,,,,
[26년 설] [CU 픽업] 전주이강주SET,,,,,
"웅진빅토리아 더 빅토리아 플레인 탄산수 에코 무라벨, 350ml, 20개 쿠폰할인9%10,980원 9,980원 (100ml당 143원) 내일(일) 도착 보장 5 (18315) 최대 471원 적립",,,,,
[슈퍼키친] 소고기나물비빔밥(2인/재료),,,,,
"서울우유 초콜릿, 300ml, 8개 11,720원 (100ml당 488원) 내일(일) 새벽 도착 보장 5 (4286) 최대 586원 적립",,,,,
[우정욱의 수퍼판] 한우양지무국&백명란찌개,,,,,
[쟌슨빌] 부대찌개,,,,,
"농심 감자면 117g, 5개 26%7,300원 5,340원 (1개당 1,068원) 내일(일) 도착 보장 5 (26068) 최대 267원 적립",,,,,
[CU 픽업] 예거마이스터700ml,,,,,
[빙그레] 메로나 (75mL X 8개),,,,,
[네스프레소] 파리 에스프레소 커피 캡슐 10개입(40mL),,,,,
"바프 넛츠앤스낵스 오리지널 믹스넛, 190g, 1개 13%7,900원 6,860원 (100g당 3,611원) 내일(일) 새벽 도착 보장 5 (256) 최대 343원 적립",,,,,
[이야이야앤프렌즈] 엑스트라 버진 올리브유 레몬향 200mL,,,,,
[CU 픽업] 사쿠라준마이 720ml,,,,,
"천수만 삼광미 백미 특등급, 10kg, 1개, 특 33,900원 (100g당 339원) 내일(일) 도착 보장 4.5 (452) 최대 1,695원 적립",,,,,
[전통주] 경탁주 12도 (500mL*2),,,,,
"크럼 소프트 프랑스 (냉동), 50g, 10개입, 1개 6,600원 (10g당 132원) 내일(일) 새벽 도착 보장 5 (3654) 최대 330원 적립",,,,,
"푸드니스타 씨드믹스, 1kg, 1개 9,500원 (100g당 950원) 내일(일) 도착 보장 4.5 (487) 최대 475원 적립",,,,,
[주전부리마켓] 삼천포전통 명엽채 160g,,,,,
[CU 픽업] 투핸즈섹시비스트,,,,,
"청정원순창 양념쌈장, 190g, 2개 쿠폰할인12%4,040원 3,520원 (100g당 926원) 내일(일) 도착 보장 5 (2363) 최대 176원 적립",,,,,
[선물세트] 디어패밀리 프로폴리스 리퀴드,,,,,
"국내산 꿀고구마, 1.2kg, 1봉 6,890원 (100g당 574원) 내일(일) 새벽 도착 보장 4.5 (1025) 최대 345원 적립",,,,,
[라빈리커픽업][뱅베 내추럴특가] 다르히보 크로즈 에르미따쥬 블랑 20 (와인),,,,,
무항생제 한돈 대패 목살 600g,,,,,
"곰곰 유기농 다진 브로콜리 (냉동), 90g, 1팩 2,540원 (100g당 2,822원) 내일(일) 새벽 도착 보장 5 (680) 최대 127원 적립",,,,,
"어메이징오트 오트밀 오리지널, 1개, 900g 9,900원 (100g당 1,100원) 내일(일) 도착 보장 새 상품, 반품-미개봉 (6) 최저7,920원 5 (657) 최대 495원 적립",,,,,
[던킨] 아메리카노 (400mL X 6병),,,,,
"[오므토토마토] 레드커리 오므라이스 2종 (시그니처, 그릴드 단호박) (택1)",,,,,
[잇더핏] 잇더핏 단백질쉐이크 스타터패키지(5입),,,,,
"간편한 셀러리 스틱, 150g, 1개 1,420원 (100g당 947원) 내일(일) 새벽 도착 보장 4.5 (17373) 최대 71원 적립",,,,,
[진가네반찬] 마늘쫑건새우볶음,,,,,
[자임] ABC NFC 착즙주스,,,,,
[남양] 백미당 모나카 3종 (140mL X 3개) (택1),,,,,
[KF365] 1+ 한우 등심/안심/채끝 골라담기 3종,,,,,
[구르메] 에담 슬라이스 150g,,,,,
[이연복의 목란] 프리미엄 멘보샤 (리뉴얼),,,,,
[HBAF] 김맛 아몬드 190g,,,,,
"고기듬뿍 양념 닭갈비, 1개, 800g 8,900원 (100g당 1,113원) 내일(일) 새벽 도착 보장 4.5 (216) 최대 445원 적립",,,,,
"포카리스웨트 분말, 65.6g, 5개 쿠폰할인42%10,000원 5,750원 (100g당 1,753원) 내일(일) 도착 보장 새 상품, 반품-미개봉 (23) 최저5,320원 5 (29801) 최대 288원 적립",,,,,
[더건강한] 꼬마비엔나 200gx2입,,,,,
[소부당] 카스테라 생크림 치즈떡 (40g X 10개),,,,,
"디벨라 new 스파게티니, 500g, 3개 5,080원 (100g당 339원) 내일(일) 도착 보장 5 (249) 최대 254원 적립",,,,,
"삼립 또띠아 8호 (냉동), 42g, 1개, 12개입 3,720원 (10g당 74원) 내일(일) 새벽 도착 보장 5 (844) 최대 186원 적립",,,,,
[매일] 어메이징 오트 바리스타(무민) 950mL,,,,,
가바(GABA) 스테비아 대추방울토마토 500g,,,,,
[Chai797] 샤오롱바오,,,,,
[허니비 서울] 올리브 페스츄리 (55g X 2개),,,,,
"무료배송 아임요 피스타치오 파우더, 1개, 1개입, 1kg 24%18,000원 13,600원 (10g당 136원) 2/11(수) 도착 예정 4.5 (90) 최대 680원 적립",,,,,
[시티델리] 간편 파스타&리조또 3종 (택1),,,,,
[화과방] 더 담아 나눔 선물세트 640g,,,,,
"삼양라면 매운맛 120g, 5개 3,680원 (1개당 736원) 내일(일) 도착 보장 4.5 (31887) 최대 184원 적립",,,,,
[선물세트] 겐츠베이커리 쌀카스테라,,,,,
"무료배송 2025년 시베리아 유기농 잣 수입잣 백잣, 1개, 500g 31,180원 (100g당 6,236원) 3/4 도착 예정 4 (100) 최대 1,559원 적립",,,,,
[선물세트] 청도 반건시 24입 1.68kg,,,,,
"오뚜기 카레 과립형 약간매운맛, 100g, 3개 32%7,140원 4,850원 (100g당 1,617원) 내일(일) 새벽 도착 보장 5 (8232) 최대 243원 적립",,,,,
[자연담은] 저당 오색오미 혼합곡 1kg,,,,,
"무료배송 상주곶감 20과 선물세트, 1개, 1.2kg(반건시/대과 20개입) 할인33%29,900원 19,800원 2/10(화) 도착 예정 5 (31) 최대 990원 적립",,,,,
"사조 참치액, 2.1kg, 1개 36%18,500원 11,750원 (10ml당 65원) 내일(일) 도착 보장 5 (155578) 최대 588원 적립",,,,,
[은하수산] 숙성 광어회 200g,,,,,
"하인즈 유기농 토마토 케찹, 397g, 1개 6,380원 (100g당 1,607원) 내일(일) 도착 보장 5 (9646) 최대 319원 적립",,,,,
"무료배송 베트남 THD 반건조 건망고 말린망고, 10개, 100g 20,980원 (100g당 2,098원) 2/20 도착 예정 4.5 (35) 최대 1,049원 적립",,,,,
"한강식품 IQF 무항생제 닭안심 (냉동), 1kg, 2개 15,500원 (100g당 775원) 내일(일) 새벽 도착 보장 5 (12109) 최대 775원 적립",,,,,
[Kurly's] 알싸한 갓김치,,,,,
[속초해품] 청어알젓,,,,,
[올가] 슬림누룽지칩 2종 (곤약/흑임자현미) (택 1),,,,,
[스폰서] 엑티베이터 100 (4일분),,,,,
[매일] 바이오 파우치 그릭요거트 to-go 2종 (120g X 3개) (택1),,,,,
[선물세트] 군산 이성당 군산달,,,,,
[일가집] 쫄깃 치자 단무지 200g,,,,,
[일동후디스] 아이얌 유기농 쌀과자 떡뻥 3종,,,,,
[대상웰라이프] 뉴케어 올프로틴 초코맛 245ml (24일분),,,,,
"무료배송 해피넛 바닐라향 마카다미아, 225g, 3개 할인27%39,000원 28,130원 (100g당 4,167원) 2/11(수) 도착 예정 5 (914) 최대 1,406원 적립",,,,,
"오뚜기 스위트콘 통조림, 340g, 3개 9%6,840원 6,180원 (10g당 61원) 내일(일) 새벽 도착 보장 5 (1935) 최대 309원 적립",,,,,
[선물세트][프레지덩] 치즈 버터 기프트 박스,,,,,
"미소한입 모듬견과믹스넛, 1kg, 1개 15,900원 (100g당 1,590원) 내일(일) 도착 보장 4.5 (5234) 최대 795원 적립",,,,,
[횡성축협한우] 1+ 한우 국거리용 200g (냉장),,,,,
[우리밀] 현미로 구워낸 체다치즈 크리스피롤,,,,,
[반찬단지] 한끼 스틱 젓갈 3종 (택1),,,,,
"무료배송 테일러푸룬 공식 유기농 푸룬 건자두 30g x 10봉, 10개 15,000원 (100g당 5,000원) 2/11(수) 도착 예정 4.5 (10369) 최대 750원 적립",,,,,
"무료배송 25년산 햅쌀 당일도정 상등급 농협 유기농 농부와우렁이 친환경 이유식쌀, 1, 유기농 쌀 10kg 15%50,900원 42,900원 (100g당 429원) 2/10(화) 도착 예정 5 (1750) 최대 2,145원 적립",,,,,
[하인즈] 버거소스 418g,,,,,
[이상복명과] 경주빵 (38g X 10개),,,,,
"폰타나 발사믹 글레이즈, 250ml, 1개 35%12,400원 7,980원 (10ml당 319원) 내일(일) 새벽 도착 보장 5 (11673) 최대 399원 적립",,,,,
[알랭밀리아] 살구잼 300g,,,,,
[모모스커피] 부산 블렌드 원두 2종 (택1),,,,,
"넛츠팜 크랜베리 믹스넛, 1kg, 1개 14%14,900원 12,700원 (100g당 1,270원) 내일(일) 도착 보장 4.5 (7270) 최대 635원 적립",,,,,
[만전김] 슈퍼초이스 전장김 20g X 3봉,,,,,
[칙뽈로] 순살 찜닭 600g,,,,,
"곰곰 호주산 소고기 안창살 구이용 (냉장), 300g, 1개 16%16,790원 14,010원 (100g당 4,670원) 내일(일) 새벽 도착 보장 4.5 (16155) 최대 700원 적립",,,,,
"World Besan Chickpea flour Gram flour 병아리콩 가루, 1kg, 1개 25%9,200원 6,900원 (100g당 690원) 내일(일) 도착 보장 4.5 (100) 최대 345원 적립",,,,,
"착한떡 우유백설기 (냉동), 45g, 20개입, 1개 10,900원 (10g당 121원) 내일(일) 새벽 도착 보장 4.5 (4602) 최대 545원 적립",,,,,
[Kurly's] 시원한 배추김치 1.5kg,,,,,
[세노비스] 트리플러스 오메가3 이뮨 맨 (40일분),,,,,
"츄파춥스 사워 바이츠 10개입, 242g, 1개 5,000원 (10g당 207원) 내일(일) 도착 보장 5 (4114) 최대 250원 적립",,,,,
[빙그레] 더단백 드링크 다크초코 단백질 35g 12팩,,,,,
늙은 호박 1통,,,,,
"농심 신라면 120g, 5개 4,150원 (1개당 830원) 내일(일) 도착 보장 새 상품, 반품-미개봉 (62) 최저3,370원 5 (763376) 최대 208원 적립",,,,,
"코카콜라 오리지널, 190ml, 60개 30,800원 (100ml당 270원) 내일(일) 도착 보장 5 (230979) 최대 1,540원 적립",,,,,
"샘표 양조간장 701, 500ml, 1개 17%6,460원 5,310원 (100ml당 1,062원) 내일(일) 도착 보장 5 (33497) 최대 265원 적립",,,,,
[빙그레] 비바시티 애사비 톡톡 30포,,,,,
[라빈리커픽업][뱅베 내추럴특가] 얀 뒤리유 럽 앤 핍 21 (와인),,,,,
[오리온] 고래밥 20g x 10입,,,,,
[진가네반찬] 열무물김치 1kg (대용량),,,,,
[예찬원] 오리지널 한우 분말육수 135g/30포,,,,,
[오뚜기] 옛날국수 중면 2종 (택1),,,,,
[바버] 1833 체다 치즈,,,,,
[네스프레소 버츄오] 디카페인 커피 캡슐(멜로지오 디카페나토) 10개입(230mL),,,,,
"대구곤이 (냉장), 250g, 1개 6,190원 (100g당 2,476원) 내일(일) 새벽 도착 보장 4.5 (4730) 최대 310원 적립",,,,,
[CU 픽업] 보글쇼비뇽블랑,,,,,
[빙그레] 부드러운빵또아 (180mL X 5개),,,,,
[나무사이로] 디카프리오 디카페인 드립백 (10g X 5개),,,,,
"웰링스 두부로 만든 국수과자, 800g, 1개 7,690원 (10g당 96원) 내일(일) 도착 보장 4.5 (1845) 최대 385원 적립",,,,,
[광화문 미진] 메밀국수 (2인분),,,,,
[액트투] 전자렌지용 팝콘 (3개입),,,,,
"종근당 칼슘 앤 마그네슘 비타민D 아연, 180정, 1개 13,650원 (1정당 76원) 내일(일) 도착 보장 5 (167581) 최대 683원 적립",,,,,
[CU 픽업] 아이덴티티아네호,,,,,
[스톡] 웨더스 오리지널 캔디 2종 (택1),,,,,
[후디스] 고단백 그릭요거트 무가당 플레인 400g,,,,,
[그린자이언트] 스위트콘 340g,,,,,
[집반찬연구소] 오이 부추 무침,,,,,
"곰곰 광천 들기름 도시락김, 5g, 20개 12%8,000원 6,990원 (10g당 699원) 내일(일) 도착 보장 5 (17604) 최대 350원 적립",,,,,
[선물세트] 일상味소 스테이크 세트 (냉동),,,,,
[대상웰라이프] 쿨멜팅 리포좀 비타민C (30일분),,,,,
"무료배송 레쓰비 마일드 캔커피, 200ml, 60개 22,440원 (100ml당 187원) 2/11(수) 도착 예정 5 (168331) 최대 1,122원 적립",,,,,
[라이블링] 인앤아웃 2종 (택1)(피치베리/망고오렌지),,,,,
[동원] 딤섬 샤오롱바오 (390gX2개입),,,,,
"테일러 푸룬건자두, 250g, 1개 5,540원 (100g당 2,216원) 내일(일) 도착 보장 4.5 (10954) 최대 277원 적립",,,,,
[롯데웰푸드] 찰떡아이스 (90mL X 6개),,,,,
[라라스윗] 리얼 피스타치오 젤라또바 아이스크림 (70mL X 6개),,,,,
[바다모음] 이유식 재료 해조류 5종 (택1),,,,,
더라이스 골든퀸 10kg,,,,,
"국내산 꿀고구마, 1.5kg, 1박스 8,190원 (100g당 546원) 내일(일) 새벽 도착 보장 4.5 (187773) 최대 410원 적립",,,,,
[진실된손맛] 현미누룽지 삼계탕,,,,,
[샘표] 요리 에센스 연두 3종,,,,,
[유얼거트] 청귤 그릭요거트 130g,,,,,
"무료배송 2025년 통관 미국산 구운땅콩 대용량 부드러운 식감 최상급 견과류, 1kg, 1개, 1개 할인34%16,440원 10,790원 (100g당 1,079원) 2/10(화) 도착 예정 4.5 (6764) 최대 540원 적립",,,,,
"오뚜기 짜슐랭 145g, 10개 7,700원 (1개당 770원) 내일(일) 새벽 도착 보장 5 (8368) 최대 385원 적립",,,,,
"엘그로 씻어나온 신동진 쌀 상등급, 3kg, 1개, 상 13,900원 (100g당 463원) 내일(일) 도착 보장 5 (198) 최대 695원 적립",,,,,
"민들레 뿌리차 티백, 30g, 30개입, 1개 할인31%21,500원 14,770원 (10g당 164원) 내일(일) 도착 보장 5 (2423) 최대 700원 적립",,,,,
"백설 콩기름, 500ml, 1개 3,500원 (100ml당 700원) 내일(일) 도착 보장 5 (55304) 최대 175원 적립",,,,,
[서울우유] 국산 유크림 100% 무염 버터 450g,,,,,
[그리팅] 헬시에이징 마인드 식단 도시락 5종 (택1),,,,,
[CU 픽업] 티스팟블랑,,,,,
[김재식헬스푸드] 저온착즙 100% 진짜양배추즙 100ml 30팩,,,,,
"무료배송 덴마크 대니쉬 오리지널 멸균우유, 200ml, 24개 9%19,400원 17,500원 (100ml당 365원) 2/10(화) 도착 예정 5 (4951) 최대 875원 적립",,,,,
[라빈리커픽업][뱅베 내추럴특가] 티에리 베클레어 라 베뜨 아 봉 디유 20 (와인),,,,,
[CU 픽업] 쿠로시라나미 720ml,,,,,
"마가렛트 롯데제과 오리지널, 352g, 2개 쿠폰할인21%10,560원 8,300원 (10g당 118원) 내일(일) 새벽 도착 보장 5 (5366) 최대 415원 적립",,,,,
[탄단지] 세끼 뚝딱 도시락 3종 세트 시즌2,,,,,
[전통주] 제주탐라주 (20도 375mL),,,,,
[그녀의빵공장] 라우겐 잠봉뵈르 샌드위치,,,,,
"무료배송 농부의선물 등외등급쌀 20kg(10kgx2), 10kg, 2개, 등 외 5%59,900원 56,900원 (100g당 285원) 2/11(수) 도착 예정 3.5 (706) 최대 2,845원 적립",,,,,
[잇츠베러] 제로슈가 쿠키 3종 (택1),,,,,
"담터 둥굴레차, 1.2g, 100개입, 1개 7,620원 (10g당 635원) 내일(일) 도착 보장 5 (38510) 최대 381원 적립",,,,,
[미자언니네] 서울식 쯔유,,,,,
[올반] 나시고랭 볶음밥 (2개입),,,,,
[아우어베이커리] 올리브 치즈 깜빠뉴 (150g X 2개),,,,,
"해태제과 홈런볼 초코, 46g, 6개 7,050원 (10g당 255원) 내일(일) 도착 보장 5 (134700) 최대 353원 적립",,,,,
[지유가오카] 샬롯 드 쇼콜라 미니 케이크 450g,,,,,
"칠갑농산 우리햇쌀떡, 800g, 1개 5,500원 (100g당 688원) 내일(일) 새벽 도착 보장 5 (1653) 최대 248원 적립",,,,,
"무료배송 [오픈특가]고래거너 국내가공 백진미채, 1개, 1kg 할인7%27,900원 25,900원 (100g당 2,590원) 2/10(화) 도착 예정 4.5 (19) 최대 1,295원 적립",,,,,
[선물세트] 숭의가든 실속 소갈비 세트 1.7kg (냉동),,,,,
[후디스] 유기농 그릭 요거트 2종 (80g X 4개) (택1),,,,,
"복음자리 배를 넣어 부드러운 유자차, 1.03kg, 1개입, 1개 13%12,980원 11,290원 (10g당 110원) 내일(일) 새벽 도착 보장 5 (3104) 최대 565원 적립",,,,,
[바릴라] 이탈리아 파스타소스 3종,,,,,
[창억] 유자 기정떡 (45g X 10개),,,,,
"무료배송 동원참치 라이트 스탠다드, 135g, 4개 11,900원 (10g당 220원) 2/24 도착 예정 5 (122394) 최대 595원 적립",,,,,
[맑은물에] 국산콩 네컵 연두부,,,,,
[파스키에] 팡올레 (35g X 8개입),,,,,
[솔가] 남성용 멀티비타민&미네랄 30정 (30일분),,,,,
[집반찬연구소KIDS] 한우 토마토 소스150g,,,,,
[비비고] 한식간장 김자반 50g X 2봉,,,,,
[티네] 노르웨이 크림치즈 125g 2종 (택1),,,,,
[차일드라이프] 알러케어 (8일분),,,,,
[유토피아] 금게 간장게장 2종 (택1),,,,,
"미닛메이드 조이 사과, 195ml, 32개 9,900원 (100ml당 159원) 내일(일) 도착 보장 5 (1281) 최대 495원 적립",,,,,
[가농바이오] 촉촉하게 구워낸 오메가3 구운란 10구,,,,,
[CU 픽업] 플라티노블루6본입,,,,,
"무료배송 산과들에 24년산 햇 아몬드 하루한줌아몬드, 30개 16,900원 (100g당 2,817원) 2/12(목) 도착 예정 5 (72) 최대 845원 적립",,,,,
[요플레] 짜먹는 키즈 2종 (40g X 12개) (택1),,,,,
[삼진어묵] 깐깐한 떡말이어묵(2개입),,,,,
[CU 픽업] 랄리에 로제,,,,,
[2개 구매 시 20%][풀무원] 철판 바삭 감자채전 300g,,,,,
[진가네반찬] 꽈리고추멸치간장볶음,,,,,
"무료배송 아몬드7 하루웰빙견과 딜리셔스 20g*50봉 견과류, 20g, 50개 할인20%25,000원 19,800원 (100g당 1,980원) 2/10(화) 도착 예정 4.5 (10470) 최대 980원 적립",,,,,
"스프라이트 제로 사이다, 1L, 12개 14,880원 (100ml당 124원) 내일(일) 도착 보장 새 상품, 반품-미개봉 (2) 최저14,130원 5 (7396) 최대 744원 적립",,,,,
[오설록] 그린티 랑드샤 10입,,,,,
[오마뎅] 진짜 쫄깃한 꼬치어묵과 물떡,,,,,
[예찬원] 우거지된장국 5개입 (블럭국),,,,,
[이즈니] AOP 프레시 쿠킹 크림 197g,,,,,
[CU 픽업] 쿠보타 설봉W,,,,,
[CU 픽업] 호메세라부케까바,,,,,
"무료배송 영동곶감 반건시 감사랑 가정용 실속형, 1개, 800g, 20~25과 쿠폰할인41%30,000원 17,600원 (100g당 2,200원) 2/10(화) 도착 예정 4.5 (294) 최대 726원 적립",,,,,
[26년 설] [CU 픽업] 1865헤리티지2본기획,,,,,
"곰곰 대패 우삼겹 (냉동), 500g, 2개 46%31,800원 16,930원 (100g당 1,693원) 내일(일) 새벽 도착 보장 4.5 (35472) 최대 846원 적립",,,,,
[CU 픽업] 내추럴)알루메아샤도네이,,,,,
[쌉 : SAAP] 팟씨유 2인분,,,,,
[하루한킷] 우삼겹 숙주 볶음,,,,,
[그로서리서울] 잘지은 곤약 현미밥 (110g X 5입),,,,,
"해표 포도씨유, 900ml, 2개 60%31,800원 12,510원 (100ml당 695원) 내일(일) 새벽 도착 보장 5 (4876) 최대 625원 적립",,,,,
[참프레] 동물복지 순살킥 레드크런치 340g,,,,,
"곰곰 신선한 동물복지 유정란 30구, 1개 12,890원 (1구당 430원) 내일(일) 새벽 도착 보장 4.5 (19418) 최대 645원 적립",,,,,
[메디프레소] 고소한 티캡슐 2종 (택1)(네스프레소 호환),,,,,
"삼립 시그니처 브라우니 초코쿠키, 14g, 1개, 16개입 5,280원 (10g당 236원) 내일(일) 새벽 도착 보장 5 (730) 최대 264원 적립",,,,,
"대상 순쌀 떡볶이떡, 1kg, 1개 3,630원 (100g당 363원) 내일(일) 새벽 도착 보장 4.5 (20884) 최대 181원 적립",,,,,
"키친아트 웰빙팬, 32cm, 1개 55%59,500원 26,500원 내일(월) 도착 보장 새 상품, 반품 (7) 최저24,110원 4.5 (1257) 최대 1,325원 적립",,,,,
[CU 픽업] 두카아파시멘토,,,,,
[비비드스위트] 저당 라떼 2종 (200mL X 10개입) (택1),,,,,
[친정갈비] 소불고기 덮밥 키트,,,,,
[CU 픽업] 음mmm!리슬링 3입,,,,,
[해찬들] 구수한 가정식집된장 1kg,,,,,
[창억] 창억 모듬 떡케이크 1150g,,,,,
"미원 발효미원, 200g, 1개 5%5,560원 5,230원 (10g당 262원) 내일(일) 새벽 도착 보장 5 (1507) 최대 261원 적립",,,,,
[풀무원] 모짜렐라 치즈볼 360g,,,,,
"이롬 과채습관 그린, 190ml, 16개 9,680원 (100ml당 318원) 내일(일) 도착 보장 5 (4765) 최대 484원 적립",,,,,
[골라담기] 부산어포 인기 간식 안주류 6종 (택2),,,,,
[아르토스베이커리] 통밀 카카오빵 (56g X 2개),,,,,
[코다노] 트리플 슈레드 피자치즈 1kg,,,,,
[풀무원] 리얼과일 골드파인애플&골드키위 저지방 드레싱 525g,,,,,
"한방선생 볶은 우엉차, 200g, 1개입, 1개 8,650원 (10g당 433원) 내일(일) 도착 보장 4.5 (1703) 최대 410원 적립",,,,,
[하림] 닭가슴살 핫도그 450g(90gX5개입),,,,,
[CU 픽업] KGB레몬330ml*6캔,,,,,
[미로식당] 쌀 떡볶이 2봉,,,,,
[노티드] 비타민D꾸미 (30일분),,,,,
유기농 생강 2종,,,,,
"야스티 순 땅콩버터 크런치 100% 무첨가, 1개, 300g 16%11,900원 9,900원 (100g당 3,300원) 내일(일) 도착 보장 새 상품, 반품-미개봉 (23) 최저8,540원 5 (1642) 최대 427원 적립",,,,,
[고래사] 고래바 7종 (2개입) (택1),,,,,
[네이처스웨이] 키즈비타구미 오메가트리오 60구미,,,,,
[Kim'sbutcher] 호주산 곡물 홍두깨 장조림 400g(냉장),,,,,
[선물세트] 주세페 주스티 미니 트리플 세트,,,,,
"샘표 우리콩 요리에센스 연두, 275ml, 1개 33%7,200원 4,800원 (10ml당 175원) 내일(일) 새벽 도착 보장 5 (213) 최대 240원 적립",,,,,
"샘표 진간장 S, 1.7L, 1개 39%7,920원 4,810원 (100ml당 283원) 내일(일) 새벽 도착 보장 5 (2193) 최대 240원 적립",,,,,
[김정환홍삼] 홍삼으로 에너지타임 플러스 (100일분) x 2박스 (+보자기포장&쇼핑백증정),,,,,
"무료배송 셀루코어 C4 오리지널 프리-워크아웃 그린 애플 맛, 1개, 390g 할인10%44,340원 39,900원 (10g당 1,023원) 2/10(화) 도착 예정 5 (1363) 최대 1,995원 적립",,,,,
"소미 스끼야끼 노다래 소스, 500ml, 1개 7,900원 (100ml당 1,580원) 내일(일) 도착 보장 새 상품, 반품-미개봉 (11) 최저6,800원 5 (2574) 최대 395원 적립",,,,,
[CU 픽업] 섀클턴블렌디드,,,,,
[만전김] 김스깡 3번들 (60g x 3묶음),,,,,
[CU 픽업] 뽀므리아파나지누아,,,,,
[봉듀엘] 유기농 스위트콘 150g,,,,,
[우마이봉] 콘포타지맛 (6g X 15개입),,,,,
"굽네 닭가슴살 갈비맛 만두 6개입 (냉동), 180g, 2개 5,020원 (100g당 1,394원) 내일(일) 새벽 도착 보장 5 (2360) 최대 251원 적립",,,,,
[라라스윗] 생요거트 아사이볼 150mL,,,,,
국산 유기농 말린 경조정 (건포도) 150g,,,,,
[FELT] 블렌드 디카페인 드립백 (10g X 6개),,,,,
[친수] 라이스페이퍼 300g 2종,,,,,
[광주 신묘한 곱도리식당] 곱도리탕 (곱창 닭도리탕),,,,,
[CU 픽업] 아이덴티티레포사도,,,,,
[팜송] 스테비아 대추방울토마토 450g,,,,,
"곰곰 해바라기유, 1L, 1개 4,490원 (100ml당 449원) 내일(일) 도착 보장 5 (1632) 최대 225원 적립",,,,,
[올바르고 반듯한] 슈퍼크런치 치킨텐더,,,,,
[CU 픽업] 더 더블 피트 블렌디드 몰트,,,,,
[오리온] 고래밥 & 초코송이 미니 믹스 20 입,,,,,
"해맑은푸드 구운 쥐포채, 200g, 1개 12%7,900원 6,900원 (100g당 3,450원) 내일(일) 도착 보장 4.5 (9615) 최대 345원 적립",,,,,
[커피빈] 콜롬비아 아메리카노 파우더 스틱 2종(택1),,,,,
"일동후디스 고단백 무가당 그릭요거트, 400g, 2개 10,300원 (10g당 129원) 내일(일) 새벽 도착 보장 4.5 (565) 최대 515원 적립",,,,,
"오뚜기 양송이스프, 80g, 3개 쿠폰할인9%5,240원 4,750원 (100g당 1,979원) 내일(일) 도착 보장 5 (9840) 최대 238원 적립",,,,,
"곰곰 단감, 2kg(중과), 1개 7,990원 (100g당 400원) 내일(일) 새벽 도착 보장 4.5 (8525) 최대 400원 적립",,,,,
[하이디라오소스로 만든] 훠궈(백탕) 2~3인분,,,,,
[콜린스 이자카야] 오뎅나베,,,,,
"해마 the푸짐한 가시가 없어 먹기 편한 동태살 전감(냉동), 454g, 1개 9,900원 (100g당 2,181원) 내일(일) 새벽 도착 보장 5 (915) 최대 445원 적립",,,,,
[데체코] 퓨어 올리브 오일 1L,,,,,
[진실된손맛] 양배추케일쌈과 견과강된장,,,,,
"양반 100밥 흑미밥, 130g, 24개 45%33,600원 18,480원 (100g당 592원) 내일(일) 도착 보장 5 (12002) 최대 924원 적립",,,,,
국산 가평 잣 40g,,,,,
"무료배송 새코롬달코롬 제주감귤 10kg 2L..대과. 랜덤발송(포장재무게포함), 1박스 3%14,300원 13,800원 (100g당 138원) 2/24 도착 예정 4 (3853) 최대 690원 적립",,,,,
[리얼닥터] 100억 유산균 (90일분)(쇼핑백 별도 구매),,,,,
"무료배송 2025년 햇 볶음피땅콩 1kg 껍질채볶은 피땅콩, 1개 9,200원 (100g당 920원) 2/10(화) 도착 예정 4.5 (512) 최대 460원 적립",,,,,
"무료배송 푸드팜 아몬드 캘리포니아 햇 볶은아몬드, 1kg, 1개 18,800원 (100g당 1,880원) 2/10(화) 도착 예정 4.5 (33468) 최대 940원 적립",,,,,
[농협] 국산100% 쌀튀김가루 450g,,,,,
[양양수산] 국산 붉은대게살 80g (냉장),,,,,
"곰곰 한알 육수 3g 70입, 210g, 1개 48%18,590원 9,490원 (100g당 4,519원) 내일(일) 도착 보장 5 (59176) 최대 450원 적립",,,,,
"백설 남해굴소스, 500g, 2개 48%16,960원 8,670원 (100g당 867원) 내일(일) 도착 보장 5 (9889) 최대 434원 적립",,,,,
[CU 픽업] 프라팡시가블렌드XO,,,,,
[포스트] 단백질바 미니 231g,,,,,
[한팟] 미나리 듬뿍 얼큰 소고기 샤브샤브,,,,,
씀바귀 100g,,,,,
[상하농원] 인기 젓갈 3종 (택1),,,,,
"순수한집 곤약쫀드기, 375g, 1개 7,820원 (10g당 209원) 내일(일) 도착 보장 4.5 (22097) 최대 391원 적립",,,,,
[소금집] 잠봉 120g (냉장),,,,,
"무료배송 조선은단 구전죽염 결정 (9번 구운 죽염), 1개, 110g 44%68,600원 38,300원 (100g당 34,818원) 2/11(수) 도착 예정 4.5 (82) 최대 1,915원 적립",,,,,
[원에이커팜] 베이비케일 30g,,,,,
무항생제 1등급 한돈 안심 300g (냉장),,,,,
[일동후디스] 아이얌 김과자 참깨 20g,,,,,
"무료배송 1883 헤이즐넛 시럽 1L (1000ml), 1개 17,490원 (100ml당 1,749원) 2/10(화) 도착 예정 5 (44) 최대 875원 적립",,,,,
[팔도] 비빔면 5입,,,,,
[CU 픽업] 설화캔500ml24입,,,,,
"무료배송 하나농수산연합 LA갈비 양념 소갈비 초이스등급 (기름제거), 3개, 500g 할인50%99,900원 49,900원 (100g당 3,327원) 2/10(화) 도착 예정 4.5 (56) 최대 2,495원 적립",,,,,
[목우촌] 주부9단 프랑크 500g,,,,,
[CU 픽업] 알타비스타 싱글빈아드 테미스,,,,,
[오뚜기]컵밥_제육덮밥(즉석국),,,,,
[대상웰라이프] 마이키즈 멀티비타민미네랄 구미 (20일분),,,,,
"참군고구마바, 22g, 1개 1,710원 (10g당 777원) 내일(일) 새벽 도착 보장 4.5 (3116) 최대 85원 적립",,,,,
[선물세트] 브레댄코 브라우니 쿠키 24개 세트,,,,,
[모현상회] 갑오징어 무침 300g (냉장),,,,,
[욱이네] 맑은 소고기 해장국 650g,,,,,
[VIETPURE] NFC 비엣퓨어 100% 노니주스 1L,,,,,
"햇반 발아현미밥, 130g, 12개 11,220원 (100g당 719원) 내일(일) 도착 보장 5 (95502) 최대 561원 적립",,,,,
"햇살담은 씨간장 숙성 양조간장 골드, 1.7L, 1개 쿠폰할인47%17,010원 8,950원 (100ml당 526원) 내일(일) 도착 보장 5 (4815) 최대 395원 적립",,,,,
"25년산햅쌀 삼광미 20kg 상등급 단일품종 정미소김씨(GAP인증시설 도정), 10kg, 1개 25%45,000원 33,700원 (100g당 337원) 내일(일) 도착 보장 4.5 (1892) 최대 1,685원 적립",,,,,
[엘로이] 미국 포션 크림치즈 (28g X 20입),,,,,
"자연다움 쌀눈이 살아있는 국내산 바삭 현미누룽지, 33g, 20개 22%18,000원 13,950원 (100g당 2,114원) 내일(일) 새벽 도착 보장 4.5 (7833) 최대 698원 적립",,,,,
[네스프레소] 리스트레토 디카페나토 커피 캡슐 10개입(25mL or 40mL),,,,,
"다시다 쇠고기 골드 전문식당용, 1개, 1kg 19,080원 (10g당 191원) 내일(일) 새벽 도착 보장 5 (429) 최대 954원 적립",,,,,
[대상웰라이프] 스피드샷 멀티비타민 이뮨 (12일분),,,,,
[CU 픽업] 또스띠모스까토,,,,,
"대구농산 검정영양혼합 6곡, 1kg, 1개 32%8,900원 5,980원 (100g당 598원) 내일(일) 도착 보장 4.5 (6688) 최대 299원 적립",,,,,
"소와나무 비피더스 명장 사과 요구르트, 125ml, 8개입, 3개 6,870원 (10ml당 23원) 내일(일) 새벽 도착 보장 5 (18904) 최대 344원 적립",,,,,
"서울우유 연유, 500g, 1개 5,400원 (100g당 1,080원) 내일(일) 새벽 도착 보장 5 (48533) 최대 270원 적립",,,,,
"청정원 직화짬뽕 분말, 96g, 6개 48%23,940원 12,230원 (100g당 2,123원) 내일(일) 도착 보장 4.5 (7055) 최대 611원 적립",,,,,
"무료배송 삼시세끼 삼광 오분도미 특등급 10kg, 1개 35,500원 (100g당 355원) 2/20 도착 예정 4.5 (1041) 최대 1,775원 적립",,,,,
[더브레드블루] 통밀100 (650g),,,,,
[샘표] 순작 유기농 옥수수수염차 (10g X 30개),,,,,
[발콜라떼] 모짜렐라 로그 400g,,,,,
[제주 성이시돌목장] 젤라또 370mL 3종 (택1),,,,,
[ardo] 냉동그릴채소믹스 450g,,,,,
"고래사어묵 5가지야채 듬뿍 사각어묵, 300g, 2개 5,950원 (100g당 992원) 내일(일) 새벽 도착 보장 5 (9039) 최대 298원 적립",,,,,
[청정원] 리치부어스트 1kg,,,,,
[북촌손만두] 김치굴림만두 500g,,,,,
[자연에찬] 보쌈,,,,,
[아루화 담양한과] 식품명인 유과 3종 (택1),,,,,
[플라하반] 포리지 오트밀 3종 (택1),,,,,
[뉴트리원] 관절연골엔 뮤코다당단백 콘드로이친 1200 (30일분),,,,,
"곰곰 손질된 가리비 관자살 (냉동), 200g, 1개 49%9,990원 5,050원 (100g당 2,525원) 내일(일) 새벽 도착 보장 4.5 (5275) 최대 253원 적립",,,,,
[정관장] 절삼 600g + (쇼핑백증정),,,,,
[올가] 진한 굴소스 230g,,,,,
"국내산 생목이버섯, 200g, 1개 3,390원 (100g당 1,695원) 내일(일) 새벽 도착 보장 5 (24696) 최대 170원 적립",,,,,
[넛츠앤베리스] 크리스피 캐슈넛 350g,,,,,
"무료배송 [김하진 궁중] 우리소 LA갈비 550g x 6팩, 3.3kg, 1세트 15%59,900원 50,910원 (100g당 1,543원) 2/13(금) 도착 예정 3.5 (16) 최대 2,545원 적립",,,,,
[파스퇴르] 무항생제 인증 바른목장 우유 2.3L,,,,,
[커피리브레] 커피 캡슐 10개입 6종(택1)(네스프레소 호환),,,,,
[하늘향기] 통 유자즙 500mL,,,,,
"비비고 순살 가자미구이 (냉장), 2개, 60g 25%11,960원 8,950원 (100g당 7,458원) 내일(일) 새벽 도착 보장 5 (2824) 최대 448원 적립",,,,,
[장인정신에브리데이] 면역플러스 엘더베리 시럽(28일분),,,,,
[햇님마을] 단 한번 짜낸 국산 참기름&들기름 180ml(택1),,,,,
"엉클탁 씻어나온 백미, 4kg, 1통 20,800원 (100g당 520원) 내일(일) 새벽 도착 보장 5 (10371) 최대 1,040원 적립",,,,,
"무료배송 [백화점납품] 16brix 초고당도 고급 사과선물세트, 1박스, 2.5KG 프리미엄 중대과 쿠폰할인54%73,800원 33,850원 (100g당 1,354원) 2/12(목) 도착 예정 5 (30) 최대 1,693원 적립",,,,,
[셀렉스] 프로핏 WPI SPORTS 프로틴 단백질 드링크 코코넛 330mL 12개입,,,,,
뚝딱! 볶음밥용 채소 500g (냉동),,,,,
[네스프레소] 도쿄 룽고 커피 캡슐 10개입(110mL),,,,,
[선진포크한돈] 삼겹살 구이용 400g,,,,,
[고래사] 어묵면 떡볶이,,,,,
"무료배송 천하일미 2025년산 햅쌀, 20kg, 1개, 상등급 7%69,900원 64,900원 (100g당 325원) 2/10(화) 도착 예정 5 (1095) 최대 3,245원 적립",,,,,
"오뚜기 바삭한 찹쌀군만두 (냉동), 1.35kg, 1개 10,770원 (100g당 798원) 내일(일) 새벽 도착 보장 4.5 (14131) 최대 539원 적립",,,,,
[대구 반할만떡] 반야월 할매 만두와 떡볶이,,,,,
[종근당건강] 프로메가 식물성 알티지오메가3 듀얼 (30일분),,,,,
[한둘] 국산 무농약콩으로 만든 손순두부,,,,,
[밀키요]프리미엄 수제 그릭요거트 스트로베리 100g,,,,,
"무료배송 하늘보리 유기농 차, 200ml, 24개 13,010원 (100ml당 271원) 2/11(수) 도착 예정 5 (36412) 최대 650원 적립",,,,,
[귤로장생] 당도선별 천혜향 2kg(7~10입),,,,,
[선물세트] 청도 반건시 24입 + 24입(2set),,,,,
"다시다 프리미엄골드 숙성한우12p, 60g, 1개 3%5,320원 5,160원 (10g당 860원) 내일(일) 도착 보장 5 (6671) 최대 258원 적립",,,,,
[조은보담] 보담 쌍화차 10포 (쇼핑백 별도구매),,,,,
[위니비니] 러브 스위트 오르골 틴 210g,,,,,
[네스프레소] 이스피라치오네 이탈리아나 리반토 커피 캡슐 10개입(40mL),,,,,
"몽쉘 오리지널 생크림 케이크 12p, 408g, 2개 9,320원 (10g당 114원) 내일(일) 새벽 도착 보장 5 (4658) 최대 466원 적립",,,,,
[폰타나] 모데나 발사믹글레이즈,,,,,
전골용 모둠 버섯 500g,,,,,
[마이비밀] 라이킷 식단관리 도시락 8종 (택2),,,,,
[딥블루레이크] 블렌딩 원두 220g 2종(택1),,,,,
"스팸 클래식, 200g, 3개 44%16,480원 9,150원 (10g당 153원) 내일(일) 도착 보장 5 (126685) 최대 458원 적립",,,,,
"무료배송 가시제거연구소 고등어밥상 핑크고등어 800g, 1개 26%35,000원 25,900원 (100g당 3,238원) 2/20 도착 예정 5 (254) 최대 1,295원 적립",,,,,
[다향오리] 훈제오리 슬라이스 (1입/3입),,,,,
[에버비키니] 칼라이트 (30일분),,,,,
[파스키에] 크림브륄레 타르트 (80g X 2개입),,,,,
"오뚜기 우동건더기스프, 250g, 1개 6,070원 (100g당 2,428원) 내일(일) 새벽 도착 보장 5 (5635) 최대 304원 적립",,,,,
[쿰 캐슬] 머추어 체다 치즈 190g,,,,,
"해맑은푸드 동전오족 (냉동), 300g, 1개 8,480원 (100g당 2,827원) 내일(일) 새벽 도착 보장 4.5 (15242) 최대 424원 적립",,,,,
"풀무원 1분즉석국 미역미소된장국, 30g, 1개 10%4,450원 4,000원 (100g당 13,333원) 내일(일) 새벽 도착 보장 5 (518) 최대 200원 적립",,,,,
[바다해] 순살 조미아귀포 200g,,,,,
"무료배송 부산 대저 흑대추방울토마토 블랙토마토 흑토마토 1kg 2kg 3kg, 흑대추방울토마토 1kg 할인22%15,900원 12,280원 2/12(목) 도착 예정 5 (29) 최대 608원 적립",,,,,
"가루박사 보성 말차가루 유기농 100% 지퍼백, 1개, 1개입, 100g 32%17,500원 11,890원 (10g당 1,189원) 내일(일) 도착 보장 4.5 (278) 최대 595원 적립",,,,,
"무료배송 [인포벨]TV홈쇼핑정품 애드크로스 서상인 장인 영광 법성포 숙성 민어 굴비 생선 찜 구이 가정용 밥반찬, 8개, 240g 내외(22~27cm), 39,900원 (100g당 9,975원) 2/12(목) 도착 예정 4 (352) 최대 1,995원 적립",,,,,
[26년 설] [CU 픽업] 바소 선물세트,,,,,
"설성목장 한우 사골 곰탕 스틱 10p, 140g, 1개 6,800원 (10g당 486원) 내일(일) 도착 보장 5 (2174) 최대 340원 적립",,,,,
[쌍계명차] 쌍계 마스터 클래스 8종 선물세트,,,,,
[탄단지] 세끼 뚝딱 도시락 3종 세트,,,,,
[CU 픽업] 오크캐스크말벡,,,,,
"구운김 달콤 쌀과자, 1개, 900g 9,130원 (10g당 101원) 내일(일) 도착 보장 5 (4593) 최대 456원 적립",,,,,
[선물세트] 세계견과 프리미엄 세트 1.7kg (10통),,,,,
[로우슈가랩] 프로틴 단백질 쉐이크 7개입 2종 (+손잡이포장),,,,,
"가농 단백이 오리지널 20개입, 1.28kg, 1개 15,200원 (100g당 1,188원) 내일(일) 새벽 도착 보장 5 (13916) 최대 760원 적립",,,,,
[김구원선생] 국산두부 현미곤약밥 3개입,,,,,
[롯데] 꼬깔콘 고소한맛 67g,,,,,
"이홈베이킹 아몬드 분말, 1kg, 1개 15,400원 (100g당 1,540원) 내일(일) 도착 보장 5 (6339) 최대 770원 적립",,,,,
[상하목장] 유기농 파우치 그릭요거트 2종 (120g X 3개) (택1),,,,,
[배대감] 글루텐프리 타피오카전분 450g,,,,,
[CU 픽업] 하쿠타케시로 720ml,,,,,
"못생겨도 맛있는 새송이버섯, 600g, 1개 3,670원 (100g당 612원) 내일(일) 새벽 도착 보장 5 (15407) 최대 184원 적립",,,,,
[빙그레] 요플레 제로 플립 초코링 120g,,,,,
"해표 포도씨유, 900ml, 2개 60%31,800원 12,510원 (100ml당 695원) 내일(일) 도착 보장 5 (51355) 최대 625원 적립",,,,,
"[레드텅 픽업] 소호, 핑크 쉽 소비뇽 블랑 750ml (와인)",,,,,
[네스프레소] 아르페지오 커피 캡슐 10개입(25mL or 40mL),,,,,
[우사기] 기리모찌 350g,,,,,
[횡성축협한우] 1++ 한우 국거리용  200g (냉장),,,,,
"무료배송 산과들에 더 고소한 미숫가루 스틱 25g, 40개 할인10%13,100원 11,790원 (100g당 1,179원) 2/10(화) 도착 예정 4.5 (1913) 최대 590원 적립",,,,,
[GNC] 우먼스울트라메가 멀티비타민 앤 미네랄 (45일분),,,,,
[더건강한] 샌드위치 햄,,,,,
[리얼닥터] 닥터 픽 생 유산균 (180일분),,,,,
[안국건강] 아이원 더 퍼스트 글라우테인(30일분),,,,,
"시루조아 굳지않는 흰 가래떡 (냉동), 1.4kg, 1개입, 1개 13,200원 (10g당 94원) 내일(일) 새벽 도착 보장 4.5 (2717) 최대 660원 적립",,,,,
[더플랜] 고추채 장아찌,,,,,
"녹차원 국내산 유기농 순수녹차 티백, 1.2g, 25개입, 2개 26%7,000원 5,140원 (10g당 857원) 내일(일) 도착 보장 5 (7612) 최대 257원 적립",,,,,
[콜린스 다이닝] 구운채소 닭가슴살 샐러드,,,,,
[만전김] 무가미 구운 김가루 30g,,,,,
[요미요미] 아기상어 미니팝 3종 (택1),,,,,
[그레인온] 골드파로효소 캡슐레이션 30포,,,,,
[모리나가] 하이츄 스틱 6종 (택1),,,,,
[청정원] 찰진생왕만두피 310g,,,,,
[라빈리커픽업][설 선물] 칸티나 첼라로 미치나 네렐로 마스칼레제 (와인),,,,,
[브로드카세] 든든 치즈 치아바타 2종 (택1),,,,,
"올가홀푸드 밀가루 ZERO 순어묵 네모, 195g, 1개 5,500원 (100g당 2,821원) 내일(일) 새벽 도착 보장 4.5 (1197) 최대 275원 적립",,,,,
[대익차] 보이차 소금전 (5g X 28개),,,,,
[선물세트]18brix이상 고당도 상주 샤인머스캣 세트 2.4kg(3입),,,,,
"오타후쿠 아지타이쇼 미림, 1L, 1개 7,050원 (10ml당 71원) 내일(일) 도착 보장 5 (601) 최대 353원 적립",,,,,
[사조대림] 한돈그릴비엔나 700g(350g*2),,,,,
[온하루] 한돈 되비지찌개,,,,,
[팜송] 포항초 시금치 250g,,,,,
"무료배송 동원 양반 구운김밥김, 4개, 22g 12,250원 (10g당 1,392원) 2/13(금) 도착 예정 4.5 (773) 최대 613원 적립",,,,,
[자임] 하루하나 유기농 레몬생강즙 14포,,,,,
[농심] 육개장 사발면 6입,,,,,
달구지막창 5종 (택1),,,,,
"챠챠 해바라기씨 양념맛, 228g, 3개 8,610원 (100g당 1,259원) 내일(일) 새벽 도착 보장 5 (421) 최대 430원 적립",,,,,
[맛꾼푸드] 아이스 엿구마 120g X 3입,,,,,
[맥심] 아이스믹스 3종 (택1),,,,,
"프렌치카페 아라비카 골드라벨 카페믹스, 10.7g, 200개입, 1개 30,400원 (10g당 142원) 내일(일) 도착 보장 4.5 (21344) 최대 1,520원 적립",,,,,
[존쿡 델리미트] 고소한 들기름 비엔나 소시지 255g,,,,,
[세이키] 일본 찹쌀떡 모찌 3종 (택1),,,,,
[만선] 손질 우럭 300g (생물),,,,,
"[진도농장] 농약검사 중금속검사 섞지않은 강황가루 100%, 1개, 150g 할인55%35,900원 15,900원 (10g당 1,060원) 내일(일) 도착 보장 5 (96) 최대 795원 적립",,,,,
"티칸네 루이보스 카라멜, 1.75g, 20개입, 1개 7,230원 (10g당 2,066원) 내일(일) 새벽 도착 보장 5 (172) 최대 361원 적립",,,,,
[티젠] 콤부차 파인애플 50개입,,,,,
"무료배송 [입점특가] 명가삼대떡집 국내산 쌀로 빚은 오색 빛깔 꽃 떡국떡, 1개, 700g 할인50%19,900원 9,900원 (100g당 1,414원) 2/14 도착 예정 4.5 (432) 최대 495원 적립",,,,,
[골든드롭] 유기농 메이플시럽 250ml,,,,,
[연경당] 참깨 강정 160g,,,,,
"비비고 도톰 해물완자 (냉동), 340g, 1개 40%9,980원 5,980원 (100g당 1,759원) 내일(일) 새벽 도착 보장 5 (13135) 최대 299원 적립",,,,,
"탐라황감 당도선별 10brix 하우스감귤, 2kg(대과), 1개 17,080원 (100g당 854원) 내일(일) 새벽 도착 보장 4.5 (75666) 최대 854원 적립",,,,,
[우드앤브릭] 감자 치아바타 150g,,,,,
[CU 픽업] 까레크리안자,,,,,
[Kurly's] 동물복지 닭 다리 (북채) 500g,,,,,
"풀무원 우리아이 토마토김치, 300g, 1개 4,310원 (100g당 1,437원) 내일(일) 새벽 도착 보장 5 (8230) 최대 215원 적립",,,,,
"오리온 다이제볼 미니팩, 23.4g, 18개 9,270원 (10g당 220원) 내일(일) 도착 보장 5 (7662) 최대 464원 적립",,,,,
"풀무원다논 액티비아 스무디 딸기바나나, 150ml, 4개입, 1개 22%4,480원 3,480원 (10ml당 58원) 내일(일) 새벽 도착 보장 5 (4226) 최대 174원 적립",,,,,
"곰곰 국내산 고춧가루, 250g, 1개 22%14,000원 10,850원 (100g당 4,340원) 내일(일) 도착 보장 4.5 (30562) 최대 543원 적립",,,,,
[풀무원] 통밀 또띠아 6인치(6입),,,,,
무농약 고구마로 만든 군고구마 말랭이 150g,,,,,
[미트엔조이] 호주산 안창/토시살 반반팩,,,,,
"청정원 구운 김밥김, 20g, 1개 10%3,980원 3,570원 (10g당 1,785원) 내일(일) 새벽 도착 보장 4.5 (5245) 최대 179원 적립",,,,,
[주전부리마켓] 내맘속에 담백한 오다리 140g,,,,,
[오쏘몰X테일러메이드] 바이탈 F(7일분)+골프공4개입 세트(+쇼핑백증정),,,,,
"친환경 꽈리고추, 100g, 1개 3,790원 (100g당 3,790원) 내일(일) 새벽 도착 보장 4.5 (2753) 최대 190원 적립",,,,,
[몬트락] 무항생제 제주 목살 구이용 400g (냉장),,,,,
"푸드니스타 씨드믹스, 500g, 1개 5,900원 (100g당 1,180원) 내일(일) 도착 보장 4.5 (487) 최대 295원 적립",,,,,
[예맛] 잘게 자른 대용량 김가루 200g,,,,,
"자연은 프리미엄 음료세트, 180ml, 1세트 8,500원 (100ml당 4,722원) 내일(일) 도착 보장 새 상품, 반품-미개봉 (4) 최저8,070원 5 (10669) 최대 425원 적립",,,,,
[야미얼스] 유기농 과일 드로프스 2종,,,,,
"가농 단백이 오리지널 10개입, 640g, 1개 8,990원 (100g당 1,405원) 내일(일) 새벽 도착 보장 5 (13916) 최대 450원 적립",,,,,
"프레샤인 농가돕기 우박맞은 보조개 사과, 2kg, 1봉 13,830원 (100g당 692원) 내일(일) 새벽 도착 보장 4.5 (5826) 최대 691원 적립",,,,,
[CU 픽업] 파고아일센다드레네19,,,,,
[쿠퍼스] 깨곰 10개입,,,,,
[종근당건강] 홍삼녹용환 골드,,,,,
"무료배송 최상급 산지직송 설향딸기, 1개, 700g, 중(20~35구) 할인51%34,900원 16,820원 (100g당 2,403원) 모레(월) 도착 예정 4 (6891) 최대 841원 적립",,,,,
"풀무원 다진마늘, 150g, 1개 6,480원 (10g당 432원) 내일(일) 새벽 도착 보장 5 (15854) 최대 324원 적립",,,,,
[삼립] 밀크 후레쉬팡 (140g X 4개입),,,,,
[26년 설] [CU 픽업] 시바스리갈12년500,,,,,
[마이노멀] 알룰로스 500g,,,,,
[투다리] 오리지널 알탕,,,,,
"무료배송 로마나 황금 고구마칩, 320g, 2개 9,880원 (10g당 154원) 2/11(수) 도착 예정 4.5 (5432) 최대 494원 적립",,,,,
[픽앤피크] 테디의 달콤한 하루 525g,,,,,
[6다이닝] 이베리코 베요타 악어살 구이용 250g,,,,,
[선물세트] 강릉상회 멸치새우 특 혼합세트,,,,,
"곰곰 한돈 뒷다리살 다짐육 (냉장), 600g, 1개 7,390원 (100g당 1,232원) 내일(일) 새벽 도착 보장 5 (58709) 최대 370원 적립",,,,,
"무료배송 동원샘물 무라벨, 2L, 36개 29,900원 (100ml당 42원) 2/12(목) 도착 예정 5 (160875) 최대 1,495원 적립",,,,,
"무료배송 [타임특가] 당도압축 제주도 레드향 특품중과, 1개, 3kg 쿠폰할인62%60,000원 22,400원 (100g당 747원) 2/12(목) 도착 예정 4.5 (106) 최대 1,120원 적립",,,,,
"무료배송 샘표 진간장 금F3, 500ml, 1개 할인29%5,490원 3,890원 (100ml당 778원) 2/10(화) 도착 예정 5 (84578) 최대 195원 적립",,,,,
"[레드텅 픽업] 피오 체사레, 바르바레스코 일 브리꼬 2018 750ml (와인)",,,,,
"무료배송 백설 포도씨유, 900ml, 1개 할인25%9,880원 7,380원 (100ml당 820원) 2/13(금) 도착 예정 5 (41986) 최대 369원 적립",,,,,
[담터] 마가 들어간 15곡 미숫가루 (20g X 40개),,,,,
쿠라비에 화이트 스노우 쿠키 홀 아몬드(틴 케이스) 450g(그리스 전통 쿠키),,,,,
[몬타나리] 파르미지아노 레지아노 30개월,,,,,
"오설록 제주 호지차 티백, 1.8g, 1개, 20개입 9,110원 (10g당 2,531원) 내일(일) 도착 보장 5 (62) 최대 455원 적립",,,,,
"상하목장 유기농 인증 그릭 요거트 사과 & 케일, 120g, 3개입, 1개 4,480원 (10g당 124원) 내일(일) 새벽 도착 보장 5 (1187) 최대 224원 적립",,,,,
[샘표] 순작 통현미 검은콩 저당 율무차 (18g X 10개),,,,,
[진실된손맛] 생깻잎양념무침,,,,,
[모두의맛집] 오세득의 트러플 머쉬룸 크림 라자냐,,,,,
[노량진28번중도매인] 조림용 삼치 500g (생물),,,,,
[사미헌] 매운 소갈비찜,,,,,
[KF365] 두툼한 샌드위치햄 300g (150g*2입),,,,,
"포크밸리 한돈 대패 삼겹살 구이용 (냉동), 500g, 1팩 16%15,900원 13,310원 (100g당 2,662원) 내일(일) 새벽 도착 보장 4.5 (7699) 최대 665원 적립",,,,,
[CU 픽업] 리몬첼로소렌토I.G.T,,,,,
"테일러 푸룬주스, 180ml, 3개 쿠폰할인7%7,500원 6,950원 (100ml당 1,287원) 내일(일) 도착 보장 새 상품, 반품-미개봉 (2) 최저6,600원 5 (79249) 최대 348원 적립",,,,,
[문경몰] 문경 순 오미자 1L (오미자추출 100% / 무설탕),,,,,
"딥스 그린 먹는 해양심층수, 2L, 6개 8,400원 (100ml당 70원) 내일(일) 도착 보장 5 (29197) 최대 399원 적립",,,,,
"칠성사이다 제로, 250ml, 30개 17,510원 (100ml당 233원) 내일(일) 도착 보장 5 (26297) 최대 875원 적립",,,,,
[메디트리] 특허받은 듀얼액션 유산균 100억 유산균 (30일분),,,,,
"아이시스 생수, 500ml, 40개 7%13,500원 12,500원 (100ml당 63원) 내일(일) 도착 보장 5 (63690) 최대 625원 적립",,,,,
"붉은빛의 우롱티, 1박스, 24개입, 500ml 할인53%52,800원 24,600원 (10ml당 21원) 내일(일) 도착 보장 5 (145) 최대 1,230원 적립",,,,,
"팔도일품 해물라면 115g, 10개 8,700원 (1개당 870원) 내일(일) 도착 보장 4.5 (21398) 최대 435원 적립",,,,,
[바이탈뷰티] 메타그린 슬림업 (30일분),,,,,
[빕스] 퀘사디아 2종 (택1),,,,,
[흑백요리사] 술 빚는 윤주모셰프 부대찌개,,,,,
[삼진어묵] 특천사각 (300g),,,,,
"널담 뚱낭시에 8종 세트 (냉동), 50g, 8개입, 1세트 할인15%12,720원 10,720원 (10g당 268원) 내일(일) 새벽 도착 보장 4.5 (4253) 최대 536원 적립",,,,,
"무료배송 가람상점 대추방울토마토, 1박스, 2kg 랜덤과 10,900원 (100g당 545원) 2/10(화) 도착 예정 4 (3059) 최대 545원 적립",,,,,
"할리스 아메리카노, 1개, 1L 2,720원 (100ml당 272원) 내일(일) 새벽 도착 보장 5 (719) 최대 136원 적립",,,,,
[티젠] 콤부차 스트로베리키위 2종,,,,,
파스타용 인기 해산물 모음 8종 (택1),,,,,
[홍일점] 홍일 홍게맛장  2종 (홍게간장),,,,,
유기농 케일 2종,,,,,
[김소영 아티장의 안단테] 사토리 올드 월드 체다,,,,,
"오트몬드 오리지널, 190ml, 24개 13%17,900원 15,480원 (100ml당 339원) 내일(일) 도착 보장 5 (8639) 최대 619원 적립",,,,,
[쿠치나 안티카] 선 드라이드 토마토 (투토솔),,,,,
황토방 숙성 건조 감말랭이 275g (55gX5봉),,,,,
"푸드올로지 정품 콜레올로지컷 다이어트 유산균, 20정, 1개 44%48,500원 26,900원 (1정당 1,345원) 내일(일) 도착 보장 4.5 (4411) 최대 1,278원 적립",,,,,
[스타벅스] 핫 코코아 밀크 초코 (28g X 8개),,,,,
[슈퍼키친] 언양식소고기산적구이,,,,,
[바오담] 파인애플 정과 140g,,,,,
[진가네반찬] 생깻잎 김치 100g,,,,,
"무료배송 동강 청정 강원도 국내산 100% 자연산 깐다슬기팩 300g, 3개 5%29,000원 27,500원 (100g당 3,056원) 2/10(화) 도착 예정 4.5 (2135) 최대 1,375원 적립",,,,,
[녹차원] 흑임자 라떼 (18g X 10개),,,,,
"맑은물에 참 좋은 국산콩 100% 순두부, 400g, 4개 5,700원 (100g당 356원) 내일(일) 새벽 도착 보장 5 (119379) 최대 285원 적립",,,,,
"오뚜기 매콤달콤 비빔장, 500g, 1개 4,900원 (100g당 980원) 내일(일) 도착 보장 5 (9523) 최대 245원 적립",,,,,
[청정원] 카레여왕 분말 5종 (택1),,,,,
머위잎 150g,,,,,
[비움반찬] 도시락 밑반찬 세트 5종(택1),,,,,
"무료배송 25년 못난이 조각밤 공주밤 실속 깐밤 생율 알밤 정안 업소/가정용 산지직송 당일작업, 1개, 1kg 28%28,000원 19,900원 (100g당 1,990원) 2/10(화) 도착 예정 4.5 (82) 최대 995원 적립",,,,,
진짜 아보카도 퓨레 100g*2입,,,,,
"천수만 간척지쌀 현미, 5kg, 1개 15,900원 (100g당 318원) 내일(일) 도착 보장 4.5 (2982) 최대 795원 적립",,,,,
[다미원] 반건조 손질 참돔 330g (냉동),,,,,
[명가교동짬뽕] 오리지널 교동짬뽕,,,,,
[해찬들] 맛있는 재래식 된장 1kg,,,,,
"무료배송 베지밀 검은콩 아몬드와호두 190ml x 24팩, 24개 33%24,000원 15,880원 (100ml당 348원) 2/10(화) 도착 예정 5 (18107) 최대 794원 적립",,,,,
"동백향, 1kg, 1개 9,900원 (100g당 990원) 내일(일) 새벽 도착 보장 4.5 (134) 최대 495원 적립",,,,,
[소금집] 트러플 소시송 70g,,,,,
"스미후루 키위티 바나나, 350g, 2개 5,800원 (100g당 829원) 내일(일) 새벽 도착 보장 4.5 (12555) 최대 290원 적립",,,,,
"배대감 국산 엿기름, 500g, 2개 37%19,000원 11,800원 (100g당 1,180원) 내일(일) 도착 보장 4.5 (12053) 최대 590원 적립",,,,,
[메종엠오] 복주머니 선물함 (2026 설) 420g,,,,,
[빈브라더스] 토스트 원두 200g,,,,,
[메디트리] 이뮨 원샷 올인원 멀티비타민 (7일/30일) 2종 (택1),,,,,
[콩카페] 연유커피 20g X 10개입 2종(택1),,,,,
[김정환홍삼] 밸런스타임 홍삼스틱 (30일분),,,,,
"녹색한우 무항생제 1+등급 불고기용 (냉장), 300g, 1개 17%17,750원 14,590원 (100g당 4,863원) 내일(일) 새벽 도착 보장 4.5 (616) 최대 730원 적립",,,,,
[풀무원] 정통 순두부찌개 양념 140g,,,,,
"무료배송 파머스넷 세척 무농약 꿀고구마 정품, 3kg 대 (300g이상), 1개 쿠폰할인69%37,000원 11,370원 (100g당 379원) 2/11(수) 도착 예정 4.5 (16115) 최대 560원 적립",,,,,
[비비고] 사골곰탕 500g*18개입,,,,,
"오리온 카스타드, 288g, 4개 15,490원 (10g당 134원) 내일(일) 도착 보장 5 (52055) 최대 775원 적립",,,,,
[KF365] 양념 소불고기 4종 (택1),,,,,
[덴프스] 덴마크 유산균이야기 보자기 선물세트 (150일분) +(쇼핑백 증정),,,,,
"서울우유 요거트 프로바이오틱스 블루베리, 150ml, 8개입, 1개 쿠폰할인8%5,740원 5,240원 (10ml당 44원) 내일(일) 새벽 도착 보장 5 (2786) 최대 262원 적립",,,,,
[에스파뇰라] 엑스트라버진 올리브유 스프레이오일 200mL,,,,,
[정관장] 궁정비차 진생온율 40포,,,,,
[성지농장] 저탄소/동물복지 인증 한돈 뒷다리 다짐육 300g,,,,,
[CU 픽업] 브로켈카쇼잔세트,,,,,
[청정원] 타르타르 소스 300g,,,,,
[라빈리커픽업] 시바스 리갈 18년 (위스키),,,,,
[도리깨침] 해산물 냉채,,,,,
[Project H] 제로 마들렌 (29g X 4개입),,,,,
[합정옥] 소한마리탕,,,,,
7일 담미 알찬미 8kg,,,,,
"백설 허브맛솔트 갈릭, 50g, 1개 9%3,180원 2,870원 (100g당 5,740원) 내일(일) 새벽 도착 보장 5 (342) 최대 144원 적립",,,,,
정성담은 건버섯 견과 혼합세트,,,,,
[서주] 멜로바 3종 (75mL X 10개),,,,,
"소와나무 입안가득 부드러운 생크림 요거트, 150g, 8개, 1개입 10,520원 (10g당 88원) 내일(일) 새벽 도착 보장 5 (2017) 최대 526원 적립",,,,,
[청정원] 순창 본된장 2종 (450g/900g),,,,,
"무료배송 햇 파래김 완도 국내산 100장 파래향가득, 1개, 170g 11,300원 (100g당 6,647원) 2/11(수) 도착 예정 4.5 (37) 최대 565원 적립",,,,,
"해표 참진한 들기름, 320ml, 2개 17%18,330원 15,080원 (10ml당 236원) 내일(일) 도착 보장 5 (13737) 최대 754원 적립",,,,,
"선진 포크 한돈 등심꽃살 구이용 (냉장), 1kg, 1개 16,700원 (100g당 1,670원) 내일(일) 새벽 도착 보장 4.5 (5268) 최대 835원 적립",,,,,
[모현상회] 탱글한 키조개 관자살 300g (냉동),,,,,
"테일러 유기농 건자두, 210g, 2개 13,770원 (100g당 3,279원) 내일(일) 도착 보장 4.5 (10369) 최대 689원 적립",,,,,
[타이시아] 샤브샤브용 소스,,,,,
"테일러 푸룬주스, 1.89L, 2개 30,500원 (100ml당 807원) 내일(일) 도착 보장 5 (79250) 최대 1,525원 적립",,,,,
"청정원 프리미엄 굴소스, 500g, 2개 7,840원 (100g당 784원) 내일(일) 도착 보장 5 (111284) 최대 392원 적립",,,,,
뽀로로 한입 붕어빵 2종 (택1),,,,,
[켈로그] 단백질바K (50g*3입),,,,,
"남양유업 GT 슈퍼제로 락토프리 맛있는 우유, 900ml, 1개 2,590원 (100ml당 288원) 내일(일) 새벽 도착 보장 5 (12269) 최대 130원 적립",,,,,
[팔도]비빔장 저칼로리,,,,,
[쉐이크베이비] 다이어트 단백질 쉐이크 45g 4종 (택1),,,,,
[삼양] 삼양라면 소컵 6입,,,,,
"[레드텅 픽업] 샴페인 드라피에, 로제 브륏 NV 750ml (와인)",,,,,
"두보식품 바른곡물 렌틸콩, 1kg, 1개 4,180원 (100g당 418원) 내일(일) 새벽 도착 보장 새 상품, 반품-미개봉 (2) 최저3,970원 5 (177) 최대 209원 적립",,,,,
[폰타나] 저칼로리 저당 드레싱 5종 (택1),,,,,
"무료배송 암바사 제로 by 환타, 500ml, 24개 33,210원 (100ml당 277원) 2/13(금) 도착 예정 새 상품, 박스 훼손 (3) 최저16,690원 4.5 (752) 최대 1,660원 적립",,,,,
[식사이론] 통살쏙 한입카츠 330g (냉동),,,,,
[이차돌] 차돌박이 숙주볶음,,,,,
"곰곰 메추리알 장조림, 1kg, 1개 7,840원 (10g당 78원) 내일(일) 새벽 도착 보장 5 (55554) 최대 392원 적립",,,,,
[비비드키친] 저칼로리 양념치킨소스,,,,,
[그린몬스터] 질 유래 유산균 이너블러썸 (30일분),,,,,
[KF365] 온 가족 함께 즐기는 고기반찬 8종 모음 (택 1),,,,,
"테일러 푸룬건자두, 250g, 4개 20,500원 (100g당 2,050원) 내일(일) 새벽 도착 보장 5 (2492) 최대 1,025원 적립",,,,,
[연안식당] 양념 깐새우장 400g (냉동),,,,,
"도들샘 부추꼬막무침 (냉동), 150g, 1개 6,900원 (10g당 460원) 내일(일) 새벽 도착 보장 4.5 (4584) 최대 345원 적립",,,,,
"곰곰 국산 오만둥이, 1개, 700g 43%9,900원 5,580원 (100g당 797원) 내일(일) 새벽 도착 보장 5 (465) 최대 279원 적립",,,,,
"무료배송 초정탄산수 플레인, 500ml, 20개 7%15,900원 14,670원 (100ml당 147원) 2/11(수) 도착 예정 5 (56434) 최대 734원 적립",,,,,
[덕화명란] 알뜰 안심 명란 100g (냉장),,,,,
[김재식헬스푸드] 진짜 블루베리즙 10포,,,,,
순살 농어 스테이크 400g (냉동),,,,,
[리틀스페인] 문어 뽈뽀 스테이크,,,,,
건 궁채 80g,,,,,
[Kurly's] R15 통밀 모닝롤 (28g X 8개입),,,,,
"햇님마을 국물 땡기는 고운 국산 청양 고춧가루 매우매운맛, 120g, 1개 8,890원 (100g당 7,408원) 내일(일) 도착 보장 5 (8083) 최대 445원 적립",,,,,
[위니비니] 자이언트 스트로베리 머쉬멜로우 70g,,,,,
"풀무원 액티비아 저지방 딸기 요구르트, 150g, 6개, 1개입 8,130원 (10g당 90원) 내일(일) 새벽 도착 보장 5 (620) 최대 406원 적립",,,,,
[비타바움] 비타민B12+ V - Complex8 (7일분),,,,,
[26년 설] [CU 픽업] 닛카타케츠루퓨어몰트,,,,,
[백설] 5가지 재료로만 만든 부침 & 튀김 가루 2종,,,,,
"빼빼로 오리지널, 184g, 1개 7%4,800원 4,420원 (10g당 240원) 내일(일) 새벽 도착 보장 5 (950) 최대 221원 적립",,,,,
[Picard] 감자 팬케이크,,,,,
"웰넛 자연두레 너츠하임 믹스넛 레드 용기, 1kg, 1개 9,600원 (100g당 960원) 내일(일) 도착 보장 4 (405) 최대 480원 적립",,,,,
"해남 화산농협 꿀고구마, 1.5kg, 1박스 9,500원 (100g당 633원) 내일(일) 새벽 도착 보장 4.5 (67138) 최대 475원 적립",,,,,
"국산 혼합 21곡, 2kg, 1개 20%14,900원 11,900원 (100g당 595원) 내일(일) 도착 보장 5 (16029) 최대 595원 적립",,,,,
"리치팜너트 구운 피칸, 190g, 1개 12,060원 (100g당 6,347원) 내일(일) 도착 보장 4.5 (424) 최대 603원 적립",,,,,
[비비고] 청양고추찐만두168g,,,,,
"청정원 동물복지 인증 행복놀이터 유정란, 15구, 1개 7,990원 (1구당 533원) 내일(일) 새벽 도착 보장 4.5 (2170) 최대 400원 적립",,,,,
[HBAF] 먼투썬 하루견과 퍼플 20gx20봉,,,,,
[락티브] 인지력 하이솔루션 포스파티딜세린PS (30일분),,,,,
[라빈리커픽업] 모엣 샹동 임페리얼 브뤼 N/V (와인),,,,,
[스타벅스] 미디엄 로스트 아메리카노 파우더 스틱 3종 (택1),,,,,
"티젠 콤부차 매실, 5g, 30개입, 1개 9,900원 (10g당 660원) 내일(일) 도착 보장 5 (5976) 최대 495원 적립",,,,,
"대구농산 국산 혼합 17곡, 2kg, 1개 27%14,900원 10,800원 (100g당 540원) 내일(일) 도착 보장 5 (60222) 최대 540원 적립",,,,,
"칠성사이다 제로 탄산음료, 310ml, 24개 16,840원 (100ml당 226원) 내일(일) 도착 보장 5 (17170) 최대 842원 적립",,,,,
[알랭밀리아] 블랙커런트잼 300g,,,,,
[CU 픽업] 코카노카오리준마이준,,,,,
"오뚜기 짜슐랭 145g, 15개 29%15,240원 10,800원 (1개당 720원) 내일(일) 도착 보장 5 (41064) 최대 540원 적립",,,,,
"떡미당 두바이 초코 찹쌀떡 (냉동), 40g, 1개, 6개입 13,900원 (10g당 579원) 내일(일) 새벽 도착 보장 4.5 (635) 최대 695원 적립",,,,,
[선물세트] 디저트 카라멜 2종 (택1),,,,,
"티젠 콤부차 요구르트, 5g, 30개입, 1개 51%21,000원 10,140원 (10g당 676원) 내일(일) 도착 보장 5 (3947) 최대 507원 적립",,,,,
[블루보틀] 나이트 라이트 디카페인 원두 250g,,,,,
[동원] 프리미엄 동원참치액 500g,,,,,
[Kiri] 끼리 크림치즈 포션 2종 (6입) (택1),,,,,
[스키니랩] 애플페논 풋사과 다이어트 (14일분),,,,,
"풀무원 특등급 국산콩 무농약 콩나물, 340g, 1개 14%2,700원 2,300원 (100g당 676원) 내일(일) 새벽 도착 보장 5 (192072) 최대 115원 적립",,,,,
[메리루스] 나이트 멀티미네랄(파인애플맛) 14포 x 6개,,,,,
"무료배송 생 블루베리, 8개, 125g 쿠폰할인62%69,900원 26,500원 (100g당 2,650원) 2/13(금) 도착 예정 4 (1087) 최대 1,325원 적립",,,,,
[26년 설] [CU 픽업] 조니워커더블블랙700,,,,,
"무료배송 전라도 수제 만능양념파장, 300g, 1개 할인28%12,900원 9,180원 (100g당 3,060원) 2/11(수) 도착 예정 4.5 (1704) 최대 459원 적립",,,,,
[더본푸드] 놀부가 반해버린 자색고구마 쌀뻥 (2개입 박스),,,,,
"담터 호두 아몬드 율무차, 18g, 50개입, 1개 16%14,900원 12,400원 (10g당 138원) 내일(일) 도착 보장 5 (128558) 최대 620원 적립",,,,,
"호주산 소고기 다짐육 (냉장), 2개, 300g 19%19,800원 15,900원 (100g당 2,650원) 내일(일) 새벽 도착 보장 5 (623) 최대 795원 적립",,,,,
"곰곰 한우 1등급 다짐육 (냉장), 300g, 1개 44%20,990원 11,730원 (100g당 3,910원) 내일(일) 새벽 도착 보장 4.5 (7577) 최대 586원 적립",,,,,
"고메 함박 스테이크, 152g, 6개 48%23,880원 12,270원 (100g당 1,345원) 내일(일) 새벽 도착 보장 5 (15453) 최대 614원 적립",,,,,
[선물세트] 아티제 마카롱 세트 (24g X 4개입),,,,,
[헬카페] 드립백 (12g X 7개),,,,,
"청정원 정통 직화짬뽕 분말, 1kg, 1개 16,010원 (100g당 1,601원) 내일(일) 도착 보장 4.5 (7055) 최대 800원 적립",,,,,
"목우촌 국내산 소고기 샤브샤브 (냉동), 300g, 1개 38%20,990원 12,990원 (100g당 4,330원) 내일(일) 새벽 도착 보장 4.5 (6292) 최대 650원 적립",,,,,
[벤슨] 레몬크림 치즈케이크 아이스크림 474mL,,,,,
"풀무원 중화마파두부 양념소스, 130g, 1개 2,280원 (100g당 1,754원) 내일(일) 새벽 도착 보장 5 (15176) 최대 114원 적립",,,,,
[빙그레] 미니미니 보코치니 (50g X 5입),,,,,
"한방선생 사각 계피 특품, 600g, 1개입, 1개 8,790원 (10g당 147원) 내일(일) 도착 보장 4.5 (2761) 최대 418원 적립",,,,,
[고메공방] 계란빵 2종 (5개입) (택1),,,,,
국산 늘보리 2종,,,,,
[농심] 신라면 건면 5입,,,,,
[하림 The미식] 부대찌개 350g,,,,,
[네스프레소] 바닐라향 커피 캡슐 10개입(110mL),,,,,
"머거본 멸치두배 칼몬드, 80g, 2개 12,980원 (100g당 8,113원) 내일(일) 도착 보장 5 (1717) 최대 649원 적립",,,,,
[나폴레옹] 감자식빵 214g,,,,,
"어바웃네이처 유기농 엑스트라버진 올리브유 14p, 140g, 1개 61%23,000원 8,900원 (100g당 6,357원) 내일(일) 도착 보장 4.5 (2311) 최대 396원 적립",,,,,
[쟈뎅] 시그니처 아메리카노 RTD 900mL 2종 (택1),,,,,
"오뚜기 생강청, 680g, 1개 14%5,980원 5,090원 내일(일) 도착 보장 4.5 (1134) 최대 255원 적립",,,,,
[오호떡집] 앙금 알꿀떡 4종 (택1),,,,,
"무료배송 다맘 햇 볶음땅콩, 2개 할인3%13,900원 13,480원 (100g당 674원) 2/10(화) 도착 예정 4.5 (591) 최대 674원 적립",,,,,
"자연다움 바로먹는 퀵 오트밀, 500g, 1개 28%7,000원 4,980원 (100g당 996원) 내일(일) 도착 보장 5 (28552) 최대 249원 적립",,,,,
[다시다] 명품골드 쇠고기400g,,,,,
[덴마크] 드링킹 요구르트 납작복숭아 (275mL X 3개),,,,,
[조인] 동물복지 유정 초란 10구,,,,,
[광천김] 명란 도시락김 12봉,,,,,
[브로드카세] 72시간 저당 호밀통밀 사워도우 슬랩 660g,,,,,
[세라] 과일 필링 캔디 2종 (택1),,,,,
[한국맥꾸룸] 깊은맛 우러나는 맥국간장,,,,,
[그리스 프리미엄 쿠키] 쿠라비에 화이트 스노우  카라멜 & 아몬드 200g,,,,,
[다향오리] 불맛가득 열탄 오리 불고기 540g (냉장),,,,,
[감코리아] 옥천준시 7입팩 (60g*7입),,,,,
"바프 군옥수수맛 땅콩 앤 콘프라이즈 가미땅콩, 120g, 4개 8,430원 (100g당 1,756원) 내일(일) 도착 보장 5 (683) 최대 421원 적립",,,,,
[뉴트리코어] 초임계 식물성 알티지(rTG) 오메가3 (30일분),,,,,
[유얼거트] 과일 그릭요거트 4종 (택1),,,,,
[킷캣] 미니 오리지널 초코 웨이퍼 297g (9g x 33개입),,,,,
"코카콜라 제로, 190ml, 30개 16,260원 (100ml당 285원) 내일(일) 도착 보장 5 (97286) 최대 813원 적립",,,,,
[청정원] 참나무로 훈연한 고소한 햄 600g,,,,,
"닥터페퍼 제로, 350ml, 24개 16,310원 (100ml당 194원) 내일(일) 도착 보장 5 (15433) 최대 815원 적립",,,,,
"무료배송 파머스넷 해남 꿀고구마, 5kg 못난이, 1박스 쿠폰할인45%17,000원 9,210원 (100g당 184원) 2/11(수) 도착 예정 4 (20077) 최대 455원 적립",,,,,
[하와이안호스트] 통 마카다미아 초콜릿 컬렉션 4종 (택1),,,,,
[고삼농협] 착한들 한우사골곰탕 기획세트,,,,,
[풀무원] 톡톡 포기배추김치 3.3kg,,,,,
"무료배송 하림 용가리치킨 1kg, 1개 12,890원 (100g당 1,289원) 2/11(수) 도착 예정 5 (95) 최대 645원 적립",,,,,
[바로생활] 매실만난 양배추청 스틱 30포,,,,,
[풀무원다논] 위 솔루션 (130mL X 4개),,,,,
"서울우유 아침에주스 제주감귤, 950ml, 1개 4,180원 (100ml당 440원) 내일(일) 새벽 도착 보장 5 (12704) 최대 209원 적립",,,,,
[스위치온] 다이어트 프로그램 300g (5일분),,,,,
"햇반 백미밥 작은 공기, 130g, 12개 27%15,000원 10,950원 (100g당 702원) 내일(일) 도착 보장 5 (79552) 최대 548원 적립",,,,,
"꿀이구마 저온압착 들기름 100%, 1개, 350ml 할인40%15,900원 9,400원 (10ml당 269원) 내일(일) 도착 보장 5 (426) 최대 470원 적립",,,,,
간소 주와리 소바 & 전통 니하치 소바,,,,,
"디벨라 까펠리니 파스타, 500g, 3개 6,930원 (100g당 462원) 내일(일) 도착 보장 5 (5042) 최대 346원 적립",,,,,
[내아이애] 스스로 스틱 쌀과자 6종 (택1),,,,,
[풀무원] 로스팅 돈코츠라멘 4입,,,,,
"무료배송 삼육두유 콩국, 950ml, 12개 33%32,900원 21,900원 (100ml당 192원) 2/11(수) 도착 예정 4.5 (5043) 최대 1,095원 적립",,,,,
영해시금치 250g,,,,,
"국내산 데친 우거지, 300g, 1개 2,880원 (100g당 960원) 내일(일) 새벽 도착 보장 4.5 (19594) 최대 144원 적립",,,,,
[가보팜스] 고가구 도자기 프리미엄 아카시아꿀 선물세트,,,,,
[한팟] 속이 시원한 대구 매운탕 (리뉴얼),,,,,
[비비고] 오징어튀김 180g,,,,,
"이롬 ABC주스, 110ml, 24개 20,400원 (100ml당 773원) 내일(일) 도착 보장 5 (8297) 최대 1,020원 적립",,,,,
"바다온 포항시 인증 구룡포건조 원양산 반건조 오징어 5미 (냉동), 550g (5미), 1개 15,900원 (100g당 2,891원) 내일(일) 새벽 도착 보장 4.5 (47442) 최대 745원 적립",,,,,
[덴프스] 트루바이타민 (30일분),,,,,
[오설록] 한라산 녹차케이크 635g,,,,,
"청정원 직화짬뽕 분말, 96g, 3개 33%11,970원 7,980원 (100g당 2,771원) 내일(일) 도착 보장 4.5 (7055) 최대 399원 적립",,,,,
"가가호호 영호진미 쌀, 특등급, 3kg, 3개 31,590원 (100g당 351원) 내일(일) 도착 보장 5 (329) 최대 1,580원 적립",,,,,
"곰곰 우리 쌀로 만든 바다친구들 모양 떡, 500g, 1개 4,730원 (100g당 946원) 내일(일) 새벽 도착 보장 5 (1594) 최대 236원 적립",,,,,
[동원] 양반 들기름올리브 복합 식탁김 16봉,,,,,
"우리가스토리 국내산 보리엿기름 가루, 700g, 1개 6,900원 (100g당 986원) 내일(일) 도착 보장 5 (211) 최대 345원 적립",,,,,
[비비슨] 올웨이즈 유니크 멀티비타민 구미 (30일분),,,,,
"킨더가든 한우 애호박 숙주나물, 80g, 1개 4,300원 (10g당 538원) 내일(일) 새벽 도착 보장 4.5 (1299) 최대 215원 적립",,,,,
"고메 소바바 치킨 양념 순살 (냉동), 600g, 1개 21%15,980원 12,620원 (100g당 2,103원) 내일(일) 새벽 도착 보장 5 (5388) 최대 631원 적립",,,,,
"무료배송 현대농산 국산 현미찹쌀 찰현미, 5kg, 1개 19,200원 (100g당 384원) 2/11(수) 도착 예정 4.5 (3014) 최대 960원 적립",,,,,
[기순도] 죽염 청국장 (3개입),,,,,
[선물세트] 해통령 천연조미료 세트,,,,,
[바름팜] 영암 꿀고구마 1kg,,,,,
[선물세트] 마더네스트 프로폴리스 마누카캔디(170g) +프로폴리스 스프레이 30ml,,,,,
냉동 트리플 베리 1kg (미국/폴란드산),,,,,
[풀무원] 순두부 또띠아 8인치(5입),,,,,
[타바론] 밀키 우롱 (2g X15개),,,,,
"폰타나 나폴리 뽀모도로 토마토 파스타소스, 600g, 2개 52%19,960원 9,480원 (100g당 790원) 내일(일) 도착 보장 5 (26983) 최대 474원 적립",,,,,
"일가집 맛 단무지, 250g, 1개 2,130원 (100g당 852원) 내일(일) 새벽 도착 보장 5 (6420) 최대 106원 적립",,,,,
[전통주] 경기백주 (무아스파탐) (14도 500mL),,,,,
[해태] 신쫄이 레몬콜라 96g (8개입),,,,,
"설향 딸기 대과, 500g, 1개 할인2%10,290원 9,990원 (100g당 1,998원) 내일(일) 새벽 도착 보장 4.5 (91349) 최대 500원 적립",,,,,
[햇살굽는집] 국내산 리얼감자 감자빵 (85g X 3개입),,,,,
[드시모네] 베이비 스텝2 유산균 (30일분),,,,,
"친환경 쌈케일, 100g, 3개 4,330원 (100g당 1,443원) 내일(일) 새벽 도착 보장 4.5 (22907) 최대 216원 적립",,,,,
"2025년 바티칸 교황청 공식지정오일 압도적산도0.19 DOP인증 냉압착 엑스트라버진 올리브오일 100% 프리미엄 올리브유, 1L, 1개 할인31%47,900원 32,910원 (100ml당 3,291원) 내일(일) 도착 보장 4.5 (3022) 최대 1,629원 적립",,,,,
[농협] 우리쌀 인절미스낵 3종 (택1),,,,,
[락티브] 베베&키즈 츄어블 비타민D3 1000IU (60일분),,,,,
[호밍스] 사골선지해장국 450g,,,,,
[오설록] 세작 40g,,,,,
"여미야미 한단 킹스베리 딸기, 1개, 400g(대과) 10,240원 (100g당 2,560원) 내일(일) 새벽 도착 보장 4.5 (3015) 최대 512원 적립",,,,,
[CU 픽업] 코디치 로쏘 스위트,,,,,
"본죽 촉촉 진미채볶음, 60g, 3개 18%11,400원 9,320원 (100g당 5,178원) 내일(일) 도착 보장 새 상품, 반품-미개봉 (2) 최저8,850원 4.5 (880) 최대 466원 적립",,,,,
[아루화 담양한과] 미니약과 405g,,,,,
[콤비타] 블렌드허니 선물세트(250g x 2병),,,,,
[롯데] 젤리셔스 수박바 젤리 448g (56g X 8개입),,,,,
"갓로스팅 구운캐슈넛, 200g, 1개 8,990원 (100g당 4,495원) 내일(일) 새벽 도착 보장 5 (110) 최대 400원 적립",,,,,
[CU 픽업] 킬리더래키쉬라즈,,,,,
[비비드키친] 저당 떡볶이양념 100g,,,,,
[이장님과자점] 인절미 과자 5번들 (30g x 5입),,,,,
"무료배송 [코스트코] 플랜터스 솔티드 피넛 (48개입), 1박스, 1.344kg 17,980원 (100g당 1,338원) 2/11(수) 도착 예정 5 (341) 최대 899원 적립",,,,,
"무료배송 웅진 옥수수수염차 음료, 500ml, 20개 14,020원 (100ml당 140원) 2/11(수) 도착 예정 5 (21059) 최대 701원 적립",,,,,
"무료배송 깔끔하게 손질한 통통 자숙 가리비살 1kg 2kg, 1개, 자숙가리비살 1kg 61%19,900원 7,700원 (100g당 770원) 2/12(목) 도착 예정 4 (3125) 최대 332원 적립",,,,,
"풀무원 무농약 인증 국산콩 콩나물 어린이용, 200g, 1개 3,130원 (100g당 1,565원) 내일(일) 새벽 도착 보장 5 (7055) 최대 156원 적립",,,,,
[일양약품] 비타C&B 플러스 (10일분),,,,,
[베이비본죽] 토핑 볶은한우 1단계/2단계 120g (20gx6구)(택1),,,,,
[CU 픽업] 칸티핑크블라썸,,,,,
"비비고 김밥김, 22g, 2개 26%7,960원 5,830원 (10g당 1,325원) 내일(일) 도착 보장 5 (24196) 최대 291원 적립",,,,,
[멜리스] 케이퍼 180g,,,,,
[한둘푸드] 국산두부로 만든 멸치칼국수 (2인분),,,,,
[CU 픽업] 오프리 토니 포트,,,,,
"Prime Field 유기농 찰흑미 (검정찰현미), 1kg, 1개 1%10,980원 10,800원 (100g당 1,080원) 내일(일) 도착 보장 5 (2345) 최대 540원 적립",,,,,
[센트럴포뮬러] 셀루라인 프리미엄 (30일분),,,,,
"복음자리 45도 과일잼 사과, 350g, 1개 12%6,150원 5,400원 (100g당 1,543원) 내일(일) 새벽 도착 보장 5 (1546) 최대 270원 적립",,,,,
[풀무원] 해물 생 수제비 2인분,,,,,
[아우어베이커리] 플레인 바스크 치즈케이크 250g,,,,,
[맥널티] 스테비아 단백질 크림라떼 (18g X 20개) 2종 (택1),,,,,
"대상 건강한 아보카도유김 재래김, 48g, 1개 5%7,480원 7,060원 (10g당 1,471원) 내일(일) 도착 보장 5 (1868) 최대 353원 적립",,,,,
[CU 픽업] 글렌그란트18년,,,,,
[쿨리브] 피티드 올리브절임 틴 3종 (택1),,,,,
"하루견과 패밀리넛 베리 10p, 200g, 1개 7,400원 (100g당 3,700원) 내일(일) 도착 보장 5 (135) 최대 370원 적립",,,,,
[KF365] 미국산 돼지고기 목살 구이용 1kg,,,,,
[CU 픽업] 오프리20년,,,,,
"농협 Daily 사과, 1kg(5~7입), 1개 9,070원 (100g당 907원) 내일(일) 새벽 도착 보장 4.5 (2301) 최대 454원 적립",,,,,
"웅진 헛개차, 500ml, 20개 51%28,600원 13,750원 (100ml당 138원) 내일(일) 도착 보장 5 (6007) 최대 688원 적립",,,,,
[선물세트] [정미소] 특별재배 14분도 진공미 9입 세트,,,,,
"무료배송 [타임특가] 신선한 고소담백 아보카도 생과, 1박스, 5개(중대과) 쿠폰할인56%29,900원 12,880원 (100g당 1,288원) 2/13(금) 도착 예정 4 (122) 최대 644원 적립",,,,,
"농심 신라면 120g, 20개 15,190원 (1개당 760원) 내일(일) 새벽 도착 보장 5 (70863) 최대 760원 적립",,,,,
[타바스코] 오리지널 핫소스 60ml/ 150ml,,,,,
[선물세트] 맛의명태자 명란젓 세트,,,,,
[대상웰라이프] 뉴케어 액티브 오리지널 24팩,,,,,
[미자언니네] 포두부 닭가슴살 채소말이,,,,,
[메종엠오] 휘낭시에 패션망고 크럼블 30g,,,,,
"강훈목장 수제요거트 블루베리, 1L, 1개입, 1개 9,800원 (10ml당 98원) 내일(일) 새벽 도착 보장 4.5 (52830) 최대 490원 적립",,,,,
"비비드키친 저당 굴소스, 310g, 2개 9,500원 (100g당 1,532원) 내일(일) 새벽 도착 보장 5 (17812) 최대 422원 적립",,,,,
[유니온] 와인 페어링 타랄리니 스낵 오리지널 35gX6개입,,,,,
[보르게스] 피티드 올리브 2종 (택1),,,,,
[하림] 삼계탕 900g,,,,,
[정미소] 오분도미 2종,,,,,
[플로렌티나] 유기농 스파클링 논알콜 레드프룻 750mL,,,,,
"디오션 안키모 아귀간, 1개, 200g 4,680원 (100g당 2,340원) 내일(일) 새벽 도착 보장 4.5 (1786) 최대 234원 적립",,,,,
항공직송 캐나다산 생성게알 110g (냉장),,,,,
[모모스커피] 코스타리카 디카페인 드립백 (10g X 7개),,,,,
"서울우유 요구르트, 1개, 1개입, 750ml 1,820원 (10ml당 24원) 내일(일) 새벽 도착 보장 5 (15638) 최대 91원 적립",,,,,
[밀도] THE 부드러운 소금빵 (50g X 2개입),,,,,
[라엘밸런스] 질건강 리스펙타 프로바이오틱스 (30일분),,,,,
[전통주] 맑은내일 사화유자주 (7도 500mL) 상큼유자주,,,,,
"풀무원 정통순두부 찌개양념, 140g, 1개 2,280원 (100g당 1,629원) 내일(일) 새벽 도착 보장 5 (31189) 최대 114원 적립",,,,,
"프레시지 고깃집 된장찌개, 535g, 1개 할인1%8,900원 8,730원 (100g당 1,632원) 내일(일) 새벽 도착 보장 4.5 (25301) 최대 400원 적립",,,,,
"난각1번 풀무원 동물복지 자유방목 유정란 520g, 10구, 1개 9,980원 (1구당 998원) 내일(일) 새벽 도착 보장 5 (658) 최대 499원 적립",,,,,
[존쿡 델리미트] 바베큐 백립 450g (냉동),,,,,
[태우한우] 한우 스지 500g,,,,,
[유가원] 유기농 데일리 믹스넛츠(더 레드) 750g (25gX30봉),,,,,
"다향오리 통오리 백숙용 (냉장), 1.6kg, 1개 16,650원 (100g당 1,041원) 내일(일) 새벽 도착 보장 4.5 (10628) 최대 833원 적립",,,,,
"하이프루츠 알이굵은 한송이 샤인머스켓 포도, 500g, 1개 4,600원 (100g당 920원) 내일(일) 새벽 도착 보장 4 (1914) 최대 230원 적립",,,,,
[CU 픽업] 서던 컴포트 블랙,,,,,
"귤탐 당도선별 11brix 하우스감귤, 1.2kg(꼬마과), 2개 23,020원 (100g당 959원) 내일(일) 새벽 도착 보장 4.5 (232994) 최대 1,151원 적립",,,,,
"무료배송 웅진 초록매실, 1.5L, 4개 11%10,000원 8,890원 (100ml당 148원) 2/10(화) 도착 예정 5 (20276) 최대 445원 적립",,,,,
"한라식품 참치액, 900ml, 1개 32%12,200원 8,270원 (10ml당 92원) 내일(일) 새벽 도착 보장 5 (4711) 최대 414원 적립",,,,,
"유기가공식품 인증 웰팜넷 유기농 다진표고버섯 (냉동), 100g, 1개 4,990원 (100g당 4,990원) 내일(일) 새벽 도착 보장 5 (1115) 최대 250원 적립",,,,,
"속껍질 깐 은행 중 (냉동), 450g, 1개 13,200원 (100g당 2,933원) 내일(일) 새벽 도착 보장 4.5 (2779) 최대 660원 적립",,,,,
[라빈리커픽업][설 2본 선물] 토레셀라 set (와인),,,,,
[태우한우] 1+ 한우 우둔 장조림용 200g (냉장),,,,,
"일미식품 국내산 참새우젓, 1개, 200g 5,280원 (10g당 264원) 내일(일) 새벽 도착 보장 5 (5872) 최대 264원 적립",,,,,
[오트사이드] 바리스타 블렌드 귀리음료 1L,,,,,
[하림 The미식] 국탕류 3종 (2개입),,,,,
"하림 용가리 떡갈비 (냉동), 600g, 1팩 2%10,900원 10,620원 (100g당 1,770원) 내일(일) 새벽 도착 보장 5 (8677) 최대 531원 적립",,,,,
[전통주] 한산소곡주 (18도 360mL),,,,,
"[선물세트] 전통주 홍시과실주 (12도,700mL*2입,잔2입)",,,,,
"영길팜 알알이 샤인머스캣, 2개, 500g 7,410원 (100g당 741원) 내일(일) 새벽 도착 보장 4.5 (374) 최대 370원 적립",,,,,
"웰그레인 병아리콩, 2kg, 1개 16%7,200원 5,980원 (100g당 299원) 내일(일) 새벽 도착 보장 5 (127) 최대 299원 적립",,,,,
"무료배송 [역대급특가] 귤림원 설탕폭격 제주1등 고당도 제주 귤, 1세트, 꿀귤 10kg 할인48%36,900원 18,900원 (100g당 189원) 품절 4.5 (99)",,,,,
[오뚜기]컵밥_불닭마요덮밥(즉석국),,,,,
"닥터유 단백질칩 버터구이 오징어맛 5p + 칠리살사맛 5p, 1세트, 60g 12,800원 (10g당 2,133원) 내일(일) 도착 보장 5 (1169) 최대 640원 적립",,,,,
[My little recipe] 닭볶음탕 (2인용),,,,,
"남양유업 불가리스 제로 딸기, 320g, 2개 3,780원 (10g당 59원) 내일(일) 새벽 도착 보장 5 (2776) 최대 189원 적립",,,,,
"국내산 로메인, 250g, 2개 5,850원 (100g당 1,170원) 내일(일) 새벽 도착 보장 4.5 (51963) 최대 293원 적립",,,,,
[햇반] 솥반 9종,,,,,
[CU 픽업] 그레이구스오랑지,,,,,
"풀무원 허니 머스타드 드레싱, 230g, 1개 4,380원 (100g당 1,904원) 내일(일) 새벽 도착 보장 5 (8929) 최대 219원 적립",,,,,
[포트'럭] 손질 금태 200g (생물),,,,,
"창억떡 부드럽고 쫄깃한 호박인절미 (냉동), 500g, 1개입, 2개 19,900원 (10g당 199원) 내일(일) 새벽 도착 보장 5 (65610) 최대 995원 적립",,,,,
"블랜디 포션 캡슐커피 라이트 슈거, 18g, 24개입, 1개 11,300원 (10g당 262원) 내일(일) 도착 보장 5 (1772) 최대 565원 적립",,,,,
[이스트밸리] 목초먹은 우유로 만든 스트링 치즈 200g,,,,,
[미자언니네] 우엉강정,,,,,
[동원] 더킹 랍스터 140g*2,,,,,
[CU 픽업] 까테나알타샤도네이,,,,,
"곰곰 콜롬비아 싱글오리진 드립백 커피, 7g, 15개입, 1개 24%7,900원 5,980원 (1개당 399원) 내일(일) 도착 보장 4.5 (930) 최대 299원 적립",,,,,
유기농 잡곡 율무 500g,,,,,
[예찬원] 미소 된장국 5개입 (블럭국),,,,,
"무료배송 [당도보장] 고당도 제주도 천혜향 한정특가, 1박스, 중과 2kg 쿠폰할인69%41,900원 12,900원 (100g당 645원) 2/13(금) 도착 예정 5 (30) 최대 645원 적립",,,,,
[Kurly's] 시원한 배추김치 4kg,,,,,
[퍼니트] 새빨간 콜레우스 포스콜리 다이어트 (28일분),,,,,
[KF365] 한돈 삼겹 대패 600g~ (냉동),,,,,
[풀무원] 참치&야채 볶음밥 (2개입),,,,,
[정관장] 홍삼정 240g (80일분) +(쇼핑백 증정),,,,,
[차려낸] 비법 양념 서울식 소불고기전골 * 2개입,,,,,
[미자언니네] 꽃게액젓을 넣은 명란비빔장,,,,,
"오뚜기 바몬드 카레 골드 약간매운맛, 100g, 2개 19%7,160원 5,760원 (100g당 2,880원) 내일(일) 도착 보장 5 (3553) 최대 288원 적립",,,,,
[할리스] 바로 마시는 아메리카노 1L,,,,,
[CU 픽업] 킬리카눈오라클쉬라즈,,,,,
[미미네] 부산 쌀떡볶이,,,,,
[부침명장] 프리미엄 해물파전 300g,,,,,
[온더고] 간편 미식 덮밥 도시락 4종 (택1),,,,,
마늘 100% 다진마늘 500g,,,,,
[치즈문] 크래커 컷 버라이어티 팩 치즈,,,,,
[모닌] 카페 시럽 4종,,,,,
"무료배송 김나운 손질새우 명작 140g(20미), 140g, 7개 할인3%26,900원 26,090원 (100g당 2,662원) 2/12(목) 도착 예정 4.5 (1103) 최대 1,305원 적립",,,,,
"청정원 토마토 스파게티소스, 2kg, 1개 31%19,900원 13,650원 (100g당 683원) 내일(일) 도착 보장 5 (18159) 최대 683원 적립",,,,,
"곰곰 메추리알 장조림, 1kg, 2개 15,450원 (10g당 77원) 내일(일) 새벽 도착 보장 5 (55554) 최대 773원 적립",,,,,
"하루견과 시그니처 오리지널, 22g, 50개 12%49,900원 43,900원 (100g당 3,991원) 내일(일) 도착 보장 4.5 (6706) 최대 2,195원 적립",,,,,
[햇반/쿡반] 노릇노릇 볶음밥 2개입 8종 (택1),,,,,
"브레드가든 바닐라오일, 30ml, 1개 3,910원 (10ml당 1,303원) 내일(일) 새벽 도착 보장 5 (1673) 최대 195원 적립",,,,,
[제일맞게컬리] 차돌 김치왕교자 1.01kg,,,,,
"롯데햄 알뜰 소시지, 500g, 2개 4,590원 (10g당 46원) 내일(일) 새벽 도착 보장 5 (24598) 최대 230원 적립",,,,,
"녹차로 씻어낸 매생이, 120g, 1봉 4,200원 (100g당 3,500원) 내일(일) 새벽 도착 보장 4.5 (3799) 최대 210원 적립",,,,,
"빙그레 야채타임, 70g, 4개 20%6,000원 4,800원 (10g당 171원) 내일(일) 도착 보장 5 (7796) 최대 240원 적립",,,,,
[프레스샷] 멀티 선물세트 (20일분) (프레스샷 1박스+마그코어 1박스),,,,,
[하선정] 김밥용 우엉조림130g,,,,,
[차합시다] 양평 수제 쌍화차 골드 370g,,,,,
칼라 대추 방울토마토 750g,,,,,
"삼양 임꺽정납작떡갈비 (냉동), 1kg, 1개 13,490원 (100g당 1,349원) 내일(일) 새벽 도착 보장 5 (28085) 최대 675원 적립",,,,,
[풀무원] 반듯한식 바지락 순두부찌개 양념소스 140g,,,,,
[CU 픽업] 불렛라이700ml,,,,,
유기농 간편 혼합콩 500g,,,,,
"미트엔조이 호주산 모듬 다짐육 (냉장), 300g, 2개 23%19,800원 15,130원 (100g당 2,522원) 내일(일) 새벽 도착 보장 4.5 (25716) 최대 756원 적립",,,,,
[라쿠치나] 이탈리안 라자냐,,,,,
[권영원 소담정찬] 고추 장아찌,,,,,
"대림선 사조 곤약, 250g, 1개입, 1개 1,480원 (100g당 592원) 내일(일) 새벽 도착 보장 5 (5102) 최대 74원 적립",,,,,
[삼양] 불닭소스 스틱,,,,,
"투데이넛 너트한줌 믹스넛 후르츠 실속형, 20g, 50개 11%31,560원 27,810원 (100g당 2,781원) 내일(일) 도착 보장 4.5 (16703) 최대 1,376원 적립",,,,,
[모두의맛집] 정지선 셰프 홍콩식 라조장 완자솥밥,,,,,
"오뚜기 2배 사과식초, 500ml, 1개 2,400원 (10ml당 48원) 내일(일) 새벽 도착 보장 5 (473) 최대 120원 적립",,,,,
"서울우유 더진한 그릭요거트, 100g, 1개 2,980원 (10g당 298원) 내일(일) 새벽 도착 보장 5 (21602) 최대 149원 적립",,,,,
[DARE] 가든허브 크루통 135g,,,,,
[CU 픽업] 듀어스화이트라벨,,,,,
[오리온] 아이셔츄 3종 (택1),,,,,
[얌이밀] 아이 반찬 7종 (택1),,,,,
[커피빈] 핑크레몬 리프레셔 (12.8g X 6개),,,,,
"무료배송 비비고 갈비탕, 400g, 6개 27,540원 (100g당 1,148원) 2/12(목) 도착 예정 4.5 (23541) 최대 1,377원 적립",,,,,
"웰치스 그레이프맛, 355ml, 48개 30,740원 (100ml당 180원) 내일(일) 도착 보장 5 (85544) 최대 1,537원 적립",,,,,
[프릳츠] 드립백 (12g X 15개),,,,,
"하동 녹차 명란김, 6g, 16개 33%17,900원 11,830원 (10g당 1,232원) 내일(일) 도착 보장 5 (22562) 최대 591원 적립",,,,,
[키즈텐] 어린이 종합미타민 미네랄 (30일분),,,,,
[존쿡 델리미트] 핫도그번 2팩 (55g X 3개입),,,,,
"무료배송 말돈 소금, 570g, 1개 15,240원 (100g당 2,674원) 2/11(수) 도착 예정 5 (1935) 최대 762원 적립",,,,,
[PPUL] 1++(9) 한우 등심 불고기 (냉장),,,,,
[순작] 진 전통차 2종 (택1),,,,,
[CU 픽업] 로버트몬다비까쇼 나파밸리,,,,,
[강훈목장] 수제 그릭요거트 마일드 (100g X 3개),,,,,
[백설] 유러피안 해바라기유 스프레이 200mL,,,,,
[CU 픽업]디보톨리딘뱃5,,,,,
[레오나르디] 모데나산 발사믹 2메달 (블루),,,,,
"경성당 현미 누룽지, 1kg, 1개 39%13,900원 8,450원 (100g당 845원) 내일(일) 도착 보장 4.5 (3585) 최대 380원 적립",,,,,
[김소영 아티장의 안단테] 포인트 레이스 오리지널 블루,,,,,
[종근당건강] 락토핏 키즈 유산균 (60일분),,,,,
"보노 버라이어티팩 스프 5종 세트, 1세트 22%18,490원 14,240원 내일(일) 새벽 도착 보장 새 상품, 반품-미개봉 (2) 최저13,520원 5 (221) 최대 712원 적립",,,,,
"무료배송 [50박스한정초특가] 재구매율1위 30년사과명인 꿀당도 꿀사과, 1박스, 1kg 할인58%22,100원 9,100원 (100g당 910원) 2/21 도착 예정 4 (147) 최대 455원 적립",,,,,
"아삭한 단감, 800g, 1개 3,510원 (100g당 439원) 내일(일) 새벽 도착 보장 4.5 (4358) 최대 175원 적립",,,,,
[26년 설] [CU 픽업] 시바스리갈15년700,,,,,
[모리나가] 핫케익 믹스 2종 (택1),,,,,
"알티스트 소금대신 죽염, 150g, 1개 5,380원 (100g당 3,587원) 내일(일) 도착 보장 4.5 (5472) 최대 269원 적립",,,,,
[대상웰라이프] 헤이 레몬 100% 유기농 레몬즙 50포,,,,,
[샘표] 순작 팥호박차 티백 (0.8g X 40개),,,,,
[KF365] 무항생제 한돈 안심 스테이크용 200g*2 (냉장),,,,,
고랭지 사과 1.3kg,,,,,
"무료배송 올리타리아 유기농 엑스트라버진 올리브유, 500ml, 2개 38%76,280원 46,940원 (100ml당 4,694원) 2/13(금) 도착 예정 5 (78815) 최대 2,347원 적립",,,,,
"무료배송 [유기농]프리미엄 건조 블루베리 무설탕 건조 블루베리 무설탕 건블루베리 100%, 4개, 100g 할인35%27,900원 17,900원 (100g당 4,475원) 2/26 도착 예정 4.5 (102) 최대 895원 적립",,,,,
[Kurly's] 1++ 한우 채끝 250g (냉장),,,,,
"애드스윗 스테비아 완숙 토마토, 1kg, 1팩 9,990원 (100g당 999원) 내일(일) 새벽 도착 보장 4.5 (2317) 최대 500원 적립",,,,,
대저 토마토 1kg,,,,,
[하이포크] 한돈 BEST 부위 3종 (택1),,,,,
[풀무원] 특등급 국산콩 고농도 진한두부,,,,,
[수원 보영만두] 군만두 2종 (고기/김치),,,,,
"곰곰 저당 저칼로리 알룰로스, 530g, 1개 41%9,900원 5,790원 (100g당 1,092원) 내일(일) 도착 보장 5 (2925) 최대 290원 적립",,,,,
[달롤] 노밀 미니 뉴욕 치즈케이크 280g,,,,,
[CU 픽업] 펜폴즈쿠능가샤도,,,,,
[KF365] 노르웨이 생연어횟감 200g (냉장),,,,,
[두레촌] 강원도 강냉이,,,,,
[CU 픽업] 아야 셀렉션,,,,,
"나랑드사이다 제로, 245ml, 30개 13%15,000원 12,990원 (100ml당 177원) 내일(일) 도착 보장 5 (192178) 최대 650원 적립",,,,,
"너츠브라더 생호박씨, 500g, 1개 할인3%7,900원 7,600원 (100g당 1,520원) 2/11(수) 도착 예정 4.5 (654) 최대 380원 적립",,,,,
"크리스탈라이트 체리석류 에이드분말, 3.34g, 10개, 2개 28%12,960원 9,300원 (10g당 1,392원) 내일(일) 도착 보장 5 (7416) 최대 465원 적립",,,,,
[KF365] 오리주물럭 600g (200gX3개입),,,,,
[YOZM] 크리스피 그래놀라 요거트 120g,,,,,
"무료배송 햇살닭 The그릴드 닭가슴살 스테이크 5종 / 혼합, 50개, 100g 쿠폰할인64%140,000원 49,500원 (100g당 990원) 2/10(화) 도착 예정 4.5 (335) 최대 2,475원 적립",,,,,
"가족 당도선별 레드향, 2kg(중과, 7~9입), 1개 20,270원 (100g당 1,014원) 내일(일) 새벽 도착 보장 4.5 (1185) 최대 1,014원 적립",,,,,
[낭만어시장] 땡초 넣은 모듬 조개탕,,,,,
바로먹는 자숙 연근채 500g,,,,,
[CU 픽업] 말리부700ml*6입,,,,,
제주 레몬 450g (3~5입),,,,,
[주꾸미도사] 대창 주꾸미볶음 320g (냉동),,,,,
"움트리 실장님 회초장, 300g, 1개 3,250원 (100g당 1,083원) 내일(일) 새벽 도착 보장 5 (65) 최대 163원 적립",,,,,
[오넛티] 100% 땅콩버터 오리지널 포켓(30gx8개입),,,,,
"무료배송 엉클탁 국산 찹쌀, 1kg, 1개 16,610원 (100g당 1,661원) 2/13(금) 도착 예정 4.5 (24834) 최대 830원 적립",,,,,
[KF365] 1+ 한우 채끝 대용량 1kg (냉장),,,,,
[삿뽀로구루메] 홋카이도 카라멜 2종 (택1),,,,,
[존쿡 델리미트] 터키 브레스트 100g,,,,,
"파스퇴르 쾌변 사과, 150ml, 4개입, 2개 11,360원 (10ml당 95원) 내일(일) 새벽 도착 보장 5 (34517) 최대 568원 적립",,,,,
"곰곰 GAP 대추방울토마토, 1kg, 1개 7,790원 (100g당 779원) 내일(일) 새벽 도착 보장 4.5 (15143) 최대 390원 적립",,,,,
[매일유업 데르뜨] 우유크림 롤케이크 2종 (택1),,,,,
"GAP 프리미엄 금실 딸기, 420g, 1박스 22,990원 (100g당 5,474원) 내일(일) 새벽 도착 보장 4.5 (3720) 최대 1,150원 적립",,,,,
[동원] 양반 참기름 식탁김 4g X 16봉,,,,,
[하루한킷] 송탄식 부대찌개,,,,,
[유얼거트] 블루베리 그릭요거트 130g,,,,,
"[선물세트] 전통주 느린마을 옹기막걸리 (7도, 1.98L) (무아스파탐)",,,,,
"오뚜기 알뜰당면, 2.4kg, 1개 13,810원 (100g당 575원) 내일(일) 도착 보장 5 (19133) 최대 690원 적립",,,,,
"육공육 잠봉 슬라이스, 80g, 2개 51%11,960원 5,800원 (10g당 363원) 내일(일) 새벽 도착 보장 5 (9629) 최대 290원 적립",,,,,
[우리쌀 왕호두] 소시지 쌀붕어빵 (22g X 10개),,,,,
"THEHARU 동결건조과일 딸기칩, 100g, 1개 21%15,000원 11,750원 (100g당 11,750원) 내일(일) 도착 보장 4.5 (856) 최대 558원 적립",,,,,
[사조대림] 킬바사 180g,,,,,
[YOZM] 스트로베리 콩포트 그릭요거트 130g,,,,,
[CU 픽업] 도멘바로나크,,,,,
"롯데웰푸드 명가 찰떡파이, 210g, 2개 6,690원 (10g당 159원) 내일(일) 도착 보장 5 (20851) 최대 335원 적립",,,,,
[쿠퍼스] 깨곰 스틱 10포 (복숭아맛),,,,,
[차마요] Non-gmo 유부롤 튀김,,,,,
[Picard] 크루스티앙(82g*2개입),,,,,
"쌜모네키친 노르웨이산 오로라 생연어 횟감용(냉장), 200g, 1개 28%19,900원 14,290원 (100g당 7,145원) 내일(일) 새벽 도착 보장 4.5 (1277) 최대 665원 적립",,,,,
[큰행복] 제주 구움찰떡 2종 세트 (60g X 6개),,,,,
[호밍스] 나주곰탕 700g,,,,,
"곰곰 달콤한 스테비아 대추방울토마토, 1kg, 1개 9,690원 (100g당 969원) 내일(일) 새벽 도착 보장 4.5 (204037) 최대 485원 적립",,,,,
[설악젤라또] 클래식 미니컵 100mL 2종(택1),,,,,
[정관장] 아이패스J (30일분) + (쇼핑백증정),,,,,
"꽃샘 꿀 유자차 S, 2kg, 1개입, 1개 10,320원 (10g당 52원) 내일(일) 새벽 도착 보장 새 상품, 반품 (2) 5 (286) 최대 516원 적립",,,,,
[아티장 비스킷] 밀러스 베이커 앤 바리스타 비스킷 4종 (택1),,,,,
[종근당건강] 프로메가 알티지오메가3 듀얼 선물세트 (90일분),,,,,
[고야] 피티드 올리브 절임 6종 (대용량),,,,,
[고래사] 크랩모아 (2개입),,,,,
"해태제과 홈런볼 초코, 41g, 8개 8,200원 (10g당 250원) 내일(일) 도착 보장 5 (134700) 최대 381원 적립",,,,,
"한반도 쿠마토, 750g, 2팩 15,500원 (100g당 1,033원) 내일(일) 새벽 도착 보장 4.5 (7155) 최대 775원 적립",,,,,
"풀무원 메밀 지짐만두 (냉동), 400g, 2개 12%9,980원 8,710원 (100g당 1,089원) 내일(일) 새벽 도착 보장 5 (9928) 최대 435원 적립",,,,,
[청담미역] 소갈비 미역국,,,,,
[프롬바이오] 관절연골엔 보스웰리아 (15일분),,,,,
[푸드올로지] 콜레올로지 티 PRO (15일분),,,,,
"풀무원 지구식단 더넓은 두부면, 100g, 1개 2,730원 (100g당 2,730원) 내일(일) 새벽 도착 보장 5 (532) 최대 136원 적립",,,,,
[오뚜기] 백세카레 100g 3종(분말),,,,,
"마이노멀 저칼로리 케찹, 310g, 1개 39%9,200원 5,590원 (100g당 1,803원) 내일(일) 새벽 도착 보장 5 (2467) 최대 280원 적립",,,,,
MSC인증 가자미살 500g (냉동),,,,,
[뉴믹스] 믹스커피 20g X10개입 6종(택1),,,,,
"무료배송 나인플레이트 30포 하루 견과류 선물세트, 클래식 박스, 갓 구운 클래식 25g 30포, 1박스 16%36,000원 30,000원 (1세트당 30,000원) 2/11(수) 도착 예정 5 (235) 최대 1,500원 적립",,,,,
[라라스윗] 바닐라 저당콘 160mL X 4입,,,,,
"포크리퍼블리카 미국산 대패 목전지 돌돌이 (냉동), 3kg, 1개 29,900원 (100g당 997원) 내일(일) 새벽 도착 보장 4.5 (4905) 최대 1,495원 적립",,,,,
"한국야쿠르트 윌 저지방 에코, 180ml, 6개입, 1개 8,700원 (10ml당 81원) 내일(일) 새벽 도착 보장 5 (11273) 최대 413원 적립",,,,,
[바이젠호너] 마스카포네 2종 (택1),,,,,
[애슐리] 베이컨 까르보나라 떡볶이,,,,,
"건강킴 알룰로스, 1개, 620g 할인49%15,770원 7,990원 (100g당 1,289원) 내일(일) 도착 보장 4.5 (539) 최대 400원 적립",,,,,
"the푸짐한 반건조 명태 코다리 (냉동), 1개, 950g 10,490원 (100g당 1,104원) 내일(일) 새벽 도착 보장 4.5 (80) 최대 450원 적립",,,,,
[성지농장] 저탄소/동물복지 인증 한돈 삼겹살 2종 (냉장),,,,,
[오가닉스토리] 유기농 퍼프 4종,,,,,
"유기농 인증 청경채, 1개, 200g 4,990원 (100g당 2,495원) 내일(일) 새벽 도착 보장 4.5 (18) 최대 250원 적립",,,,,
"휘태커스 웨스트코스트 버터밀크 카라멜 화이트초콜릿, 100g, 1개 6,180원 (10g당 618원) 내일(일) 도착 보장 4.5 (86) 최대 309원 적립",,,,,
[커피빈] 캡틴 아메리카노 파우더 스틱 2종(택1),,,,,
"무농약 인증 논산 딸기 중과, 1개, 500g 12,340원 (100g당 2,468원) 내일(일) 새벽 도착 보장 4.5 (14) 최대 617원 적립",,,,,
[CU 픽업] 토마틴12년,,,,,
[이연복의 목란] 짜장면 2인분 & 짬뽕 2인분 (택1),,,,,
[선물세트][펠른] 위스키 더치 커피 세트 2종(택1),,,,,
[보승] 선지없이 담백한 백암식 백순대,,,,,
[고메] 정지선 셰프 딤섬 샤오롱바오 141g,,,,,
[쁘띠첼] 미초 청포도 900ml,,,,,
[솔가] 남성 멀티 선물세트(남성멀티비타민60일분+오메가3 60일분),,,,,
"차오차이 고추잡채 소스, 100g, 3개 50%10,440원 5,220원 (100g당 1,740원) 내일(일) 도착 보장 4.5 (2120) 최대 261원 적립",,,,,
[CU 픽업] 다니엘부쥬XO,,,,,
[담터] 미숫가루라떼 (20g X 12개),,,,,
[남양] 드빈치 자연방목 체다 치즈 (15+5매),,,,,
[삼양] 짱구 115g,,,,,
"곰곰 고당도 12.5brix 감귤, 1.5kg, 1박스 15,160원 (100g당 1,011원) 내일(일) 새벽 도착 보장 4.5 (14154) 최대 758원 적립",,,,,
[볼비] 두유 그릭요거트 클래식 450g,,,,,
[올쿡] 추어탕,,,,,
동결건조 다진마늘 40g,,,,,
[YOZM] 블루베리 콩포트 그릭요거트 130g,,,,,
[전주 베테랑] 김치만두,,,,,
[대흥] 간편하게 손질된 모리타니아산 데친 문어 250g (냉장),,,,,
[상하농원] 순갈색 동물복지 유정란 15구,,,,,
[나무사이로] 디카프리오 콜드브루 500mL,,,,,
"무료배송 웰콩 프리미엄 저당 올리브오일솔트 병아리콩볶음 고소담백 감칠맛 풍부해 계속 먹히는 죄책감없는 핫템 간식, 20개, 17g 할인18%22,000원 17,900원 (100g당 5,265원) 2/10(화) 도착 예정 5 (1219) 최대 895원 적립",,,,,
[자연담은] 저당 찰오곡밥 500g,,,,,
"샐러드용 양배추 채, 500g, 1개 2,940원 (100g당 588원) 내일(일) 새벽 도착 보장 4.5 (110795) 최대 147원 적립",,,,,
[해태] 연양갱 팥고구마 어쏘트팩 530g,,,,,
친환경 시금치 200g,,,,,
"곰곰 바나나 우유, 190ml, 24개 25%19,200원 14,370원 (100ml당 315원) 내일(일) 도착 보장 5 (13747) 최대 719원 적립",,,,,
"목우촌 무항생제 인증 통닭 (냉장), 1.1kg, 1개 11,950원 (100g당 1,086원) 내일(일) 새벽 도착 보장 5 (8963) 최대 598원 적립",,,,,
"풀무원 정통순두부 찌개양념, 140g, 2개 3%4,560원 4,420원 (100g당 1,579원) 내일(일) 새벽 도착 보장 5 (31189) 최대 221원 적립",,,,,
"곰곰 후렌치 바게트 빵 (냉동), 300g, 3개입 8,230원 (10g당 91원) 내일(일) 새벽 도착 보장 5 (22255) 최대 411원 적립",,,,,
"무료배송 [신년타임세일]꿀 엄선품질 산지직송 식감아삭 못난이사과, 1박스, 3kg 쿠폰할인49%22,900원 11,500원 (100g당 383원) 2/12(목) 도착 예정 4.5 (40) 최대 575원 적립",,,,,
[랩노쉬] 헤이워터 10포 3종 (택1),,,,,
[올드페리도넛] 시그니처 4종세트,,,,,
"바른곡물 국내산 무농약 귀리쌀, 800g, 1개 53%12,980원 5,980원 (100g당 748원) 내일(일) 새벽 도착 보장 5 (97) 최대 299원 적립",,,,,
[유얼거트] 마시는 블루베리 요거트 190mL,,,,,
[퀵쿠킹] 유기농 채소믹스 600g (냉동),,,,,
"[Sea to Table] 껍질벗긴 튀김용 노바시새우 20미 454g (대, 냉동)",,,,,
"무료배송 카누 미니 다크 로스트 아메리카노, 900mg, 130개입, 1개 26,900원 (10g당 2,299원) 2/11(수) 도착 예정 5 (89979) 최대 1,345원 적립",,,,,
"무료배송 하루견과 하루견과넛츠시그니처23gX100봉/견과류 하루견과 프리미엄 시그니처, 23g, 100개 86,900원 (100g당 3,778원) 2/11(수) 도착 예정 4.5 (10212) 최대 4,345원 적립",,,,,
[와인앤모어픽업]샹파뉴 루이 뒤몽 ((와인)),,,,,
"무료배송 [100박스한정특가] A급 꿀당도 부사 사과 가정용 특품 꿀사과, 1박스, 5kg 할인49%46,900원 23,790원 (100g당 476원) 2/11(수) 도착 예정 5 (105) 최대 1,190원 적립",,,,,
"냠냠바다 구운감태 (냉동), 25g, 1개, 1개입 8,750원 (10g당 3,500원) 내일(일) 새벽 도착 보장 4.5 (56) 최대 393원 적립",,,,,
"풀무원 롤유부초밥, 280g, 1개 12%7,980원 6,980원 (100g당 2,493원) 내일(일) 새벽 도착 보장 5 (21843) 최대 349원 적립",,,,,
"오징어 땅콩, 98g, 8개 34%13,300원 8,720원 (10g당 111원) 내일(일) 도착 보장 4.5 (83222) 최대 436원 적립",,,,,
"비비고 메추리알 장조림, 170g, 1개 15%3,880원 3,290원 (10g당 194원) 내일(일) 새벽 도착 보장 4.5 (1654) 최대 165원 적립",,,,,
[오뚜기]컵밥_참치마요덮밥(즉석국),,,,,
"무료배송 냉동 블루베리, 1kg, 2개 15,430원 (100g당 772원) 2/11(수) 도착 예정 4.5 (211) 최대 771원 적립",,,,,
[동원] 동원참치액 500g 2종 (택1),,,,,
"하림 자연실록 무항생제 인증 볶음탕용 닭고기 (냉장), 1kg, 1개 12%9,990원 8,780원 (100g당 878원) 내일(일) 새벽 도착 보장 5 (76181) 최대 439원 적립",,,,,
[널담] 뚱카롱 2종 (50g X 8개) (택1),,,,,
[세노비스] 수퍼바이오틱스 콜레스테롤 유산균 (30일분),,,,,
[타카라] NO.1 혼미림 준마이,,,,,
"롯데웰푸드 바삭바삭 크런키바 (냉동), 4개, 1개입, 80ml 3,720원 (10ml당 116원) 내일(일) 새벽 도착 보장 4.5 (109) 최대 186원 적립",,,,,
[와인앤모어픽업]까테나 자파타 까테나 까베르네소비뇽 ((와인)),,,,,
[올레길] 제주 슈레드 모짜렐라 치즈 (100g X 3개),,,,,
[샘표] 양조간장 701 2종 (택1),,,,,
[썬키스트] 25 팝 매일견과 350g (25gX14봉),,,,,
"게랑드 가는 토판 천일염 폴리, 500g, 1개 16%8,800원 7,360원 (100g당 1,472원) 내일(일) 도착 보장 5 (1189) 최대 368원 적립",,,,,
"비비고 직화 참기름김, 54g, 2개 22%12,960원 9,980원 (10g당 924원) 내일(일) 도착 보장 5 (22041) 최대 499원 적립",,,,,
[타르틴베이커리] 멀티그레인 컨트리 하프 500g,,,,,
[조은보담] 슬림핏 호박스틱 14포,,,,,
"느린부엌 식혜, 1L, 1개 쿠폰할인15%4,750원 4,000원 (100ml당 400원) 내일(일) 새벽 도착 보장 5 (120033) 최대 200원 적립",,,,,
"건강곡간 부드러워 먹기편한 퀵 오트밀 통, 2kg, 1개 8,980원 (100g당 449원) 내일(일) 도착 보장 4.5 (595) 최대 449원 적립",,,,,
[면사랑] 치즈 쌀떡볶이떡 400g (지퍼백),,,,,
[청정원] 우리쌀요리주맛술 410ml,,,,,
"풀무원 한끼 연두부 + 오리엔탈 유자 소스 6개입, 708g, 1세트 20%9,980원 7,900원 (100g당 1,116원) 내일(일) 새벽 도착 보장 5 (123107) 최대 395원 적립",,,,,
[것플렉스] 두부과자 6종 (택1),,,,,
"에스앤비 화이트 스튜, 2개, 160g 7,500원 (100g당 2,344원) 내일(일) 도착 보장 5 (688) 최대 375원 적립",,,,,
[푸드올로지] 지중해 아티초크 (10일분),,,,,
[그린몬스터] 다이어트 하비탈출 (14일분),,,,,
[슈퍼키친] 양념콩나물무침,,,,,
[라빈리커픽업][뱅베 내추럴특가] 레스티냑 바 뜨 페흐 부아흐 21 (와인),,,,,
"SKY 다크초코칩, 1kg, 1개 8,200원 (10g당 82원) 내일(일) 도착 보장 5 (3850) 최대 410원 적립",,,,,
[선물세트] 자연산 대하 세트 3종 (택1),,,,,
[애슐리] 쉬림프 나시고렝 볶음밥 (2개입),,,,,
"무료배송 코카콜라 칠성사이다 190ml 2종 30캔 세트, 20개 12,800원 (100ml당 337원) 2/10(화) 도착 예정 4.5 (786) 최대 640원 적립",,,,,
[CU 픽업] 아스코니솔네카버네,,,,,
"한반도 스마트팜 금실딸기 중과, 500g, 1개 11,700원 (100g당 2,340원) 내일(일) 새벽 도착 보장 4.5 (216) 최대 585원 적립",,,,,
"[미엘드] 벌꿀 시그니처 선물세트 (아카시아꿀, 밤꿀, 감로꿀, 야생화꿀)",,,,,
[CU 픽업] 까테나 샤도네이,,,,,
"청정원 특등급 국산콩 무농약 전주콩나물, 400g, 2개 4,340원 (100g당 543원) 내일(일) 새벽 도착 보장 5 (3415) 최대 217원 적립",,,,,
[스미스티] 블랙 어소트먼트 3종 선물세트,,,,,
"덴마크 테이크 얼라이브 스위티자몽, 120ml, 48개 33%22,240원 14,900원 (100ml당 259원) 내일(일) 도착 보장 5 (40523) 최대 745원 적립",,,,,
"크래미, 90g, 6개 6,320원 (100g당 1,170원) 내일(일) 새벽 도착 보장 5 (64962) 최대 316원 적립",,,,,
"네이처원 감말랭이 (냉동), 400g, 1개 10,720원 (100g당 2,680원) 내일(일) 새벽 도착 보장 4.5 (738) 최대 509원 적립",,,,,
[종근당건강] 관절연골 MSM NAG (30일분),,,,,
[쿠위] 탑후르츠 젤리 망고맛 320g,,,,,
[메종엠오] 마들렌 몽블랑,,,,,
[선물세트] 삼진어묵 1953 세트 2호 (예약일 수령),,,,,
[자연애찬] 새싹보리 동물복지 유정란 15구,,,,,
"자연다움 우리쌀로 만든 끓여먹는 솥뚜껑 누룽지, 2kg, 1개 23%17,000원 12,980원 (100g당 649원) 내일(일) 새벽 도착 보장 4.5 (27483) 최대 649원 적립",,,,,
"코카콜라 오리지널, 300ml, 24개 20,170원 (100ml당 280원) 내일(일) 도착 보장 5 (58418) 최대 1,009원 적립",,,,,
[풀무원다논] 떠먹는 액티비아 플레인 (80g X 8개),,,,,
"하이포크 무항생제 인증 한돈 앞다리 찌개용 (냉장), 1개, 300g 6,490원 (100g당 2,163원) 내일(일) 새벽 도착 보장 4.5 (1506) 최대 325원 적립",,,,,
[솔가] 마그네슘 위드 비타민B6 (107일분),,,,,
[KF365] 한돈 칼집 삼겹살 600g (냉장),,,,,
[풀무원] 철판전 3종(택1),,,,,
"백설 저당 오리엔탈 드레싱, 250g, 2개 51%9,960원 4,830원 (100g당 966원) 내일(일) 새벽 도착 보장 5 (354) 최대 241원 적립",,,,,
[26년 설] [CU 픽업] 조니워커블랙루비700,,,,,
[크라운] 참그레인 우리밀 192g,,,,,
[콜린스 다이닝] 칠리 보리 부리또 샐러드,,,,,
"청수교 자른 건푸주, 500g, 1개 6,770원 (100g당 1,354원) 내일(일) 새벽 도착 보장 4.5 (579) 최대 339원 적립",,,,,
"반찬단지 무말랭이 품은 오징어젓, 1kg, 1개 10,160원 (10g당 102원) 내일(일) 새벽 도착 보장 5 (806) 최대 508원 적립",,,,,
[1등급 한우] 목심 샤브샤브용 200g (냉장),,,,,
[삼육두유] 검은콩 호두&아몬드 두유 파우치 (190mL X 15개),,,,,
[센터커피] 디카페인 드립백 세트 (10g X 15개),,,,,
[폰타나] 스프레드 100% 330g 2종 (택1),,,,,
[순수람] 매운 채담카레 2종 (낱개/4개입) (택1),,,,,
[Dole] 후룻팝 5종 (62mL X 8개),,,,,
[조선호텔] 육개장 730g,,,,,
"광천김 이모카세 1호 김자반, 50g, 1개 23%3,000원 2,290원 (10g당 458원) 내일(일) 도착 보장 4.5 (999) 최대 115원 적립",,,,,
"리코스 라운드 나쵸칩 + 나쵸 치즈소스 2개, 654g, 1세트 10,400원 (10g당 159원) 내일(일) 도착 보장 5 (6200) 최대 520원 적립",,,,,
햇살듬뿍 토마토즙 20포,,,,,
"백설 콩기름, 1.8L, 1개 30%8,480원 5,910원 (100ml당 328원) 내일(일) 새벽 도착 보장 새 상품, 반품-미개봉 (3) 최저5,610원 5 (2078) 최대 295원 적립",,,,,
"동우 바른닭고기 닭볶음용 (냉동), 2개, 1kg 10,750원 (100g당 538원) 내일(일) 새벽 도착 보장 4.5 (1648) 최대 538원 적립",,,,,
[풀무원] 단무지와 우엉 350g,,,,,
"아임뉴트리 셀프 발효 그릭요거트 스타터 그리스 전통발효 17종 생유산균 함유, 1개, 20g 할인50%18,800원 9,400원 (100g당 47,000원) 내일(일) 도착 보장 4.5 (2508) 최대 470원 적립",,,,,
해들녘 무농약 황토 고구마 말랭이 60g,,,,,
"오뚜기 딸기쨈, 500g, 2개 11,400원 (100g당 1,140원) 내일(일) 도착 보장 5 (60358) 최대 570원 적립",,,,,
"주영엔에스 뼈엔 엠비피, 30정, 1개 36,120원 (1정당 1,204원) 내일(일) 도착 보장 5 (29908) 최대 1,806원 적립",,,,,
"백설 스테비아, 400g, 1개 50%7,980원 3,980원 (100g당 995원) 내일(일) 도착 보장 5 (4107) 최대 199원 적립",,,,,
[CU 픽업] 다렌버그드라이댐리슬,,,,,
[미식생활] 생오리 주물럭 520g,,,,,
[나투라신체라] 미니모짜렐라 120g,,,,,
[KF365] 무항생제 한돈 등심 잡채용 200g*2 (냉장),,,,,
"해슬로 손질 꽁치 (냉동), 1팩, 500g 10,490원 (100g당 2,098원) 내일(일) 새벽 도착 보장 4.5 (1083) 최대 525원 적립",,,,,
[다미원] 순살 민어 스테이크 500g (냉동),,,,,
[일양약품] 마그네슘 프리미엄 (60일분),,,,,
[KF365] 유명산지 샤인머스캣500g,,,,,
"다시다 명품 골드 쇠고기, 100g, 1개 1%4,520원 4,440원 (10g당 444원) 내일(일) 도착 보장 5 (7065) 최대 222원 적립",,,,,
[롯데웰푸드] 일품 팥빙수 (240mL X 4개),,,,,
"무료배송 무보존료 진미채 1kg, 1개 28,900원 (100g당 2,890원) 2/10(화) 도착 예정 4.5 (338) 최대 1,445원 적립",,,,,
"브레드가든 템퍼링이 되어있는 코코아파우더, 80g, 3개 12,390원 내일(일) 도착 보장 5 (749) 최대 620원 적립",,,,,
[진실된손맛] 달래장,,,,,
"무료배송 씨기프트 칵테일새우 특품 (생 새우살 냉동 대용량 깐새우 감바스용) 900g~1000g, 칵테일새우 특대 40-50미, 1개 22,890원 (100g당 2,543원) 2/10(화) 도착 예정 4.5 (7653) 최대 1,145원 적립",,,,,
[오넛티] 100% 아몬드 스프레드 230g 2종 (택1),,,,,
[발마틴] 에멘탈 토핑 슈레드 치즈 100g,,,,,
[소이조이] 대두로 만든 단백질 스낵 6종 (택1),,,,,
[나우푸드] 실리마린 (60일분),,,,,
"무료배송 원더풀피스타치오 가염, 150g, 3개 29,840원 (100g당 6,631원) 2/11(수) 도착 예정 5 (6522) 최대 1,492원 적립",,,,,
"무료배송 삼육두유 검은콩 호두 앤 아몬드 파우치, 190ml, 45개 20%30,130원 23,970원 (100ml당 280원) 2/10(화) 도착 예정 5 (8138) 최대 1,199원 적립",,,,,
[와인앤모어픽업]투핸즈 엔젤스 쉐어 ((와인)),,,,,
"[레드텅 픽업] 몰리두커, 기글팟 750ml (와인)",,,,,
"무료배송 다맘 햇 볶음땅콩, 1개 8,610원 (100g당 861원) 2/10(화) 도착 예정 4.5 (591) 최대 430원 적립",,,,,
"비비수산 깔끔하고 간편한 해물모둠 (냉동), 2개, 600g 14%17,800원 15,250원 (100g당 1,271원) 내일(일) 새벽 도착 보장 4.5 (10168) 최대 691원 적립",,,,,
[네스프레소 버츄오] 비앙코 도피오 포밀크 커피 캡슐 10개입(80mL),,,,,
[풀무원] 로스팅 정면 4입,,,,,
[타바론] 스위트 레몬그라스 (2g X 15개),,,,,
[마이셰프] 밀푀유나베&칼국수,,,,,
[일상식탁] 송탄식 부대찌개,,,,,
[CU 픽업] 1887리제르바카쇼,,,,,
[일상味소] 채끝 스테이크 250g (냉장),,,,,
[김소영 아티장의 안단테] 포인트 레이스 토마 트러플 170g,,,,,
"씨그램 플레인 탄산수, 190ml, 30개 9,980원 (100ml당 175원) 내일(일) 도착 보장 5 (4848) 최대 499원 적립",,,,,
[잔다리마을] 간식콩 골라담기 6종,,,,,
[맥시칸] 핫크리스피 통살 치킨&매콤 양념치킨소스,,,,,
[쉐푸드] 우유 핫도그 630g(70gX9개입),,,,,
[쌜모네 Light] 오로라 생연어 120g,,,,,
"이디야 통생강을 갈아넣은 제주 생강차, 20g, 1개, 15개입 40%15,000원 8,900원 (10g당 297원) 내일(일) 도착 보장 5 (28) 최대 445원 적립",,,,,
"곰곰 완숙 토마토, 1kg, 3개 15,620원 (100g당 521원) 내일(일) 새벽 도착 보장 4.5 (192969) 최대 781원 적립",,,,,
[삼립] 찬바람 불면 아침에 호빵 2종(냉동),,,,,
"남양유업 불가리스 사과, 150ml, 8개입, 1개 할인11%10,000원 8,810원 (10ml당 73원) 내일(일) 새벽 도착 보장 5 (121600) 최대 440원 적립",,,,,
"청정원 파래돌김자반 1+1, 100g, 1개 19%7,480원 5,990원 (10g당 599원) 내일(일) 도착 보장 5 (511) 최대 300원 적립",,,,,
"무료배송 천연사이다 제로, 250ml, 30개 할인15%17,900원 15,200원 (100ml당 203원) 2/11(수) 도착 예정 5 (9145) 최대 760원 적립",,,,,
"스키니퓨리티 슈링티 호박 우엉 메밀, 1.5g, 30개입, 1개 할인10%13,900원 12,510원 (10g당 2,780원) 내일(일) 도착 보장 5 (7893) 최대 625원 적립",,,,,
"일리 클래식 로스트 모카 그라운드 클라시코 분쇄원두, 모카포트, 250g, 1개 13,010원 (10g당 520원) 내일(일) 도착 보장 5 (25111) 최대 650원 적립",,,,,
친환경 베이비 리프 믹스 120g,,,,,
[선물세트] 친정갈비 양념 돼지갈비 선물세트 3.6kg,,,,,
"무료배송 가온애 고소한 피칸, 1개, 300g 할인3%10,800원 10,470원 (100g당 3,490원) 2/10(화) 도착 예정 5 (25) 최대 524원 적립",,,,,
"냉동 명태 (냉동), 1개, 1.3kg 62%19,000원 7,190원 (100g당 553원) 내일(일) 새벽 도착 보장 4.5 (757) 최대 360원 적립",,,,,
[해표] 스페인산 엑스트라버진 올리브유 900mL,,,,,
"상하치즈 쫄깃하고 고소한 슈레드 치즈 모짜렐라, 80g, 5개입, 1개 10,480원 (10g당 262원) 내일(일) 새벽 도착 보장 5 (1116) 최대 524원 적립",,,,,
[고디바] 까레 어쏘트먼트 85% 9P,,,,,
"무료배송 제주삼다수 그린 무라벨, 330ml, 40개 9%32,000원 28,900원 (100ml당 219원) 2/12(목) 도착 예정 5 (729950) 최대 1,445원 적립",,,,,
[CU 픽업] 스카이피치,,,,,
"무료배송 정읍명품 귀리 5kg 잡곡 국산 25년도 햇귀리쌀, 1개 할인22%37,500원 29,020원 (100g당 580원) 2/10(화) 도착 예정 4.5 (7945) 최대 1,451원 적립",,,,,
[차려낸] 명태 듬뿍 속초식 회냉면 2인분,,,,,
[포스트] 그래놀라 블루베리 500g,,,,,
[정관장] 홍이장군 3단계 (30일분),,,,,
[엔젯오리진] 프리미엄 프로폴리스 구강 스프레이 15ml x  3개입,,,,,
[그래인스 쿠키] 샤르망 (36개),,,,,
[고디바] 까레 어쏘트먼트 20P,,,,,
[옆집꽃님이네] 제주 제육 볶음 600g (냉동),,,,,
"[레드텅 픽업] 샴페인 모드 셀렉션, 브륏 리저브(전용 케이스&쇼핑백) 750ml (와인)",,,,,
[녹차원] 제주 말차 라떼 (18g X 10개),,,,,
"주비푸드 케이퍼 & 홀스래디쉬 소스, 60g, 6개 8,570원 (100g당 2,381원) 내일(일) 새벽 도착 보장 5 (7525) 최대 429원 적립",,,,,
[도시곳간] 7days 건강 반찬 세트 - 월요일,,,,,
[Gutsys] 것시스 이지 픽 프로바이오틱스 (30일분),,,,,
"포크리퍼블리카 미국산 대패 목전지 돌돌이 (냉동), 1kg, 1개 11,900원 (100g당 1,190원) 내일(일) 새벽 도착 보장 4.5 (4905) 최대 595원 적립",,,,,
[도제식빵] 리코타치즈 샤인머스켓 산도,,,,,
[바오담] 약식 300g,,,,,
[중앙닭강정] 오리지널 보통맛 1kg (냉동),,,,,
"복만네 콩국수용 콩가루, 850g, 1개 6,790원 (100g당 799원) 내일(일) 도착 보장 5 (7764) 최대 340원 적립",,,,,
"팜앤푸드 트리플 베리믹스 (냉동), 1kg, 1개 12,900원 (100g당 1,290원) 내일(일) 새벽 도착 보장 5 (5083) 최대 595원 적립",,,,,
[간판없는집] 떡듬뿍 꽈리 소갈비찜,,,,,
"맑은물에 요리하기 편리한 하얀숙주, 500g, 1개 1,600원 (100g당 320원) 내일(일) 새벽 도착 보장 4.5 (17522) 최대 80원 적립",,,,,
[페이브] 딜라이트 디카페인 블렌드 원두 200g,,,,,
[포트'럭] 제주가 말린 옥돔 350g (대) (냉동),,,,,
[와인앤모어픽업]가브리엘 애슐리 까베르네 소비뇽 알렉산더 밸리 ((와인)),,,,,
[떡찌니] 우리쌀 유기농 떡국떡 2종 500g (택1),,,,,
[롯데웰푸드] 구구 스트로베리&크림치즈 아이스크림 3종,,,,,
[CU 픽업] 코디치 비앙코 스위트,,,,,
"요플레 오리지널 딸기, 85g, 20개 12,680원 (10g당 75원) 내일(일) 새벽 도착 보장 5 (59839) 최대 634원 적립",,,,,
"풀무원 새콤달콤 국산콩 두부로 만든 유부초밥, 330g, 1개 1%7,980원 7,830원 (100g당 2,373원) 내일(일) 새벽 도착 보장 5 (48385) 최대 391원 적립",,,,,
"안심곳간 습식 쌀가루 멥쌀가루, 1개, 1kg 33%8,900원 5,900원 (100g당 590원) 내일(일) 도착 보장 5 (5) 최대 295원 적립",,,,,
"무료배송 사진그대로출고 프리미엄 혼합과일선물세트, 1개 쿠폰할인59%99,000원 39,800원 (1세트당 39,800원) 모레(월) 도착 예정 5 (152) 최대 1,990원 적립",,,,,
[트롤리] 사우어 글로웜즈 미니스 200g,,,,,
[CU 픽업] 레쿠폴레,,,,,
[교아당] 우리쌀 감귤 오란다 (30g X 9개),,,,,
[부산 다리집] 떡볶이&어묵탕 세트,,,,,
[선물세트] HUGO&VICTOR 휘낭시에&사브레 쿠키 6종 세트 (12개입),,,,,
"클룹 애사비소다 매실 제로, 24개, 500ml 26,390원 (100ml당 220원) 내일(일) 도착 보장 5 (431) 최대 1,320원 적립",,,,,
"무료배송 [신년특가] 과일여왕 국내산 청송 가정용 초특가 부사 사과, 1박스, 5kg 신선포장 쿠폰할인65%74,000원 25,900원 (100g당 518원) 2/13(금) 도착 예정 3.5 (53) 최대 1,295원 적립",,,,,
"아침에주스 유기가공식품인증 토마토주스, 900ml, 1개 3,910원 (100ml당 434원) 내일(일) 새벽 도착 보장 5 (21353) 최대 195원 적립",,,,,
"수향미 골든퀸 3호 백미, 4kg, 1개, 특등급 22,900원 (100g당 573원) 내일(일) 도착 보장 5 (61405) 최대 1,145원 적립",,,,,
[롯데] 목캔디 허브민트 2종 (택1),,,,,
"햇반 백미밥, 210g, 12개 18%15,800원 12,900원 (100g당 512원) 내일(일) 도착 보장 새 상품, 반품-미개봉 (50) 최저11,000원 5 (442771) 최대 645원 적립",,,,,
[도드람한돈] 목심 구이용 500g (냉장),,,,,
[초록원] 저당 감귤차 530g,,,,,
[올바른] 혈당케어 식후혈당관리 바나바잎 추출물 (60일분),,,,,
"입술명란 짜먹는 명란젓 (냉동), 110g, 1개 7,150원 (10g당 650원) 내일(일) 새벽 도착 보장 5 (1045) 최대 358원 적립",,,,,
"테일러 딥워터 자몽, 180ml, 4개 17,640원 (100ml당 2,450원) 내일(일) 도착 보장 새 상품, 반품-미개봉 (5) 최저16,750원 5 (1143) 최대 882원 적립",,,,,
"올푸릇 무농약 인증 레몬, 450g, 1개 6,660원 (100g당 1,480원) 내일(일) 새벽 도착 보장 5 (21) 최대 333원 적립",,,,,
[파볼] 100% 과일로 만든 딸기 잼 240g,,,,,
[풀무원다논] 요거톡 8종 (택1),,,,,
[네스프레소 버츄오] 더블 에스프레소 스쿠로 커피 캡슐 10개입(80mL),,,,,
[헬리오스] 과일잼 포션 4종 (25gx10개입) (택1),,,,,
"농심 사리곰탕 큰사발면 111g, 16개 16,490원 (1개당 1,031원) 내일(일) 도착 보장 새 상품, 반품-미개봉 (90) 최저12,590원 5 (14777) 최대 825원 적립",,,,,
[퀴네] 피클드 게르킨스 670g,,,,,
[바른생선] 손질 주꾸미 700g (냉동),,,,,
"베트남산 두리안 (냉동), 450g, 1봉 15,700원 (100g당 3,489원) 1,000원 와우 가입 쿠폰 내일(일) 새벽 도착 보장 4.5 (8014) 최대 735원 적립",,,,,
[해통령] 육수링 2종,,,,,
[덴마크] 소화가 잘되는 우유로 만든 초코우유 (190mL X 24개),,,,,
[GNC] 우먼스울트라메가 멀티비타민 앤 미네랄 선물세트 (90일분)+쇼핑백,,,,,
"무료배송 산과들에 원데이 코코너츠 화이트 30봉 / 코코넛 하루견과, 20g, 30개 할인17%15,300원 12,630원 (100g당 2,105원) 2/10(화) 도착 예정 5 (4081) 최대 631원 적립",,,,,
"돌 용과, 1.75kg(4입), 1개 13,080원 (100g당 747원) 내일(일) 새벽 도착 보장 4.5 (13912) 최대 654원 적립",,,,,
[달콤트리] 13brix이상 고당도 제주 감귤 1.5kg (박스),,,,,
[죽장연] 프리미엄 전통된장 960g,,,,,
"오뚜기 쌀핫케이크 믹스, 400g, 1개 5,000원 (100g당 1,250원) 내일(일) 도착 보장 5 (22608) 최대 250원 적립",,,,,
[오랩] 요리란 (난백),,,,,
[브레밀] 버터듬뿍 소금빵 (75g X 4개),,,,,
"전통참한우 알사태 1등급 수육용 (냉장), 500g, 1개 28%25,900원 18,470원 (100g당 3,694원) 내일(일) 새벽 도착 보장 4.5 (2857) 최대 924원 적립",,,,,
[프롬바이오][선물세트] 위건강엔 매스틱 (60일분)(+쇼핑백증정),,,,,
[CU 픽업] 보테가화이트골드,,,,,
[선물세트] 인텔리젠시아 드립백 세트,,,,,
[2개 구매시 30%특가][방방곡곡] 정통 부산식 밀면 (2인분),,,,,
"아산율림영농조합 중국산 잣, 1개, 100g 11,900원 (100g당 11,900원) 내일(일) 새벽 도착 보장 4.5 (574) 최대 595원 적립",,,,,
[몬타이] 칠리샤브수끼소스,,,,,
"무료배송 통영 생굴 최상급 (오후 6시 이전 주문시 당일발송), 1개, 5kg 쿠폰할인41%97,900원 57,500원 (100g당 1,150원) 모레(월) 도착 예정 4.5 (15124) 최대 2,875원 적립",,,,,
[원에이커팜] 친환경 GAP 딜 10g,,,,,
[해태] 신쫄이 샤인머스캣 96g (8개입),,,,,
[라빈리커픽업]피오체사레 피오딜레이 샤도네이 22 (와인),,,,,
[타바론] 로얄 캐모마일 (1.5g X 15개),,,,,
[사평] 저수분 키마카레 4종 (택1),,,,,
[어메이징 오트] 롤드오트&오트브란 믹스 오트밀 2종 (택1),,,,,
[BNR17] 비에날씬 플러스 (90일분),,,,,
[존쿡델리미트] 캔사스 폭립 460g,,,,,
[햇살굽는집] 우리밀 견과류 깜빠뉴 200g,,,,,
"곰곰 완숙 토마토, 1kg, 1개 5,480원 (100g당 548원) 내일(일) 새벽 도착 보장 4.5 (192973) 최대 274원 적립",,,,,
"무료배송 대왕오징어 몸채 4kg 무라 냉동오징어채 무라사키 업소용 짬뽕용 튀김용 볶음용, 1개 27,000원 (100g당 675원) 2/11(수) 도착 예정 5 (35) 최대 1,350원 적립",,,,,
[26년 설] [CU 픽업] 15년숙성매취순3본,,,,,
친환경 버라이어티 쌈채소 모둠 700g,,,,,
[크라제] 봉골레 스파게티 (2개입),,,,,
[강훈목장] 수제 드링크 요거트 블루베리 500mL,,,,,
[라빈리커픽업][신년 특가] 신퀀타 꼴레지오네 블랙 에디션 (와인),,,,,
"국산 평창 햇잣 50g 2종 (황잣, 백잣)",,,,,
[라빈리커픽업]자이언트스텝스 야라밸리 샤도네이 21 (와인),,,,,
[애슐리] 오징어 불고기 볶음밥 (2개입),,,,,
"무료배송 마이노멀 알룰로스, 500g, 2개 할인4%15,520원 14,820원 (100g당 1,482원) 2/11(수) 도착 예정 5 (75226) 최대 741원 적립",,,,,
[페이브] 하우스 블렌드 원두 250g 2종(택1),,,,,
[리졸리] 앤초비,,,,,
[선물세트] 노블 메이플 시럽 선물세트 (240mL X 2입),,,,,
"선진포크한돈 앞다리살 찌개 (냉장), 500g, 2팩 17,920원 (100g당 1,792원) 내일(일) 새벽 도착 보장 5 (10880) 최대 896원 적립",,,,,
[오뚜기] 옛날사리당면 100g (국산전분100),,,,,
"베티나르디 얼그레이티, 1.5g, 30개입, 1개 8,430원 (10g당 1,873원) 내일(일) 도착 보장 5 (764) 최대 421원 적립",,,,,
[진가네반찬] 호박새우젓양념조림,,,,,
"무료배송 상주 곶감 황제 선물세트 반건시 건시 로얄과 특품 꽃감 곶감선물세트, 30개, 중과(40g~50g) 할인64%150,000원 53,500원 (100g당 3,567원) 2/11(수) 도착 예정 5 (600) 최대 2,675원 적립",,,,,
[하이디라오소스로 만든] 마라탕 2인분,,,,,
"무료배송 탈각 구운 상급 피스타치오 무염 500 1000g 원산지이란 페르시아 원조 피스타치오, 1개, 1kg 할인26%74,230원 54,230원 (100g당 5,423원) 3/13 도착 예정 5 (16) 최대 2,711원 적립",,,,,
뽀로로 한입 약과 (120g x 3개입),,,,,
[푸라닭] 통 닭다리 구이 5종,,,,,
[도리깨침] 미니 월남쌈 (1인분),,,,,
"아카페라 사이즈업 아메리카노, 350ml, 20입 19,860원 (100ml당 284원) 내일(일) 새벽 도착 보장 5 (6173) 최대 993원 적립",,,,,
[CU 픽업] 페냐롤렌쉬라,,,,,
"무료배송 사과식감 프리미엄 고당도 샤인머스켓, 1박스, 2kg (5~6수) 쿠폰할인73%52,800원 13,870원 (100g당 694원) 2/12(목) 도착 예정 4 (4269) 최대 616원 적립",,,,,
[선물세트] 조선호텔 소갈비찜 (3개입),,,,,
[마음이가] 행복을 전하는 선물세트 (꿀떡/바람떡/흑임자찹쌀떡/이북식인절미),,,,,
"오설록 오 땡큐 티 선물세트, 티박스 6종, 1개 26%28,800원 21,200원 (1세트당 21,200원) 내일(일) 도착 보장 5 (1997) 최대 1,007원 적립",,,,,
[멘즈앤가서] 과일잼 5종,,,,,
[MEGGLE] 식물성 가당 휘핑 스프레이 250g,,,,,
[태우한우] 1+ 한우 설깃 산적용 200g (냉장),,,,,
"무료배송 초록수산 완도산 생곰피미역 쇠미역 2kg, 생곰피미역 2kg, 1개 할인31%15,900원 10,900원 (100g당 545원) 2/10(화) 도착 예정 4.5 (567) 최대 515원 적립",,,,,
[블랑제리코팡] 통밤식빵 410g,,,,,
[RARE : 레어] 1++(8) 한우 뉴욕스트립 스테이크 350g,,,,,
[신라명과] 미니 핫도그번 (27g X 12개),,,,,
[요시자와] 생강 편초 절임,,,,,
[셀렉스] 프로틴 고소한맛 304g (8일분),,,,,
[오뚜기] 사과잼 500g,,,,,
[까사델리카] 광어 세비체,,,,,
[베베피쉬] 국산 다진 멸치살 90g,,,,,
"동원 저스트 노슈가 파인애플 통조림, 1개, 425g 3,040원 (10g당 72원) 내일(일) 새벽 도착 보장 5 (1749) 최대 152원 적립",,,,,
[25-26 햇올리브][발더라마] 아르베키나 250mL,,,,,
[비비고] 썰은 배추김치1.8kg,,,,,
[원래 참치] 참치 캔 4개입,,,,,
"GAMI 중국산 훈제오리 슬라이스 (냉동), 800g, 2개 18,330원 (100g당 1,146원) 내일(일) 새벽 도착 보장 5 (8964) 최대 916원 적립",,,,,
[서주] 초코리치바 (70mL X 10개),,,,,
[KF365] 1등급 닭 안심살 2종  (냉장),,,,,
[타바론] 버라이어티 12종 선물세트,,,,,
"탐사 샘물, 2L, 18개 41%14,970원 8,690원 (100ml당 24원) 내일(일) 도착 보장 5 (271858) 최대 435원 적립",,,,,
"[RU21] 웨이크업 스틱 20g x 10포 (사과, 꿀배, 망고, 복숭아) 4종 (택1)",,,,,
[낫띵베럴] 드링킷 유기농 호박즙 24포,,,,,
[CJ] 바이오코어 건강한 생 유산균 500억 선물세트 (60일분) (+쇼핑백증정),,,,,
"곰표 붕어빵 믹스, 1kg, 1개 4,100원 (100g당 410원) 내일(일) 도착 보장 4.5 (1226) 최대 205원 적립",,,,,
"무료배송 맥심 모카골드 커피믹스 180T, 12g, 180개입, 1개 28,620원 (10g당 133원) 2/11(수) 도착 예정 4.5 (1399) 최대 1,431원 적립",,,,,
[종근당건강] 아임비타 비타민B 컴플렉스 1박스 (2개월분),,,,,
"풀무원다논 그릭 설탕무첨가 플레인, 90g, 8개입, 2개 할인18%12,960원 10,560원 (10g당 73원) 내일(일) 새벽 도착 보장 5 (78209) 최대 528원 적립",,,,,
[생미쉘] 미니 초코칩 마들렝 (175g x 2개),,,,,
[CU 픽업] 파고아일레스델에레로,,,,,
[Kurly's] 동물복지 생 닭 1050g,,,,,
"무료배송 재로우 우먼 펨-도필러스 유산균 10억 베지테리안 캡슐, 60정, 1개 할인38%44,940원 27,520원 (1정당 459원) 2/10(화) 도착 예정 5 (78580) 최대 1,376원 적립",,,,,
[라빈리커픽업][뱅베 내추럴특가] 제호인 가가 18 (와인),,,,,
[베베쿡] 빼빼롱뻥 4종 (택1),,,,,
[권영원 소담정찬] 귀족서리태 볶은콩가루250g  2종,,,,,
"오리온 진한 디저트 케익 오뜨 치즈, 288g, 2개 23%12,000원 9,240원 (10g당 160원) 내일(일) 도착 보장 5 (12251) 최대 462원 적립",,,,,
[한둘] 국산 무농약콩으로 만든 두부 2종 (찌개용/부침용),,,,,
[동서] 애사비콤부차 레몬라임 30개입,,,,,
[브레댄코] 리얼 브라우니 쿠키 2종 (택1),,,,,
[자연에찬] 모듬피클,,,,,
[원에이커팜] 홈파티 허브 가니쉬 4종,,,,,
[하겐다즈] 크리스피 샌드위치 아이스크림 4종 (60mL X 3개) (택1),,,,,
[서울우유] 국산우유로 만든 연유 500g,,,,,
"롯데웰푸드 밀크카라멜, 50g, 1개 쿠폰할인30%700원 490원 (10g당 98원) 내일(일) 새벽 도착 보장 5 (441) 최대 25원 적립",,,,,
"무료배송 [농협] 2025년 햅쌀 대왕님표 여주쌀 진상미 10kg, 상등급, 1박스 42,700원 (100g당 427원) 2/11(수) 도착 예정 5 (774) 최대 2,135원 적립",,,,,
[라빈리커픽업] 알마비바 22 (와인),,,,,
[헬카페] 디카페인 콜드브루 500mL,,,,,
[아킬레아] 유기농 헤이즐넛 카카오 스프레드 200g,,,,,
"무료배송 [완전할인] 고당도 서귀포 효돈감귤 밀감, 1개, 효돈직송 중대과 10kg 쿠폰할인76%81,000원 18,900원 (100g당 189원) 2/14 도착 예정 3 (228) 최대 945원 적립",,,,,
가바(GABA) 대추방울토마토 500g,,,,,
"매일우유 초콜릿, 200ml, 24개 17%18,000원 14,900원 (100ml당 310원) 내일(일) 도착 보장 5 (31559) 최대 745원 적립",,,,,
[롯데] 크런키볼 76g,,,,,
더 건강한 생강청 600g,,,,,
[생미쉘] 마들렝 250g,,,,,
"빌트루 진한 헛개수 진액 헛개차 원액, 1개, 480g 8%13,900원 12,770원 (100g당 2,660원) 내일(일) 도착 보장 5 (459) 최대 639원 적립",,,,,
[광동] 솔표 위청수 골드액 (75mL X 10개),,,,,
[풀무원] 몽글몽글 옛순두부 450g,,,,,
[일양약품] 아르기닌 6200 스피드액 20g x 14포,,,,,
"자연다움 쌀눈이 살아있는 국내산 바삭 현미누룽지, 33g, 10개 20%10,000원 7,980원 (100g당 2,418원) 내일(일) 새벽 도착 보장 4.5 (7833) 최대 399원 적립",,,,,
[비타바움] 퓨어비타민C 500 (7일분),,,,,
[와인앤모어픽업]까테나 자파타 까테나 알타 말벡 ((와인)),,,,,
[다미원] MSC인증 명태 슬라이스 300g (냉동),,,,,
냉동 깐 람부탄 500g (베트남산),,,,,
[선물세트] 고당도 황금왕 사과세트 4.2kg (11입),,,,,
"무료배송 고추장 찍어 먹는 햇멸치 500g, 1개 32%28,500원 19,380원 (100g당 3,876원) 2/11(수) 도착 예정 4.5 (9926) 최대 969원 적립",,,,,
[오설록] 삼다 꿀배티 티백 (2g X 20개),,,,,
"한숟갈 새우젓, 200g, 1개 5,830원 (10g당 292원) 내일(일) 새벽 도착 보장 5 (268) 최대 291원 적립",,,,,
"몽쉘 생크림케이크 오리지널 12개입, 408g, 1개 5,160원 (10g당 126원) 내일(일) 새벽 도착 보장 5 (4658) 최대 258원 적립",,,,,
"모모야 라유 일본 고추기름 소스, 110g, 1개 15%9,480원 7,970원 (100g당 7,245원) 내일(일) 도착 보장 4.5 (1344) 최대 399원 적립",,,,,
[메이지] 마카다미아 초콜릿 64g,,,,,
[집반찬연구소] 저당 두부 강된장,,,,,
[의성眞] 부사+시나노골드 3kg(11~12입),,,,,
[장터만두] 시장 김치 만두 840g,,,,,
[아밀리아파크] 호주산 프라임 램 프렌치 랙 300g (냉장),,,,,
[폰타나] 나폴리 미트 라구 파스타소스 600g,,,,,
"청정원 특등급 국산콩 무농약 전주콩나물, 400g, 1개 2,240원 (100g당 560원) 내일(일) 새벽 도착 보장 5 (3416) 최대 112원 적립",,,,,
"해남고구마 해남에서 만든 반시고구마 꿀, 60g, 5개 11,500원 (100g당 3,833원) 내일(일) 도착 보장 4.5 (8704) 최대 575원 적립",,,,,
[빕스] 1997 스테이크,,,,,
[삼양] 불닭 납작당면 2종 (택1),,,,,
[랩노쉬] 프로틴 파우더 블랙업 900g,,,,,
"무료배송 야채삼촌 알배기 쌈배추 2통/6통/12통, 6개 쿠폰할인13%14,900원 12,900원 2/10(화) 도착 예정 4 (2536) 최대 645원 적립",,,,,
[카수가이] 오부쿠로 와사비마메 227g,,,,,
[오뚜기] 뿌셔뿌셔 양념치킨맛 90g,,,,,
[올가] 발아 옥수수차 500g,,,,,
[마이노멀] 저당 알룰로스 초코볼 4종 (택1),,,,,
"방앗간청년 압력으로 볶은 국산 100% 보리차 옥수수차, 1세트, 2개입, 500g 31%21,800원 14,980원 내일(일) 도착 보장 5 (2765) 최대 749원 적립",,,,,
[공덕농협] 우리쌀로 만든 떡국떡 1kg,,,,,
"곰곰 김자반, 50g, 2개 30%6,000원 4,190원 (10g당 419원) 내일(일) 도착 보장 5 (47457) 최대 210원 적립",,,,,
"한방선생 국산 건생강 특품, 150g, 1개입, 1개 32%15,900원 10,700원 (10g당 713원) 내일(일) 도착 보장 4.5 (760) 최대 508원 적립",,,,,
[셀리니] 에스프레소 병 100g,,,,,
[PPUL] 1++(9) 한우 채끝 스테이크 250g (냉장),,,,,
[바다숲] 모듬해초 (5봉),,,,,
[트롤리] 할로윈 파티 381g,,,,,
[진미언양불고기] 언양식 소불고기,,,,,
[Graze Cattle]자유방목 호주산 소고기 목초 앞다리 국거리200g,,,,,
[켈로그] 오곡 첵스초코 스노우 초코볼 420g,,,,,
"오뚜기 생쫄면 4인가족세트, 904g, 1개 7,540원 (100g당 834원) 내일(일) 새벽 도착 보장 5 (3735) 최대 377원 적립",,,,,
[자연실록] 동물복지 닭 다리 400g (냉장),,,,,
[정관장] 다보록 감사가편 + (리본포장 및 쇼핑백 증정),,,,,
"송표 프라임 양조간장, 900ml, 1개 5,720원 (100ml당 636원) 내일(일) 도착 보장 5 (16950) 최대 286원 적립",,,,,
"파인토 스테비아 대추방울토마토, 500g, 1개 5,990원 (100g당 1,198원) 내일(일) 새벽 도착 보장 4.5 (22797) 최대 300원 적립",,,,,
"밀양 연근(햇), 500g, 1개 4,950원 (100g당 990원) 500원 와우 가입 쿠폰 내일(일) 새벽 도착 보장 4.5 (8756) 최대 223원 적립",,,,,
[GRN] CLA 다이어트 다홍이 팻버닝 PTP 1박스 (10일분),,,,,
"넛츠데이 건크랜베리, 600g, 1개 20%9,000원 7,150원 (100g당 1,192원) 내일(일) 도착 보장 4.5 (1237) 최대 358원 적립",,,,,
[도량] 철가방요리사 임태훈 셰프의 짬뽕 (2인분),,,,,
[잔다리마을] 볶은 검은콩가루 220g,,,,,
[유혜광돈까스] 수제 경양식 통등심 돈까스 280g,,,,,
"풀무원 저당쌈장 고소한맛, 180g, 1개 3,420원 (100g당 1,900원) 내일(일) 새벽 도착 보장 4.5 (92) 최대 171원 적립",,,,,
[스위스미스] 핫 코코아 믹스 737g 2종 (택1),,,,,
"[전통주] 호감 370mL 5입*전용잔 1p세트 (6도 370ml * 5 , 전용잔 1P)",,,,,
"무료배송 [삼원농산] 찹쌀 10kg, 1개 37,500원 (100g당 375원) 2/12(목) 도착 예정 4.5 (2310) 최대 1,875원 적립",,,,,
"리챔 오리지널, 120g, 10개 35%28,000원 17,950원 (10g당 150원) 내일(일) 도착 보장 5 (94419) 최대 898원 적립",,,,,
"동화약품 부채표 까스활액, 75ml, 10개 24%10,450원 7,840원 (100ml당 1,045원) 내일(일) 새벽 도착 보장 5 (6918) 최대 392원 적립",,,,,
"풀무원 한끼 연두부 + 오리엔탈 유자 소스 6개입, 708g, 2세트 26%19,960원 14,760원 (100g당 1,042원) 내일(일) 새벽 도착 보장 5 (123108) 최대 738원 적립",,,,,
"foodi 히말라야 핑크솔트 그라인더, 100g, 1개 5,000원 (100g당 5,000원) 내일(일) 도착 보장 4.5 (238) 최대 250원 적립",,,,,
[CU 픽업] 스텔라740ml*15캔,,,,,
"무료배송 해나식품 생강 가루 분말, 1개, 500g 10,900원 (10g당 218원) 2/11(수) 도착 예정 4.5 (1096) 최대 396원 적립",,,,,
[더플랜] 목련 짜장 오당볶이,,,,,
[선물세트] 기장산 미역다시마 세트,,,,,
[나무사이로] 하우스 블렌드 드립백 (10g X 5개),,,,,
[아티제] 미니 티라미수 2종 세트 205g,,,,,
[선물세트] 사비니 트러플 종합세트 1호,,,,,
"간편한 셀러리 스틱, 150g, 2개 2,750원 (100g당 917원) 내일(일) 새벽 도착 보장 4.5 (17373) 최대 138원 적립",,,,,
[프레시오늘] 윤성순 장모님 파주 장단콩 서리태콩국850ml,,,,,
[미니막스 랩] 키성장 솔루션 파우더 (30일분) 2종 (택1),,,,,
[크라운] 죠리퐁 마시멜로 195g (39g x 5팩),,,,,
꿀 밤고구마 3kg,,,,,
[대상웰라이프] 아르포텐 에너지샷 10개입,,,,,
[떡편] 찰떡 세트(곶감찰떡+흑미찰떡) 450g,,,,,
[블랑제리코팡] 소금빵 (60g X 3개),,,,,
[동화약품] 부채표 미인활 75ml 10입,,,,,
친환경 잎채소 치커리 100g,,,,,
[모현상회] 자연산 광어 스테이크 150g (냉동),,,,,
[후디스] 유기농 그릭 요거트 달지않은 플레인 450g,,,,,
[둥구나무 : 자연그대로] 버섯들깨탕,,,,,
"[선물세트] 전통주 느린마을 여정세트 (7도,12도,21도, 375mL*3입)",,,,,
[전통주] 배혜정도가 우곡생주 생막걸리 무아스파탐 (10도 750mL),,,,,
[사조대림] 오양맛살E 500g,,,,,
"무료배송 햇님마을 고소함이 가득한 우리집 깨소금, 100g, 1개 72%34,950원 9,660원 (100g당 9,660원) 2/13(금) 도착 예정 5 (8584) 최대 483원 적립",,,,,
[올바르고 반듯한] 감자 모짜 찰핫도그,,,,,
"무료배송 산과들에 마이포켓넛츠 하루견과, 50개 할인22%21,900원 17,000원 (1세트당 340원) 2/11(수) 도착 예정 4.5 (1046) 최대 841원 적립",,,,,
"곰곰 대용량 반달 단무지, 2.5kg, 1팩 7,820원 (100g당 313원) 내일(일) 새벽 도착 보장 5 (3232) 최대 391원 적립",,,,,
"넛츠데이 건망고 슬라이스, 600g, 1개 42%18,900원 10,900원 (100g당 1,817원) 내일(일) 도착 보장 4.5 (1617) 최대 545원 적립",,,,,
[비브리브] 고단저당 꼬박꼬밥 7개입 7종 (택1),,,,,
[CU 픽업] 탐나불린더블캐스크,,,,,
"[레드텅 픽업] 나파 하이랜즈, 메를로 750ml (와인)",,,,,
[더 더치] 룰레 프랑스 롤 과일 크림치즈 3종,,,,,
"매일바이오 드링킹 플레인, 250ml, 4개입, 1개 5,150원 (10ml당 52원) 내일(일) 새벽 도착 보장 5 (40145) 최대 258원 적립",,,,,
[CU 픽업] 크레스만모노폴레드,,,,,
"동화약품 부채표 가을생강쌍화, 100ml, 10개 6,000원 (100ml당 600원) 내일(일) 도착 보장 5 (12650) 최대 300원 적립",,,,,
[김정배명인] 양념새우젓 150g,,,,,
[CU 픽업] 펜폴즈 맥스 샤도,,,,,
[비움반찬] 양배추찜&우렁강된장,,,,,
[배리웨이] 프루틴쉐이크 7개입 파우치 2종 (택1),,,,,
인기 조개모음 5종 (생물) (택1),,,,,
"두보식품 바른곡물 병아리콩, 2kg, 1개 18%9,800원 7,980원 (100g당 399원) 내일(일) 새벽 도착 보장 5 (1428) 최대 399원 적립",,,,,
[CJ] 한뿌리 인삼대보 병 10입,,,,,
[포트'럭] 국산 명주조개 500g (생물),,,,,
"덴로쿠 스낵믹스, 294g, 1개 38%16,000원 9,830원 (10g당 334원) 내일(일) 도착 보장 4.5 (10109) 최대 491원 적립",,,,,
"오뚜기프레스코 미트 스파게티소스, 600g, 2개 10,380원 (100g당 865원) 내일(일) 도착 보장 5 (38140) 최대 519원 적립",,,,,
[돈마루] 한돈 삼겹살 2종 (냉장),,,,,
[키즈텐] 어린이 철분제 5중 기능성 플러스 (30일분),,,,,
"무료배송 횡재미가 백미 햅쌀 20kg, 1개 59,490원 (100g당 297원) 2/11(수) 도착 예정 3.5 (1161) 최대 2,975원 적립",,,,,
[카누] 캡슐 커피 싱글오리진 3종(택1)(네스프레소 호환),,,,,
[FELT] 디카페인 콜드브루 500mL,,,,,
"청정원 요리한수 오징어볶음 양념, 140g, 1개 1,680원 (100g당 1,200원) 내일(일) 새벽 도착 보장 5 (1021) 최대 84원 적립",,,,,
[허벌랜드] 키즈 오메가3 DHA 60구미,,,,,
[맘스포뮬러] 맘스포뮬러 2단계 (30일분),,,,,
"타바스코 핫소스, 350ml, 1개 11,240원 (100ml당 3,211원) 내일(일) 도착 보장 5 (31828) 최대 562원 적립",,,,,
"갈로 씬 3분 스파게티, 400g, 4개 50%12,000원 6,000원 (100g당 375원) 내일(일) 도착 보장 5 (307) 최대 300원 적립",,,,,
"농심 사리면 110g, 15개 4,860원 (100g당 295원) 내일(일) 도착 보장 5 (80297) 최대 243원 적립",,,,,
[원에이커팜] 레드쏘렐 10g,,,,,
[르네디종] 홀그레인 머스터드 820g,,,,,
[레오나르디] 모데나산 발사믹 비니거 DOP 엑스트라베키오 (골드라벨),,,,,
유기농 잡곡 적두 (팥) 500g,,,,,
[마이노멀 x YOZM] 저당 그릭요거트 알룰로스 블랜드 100g,,,,,
수향미 4kg,,,,,
"왕즈허 즈마장 땅콩 참깨 소스, 225g, 2개 5,230원 (100g당 1,162원) 내일(일) 도착 보장 5 (12443) 최대 261원 적립",,,,,
[에치와이] 갓비움 4종 (택1),,,,,
[우드앤브릭] 호두 크림치즈 바게트,,,,,
"익스트림 듀얼 아르기닌 플러스 1000mg, 120정, 120g, 1개 51%30,000원 14,500원 (1정당 121원) 내일(일) 도착 보장 새 상품, 반품-미개봉 (3) 최저12,650원 5 (14556) 최대 653원 적립",,,,,
[진가네반찬] 아삭이고추 장아찌,,,,,
"무료배송 칵테일 새우 1kg(해동 후 실중량900g) 감바스, 1개, 21/25 특대 (40-50미) 18%25,000원 20,500원 (100g당 2,050원) 2/10(화) 도착 예정 4.5 (436) 최대 1,025원 적립",,,,,
"제주삼다수 그린, 330ml, 80개 34,400원 (100ml당 130원) 내일(일) 도착 보장 5 (729946) 최대 1,720원 적립",,,,,
"곰곰 줄단감 S 5개입 800g, 1개 3,500원 (100g당 438원) 내일(일) 새벽 도착 보장 4.5 (42) 최대 175원 적립",,,,,
[비비고] 썰은 배추김치 500g (100g*5ea),,,,,
[크래프트 하인즈] A1 스테이크 소스 틱 앤 하티 283g,,,,,
"광천김 소문난 김가루, 70g, 3개 26%12,000원 8,800원 (10g당 419원) 내일(일) 도착 보장 4.5 (8882) 최대 440원 적립",,,,,
"(한정수량)[테라로사] 안녕, 새해 블렌드 원두 250g",,,,,
[집반찬연구소] 저당 메추리알 장조림,,,,,
[가뿐한끼] 촉촉탱글 닭가슴살 핫도그 375g(75gX5개입),,,,,
"굿푸드365 국산쌀 레인보우 꽃떡국떡, 1개, 1kg 16,960원 (100g당 1,696원) 내일(일) 도착 보장 5 (489) 최대 848원 적립",,,,,
[krikri 크리크리] 그릭요거트 아이스크림 320g 4종 (택1),,,,,
"롯데자일리톨 알파 오리지날, 102g, 3개 11,710원 (10g당 383원) 내일(일) 도착 보장 5 (59547) 최대 585원 적립",,,,,
[오설록] 티 베리에이션 선물세트,,,,,
[일월상단] 자일로스 복분자청 500mL,,,,,
[이알하나] 식물성 멜라토닌 30정,,,,,
[그릭데이] 허니그릭요거트 with 그래놀라 3종 (택1),,,,,
[진가네반찬] 감자채햄볶음,,,,,
"천수만 간척지 백미, 10kg, 1개, 상등급 32,900원 (100g당 329원) 내일(일) 도착 보장 4.5 (6422) 최대 1,645원 적립",,,,,
"곰곰 건크랜베리, 200g, 1개 22%4,900원 3,790원 (100g당 1,895원) 내일(일) 새벽 도착 보장 5 (188) 최대 190원 적립",,,,,
"티젠 레몬밤 차, 1.2g, 100개입, 1개 10,580원 (10g당 882원) 내일(일) 도착 보장 4.5 (3109) 최대 529원 적립",,,,,
"무료배송 올록담 올리브3 EVOO 지중해 올리브오일 캡슐, 1박스, 72정 72%148,600원 40,400원 (1정당 561원) 2/24 도착 예정 4.5 (2165) 최대 2,020원 적립",,,,,
"풀무원 소가 찌개두부, 300g, 2개 2,920원 (100g당 487원) 내일(일) 새벽 도착 보장 5 (70388) 최대 146원 적립",,,,,
"무료배송 산과들에 건 블루베리 100g 4봉 400g 건과일, 4개 할인10%15,200원 13,680원 (1세트당 3,420원) 2/10(화) 도착 예정 4.5 (178) 최대 684원 적립",,,,,
[브로드카세] 통밀 단팥빵 (100g X 2개),,,,,
[선물세트] 유명산지 사과세트 3.6kg (12입) (예약일 수령),,,,,
[와인앤모어픽업]앙드레 끌루에 상파뉴 실버 브뤼 ((와인)),,,,,
"햇반 백미밥 작은 공기, 130g, 15개 35%20,500원 13,200원 (100g당 677원) 내일(일) 도착 보장 5 (79553) 최대 660원 적립",,,,,
[커피빈] 디카페인 아메리카노 파우치 (230mL X 10개),,,,,
[CU 픽업] 칼스버그루나24입,,,,,
[도드람한돈] 1등급 앞다리 스마트팩 찌개용 600g(200g*3),,,,,
"오뚜기 작은밥, 150g, 24개 22,880원 (100g당 636원) 내일(일) 도착 보장 5 (78873) 최대 1,144원 적립",,,,,
"햇반 백미밥 작은 공기, 130g, 6개 20%7,500원 5,970원 (100g당 765원) 내일(일) 새벽 도착 보장 새 상품, 반품-미개봉 (2) 최저5,670원 5 (2854) 최대 299원 적립",,,,,
"무료배송 찹쌀 누룽지 스위트, 1개, 288g 5,330원 (10g당 185원) 2/10(화) 도착 예정 5 (588) 최대 266원 적립",,,,,
[샤르봉봉] 프레첼 머랭 쿠키 96g,,,,,
"월남쌈 라이스페이퍼 사각, 300g, 2개 4,260원 (100g당 710원) 내일(일) 새벽 도착 보장 5 (2523) 최대 213원 적립",,,,,
"롯데자일리톨 알파 오리지날, 86g, 2개 37%12,000원 7,550원 (10g당 439원) 내일(일) 도착 보장 5 (18235) 최대 378원 적립",,,,,
[네스프레소 버츄오] 페스티브 슬리브팩(3종X20개),,,,,
[우드앤브릭] 미니 우유 식빵,,,,,
[육공육] 리얼 직화 삼겹 225g,,,,,
"신라명과 쫄깃한 생우유 식빵, 390g, 1개입, 1개 3,530원 (10g당 91원) 내일(일) 새벽 도착 보장 5 (25377) 최대 176원 적립",,,,,
[KF365] 무항생제 한돈 목살 구이용 2종 (냉장),,,,,
"스위스미스 마시멜로우 플레이버 핫 코코아 믹스, 737g, 1개 11,470원 내일(일) 도착 보장 5 (9092) 최대 574원 적립",,,,,
[삼양] 불닭볶음면 5입,,,,,
"농심 신라면 120g, 5개 4,150원 (1개당 830원) 내일(일) 도착 보장 새 상품, 반품-미개봉 (62) 최저3,370원 5 (763378) 최대 208원 적립",,,,,
[한밀제분] 맷돌 국산 순메밀 가루 500g,,,,,
"부드러운 오트밀, 2.5kg, 1개 9,800원 (100g당 392원) 내일(일) 새벽 도착 보장 4.5 (25145) 최대 490원 적립",,,,,
[세노비스] 키즈 뼈튼튼 칼마디 (30일분),,,,,
[스타벅스] 드립백 9g X 5개입 2종(택1),,,,,
"안심곳간 통호밀가루, 1개, 1kg 50%11,000원 5,400원 (100g당 540원) 내일(일) 도착 보장 4.5 (194) 최대 270원 적립",,,,,
[사세] 점보닭다리 매콤한맛 (4개입),,,,,
"배대감 국산 엿기름, 500g, 1개 37%9,500원 5,900원 (100g당 1,180원) 내일(일) 도착 보장 4.5 (12053) 최대 295원 적립",,,,,
[투마루] 김천 호두먹빵 파이만쥬 8구 세트 2종(택1),,,,,
[CU 픽업] 콜럼비아 크레스트 그랜드까쇼,,,,,
[네스프레소 버츄오] 알티시오 커피 캡슐 10개입(40mL),,,,,
[CU 픽업] 사쓰마시라나미900ml,,,,,
"곰곰 The 맛, 80g, 1개 20%2,500원 1,990원 (10g당 249원) 내일(일) 도착 보장 5 (1107) 최대 100원 적립",,,,,
"곰곰 대추방울토마토, 750g, 1개 6,160원 (100g당 821원) 내일(일) 새벽 도착 보장 4.5 (344421) 최대 308원 적립",,,,,
[오뚜기] 가벼운참치 라이트스탠다드 (135GX4),,,,,
"더 가볍게 늘씬수 붓기케어 데일리 보리차 누룽지맛 500ml, 20개 12%30,900원 26,890원 (100ml당 269원) 내일(일) 도착 보장 5 (525) 최대 1,345원 적립",,,,,
"해표 해바라기유, 900ml, 3개 11%16,740원 14,840원 (100ml당 550원) 내일(일) 도착 보장 5 (18246) 최대 742원 적립",,,,,
"다하다 호박팥차, 1.5g, 40개입, 1개 5,900원 (10g당 983원) 내일(일) 도착 보장 5 (22229) 최대 295원 적립",,,,,
[콜린스 다이닝] 블랙올리브 페스토,,,,,
"나랑드사이다 제로, 245ml, 12개 52%11,960원 5,700원 (100ml당 194원) 내일(일) 새벽 도착 보장 5 (2224) 최대 285원 적립",,,,,
"무료배송 황토마을 씨드믹스 800g 아몬드슬라이스 + 호박씨 + 해바라기씨, 1개 27%18,300원 13,300원 (100g당 1,663원) 2/11(수) 도착 예정 4.5 (3787) 최대 665원 적립",,,,,
냉동 레드커런트 1kg (폴란드산),,,,,
하루 건강견과 Excellent 200g (20gX10봉),,,,,
[KF365] 한돈 뒷다리 찌개용 600g (냉장),,,,,
"아침에주스 유기가공식품인증 토마토주스, 900ml, 2개 7,580원 (100ml당 421원) 내일(일) 새벽 도착 보장 5 (21353) 최대 379원 적립",,,,,
"서울우유치즈 후레쉬 모짜렐라, 127g, 1개, 1개입 4,980원 (10g당 392원) 내일(일) 새벽 도착 보장 5 (1105) 최대 249원 적립",,,,,
[CU 픽업] 데와자쿠라그레이프,,,,,
[타르틴베이커리] 미니 초콜릿 수플레 케이크 500g,,,,,
[고디바] 마스터피스 밀크 가나슈 초콜릿 118g,,,,,
[사조대림] 로얄크랩 100g*2,,,,,
[선물세트] 몸애쏙쏙 유기농 의성흑마늘 진액 2종,,,,,
[26년 설] [CU 픽업] KJ칠레선물세트,,,,,
"담터 자몽 허니 블랙티 분말, 13g, 50개입, 1개 13,750원 (10g당 212원) 내일(일) 도착 보장 5 (4890) 최대 688원 적립",,,,,
[수미과] 레몬 웨지 (200g),,,,,
"트와이닝 얼그레이, 2g, 50개입, 1개 쿠폰할인25%13,240원 9,880원 (10g당 988원) 내일(일) 도착 보장 5 (24088) 최대 494원 적립",,,,,
[비쇼쿠] 쌀가루로 더 빠삭 우리쌀 치즈 돈가스 350g(냉동),,,,,
"무료배송 25년 수확 햇 호두반태 미국산 호두 1kg 2태, 1개 26%23,000원 16,900원 (100g당 1,690원) 2/10(화) 도착 예정 4.5 (77) 최대 845원 적립",,,,,
"꾸브닝 갈매기살 양념구이, 400g, 2개 20%18,380원 14,700원 (100g당 1,838원) 내일(일) 새벽 도착 보장 4.5 (5746) 최대 735원 적립",,,,,
[오뚜기] 스낵면 5입,,,,,
"복음자리 45도 과일잼 딸기, 350g, 1개 19%6,580원 5,300원 (100g당 1,514원) 내일(일) 도착 보장 5 (18711) 최대 265원 적립",,,,,
[CU 픽업] 블랙바틀앤디언오크,,,,,
[모모스커피] 엘 소코로 게이샤 원두 100g(과테말라 CoE 3위&2026 KBrC 우승),,,,,
[스타벅스] 핫 코코아 클래식 (28g X 8개),,,,,
"샘표 진간장 S, 1.7L, 2개 48%15,840원 8,120원 (100ml당 239원) 내일(일) 도착 보장 5 (22086) 최대 406원 적립",,,,,
"청정원 동물복지 청정유정란, 15구, 1개 8,810원 (1구당 587원) 내일(일) 새벽 도착 보장 4.5 (2173) 최대 440원 적립",,,,,
[샐러드판다] 판다의 채소스틱 2종,,,,,
[My little recipe] 뵈르블랑 연어스테이크,,,,,
"호주산 우홍두깨 슬라이스 (냉동), 1개, 500g 13,870원 (100g당 2,774원) 내일(일) 새벽 도착 보장 4.5 (1389) 최대 694원 적립",,,,,
[차마요] Non-gmo 메주콩 푸주,,,,,
[나무사이로] 디카프리오 디카페인 원두 200g,,,,,
"초록원 액상차 꿀레몬 1kg + 꿀자몽 1kg, 1세트 12,080원 내일(일) 도착 보장 4.5 (177) 최대 604원 적립",,,,,
[센트룸] 멀티 구미 키즈 (40일분),,,,,
[티어스] 대추시나몬차 (5g X 18개),,,,,
[맥파이앤타이거] 세레모니얼 말차 40g,,,,,
[소금집] 파스트라미 120g (냉장),,,,,
"곰곰 블루베리 베이글 6개입, 720g, 1개 6,660원 (10g당 93원) 내일(일) 새벽 도착 보장 4.5 (22595) 최대 333원 적립",,,,,
[푸드올로지] 콜레 티 워터 500ml x 6개입,,,,,
[슐스타드] 미니 버터 크루아상 2종 (택1),,,,,
[필리브]비주얼 브이스틱 14포,,,,,
"산들해랑 동진 찹쌀, 4kg, 1개 13,900원 (100g당 348원) 내일(일) 도착 보장 4.5 (11683) 최대 695원 적립",,,,,
[CU 픽업] 단즈카크랜라즈,,,,,
[KF365] 한돈 앞다리 찌개용 600g (냉장),,,,,
[선물세트] 전통주 복분자음 500 (12도 500mL),,,,,
"하림 두마리 통닭 (냉장), 1860g, 1개 15,900원 (100g당 855원) 내일(일) 새벽 도착 보장 5 (6653) 최대 795원 적립",,,,,
"무료배송 생산직송 풀무원 매일아침 순생나또 24팩(2호세트), 1.188kg, 1개 22,140원 (100g당 1,864원) 2/11(수) 도착 예정 4.5 (11564) 최대 1,107원 적립",,,,,
[진가네반찬] 두부양념조림,,,,,
[청정원] 돼지갈비양념 280g,,,,,
"그린너트 구운호박씨, 300g, 1개 5,900원 (100g당 1,967원) 내일(일) 도착 보장 4.5 (74) 최대 295원 적립",,,,,
"무료배송 (재구매율 1위) 15brix 초고당도 제주 산지직송 조생 감귤, 1박스, 중대과 5kg 38%27,900원 17,200원 (100g당 344원) 2/12(목) 도착 예정 3.5 (73) 최대 860원 적립",,,,,
[호텔컬렉션] 에센셜 호만두 미니메밀전병 1kg,,,,,
[선물세트][동원] 튜나리챔 100C호,,,,,
"무항생제 인증 마니커 1등급 닭볶음탕용 닭고기 (냉장), 1.3kg, 1개 9,990원 (100g당 768원) 내일(일) 새벽 도착 보장 4.5 (16248) 최대 500원 적립",,,,,
[비비고] 순살 생선구이 4종 (택1),,,,,
[메디쏠라] 저당 버섯 소불고기 500g (냉동),,,,,
"오뚜기프레스코 미트 스파게티소스, 600g, 1개 5,690원 (100g당 948원) 내일(일) 도착 보장 새 상품, 반품-미개봉 (17) 최저5,160원 5 (38140) 최대 285원 적립",,,,,
[포크밸리] 한돈 꼬들살 400g (냉동),,,,,
[라빈리커픽업][설 선물] 앙드레 브루넬 샤또네프 뒤 파프 레 까이유 (와인),,,,,
"오뚜기 열라면 62g, 12개 11%10,200원 9,000원 (1개당 750원) 내일(일) 도착 보장 5 (23010) 최대 450원 적립",,,,,
[보물섬] 국산 반건조 꽃돔 330g 2미 (냉동),,,,,
참다랑어 모듬회 150g (냉동),,,,,
[우드앤브릭] 독일식 식사빵 2종 (택1),,,,,
"삼립 주종발효 밤만쥬, 27g, 40개입, 1개 9,690원 (10g당 90원) 내일(일) 새벽 도착 보장 4.5 (43124) 최대 485원 적립",,,,,
[롯데] 크런키 팔각 빼빼로 140g,,,,,
산양산삼 5년근 1뿌리,,,,,
"한아담식품 광천 미스 김자반, 500g, 1개 12,900원 (10g당 258원) 내일(일) 도착 보장 5 (6659) 최대 645원 적립",,,,,
"초코송이, 50g, 5개 4,500원 (10g당 180원) 내일(일) 도착 보장 5 (58336) 최대 225원 적립",,,,,
[더브레드블루] 호밀100 (650g),,,,,
"무료배송 짜짜로니 140g, 5개 23%9,070원 6,970원 (1개당 1,394원) 2/11(수) 도착 예정 4.5 (28140) 최대 349원 적립",,,,,
"무료배송 삼육두유 검은콩 호두와 아몬드, 190ml, 64개 할인32%41,900원 28,410원 (100ml당 234원) 2/11(수) 도착 예정 5 (58822) 최대 1,420원 적립",,,,,
[김규흔한과] 유과&산자 4종 (택1),,,,,
[앤디스] 민트 파르페 초콜릿 132g,,,,,
"샘표 요리에센스 연두 순맛, 275ml, 1개 23%5,980원 4,600원 (10ml당 167원) 내일(일) 도착 보장 5 (33327) 최대 230원 적립",,,,,
[와인앤모어픽업]스칼리올라 프리모 피오레 모스카토 다스티 ((와인)),,,,,
"무료배송 정성제과 쫀득쫀득 쫀디기, 95g, 15개 할인55%22,500원 9,990원 (10g당 70원) 2/10(화) 도착 예정 5 (9747) 최대 500원 적립",,,,,
[CU 픽업] 슈펙트 팜펠무제,,,,,
"무료배송 나와아기 아기 짜장가루, 100g, 1개 9,590원 (100g당 9,590원) 2/10(화) 도착 예정 5 (597) 최대 445원 적립",,,,,
"건강한밥상 간편하게 먹는 퀵 오트밀, 1kg, 1개 4,980원 (100g당 498원) 내일(일) 도착 보장 4.5 (627) 최대 249원 적립",,,,,
"무료배송 니프젠 스파이크 프리미엄 600mg, 30정, 1개 36%43,300원 27,700원 (1정당 923원) 2/10(화) 도착 예정 4.5 (4995) 최대 1,385원 적립",,,,,
[임실치즈마을] 프로바이오요거트 블루베리 900mL,,,,,
[CU 픽업] 부쉬밀오리지널세트,,,,,
[선물세트] VASAK 프리미엄 셀렉션 선물세트,,,,,
"원더풀피스타치오 껍질없는 피스타치오 무염, 200g, 1개 23,250원 (100g당 11,625원) 내일(일) 도착 보장 4.5 (3740) 최대 1,163원 적립",,,,,
[삼진어묵] 무파마 모듬어묵,,,,,
"국내산 채소믹스, 1kg, 1개 9,040원 (100g당 904원) 내일(일) 새벽 도착 보장 4.5 (191946) 최대 452원 적립",,,,,
[비움반찬] 섬초나물,,,,,
[경주천년한우] 1++ 한우 차돌박이 구이용 200g (냉동),,,,,
"풀무원 특등급 국산콩 무농약 콩나물, 340g, 2개 17%5,400원 4,460원 (100g당 656원) 내일(일) 새벽 도착 보장 5 (192072) 최대 223원 적립",,,,,
"[100% 국내 가공] 비이츠 검은깨 흑임자 가루, 1개, 200g 할인52%20,900원 9,900원 (100g당 4,950원) 내일(일) 도착 보장 5 (276) 최대 495원 적립",,,,,
"돈시몬 NFC 레몬즙, 1개, 1L 쿠폰할인17%5,050원 4,190원 (100ml당 419원) 내일(일) 새벽 도착 보장 5 (1161) 최대 210원 적립",,,,,
[정미소] 새청무 현미 4kg,,,,,
[락희옥]차돌박이 양념구이 250g,,,,,
[풀무원] 고단백 넛츠 바사삭 200g (20gX10봉),,,,,
[올쿡] 버섯 들깨탕,,,,,
[선물세트][정관장] 홍삼담은 석류스틱 30포 + (쇼핑백증정),,,,,
[니아르] 베르베린 14포,,,,,
"무료배송 상주곶감 실속형 500g(10-15과) 1kg (20~30과), 1개, 500g 할인49%25,000원 12,510원 (100g당 2,502원) 2/10(화) 도착 예정 4.5 (815) 최대 619원 적립",,,,,
"[레드텅 픽업] 텍스트북, 나파 메를로 750mL (와인)",,,,,
[풍년보감] 6년근 고려홍삼정 에브리데이100 홍삼스틱 2종 (택1),,,,,
[오설록] 귤꽃향 우잣담 티백 (1.8g X 20개),,,,,
"담울 생강가루, 400g, 1개 7,980원 (10g당 200원) 내일(일) 도착 보장 4.5 (1499) 최대 399원 적립",,,,,
[그린너트] 볶음 헤이즐넛 300g,,,,,
[선물세트] 호랑이건강원 호랑이 홍삼 (28일분) +(쇼핑백 증정),,,,,
친환경 로메인 (적/청) 200g,,,,,
[김소영 아티장의 안단테] 리브와레 자카망 콩테 200g 3종 (택1),,,,,
[미자언니네] 밑반찬 16종 골라담기(택1),,,,,
[오설록] 제주 삼다 영귤티 티백 (1.5g X 20개),,,,,
"곰곰 손질 동태 (냉동), 700g, 1개 5,350원 (100g당 764원) 내일(일) 새벽 도착 보장 4.5 (4372) 최대 268원 적립",,,,,
[풀무원] 소고기 버섯 비빔밥 2인분,,,,,
유기농 와일드 루꼴라 50g,,,,,
[26년 설] [CU 픽업] 오린스위프트앱스,,,,,
[라빈리커픽업]링크우드 12년 (위스키),,,,,
[온더고] 간편 고기 도시락 3종 (택1),,,,,
"무료배송 산지직송연구소 햇 양파 농가돕기 노마진 실속 대용량 5kg 10kg 중량선택, 1개, 양파5kg중개당100g-150g 할인38%12,700원 7,830원 (100g당 157원) 2/11(수) 도착 예정 4 (22) 최대 391원 적립",,,,,
[풀무원] 함흥 비빔냉면 2인분,,,,,
[사조] 고추참치 85g*4캔 (안심따개),,,,,
[비비고] 직화구이 참기름김 20봉,,,,,
[전통주] 댄싱사이더 330mL 4종 (택1),,,,,
[파브리 셰프] 풍기버섯 크림 파스타,,,,,
[브로드카세] 저당 호밀통밀브레드 360g,,,,,
"[선물세트] 전통주 느린마을 증류주 미니세트 (16.9도,70mL*4입,잔2입)",,,,,
[나우푸드] 알티지 오메가-3 (90일분),,,,,
[CU 픽업] 리몬첼로빌라까르데아,,,,,
[선물세트] 일상味소 프리미엄 구이 세트 (냉장),,,,,
[CU 픽업] 다우파인루비포트,,,,,
[이목] 국내산 소고기 사태 국거리용 200g (냉장),,,,,
"벨지오 모짜렐라 로그슬라이스, 226g, 1개입, 1개 11,610원 (10g당 514원) 내일(일) 새벽 도착 보장 5 (13538) 최대 580원 적립",,,,,
[풀무원] 유기농 미니 순두부 200g*4입,,,,,
"무료배송 [명품] 상주곶감 건시 명절선물세트 고급선물세트, 1개, 500g 쿠폰할인15%14,470원 12,290원 (100g당 2,458원) 2/11(수) 도착 예정 5 (85) 최대 615원 적립",,,,,
[오리온] 초코파이 바나나맛 12입,,,,,
"푸드앤픽 2025년산 햅쌀 새청무, 10kg, 1개, 특등급 32,900원 (100g당 329원) 내일(일) 도착 보장 4.5 (5820) 최대 1,645원 적립",,,,,
[캐치! 티니핑] 하츄핑의 밀크&크림치즈 만쥬 150g,,,,,
"하이몬 피넛 월남쌈 소스, 230g, 1개 3,120원 (100g당 1,357원) 내일(일) 도착 보장 5 (9579) 최대 156원 적립",,,,,
[GRN] 초록이 슬림밸런스&쾌변 1병 (30일분),,,,,
"오리온 돌아온 태양의 맛 썬, 273g, 1개 4,220원 (10g당 155원) 내일(일) 도착 보장 5 (34408) 최대 211원 적립",,,,,
"롯데햄 의성마늘햄, 440g, 2개 30%17,800원 12,400원 (10g당 141원) 내일(일) 새벽 도착 보장 5 (36858) 최대 620원 적립",,,,,
친환경 셀러리 500g,,,,,
"무료배송 백년죽염 아홉번구운 9회 자죽염 미네랄 죽염 백년담다, 알갱이, 20g, 1개 12,400원 (100g당 62,000원) 2/10(화) 도착 예정 4.5 (234) 최대 527원 적립",,,,,
"후디스 그릭요거트 플레인, 480g, 1개 7,680원 (10g당 160원) 내일(일) 새벽 도착 보장 5 (23188) 최대 384원 적립",,,,,
[하림] 한입쏙 닭다리살 소금구이 500g,,,,,
[선물세트] [파미고] 오리지널 올리브 2구 세트,,,,,
[브로드카세] 통밀 크랜베리 호두 식빵 500g,,,,,
[튀김공방] 고구마튀김,,,,,
[유니드마이요거트] 유기농 그릭 요거트 400g 2종 (택1),,,,,
흙쪽파 300g,,,,,
[라빈리커픽업]까넬라 푸치니 (와인),,,,,
[퍼시피카튜나] 황다랑어 참치 3종 (택1)(135g x 3캔),,,,,
"맘마밀 안심밥상 레토르트 이유식, 소불고기 가지진밥, 140g, 3개 6,960원 (100g당 1,657원) 내일(일) 도착 보장 5 (12825) 최대 348원 적립",,,,,
"투데이넛 너트한줌 패밀리 견과 6종 선물세트 600g, 1세트 33%30,900원 20,400원 (1세트당 20,400원) 내일(일) 새벽 도착 보장 5 (1907) 최대 969원 적립",,,,,
[김호윤키친] 더이탈리안클럽 화이트라구 파스타,,,,,
"무료배송 25년산 햇 이탈리아 파로 쌀 엠머 밀 햇곡, 1kg, 3개 쿠폰할인72%95,000원 26,330원 (100g당 878원) 2/11(수) 도착 예정 4.5 (759) 최대 1,316원 적립",,,,,
[선물세트] 벽제갈비 1++ 한우 양념 불고기 세트 3kg(500g*6),,,,,
"조인 무항생제 인증 백색왕란 1360g, 20구, 1개 7,990원 (1구당 400원) 내일(일) 새벽 도착 보장 5 (12182) 최대 400원 적립",,,,,
[와인앤모어픽업]따발리 베타스 블랑카스 소비뇽 블랑 ((와인)),,,,,
[상하농원] 약드부어스트 120g,,,,,
"무료배송 [딱!2주특가] 달콤쫀득 자연건조 프리미엄 상주곶감, 1개, 500g 할인48%24,900원 12,900원 (100g당 2,580원) 2/12(목) 도착 예정 5 (20) 최대 645원 적립",,,,,
[마이셰프] 순살 닭볶음탕,,,,,
"고려은단 비타민C 1000 + 쇼핑백, 180정, 1개 17,900원 (1정당 99원) 내일(일) 새벽 도착 보장 새 상품, 반품-미개봉 (2) 최저17,000원 5 (14480) 최대 895원 적립",,,,,
"건강곡간 치아씨드 통, 1kg, 1개 11,980원 (100g당 1,198원) 내일(일) 도착 보장 5 (1723) 최대 599원 적립",,,,,
"룰루맘 리얼이구마, 20g, 10개 15%19,900원 16,900원 (100g당 8,450원) 내일(일) 도착 보장 5 (3976) 최대 845원 적립",,,,,
[팜에이트] 무농약 간편 샐러드 6종,,,,,
[푸드올로지] 콜레올로지 컷팅 파우더 14포,,,,,
[다미아노] 100% 유기농 땅콩버터 180g,,,,,
"무료배송 산지직송 달큰한 햇 제주 월동무, 1박스, 10kg 4%12,400원 11,900원 (100g당 119원) 2/12(목) 도착 예정 4 (54) 최대 595원 적립",,,,,
[추천레시피] 오버나이트 오트밀 재료 3종 (택1),,,,,
"바프 먼투썬 6주 하루견과, 840g, 1박스 20%44,900원 35,900원 (100g당 4,274원) 내일(일) 도착 보장 5 (6252) 최대 1,741원 적립",,,,,
"브로슈낭 유기농 엑스트라 버진 올리브오일, 250ml, 1개 쿠폰할인4%10,980원 10,480원 (100ml당 4,192원) 내일(일) 도착 보장 새 상품, 반품-미개봉 (23) 최저9,950원 5 (17159) 최대 524원 적립",,,,,
"돈시몬 생과일 착즙 100% 홍자몽주스, 1L, 1개 6,140원 (100ml당 614원) 내일(일) 새벽 도착 보장 5 (632) 최대 307원 적립",,,,,
[황진선의 진진] 매콤 유니짜장면 2인분,,,,,
[풀무원] 생만두 고기 배추 400g,,,,,
[후지야] 밀키 캔디 68.4g,,,,,
[풀무원] 설렁탕 섞박지 450g,,,,,
[오뚜기]컵밥_숙성돼지고기김치찌개밥,,,,,
"한강식품 닭스킨 닭껍질 (냉동), 1kg, 1개 6,480원 (100g당 648원) 내일(일) 새벽 도착 보장 4.5 (546) 최대 324원 적립",,,,,
"꿀맛나는세상 한돈 간장 불고기, 500g, 1개 12%7,900원 6,900원 (100g당 1,380원) 내일(일) 새벽 도착 보장 4.5 (707) 최대 345원 적립",,,,,
"무료배송 [농장직송] 제주 프리미엄 고당도 한라봉, 1개, 5kg (가정용) 할인50%59,500원 29,500원 (100g당 590원) 2/11(수) 도착 예정 5 (447) 최대 1,475원 적립",,,,,
[오로라] 오로라 리포좀 글루타치온 액상 (7포),,,,,
[와인앤모어픽업](W&M전용) 쌩 클레어 제임스 쌩 클레어 소비뇽블랑 ((와인)),,,,,
[종근당건강] 아임비타 면역비타민C1000 60포 1박스 (1개월분),,,,,
[6다이닝] 이베리코 베요타 갈비살 구이용 250g,,,,,
"꼭곡 국산 찰흑미, 1kg, 1개 4,980원 (100g당 498원) 내일(일) 도착 보장 4.5 (125) 최대 249원 적립",,,,,
저탄소 사과 1.3kg (4~5입),,,,,
[그리팅] 마라샹궈,,,,,
[플라이밀] 곤약팝 팝콘 2종 (택1),,,,,
"곰곰 통밀또띠아 8인치, 180g, 1개 3,390원 내일(일) 새벽 도착 보장 5 (2786) 최대 170원 적립",,,,,
"스윗토 스테비아 대추방울토마토, 1.2kg, 1팩 할인42%20,900원 11,980원 (100g당 998원) 내일(일) 새벽 도착 보장 4.5 (267495) 최대 550원 적립",,,,,
"무료배송 곰표 튀김가루, 1kg, 3개 할인54%12,990원 5,850원 (100g당 195원) 2/10(화) 도착 예정 5 (11375) 최대 293원 적립",,,,,
"무료배송 국내산 제주 구좌 당근 흙당근 햇당근, 1개, 3kg 중 할인59%16,900원 6,900원 (100g당 230원) 2/10(화) 도착 예정 5 (411) 최대 345원 적립",,,,,
[목우촌목장] 국내산 소고기 다짐육 200g,,,,,
[정관장] 활기력 16병 + (리본포장 및 쇼핑백 증정),,,,,
유기농 냉동 간편 컬리플라워 500g,,,,,
[일상味소] 사태 200g (냉장),,,,,
[진가네반찬] 연근조림,,,,,
"보노 콘스프, 57g, 5개 10,330원 (100g당 3,625원) 내일(일) 도착 보장 5 (19467) 최대 516원 적립",,,,,
친환경 상추&깻잎 모둠쌈 120g,,,,,
[위니비니] 로맨틱 스윗 러브 틴 (16입),,,,,
[CU 픽업] 도멘생미셸로제,,,,,
"풍요한아침 짜먹는 감자 에그 샐러드, 1kg, 1개 14,990원 (100g당 1,499원) 내일(일) 새벽 도착 보장 4.5 (27214) 최대 750원 적립",,,,,
"맥심 모카골드 제로슈거 커피믹스, 11.5g, 50개입, 1개 12%12,900원 11,270원 (10g당 196원) 내일(일) 도착 보장 5 (8887) 최대 564원 적립",,,,,
[해태] 종합 간식 기획팩 (11개입),,,,,
"무료배송 [농약검사] 2026년산 호주 최고급 마카다미아, 1개, 600g 쿠폰할인42%52,000원 29,800원 (100g당 4,967원) 2/10(화) 도착 예정 4.5 (218) 최대 1,490원 적립",,,,,
[포트'럭] 망에서 키운 이배체굴 2kg (생물) (가열조리용),,,,,
"담터 레몬에이드 믹스 분말, 15g, 80개입, 1개 24%17,900원 13,590원 (10g당 113원) 내일(일) 도착 보장 5 (9449) 최대 680원 적립",,,,,
[CU 픽업] 폰세카 화이트 포트,,,,,
[신사동 포노 부오노] 히든 천재의 알리오올리오 파스타,,,,,
[CU 픽업] LB트레디션카쇼,,,,,
[풀무원] 생순도토리묵 300g x 2개입 기획세트,,,,,
"무료배송 지리산 산청 곶감 건시 설 선물세트, 1kg(28-35EA), 1개 할인11%28,210원 24,900원 2/11(수) 도착 예정 4.5 (613) 최대 1,245원 적립",,,,,
[CU 픽업] 15년숙성매취순3L,,,,,
[썬키스트] 25 재즈 매일견과 350g (25gX14봉),,,,,
"에이원 틱 앤 하티 스테이크소스, 283g, 1개 28%6,980원 4,980원 (100g당 1,760원) 내일(일) 새벽 도착 보장 새 상품, 반품-미개봉 (2) 최저4,730원 5 (189) 최대 249원 적립",,,,,
"투데이넛 너트한줌 패밀리 견과 6종 선물세트 600g, 2세트 38%61,800원 38,000원 (1세트당 19,000원) 내일(일) 도착 보장 5 (23108) 최대 1,805원 적립",,,,,
[CU 픽업] 덕혼디코이로제,,,,,
[셀렉스] 마시는 프로틴 락토프리 오리지널 190mL 24개입,,,,,
[라베키아] 화이트 발사믹 비네거 (콘디멘토),,,,,
[애슐리] 콰트로 햄치즈 부대찌개,,,,,
16brix이상 고당도 상주 샤인머스캣 1.5kg (박스),,,,,
[우드앤브릭] 크림 치즈 깜빠뉴,,,,,
"도드람한돈 1등급 삼겹살 구이용 (냉장), 600g, 1개 14,930원 (100g당 2,488원) 내일(일) 새벽 도착 보장 4.5 (94412) 최대 746원 적립",,,,,
[도리깨침] 만능 달래장,,,,,
"순창궁 재래식 된장, 3kg, 1개 10,450원 (100g당 348원) 내일(일) 도착 보장 4.5 (16713) 최대 523원 적립",,,,,
[꿀마실] 아카시아 야생화 스틱 선물세트 90포,,,,,
"탐사 샘물, 2L, 18개 41%14,970원 8,690원 (100ml당 24원) 내일(일) 도착 보장 5 (271873) 최대 435원 적립",,,,,
"무료배송 [민생지원특가] 신선농가직송 과육폭발 부사사과, 1박스, 2kg 할인60%26,300원 10,400원 (100g당 520원) 2/11(수) 도착 예정 4.5 (35) 최대 520원 적립",,,,,
"내츄럴스파이스 파슬리 후레이크, 65g, 1개 4,270원 (100g당 6,569원) 내일(일) 도착 보장 5 (7175) 최대 214원 적립",,,,,
친환경 삼계탕 재료 2종,,,,,
[만전김] 할아버지가 만든 김가루 45g,,,,,
[스위스미스] 핫 코코아 믹스 3종 (택1),,,,,
[롯데햄] 의성마늘 구이햄 320g(160g*2),,,,,
[CU 픽업] 포트샬롯10년,,,,,
[우리밀] 부침가루 & 튀김가루 2종,,,,,
[백설] 햄스빌 두툼한 굿베이컨340g,,,,,
"무료배송 풀무원샘물 생수 무라벨, 2L, 18개 18,900원 (100ml당 53원) 2/11(수) 도착 예정 5 (165780) 최대 945원 적립",,,,,
"느으림 건강하게 두 번 볶은 국산 무염 볶음 땅콩, 1개, 600g 할인17%27,900원 22,900원 (100g당 3,817원) 내일(일) 도착 보장 4.5 (265) 최대 1,145원 적립",,,,,
[베나레스] 인도정통커리&파라타 6종 (택1),,,,,
[CU 픽업] 코젤다크병24입,,,,,
[바이탈뷰티] 메타그린 효소 14입,,,,,
"HBAF 먼투썬7주 980g (20gx49개) 견과 코스트코, 1개 할인4%37,690원 35,890원 (10g당 366원) 2/11(수) 도착 예정 5 (179) 최대 1,795원 적립",,,,,
[선물세트] 바로이즙 이로울 사과즙 2종,,,,,
[고메] 치즈크리스피 핫도그 340g(85gX4개입),,,,,
"코카콜라 업소용, 1.25L, 12개 10,880원 (100ml당 73원) 2/11(수) 도착 예정 5 (128326) 최대 544원 적립",,,,,
[커피화] 블렌딩 원두 200g 2종 (택1),,,,,
[허브&스파이스마켓] 크러쉬드 레드페퍼 40g,,,,,
[와인앤모어픽업](W&M전용) 쌩 클레어 비카스 초이스 소비뇽 블랑 ((와인)),,,,,
"바프 먼투썬 4주 하루견과 560g, 1개 24,900원 (1세트당 24,900원) 내일(일) 도착 보장 5 (2227) 최대 1,195원 적립",,,,,
[소다미] 하동 매실청 원액 2구 세트,,,,,
[그림의빵] 굿다운 저당 딸기 치아씨드잼 220g,,,,,
"레쓰비 모카라떼, 175ml, 30개 12,360원 (100ml당 235원) 내일(일) 도착 보장 5 (24992) 최대 618원 적립",,,,,
[티젠] 콤부차 라즈베리 2종,,,,,
"[전통주] 다크앤멜로우 (11도 , 350mL)",,,,,
[CU 픽업] 리오하알타아라나,,,,,
[카페미뇽] 파티팩 6구 세트 2종 (택1),,,,,
"무료배송 너츠대장 호두, 2개, 1kg 18%32,900원 26,900원 (100g당 1,345원) 2/11(수) 도착 예정 5 (29) 최대 1,345원 적립",,,,,
[해태] 사브레 초코크렘 204g,,,,,
[CU 픽업] 스텔라골든챌리스*4캔,,,,,
"사조 해표 콩기름 식용유, 1.5L, 1개 25%7,500원 5,600원 (100ml당 373원) 내일(일) 도착 보장 5 (333923) 최대 280원 적립",,,,,
"매일우유 무지방, 900ml, 2개 5,450원 (100ml당 303원) 내일(일) 새벽 도착 보장 5 (29375) 최대 273원 적립",,,,,
[선물세트] 비비슨 멀티비타민 구미 (30일분)+애플 사이다 비니거 구미 60개입 (+쇼핑백증정),,,,,
[부르본] 바닐라향 로안느 113g,,,,,
"롯데웰푸드 칙촉 오리지널, 180g, 2개 쿠폰할인4%6,270원 5,970원 (10g당 166원) 내일(일) 도착 보장 5 (55044) 최대 299원 적립",,,,,
"오뚜기 라면사리 110g, 5개 1,850원 (1개당 370원) 내일(일) 새벽 도착 보장 5 (5192) 최대 93원 적립",,,,,
"난각1번 올계 동물복지 자연방사 유정란, 10구, 2개 20,970원 (1구당 1,049원) 내일(일) 새벽 도착 보장 4.5 (16119) 최대 1,049원 적립",,,,,
[장호준셰프] 모던 오뎅나베,,,,,
[베베스트] 처음먹는 콩콩 두부과자 2종,,,,,
"[LOTS OF GREEN] 콩으로, 짜장소스",,,,,
[라콩비에트] AOP 가염버터 (15g X 10개),,,,,
[CU 픽업] 봄베이브램블,,,,,
"한울 촉촉 고구마 스틱, 20g, 15개 33%22,500원 14,920원 (10g당 497원) 내일(일) 도착 보장 5 (13915) 최대 746원 적립",,,,,
[라빈리커픽업] 탈리스커 10년 (위스키),,,,,
[생과방] 약과 8구 세트,,,,,
[청년떡집] 자몽 요거트 떡 (60g X 6개),,,,,
[베키아에누보] 클래식 햄치즈 크루아상 샌드위치 (3입),,,,,
[메리루스] 액상 멀티비타민 미네랄 모닝 2개입 (64일분) 세트,,,,,
"무료배송 바다의품격 통영 제철 세척 비단 홍가리비, 2개, 1kg 56%35,000원 15,350원 (100g당 768원) 2/10(화) 도착 예정 4.5 (4519) 최대 420원 적립",,,,,
"무료배송 대물장어전문 해담선 국내산 자포니카 민물장어, 1개, 600g, 작은장어 손질 전 1kg 할인36%32,900원 21,030원 2/11(수) 도착 예정 4.5 (185) 최대 1,040원 적립",,,,,
[횡성축협한우] 1+ 한우 치마살 200g (냉장),,,,,
[페이장브레통] 포켓버터 무염 (10g X 100입),,,,,
[이케쥬] 구운 센베 2종 (택1),,,,,
"무항생제 인증 닭다리 (북채) (냉장), 400g, 1개 15%7,690원 6,510원 (100g당 1,628원) 내일(일) 새벽 도착 보장 5 (489) 최대 325원 적립",,,,,
[라빈리커픽업]죠지 미쉘 소비뇽 블랑 (와인),,,,,
"풀무원 한끼 연두부 + 오리엔탈 유자 소스 6개입, 708g, 1세트 20%9,980원 7,900원 (100g당 1,116원) 내일(일) 새벽 도착 보장 5 (123108) 최대 395원 적립",,,,,
[CU 픽업] 칵번스페셜리저브포트,,,,,
[네이처메이드] 액티브 데일리 멀티 포 우먼 (60일분),,,,,
"무료배송 제주삼다수 그린 무라벨, 500ml, 40개 29,900원 (100ml당 150원) 2/12(목) 도착 예정 5 (729950) 최대 1,495원 적립",,,,,
[신사동 포노 부오노] 히든 천재의 알리오 올리오 소스팩 (4개입),,,,,
"곰곰 유기농 인증 제주 레몬, 1개, 500g 10,900원 (100g당 2,180원) 내일(일) 새벽 도착 보장 4.5 (51) 최대 545원 적립",,,,,
"무료배송 아몬드7 하루웰빙견과 딜리셔스 20g*30봉 견과류, 20g, 30개 할인17%16,000원 13,200원 (100g당 2,200원) 2/10(화) 도착 예정 4.5 (10470) 최대 625원 적립",,,,,
[고메] 토마토치즈 피자,,,,,
"목우촌 무항생제 인증 닭날개 (냉장), 500g, 1개 11,720원 (100g당 2,344원) 내일(일) 새벽 도착 보장 5 (2224) 최대 586원 적립",,,,,
"메이플조 메이플 시럽, 250g, 1개 9,980원 (100g당 3,992원) 내일(일) 도착 보장 5 (13223) 최대 499원 적립",,,,,
"[전통주] 민트앤멜로우 (9.5도, 350mL)",,,,,
[CU 픽업] 얄리그랑까쇼,,,,,
유명산지 설향딸기 500g(등급:특/한단),,,,,
[이목] 국내산 소고기 등심/안심/채끝 골라담기 3종,,,,,
[자연담은] 오색혼합콩 1KG,,,,,
"타바스코 핫소스, 60ml, 2개 8,270원 (100ml당 6,892원) 내일(일) 도착 보장 5 (31828) 최대 414원 적립",,,,,
[요플레] 그릭요거트 딸기 (80g X 4개입),,,,,
[비비고] 찰보리 감자만두 400gx2개입,,,,,
"서울우유 더 진한 순수 플레인 요거트, 1.8L, 1개입, 1개 6,940원 (10ml당 39원) 내일(일) 새벽 도착 보장 5 (475032) 최대 347원 적립",,,,,
[멜리스] 할라페뇨 3종 (택1),,,,,
[친정갈비] 양념 목살 덮밥 키트,,,,,
[보물섬] 반건조 서대 300g 2미 (냉동),,,,,
"무료배송 한끼농산 루피니빈 2025년산, 1개, 5kg 할인28%27,900원 19,900원 (100g당 398원) 2/13(금) 도착 예정 4.5 (1470) 최대 995원 적립",,,,,
"국내산 공심채, 150g, 3개 11,220원 (100g당 2,493원) 내일(일) 새벽 도착 보장 4.5 (10749) 최대 561원 적립",,,,,
"랜시 화권 (냉동), 750g, 1개 5,900원 (100g당 787원) 내일(일) 새벽 도착 보장 4.5 (317) 최대 295원 적립",,,,,
[아미카] 디쏠트 소금향 대용량 감자칩 325g,,,,,
[보물섬] 반건조 손질 민어 260g (냉동),,,,,
"다향 1등급 훈제 오리 슬라이스, 600g, 1개 14,040원 (100g당 2,340원) 640원 와우 가입 쿠폰 내일(일) 새벽 도착 보장 5 (251201) 최대 670원 적립",,,,,
"둥지냉면 비빔냉면 162g, 4개 3,650원 (1개당 913원) 내일(일) 도착 보장 5 (16839) 최대 183원 적립",,,,,
"곰곰 담백한 넓은 두부면, 100g, 1개 2,450원 (100g당 2,450원) 내일(일) 새벽 도착 보장 5 (263) 최대 123원 적립",,,,,
[커피리브레] 시그니처 원두 1kg 3종(택1),,,,,
[퀼리] 베스트 페어링 비스킷 3종 (택1),,,,,
[남양] 우유 바나나에몽 200mL,,,,,
"한강씨엠 안동식 순살 찜닭, 600g, 1개 9,990원 (100g당 1,665원) 내일(일) 새벽 도착 보장 4.5 (2167) 최대 500원 적립",,,,,
[에스비] 골든카레 220g 4종 (택1),,,,,
"고마워 통통 쭈꾸미 (냉동), 800g(60~65미), 1개 13,900원 (100g당 1,738원) 내일(일) 새벽 도착 보장 4.5 (1550) 최대 695원 적립",,,,,
"멘토스 미니 뉴레인보우 츄잉캔디, 1kg, 1개 9,790원 (10g당 98원) 내일(일) 도착 보장 5 (24563) 최대 490원 적립",,,,,
[정관장] 화애락 터닝미 (30일분) (+보자기포장 및 쇼핑백 증정),,,,,
[오뚜기] 가벼운참치 더마일드 (135GX4),,,,,
[피쉬쉘] 아귀간 (안키모) 200g (냉장),,,,,
[동원] 양반 찍먹 김부각 60g 2종 (택1),,,,,
[스타벅스] 핫 코코아 마시멜로 (28g X 8개),,,,,
[합정동 은하루] 깐풍닭강정 450g,,,,,
[VEZZLY] 부드럽고 진한 수플레 치즈 케이크 470g,,,,,
[인텔리젠시아] 오스쿠로 콜드브루 500mL,,,,,
[진가네반찬] 대왕오징어 간장조림,,,,,
[광천김] 구운 감태 20g (10매),,,,,
"쿠킹스토리 딸기 다이스, 10g, 2개 4,800원 (100g당 24,000원) 내일(일) 도착 보장 5 (308) 최대 240원 적립",,,,,
[골든피스] 레드박스 약과세트,,,,,
[인텔리젠시아] 드립백 12g X 5개 3종(택1),,,,,
[선물세트]전통주 안동소주 오봉도세트(박재서22도*일품40도*민속45도*올소25도*명품30,,,,,
[선물세트] 겐츠베이커리 롤케이크 피스 세트 (8입),,,,,
"하이몬 피넛 월남쌈 소스, 230g, 1개 3,120원 (100g당 1,357원) 내일(일) 새벽 도착 보장 5 (283) 최대 156원 적립",,,,,
[샘표] 국시장국 2종,,,,,
[룩트] 쿠키 그래놀라 5종 (택1),,,,,
[Hallo!] 한끼 순살 임연수 400g (4입) (냉동),,,,,
"무료배송 KY식품 콘플레이크 천마차, 20g, 100개입, 1개 3%30,000원 29,000원 (10g당 145원) 2/11(수) 도착 예정 5 (5186) 최대 1,450원 적립",,,,,
"농협 동물복지 인증 유정란 1.56kg, 1개, 30구 12,990원 (1구당 433원) 내일(일) 새벽 도착 보장 4.5 (43964) 최대 650원 적립",,,,,
[오설록] 제주 순수녹차 티백 (2g X 20개),,,,,
"무료배송 산 퍼포먼스 크레아틴, 600g, 1개 할인10%36,710원 33,030원 (10g당 551원) 2/10(화) 도착 예정 5 (7439) 최대 1,651원 적립",,,,,
[주원산오리] 오리 슬라이스 500g (냉장),,,,,
[CU 픽업] 판타스티크 세인트 마거릿,,,,,
"농협 경기미 반딧불이, 특등급, 10kg, 1개 12%40,000원 34,900원 (100g당 349원) 내일(일) 도착 보장 5 (1163) 최대 1,745원 적립",,,,,
[모두의맛집] 소문난 원조 조방낙지 낙곱새,,,,,
바로 데워먹는 야채찜1kg,,,,,
[선물세트] 삼다원 녹 (보자기포장),,,,,
"무료배송 [미국산] 소갈비살1kg (200g* 5팩), 200g, 5개 12%32,900원 28,900원 (100g당 2,890원) 2/11(수) 도착 예정 4 (1174) 최대 1,445원 적립",,,,,
"광동옥수수수염차 무라벨, 330ml, 330g, 20개 31%21,500원 14,720원 (100ml당 223원) 내일(일) 도착 보장 5 (18477) 최대 736원 적립",,,,,
[센트룸] 키즈 멀티비타민 미네랄 (60일분),,,,,
[풀무원녹즙] 식물성유산균 쌀 드링킹 요거트 500mL,,,,,
[슈퍼말차] 말차 크림샌드 2종 (9g X 10개입) (택1),,,,,
"무료배송 넛두리 볶은서리태 구운 볶은 검정콩 검은콩 건강간식, 1개, 1kg 33%15,900원 10,500원 (100g당 1,050원) 2/10(화) 도착 예정 4.5 (12) 최대 525원 적립",,,,,
[CU 픽업] 캄파리750ml,,,,,
[미자언니네] 국내산 3색 모듬 나물,,,,,
[쿰 캐슬] 레드 레스터 체다 190g,,,,,
[스위스미스] 핫초코 어쏘티드 3종 세트 364g,,,,,
[CU 픽업] 코카노카오리유이노카,,,,,
"무료배송 [15brix] 당도선별 서귀포 천혜향 하우스 정품, 1개, 당도선별 천혜향 로얄대과(8~11과) 3kg 선물세트, 3000 쿠폰할인59%70,000원 28,510원 (100g당 950원) 2/10(화) 도착 예정 4.5 (2465) 최대 1,425원 적립",,,,,
[바다해] 구운 어포채 200g,,,,,
알이 큰 왕사과 990g (3입),,,,,
"청피망, 1개입, 1개 2,490원 (1개당 2,490원) 내일(일) 새벽 도착 보장 5 (31953) 최대 125원 적립",,,,,
[CU 픽업] 윌더니스트레일라이,,,,,
"오리온 오징어 땅콩, 98g, 6개 6,740원 (10g당 115원) 내일(일) 도착 보장 4.5 (83222) 최대 337원 적립",,,,,
[남양] 드빈치 4가지 콰트로 치즈 (17g X 12매),,,,,
[아라찬] 제주 옥돔 200g (냉동),,,,,
[타바론] 크림슨 펀치 15T,,,,,
[골라담기] 바다소리 숯불 바베큐 생선구이 5종 (택1),,,,,
[스톡] 리젠 초코토피 메가팩 900g,,,,,
"스타벅스 바닐라 라떼, 10개, 200ml 15,700원 (100ml당 785원) 내일(일) 새벽 도착 보장 5 (73) 최대 785원 적립",,,,,
[빚은] 보름달 설기 2종 (75g X 5개입) (택1),,,,,
"오리온 포카칩 어니언맛, 66g, 5개 21%8,250원 6,450원 (10g당 195원) 내일(일) 도착 보장 5 (29736) 최대 323원 적립",,,,,
[로우키] 커피 캡슐 (5.5g X 10개)(네스프레소 호환),,,,,
"팜에이트 무농약 유러피안 샐러드 꾸러미, 800g, 1개입, 1개 8,900원 (100g당 1,113원) 내일(일) 새벽 도착 보장 4.5 (27583) 최대 445원 적립",,,,,
"무료배송 자연진리 산지직송 나주배 가정용 흠집배, 1박스, 가정용 3kg 7-10과 8,900원 (100g당 297원) 2/10(화) 도착 예정 4 (4776) 최대 445원 적립",,,,,
"해표 해바라기유, 900ml, 1개 7%6,160원 5,690원 (100ml당 632원) 내일(일) 도착 보장 5 (18246) 최대 285원 적립",,,,,
[선물세트] 산슈공 파인애플케이크 (펑리수) 250g,,,,,
"광천김 무조미 곱창 전장김, 18g, 10개 34%25,800원 16,900원 (10g당 939원) 내일(일) 도착 보장 4.5 (443) 최대 833원 적립",,,,,
[보승] 고기가득 병천식 야채순대,,,,,
"세미원 수제꽃빵 (냉동), 900g, 1개입, 1개 9,580원 (10g당 106원) 내일(일) 새벽 도착 보장 5 (6805) 최대 479원 적립",,,,,
[유유제약] 유유제약 뉴장안에화제 (60일분),,,,,
[떡편] 통팥 쑥개떡 (60g X 9개),,,,,
"미트엔조이 홍두깨살 육전용 (냉장), 400g, 2개 27,930원 (100g당 3,491원) 내일(일) 새벽 도착 보장 5 (5623) 최대 1,396원 적립",,,,,
[매일] 소화가 잘 되는 우유 바나나 (190mL X 6팩),,,,,
[맥심] 모카골드 제로슈가 커피믹스 2종 (택1),,,,,
"오뚜기 양송이 스테이크 소스, 270g, 1개 3,180원 (100g당 1,178원) 내일(일) 새벽 도착 보장 5 (266) 최대 159원 적립",,,,,
[태우한우] 1+ 한우 샤토브리앙 스테이크 200g (냉장),,,,,
[프루티프루티] 레몬수제청,,,,,
[면사랑] 직화유니짜장 용기면 383g*3개입,,,,,
"서건푸드 프리미엄 참쥐포중, 1개, 400g 할인18%15,900원 12,900원 (10g당 323원) 내일(일) 도착 보장 4.5 (2037) 최대 534원 적립",,,,,
"크라스탄 유기농 오르조, 125g, 1개입, 1개 10,580원 (10g당 846원) 내일(일) 도착 보장 4.5 (4677) 최대 529원 적립",,,,,
[다보] 과일함량 70% 과일잼 5종,,,,,
[스윗밸런스] 타코랩 8종,,,,,
"무료배송 [2대째김치만] 더좋은 국내산 동치미 물김치, 1개, 5kg 쿠폰할인51%26,600원 12,940원 (100g당 259원) 2/12(목) 도착 예정 4.5 (213) 최대 647원 적립",,,,,
"쵸코하임 크라운 화이트하임, 284g, 2개 7,950원 (10g당 140원) 내일(일) 도착 보장 5 (28340) 최대 398원 적립",,,,,
"슈퍼너츠 땅콩버터 크런치, 460g, 1개 10%16,000원 14,400원 (100g당 3,130원) 내일(일) 새벽 도착 보장 5 (7535) 최대 720원 적립",,,,,
[청정원] 자유방목 동물복지 유정란 10구,,,,,
[종근당건강] 아임비타 멀티비타민 데일리 1박스 (2개월분),,,,,
"목우촌 무항생제 다리 두배 닭고기 닭볶음탕용 (냉장), 1300g, 1개 14,900원 (100g당 1,146원) 내일(일) 새벽 도착 보장 5 (10245) 최대 745원 적립",,,,,
[온하루] 섭산적 장조림,,,,,
"오뚜기 옛날 사골곰탕 국물, 500g, 6개 쿠폰할인44%10,680원 5,880원 (100g당 196원) 내일(일) 새벽 도착 보장 5 (1722) 최대 294원 적립",,,,,
"오넛티 땅콩버터 오리지널 100%, 230g, 1개 20%14,900원 11,900원 (100g당 5,174원) 내일(일) 새벽 도착 보장 5 (6894) 최대 595원 적립",,,,,
[위니비니] 피너츠 스누피 레드 틴 120g,,,,,
[샘표] 자연숙성 100% 진간장 골드 500ml,,,,,
[어니스트그릭] 피스타치오 그릭요거트 100g,,,,,
"순작 도라지 생강차, 700mg, 20개입, 2개 21%7,560원 5,960원 (10g당 2,129원) 내일(일) 도착 보장 4.5 (6220) 최대 298원 적립",,,,,
[해태] 신쫄이 딸기 96g (8개입),,,,,
[라라스윗] 저당 쭈쭈바 130mL X 6개입 2종(택1),,,,,
후르트텔라 590g,,,,,
[우아] 콘팝 3종 (택1),,,,,
[할리스] 헤이즐넛 아메리카노 스틱(5g X 12개),,,,,
[초코헬스] 제로넛츠 저당 아몬드 초콜릿 2종 (택1),,,,,
[요플레] 닥터캡슐 당프로젝트 (130mL X 4입),,,,,
[엔젯오리진] 하이큐 포스파티딜세린 징코 800(25일분),,,,,
"후레쉬베리 딸기, 360g, 1개 쿠폰할인5%5,480원 5,180원 (10g당 144원) 내일(일) 도착 보장 5 (43320) 최대 259원 적립",,,,,
"무료배송 푸드팜 브라질너트 완태, 500g, 2개 39,800원 (100g당 3,980원) 2/10(화) 도착 예정 4.5 (3366) 최대 1,990원 적립",,,,,
[조선호텔] 멘치카츠 500g,,,,,
"무료배송 천하일품 서귀포 제철 감귤, 1개, 14.감귤 10kg 대과 쿠폰할인68%60,900원 19,340원 (100g당 193원) 2/12(목) 도착 예정 4 (16475) 최대 967원 적립",,,,,
[감코리아] 곶감 쏙 떡바라기 5입팩 135g,,,,,
[달콤트리] 15+ 프리미엄 감귤 3kg,,,,,
뉴질랜드 단호박 1통,,,,,
[비비고] 노릇하게 구운 삼치 구이,,,,,
"알티스트 밀가루대신 글루텐프리 아몬드 파우더, 250g, 2개 25%21,800원 16,260원 (10g당 325원) 내일(일) 도착 보장 5 (11362) 최대 691원 적립",,,,,
[나폴레옹] 우유 듬뿍 식빵 215g,,,,,
[농협풍산김치] 깻잎김치 500g,,,,,
[세라] 페퍼민트 캔디 2개입,,,,,
[차려낸] 건더기가 풍부한 육개장 (2개입),,,,,
[와인앤모어픽업]폰토디 끼안티 클라시코 DOCG ((와인)),,,,,
"이엔푸드 시찌미, 240g, 1개 4,680원 (10g당 195원) 내일(일) 도착 보장 4.5 (982) 최대 234원 적립",,,,,
[CU 픽업] 오메기술13도3입,,,,,
[목우촌목장] 국내산 소고기 차돌박이 150g (냉동),,,,,
[슈퍼키친] 제육두부김치,,,,,
[애슐리] 더블 페퍼로니 라자냐,,,,,
[Better me] 국내산 그릴드 단호박 (100g X 6개입),,,,,
"곰곰 대추방울토마토, 1kg, 1개 7,790원 (100g당 779원) 내일(일) 새벽 도착 보장 4.5 (344421) 최대 390원 적립",,,,,
"너츠브라더 구운피칸, 500g, 2개 3%29,900원 28,900원 (100g당 2,890원) 2/10(화) 도착 예정 5 (125) 최대 1,445원 적립",,,,,
[하리보] 메가룰렛 2종(45g x 24개)(택1),,,,,
"맛을 그리다 볶음 캐슈넛, 1개, 1kg 할인7%21,100원 19,580원 (10g당 196원) 내일(일) 도착 보장 4.5 (9820) 최대 969원 적립",,,,,
"감성시장 하루견과 더 오리지널 믹스넛, 20g, 30개 25%27,900원 20,900원 (100g당 3,483원) 내일(일) 새벽 도착 보장 4.5 (574) 최대 1,045원 적립",,,,,
"라라스윗 치즈케이크 아이스밀크 (냉동), 474ml, 1개입, 1개 6,320원 (10ml당 133원) 내일(일) 새벽 도착 보장 5 (1362) 최대 316원 적립",,,,,
"무료배송 해농 맛 파래김 80g(50매) 바삭한 무조미 구운김, 80g, 1개 5%9,700원 9,200원 (10g당 1,150원) 2/10(화) 도착 예정 4.5 (2195) 최대 460원 적립",,,,,
"친환경 상추 & 깻잎 모둠쌈, 120g, 1개 2,990원 (100g당 2,492원) 내일(일) 새벽 도착 보장 4.5 (9765) 최대 150원 적립",,,,,
[오발탄] 얼큰 양해장국,,,,,
[용두동할매] 주꾸미 볶음,,,,,
"오뚜기 치킨 튀김가루, 1kg, 1개 5%5,480원 5,180원 (100g당 518원) 내일(일) 도착 보장 새 상품, 반품-미개봉 (42) 최저4,530원 4.5 (4998) 최대 259원 적립",,,,,
[명가교동짬뽕] 고기가득 쟁반짜장,,,,,
[네니아] 아이스 홍시 240g (60g X 4개),,,,,
[선물세트] 한국맥꾸룸 맥소담 1호 세트,,,,,
[셰프초이스] 트러플 미니함박 750g (냉장),,,,,
[비움반찬] 건나물 5종 세트,,,,,
[선물세트] 신라명과 마드렌 30개 세트 420g,,,,,
"황금이네 브로콜리 양배추즙, 3L, 1개 43%17,500원 9,900원 (10ml당 33원) 내일(일) 도착 보장 5 (4738) 최대 485원 적립",,,,,
문경 오미자청 500mL,,,,,
"담터 대추차 플러스, 15g, 50개입, 1개 17%13,900원 11,400원 (10g당 152원) 내일(일) 도착 보장 4.5 (11575) 최대 570원 적립",,,,,
"[전통주] 시에가 (매실향) (22도, 500mL)",,,,,
[동원] 그릴리 부어스트 3종 (택1),,,,,
"바나나맛우유 무가당, 6개, 240ml 8,530원 (100ml당 592원) 내일(일) 새벽 도착 보장 5 (3474) 최대 426원 적립",,,,,
[진가네반찬] 부추김치,,,,,
"무료배송 비비고 초사리곱창돌김, 20개, 5g 할인14%15,500원 13,200원 (10g당 1,320원) 2/11(수) 도착 예정 5 (754) 최대 660원 적립",,,,,
[일본 디저트 여행] 마루킨 조각 바움쿠헨 2종 (택1),,,,,
[로덴드론] 블렌드 원두 250g 3종(택1),,,,,
"무료배송 올데이스낵) 볶은카다이프면 두바이쫀득쿠키, 200g, 1개 22,000원 (100g당 11,000원) 2/10(화) 도착 예정 3.5 (3) 최대 1,100원 적립",,,,,
"무료배송 해남 달망 밤고구마, 3kg(한입), 1박스 할인57%19,990원 8,400원 (100g당 280원) 2/10(화) 도착 예정 4 (38014) 최대 354원 적립",,,,,
[CU 픽업] 카발란디스틸러리셀,,,,,
[CU 픽업] 레칙18년,,,,,
[CU 픽업] 스코티시리더오리지널,,,,,
"무료배송 제주 하우스귤 5kg 타이벡 로얄과 감귤 당도보장, 1박스, 실속 노지감귤 대과 5kg 할인40%20,000원 11,980원 (100g당 240원) 품절 4 (82)",,,,,
"[컨디션] 컨디션 100ml (헛개, 레이디, 스파클링자몽제로) 3종 (택1)",,,,,
[대상웰라이프] 쿨멜팅 리포좀 비타민D (30일분),,,,,
[밀도] 모닝롤 (30g X 6개입),,,,,
"서울우유 커피, 300ml, 8개 11,720원 (100ml당 488원) 내일(일) 새벽 도착 보장 5 (6113) 최대 586원 적립",,,,,
[리고] 땅콩버터 크리미 462g,,,,,
[오니스트] 스킨시너지세트 Eternal Beauty Gift Set 84포,,,,,
[미떼] 오리지날 핫초코 기획팩 (30g X 10개),,,,,
"바른씨 생연어 (냉장), 1개, 500g 21,980원 (100g당 4,396원) 내일(일) 새벽 도착 보장 4.5 (3503) 최대 1,099원 적립",,,,,
"리치팜너트 넛엔베리 믹스넛, 440g, 1개 15,370원 (100g당 3,493원) 내일(일) 도착 보장 5 (420) 최대 769원 적립",,,,,
"한돈 삼겹살수육용 (냉장), 1kg, 1개 30%29,900원 20,900원 (100g당 2,090원) 내일(일) 새벽 도착 보장 4.5 (3529) 최대 1,045원 적립",,,,,
[KF365] 한돈 고추장양념 돼지불고기 2종 (냉장) (택1),,,,,
"요플레 제로 초코링, 120g, 1세트 25%8,000원 5,960원 (10g당 124원) 내일(일) 새벽 도착 보장 4.5 (1988) 최대 298원 적립",,,,,
[CU 픽업] 투핸즈 브레이브 페이스,,,,,
"무료배송 삼삼막창 돼지숙성막창 1kg+소스200g 고소한 생막창 캠핑 야식, 1kg, 1개 쿠폰할인51%35,000원 16,990원 (100g당 1,699원) 2/10(화) 도착 예정 4.5 (1224) 최대 850원 적립",,,,,
"아그네시 통밀 스파게티 N.3, 500g, 2개 5,200원 (100g당 520원) 내일(일) 도착 보장 4.5 (1234) 최대 260원 적립",,,,,
과메기용 쌈채소 400g,,,,,
[더브레드블루] 클래식 단팥빵 (85g X 3개),,,,,
"다담 된장찌개 양념, 530g, 1개 33%8,000원 5,360원 (100g당 1,011원) 내일(일) 새벽 도착 보장 5 (18712) 최대 268원 적립",,,,,
[센트룸] 원데이팩 40 (14일분) 우먼/맨 (택1) +원지 틴케이스 증정,,,,,
"순작 유기농 통알곡 옥수수차, 1kg, 1개입, 2개 23%10,960원 8,360원 (10g당 42원) 내일(일) 도착 보장 5 (9904) 최대 418원 적립",,,,,
[김소형원방] 목편한 무꿀배 스틱 15포,,,,,
[모현상회] 벌교 꼬막장 400g (냉장),,,,,
[오넛티] 100% 땅콩버터 2종 (택1),,,,,
"다담 매콤 두부조림 양념, 140g, 2개 35%5,100원 3,290원 (100g당 1,175원) 내일(일) 새벽 도착 보장 4.5 (1432) 최대 165원 적립",,,,,
[비비고] 순살임연수구이,,,,,
[파스퇴르] 바른목장 무항생제 우유(190mL X 24입),,,,,
[선물세트] 제니쿠키 버터 쿠키 2종 (택1),,,,,
패션후르츠 한라봉청 950g,,,,,
"더국민 돌자반 볶음, 400g, 1개 20%12,500원 9,990원 (10g당 250원) 내일(일) 도착 보장 5 (34250) 최대 500원 적립",,,,,
[더오담] 소 내장탕,,,,,
[올레길] 제주 모짜렐라 슬라이스 100g,,,,,
"오뚜기 1/2 하프 마요네스, 315g, 1개 3%3,980원 3,830원 (100g당 1,216원) 내일(일) 새벽 도착 보장 5 (5129) 최대 191원 적립",,,,,
[배대감] 우리쌀 부침가루 450g,,,,,
[오리온] 오뜨 쇼콜라 & 치즈 믹스 588g,,,,,
[Kim'sbutcher] 미국산 목전지 제육볶음용 1kg,,,,,
"다향 고향의장맛 오리주물럭 매운맛, 500g, 1개 11,900원 (100g당 2,380원) 내일(일) 새벽 도착 보장 4.5 (4473) 최대 595원 적립",,,,,
"웰치스 제로 그레이프맛, 355ml, 12개 9,150원 (100ml당 215원) 내일(일) 도착 보장 5 (38709) 최대 458원 적립",,,,,
"착한습관 카카오닙스, 200g, 1개 11,900원 (100g당 5,950원) 내일(일) 도착 보장 4.5 (8419) 최대 565원 적립",,,,,
[던킨] 밀키 라떼 (400mL X 6병),,,,,
[브레댄코] 굿모닝 모닝롤 (25g X 18개),,,,,
"재양농산 입안에 행복 경기미, 4kg, 1개, 상등급 14,900원 (100g당 373원) 내일(일) 도착 보장 4.5 (3182) 최대 745원 적립",,,,,
[아라찬] 블럭 명란젓,,,,,
[하루견과] 빠삭칩 200g,,,,,
[선물세트] 올리타리아 엑스트라 버진 올리브오일 & 포도씨유,,,,,
"비비드키친 저당 돈카츠 소스, 310g, 1개 13%4,980원 4,300원 (100g당 1,387원) 내일(일) 도착 보장 5 (511) 최대 215원 적립",,,,,
[슈퍼키친] 브로콜리꽃맛살샐러드,,,,,
"하진이네 버섯뜰에 무농약 건조 표고버섯 슬라이스, 100g, 1개 8,900원 (100g당 8,900원) 내일(일) 도착 보장 4.5 (1217) 최대 445원 적립",,,,,
[라빈리커픽업]아사히 쇼쿠사이 (4캔) (맥주),,,,,
[마이셰프] 버섯가득 소불고기전골,,,,,
[샘표] 순작 아몬드 검은콩 율무차 (18g X 10개),,,,,
[종근당건강] 헬씨칸 (30일분),,,,,
스피아민트 10g,,,,,
"월드그린 고소한 검은콩 서리태, 1kg, 1개 9,980원 (100g당 998원) 내일(일) 새벽 도착 보장 5 (659) 최대 499원 적립",,,,,
[집반찬연구소] 계란두부부침,,,,,
베트남 용과 400g (1개),,,,,
[CU 픽업] 들라스-꼬뜨 뒤 론 생떼스프,,,,,
[일월상단] 자일로스 오미자청 500mL,,,,,
"모닌 바닐라 시럽, 250ml, 1개 6,200원 (100ml당 2,480원) 내일(일) 도착 보장 5 (6028) 최대 310원 적립",,,,,
"아이스올리 먹는 잔얼음 8개입 (냉동), 8개, 180g 4,380원 (10g당 30원) 내일(일) 새벽 도착 보장 5 (6579) 최대 219원 적립",,,,,
[백설] 돼지갈비양념 500g,,,,,
"농협 동물복지 인증 유정란 1.56kg, 1개, 30구 12,990원 (1구당 433원) 내일(일) 새벽 도착 보장 4.5 (43960) 최대 650원 적립",,,,,
"가시바른 두툼한 순살 가자미 (냉동), 1개, 700g 19%14,900원 11,980원 (10g당 171원) 내일(일) 새벽 도착 보장 5 (828) 최대 599원 적립",,,,,
[CU 픽업] 투핸즈 벨라스 가든,,,,,
[셰프초이스] 파송송 오리주물럭 500g (냉동),,,,,
"일가집 비타 김밥단무지, 350g, 1개 2,190원 (100g당 626원) 내일(일) 새벽 도착 보장 5 (32015) 최대 110원 적립",,,,,
[진가네반찬] 무말랭이 김치,,,,,
"무료배송 현대농산 국산 현미 5kg, 1개 16,700원 (100g당 334원) 2/11(수) 도착 예정 4.5 (4964) 최대 835원 적립",,,,,
"무료배송 [버들김] 단단하게 잘 말리는 국내산 김밥김 전장김 생김 (지퍼백) 100매, 250g, 1개 24%19,700원 14,950원 (10g당 598원) 2/10(화) 도착 예정 4.5 (1473) 최대 748원 적립",,,,,
"순작 통현미 가득 밤마차, 20g, 10개 20%4,980원 3,980원 내일(일) 도착 보장 5 (1141) 최대 199원 적립",,,,,
[오뚜기] 오즈키친 햄치즈무스비 500g,,,,,
[뭴러스] 오메가3 레몬맛 250ml (40일분),,,,,
"서울우유치즈 체다 슬라이스 치즈, 18g, 15개입, 2개 8,810원 (10g당 163원) 내일(일) 새벽 도착 보장 5 (54140) 최대 440원 적립",,,,,
[바로담아] 100% 통참깨 참기름 350mL,,,,,
[오르랔베이커리] 랔낭시에 선물세트 (9개입),,,,,
[CU 픽업] 팔첼리아마로네 6본,,,,,
[동원] 양반 한식 김가루 50g,,,,,
유기농 늘보리 500g,,,,,
"담터 호두 아몬드 율무차, 18g, 50개입, 1개 16%14,900원 12,400원 (10g당 138원) 내일(일) 새벽 도착 보장 5 (6818) 최대 620원 적립",,,,,
[아이숑] 아이스바 하트숑 딸기 & 핑크레몬 (48mL X 2개),,,,,
"풀무원 소가 순두부, 350g, 2개 2,440원 (100g당 349원) 내일(일) 새벽 도착 보장 5 (2721) 최대 122원 적립",,,,,
"해맑은푸드 반건조노가리 조미 청대구 (냉동), 1kg, 1개 17,760원 (100g당 1,776원) 내일(일) 새벽 도착 보장 4.5 (957) 최대 888원 적립",,,,,
"오리온 스윙칩 볶음고추장맛, 60g, 3개 4,440원 (10g당 247원) 내일(일) 도착 보장 5 (19287) 최대 222원 적립",,,,,
[비비드키친] 저칼로리 비빔장,,,,,
[미트지엥] Flex 부채살 스테이크 밀키트,,,,,
[김규흔한과] 우리밀 약과 (30g X 12개),,,,,
"청정원 고깃집 파절이 소스, 310g, 1개 3,490원 (100g당 1,126원) 내일(일) 새벽 도착 보장 5 (868) 최대 175원 적립",,,,,
"하조대농협 볶음 콩가루, 250g, 1개 할인31%9,900원 6,780원 (100g당 2,712원) 내일(일) 도착 보장 4.5 (1177) 최대 335원 적립",,,,,
"키토선생 리얼마이즈 알룰로스 분말, 1kg, 1개 쿠폰할인61%30,000원 11,500원 (100g당 1,150원) 내일(일) 도착 보장 5 (108) 최대 575원 적립",,,,,
[풀무원] 반듯한식 큰고기완자,,,,,
"[우리땅오리] 국내산 오리 대패 600g (구이용, 샤브샤브용) (냉동)",,,,,
"백설 햄스빌 굿베이컨, 110g, 3개 16%8,280원 6,950원 (10g당 211원) 내일(일) 새벽 도착 보장 5 (56990) 최대 323원 적립",,,,,
[고메] 어니언 체다 치즈 피자,,,,,
"친수 남늑 피쉬소스, 300ml, 1개 24%3,490원 2,630원 (10ml당 88원) 내일(일) 새벽 도착 보장 5 (174) 최대 131원 적립",,,,,
"행복한콩 고소한 순두부, 350g, 2개입 29%2,480원 1,760원 (100g당 251원) 내일(일) 새벽 도착 보장 5 (6338) 최대 88원 적립",,,,,
"백설 요리당, 2.45kg, 1개 6,440원 (100g당 263원) 내일(일) 도착 보장 4.5 (1680) 최대 322원 적립",,,,,
"무료배송 [타임특가] 고당도 제주 한라봉 특품중과, 1개, 5kg 할인61%70,000원 26,690원 (100g당 534원) 2/12(목) 도착 예정 4.5 (211) 최대 1,335원 적립",,,,,
"무료배송 (산지 직송) 국산 전남 목포 흑산도 홍어, 1개, 국산 홍어 1kg 중간숙성 (4~6인분) 할인36%74,900원 47,500원 (100g당 4,750원) 2/10(화) 도착 예정 4.5 (966) 최대 2,351원 적립",,,,,
"무료배송 [한정수량특가] 아삭달콤 청송 햇 부사사과, 1박스, 5kg 쿠폰할인50%50,000원 24,900원 (100g당 498원) 2/12(목) 도착 예정 4 (163) 최대 1,230원 적립",,,,,
[맹가졸리] 발사믹 크림 2종,,,,,
"동원 라이트 스탠다드 참치, 150g, 8개 40%30,240원 17,890원 (10g당 149원) 내일(일) 도착 보장 5 (122394) 최대 895원 적립",,,,,
[이호] 스테이크용 삼치 300g (생물),,,,,
"국내산 콜리플라워, 1개입, 1개 5,960원 (1개당 5,960원) 내일(일) 새벽 도착 보장 4.5 (756) 최대 298원 적립",,,,,
[G7] 3in1 믹스커피 2종 (택1),,,,,
"김기진농부의 저탄소 영주 사과, 1.5kg(중대과/6입), 1개 20,900원 (100g당 1,393원) 내일(일) 새벽 도착 보장 4.5 (1148) 최대 1,045원 적립",,,,,
[하인즈] 홀 필드 토마토 400g,,,,,
[칼라보] 짜먹는 과카몰리 튜브 397g 2종,,,,,
[낫띵베럴] 탱글리 슬리밍 샷 (1일분),,,,,
"국내산 로메인, 250g, 1개 2,950원 (100g당 1,180원) 내일(일) 새벽 도착 보장 4.5 (51969) 최대 148원 적립",,,,,
"주부구단 김밥햄, 170g, 2개 24%7,960원 5,980원 (100g당 1,759원) 내일(일) 새벽 도착 보장 5 (6571) 최대 299원 적립",,,,,
"우고래빗 밸런스 하루견과, 50개 27%39,900원 28,900원 (1세트당 578원) 내일(일) 도착 보장 5 (545) 최대 1,445원 적립",,,,,
"더블링 천하장사 콰트로치즈 소시지, 400g, 2개 쿠폰할인8%11,940원 10,980원 (10g당 137원) 내일(일) 도착 보장 5 (18673) 최대 519원 적립",,,,,
[마마리] 우리쌀 떡국 (2인분),,,,,
[마즈] 몰티져스 트뤼플 200g,,,,,
[유동] 자연산골뱅이 230g,,,,,
"도정공장 씻어나온 렌틸콩, 2kg, 1통 9,990원 내일(일) 새벽 도착 보장 5 (3666) 최대 500원 적립",,,,,
[칠갑농산] 쫄면사리 900g (180g*5입봉),,,,,
[라빈리커픽업]글렌그란트 15년 (위스키),,,,,
[CU 픽업] 불독코파글라스패키지,,,,,
"바프 군옥수수맛 아몬드, 120g, 1개 3,850원 (100g당 3,208원) 내일(일) 도착 보장 5 (11978) 최대 193원 적립",,,,,
[가농바이오] 단백이 구운맛 20개입,,,,,
"리코스 나쵸칩 치즈 소스, 100g, 4개 7,210원 (10g당 180원) 내일(일) 도착 보장 4.5 (5430) 최대 360원 적립",,,,,
[오타후쿠] 데리야끼 타레 소스 350g,,,,,
[매일식탁] 감자수제비 순두부찌개,,,,,
"마루코메 요리정의 맛 모듬 파 + 두부 + 미역 + 유부 36개입, 1개 할인17%9,410원 7,810원 2/11(수) 도착 예정 5 (154) 최대 390원 적립",,,,,
[군산 이성당] 샌드웨이퍼 2종 (8g X 10개입) (택1),,,,,
[미자언니네] 감자달걀 샐러드,,,,,
[청정원] 저당&저칼로리 드레싱 3종 (택1),,,,,
[CU 픽업] 효고오토코야마 720ml,,,,,
[KF365] 한돈 (삼겹살/앞다리) 수육용 600g 2종,,,,,
"서울우유 짜먹는 요구르트 짜요짜요 포도, 40g, 2개 2%4,980원 4,880원 (10g당 102원) 내일(일) 새벽 도착 보장 5 (41169) 최대 244원 적립",,,,,
"곰곰 설향딸기, 500g(L), 1팩 9,990원 (100g당 1,998원) 내일(일) 새벽 도착 보장 4.5 (10624) 최대 500원 적립",,,,,
[킷캣] 웨이퍼 파우치 2종 (택1),,,,,
[블루] 노르웨이산 생연어 큐브 180g (냉장),,,,,
[순수식품] 어린 저분자 피쉬콜라겐 1500 1박스(100포) (단일옵션),,,,,
[해태] 에이스 바스크 치즈 케이크 364g,,,,,
[드시모네] 베이비 스텝1 유산균 (50일분),,,,,
"남양이오 유산균 음료, 190ml, 24개 18%15,900원 12,900원 (100ml당 283원) 내일(일) 도착 보장 새 상품, 반품 (9) 최저10,830원 5 (17603) 최대 645원 적립",,,,,
"[캐나다 빵집, 불라트] 허브 포카치아 (145g X 4개)",,,,,
"고래사어묵 꼬치어묵 & 물떡 (냉동), 700g, 1개 12,580원 (100g당 1,797원) 내일(일) 새벽 도착 보장 5 (1329) 최대 629원 적립",,,,,
"무염 고소하게 구운 캐슈넛, 1개 15%20,000원 16,900원 (100g당 3,380원) 내일(일) 도착 보장 4.5 (294) 최대 845원 적립",,,,,
"너트킹 아몬드 분말, 1kg, 1개 10,000원 (100g당 1,000원) 내일(일) 도착 보장 5 (2558) 최대 500원 적립",,,,,
[안국건강] 안국 그린 프로폴리스(60일분),,,,,
[전통주] 신평양조 콩당콩당 콩막걸리 (7도 750mL) 검은콩막걸리,,,,,
[그래미] 여명 808 140ml x 2개입,,,,,
[디어파인] 애플 그릭요거트 100g,,,,,
[이십사절기] 간장 닭갈비 400g,,,,,
[26년 설] [CU 픽업] KJ프랑스선물셋,,,,,
[CU 픽업] 로르나노끼안그란셀,,,,,
[26년 설] [CU 픽업] 로저로제패키지,,,,,
[면사랑] 우리쌀 떡국떡 1kg (지퍼백),,,,,
[CU 픽업] 메종아이스뀌베로제,,,,,
"무료배송 수율보장 벌교 꼬막 새꼬막, 1개, 3kg M 할인38%24,000원 14,800원 (100g당 493원) 모레(월) 도착 예정 4 (231) 최대 740원 적립",,,,,
[KF365] 숯불 삼겹살 구이 300g (냉동),,,,,
"쌀집총각 2025년산 햅쌀 백진주, 상등급, 10kg, 1개 16%49,900원 41,900원 (100g당 419원) 내일(일) 도착 보장 4.5 (7567) 최대 2,095원 적립",,,,,
[유가원] 유기농 코코넛칩 180g,,,,,
[에버콜라겐] 코큐(28일분),,,,,
"[선물세트] 전통주 복분자음 미니어처 세트 (12도, 375mL*3, 80mL *2)",,,,,
"무료배송 [신년초초특가] 50박스한정 황금당도 청송안동 부사사과, 1박스, 3kg 쿠폰할인49%32,600원 16,600원 (100g당 553원) 2/21 도착 예정 3.5 (54) 최대 830원 적립",,,,,
[와인앤모어픽업]코노수르 비씨클레타 까르미네르 ((와인)),,,,,
[CU 픽업] 19크라임스 소비뇽블록,,,,,
[남도우애] 무항생제 1++ 한우 안심 스테이크 200g (냉장),,,,,
"청정원 구운 김밥김, 20g, 2개 15%7,960원 6,730원 (10g당 1,683원) 내일(일) 새벽 도착 보장 4.5 (5245) 최대 336원 적립",,,,,
[김정환홍삼] 홍삼으로 이뮨밸런스 플러스 (60일분) (+보자기 & 쇼핑백증정),,,,,
[선물세트] 메종엠오 마들렌 목함 1단 세트,,,,,
"[담터] 캐슈넛,아몬드,호박고구마차  (18g X 40개)",,,,,
"팔도 비락식혜 제로, 1.5L, 1개 31%4,500원 3,090원 (100ml당 206원) 내일(일) 새벽 도착 보장 5 (812) 최대 155원 적립",,,,,
[오뚜기] 골드 마요네스 2종 (택1),,,,,
"한돈 앞다리 수육용 (냉장), 1kg, 1개 28%22,240원 15,960원 (100g당 1,596원) 내일(일) 새벽 도착 보장 4.5 (4480) 최대 798원 적립",,,,,
[안단잼] 저칼로리 과일잼 380g 4종 (택1),,,,,
[노량진28번중도매인] 백합조개 600g (생물),,,,,
[포트'럭] 남해안 여수 새꼬막 2종 (택1) (생물),,,,,
[프릳츠] 콜롬비아 디카페인 원두 200g,,,,,
"오뚜기 뿌셔뿌셔 양념치킨맛, 90g, 1개 940원 (10g당 104원) 내일(일) 새벽 도착 보장 5 (193) 최대 47원 적립",,,,,
[콜린스 다이닝] 문어 세비체,,,,,
[아루화 담양한과] 우리밀 미니약과 140g(개별포장),,,,,
[한일관 X 백년가게] 등심 불고기,,,,,
[정관장] 에브리타임 리미티드 (30일분) + (보자기포장 및 쇼핑백 증정),,,,,
[닥터랩노쉬] 리얼 애사비 클렌즈 10포,,,,,
[로아커] 미니스 웨하스 믹스팩 15개입 150g,,,,,
[CU 픽업] 버터리밤샤도네이,,,,,
"파스키에 슬라이스 브리오쉬 (냉동), 500g, 1개 8,620원 (10g당 172원) 내일(일) 새벽 도착 보장 4.5 (3350) 최대 431원 적립",,,,,
[풀무원다논] 액티비아 화이트플레인 (130mL X 8개),,,,,
깐 생강 50g,,,,,
[CU 픽업] 코젤다크500ml캔24입,,,,,
[진실된손맛] 명이나물 장아찌,,,,,
[풀무원] 뽀로로 연두부,,,,,
[오마뎅] 풍년방앗간 양념치킨맛 떡꼬치,,,,,
[CU 픽업] 보시오모스카토발렌티나,,,,,
"오뚜기 3분 카레 약간매운맛, 200g, 3개 5%4,740원 4,470원 (100g당 745원) 내일(일) 새벽 도착 보장 5 (2001) 최대 224원 적립",,,,,
"율무 보리과자, 525g, 1개 6,520원 (10g당 124원) 내일(일) 새벽 도착 보장 5 (1508) 최대 326원 적립",,,,,
[두유본색] 자색고구마 아침두유 (190mL X 10개),,,,,
[CU 픽업] 콜럼비아그랜샤도,,,,,
홈마카세 수산물 6종 (택1),,,,,
[비움반찬] 부추어묵잡채,,,,,
"요플레 그릭 달지 않은 플레인, 80g, 8개 쿠폰할인28%6,960원 4,980원 (10g당 78원) 내일(일) 새벽 도착 보장 4.5 (1755) 최대 249원 적립",,,,,
[미트지엥] Flex 안심 스테이크 밀키트,,,,,
[서대문 평양옥] 닭곰탕,,,,,
[밀도] 소화가잘되는 우유로 만든 쌀식빵 480g,,,,,
[KF365] 에어프라이어용 통 닭가슴살 치킨까스 120g*5pk,,,,,
"무료배송 바른곡물 국산 늘보리쌀, 2kg, 1개 16,060원 (100g당 803원) 2/13(금) 도착 예정 4.5 (295) 최대 803원 적립",,,,,
[성수동분식] 주먹밥 500g 4종 (택1),,,,,
[프로티원] 단백질 쉐이크 490g (6종),,,,,
"풀무원 몽글몽글 옛 순두부, 450g, 1개 1,850원 (100g당 411원) 내일(일) 새벽 도착 보장 5 (8848) 최대 93원 적립",,,,,
"무료배송 시가야 전통발효 낫또 (팩당50g 소스동봉), 50g, 18개 9%20,900원 18,990원 (100g당 2,110원) 2/12(목) 도착 예정 4.5 (12671) 최대 950원 적립",,,,,
[몬타이] 스위트 칠리소스,,,,,
"자연다움 국내산 고구마 스틱, 20g, 10개 35%15,800원 10,220원 (100g당 5,110원) 내일(일) 도착 보장 4.5 (8178) 최대 511원 적립",,,,,
"맥널티 티브루 호박팥차 진액, 1개, 30개입, 10ml 9,900원 (10ml당 330원) 내일(일) 도착 보장 5 (343) 최대 495원 적립",,,,,
[사층빵집] 달콤 마카롱 2종 (택1),,,,,
"한돈 벌집 껍데기 600g (냉동)(참소스*3, 콩고물*3)",,,,,
[몽슈슈] 도지마롤 2종 (택1),,,,,
"무료배송 자연밭담 대봉곶감 25년 햇 대봉 특대 8입, 1세트, 680g (특상) 11%20,000원 17,640원 (100g당 20,753원) 2/10(화) 도착 예정 4.5 (70) 최대 882원 적립",,,,,
"몬스터에너지 그린, 355ml, 24개 32,200원 (10ml당 38원) 내일(일) 도착 보장 5 (14344) 최대 1,610원 적립",,,,,
"[생미쉘] 마들렝 150g (6개입, 개별포장)",,,,,
[버크셔세상] 저탄소 인증 버크셔K 흑돼지 찌개용 400g,,,,,
"샘표 토장, 1.9kg, 1개 48%22,900원 11,820원 (100g당 622원) 내일(일) 도착 보장 5 (29638) 최대 591원 적립",,,,,
[CU 픽업] 데일스페일에일*6캔,,,,,
"무료배송 미트리 자이언트 닭가슴살 볶음밥 3종 혼합, 300g, 12개 36%60,000원 37,900원 (100g당 1,053원) 2/11(수) 도착 예정 5 (551) 최대 1,895원 적립",,,,,
"무료배송 대한식품 무항생제 반숙란 반숙계란 30구 대란!, 1개 할인11%14,100원 12,530원 (1구당 418원) 2/10(화) 도착 예정 4.5 (17389) 최대 626원 적립",,,,,
[우리쌀 왕호두] 말차 호두과자 (30g X 10개),,,,,
"쵸코하임, 284g, 2개 28%11,300원 8,060원 (10g당 142원) 내일(일) 도착 보장 5 (44867) 최대 403원 적립",,,,,
"담양군농협 2025년산 햅쌀 대숲맑은 죽향 새청무, 10kg, 1개, 상등급 6%35,000원 32,900원 (100g당 329원) 내일(일) 도착 보장 5 (2353) 최대 1,645원 적립",,,,,
"빙그레 맑은아침 호박팥차 무라벨, 500ml, 20개 19%20,900원 16,900원 (100ml당 169원) 내일(일) 도착 보장 5 (3101) 최대 760원 적립",,,,,
"고래사어묵 가정용 야채봉어묵 밀가루 0% (냉동), 296g, 2개 13,400원 (100g당 2,264원) 내일(일) 새벽 도착 보장 5 (8460) 최대 670원 적립",,,,,
"생생포크 한돈 앞다리살 불고기용 (냉장), 1000g, 1개 18%21,470원 17,550원 (100g당 1,755원) 내일(일) 새벽 도착 보장 4.5 (26166) 최대 878원 적립",,,,,
"전골용 모둠버섯, 200g, 1개 2,890원 (100g당 1,445원) 내일(일) 새벽 도착 보장 5 (5962) 최대 145원 적립",,,,,
[CU 픽업] 마시 브롤로 깜포피오린,,,,,
"굿헬씨 유기농 컬리케일 100 동결건조 곱슬케일 분말 30포, 1개, 30g 할인51%23,100원 11,300원 (10g당 3,767원) 내일(일) 도착 보장 4.5 (4540) 최대 555원 적립",,,,,
[해태] 얼초 동물그리기 52g,,,,,
[CU 픽업] 디보톨리노블원,,,,,
"무료배송 다맘 캘리포니아 햇 호두 1/4태 1kg, 1개 14,480원 (100g당 1,448원) 2/10(화) 도착 예정 4.5 (3586) 최대 724원 적립",,,,,
[선물세트] 국산 자연산 대하 세트 1호 1.5kg (특),,,,,
"배대감 저당 저칼로리 알룰로스 오리지널, 1.32kg, 1개 55%24,960원 10,990원 (100g당 833원) 내일(일) 도착 보장 5 (9981) 최대 550원 적립",,,,,
"꽃샘 꿀 유자차 S, 2kg, 1개입, 2개 19,900원 (10g당 50원) 내일(일) 도착 보장 4.5 (7440) 최대 995원 적립",,,,,
[메디타민] 비피더스 심리스 프로바이오틱스 (30일분),,,,,
[CU 픽업] 마스미아카720ml,,,,,
[유유제약]  전립엔 쏘팔메토 옥타코사놀 카제로템 (60일분),,,,,
[닥터메타] 프리미엄 티컨트롤 (30일분),,,,,
[하남주꾸미] 주꾸미 볶음 2종 (택1),,,,,
[더단백] 워터프로틴 PET 400mL 1개입 2종 (택1),,,,,
"[마더네스트] 프로폴리스 맥스 2종 (150일분, 60일분)",,,,,
[전통주] 명품안동소주 프리미엄 (30도 375mL),,,,,
[이상복명과] 계피빵 (38g X 10개),,,,,
"불닭볶음면 까르보 130g, 8개 13%11,960원 10,300원 (1개당 1,288원) 내일(일) 도착 보장 5 (48702) 최대 515원 적립",,,,,
데친 국산냉이 250g,,,,,
[가보팜스] 프리미엄 꽃꿀 2구 선물세트 (야생화꿀 300g + 아카시아꿀 300g),,,,,
[평창] 쥐눈이콩 나또 10개입,,,,,
"비비드키친 저당 굴소스, 310g, 1개 5,100원 (100g당 1,645원) 내일(일) 새벽 도착 보장 5 (17812) 최대 229원 적립",,,,,
"대구농산 볶은 아마씨 봉, 700g, 1개 49%9,790원 4,980원 (100g당 711원) 내일(일) 도착 보장 4.5 (991) 최대 249원 적립",,,,,
[조선델리] 조선호텔 마스카포네 롤케이크 440g,,,,,
"오뚜기 카레 순한맛, 1kg, 1개 6,880원 (100g당 688원) 내일(일) 도착 보장 5 (26182) 최대 344원 적립",,,,,
[베키아에누보] 문경사과 롤케이크 250g,,,,,
"풀무원 풀스키친 꼬들꼬들한간장무채장아찌, 1kg, 1개 12,000원 (10g당 120원) 내일(일) 새벽 도착 보장 5 (7027) 최대 600원 적립",,,,,
[CU 픽업] 사쓰마 시라나미1800ml,,,,,
"굿미트찹 우삼겹 돌돌말이 구이용 (냉동), 500g, 1개 8,730원 (100g당 1,746원) 내일(일) 새벽 도착 보장 4.5 (2773) 최대 436원 적립",,,,,
[전통주] 정고집 말차 생막걸리 9린티 (9도 750mL),,,,,
[종근당건강] 락토핏 마시는 유산균 2종 (130mL X 4개) (택1),,,,,
[압구정주꾸미] 주꾸미 볶음 2종 (택1),,,,,
[조선호텔김치] 프리미엄 갓김치 500g,,,,,
[CU 픽업] 에스폴론아네호,,,,,
"제티 초콕 초코 스트로우, 3.6g, 20개입, 1개 7,500원 (10g당 1,042원) 내일(일) 도착 보장 5 (6967) 최대 375원 적립",,,,,
[풀무원] 김치왕만두 1.4kg,,,,,
뚝딱! 국산 냉동채소 골라담기 9종 (택2),,,,,
"하인즈 랜치 드레싱, 418.5g, 1개 35%6,980원 4,480원 (100g당 1,070원) 내일(일) 도착 보장 4.5 (2376) 최대 224원 적립",,,,,
[파스퇴르] 킨더밀쉬 (200mL X 6개),,,,,
[해태] 오사쯔 100g,,,,,
"곰곰 백색 김밥 단무지, 400g, 1개 3,090원 (100g당 773원) 내일(일) 새벽 도착 보장 4.5 (800) 최대 155원 적립",,,,,
[CU 픽업] 시메이블루330ml*6병,,,,,
[삼양] 왕짱구 275g,,,,,
"청정원 맛있는 밥 엔 쇠고기, 24g, 4개 16%9,160원 7,670원 (10g당 799원) 내일(일) 도착 보장 5 (8955) 최대 384원 적립",,,,,
"무료배송 25년 수확 볶은땅콩 왕큰알, 1개, 3.75kg 11%25,900원 22,990원 (100g당 613원) 2/13(금) 도착 예정 4.5 (46) 최대 1,150원 적립",,,,,
[비타바움] 비타민B12 + V - Complex8 (30일분),,,,,
"건강한끼 중국산 훈제오리 슬라이스 (냉동), 800g, 1개 10,900원 (100g당 1,363원) 내일(일) 새벽 도착 보장 4.5 (951) 최대 545원 적립",,,,,
"귤림원 GAP 인증 당도선별 감귤, 1.5kg(로얄과), 1개 41%26,900원 15,660원 (100g당 1,044원) 내일(일) 새벽 도착 보장 4.5 (16483) 최대 783원 적립",,,,,
[룰루맘] 리얼딸기구마 (20g x 10개입),,,,,
"샘표 국간장, 1개, 860ml 12%6,420원 5,600원 (100ml당 651원) 내일(일) 새벽 도착 보장 5 (3086) 최대 280원 적립",,,,,
[더브레드블루] 호두깜빠뉴 450g,,,,,
"곰곰 국내산 삼치 (냉동), 400g, 1팩 6,760원 (100g당 1,690원) 내일(일) 새벽 도착 보장 4.5 (3077) 최대 338원 적립",,,,,
[선물세트] 제주 옥돔 (대) 세트 2kg (예약일 수령),,,,,
[소자매] 콜드브루 스틱 30mL X 10개입 5종 (택1),,,,,
[복음자리] 저당 초코&헤이즐넛 스프레드 220g,,,,,
[헤베커피] 클래식 블렌드 원두 1kg,,,,,
[CU 픽업] 몽지람M6플러스,,,,,
[헤이밀] 새우 부추 송송 만두 (2개입),,,,,
[CU 픽업] 아드나호 인피니트 로크,,,,,
[Kurly's] 1++ 한우 갈비살 구이용 250g (냉장),,,,,
[팜에이트] 무농약 유러피안 소프트 샐러드 130g,,,,,
[스폰서] 바디 엑티베이터 플러스 (4일분),,,,,
"웨더스오리지날 크림 캔디, 90g, 3개 22%7,500원 5,840원 (10g당 216원) 내일(일) 도착 보장 5 (11192) 최대 292원 적립",,,,,
[제주마미] 봄 뜻 곤드레나물 200g,,,,,
"오리온 땅콩강정, 80g, 5개 34%9,050원 5,950원 (10g당 149원) 내일(일) 도착 보장 5 (28791) 최대 298원 적립",,,,,
"무료배송 비엣꿀 베트남 벌꿀 야생화꿀, 2kg, 1개 11%20,230원 17,900원 (100g당 895원) 2/12(목) 도착 예정 4.5 (3278) 최대 895원 적립",,,,,
"청정원 두번달여 더 진한 진간장, 1.7L, 1개 42%9,890원 5,700원 (100ml당 335원) 내일(일) 도착 보장 새 상품, 반품-미개봉 (23) 최저5,520원 5 (112677) 최대 285원 적립",,,,,
[브로슈낭] 유기농 콩기름(식용유) 1L,,,,,
"무료배송 목우촌 오리훈제 슬라이스, 200g, 8개 41%46,900원 27,350원 (100g당 1,709원) 2/12(목) 도착 예정 4.5 (6384) 최대 1,368원 적립",,,,,
[CU 픽업] 로랑페리에 로제,,,,,
[제로브레드] 저당 속편한 우유 식빵 500g,,,,,
"무료배송 [한정특가]A급 초고당도 경북 청송사과 꿀사과, 1개, 2kg 쿠폰할인51%25,300원 12,300원 (100g당 615원) 2/12(목) 도착 예정 4.5 (23) 최대 615원 적립",,,,,
[스톡] 메르시 쁘띠 125g 2종 (택1),,,,,
"친환경 비트, 1.2kg, 1개 4,190원 (100g당 349원) 내일(일) 새벽 도착 보장 5 (148) 최대 210원 적립",,,,,
[라빈리커픽업][설 2본 선물] 에체베리아 set (와인),,,,,
[정다운] 느린농장 오리 정육 슬라이스 500g,,,,,
"삼진어묵 옛날모듬어묵, 1038g, 1개 22%14,900원 11,600원 (10g당 112원) 내일(일) 새벽 도착 보장 5 (58402) 최대 580원 적립",,,,,
"동화약품 코엔자임 큐10 코큐텐 맥스 혈압 항산화 케어 관리 조절, 60정, 30g, 1개 51%30,000원 14,600원 (1정당 243원) 내일(일) 도착 보장 5 (5873) 최대 730원 적립",,,,,
[주전부리마켓] 한입 쏙 꼬마쥐포,,,,,
"무료배송 황토마을 호박씨 500g, 1개, 500g(1개) 할인48%11,900원 6,120원 (100g당 1,224원) 2/11(수) 도착 예정 4.5 (74) 최대 303원 적립",,,,,
"시골김 시골 볶음참깨, 110g, 1개 35%4,500원 2,900원 (100g당 2,636원) 내일(일) 도착 보장 5 (1804) 최대 145원 적립",,,,,
"바른곡물 국산 율무쌀, 800g, 1개 38%25,900원 15,900원 (100g당 1,988원) 내일(일) 도착 보장 4.5 (1682) 최대 795원 적립",,,,,
"김제농협 2025년산 햅쌀 햇살담은쌀, 상등급, 4kg, 1개 21%19,000원 14,900원 (100g당 373원) 내일(일) 도착 보장 5 (401) 최대 745원 적립",,,,,
"무료배송 프리미엄 고당도 제주 선물용 레드향 선물세트, 1박스, 레드향 특상품 3kg 할인45%50,000원 27,500원 (100g당 917원) 2/10(화) 도착 예정 5 (76) 최대 1,375원 적립",,,,,
[홍쌍리] 청매실 캔디 300g,,,,,
"자연애찬 반숙이, 6구, 1개 4,400원 (1구당 733원) 내일(일) 새벽 도착 보장 4.5 (9687) 최대 220원 적립",,,,,
[비비고] 소고기듬뿍 설렁탕 460g,,,,,
[기라델리] 프리미엄 핫코코아 파우치 (43g X 15개),,,,,
"매일바이오 그릭요거트, 400g, 4개 13,280원 (10g당 83원) 내일(일) 새벽 도착 보장 5 (104274) 최대 664원 적립",,,,,
"기꼬만 데리야끼 소스, 250ml, 1개 21%6,500원 5,110원 (100ml당 2,044원) 내일(일) 도착 보장 4.5 (1500) 최대 255원 적립",,,,,
[베스처] 덴마크 프로바이오틱스 데일리 (60일분),,,,,
[오다다] 카테퀀티 (1.5g X 24개),,,,,
[선물세트][라빈리커픽업] 전통주 증류 소주 려 3호 세트 (전통주),,,,,
"다이쇼 장어구이용 소스, 240g, 1개 4,660원 (100g당 1,942원) 내일(일) 도착 보장 4.5 (1851) 최대 233원 적립",,,,,
[딥트3일] 수퍼패스트 15포,,,,,
[루토사] 벨지안 버터와플 (70g X 4개),,,,,
[리치몬드 과자점] 밤식빵 480g,,,,,
[청정원] 리치 칼집 프랑크,,,,,
[빙그레] 요플레 180g 4종 (180g X 4개) (택1),,,,,
[감자밭] 군고구마빵 (100g X 4개입),,,,,
[법성포참맛] 고추장굴비 200g (냉동),,,,,
[청정원] 프리미엄굴소스 280g(튜브),,,,,
[종근당건강] 락토핏 베베 유산균 (60일분),,,,,
"행복한콩 아삭한 안심 콩나물, 500g, 2개 23%4,760원 3,660원 (100g당 366원) 내일(일) 새벽 도착 보장 5 (1221) 최대 183원 적립",,,,,
"무료배송 데일즈기획 동원 살코기 라이트스탠다드 참치, 200g, 10개 할인21%31,600원 24,900원 (10g당 125원) 2/11(수) 도착 예정 5 (204235) 최대 1,245원 적립",,,,,
"풀무원 특등급 국산콩 무농약 콩나물, 340g, 1개 14%2,700원 2,300원 (100g당 676원) 내일(일) 새벽 도착 보장 5 (192081) 최대 115원 적립",,,,,
[석관동 떡볶이] 마늘듬뿍 떡볶이,,,,,
[에버콜라겐] 코큐 선물세트(56일분),,,,,
[콴첼] 뮤코다당단백 콘드로이친 플러스 (30일분),,,,,
[고래주방] 동글동글 물떡 어묵탕,,,,,
[광동] 컬처렐 다이제스티브헬스 (30일분),,,,,
[도제식빵] 말차팥 식빵 250g,,,,,
"친환경인증 참타리버섯, 300g, 1팩 1,920원 (100g당 640원) 내일(일) 새벽 도착 보장 5 (22965) 최대 96원 적립",,,,,
"더담은 황금빛식탁 백미, 상등급, 5kg, 1개 14%22,900원 19,500원 (100g당 390원) 내일(일) 도착 보장 4.5 (72166) 최대 950원 적립",,,,,
뿌리손질 새송이버섯 300g X 2봉,,,,,
"존쿡델리미트 사각 잠봉, 400g, 1개 할인26%12,380원 9,070원 (10g당 227원) 내일(일) 새벽 도착 보장 5 (7391) 최대 454원 적립",,,,,
7일 향미 1kg (향진주),,,,,
"곰곰 달콤한 스테비아 대추방울토마토, 1kg, 2개 18,790원 (100g당 940원) 내일(일) 새벽 도착 보장 4.5 (204036) 최대 940원 적립",,,,,
"푸드올로지 톡스올로지 48시간 CCA 클렌즈주스, 1L, 1개 32%36,900원 24,800원 (10ml당 248원) 내일(일) 도착 보장 5 (1277) 최대 1,116원 적립",,,,,
[풀무원] 노엣지 베이컨 파이브 치즈피자,,,,,
"무료배송 [3일간특가] 고당도 제주 감귤 15브릭스 이상, 1개, 10kg 쿠폰할인61%45,900원 17,900원 (100g당 179원) 2/11(수) 도착 예정 5 (43) 최대 895원 적립",,,,,
[갈바니] 후레쉬 모짜렐라 로그 슬라이스 453g,,,,,
"오뚜기 종로식 도가니탕, 500g, 5개 43%37,400원 21,000원 (100g당 840원) 내일(일) 도착 보장 4.5 (8182) 최대 1,050원 적립",,,,,
"청정원 알룰로스 매실청, 650g, 1개 43%13,900원 7,910원 (10g당 122원) 내일(일) 도착 보장 5 (440) 최대 355원 적립",,,,,
"무료배송 백설 찰밀가루, 3kg, 1개 할인27%8,300원 6,000원 (100g당 200원) 2/11(수) 도착 예정 5 (13430) 최대 300원 적립",,,,,
[메종조] 프로마쥬 드 떼뜨 100g (냉장),,,,,
"무료배송 풀토래_냉장 닭안심 5kg_국내산, 5kg, 1개 7%25,900원 23,900원 (100g당 478원) 2/11(수) 도착 예정 4.5 (4818) 최대 1,195원 적립",,,,,
"[근대골목단팥빵] 단팥 3종 세트 355g (팥, 소보루팥, 소보루생크림팥)",,,,,
"오뗄 추억의 카스테라 핫도그 (냉동), 50g, 25개입, 1개 11,800원 (100g당 944원) 내일(일) 새벽 도착 보장 5 (16793) 최대 590원 적립",,,,,
[존쿡델리미트] 비프웰링턴,,,,,
[Kurly's] 한우 사골육수,,,,,
밀크 클래식 쌀과자 240g,,,,,
[제주창해] 제주 옥돔 250~290g (냉동),,,,,
[CU 픽업] 칼스버그리버풀패키지,,,,,
[선물세트] 머거본 프리미어 선물세트,,,,,
[CU 픽업] 스모 900ml*2팩,,,,,
[ESTI] 후무스&피타 칩스 3종 (택1),,,,,
[Ozen] 자연산 국산 대하 450g(냉동),,,,,
[슈퍼키친] 베이컨 감자오이 샐러드,,,,,
"고메 중화짬뽕 2인분 (냉동), 652g, 1개 9%9,980원 9,000원 (100g당 1,380원) 내일(일) 새벽 도착 보장 5 (23173) 최대 450원 적립",,,,,
[라빈리커픽업][설 2본 선물] 파토리아 라 비알라 set (와인),,,,,
"디벨라 사보이아르디, 400g, 1개 6,200원 (10g당 155원) 내일(일) 도착 보장 5 (1867) 최대 310원 적립",,,,,
"본테이스트 100% 감자전분, 1kg, 1개 6,100원 (100g당 610원) 내일(일) 새벽 도착 보장 새 상품, 반품-미개봉 (2) 최저5,570원 5 (410) 최대 305원 적립",,,,,
[ISFI] 스타 아니스 (팔각),,,,,
[닥터포이] 웰키커 멀티비타민 앤 미네랄 (90일분),,,,,
[온하루] 톳 두부무침,,,,,
"동서 둥굴레차, 1.2g, 50개입, 1개 4,500원 (10g당 750원) 내일(일) 새벽 도착 보장 5 (126) 최대 225원 적립",,,,,
[올리타리아] 엑스트라버진 올리브유 1L,,,,,
"곰곰 모짜렐라 피자치즈, 500g, 1개입, 1개 7,830원 (10g당 157원) 내일(일) 새벽 도착 보장 5 (9166) 최대 391원 적립",,,,,
[정지선의 티엔미미] 토마토탕면,,,,,
"왓더프룻 투맛토 자몽향, 1개, 500g 5,990원 (100g당 1,198원) 내일(일) 새벽 도착 보장 4.5 (120) 최대 300원 적립",,,,,
"레커컷 호주산 안창살 구이용 (냉동), 1개, 200g 7,700원 (100g당 3,850원) 내일(일) 새벽 도착 보장 4 (420) 최대 385원 적립",,,,,
[녹색한우] 무항생제 1+ 이상 한우 양지 국거리용 200g (냉동),,,,,
"트와이닝 클래식 차 컬렉션 티백, 2g, 20개입, 1개 8,690원 (10g당 2,173원) 내일(일) 도착 보장 5 (9368) 최대 435원 적립",,,,,
[CU 픽업] 코맨더보드카+진,,,,,
"풀무원 꼬마 볼어묵 볶이, 1개, 283g 3,910원 (10g당 138원) 내일(일) 새벽 도착 보장 4.5 (1949) 최대 195원 적립",,,,,
[닥터유] 면역수 (530mL X 20개),,,,,
[부데] 포션 과일잼 6종 (택1),,,,,
[백설] 소불고기양념 500g,,,,,
"샘표 진간장 금S, 1.7L, 1개 44%9,700원 5,400원 (100ml당 318원) 내일(일) 도착 보장 5 (15118) 최대 270원 적립",,,,,
"오뚜기 오쉐프 연겨자, 480g, 1개 5,450원 (10g당 114원) 내일(일) 도착 보장 4.5 (3905) 최대 273원 적립",,,,,
[비첸향] 미니이지 블랙페퍼 150g,,,,,
[선물세트] 전통주 느린마을 소주41 (41도 375mL),,,,,
[사조]  참치액 900g,,,,,
[Kim's butcher] 미국산 초이스 꽃갈비살 150g,,,,,
[바오담] 수수팥떡 200g,,,,,
"무료배송 프리미엄 해품은 경산햇대추 특열과 1kg, 1개 할인17%15,900원 13,110원 (100g당 1,311원) 2/10(화) 도착 예정 4 (630) 최대 649원 적립",,,,,
"무료배송 대경푸드빌 국내산 한돈 머리고기 슬라이스 국거리 대용량 국밥용, 1kg, 1개 23%21,000원 16,000원 (100g당 1,600원) 2/11(수) 도착 예정 4.5 (1025) 최대 800원 적립",,,,,
"[선물세트] 전통주 독도소주+독도샷잔2p (27도,37도 500mL*2)",,,,,
"곰곰 우리쌀로 만든 끓여먹는 누룽지, 1kg, 1개 24%9,990원 7,550원 (100g당 755원) 내일(일) 새벽 도착 보장 5 (5718) 최대 378원 적립",,,,,
"자유시간 미니, 480g, 2개 14,500원 (10g당 151원) 내일(일) 도착 보장 5 (72003) 최대 725원 적립",,,,,
"한울 촉촉 고구마 스틱, 20g, 20개 16,000원 (10g당 400원) 2/10(화) 도착 예정 5 (13915) 최대 800원 적립",,,,,
[바로생활] 아카시아꿀 스틱 10포,,,,,
"미니모둠쌈, 200g, 2개 6,400원 (100g당 1,600원) 내일(일) 새벽 도착 보장 4.5 (69061) 최대 320원 적립",,,,,
"스키피 수퍼크런치 땅콩버터, 1.13kg, 1개 15,160원 (100g당 1,342원) 내일(일) 도착 보장 5 (17553) 최대 758원 적립",,,,,
[소금집] 모르타델라 120g (냉장),,,,,
[성지농장] 저탄소/동물복지 인증 한돈 등심 카레/잡채용 300g 2종 (냉장),,,,,
"신세계푸드 베키아에누보 페퍼로니 치즈 치아바타 샌드위치 (냉동), 180g, 1개, 3개입 13,400원 (10g당 248원) 내일(일) 새벽 도착 보장 5 (1033) 최대 670원 적립",,,,,
[바름팜] 친환경 볶음밥용 채소 120g x 3입,,,,,
"무료배송 참 도시락김, 5g, 48개 73%111,180원 28,930원 (10g당 1,205원) 2/12(목) 도착 예정 5 (136150) 최대 1,446원 적립",,,,,
[풀무원] 우리쌀 떡국떡 700g,,,,,
[이상복명과] 경주빵 (38g X 4개),,,,,
"풀무원다논 그릭 플레인 요거트, 90g, 8개입, 1개 7%6,480원 5,980원 (10g당 83원) 내일(일) 새벽 도착 보장 5 (16894) 최대 299원 적립",,,,,
"면사랑 쫄면 10인분 (냉동), 2kg, 1개 5,650원 (100g당 283원) 내일(일) 새벽 도착 보장 5 (1155) 최대 283원 적립",,,,,
"무료배송 가시제거연구소 고등어밥상 오렌지고등어 800g 28%35,000원 24,900원 2/20 도착 예정 5 (4) 최대 1,245원 적립",,,,,
[나성타코] 퀘사디아 2종 (택1),,,,,
[백설] 찍어먹는 솔트 2종,,,,,
"청정원 버섯크림 스파게티소스, 250g, 1개 6%3,200원 2,980원 (100g당 1,192원) 내일(일) 새벽 도착 보장 5 (86) 최대 149원 적립",,,,,
"청정원 까나리 액젓 골드, 1kg, 1개 5,500원 (10g당 55원) 내일(일) 새벽 도착 보장 5 (2352) 최대 275원 적립",,,,,
[티젠] 콤부차 요거트 스무디 2종 (택1),,,,,
"바다숲 한입에 쏙 구운감태, 6개, 2.5g 9,500원 (100g당 63,333원) 내일(일) 새벽 도착 보장 4.5 (3864) 최대 425원 적립",,,,,
[단골식당] 마늘 간장 닭갈비 450g,,,,,
"프로즌 원팩 마라탕 보통맛 (냉동), 450g, 1개 8,300원 (100g당 1,844원) 내일(일) 새벽 도착 보장 5 (3927) 최대 415원 적립",,,,,
"스프라이트 제로 사이다, 1.5L, 12개 47%37,500원 19,600원 (100ml당 109원) 내일(일) 도착 보장 5 (7396) 최대 980원 적립",,,,,
"다향 훈제오리, 200g, 6팩 21,680원 (100g당 1,807원) 내일(일) 새벽 도착 보장 5 (32224) 최대 1,084원 적립",,,,,
롱그린 고추 150g,,,,,
"풀무원 김밥김 10p, 20g, 2개 8%7,560원 6,900원 (10g당 1,725원) 내일(일) 새벽 도착 보장 5 (2783) 최대 345원 적립",,,,,
[홀베리] 그대로 짜낸 유기농 레몬생강즙 2종 (1박스/6박스),,,,,
[CU픽업] 카이켄 울트라 말백,,,,,
"무료배송 더예쁜한우 한우 우족 보신용 대용량 업소용 우시산한우 냉동, 5kg, 1개 62%56,000원 21,000원 (100g당 420원) 2/10(화) 도착 예정 4.5 (652) 최대 1,050원 적립",,,,,
완도 건조 감태 5입,,,,,
[타바론] 세러니티 15T,,,,,
[김구원선생] 국산보리 장수 된장 1kg,,,,,
[선물세트][라빈리커픽업] 전통주 청감주 세트 (전통주),,,,,
[풀무원] 특등급 국산콩 고농도 진한 순두부,,,,,
양구 펀치볼 시래기 330g,,,,,
[소다미] 하동 매실청 원액2종 (500ml/1000ml),,,,,
[백년밥상] 아롱사태 스지 전골,,,,,
[CU 픽업] 네그로니위크기획세트,,,,,
"무료배송 [백화점납품]프리미엄 제주 서귀포 고당도 레드향 과일선물세트, 1세트, 선물세트)고당도레드향 2.3KG(6-11과)로얄과 쿠폰할인63%79,900원 28,840원 (100g당 1,254원) 2/11(수) 도착 예정 5 (93) 최대 1,442원 적립",,,,,
[일상식탁] 부산식 얼큰 낙곱새,,,,,
[청정원] 스파게티면 500g,,,,,
"농심 생생우동용기, 276g, 2개 4,400원 (100g당 797원) 내일(일) 도착 보장 5 (37391) 최대 220원 적립",,,,,
"유동 황도 슬라이스 통조림, 400g, 4개 41%9,920원 5,770원 (10g당 36원) 내일(일) 도착 보장 4.5 (10161) 최대 289원 적립",,,,,
[피자로빈슨] 뉴욕 메가 슬라이스 피자 이탈리안 소시지,,,,,
[선물세트][테라로사] 딜라이트 세트(드립백&머그&사브레),,,,,
"산청 지리산 GAP 설향딸기, 500g, 1개 11,440원 (100g당 2,288원) 내일(일) 새벽 도착 보장 4.5 (4831) 최대 572원 적립",,,,,
[옛날밥상] 마늘 고추장 오리불고기500g,,,,,
"백설 허브맛솔트 갈릭, 50g, 2개 17%6,600원 5,440원 (100g당 5,440원) 내일(일) 도착 보장 5 (8085) 최대 272원 적립",,,,,
[쉐푸드] 샌드위치&샐러드 박스 4종 (택1),,,,,
[폴 바셋] 커피 캡슐 8g X 12개 3종(택1)(돌체구스토 호환),,,,,
"해표 포도씨유, 500ml, 2개 54%19,800원 9,100원 (100ml당 910원) 내일(일) 도착 보장 5 (51355) 최대 455원 적립",,,,,
"본앤브레드 1++(9) 한우 다짐육 (냉장), 150g, 1개 12%14,900원 12,990원 (100g당 8,660원) 내일(일) 새벽 도착 보장 5 (2288) 최대 650원 적립",,,,,
"해태제과 에이스 씬 에스프레소맛, 291g, 2개 6,640원 (10g당 114원) 내일(일) 도착 보장 4.5 (9595) 최대 332원 적립",,,,,
[Project H] 제로 티라미수 155g,,,,,
[진실된손맛] 강화순열무 나박김치 400g,,,,,
[팔당원조칼제비] 시원칼제비,,,,,
[CU 픽업] 단즈카그레이프프루츠,,,,,
"매일유업 피크닉 사과, 200ml, 24개 8,230원 (100ml당 171원) 내일(일) 도착 보장 5 (166243) 최대 411원 적립",,,,,
"티더블유지 크림카라멜티, 2.5g, 15개입, 1개 34,520원 (10g당 9,205원) 내일(일) 도착 보장 5 (632) 최대 1,726원 적립",,,,,
"무료배송 [본사직영] 마일드 스테비아 커피믹스 100T (20T x 5박스), 9.6g, 20개입, 5개 33,000원 (10g당 344원) 2/11(수) 도착 예정 5 (1490) 최대 1,650원 적립",,,,,
[라빈리커픽업][뱅베 내추럴특가] 레스티냑 블리자드 21 (와인),,,,,
"[전통주] 술샘 이화주 (8도, 100mL) (무아스파탐)",,,,,
[다보] 포션잼 믹스 60개입 (딸기/블루베리/오렌지),,,,,
"무료배송 커클랜드 언솔티드 무염 믹스넛 1.13kg 코스트코, 1개 31,900원 (100g당 2,823원) 2/11(수) 도착 예정 5 (515) 최대 1,595원 적립",,,,,
[한둘] 국산 메밀묵,,,,,
[와인앤모어픽업]콜럼비아 크레스트 H3 메를로 ((와인)),,,,,
[G7] 2in1 커피&슈가 (16g X 15봉),,,,,
"무료배송 대천김 재래김, 20g, 10개 할인19%17,900원 14,400원 (10g당 720원) 2/11(수) 도착 예정 4.5 (725) 최대 720원 적립",,,,,
[폰티] 세미 드라이토마토 (선드라이 방울 토마토),,,,,
"비타500 프레쉬, 100ml, 20개 11,200원 (100ml당 560원) 내일(일) 도착 보장 5 (12172) 최대 532원 적립",,,,,
"코코씸 100프로 퓨어 코코넛 워터, 330ml, 12개 16,650원 (100ml당 420원) 내일(일) 도착 보장 5 (27445) 최대 833원 적립",,,,,
[농심] 신라면 멀티 5입,,,,,
"오뚜기 연겨자, 100g, 2개 6,080원 (10g당 304원) 내일(일) 도착 보장 5 (13290) 최대 304원 적립",,,,,
[오가닉밸리] 유기농 기버터 212g,,,,,
"무료배송 [마진포기이벤트]찐노마진 백프로국내산 꿀사르륵 아사삭 못난이사과, 1박스, 3kg 쿠폰할인49%22,900원 11,500원 (100g당 383원) 2/12(목) 도착 예정 3.5 (64) 최대 575원 적립",,,,,
"감동란, 20구, 1개 19,900원 (1구당 995원) 내일(일) 새벽 도착 보장 5 (49054) 최대 995원 적립",,,,,
[포케올데이] 저당&글루텐프리 스프 2종 (택1),,,,,
[룰루맘] 리얼이구마 (20g x 10개입),,,,,
"무료배송 방탄푸드 닭가슴살 곤약 볶음밥 도시락 230g 4종 8+1팩 (김치볶음 2팩 + 숯불고기 2팩 + 미트볼 2팩 + 제육볶음 3팩) / FMD 컵밥 식단, 1개 쿠폰할인40%50,000원 29,900원 (100g당 13,000원) 2/11(수) 도착 예정 4.5 (1305) 최대 1,495원 적립",,,,,
"몽쉘 생크림케이크 오리지널, 204g, 1개 2,850원 (10g당 140원) 내일(일) 새벽 도착 보장 5 (1148) 최대 143원 적립",,,,,
[워커힐고메] 상해식 동파육,,,,,
[풀무원] PGA플러스 칼슘 연두부 6입,,,,,
[만전김] 쉽게 뿌려먹는 김자반 40g,,,,,
[마이노멀] 저당 아이스바 2종 (70mL X 6개) (택1),,,,,
[CJ] 행복한콩 1등급 국산콩 순두부 330g,,,,,
[라빈리커픽업]엘 피카로 (와인),,,,,
[웬떡] 연잎밥,,,,,
[대림선] 빨간오뎅꼬치 409g,,,,,
[둥구나무 : 자연그대로] 부지깽이나물,,,,,
유기농 다진 양배추 100g,,,,,
[나무사이로] 하우스 블렌드 원두 200g,,,,,
"푸드앤픽 2025년산 햅쌀 새청무, 20kg, 1개, 특등급 64,900원 (100g당 325원) 내일(일) 도착 보장 4.5 (5820) 최대 3,245원 적립",,,,,
"청오건강 국산 볶음 콩가루, 1개, 200g 5,330원 (100g당 2,665원) 내일(일) 도착 보장 4.5 (2403) 최대 266원 적립",,,,,
[풀무원] 황금밥알 볶음밥 2종,,,,,
"곰표 튀김가루, 1kg, 2개 4,410원 (100g당 221원) 내일(일) 도착 보장 5 (11375) 최대 220원 적립",,,,,
[CU 픽업] 런던프라이드*24병,,,,,
[Kurly's] 동물복지 백색 유정란 20구,,,,,
"풀무원 특등급 국산콩 네컵연두부, 360g, 3개 쿠폰할인32%8,220원 5,580원 (100g당 517원) 내일(일) 새벽 도착 보장 5 (35955) 최대 279원 적립",,,,,
곰취 80g,,,,,
[오설록] 티 베리에이션 보자기 선물세트,,,,,
"곰곰 맑은 나주식 곰탕 (냉동), 500g, 2개 38%15,800원 9,680원 (100g당 968원) 내일(일) 새벽 도착 보장 4.5 (2061) 최대 484원 적립",,,,,
"무료배송 최상급 통영굴 생굴 알굴 깐굴 (2kg 구매시 오만둥이 300g 증정), 1개, 생굴 1kg 13,500원 (100g당 1,350원) 2/10(화) 도착 예정 5 (3053) 최대 675원 적립",,,,,
[브레댄코] 미니 바게트 (65g X 5개),,,,,
"곰곰 엿기름가루, 500g, 2개 21%13,780원 10,850원 (100g당 1,085원) 내일(일) 도착 보장 5 (404) 최대 543원 적립",,,,,
"유성 고춧가루 미분, 1kg, 1개 10,460원 (100g당 1,046원) 내일(일) 도착 보장 4.5 (873) 최대 523원 적립",,,,,
[CU 픽업] 맥코넬스아이리쉬,,,,,
[청오] 유기농 발아 현미차 (알곡) 400g,,,,,
[브레드타임] 일본식 카레빵 100g,,,,,
[카누] 브라이트 가든 커피 캡슐 (9.5g X 10개)(카누 머신 전용),,,,,
"무료배송 써밋 1kg 16500원 전국최저가 원두커피 당일로스팅 당일발송, 1개, 홀빈(분쇄안함) 25%22,000원 16,500원 (10g당 165원) 2/10(화) 도착 예정 4.5 (253) 최대 825원 적립",,,,,
[정관장] GLPro 더블컷 2종 (택1),,,,,
"무료배송 샘물수산 산지직송 포항 구룡포 햇과메기철, 1개, 선택6)완전손질과메기10마리20쪽(단품) 할인23%25,000원 19,100원 (100g당 5,457원) 모레(월) 도착 예정 4.5 (3351) 최대 955원 적립",,,,,
[빚은] 캐릭터 백설기 2종 (택1),,,,,
[어니스트그릭] 쿠키앤크림 그릭요거트 100g,,,,,
[CU 픽업] 1865셀렉티드빈야드메를로,,,,,
[와인앤모어픽업]프레스코발디 포미노 비앙코 ((와인)),,,,,
[담터] 콘푸레이크천마차 (20g X 50개),,,,,
"오뚜기 컵누들 열라면 35g, 6개 8,450원 (1개당 1,408원) 내일(일) 도착 보장 5 (371) 최대 423원 적립",,,,,
"무료배송 생생바다 국내산 진안 청정 손질 우렁이, 1개, 1kg 8%13,000원 11,900원 (100g당 1,190원) 2/10(화) 도착 예정 4.5 (554) 최대 595원 적립",,,,,
[포트'럭] 대광어회 필렛 150g (냉장),,,,,
[피코크] 차돌박이 된장찌개,,,,,
"Fini 해피 사우워 믹스, 1kg, 1개 9,030원 (10g당 90원) 내일(일) 도착 보장 4.5 (2930) 최대 451원 적립",,,,,
"왓더프룻 투맛토 스테비아, 1개, 500g 5,700원 (100g당 1,140원) 내일(일) 새벽 도착 보장 4.5 (205) 최대 285원 적립",,,,,
[노티드] 스마일 이뮨비타민 (7일분),,,,,
"오뚜기 튀만전 찍먹소스, 1개, 320g 24%4,680원 3,550원 (100g당 1,109원) 내일(일) 도착 보장 4.5 (1014) 최대 178원 적립",,,,,
"맘란 1등급 동물복지 인증 유정란 대란 1040g, 20구, 1팩 11,900원 (1구당 595원) 내일(일) 새벽 도착 보장 5 (721) 최대 595원 적립",,,,,
[CU 픽업] 시메이골드330ml*6병,,,,,
[김수사] 간장/양념 꽃게장 2종 (택1),,,,,
"친환경 적상추+청상추+깻잎, 200g, 1개 3,990원 (100g당 1,995원) 내일(일) 새벽 도착 보장 4.5 (31907) 최대 200원 적립",,,,,
"신김포농협 2025년 햅쌀 김포금쌀 고시히카리, 특등급, 4kg, 1개 15%23,500원 19,900원 (100g당 498원) 내일(일) 도착 보장 4.5 (12774) 최대 995원 적립",,,,,
"바른곡물 국내산 무농약 귀리쌀, 800g, 1개 53%12,980원 5,980원 (100g당 748원) 내일(일) 도착 보장 5 (4890) 최대 299원 적립",,,,,
[CU 픽업] 까테나 말벡,,,,,
[딜라잇가든] 건조 베리제스트블랜드 200g,,,,,
[초록원] 레몬 패션후르츠 청 1kg,,,,,
당도선별 성주 참외 1.5kg (4~7입),,,,,
[전통주] 애플리즈 애피소드 애플 와인 (3.5도 275mL),,,,,
[다시다] 명품골드 100g,,,,,
[모두의맛집] 유현수 불고기 우엉 잡채,,,,,
[마음이가] 찰수수팥떡 (40g X 20개),,,,,
[톰볼라] 바질페스토 새우피자,,,,,
[닥터포이] 웰키커 츄어블 아연 (60일분),,,,,
[알레가니] 유기농 캐나다 메이플 시럽 250mL,,,,,
[테라로사] 드립백 10g X 10개입 2종(택1),,,,,
"유명산지 경남단감 소과 5입, 700g, 1개 3,060원 (100g당 437원) 내일(일) 새벽 도착 보장 4.5 (20865) 최대 125원 적립",,,,,
"칠갑농산 짜장면사리, 1kg, 1개 4,600원 (100g당 460원) 내일(일) 새벽 도착 보장 5 (1476) 최대 230원 적립",,,,,
"곰곰 THE 신선한 보리먹인 캐나다산 돼지 삼겹살 구이용 (냉장), 1kg, 1팩 11%16,900원 14,990원 (100g당 1,499원) 내일(일) 새벽 도착 보장 4.5 (5594) 최대 750원 적립",,,,,
"나물투데이 국내산 데친 우거지 (냉동), 1개, 1kg 7,260원 (100g당 726원) 내일(일) 새벽 도착 보장 4.5 (1503) 최대 363원 적립",,,,,
"무료배송 (특품) 100% 국내산 다진마늘 1kg 간마늘 제조 발송, 1개 할인17%12,000원 9,900원 (100g당 990원) 2/10(화) 도착 예정 4.5 (5187) 최대 495원 적립",,,,,
"무티 토마토 페이스트 더블 콘센트레이티드, 2개, 130g 6,760원 (100g당 2,600원) 내일(일) 도착 보장 5 (184) 최대 338원 적립",,,,,
"라카나스타 밀 또띠야 20cm, 320g, 2개 7,700원 (100g당 1,203원) 내일(일) 도착 보장 5 (4262) 최대 385원 적립",,,,,
[라빈리커픽업][뱅베 내추럴특가] 오리올아르티가스 석세스 비나콜라 네그르 20 (와인),,,,,
[백설] 소갈비양념 500g,,,,,
[맛있게 한끼] 국산콩 콩비지,,,,,
"도드람한돈 무항생제 인증 앞다리 보쌈용 (냉장), 1개, 500g 10,160원 (100g당 2,032원) 내일(일) 새벽 도착 보장 5 (75) 최대 508원 적립",,,,,
"서울우유 고소한 버터, 450g, 1개 9,650원 (100g당 2,144원) 내일(일) 새벽 도착 보장 5 (48358) 최대 483원 적립",,,,,
[고체] 모데나산 발사믹 비니거 5메달 (옐로),,,,,
친환경 와일드 루꼴라&베이비 시금치 믹스 80g,,,,,
[CU 픽업] 음mmm!로제 3본입,,,,,
[부산어포] 꾸이 부산어포 23g X 3봉,,,,,
"머거본 데일리 너츠포유 믹스넛, 500g, 1개 19,500원 (100g당 3,900원) 내일(일) 도착 보장 5 (86) 최대 975원 적립",,,,,
[오뚜기] 옛날국수 소면 2종 (택1),,,,,
"곰곰 버터와플, 192g, 1개 30%4,000원 2,780원 (10g당 145원) 내일(일) 도착 보장 새 상품, 반품-미개봉 (2) 최저2,640원 4.5 (1802) 최대 139원 적립",,,,,
[김소영 아티장의 안단테] 사토리 에스프레소 벨라비타노,,,,,
[HBAF] 팝콘 골라담기 7종 (택1),,,,,
"올품 무항생제 인증 자연이키운닭 다리살 (냉장), 600g, 1팩 11,140원 (100g당 1,857원) 내일(일) 새벽 도착 보장 5 (5181) 최대 557원 적립",,,,,
[이웃집통통이] 고구마찰떡 쫀득빵 180g,,,,,
[진실된손맛] 진미채고추장볶음,,,,,
"두부피 푸주건두부면 인조고기, 1개, 2.5kg 8,990원 (100g당 360원) 내일(일) 도착 보장 4.5 (287) 최대 450원 적립",,,,,
[발콜라떼] 모짜렐라 볼 125g,,,,,
"국내산 공심채, 150g, 1개 5,870원 (100g당 3,913원) 내일(일) 새벽 도착 보장 4.5 (10749) 최대 294원 적립",,,,,
[CU 픽업] 밀크앤허니데킬라,,,,,
"동원참치 라이트 스탠다드, 85g, 8개 39%22,400원 13,660원 (10g당 201원) 내일(일) 도착 보장 5 (122394) 최대 683원 적립",,,,,
[CU 픽업] 쿠보타 코우쥬,,,,,
[올가] 유기농 발아 현미차 500g,,,,,
"해맑음 겨울향기 유자청, 1kg, 1개 8,300원 내일(일) 도착 보장 5 (8586) 최대 415원 적립",,,,,
[태우한우] 1+ 한우 절단국거리용 200g (냉장) * 2팩,,,,,
"동서 현미녹차, 1.5g, 180개입, 1개 10,240원 (10g당 379원) 내일(일) 도착 보장 5 (34984) 최대 512원 적립",,,,,
[시루조아] 굳지않는 군고구마 떡 500g,,,,,
[티젠] 식물성 멜라토닌 루이보스향 멜라티 (2g X 10개),,,,,
"무료배송 꼬기다 순살 닭다리살 6종 혼합, 12개, 100g 할인33%51,600원 34,200원 (100g당 2,850원) 2/11(수) 도착 예정 5 (273) 최대 1,710원 적립",,,,,
"새벽경매 아삭달콤 참외, 600g(2입), 1개 14,980원 (100g당 2,497원) 내일(일) 새벽 도착 보장 4.5 (7140) 최대 749원 적립",,,,,
"오설록 찬물 루이보스티, 2g, 20개입, 1개 14%9,500원 8,080원 (10g당 2,020원) 내일(일) 도착 보장 5 (961) 최대 404원 적립",,,,,
[다보] 포션잼 2종 (택1),,,,,
[자연에찬] 한우 나물 비빔밥 & 아욱된장국 세트,,,,,
[아그로수퍼] 수입산 돼지고기 항정살 구이용400g(냉동),,,,,
사천 샤브면 250g (뉴진면),,,,,
[26년 설] [CU 픽업] 앙시앙땅레드말백세트,,,,,
[네니아] 버터가득 하트파이 260g,,,,,
[올가] 현미 영양떡 선물세트,,,,,
"자연초 볶음옥수수차, 700g, 1개입, 1개 6,400원 (10g당 91원) 내일(일) 도착 보장 4.5 (5319) 최대 320원 적립",,,,,
[박순애 명인이 만든] 전통유과 80g,,,,,
[선물세트] 전통주 박재서명인 안동소주 호리병 (45도 800mL),,,,,
"삼포 황도 슬라이스 통조림, 6개, 400g 67%23,400원 7,560원 (10g당 32원) 내일(일) 도착 보장 5 (2002) 최대 378원 적립",,,,,
[선물세트] [MPARK] 이스라엘 자몽 3kg (9입),,,,,
[CU 픽업] 818데킬라레포사도,,,,,
[CU 픽업] 프리즈너 샤도네이,,,,,
[에디션덴마크] 디카페인 드립백(11g X 6개),,,,,
[청정원] 한우갈비양념 250g,,,,,
[레인저스벨리] 호주산 흑소MB3+ 우둔 장조림용 200g (냉장),,,,,
[잭링크스] 비프 져키 100g 3종 (택1),,,,,
[티어스] 한국 고유차 코코 생강차 (22g X 6개),,,,,
"지평선 서김제농협 농협에서만든 동진찹쌀, 5kg, 1개 20,800원 (100g당 416원) 내일(일) 도착 보장 4.5 (8702) 최대 1,040원 적립",,,,,
[하이포크] 저탄소 인증 한돈 뒷다리 다짐육 500g (냉장),,,,,
[제월당] 변석홍옥고 정일품 600g,,,,,
[미자언니네] 일품 모듬 순대,,,,,
[맘스포뮬러] 맘스포뮬러 칼마디 (30일분),,,,,
"무료배송 곡물을만나다 2025년산 햅쌀 백미, 4kg, 1개 27,600원 (100g당 690원) 2/13(금) 도착 예정 4.5 (6050) 최대 1,380원 적립",,,,,
"빼빼로 초코, 54g, 10개 7%13,600원 12,530원 (10g당 232원) 내일(일) 도착 보장 5 (30934) 최대 626원 적립",,,,,
"마루코메 료테이노 아지 24식 즉석식품, 432g, 1개 10,800원 (100g당 2,500원) 내일(일) 도착 보장 5 (6195) 최대 540원 적립",,,,,
"불닭볶음면 까르보 큰컵 105g, 6개 10%9,000원 8,100원 (1개당 1,350원) 내일(일) 새벽 도착 보장 5 (1758) 최대 405원 적립",,,,,
[청오] 발아 블랙 미숫가루 500g,,,,,
[남도2대명가] 염장해조류 7종 (택1),,,,,
"IOO% 국산 돼지감자 해솔당 저온압착 볶은 돼지감자차, 1개, 1개입, 300g 할인66%31,800원 10,700원 (10g당 357원) 내일(일) 도착 보장 새 상품, 반품-미개봉 (4) 최저10,380원 5 (341) 최대 535원 적립",,,,,
"참두름 엘림농산 햇 녹두 통녹두, 1개, 1kg 23%12,900원 9,900원 (100g당 990원) 내일(일) 도착 보장 5 (35) 최대 495원 적립",,,,,
"프레지덩 미니 휘핑크림, 200ml, 1개 17%6,000원 4,980원 (10ml당 249원) 내일(일) 새벽 도착 보장 5 (328) 최대 249원 적립",,,,,
친환경 쑥갓 150g,,,,,
[모모스커피] 드립백 10g X 7개 5종 (택1),,,,,
[롯데호텔] 섞박지 3kg,,,,,
"롯데웰푸드 명가 찰떡파이, 350g, 3개 21%18,000원 14,100원 (10g당 134원) 내일(일) 도착 보장 5 (20851) 최대 705원 적립",,,,,
"더건강한 샌드위치햄, 90g, 2개 27%6,560원 4,730원 (10g당 263원) 내일(일) 새벽 도착 보장 5 (99852) 최대 236원 적립",,,,,
"초코 데코펜 10종 세트, 1세트, 20g 6,700원 (10g당 3,350원) 내일(일) 도착 보장 5 (2160) 최대 335원 적립",,,,,
"오트몬드 언스위트, 24개, 190ml 15,500원 (100ml당 340원) 내일(일) 도착 보장 5 (1336) 최대 775원 적립",,,,,
[윤종희전통떡방] 시그니처 설기 4종 (택1),,,,,
[스톡] 리젠 초코 토피 150g,,,,,
"주부구단 김밥햄, 170g, 1개 4,310원 (100g당 2,535원) 내일(일) 새벽 도착 보장 5 (6571) 최대 215원 적립",,,,,
[풀무원] 아티장 까르보나라 파스타 (2인분),,,,,
"남양 아인슈타인 첫우유, 900ml, 1개 3,420원 (100ml당 380원) 내일(일) 새벽 도착 보장 5 (4776) 최대 171원 적립",,,,,
"순작 청귤차, 1.8g, 20개입, 1개 26%6,990원 5,160원 (10g당 1,433원) 내일(일) 도착 보장 4.5 (3616) 최대 258원 적립",,,,,
[CU 픽업] 언쉐클드까쇼,,,,,
"베티나르디 페퍼민트 티, 1g, 30개입, 1개 8,530원 (10g당 2,843원) 내일(일) 도착 보장 5 (1388) 최대 426원 적립",,,,,
[정관장] 천녹정편 (15일분) + (쇼핑백증정),,,,,
"샘표 진간장 금F3, 860ml, 1개 2%6,620원 6,480원 (100ml당 753원) 내일(일) 새벽 도착 보장 5 (21365) 최대 324원 적립",,,,,
[오뚜기]컵밥_오뚜기카레(즉석국),,,,,
[다이어트 코치] 고단백 저당 두부리또 3종 2개입 (택1),,,,,
[칼라보] 멕시칸 과카몰리 4종 (택1),,,,,
[동원] DHA 참치 250g,,,,,
"바프 넛츠앤스낵스 메이플피칸 믹스넛, 30g, 24개 20,490원 (100g당 2,846원) 내일(일) 도착 보장 5 (5392) 최대 1,025원 적립",,,,,
[팔도] 왕뚜껑 6입,,,,,
[올바르고 반듯한] 함박스테이크 4개입 (160g*4ea),,,,,
"딸기 (냉동), 1개, 900g 5,200원 (100g당 578원) 내일(일) 새벽 도착 보장 4.5 (54) 최대 260원 적립",,,,,
[고디바] 지큐브 어쏘트먼트 12P,,,,,
"오뚜기 토마토 케챂, 300g, 1개 2,090원 (100g당 697원) 내일(일) 새벽 도착 보장 5 (6165) 최대 105원 적립",,,,,
[리모로] 100% 유기농 레몬착즙 주스 3종,,,,,
[바로생활] 호박즙,,,,,
[트레핀] 민트향 캔디 2종,,,,,
산청 설향 딸기 500g(등급:특/한단),,,,,
"면사랑 프리미엄 가쓰오 우동장국, 500g, 1개 6,580원 (100g당 1,316원) 내일(일) 도착 보장 5 (2394) 최대 329원 적립",,,,,
[이호] 프리미엄 손질 참가자미 550~650g (생물),,,,,
"하선정 4무 김밥 단무지, 370g, 1개 7%2,680원 2,480원 (100g당 670원) 내일(일) 새벽 도착 보장 5 (2229) 최대 124원 적립",,,,,
"곰곰 얇은 곤약면, 800g, 1개 12%3,760원 3,290원 (100g당 411원) 내일(일) 도착 보장 새 상품, 반품-미개봉 (2) 최저3,120원 4.5 (857) 최대 165원 적립",,,,,
[생과방] 약과 4구 묶음 (빨강)(40g X 4개입),,,,,
[아침엔] 더블치즈 베이글 (110g X 4개입),,,,,
"바프 먼투썬 2주 하루견과 280g, 1개 12,900원 (100g당 4,607원) 내일(일) 도착 보장 5 (2161) 최대 625원 적립",,,,,
[모두의맛집] 오세득 비프 스튜 파스타,,,,,
[아티장 비스킷] 로크포르 치즈 크래커 45g,,,,,
[CU 픽업] 세키하라준마이 720ml,,,,,
"오뚜기 열라면 120g, 10개 1%7,160원 7,060원 (1개당 706원) 내일(일) 도착 보장 5 (219568) 최대 353원 적립",,,,,
"곰곰 광천 들기름 도시락김, 5g, 20개 12%8,000원 6,990원 (10g당 699원) 내일(일) 도착 보장 5 (17603) 최대 350원 적립",,,,,
"연두 요리에센스 순, 500ml, 2개 11,000원 (10ml당 110원) 내일(일) 도착 보장 5 (33327) 최대 550원 적립",,,,,
[비타바움] 멀티비타민 + V - Complex15 (12일분),,,,,
[쌉 : SAAP] 똠얌 국수 클래식 2인분,,,,,
[CU 픽업] 크레스만보르도레드,,,,,
[맥시칸] 크리스피 통살 치킨&오리지널 양념치킨소스,,,,,
[예찬원] 우거지해장국 (블럭국),,,,,
"크라운 버터와플, 316g, 2개 7,940원 (10g당 126원) 내일(일) 도착 보장 5 (54028) 최대 397원 적립",,,,,
"칸타타콘트라베이스 저칼로리 라떼, 500ml, 24개 26,780원 (100ml당 223원) 내일(일) 도착 보장 5 (11621) 최대 1,339원 적립",,,,,
"Prime Field 고시히카리 백미, 2kg, 1개, 특등급 25%15,980원 11,980원 (100g당 599원) 내일(일) 도착 보장 5 (6746) 최대 599원 적립",,,,,
[릴크리터스] 꾸미바이트 꾸미베어스 칼슘+비타민D3 (30일분),,,,,
"주일 우리아이 튼튼 밥톳, 1개, 50g 3,180원 (100g당 6,360원) 내일(일) 새벽 도착 보장 5 (1180) 최대 159원 적립",,,,,
"크래프트 슈레드 트리플 체다 치즈, 226g, 1개, 1개입 9,090원 (10g당 402원) 내일(일) 새벽 도착 보장 5 (50) 최대 455원 적립",,,,,
[수산곳간] 국산 구운 아귀포 80g,,,,,
"무료배송 산과들에 원데이 요거트 해바라기씨 20g, 50개 할인10%19,710원 17,730원 (1세트당 355원) 2/10(화) 도착 예정 5 (352) 최대 886원 적립",,,,,
"무료배송 새한 잔치국수용 분말, 1개, 1kg 6%13,000원 12,200원 (100g당 1,220원) 2/11(수) 도착 예정 4.5 (1620) 최대 610원 적립",,,,,
[선물세트] 슈퍼말차 랑드샤 크림 샌드 2종 (20개입),,,,,
[디벨라] 스파게티 500g,,,,,
[바라기] 쌍화캔디 2종,,,,,
[도제식빵] 리코타 치즈 생크림 산도,,,,,
[일드프랑스] 쁘띠 브리 오 블루 125g,,,,,
"금풍제과 검은콩깨 보리건빵, 30g, 30개 60%14,500원 5,800원 (10g당 64원) 내일(일) 도착 보장 5 (13564) 최대 290원 적립",,,,,
[올가비오] 유기농 동결건조 아로니아 분말 100g,,,,,
[CU 픽업]  노일리 프랏,,,,,
[더플랜] 목련 어묵채 김치 우동 (2인분),,,,,
"아후카틀 엑스트라버진 아보카도오일, 250ml, 1개 39%14,900원 8,980원 (100ml당 3,592원) 내일(일) 도착 보장 5 (7597) 최대 449원 적립",,,,,
[이연복의 목란] 짜장면 2인분,,,,,
[하림 The 미식] 장인라면 담백한 맛 4입,,,,,
[전통주] 가평잣막걸리 (논알콜 350mL),,,,,
[크라제] 뽀모도로 스파게티 (2개입),,,,,
[오뚜기]컵밥_전주식돌솥비빔밥(즉석국),,,,,
[청정원] 갈릭&어니언 토마토 파스타,,,,,
[CU 픽업] 패트론레포사도750ml,,,,,
"무료배송 25년 햅쌀 바른맛쌀 친들미 20kg (10kg+10kg) 특등급 당일도정 단일품종, 2개, 10kg 63,700원 (100g당 319원) 2/12(목) 도착 예정 4.5 (782) 최대 3,185원 적립",,,,,
[원에이커팜] 친환경 GAP 고수 50g,,,,,
[리틀 후쿠오카] 인기 라멘 3종,,,,,
[바른우유연구소] 그릭요거트 플레인 2종 (택1),,,,,
"곰곰 한돈 목심 구이용 (냉장), 500g(냉장), 1개 52%22,990원 10,940원 (100g당 2,188원) 내일(일) 새벽 도착 보장 4.5 (8634) 최대 547원 적립",,,,,
[CU 픽업] 딘스톤12년,,,,,
[종근당건강] 락토핏 당케어 (60일분),,,,,
[26년 설] [CU 픽업] 다크호스 신년패키지,,,,,
"포카리스웨트 분말, 65.6g, 20개 48%40,000원 20,580원 (100g당 1,569원) 내일(일) 도착 보장 5 (29801) 최대 1,029원 적립",,,,,
[플라이밀] 프로틴 단백질 쉐이크 630g 13종 (택1),,,,,
[발린느] 카이막 100g,,,,,
"테일러 푸룬건자두, 250g, 1개 5,540원 (100g당 2,216원) 내일(일) 새벽 도착 보장 5 (2492) 최대 277원 적립",,,,,
[비쇼쿠] 고구마치즈 돈카츠 350g(냉동),,,,,
"무료배송 바다in연 프리미엄 활전복 1kg 완도산 산소포장, 1kg 12호 (특대) 8-9미, 1개 할인76%105,000원 24,250원 (100g당 2,425원) 모레(월) 도착 예정 5 (415) 최대 1,213원 적립",,,,,
"광식이농장 완숙 토마토, 1kg, 1팩 5,480원 (100g당 548원) 내일(일) 새벽 도착 보장 4.5 (99659) 최대 274원 적립",,,,,
인기 씨푸드 메인 요리 6종 (택1),,,,,
"무료배송 김밥김 두번 구운 오돌이 김밥용김 100매, 230g, 1개 14%22,000원 18,900원 (10g당 822원) 2/10(화) 도착 예정 5 (1082) 최대 889원 적립",,,,,
[미자언니네] 일품 한우 양지무국,,,,,
[CU 픽업] 라 포데리아 BDM,,,,,
[Dukes Coffee] 블렌드 원두 200g 2종 (택1),,,,,
[고래사] 빅크랩바 (2개입),,,,,
"칸타타콘트라베이스 블랙 앤 샷, 500ml, 24개 28,200원 (100ml당 235원) 내일(일) 도착 보장 5 (4526) 최대 1,410원 적립",,,,,
[선물세트] CJ 식물성 멜라토닌 멜라메이트 x 2박스 40구미 (+쇼핑백),,,,,
[풀무원] 소불고기 꼬마김밥 KIT,,,,,
"무료배송 가온애 고구마 스틱, 500g, 2개 15,500원 (100g당 1,550원) 2/10(화) 도착 예정 4.5 (4988) 최대 775원 적립",,,,,
"베지밀 아몬드와 호두 두유, 190ml, 48개 27%38,900원 28,390원 (100ml당 311원) 내일(일) 도착 보장 4.5 (52107) 최대 1,420원 적립",,,,,
"리코스 나쵸칩 치즈 소스, 100g, 2개 4,500원 (10g당 225원) 내일(일) 도착 보장 새 상품, 반품-미개봉 (2) 최저4,270원 4.5 (5430) 최대 225원 적립",,,,,
"모위 프리미엄 생연어 횟감용 (냉장), 1개, 500g 26%28,900원 21,180원 (100g당 4,236원) 내일(일) 새벽 도착 보장 4.5 (9423) 최대 1,059원 적립",,,,,
"청정원 순창 양념듬뿍 쌈장, 500g, 2개 56%10,800원 4,680원 (100g당 468원) 내일(일) 새벽 도착 보장 5 (33720) 최대 234원 적립",,,,,
[선물세트] 넛츠앤베리스 클래식 5종 견과세트 1kg,,,,,
제주 돌코롬 샌드 웨하스 3종 (택1),,,,,
[백두산떡갈비] 담양 한우 떡갈비,,,,,
"플라하반 퀵오트 오리지날 오트밀, 500g, 2개 28,500원 (100g당 2,850원) 내일(일) 도착 보장 5 (8182) 최대 1,425원 적립",,,,,
[비타바움] 멀티비타민 + V - Complex15 (12일/30일) 2종 (택1),,,,,
"치토스 롯데제과 바베큐맛, 82g, 3개 3,600원 (10g당 146원) 내일(일) 새벽 도착 보장 5 (709) 최대 180원 적립",,,,,
"백설 100% 통참깨 참기름, 320ml, 1개 25%11,300원 8,450원 (10ml당 264원) 내일(일) 도착 보장 5 (5006) 최대 423원 적립",,,,,
"크라운 뽀또 치즈타르트, 161g, 2개 25%4,720원 3,520원 (10g당 109원) 내일(일) 새벽 도착 보장 5 (1026) 최대 176원 적립",,,,,
국산 압맥 2종,,,,,
[이너비] 글로우샷 콜라겐 6입,,,,,
[CU 픽업] 마리에따말벡6입,,,,,
[토마스푸드] 호주산 숄더랙 300g (냉장),,,,,
[몽콩] 두유 플레인 요거트 (100g X 3개),,,,,
[스타벅스] 핫 코코아 더블 초코 (28g X 8개),,,,,
[상하목장] 유기농 멸균 우유 바나나 125mL 2종 (택1),,,,,
"무료배송 꿀고당도 해남 고구마 호풍미 호박고구마 꿀고구마, 1개, 2kg 한입 (50g이내) 쿠폰할인70%30,000원 8,800원 (100g당 440원) 2/12(목) 도착 예정 5 (149) 최대 440원 적립",,,,,
"다조은 미국산 레몬, 350g(3입), 1팩 3,470원 (100g당 991원) 내일(일) 새벽 도착 보장 4.5 (11586) 최대 174원 적립",,,,,
"올가홀푸드 한입에 쏙 우리밀 꼬마약과, 200g, 1개 5,690원 (10g당 285원) 내일(일) 새벽 도착 보장 5 (926) 최대 285원 적립",,,,,
[일본디저트여행] 도쿄 로스트 버터 와플 168g(12입),,,,,
[아티제] 바스크 치즈 케이크 500g,,,,,
[해통령] 육수한알 칼칼한 맛 (코인육수/25정),,,,,
[미자언니네 방앗간] 옛날 호두강정(120g),,,,,
[올리] 국내산 무농약 강황가루 150g (우리땅 진도에서 자란),,,,,
"샘표 국산콩 양조간장 프리미엄, 1.7L, 1개 38%22,450원 13,880원 (100ml당 816원) 내일(일) 도착 보장 5 (14763) 최대 694원 적립",,,,,
[세리박스] 세리컷 스타터 샤이닝 (28일분),,,,,
[만전김X컬리] 갓구운 만전김 16봉,,,,,
"무료배송 [고래푸드] 국내산 자반고등어 12마리(6손), 1개, 1.9kg-2.4kg 17,900원 (100g당 942원) 2/10(화) 도착 예정 4 (2262) 최대 895원 적립",,,,,
[센트룸] 에너지B (60일분),,,,,
"웅진 내사랑 포도주스 드링크팩, 185ml, 24개 26%10,910원 8,010원 (100ml당 180원) 내일(일) 도착 보장 5 (4911) 최대 400원 적립",,,,,
[전통주] 시트러스 마셔블랑 스프링와인 (9도 750mL) 제주한라봉감귤와인,,,,,
"햇반 백미밥 작은 공기, 130g, 36개 47%54,000원 28,510원 (100g당 609원) 내일(일) 도착 보장 5 (79552) 최대 1,425원 적립",,,,,
4색 피쉬볼 믹스,,,,,
[선물세트] 한국맥꾸룸 맥 명인기획 3종 세트,,,,,
"샘표 국시장국 멸치다시마 국물, 345ml, 2개 21%6,700원 5,260원 (10ml당 76원) 내일(일) 도착 보장 5 (7574) 최대 263원 적립",,,,,
[BNR17] 다이어트 유산균 비에날씬 (90일분)(+보냉백증정),,,,,
[프렌떼] 장발장빵(깜빠뉴) 4종 (택1),,,,,
[팔팔호랑이] 천마탕 말뼈즙 90mL 30포,,,,,
[로아커] 미니 웨하스 콰드라티니 6종 (택1),,,,,
[반달바닿] 자연산 울산 정자각 200g,,,,,
[몽슈슈] 떠먹는 몽블랑 280g,,,,,
[브로드카세] 72시간 저당 토마토 푸가스 330g,,,,,
[마루와유지] 빵에 발라 구워먹는 일본 스프레드 3종 (택1),,,,,
"강훈목장 수제요거트 블루베리, 500ml, 1개입, 1개 4,930원 (10ml당 99원) 내일(일) 새벽 도착 보장 4.5 (52830) 최대 246원 적립",,,,,
"사조 해표 콩기름 식용유, 900ml, 1개 18%5,200원 4,260원 (100ml당 473원) 내일(일) 새벽 도착 보장 5 (35833) 최대 213원 적립",,,,,
[제로밀 by 달롤] 글루텐프리 쌀 식빵 4종 (택1),,,,,
"나물투데이 국내산 데친 시래기 (냉동), 1개, 1kg 7,260원 (100g당 726원) 내일(일) 새벽 도착 보장 4 (1109) 최대 363원 적립",,,,,
[모란봉] 샤브샤브 육수 2종,,,,,
[센터커피] 디카페인 드립백 (10g X 7개입),,,,,
[해찬미소] 양념/간장 게장 2종 (택1),,,,,
파로(엠머밀) 800g,,,,,
"오넛티 땅콩버터 오리지널 100%, 230g, 1개 20%14,900원 11,900원 (100g당 5,174원) 내일(일) 새벽 도착 보장 5 (6895) 최대 595원 적립",,,,,
[목우촌] 주부9단 김밥햄 170gX2개,,,,,
"농사꾼 찰흑미, 4kg, 1개 15,900원 (100g당 398원) 내일(일) 도착 보장 새 상품, 반품 (2) 4.5 (560) 최대 795원 적립",,,,,
"곰곰 GAP 대추방울토마토, 1kg, 2팩 12,630원 (100g당 632원) 내일(일) 새벽 도착 보장 4.5 (15143) 최대 631원 적립",,,,,
[모두의식단] 닭가슴살 소시지 2종 (1입),,,,,
[지오이엘라] 수제 미니 부라타 (50g X 5입) (냉장),,,,,
"우주쭈꾸미 볶음 (냉동), 300g, 1개 6,690원 (10g당 223원) 내일(일) 새벽 도착 보장 4.5 (3209) 최대 318원 적립",,,,,
"펩시 콜라, 355ml, 24개 16,600원 (100ml당 195원) 내일(일) 도착 보장 5 (36783) 최대 830원 적립",,,,,
"오뚜기 흰밥, 210g, 36개 23%41,940원 32,080원 (100g당 424원) 내일(일) 도착 보장 5 (232722) 최대 1,604원 적립",,,,,
[햇반/쿡반] 노릇노릇 주먹밥 500g 6종 (택1),,,,,
[와인앤모어픽업]루이자도 부르고뉴 샤도네이 ((와인)),,,,,
"대구농산 씻어나온 웰빙 혼합 10곡, 4kg, 1통 19,900원 (100g당 498원) 내일(일) 새벽 도착 보장 5 (7357) 최대 995원 적립",,,,,
[농심] 먹태깡 고추장마요맛 60g,,,,,
[다미원] 민어슬라이스 300g (냉동),,,,,
"딜리셔스마켓 양꼬치 양념 소스, 60g, 1개 4,100원 (10g당 683원) 내일(일) 도착 보장 4.5 (9361) 최대 205원 적립",,,,,
[PPUL] 1++(9) 한우 특수 부위 모둠 400g (냉장),,,,,
[청정원] 저당굴소스 255g(튜브),,,,,
[허쉬] 초콜릿칩 쿠키 400g,,,,,
[부산어포] 부산 피쉬포 20g X 3봉,,,,,
[바샤커피] 싱글 오리진 커피 드립백 12g X 12개입 7종(택1),,,,,
[포트'럭] 강원도 머구리가 채취한 자연산 비단멍게 1kg (생물),,,,,
한숟갈 스틱 새우젓,,,,,
[다미원] 반건조 손질 가자미 500g (냉동),,,,,
"유기가공식품 인증 웰팜넷 유기농 다진적양배추 (냉동), 100g, 1개 2,990원 (100g당 2,990원) 내일(일) 새벽 도착 보장 5 (1326) 최대 150원 적립",,,,,
"서울우유 더 진한 스위트 플레인 요거트, 1.8L, 2개 12,940원 (10ml당 36원) 내일(일) 새벽 도착 보장 5 (92551) 최대 647원 적립",,,,,
"감미인 청도 GAP 인증 반건시 특대 6과 (냉동), 500g, 1개 10,900원 (100g당 2,180원) 내일(일) 새벽 도착 보장 5 (749) 최대 495원 적립",,,,,
"다하다 돼지감자차 티백, 1g, 100개입, 1개 7,400원 (10g당 740원) 내일(일) 도착 보장 5 (689) 최대 370원 적립",,,,,
"삼양 나가사끼 짬뽕 115g, 5개 4,640원 (1개당 928원) 내일(일) 도착 보장 5 (22189) 최대 232원 적립",,,,,
"더담은 고소한 기장, 1kg, 1개 19%4,980원 3,990원 (100g당 399원) 내일(일) 새벽 도착 보장 5 (339) 최대 200원 적립",,,,,
"도정공장 씻어나온 렌틸콩, 1kg, 1통 5,990원 내일(일) 새벽 도착 보장 5 (3666) 최대 300원 적립",,,,,
"더건강한 닭가슴살 샌드위치햄, 90g, 2개 51%8,960원 4,340원 (100g당 2,411원) 내일(일) 새벽 도착 보장 5 (8904) 최대 217원 적립",,,,,
[CU 픽업] 파운더스올데이IPA6병,,,,,
[파아프] 검은콩 템페 100g,,,,,
[상하농원] 에그촉촉 카스텔라 2종 (택1),,,,,
[선물세트] 봉피양 한돈 본 목심 구이 2.4kg(400g*6),,,,,
[덴마크] 요거밀 통오트 단호박 (85g X 8개),,,,,
[고야] 스페인 올리브 절임 4종,,,,,
[뉴오리진] 이너플로라 레티놀콜라겐ABC 30포,,,,,
"바프 먼투썬 하루견과 블랙 600g, 1세트 19%30,900원 24,900원 (1세트당 24,900원) 내일(일) 도착 보장 5 (610) 최대 1,195원 적립",,,,,
[버크셔세상] 저탄소 인증 버크셔K 흑돼지 오겹살(미박) 400g(냉장),,,,,
[2개이상구매시 30%][소반옥] 정통 함흥 회냉면 (2인분),,,,,
[대상웰라이프] 혈당커트 ABC 주스맛 (30일분),,,,,
"남해 시금치, 200g, 1봉 3,490원 (100g당 1,745원) 내일(일) 새벽 도착 보장 4.5 (46439) 최대 175원 적립",,,,,
"대림선 야채시대 김밥어묵, 150g, 1개 2,840원 (100g당 1,893원) 내일(일) 새벽 도착 보장 5 (1089) 최대 142원 적립",,,,,
[뉴트라라이프] 에너지 부스터 1500 포도당 캔디 30정,,,,,
"건강곡간 치아씨드 통, 250g, 1개 5,980원 (100g당 2,392원) 내일(일) 새벽 도착 보장 5 (195) 최대 299원 적립",,,,,
[올반] 숙성 소불고기 180gx3팩,,,,,
상주 반건시 2종,,,,,
"백설 찍어먹는 트러플솔트, 50g, 1개 20%3,980원 3,180원 (100g당 6,360원) 내일(일) 도착 보장 5 (1508) 최대 159원 적립",,,,,
"더담은 국산 늘보리 꽁보리, 2kg, 1개 2%10,800원 10,500원 (100g당 525원) 내일(일) 도착 보장 5 (6028) 최대 525원 적립",,,,,
[이토] 미타라시 당고모찌 170g,,,,,
"[레드텅 픽업] 샴페인 드라피에, 클레어 밸리스 750ml (와인)",,,,,
[연세우유] A2 전용목장 딸기&바나나 우유 2종 (125mL X 24개) (택1),,,,,
[인텔리젠시아 X Kurly] Rise at Dawn 블렌드 원두 200g 2종(택1),,,,,
[훌랄라치킨] 숯불양념치킨with우동사리 670g,,,,,
[오리온] 쿠쉬쿠쉬 196.8g,,,,,
[창억] 설기 3종 (택1),,,,,
"모아미트 캐나다산 보리먹인 삼겹살 목심 반반팩 구이용 (냉장), 1개 32%23,990원 16,260원 (100g당 1,626원) 내일(일) 새벽 도착 보장 4.5 (16412) 최대 813원 적립",,,,,
[전통주] 경탁주 로제 12도 (500mL*4),,,,,
[삼양] 까르보불닭볶음면 4입,,,,,
"[전통주] 쿨막 (8.5도 , 500mL)",,,,,
"무료배송 삼육 플러스두유, 12개, 950ml 23%25,900원 19,800원 (100ml당 174원) 2/11(수) 도착 예정 5 (619) 최대 990원 적립",,,,,
[프레시코트] 클래식 과카몰리 2종 (택1),,,,,
"국내산 모둠 버섯 (냉동), 1개, 1kg 6,980원 (100g당 698원) 내일(일) 새벽 도착 보장 5 (287) 최대 349원 적립",,,,,
구디백의 정석 간식 모음 8종 (택1),,,,,
"[동화약품] 부채표 퀵앤써 8포 (복숭아, 샤인머스켓) 2종 (택1)",,,,,
[풀무원] 유기농 콩 100% 연두부 2개입,,,,,
"푸드팜 호박씨, 500g, 1개 11%8,800원 7,800원 (100g당 1,560원) 내일(일) 도착 보장 4.5 (12951) 최대 390원 적립",,,,,
[하선정] 다진마늘 2종,,,,,
[조선호텔] 유니짜장삼선볶음밥 500g,,,,,
"비비고 김밥김, 3개, 22g 7%8,940원 8,240원 (10g당 1,248원) 내일(일) 새벽 도착 보장 5 (174) 최대 412원 적립",,,,,
"무료배송 스파클 스파클링 탄산수 플레인, 20개, 500ml 할인55%18,000원 7,990원 (100ml당 80원) 2/10(화) 도착 예정 5 (11409) 최대 400원 적립",,,,,
"무료배송 [코스트코]KIRKLAND SIGNATURE 썬스위트 건자두, 1.58kg, 2개 34,310원 (100g당 543원) 2/11(수) 도착 예정 4.5 (3409) 최대 1,715원 적립",,,,,
"무료배송 비단식당 단백질 블랙미숫가루 2kg, 1개 할인35%19,900원 12,880원 (100g당 644원) 2/11(수) 도착 예정 5 (3389) 최대 644원 적립",,,,,
"내츄럴스파이스 오레가노 럽드, 150g, 1개 5,350원 (10g당 357원) 내일(일) 도착 보장 5 (866) 최대 268원 적립",,,,,
[아티제] 크럼블 머핀 2종 (택1),,,,,
[쿠스미티] 유기농 엑스퓨레 오리지날 2종,,,,,
[CU 픽업] 칭따오라거330ml*24캔,,,,,
"샘표 국시장국 가쓰오국물, 350ml, 1개 21%3,350원 2,630원 (100ml당 751원) 내일(일) 새벽 도착 보장 5 (2606) 최대 131원 적립",,,,,
[파스키에] 마카롱 (13gX 12개입),,,,,
"풀무원다논 액티비아 컵 화이트 설탕 무첨가 플레인, 80g, 16개 9,780원 (10g당 10원) 내일(일) 새벽 도착 보장 5 (63644) 최대 489원 적립",,,,,
[폴스] 팜하우스 골드 밀크 1L,,,,,
"바다랑푸드랑 셰프신 쭈꾸미볶음 (냉동), 500g, 1개 9,800원 (10g당 196원) 내일(일) 새벽 도착 보장 4.5 (1433) 최대 490원 적립",,,,,
"무료배송 카누 미니 라이트 로스트 아메리카노, 0.9g, 150개입, 1개 22%45,000원 34,680원 (10g당 2,569원) 2/11(수) 도착 예정 5 (2509) 최대 1,734원 적립",,,,,
[존쿡 델리미트] 오리지널 페퍼로니 100g (2개입),,,,,
"곰곰 설향딸기, 500g(L), 2팩 19,380원 (100g당 1,938원) 내일(일) 새벽 도착 보장 4.5 (10624) 최대 969원 적립",,,,,
"무료배송 난각번호1번 무항생제인증 방사 유정란 30구 2판, 1개, 60구 할인53%65,000원 30,090원 (1구당 502원) 2/10(화) 도착 예정 4.5 (5757) 최대 1,489원 적립",,,,,
"해태에이스 해태제과 씬 에스프레소맛, 291g, 1개 3,590원 (10g당 123원) 내일(일) 새벽 도착 보장 4.5 (1880) 최대 161원 적립",,,,,
[전통발효연구원] 국내산 곡물효소 30포 2종,,,,,
[CU 픽업] 하쿠시카 혼죠조*2팩,,,,,
[Kurly's] 동물복지 유정란 30구 (15구*2ea),,,,,
[유기농 팝콘] 스위트/솔티드(90gx 3개입) 2종,,,,,
[담터] 호박팥차 (1.5g X 40개),,,,,
[선물세트][라빈리커픽업] 전통주 금산인삼주 수삼단본 (23도 720mL),,,,,
"오뚜기 3분카레 순한맛, 200g, 5개 6,700원 (100g당 670원) 내일(일) 새벽 도착 보장 5 (989) 최대 335원 적립",,,,,
[비비드키친] 저당 마라소스,,,,,
[풀무원] 새콤달콤 생쫄면 2인분,,,,,
"서울우유 비요뜨 크런치볼 요거트, 138g, 12개 14,720원 (10g당 89원) 내일(일) 새벽 도착 보장 5 (18361) 최대 736원 적립",,,,,
[아프로그릭] 유당제로 그릭요거트 100g,,,,,
[농심] 안성탕면 20입,,,,,
"청정원 화끈한 매운갈비 양념, 500g, 1개 3,480원 (100g당 696원) 내일(일) 새벽 도착 보장 5 (1424) 최대 174원 적립",,,,,
[오리온] 치즈뿌린 치킨팝 65g,,,,,
[림미] 레몬 쥬스 200mL (레몬원액 99.9%),,,,,
[오리온] 촉촉한초코칩 320g,,,,,
[위드진해] 곱창전골,,,,,
"마이노멀 알룰로스, 500g, 1개 35%12,800원 8,220원 (100g당 1,644원) 내일(일) 새벽 도착 보장 5 (19469) 최대 411원 적립",,,,,
"배대감 20곡 미숫가루, 1kg, 1개 29%12,800원 8,990원 (100g당 899원) 내일(일) 도착 보장 4.5 (7307) 최대 450원 적립",,,,,
[사미헌] 얼큰 대파 갈비탕,,,,,
무항생제 1등급 한돈 항정살 300g (냉장),,,,,
[오리온] 마이구미 포도 제로 슈거 번들팩,,,,,
[CU 픽업] 산미구엘캔500*24캔,,,,,
[CJ] 가쓰오우동 2인분+얼큰우동 2인분,,,,,
[CU 픽업] 레정드알소테른,,,,,
[허쉬] 코코아파우더 226g,,,,,
[황진선의 진진] 백짬뽕 (2인분),,,,,
뚝딱! 찌개용 채소 500g (냉동),,,,,
"동원보성홍차 아이스티 제로 복숭아, 500ml, 24개 67%52,800원 16,900원 (100ml당 141원) 내일(일) 도착 보장 5 (16950) 최대 845원 적립",,,,,
[워터라이트] 마시는 수액음료 워터라이트 230ml 1병,,,,,
[KF365] 한돈 삼겹살 구이용 600g/1kg (냉장),,,,,
[오뚜기] 뿌셔뿌셔 버터구이 오징어맛 90g,,,,,
"무료배송 (특품) 100% 국내산 다진마늘 1kg 간마늘 제조 발송, 1개 할인17%12,000원 9,900원 (100g당 990원) 2/10(화) 도착 예정 4.5 (5186) 최대 495원 적립",,,,,
"남자라면 115g, 8개 24%8,000원 6,060원 (1개당 758원) 내일(일) 도착 보장 5 (19668) 최대 303원 적립",,,,,
[밀크앤허니] 소프트제리롤 520g,,,,,
[삼진어묵] 김치 우동 어묵 전골,,,,,
"스타벅스 스무스 캐러멜향 캡슐커피, 5.1g, 10개입, 1개 12%7,990원 6,990원 (10g당 1,371원) 내일(일) 도착 보장 5 (3067) 최대 350원 적립",,,,,
[뉴트리원] 루테인지아잔틴 GR 3개입 선물세트 (90일분),,,,,
[하루한티] 무농약 신비의 작두콩차 (콩알/깍지) 100g,,,,,
"해맑은푸드 조미오징어채 실속형진미채, 400g, 1개 14,990원 (100g당 3,748원) 내일(일) 새벽 도착 보장 4.5 (6624) 최대 700원 적립",,,,,
"모부당 떡볶이에 빠진 떡 치즈떡볶이맛 지퍼백 (냉동), 50g, 1개, 10개입 12,900원 (10g당 258원) 내일(일) 새벽 도착 보장 5 (49) 최대 645원 적립",,,,,
"삼진어묵 어묵탕 스프 멸치맛, 8g, 14입 4,140원 (100g당 3,696원) 내일(일) 새벽 도착 보장 5 (2889) 최대 207원 적립",,,,,
[오리온] 땅콩강정 3번들,,,,,
"청정원 타르타르, 300g, 2개 쿠폰할인17%7,580원 6,270원 (100g당 1,045원) 내일(일) 새벽 도착 보장 5 (5437) 최대 314원 적립",,,,,
[26년 설] [CU 픽업] 샤또안젤루스 2020,,,,,
[백설] 소면 2종 (택1),,,,,
[핑크퐁] 까꿍 크리스피롤 2종 (택1),,,,,
"바른식 강릉식 짬뽕 순두부찌개 밀키트 2인분, 860g, 1개 9,900원 (100g당 1,151원) 내일(일) 새벽 도착 보장 5 (6187) 최대 495원 적립",,,,,
블랙푸드 혼합 6곡 1kg,,,,,
[상하농원] 고창 황토고구마 스틱 60g,,,,,
[엄마밥상] 맑은곰탕,,,,,
"건강곡간 진도 찰흑미 검정찰현미, 2kg, 1개 17%14,260원 11,800원 (100g당 590원) 내일(일) 도착 보장 4.5 (1354) 최대 590원 적립",,,,,
[빽쿡] 백종원의 매콤 콩나물 불고기,,,,,
[고래주방] 바지락듬뿍 어묵꼬치 전골,,,,,
[풀무원] 볶음밥 3종 (통새우/닭가슴살/우삼겹김치) (2개입),,,,,
[서울우유] 휘핑크림 200mL,,,,,
"무료배송 프리미엄 블루베리 (냉동), 1개, 1kg 10,780원 (100g당 1,078원) 2/10(화) 도착 예정 4.5 (982) 최대 539원 적립",,,,,
[내츄럴플러스] 체지방케어 다이어트 앤 유산균 (15일분),,,,,
참타리버섯 350g,,,,,
돌나물 150g,,,,,
[CU 픽업] 비네암바이오풀보르,,,,,
[CU 픽업] 페냐롤렌 쇼비뇽블랑,,,,,
[셰프초이스] 칼집 돼지 왕구이 1kg (냉장),,,,,
[올쿡] 소양곱창전골,,,,,
[포트'럭] 자연산 거제도 돌멍게 1kg (생물),,,,,
[프루티프루티] 딸기수제청,,,,,
"국내산 봄동, 500g, 1봉 3,250원 (100g당 650원) 내일(일) 새벽 도착 보장 4.5 (17924) 최대 163원 적립",,,,,
"글로델 밥알 모양 곤약, 200g, 10개 13,890원 (100g당 695원) 내일(일) 도착 보장 새 상품, 반품-미개봉 (6) 최저13,190원 5 (8116) 최대 695원 적립",,,,,
"머거본 꿀땅콩, 70g, 5개 4,500원 (100g당 1,286원) 내일(일) 도착 보장 4.5 (5344) 최대 225원 적립",,,,,
"너구리 앵그리 121g, 10개 8,850원 (1개당 885원) 내일(일) 도착 보장 5 (21892) 최대 443원 적립",,,,,
"풀무원다논 그릭 설탕무첨가 플레인 요거트, 400g, 2개 6,780원 (10g당 85원) 내일(일) 새벽 도착 보장 5 (17488) 최대 339원 적립",,,,,
[선물세트] 청주로 빚어낸 명장 명란 800g,,,,,
[성수동 팩피 : FAGP] 감바스 파스타,,,,,
"다시다 쇠고기, 500g, 1개 11%13,950원 12,400원 (10g당 248원) 내일(일) 도착 보장 5 (78624) 최대 620원 적립",,,,,
[카토] 과일 소금사탕 2종 (택1),,,,,
[드시모네] 데일리 2000 프로바이오틱스 유산균 (30일분),,,,,
"[바른생선] 프리미엄 튀김용 노바시새우 15미 450g (특대, 냉동)",,,,,
"무료배송 올리타리아 유기농 엑스트라버진 올리브유, 500ml, 1개 77%126,030원 28,500원 (100ml당 5,700원) 2/12(목) 도착 예정 5 (78815) 최대 1,425원 적립",,,,,
[감코리아] 옥천준시 12입 세트,,,,,
"유기농 해썹 ALBA등급 실론시나몬 계피가루, 1개, 100g 할인6%14,000원 13,110원 (10g당 1,311원) 내일(일) 도착 보장 4.5 (1352) 최대 649원 적립",,,,,
[CU 픽업] 시에라페일에일*6병,,,,,
"롯데웰푸드 빈츠, 204g, 2개 28%11,400원 8,120원 (10g당 199원) 내일(일) 도착 보장 5 (46558) 최대 406원 적립",,,,,
"무료배송 곳간오늘 화성RPC 특등급 수향미 10kg 3일내도정 산지직송 25년햅쌀, 1개 45,800원 (100g당 458원) 2/11(수) 도착 예정 5 (2185) 최대 2,290원 적립",,,,,
[리츠] 바삭 김 크래커 73g,,,,,
"엉클탁 영양가득 백미, 상등급, 10kg, 1개 32%49,900원 33,900원 (100g당 339원) 내일(일) 도착 보장 4.5 (53255) 최대 1,695원 적립",,,,,
[CU 픽업] 패트론아네호750ml,,,,,
[일상味소] 국내산 소고기 요리용 골리담기 8종,,,,,
[KF365] 1등급 닭 가슴살 2종 (냉장),,,,,
[아리랑가든] 홍천식 참숯 닭갈비 소금구이 400g (냉동),,,,,
"맛있는 반찬 명이나물, 1kg, 1개 8,780원 (10g당 88원) 내일(일) 새벽 도착 보장 5 (3135) 최대 439원 적립",,,,,
"원더풀 씨없는 레몬, 1.2kg, 1개 8,700원 (100g당 725원) 내일(일) 새벽 도착 보장 4.5 (490) 최대 435원 적립",,,,,
[롯데] 드림카카오 2종 (택1),,,,,
[선물세트] 반건조 제수용 선어 세트,,,,,
"영준목장 수제 요거트 무가당 플레인, 500ml, 1개입, 1개 5,600원 (10ml당 112원) 내일(일) 새벽 도착 보장 5 (845) 최대 280원 적립",,,,,
뉴질랜드 킹 단호박 1통,,,,,
[이심전심] 건새우애호박전,,,,,
[큐앤리브즈] 시그니처 6종 선물세트,,,,,
[고디바] 하트 오브 골드 컬렉션 8개입,,,,,
"자일로스 담은 수제과일청 딸기 (냉동), 1kg, 1개 13,550원 (100g당 1,355원) 내일(일) 새벽 도착 보장 4.5 (6006) 최대 678원 적립",,,,,
[평창] 노란콩 나또 10개입,,,,,
[일가집] 맛단무지 250g,,,,,
"풀무원 식물성 지구식단 이슬만두 부추새송이 (냉동), 1.02kg, 1개 23%12,980원 9,980원 (100g당 978원) 내일(일) 새벽 도착 보장 5 (2879) 최대 499원 적립",,,,,
[정원삼] 홍삼 이뮨 부스터 (20일분),,,,,
[YOZM] 플레인그릭요거트 450g,,,,,
"국산 혼합 21곡, 2kg, 1개 20%14,900원 11,900원 (100g당 595원) 내일(일) 새벽 도착 보장 5 (9185) 최대 595원 적립",,,,,
"하림 자연실록 무항생제 인증 닭봉 윗날개 (냉장), 350g, 2개 11,640원 (100g당 1,663원) 내일(일) 새벽 도착 보장 5 (40447) 최대 582원 적립",,,,,
홈파티용 크랩 4종 (냉동) (택1),,,,,
[엔업] 아미노워터 레드프로 (10포),,,,,
[차려낸] 비법 육수 차돌박이된장찌개,,,,,
"녹차로 씻어낸 매생이, 120g, 2봉 7,400원 (100g당 3,083원) 내일(일) 새벽 도착 보장 4.5 (3799) 최대 370원 적립",,,,,
"후디스그릭요거트 달지않은 저지방, 450g, 1개 6,280원 (10g당 140원) 내일(일) 새벽 도착 보장 5 (76002) 최대 314원 적립",,,,,
[A.C.퍼치스] 루이보스바닐라 3종 (택1),,,,,
"하선정 국산 다진마늘, 250g, 1개 2%8,680원 8,480원 (10g당 339원) 내일(일) 새벽 도착 보장 5 (10617) 최대 424원 적립",,,,,
[CU 픽업] 호라이코마치자쿠라,,,,,
"무료배송 사과 고당도 청송사과 [당도선별] 선물용 가정용 부사사과, 1박스, 가정용 5kg 74%98,000원 24,600원 (100g당 492원) 2/10(화) 도착 예정 4 (268) 최대 1,230원 적립",,,,,
"무료배송 한끼농산 브라운렌틸콩 5kg, 1개 할인45%18,500원 10,000원 (100g당 200원) 2/13(금) 도착 예정 4.5 (3168) 최대 500원 적립",,,,,
[복음자리] 저칼로리 잼다운잼 2종 (택1),,,,,
[라빈리커픽업][뱅베 내추럴특가] 호비뇨 뤼미에흐 드 성스 20 (와인),,,,,
"생생포크 무항생제 인증 사태 보쌈용 (냉장), 500g, 3개 43%35,640원 20,200원 (100g당 1,347원) 내일(일) 새벽 도착 보장 4.5 (5848) 최대 1,010원 적립",,,,,
"행복한콩 유기농 인증 안심두부 부침용, 300g, 1개 60%3,990원 1,590원 (100g당 530원) 내일(일) 새벽 도착 보장 5 (461) 최대 80원 적립",,,,,
"청정원 스위트콘 통조림, 340g, 2개 22%3,960원 3,060원 (10g당 45원) 내일(일) 새벽 도착 보장 5 (5490) 최대 153원 적립",,,,,
"무료배송 유기농 엑스트라버진 냉압착 올리브오일, 2개, 500ml 할인14%49,540원 42,270원 (100ml당 4,227원) 2/11(수) 도착 예정 5 (11969) 최대 2,003원 적립",,,,,
[삼도갈비] 마늘 양념 소갈비살 260g,,,,,
[비스퀴테리 엠오] 브라우니 케이크 80g,,,,,
[네추럴라이즈] 칼슘&비타민D 꾸미(30일분),,,,,
"설향 딸기 중과, 500g, 1개 8,900원 (100g당 1,780원) 내일(일) 새벽 도착 보장 4.5 (42113) 최대 445원 적립",,,,,
"애드웰스 넛츠앤베리 믹스넛, 400g, 1개 11,000원 (100g당 2,750원) 내일(일) 도착 보장 4.5 (5843) 최대 550원 적립",,,,,
[태극당] 폭신한 시본 케익 130g,,,,,
[폰타나] 시칠리아 페페론치노 아라비아따 파스타소스 1.5kg,,,,,
[낫띵베럴] 럽티 레몬녹차 (1.5g X 15개),,,,,
[라빈리커픽업][뱅베 내추럴특가] 다르히보 크로즈 에르미따쥬 루즈 20 (와인),,,,,
[담꽃] 팥앤밀크 아이스크림 (70g X 6개),,,,,
[로아커] 샌드 비스킷 3종 (택1),,,,,
"스타벅스 카페모먼트 스무스 원두커피믹스, 65g, 1개입, 1개 15,050원 (10g당 2,315원) 내일(일) 새벽 도착 보장 5 (145) 최대 753원 적립",,,,,
[PPUL] 1++(9) 한우 추리 모둠 150g (냉장),,,,,
[CU 픽업] 하프보틀3종기획,,,,,
[남도2대명가] 색색해초 키트 2종 (택1),,,,,
"롯데웰푸드 드림카카오 82%, 86g, 2개 6,950원 (10g당 404원) 내일(일) 새벽 도착 보장 5 (625) 최대 348원 적립",,,,,
[와인앤모어픽업]투핸즈 브레이브 페이스 ((와인)),,,,,
[내츄럴플러스] 간케어 앤 유산균 (30일분),,,,,
"한강식품 무항생제 인증 통닭 11호, 1051g, 1개 7,850원 (100g당 747원) 내일(일) 새벽 도착 보장 5 (2156) 최대 393원 적립",,,,,
"샐러드용 양배추와 적채 믹스, 300g, 1개, 1개 2,190원 (100g당 730원) 내일(일) 새벽 도착 보장 4.5 (26166) 최대 110원 적립",,,,,
[사층빵집] 까눌레 9종 (택1),,,,,
"무료배송 루카스나인 스위트 라떼 커피믹스, 16.7g, 30개입, 1개 22%18,000원 13,870원 (10g당 277원) 2/11(수) 도착 예정 5 (1648) 최대 694원 적립",,,,,
[CU 픽업] MGC네그로니,,,,,
[오뚜기]컵밥_참기름김치볶음밥(즉석국),,,,,
"무료배송 인산가 죽염 천마차, 20g, 80개입, 1개 27,000원 (10g당 169원) 2/11(수) 도착 예정 5 (1270) 최대 1,350원 적립",,,,,
"곰곰 국내산 딸기, 500g(대과), 1팩 9,990원 (100g당 1,998원) 내일(일) 새벽 도착 보장 4.5 (38862) 최대 500원 적립",,,,,
[비비고] 소고기듬뿍 육개장 460g,,,,,
[풍기인삼상회] 홍삼캔디 140g (+보자기포장 및 쇼핑백 증정),,,,,
"서울우유 더 진한 플레인 요거트 순수, 2.45L, 1개 44%13,200원 7,390원 (10ml당 30원) 2/10(화) 도착 예정 5 (30833) 최대 370원 적립",,,,,
[그녀의빵공장] 쌀로 만든 식빵 3종 (택1),,,,,
[집반찬연구소] 저당 양파 마요 닭가슴살 샐러드,,,,,
"친환경 치커리, 100g, 2개 3,970원 (100g당 1,985원) 내일(일) 새벽 도착 보장 4.5 (6399) 최대 199원 적립",,,,,
"무료배송 새봄푸드 프리미엄 믹스너츠, 1kg, 1개 31%21,700원 14,900원 (100g당 1,490원) 2/10(화) 도착 예정 4.5 (782) 최대 745원 적립",,,,,
[선물세트] MY FIRST 우리팥 한입 단팥빵 6개 세트 360g,,,,,
[오뗄블랙라벨] 장작 통삼겹,,,,,
"[선물세트] 전통주 오매락지관 (40도, 500mL)",,,,,
"초록매실 페트, 1.5L, 12개 50%50,160원 24,610원 (100ml당 137원) 내일(일) 도착 보장 새 상품, 반품-미개봉 (27) 최저23,370원 5 (20276) 최대 1,230원 적립",,,,,
"미니모둠쌈, 200g, 1개 3,300원 (100g당 1,650원) 내일(일) 새벽 도착 보장 4.5 (69061) 최대 165원 적립",,,,,
"비비드키친 조리용 저당 굴소스, 340g, 1개 17%5,980원 4,940원 (100g당 1,453원) 내일(일) 도착 보장 5 (3369) 최대 247원 적립",,,,,
"양반 김부각, 50g, 2개 4,950원 (10g당 495원) 내일(일) 도착 보장 4.5 (8354) 최대 248원 적립",,,,,
"무료배송 애터미 카페 아라비카 커피믹스, 12.1g, 200개입, 1개 40,610원 (10g당 168원) 2/11(수) 도착 예정 4.5 (2433) 최대 2,030원 적립",,,,,
"오뚜기 3분카레 순한맛, 200g, 3개 4,500원 (100g당 750원) 내일(일) 새벽 도착 보장 5 (871) 최대 225원 적립",,,,,
[쌍계명차] 허니플라워 미니청 오미자 240g,,,,,
[라이틀리] 소고기 곤약볶음밥 (4개입),,,,,
[CU 픽업] 플라네타샤도네이,,,,,
[오리온] 미쯔 & 초코칩미니 콤보 대용량 12팩,,,,,
[콜린스 다이닝] 투움바 파스타,,,,,
[비타바움] 비타민B12  + V - Complex8 (7일/12일/30일) 3종 (택1),,,,,
"자연애찬 반숙이, 30구, 1개 15,890원 (1구당 530원) 내일(일) 새벽 도착 보장 4.5 (25799) 최대 795원 적립",,,,,
"무료배송 [국내산] (편스토랑 쑥가루) 건강한 쑥을 말려 갈아 만든 100% 국산 해풍 쑥가루, 1개, 150g 27,900원 (100g당 18,600원) 2/11(수) 도착 예정 4.5 (5) 최대 1,395원 적립",,,,,
[효탄] 유자레몬 연어 그라브락스 150g (냉장),,,,,
"두보식품 바른곡물 병아리콩, 2kg, 1개 18%9,800원 7,980원 (100g당 399원) 내일(일) 도착 보장 5 (16448) 최대 399원 적립",,,,,
[26년 설] [CU 픽업] 로얄살루트21년700ml,,,,,
[영산홍어] 국산 홍어회 날개살 100g,,,,,
"대구농산 황금비율의 간편한 조리 영양 9곡, 4kg, 1개 33%14,900원 9,900원 (100g당 248원) 내일(일) 도착 보장 4.5 (4735) 최대 495원 적립",,,,,
[도시곳간] 참깨오이무침,,,,,
[전통주] 영덕주조 도원결의 (15도 360mL),,,,,
[CU 픽업] 돈훌리오블랑코750ml,,,,,
[에미] 퐁듀 오리지널 420g,,,,,
"귤탐 당도선별 11brix 하우스감귤, 1.2kg(꼬마과), 1개 11,870원 (100g당 989원) 내일(일) 새벽 도착 보장 4.5 (232994) 최대 594원 적립",,,,,
"조인 국내산 100% 계란 살균 난백액 1kg, 100구, 1개 8,990원 (1구당 90원) 내일(일) 새벽 도착 보장 4.5 (98) 최대 450원 적립",,,,,
[자연애찬] 새싹보리 동물복지 유정란 20구,,,,,
7일 담미 친들미 8kg,,,,,
"롯데제로 초콜릿 칩 쿠키 12p, 168g, 2개 24%11,200원 8,500원 (10g당 253원) 내일(일) 도착 보장 4.5 (12888) 최대 425원 적립",,,,,
"폰타나 시칠리아 페페론치노 아라비아따 파스타 토마토소스, 1.5kg, 1개 47%18,970원 10,000원 (100g당 667원) 내일(일) 도착 보장 5 (3388) 최대 500원 적립",,,,,
"무료배송 [농협양곡] 찰기만점 당일도정 안동 백진주쌀, 1개, 10kg, 등 외 할인30%60,000원 41,790원 (100g당 418원) 2/11(수) 도착 예정 4.5 (366) 최대 2,090원 적립",,,,,
[하리보] 메가파티 멀티팩 250g,,,,,
"싱하 소다워터 탄산수, 325ml, 24개 9%21,000원 19,000원 (100ml당 244원) 내일(일) 도착 보장 5 (22625) 최대 950원 적립",,,,,
"자몽, 3kg, 1개 14,690원 (100g당 490원) 내일(일) 새벽 도착 보장 4.5 (8308) 최대 685원 적립",,,,,
"무료배송 야채삼촌 전라도 흙쪽파 1단 (1kg 내외), 1kg, 1개 쿠폰할인1%10,000원 9,900원 (100g당 990원) 2/11(수) 도착 예정 4.5 (2644) 최대 495원 적립",,,,,
[YOZM] 플레인그릭요거트 100g,,,,,
상추&깻잎 간편쌈 120g,,,,,
[대익차] 보이차 소금타 (3g X 20개),,,,,
[수산곳간] 국산 참진미 오징어 100g,,,,,
"건강곡간 영광 찰보리, 1kg, 1개 30%8,550원 5,980원 (100g당 598원) 내일(일) 도착 보장 5 (2668) 최대 299원 적립",,,,,
[다즐샵] 토핑 듬뿍 마요 덮밥 3종 (택1),,,,,
"무료배송 여수 나래식품 진미채볶음 300g 밑반찬 마른반찬, 1개 할인24%19,000원 14,300원 (100g당 4,767원) 2/10(화) 도착 예정 4.5 (1235) 최대 715원 적립",,,,,
[성경김] 녹차 도시락김 4g X 12봉,,,,,
"포미 토마토 소스, 500g, 3개 8,300원 (100g당 553원) 내일(일) 도착 보장 5 (2589) 최대 415원 적립",,,,,
[선물세트] 김정환홍삼 6년근 홍삼 정과 +(쇼핑백 증정),,,,,
13brix이상 못생겨도 맛있는 사과1.3kg,,,,,
[대흥] 데친 문어 슬라이스 100g (냉장),,,,,
[CU 픽업] 파머스립패더웨이쉬라,,,,,
"비셰프 바닐라향시럽, 500ml, 1개 6,450원 (100ml당 1,290원) 내일(일) 도착 보장 4.5 (9993) 최대 323원 적립",,,,,
[올가] 유기농 맑은 옥수수차 (10g X 15개),,,,,
[CU 픽업] 마시깜포17,,,,,
[자임] 100% 깔라만시,,,,,
[선물세트] 오넛티 100% 땅콩버터 2구 세트,,,,,
"한성기업 런천미트, 200g, 10개 10,500원 (10g당 53원) 내일(일) 도착 보장 4.5 (29303) 최대 525원 적립",,,,,
[풀무원] 반듯한식 나주식 수육곰탕,,,,,
[일상味소] 국내산 소고기 칼집 갈비살 200g,,,,,
"농협식품 쌀부침가루, 450g, 1개 3,700원 (100g당 822원) 내일(일) 도착 보장 5 (6549) 최대 185원 적립",,,,,
"무료배송 빙그레 더단백 드링크 6종 기획(초코 카라멜 커피 딸기 바나나 멜론) 총 18개, 250ml 할인12%29,900원 26,060원 (10ml당 1,042원) 2/10(화) 도착 예정 5 (316) 최대 1,303원 적립",,,,,
[다이센] 밀크 아이스 바 4종 (택1),,,,,
[벨지오이오소] 파마산 스낵팩 170g,,,,,
"호주산 소고기 샤브샤브용 (냉동), 1개, 500g 11,500원 (100g당 2,300원) 내일(일) 새벽 도착 보장 4.5 (19879) 최대 575원 적립",,,,,
"무료배송 [25년햅쌀][명가미곡]지리산메뚜기쌀 백미20kg/상등급/당일도정/판매자직도정, 20000g, 1개 65,900원 (100g당 330원) 2/11(수) 도착 예정 4.5 (1334) 최대 3,295원 적립",,,,,
[CU 픽업] 랑메일까베르네소비뇽,,,,,
[일본 디저트 여행] 시아와세도 믹스모나카 (16g X 12개입),,,,,
"밀크 우유케이크 개별포장 카스테라 + 버터비스킷 2개, 1개, 1260g 할인36%23,000원 14,670원 (10g당 116원) 내일(일) 도착 보장 4.5 (1067) 최대 734원 적립",,,,,
[그린너트] 구운 피칸 300g,,,,,
"곰곰 저칼로리 스위트칠리 소스, 280g, 2개 4,130원 (100g당 738원) 내일(일) 새벽 도착 보장 5 (607) 최대 206원 적립",,,,,
[차려낸] 바삭한 국내산 안심 치킨텐더,,,,,
"[티젠] 애플 사이다 비니거 2종(10개입, 30개입)",,,,,
"오뚜기 연겨자, 100g, 1개 4%3,380원 3,220원 (10g당 322원) 내일(일) 새벽 도착 보장 5 (996) 최대 161원 적립",,,,,
[선물세트] 전통주 인산농장 월고해 (42도 500mL),,,,,
[CU 픽업] 도멘슐룸베르거,,,,,
혼합 15곡 500g,,,,,
[PPUL] 1++(9) 한우 큐브 갈비살 200g,,,,,
[교동한과] 한들영양바 (20g X 6개),,,,,
[르갈] 브르타뉴 크림치즈 150g 3종,,,,,
[선물세트] 몽슈슈 쿠키샌드 3종 세트 420g,,,,,
[기꼬만] 폰즈 유즈카,,,,,
"남해 친환경 시금치, 300g, 1개 5,980원 (100g당 1,993원) 내일(일) 새벽 도착 보장 4.5 (3402) 최대 299원 적립",,,,,
[매일] 얼려먹는 아이스주스 귤&배 (85mL X 6개),,,,,
[부산어포] 한입 부산어포 6종 (택1),,,,,
[Sea To Table] 캐나다산 대게 섹션 1마리 280g (냉동),,,,,
[닥터넛츠] 프리미엄골드 견과 280g (28gX10봉),,,,,
[피코크] 조선호텔 배추김치 4kg,,,,,
[채선당] 밀푀유나베,,,,,
[크라운] 인기스낵 모음 12팩,,,,,
[유기샘] 오븐에 구운 국산 해남 호박씨 90g,,,,,
[모노키친] 통통 고구마치즈돈까스,,,,,
[세노비스] 멀티비타민 미네랄구미 (60일분),,,,,
[BNR17] 비에날씬 플러스 100억 다이어트유산균 (20일분) + 보냉백 증정,,,,,
[롯데] 몽쉘 딸기 생크림 케이크 408g,,,,,
[CU 픽업] 음스탠다드 12본입,,,,,
"콜리오스 페타, 150g, 1개입, 1개 7,310원 (10g당 487원) 내일(일) 새벽 도착 보장 5 (888) 최대 329원 적립",,,,,
"삼립 미각제빵소 초코소라빵, 90g, 1개입, 2개 2,980원 (10g당 166원) 내일(일) 새벽 도착 보장 5 (5334) 최대 149원 적립",,,,,
"오타후쿠 오코믹스 소프트 파우더, 1kg, 1개 쿠폰할인6%7,480원 7,000원 (100g당 700원) 내일(일) 도착 보장 5 (2015) 최대 350원 적립",,,,,
"남양 아인슈타인 첫우유, 900ml, 2개 6,630원 (100ml당 368원) 내일(일) 새벽 도착 보장 5 (4776) 최대 331원 적립",,,,,
[한국맥꾸룸] 맥찹쌀 고추장 2종  (국산 고춧가루),,,,,
[CU 픽업] 오후쿠죠센혼죠조,,,,,
"담터 꿀유자차A + 꿀레몬차, 1kg, 1세트, 1개입, 1kg 13,940원 (10g당 139원) 내일(일) 도착 보장 4.5 (269) 최대 697원 적립",,,,,
[허쉬] 초코시럽 623g,,,,,
[풀무원] 특등급 국산콩 무농약 콩나물 340g,,,,,
[Kiri] 끼리 딥앤크런치 플레인 (35g X 4입),,,,,
[온더고] 간편 미식 파스타 3종 (택1),,,,,
[비비고] 소고기 장조림,,,,,
[광동생활건강] 리프레C 메가 비타민3000 (90포),,,,,
"청정원 프리미엄 굴소스, 500g, 3개 11,010원 (100g당 734원) 내일(일) 도착 보장 5 (111284) 최대 550원 적립",,,,,
"자연지애 볶은 우엉차, 100g, 1개입, 1개 7,900원 (10g당 790원) 내일(일) 도착 보장 4.5 (9132) 최대 395원 적립",,,,,
[오리온] 초코파이 말차쇼콜라 408g,,,,,
"오뚜기3분 쇠고기카레, 200g, 10개 40%18,800원 11,200원 (100g당 560원) 내일(일) 도착 보장 5 (26981) 최대 560원 적립",,,,,
"퀸센스 멀티 파티웍, 32cm, 1개 쿠폰할인44%34,700원 19,200원 (1개당 19,200원) 내일(월) 도착 보장 4.5 (766) 최대 960원 적립",,,,,
"햇반 백미밥 작은 공기, 130g, 36개 47%54,000원 28,510원 (100g당 609원) 내일(일) 도착 보장 5 (79553) 최대 1,425원 적립",,,,,
[KF365] 통가슴살 훈제오리 스테이크 450g,,,,,
"[선물세트] 전통주 느린마을 빙주기세트 (12도, 700ml, 빙주기1입, 잔2입)",,,,,
[풀무원] 식물성 지구식단 표고야채 한식교자 400g X 2입,,,,,
[푸드올로지] 애사비 크리스피 20포 3종 (택1),,,,,
[오뚜기] 토마토 케찹 2종 (택1),,,,,
"미즈칸 농축 쯔유, 500ml, 1개 5,070원 (100ml당 1,014원) 내일(일) 새벽 도착 보장 5 (2393) 최대 254원 적립",,,,,
[미트빌] 미국산 소고기 초이스 본갈비살250g (냉장),,,,,
[청오] 든든한 한끼 2종,,,,,
"무료배송 펩시 제로슈거 라임향, 500ml, 12개 할인6%11,500원 10,800원 (100ml당 180원) 2/10(화) 도착 예정 5 (98195) 최대 540원 적립",,,,,
[라빈리커픽업] 샤또 위스퍼링 엔젤 로제 (와인),,,,,
"햇반 백미밥, 210g, 12개 18%15,800원 12,900원 (100g당 512원) 내일(일) 새벽 도착 보장 5 (15161) 최대 645원 적립",,,,,
"프레시히어로 상큼 홈카페 딸기 퓨레 (냉동), 200g, 1개 3,980원 (100g당 1,990원) 내일(일) 새벽 도착 보장 4.5 (914) 최대 199원 적립",,,,,
[이호] 큼직한 절단 동태 1.3kg (냉동),,,,,
"풀무원 국산콩두부 부침용, 210g, 1개 3,200원 (100g당 1,524원) 내일(일) 새벽 도착 보장 5 (236) 최대 160원 적립",,,,,
[선물세트] 닥터뉴트리 멀티비타 이뮨샷 (14일분),,,,,
"국내산 얼갈이, 1kg, 1개 6,000원 (100g당 600원) 내일(일) 새벽 도착 보장 4.5 (29762) 최대 300원 적립",,,,,
[롯데] 프리미엄 가나 쇼콜라 립파이 132g,,,,,
[슈퍼키친] 김치베이컨그라탕,,,,,
"친환경 흰색 만가닥 버섯, 150g, 1개 1,990원 (100g당 1,327원) 내일(일) 새벽 도착 보장 5 (4907) 최대 100원 적립",,,,,
[오르랔베이커리] 랔낭시에 4종 (2개) (택1),,,,,
[Kurly's] 1++ 한우 안창살 구이용 250g (냉장),,,,,
[CU 픽업] 운드라가 테루아 헌터 쉬라,,,,,
[조선호텔] 꿔바로우 450g,,,,,
[근대골목단팥빵] 슈크림 단팥빵 (115g X 5개),,,,,
[CU 픽업] 토마틴 레거시,,,,,
[CU 픽업] 샴페인호스톰트레디션,,,,,
[백설] 찹쌀호떡 믹스,,,,,
"무료배송 [오픈초특가] 제주직송 프리미엄 천혜향 초고당도 16brix 꿀브릭스 천혜향 판매 초신선 갓수확 천혜향 제주농장 직송, 1박스, 제주 천혜향 로얄과2kg 쿠폰할인45%29,000원 15,900원 (100g당 795원) 2/12(목) 도착 예정 5 (104) 최대 795원 적립",,,,,
[인텔리젠시아 X Kurly] Rise at Dawn Bright 콜드브루 300mL,,,,,
"오뚜기3분 카레 약간매운맛, 200g, 5개 6,450원 (100g당 645원) 내일(일) 도착 보장 5 (48332) 최대 323원 적립",,,,,
[네이처스웨이] 비타구미 마그네슘 (40일분),,,,,
[유가원]유기농 껍질채 구운 캐슈넛,,,,,
[선물세트][라빈리커픽업] 전통주 중원당 청명주 백자 도자기 세트 (17도 500mL),,,,,
[히말라야] 숙취해소 파티스마트 소프트 츄 2개입,,,,,
[양수면옥] 한우탕,,,,,
"오뚜기프레스코 까르보나라 파스타소스, 360g, 2개 26%11,360원 8,400원 (100g당 1,167원) 내일(일) 도착 보장 4.5 (5144) 최대 420원 적립",,,,,
[제주애월아빠들] 아침소리 토종유정란 10구,,,,,
"해태제과 에이스 씬 에스프레소맛, 291g, 3개 9,210원 (10g당 105원) 내일(일) 도착 보장 4.5 (9595) 최대 414원 적립",,,,,
[서울마님] 누드 빙수떡 160g,,,,,
[시루조아] 쌀카스테라 호박 인절미 500g,,,,,
"롯데자일리톨 알파 오리지날, 102g, 2개 7,810원 (10g당 383원) 내일(일) 도착 보장 5 (59547) 최대 390원 적립",,,,,
"요플레 닥터캡슐 프로텍트 베리믹스, 130ml, 8개입, 1개 5%8,880원 8,350원 (10ml당 80원) 내일(일) 새벽 도착 보장 5 (10005) 최대 418원 적립",,,,,
유러피안 쌈채소 모둠 200g,,,,,
[풀무원] 쌀 국물떡볶이 2인분,,,,,
[비비고] 직화 토종김 들기름 12봉,,,,,
"국내산 깐쪽파, 200g, 2개 7,440원 (100g당 1,860원) 내일(일) 새벽 도착 보장 4.5 (68064) 최대 372원 적립",,,,,
"무료배송 [판매1위!!!] 피스타치오 무염 탈각 피스타치오 구운 피스타치오 견과류 피스타치오 분태 두바이 쫀득쿠키 재료 포장 랜덤 증정, 1개, 250g 할인25%39,800원 29,800원 (100g당 11,920원) 2/23 도착 예정 5 (20) 최대 1,490원 적립",,,,,
[아우어베이커리] 빨미까레 90g,,,,,
유기농 잡곡 백태 500g,,,,,
"쉐프엠 젤리블리 애플망고, 60g, 20개입, 1박스 13,290원 (10g당 111원) 내일(일) 새벽 도착 보장 5 (16052) 최대 665원 적립",,,,,
[비비고] 남도식 포기 배추김치 2.6kg,,,,,
[모모스커피] 콜드브루 원액 500mL 3종 (택1),,,,,
[오르랔베이커리] 랔낭시에 선물세트 (5개입),,,,,
"국내산 돌나물, 150g, 1개 1,650원 (100g당 1,100원) 내일(일) 새벽 도착 보장 4.5 (8186) 최대 83원 적립",,,,,
[락티브] 베베&키즈 우리아이 DHA 오메가3 (15일분),,,,,
[빙그레] 뽕따 소다맛 (130mL X 5개),,,,,
[귤로장생] 당도선별 한라봉 2kg(6~8입),,,,,
[둥구나무] 가문어(오족) 꽈리고추조림,,,,,
[닥터메타] 프리미엄 판토네신 (30일분),,,,,
"동원 양반 구운김밥김, 22g, 1개 14%3,480원 2,980원 (10g당 1,355원) 내일(일) 도착 보장 4.5 (4976) 최대 149원 적립",,,,,
[에디션덴마크]버라이어티 드립백(11g X 6개),,,,,
"양반 들기름김, 4.5g, 20개 49%15,990원 8,050원 (10g당 894원) 내일(일) 새벽 도착 보장 5 (24514) 최대 403원 적립",,,,,
[디어패밀리] 프로폴리스 리퀴드 (30일분),,,,,
[바르다 김선생] 시그니처 주먹밥 2종,,,,,
[마루코메] 쿤고시 미소,,,,,
"곰곰 미국산 레몬, 2kg, 1개 11,630원 (100g당 582원) 내일(일) 새벽 도착 보장 4.5 (48021) 최대 581원 적립",,,,,
[압구정주꾸미] 마라 주꾸미 볶음 300g (냉동),,,,,
"미에로화이바, 100ml, 20개 48%20,000원 10,300원 (100ml당 515원) 내일(일) 도착 보장 5 (30064) 최대 515원 적립",,,,,
[비비드키친] 저칼로리 데리야끼소스,,,,,
"오뚜기 고소한 골드 마요네스, 500g, 1개 5,110원 (100g당 1,022원) 내일(일) 도착 보장 5 (159217) 최대 255원 적립",,,,,
"무료배송 [특가행사] 아삭하고 달콤한 수분과 꿀 품은 국내산 흙당근, 1박스, 2kg 중 쿠폰할인46%26,640원 14,370원 (100g당 719원) 2/10(화) 도착 예정 4.5 (72) 최대 719원 적립",,,,,
[Kurly's] 동물복지 닭 다리살 500g,,,,,
[마이셰프] 고소한 버터 명란 솥밥,,,,,
[아그리폼] 그라나 파다노 그라인더,,,,,
[메종드조에] 마카롱 선물세트 198g,,,,,
[코젤다크] 논알콜 (500mL X 4캔),,,,,
[만다복] 가마솥에서 끓인 정통 동파육,,,,,
[몽크슈] 액상 알룰로스 530g,,,,,
[전통주] 솔티마을 오롯이 딸기 스파클링와인 라이트 (4.5도 330mL),,,,,
"오리온 돌아온 태양의 맛 썬, 273g, 2개 8,440원 (10g당 155원) 내일(일) 도착 보장 5 (34408) 최대 422원 적립",,,,,
냉동 아스파라거스 250g,,,,,
"무료배송 햇살담은 장아찌 간장소스, 1.7L, 1개 할인71%19,990원 5,750원 (100ml당 338원) 2/10(화) 도착 예정 5 (21177) 최대 288원 적립",,,,,
"종근당건강 알티지 오메가3 듀얼, 60정, 3개 22%38,700원 29,820원 (1정당 166원) 내일(일) 도착 보장 5 (108771) 최대 1,491원 적립",,,,,
"무료배송 산지직송 국내산 가정용 햇 단감, 1박스, 랜덤과 10kg 23,800원 (100g당 238원) 2/21 도착 예정 4 (170) 최대 1,190원 적립",,,,,
[RARE : 레어] 1++(8) 한우 아이본 스테이크 300g,,,,,
[야마끼] 하나 가쓰오부시 10포,,,,,
[6다이닝] 이베리코 세크리토벨리 구이용 250g,,,,,
[벤슨] 다크 초콜릿 프레첼 아이스크림 파인트 474mL,,,,,
"foodi 큐민 분말, 100g, 1개 6,000원 (10g당 600원) 내일(일) 도착 보장 5 (1048) 최대 300원 적립",,,,,
[CU 픽업] 에델바이스500ml*24캔,,,,,
"게토레이 제로, 1.5L, 12개 19,950원 (100ml당 111원) 내일(일) 도착 보장 5 (822) 최대 998원 적립",,,,,
"폰타나 나폴리 저당 토마토 파스타소스, 600g, 1개 47%10,480원 5,480원 (100g당 913원) 내일(일) 새벽 도착 보장 5 (50) 최대 274원 적립",,,,,
[면사랑] 간편 크림 파스타 2종 (택1),,,,,
"골든잇츠 유기농 퀵 오트밀, 1kg, 1개 13,860원 (100g당 1,386원) 내일(일) 도착 보장 5 (1270) 최대 693원 적립",,,,,
"셰프초이스 양념돼지갈비 (냉장), 1kg, 1개 8%23,990원 21,900원 (100g당 2,190원) 내일(일) 새벽 도착 보장 4.5 (38448) 최대 950원 적립",,,,,
"풀무원다논 하루 요거트 컵 딸기, 80g, 16개입, 1개 7,180원 (10g당 56원) 내일(일) 새벽 도착 보장 5 (28158) 최대 359원 적립",,,,,
"무료배송 마포 끄티집 돼지왕구이 1.2kg+1.2kg (총 2.4kg) 노포 양념구이 돼지갈비 맛 왕돼지구이 술안주 캠핑음식, 1.2kg, 2개 할인32%25,900원 17,410원 (100g당 725원) 2/13(금) 도착 예정 4 (2365) 최대 870원 적립",,,,,
"삼호어묵 안심 부산어묵 얇은사각, 200g, 2개 16%4,680원 3,900원 (100g당 975원) 내일(일) 새벽 도착 보장 5 (3265) 최대 195원 적립",,,,,
"무료배송 원하프박카스D100mlX10/동아총알배송, 100ml, 50개 36,500원 (100ml당 730원) 2/11(수) 도착 예정 5 (26923) 최대 1,825원 적립",,,,,
[마마리] 나주식 한우 곰탕,,,,,
한돈 별미 부위 모음 6종 (택1),,,,,
[스타벅스] 다크 로스트 아메리카노 파우더 스틱 3종 (택1),,,,,
[선물세트] 군산 이성당 소프트붓세 2종 (6개입) (택1),,,,,
"해오름 고운 고춧가루 매운맛, 1kg, 1개 16,000원 (100g당 1,600원) 내일(일) 도착 보장 4.5 (6356) 최대 800원 적립",,,,,
"무료배송 2025년산 쌀가족 귀한밥상 경기미 10kg 햅쌀 당일도정, 1개, 상등급 쿠폰할인44%60,000원 33,200원 (100g당 332원) 2/10(화) 도착 예정 4.5 (3532) 최대 1,660원 적립",,,,,
[낫띵베럴] 푸룬주스 푸푸룬 340ml 3개입,,,,,
"아르도 유기가공식품인증 수프채소믹스 (냉동), 600g, 1봉 5,000원 (100g당 833원) 내일(일) 새벽 도착 보장 5 (3256) 최대 250원 적립",,,,,
[쟈뎅] 시그니처 로얄 헤이즐넛 파우치 (230mL X 10포),,,,,
[녹색한우] 무항생제 1+ 한우 부채살 구이용 200g (냉장),,,,,
"스팸 클래식, 200g, 6개 47%32,960원 17,160원 (10g당 143원) 내일(일) 새벽 도착 보장 5 (6488) 최대 858원 적립",,,,,
"광천김 소문난 김가루, 70g, 1개 16%4,000원 3,350원 (10g당 479원) 내일(일) 도착 보장 4.5 (8882) 최대 168원 적립",,,,,
[조인] 동물복지 백색 유정 초란 10구,,,,,
"조인 동물복지 유정란, 20구, 1개 9,590원 (1구당 480원) 내일(일) 새벽 도착 보장 4.5 (29954) 최대 480원 적립",,,,,
[투시] 프루티 믹스 300g,,,,,
[집반찬연구소KIDS] 호두 멸치볶음 80g,,,,,
파로혼합7곡 1.2KG,,,,,
[베키아에누보] 루꼴라 발사믹 햄치즈 치아바타 샌드위치 (3입),,,,,
[누트라코스] 데일리 아미노샷 1박스 (15ml x 7포),,,,,
[FELT] 블렌드 원두 200g 3종 (택1),,,,,
"건강곡간 치아씨드 통, 250g, 1개 5,980원 (100g당 2,392원) 내일(일) 도착 보장 5 (1723) 최대 299원 적립",,,,,
"오랩 계란대신 요리란 난백, 500g, 2개 9,890원 (100g당 989원) 내일(일) 새벽 도착 보장 5 (3304) 최대 495원 적립",,,,,
"티젠 캐모마일, 1g, 20개입, 1개 4,100원 (10g당 2,050원) 내일(일) 새벽 도착 보장 새 상품, 반품 (2) 5 (160) 최대 205원 적립",,,,,
[리틀 차이나] 삼선 짬뽕 2인분,,,,,
"무료배송 매일유업 매일두유 99.9, 950ml, 6개 16,900원 (100ml당 296원) 2/10(화) 도착 예정 5 (35309) 최대 845원 적립",,,,,
[르까도드마비] 치즈푸울 케이크 240g,,,,,
마늘 튀김 슬라이스 100g,,,,,
[청정원] 고소한 해물 굴소스 250g,,,,,
"농심 안성탕면 125g, 10개 쿠폰할인10%7,360원 6,620원 (1개당 662원) 내일(일) 새벽 도착 보장 5 (38741) 최대 331원 적립",,,,,
[락피도] 멀티비타민 면역업 (30일분),,,,,
[전통주] 안동소주 일품 3종 (택1) (350mL),,,,,
"스프라이트 킨사이다, 355ml, 24개 9%14,900원 13,520원 (100ml당 159원) 내일(일) 도착 보장 5 (10812) 최대 676원 적립",,,,,
"풀무원 유기농 인증 미니 순두부, 200g, 2개 1,900원 (100g당 475원) 내일(일) 새벽 도착 보장 5 (2666) 최대 95원 적립",,,,,
"다향 1등급 훈제오리, 300g, 2개 할인10%13,440원 12,000원 (100g당 2,000원) 내일(일) 새벽 도착 보장 5 (251201) 최대 597원 적립",,,,,
"느린부엌 식혜, 1L, 3개 10,800원 (100ml당 360원) 내일(일) 새벽 도착 보장 5 (120033) 최대 399원 적립",,,,,
[정미소] 렌틸콩 듬뿍 혼합곡 1.8kg,,,,,
"레커컷 호주산 소고기 모듬구이용 안창살 + 토시살 + 차돌양지 + 부채살 세트 (냉동), 800g, 1세트 28%44,900원 31,900원 (100g당 3,988원) 내일(일) 새벽 도착 보장 4.5 (284) 최대 1,595원 적립",,,,,
[일상味소] 국내산 소고기 차돌박이 150g~ (냉동),,,,,
[호랑원] 정읍쌍화차 10개입,,,,,
"친환경 흰색 만가닥 버섯, 150g, 1개 1,990원 (100g당 1,327원) 내일(일) 새벽 도착 보장 5 (4906) 최대 100원 적립",,,,,
[몸애수호] 멀티비타민(아연) (15일분),,,,,
"크라운산도 크림, 161g, 3개 22%7,200원 5,550원 (10g당 115원) 내일(일) 도착 보장 4.5 (7451) 최대 278원 적립",,,,,
"유기농 어린잎 채소믹스, 50g, 1개, 50g 1,990원 (100g당 3,980원) 내일(일) 새벽 도착 보장 5 (13370) 최대 100원 적립",,,,,
참두릅 2종,,,,,
"검정영양혼합 6곡, 4kg, 1개 16%23,900원 19,900원 (100g당 498원) 내일(일) 도착 보장 4.5 (6688) 최대 995원 적립",,,,,
"친환경 인증 프리미엄 시금치, 200g, 1개 3,840원 (100g당 1,920원) 내일(일) 새벽 도착 보장 5 (155) 최대 192원 적립",,,,,
[하린이네주꾸미] 왕주꾸미 볶음밥,,,,,
[덴프스] 마그네슘 솔루션 (30일분),,,,,
"생물 백합조개, 1개, 600g 4,780원 (100g당 797원) 내일(일) 새벽 도착 보장 4.5 (2361) 최대 239원 적립",,,,,
[티아시아] 베트남 월남쌈 200g,,,,,
[넛츠앤베리스] 캘리포니아 듀얼믹스 호두 아몬드 450g,,,,,
[6다이닝] 이베리코 플루마 구이용 250g,,,,,
[CU 픽업] 칵번파인화이트하이츠,,,,,
[CU 픽업] 미야사카미야마니시키,,,,,
[CU 픽업] 랑메일밸리플로우쉬라,,,,,
"카수가이 구로 아메 흑설탕 사탕, 129g, 2개 쿠폰할인5%4,140원 3,930원 (10g당 152원) 내일(일) 도착 보장 5 (10506) 최대 196원 적립",,,,,
"무료배송 [설날맞이특가] 프리미엄 반건시 상주곶감 선물세트, 1박스, 400g 쿠폰할인55%27,000원 12,000원 (100g당 1,200원) 2/11(수) 도착 예정 5 (26) 최대 600원 적립",,,,,
[비담] 허니스틱 50개입 2종 (택1),,,,,
"두번 구운 김밥김 10p, 25g, 2개 36%8,000원 5,120원 (10g당 1,024원) 내일(일) 도착 보장 5 (23058) 최대 256원 적립",,,,,
"허쉬 오리지널 핫초코분말, 450g, 1개입, 1개 11%8,500원 7,510원 (10g당 167원) 내일(일) 새벽 도착 보장 5 (238) 최대 375원 적립",,,,,
[대상웰라이프] 마이밀 마시는 뉴프로틴 오리지널 16팩,,,,,
"순작 모과 유자차 티백, 800mg, 40개입, 3개 25%20,970원 15,550원 (10g당 1,620원) 내일(일) 도착 보장 4.5 (2812) 최대 778원 적립",,,,,
"무료배송 보넬드 아이엠 토마토주스 100% NFC 착즙주스, 3개, 1L 40%30,000원 18,000원 (100ml당 600원) 2/12(목) 도착 예정 4.5 (605) 최대 900원 적립",,,,,
[경주미정당] 눈감고도뚝딱 가래떡 쌀떡볶이,,,,,
[브로드카세] 저당 통밀 플랫브레드 2종 (택1),,,,,
[키도] 크리미 버터 크래커 샌드위치 210g,,,,,
[비비고] 플랜테이블 김치왕교자 만두 1.05kg,,,,,
[브로드카세] 72시간 저당 올리브 푸가스 330g,,,,,
[라빈리커픽업][뱅베 내추럴특가] 앤더스 프레드릭 스틴 아이 홉 에브리데이 21 (와인),,,,,
[군산 이성당] 현미 쌀찐빵 (100g X 4개입),,,,,
[와인앤모어픽업]언쉐클드 레드 블렌드 ((와인)),,,,,
[비비고] 설렁탕 500g,,,,,
[풀무원] 특제 대파 간장 나또 8개입,,,,,
"곰곰 캐모마일, 50개입, 1개, 1.5g 10%11,000원 9,850원 (10g당 1,313원) 내일(일) 도착 보장 새 상품, 반품-미개봉 (2) 최저9,850원 4.5 (14809) 최대 493원 적립",,,,,
"무료배송 바다더해 홍새우살 1kg 100/200 냉동새우살 냉동 새우 볶음밥 깐새우살, 1개 14%17,500원 15,000원 (100g당 1,500원) 2/10(화) 도착 예정 4 (201) 최대 750원 적립",,,,,
"국내산 카레용 손질채소, 300g, 2개 6,940원 (100g당 1,157원) 내일(일) 새벽 도착 보장 5 (1985) 최대 347원 적립",,,,,
[전통주] 포천일동 담은 블랙막걸리 (6.5도 750mL),,,,,
[명인만두] 김치만두 (2개입),,,,,
"하림 IFF 한입쏙 닭안심 불고기맛 (냉동), 800g, 1개 31%12,990원 8,960원 (100g당 1,120원) 내일(일) 새벽 도착 보장 5 (1006) 최대 448원 적립",,,,,
[상하목장] 저온살균 무항생제인증 우유 900ML,,,,,
"해찬들 태양초 우리쌀 고추장, 500g, 1개 61%12,990원 5,000원 (100g당 1,000원) 내일(일) 새벽 도착 보장 5 (486) 최대 250원 적립",,,,,
[선물세트][라빈리커픽업] 전통주 전주이강주 연화주자 (25도 1000mL),,,,,
[오뚜기] 오뚜기밥 큰밥 (300gX4),,,,,
"치토스 매콤달콤한맛, 82g, 4개 20%6,000원 4,800원 (10g당 146원) 내일(일) 도착 보장 5 (21397) 최대 240원 적립",,,,,
"오리온 오뜨 쇼콜라 앤 치즈 기획 세트, 쇼콜라(12P) + 치즈(12P), 1세트 6%12,000원 11,200원 (1세트당 11,200원) 내일(일) 도착 보장 5 (19220) 최대 560원 적립",,,,,
[선물세트] 호두 곶감 세트 20입,,,,,
[사우 타오] 중화식 에그누들 면,,,,,
[라빈리커픽업][말띠 에디션] 말말 모스카토 N/V (와인),,,,,
[대상웰라이프] 뉴케어 올프로틴 41g 고함량 단백질 초코맛 18팩,,,,,
"참 고기엔 참소스, 300g, 3개 쿠폰할인8%5,050원 4,600원 (100g당 511원) 내일(일) 도착 보장 5 (103803) 최대 230원 적립",,,,,
[켈로그] 오곡 첵스초코 마시멜로 400g,,,,,
"백설 햄스빌 굿베이컨, 75g, 1개 12%2,280원 2,000원 (10g당 267원) 내일(일) 새벽 도착 보장 5 (56990) 최대 100원 적립",,,,,
"곰곰 스테비아 대추방울토마토 망고향, 1개, 1kg 10,480원 (100g당 1,048원) 내일(일) 새벽 도착 보장 4.5 (5617) 최대 524원 적립",,,,,
[휘태커스] 미니슬랩 코코넛 밀크초콜릿 180g,,,,,
[태우한우] 1+ 한우 등심/안심/채끝 골라담기 3종,,,,,
"가나 다진마늘 페트병, 450g, 1개 7,180원 (10g당 160원) 내일(일) 새벽 도착 보장 5 (700) 최대 359원 적립",,,,,
[선물세트] 제주 옥돔 세트 1kg,,,,,
[트루시트러스] 트루 크리스탈 100포 레몬/라임/자몽 (택1),,,,,
[두보식품] 추억의 뻥튀기 과자 4종 (택1),,,,,
[매일] 소화가 잘 되는 우유 초콜릿 (190mL X 6팩),,,,,
[바다숲] 생감태 5매,,,,,
"움트리 프리미엄 강겨자, 410g, 1개 5,160원 (10g당 126원) 내일(일) 도착 보장 4.5 (6152) 최대 258원 적립",,,,,
[아리울떡공방] 굳지않는 땅콩가래떡 350g (지퍼백),,,,,
[스마일찬] 오이지무침,,,,,
"스윗토 스테비아 새콤 달콤한 대추방울토마토, 750g, 1팩 8,390원 (100g당 1,119원) 내일(일) 새벽 도착 보장 4.5 (267496) 최대 420원 적립",,,,,
"동광한방몰 특품 감초, 600g, 1개 6,990원 (10g당 117원) 내일(일) 도착 보장 4.5 (963) 최대 350원 적립",,,,,
"풀무원 소가 안심콩나물, 300g, 1개 1,400원 (100g당 467원) 내일(일) 새벽 도착 보장 5 (1456) 최대 70원 적립",,,,,
[쌍계명차] 클래식 티박스 선물세트,,,,,
"미니 새송이버섯, 300g, 1개 1,390원 (100g당 463원) 내일(일) 새벽 도착 보장 5 (8987) 최대 70원 적립",,,,,
"곰곰 타이벡 설향 딸기(대과), 500g, 1개 12,990원 (100g당 2,598원) 내일(일) 새벽 도착 보장 4.5 (44) 최대 650원 적립",,,,,
[선물세트][전통주] 제이엘 오미나라 고운달 오크 52도 200mL 오크통 숙성,,,,,
"무료배송 샘표 진간장 금F3, 2.2L, 1개 11,500원 (100ml당 523원) 2/10(화) 도착 예정 5 (398) 최대 575원 적립",,,,,
[CU 픽업] 코하소비뇽블랑,,,,,
[코우지셰프] 이지카야 스지오뎅탕,,,,,
"폰타나 엑스트라 버진 올리브유 마라스카, 500ml, 1개 35%22,540원 14,590원 (100ml당 2,918원) 내일(일) 새벽 도착 보장 5 (9274) 최대 730원 적립",,,,,
"무료배송 커클랜드 유기농 엑스트라버진 올리브유 2L 저온압착 코스트코, 1개 32,800원 (100ml당 1,640원) 2/11(수) 도착 예정 5 (193) 최대 1,640원 적립",,,,,
[하이포크] 한돈 급냉 바로구이 설하살 300g (냉동),,,,,
[목포 씨엘비베이커리] 미니 바게트 2종 (택1),,,,,
"오뚜기 과일과 야채 케찹, 475g, 1개 3,210원 (100g당 676원) 내일(일) 도착 보장 5 (8449) 최대 160원 적립",,,,,
[올키] 비타젤리 청포도맛 (15일분),,,,,
[네스프레소] 페스티브 에스프레소 커피 캡슐 (5.3g X 10개),,,,,
[와인앤모어픽업](W&M전용) 레큐아 타우니 포트 ((와인)),,,,,
[오설록] 티 에디션 논카페인 허브티 선물세트,,,,,
"제티 쵸코 분말, 17g, 80개입, 1개 11,140원 (10g당 82원) 내일(일) 도착 보장 5 (46989) 최대 557원 적립",,,,,
[슈퍼키친] 도라지오이무침,,,,,
[보난자커피] 티백커피 10g X 7개입 2종(택1),,,,,
[널담] 고단백 저당 포카치아 2종 (택1),,,,,
[RARE : 레어] 1++(8) 한우 국거리 200g,,,,,
[KF365] 1등급 닭 다리 2종 (냉장),,,,,
[오마뎅] 진짜 부산 물떡 오뎅탕,,,,,
[이고르] 고르곤졸라 피칸테 150g,,,,,
[포미] 이탈리아 토마토 퓨레 2종 (700g),,,,,
[CU 픽업] 코즈루 쿠로,,,,,
"면사랑 우리쌀 떡국떡, 1kg, 1개 5,080원 (100g당 508원) 내일(일) 새벽 도착 보장 5 (3537) 최대 254원 적립",,,,,
"무료배송 푸드팜 햄프씨드 햇 캐나다산, 500g, 2개 12,800원 (100g당 1,280원) 2/10(화) 도착 예정 4.5 (4308) 최대 640원 적립",,,,,
"[선물세트] 전통주 느린마을 소주21 주기세트(21도, 375mL*2입,잔2입)",,,,,
"무료배송 애터미 알찬견과 1세트(36개입), 1개 39,240원 (100g당 4,360원) 2/11(수) 도착 예정 4.5 (219) 최대 1,962원 적립",,,,,
[창억] 팥앙금 호두 가득 찹쌀떡 550g,,,,,
"무료배송 [작년1톤판매] 당일새벽작업 알배기 도루묵 급냉, 1박스, 500g 쿠폰할인42%42,800원 24,800원 (100g당 4,960원) 2/11(수) 도착 예정 4.5 (44) 최대 1,240원 적립",,,,,
[음성명작]500m 고랭지에서 수확한 사과1.3kg,,,,,
"올리타리아 엑스트라버진 올리브유, 500ml, 1개 46%27,900원 14,890원 (100ml당 2,978원) 내일(일) 새벽 도착 보장 5 (22183) 최대 745원 적립",,,,,
"농심 사리곰탕면 봉지, 10개 8,960원 (1개당 896원) 내일(일) 새벽 도착 보장 5 (5237) 최대 448원 적립",,,,,
[라빈리커픽업] 글렌 모렌지 시그넷 (위스키),,,,,
"무료배송 광천 돌김자반40gX20봉, 40g, 20개 6%19,900원 18,690원 (10g당 234원) 2/11(수) 도착 예정 5 (1603) 최대 896원 적립",,,,,
[제주도니] 제주 1등급 암퇘지 오겹살 2종,,,,,
"기꼬만 혼쯔유, 500ml, 2개 12,380원 (100ml당 1,238원) 내일(일) 도착 보장 5 (32302) 최대 600원 적립",,,,,
[자연에찬] 근대 된장국 700g,,,,,
[CU 픽업] 바카디모히토,,,,,
[문경몰] 프리미엄 오미자 자일로스청 원액 1L,,,,,
[CU 픽업] 다렌버그폴리,,,,,
임대근 생산자의 아말피 레몬 (3종),,,,,
"난각1번 유정마을 동물복지 방사유정란 780g, 15구, 1개 34%16,700원 10,980원 (1구당 732원) 내일(일) 새벽 도착 보장 5 (7319) 최대 549원 적립",,,,,
"덴마크 요거밀 프로틴 귀리플레인, 680g, 1개 6,580원 (10g당 97원) 내일(일) 새벽 도착 보장 5 (4138) 최대 329원 적립",,,,,
[센터커피] 디카페인 원두 3종 (택1),,,,,
"해표 튀김가루, 1kg, 2개 2,900원 (100g당 145원) 내일(일) 도착 보장 5 (4132) 최대 145원 적립",,,,,
[군산 이성당] 유자향기,,,,,
"폰타나 나폴리 뽀모도로 토마토 파스타소스, 600g, 1개 48%9,980원 5,180원 (100g당 863원) 내일(일) 새벽 도착 보장 5 (3781) 최대 259원 적립",,,,,
"[피쉬쉘] 튀김용 노바시새우 30미 300g (중, 냉동)",,,,,
"무료배송 [포항직송] 해썹인증 포항 특품 구룡포 햇 과메기 야채세트, 1개, 5미10쪽+야채세트 쿠폰할인49%34,750원 17,510원 2/10(화) 도착 예정 4.5 (1395) 최대 875원 적립",,,,,
"무료배송 상주곶감 가정용 실속형 선물용 20~24과, 1박스, 900g내외 (20~24과) 할인39%32,900원 19,950원 2/10(화) 도착 예정 4.5 (331) 최대 988원 적립",,,,,
[소담소담] 한돈 도깨비살 간장 양념구이 800g (냉동),,,,,
[스톡] 웨더스 오리지널 무설탕 캔디 2종 (택1),,,,,
"동원 아쿠아 포레, 330ml, 40개 9,680원 (100ml당 73원) 내일(일) 도착 보장 5 (2101) 최대 484원 적립",,,,,
[브로드카세] 72시간 저당 호밀로만 사워도우 2종 (택1),,,,,
[와인앤모어픽업]피치니 메모로 ((와인)),,,,,
"국내산 얼갈이, 800g, 1개 4,800원 (100g당 600원) 내일(일) 새벽 도착 보장 4.5 (29762) 최대 240원 적립",,,,,
[CU 픽업] 보테가리몬치노700ml,,,,,
"[전통주] 느린마을 증류주 6입 (16.9도,330mL*6입)",,,,,
[매일] 매일우유 후레쉬팩 무지방 0% 900mL,,,,,
[선물세트] Kurly's 1++ 등심&갈비&차돌박이 세트 (냉장),,,,,
[센터커피] 디카페인 커피 캡슐(5.2g X 10개)(네스프레소 호환),,,,,
"곰곰 당도선별 세척사과 중과 (햇), 214g, 1개 2,490원 (100g당 1,164원) 내일(일) 새벽 도착 보장 4.5 (6461) 최대 125원 적립",,,,,
[애플킨더] 튼튼아연+비타민D (30일분),,,,,
"아워홈 온더고 육즙촉촉 오븐 함박스테이크 정식 (냉동), 2개, 290g 11,000원 (100g당 1,897원) 내일(일) 새벽 도착 보장 5 (5746) 최대 550원 적립",,,,,
"무료배송 먹켓단 오뚜기 컵밥 골라담기 12종, 12개, 310g 할인4%29,300원 27,900원 (100g당 750원) 2/11(수) 도착 예정 5 (1682) 최대 1,395원 적립",,,,,
"곰곰 쌀 통가래떡, 400g, 1개입, 2개 3,230원 (10g당 40원) 내일(일) 새벽 도착 보장 5 (17099) 최대 161원 적립",,,,,
[CU 픽업] 언쉐클드 소블,,,,,
[예찬원] 오리지널 야채 분말육수 135g/30포,,,,,
"맥널티커피 스테비아 제로슈가 핫초코 라떼, 15g, 30개입, 1세트 44%19,800원 10,900원 (10g당 242원) 내일(일) 도착 보장 새 상품, 반품-미개봉 (24) 최저10,350원 4.5 (1459) 최대 545원 적립",,,,,
"제티 초코렛맛, 175ml, 30개 14,400원 (100ml당 274원) 내일(일) 도착 보장 5 (14013) 최대 720원 적립",,,,,
[풀무원] 평양냉면 4인분,,,,,
"대상 쇠고기 감치미, 100g, 1개 7%2,680원 2,470원 (10g당 247원) 내일(일) 새벽 도착 보장 5 (1493) 최대 124원 적립",,,,,
[총각네] 강냉이 250g,,,,,
"티아시아키친 골든 버터 난 8p, 200g, 2개 34%10,960원 7,210원 (100g당 1,803원) 내일(일) 도착 보장 4.5 (6700) 최대 360원 적립",,,,,
"오뚜기 카레 과립형 약간매운맛, 100g, 1개 10%2,380원 2,140원 (100g당 2,140원) 내일(일) 새벽 도착 보장 5 (8232) 최대 107원 적립",,,,,
[근대골목단팥빵] 단팥빵 (125g X 5개),,,,,
"삼호 곤약, 250g, 1개입, 1개 1,450원 (100g당 580원) 내일(일) 새벽 도착 보장 5 (1411) 최대 73원 적립",,,,,
[네스프레소] 페스티브 슬리브팩(3종X20개),,,,,
[타바론] 피치 우롱 (2g X 15개),,,,,
"[캐나다 빵집, 불라트] 스몰 아티산 호기 (90g X 5개)",,,,,
"롯데햄 알뜰 소시지, 500g, 1개 2,380원 (10g당 48원) 내일(일) 새벽 도착 보장 5 (24594) 최대 119원 적립",,,,,
[신의주 찹쌀순대] 인기 순대볶음 2종 (택1),,,,,
[크래프트] 슈레드 트리플 체다 치즈 226g,,,,,
"무료배송 [김가연의 똑소리나는 김치] 포기김치, 10kg, 1개 48%79,900원 40,800원 (100g당 408원) 2/11(수) 도착 예정 4.5 (15432) 최대 2,040원 적립",,,,,
[선물세트] 바다소리 국물팩 생돌김 멸치 혼합 세트,,,,,
[키도] 레몬 버터 크래커 샌드위치 90g,,,,,
"무료배송 [한정수량 특가] 정품 햇 청도 반건시 실속포장, 1개, 대과 20입 (1.1kg 내외) 할인28%20,900원 14,990원 (100g당 1,363원) 2/12(목) 도착 예정 4 (84) 최대 750원 적립",,,,,
[맛의고수] 맛고 순대 2종(냉장),,,,,
[라베키아] 유기농 발사믹 크림,,,,,
"플라하반 퀵오리지날 오트밀 드럼, 500g, 1개 15,000원 (100g당 3,000원) 내일(일) 도착 보장 5 (8182) 최대 750원 적립",,,,,
[네스프레소] 이스피라치오네 이탈리아나 베네치아 커피 캡슐 10개입(25mL or 40mL),,,,,
"고메 치즈크리스피 핫도그 (냉동), 85g, 4개입, 2개 20%16,960원 13,560원 (100g당 1,994원) 내일(일) 새벽 도착 보장 5 (7624) 최대 678원 적립",,,,,
"크래프트 슈레드 파마산 치즈, 170g, 1개, 1개입 9,000원 (10g당 529원) 내일(일) 새벽 도착 보장 5 (58) 최대 450원 적립",,,,,
[파볼] 100% 과일로 만든 살구 잼 240g,,,,,
[어니스트그릭] 고구마맛 그릭요거트 100g,,,,,
MSC인증 대구살 500g (냉동),,,,,
[테라로사] 던 베리 블렌드 원두 250g,,,,,
[오랩] 요리란(전란) 500g,,,,,
[고넛츠] 유기농 100% 땅콩버터 270g,,,,,
"비비드키친 저칼로리 바베큐 소스, 1개, 280g 3,710원 (100g당 1,325원) 내일(일) 새벽 도착 보장 5 (6416) 최대 185원 적립",,,,,
[동화약품] 부채표 생생톤업 210ml 8입,,,,,
"비비드키친 저칼로리 스위트칠리 소스, 1개, 280g 3,210원 (100g당 1,146원) 내일(일) 새벽 도착 보장 5 (25732) 최대 160원 적립",,,,,
[오넛티] 100% 캐슈넛 스프레드 230g,,,,,
[태우한우] 1+ 한우 티본 스테이크 700g (냉장),,,,,
"독정RPC 경기미 백진주 쌀, 상등급, 4kg, 1개 12%20,500원 17,900원 (100g당 448원) 내일(일) 도착 보장 5 (2400) 최대 820원 적립",,,,,
[롯데] 가나 프리미엄 쿠키 베리 초콜릿볼 132g (쉐어팩),,,,,
"해태제과 홈런볼 초코, 46g, 4개 5,030원 (10g당 273원) 내일(일) 도착 보장 5 (134700) 최대 251원 적립",,,,,
"건강곡간 제주 찰기장, 600g, 1개 7%12,830원 11,900원 (100g당 1,983원) 내일(일) 도착 보장 5 (2583) 최대 595원 적립",,,,,
[청오] 국산 유기농 볶음 콩가루,,,,,
"두툼한 장문볼락살 420g (대, 3개입)",,,,,
"순작 유기농 우리아이 첫 보리차 티백, 8g, 20개입, 2개 8%5,320원 4,860원 (10g당 152원) 내일(일) 도착 보장 5 (4173) 최대 243원 적립",,,,,
"풍심당 현미차, 1.5g, 30개입, 1개 7,120원 (10g당 1,582원) 내일(일) 도착 보장 4.5 (1393) 최대 356원 적립",,,,,
"부사 사과, 1.5kg(대과, 4~5입), 1개 할인5%17,290원 16,290원 (100g당 1,086원) 내일(일) 새벽 도착 보장 4 (768) 최대 815원 적립",,,,,
"무료배송 산과들에 모닝너츠오리지널 하루견과 20g, 100개 할인10%37,500원 33,750원 (1세트당 338원) 2/10(화) 도착 예정 4.5 (925) 최대 1,688원 적립",,,,,
[칸로] 퓨레 구미 7종 (택1),,,,,
[연안식당] 신진도 간장게장 (냉동),,,,,
[커피빈] 카페 라떼 파우더 스틱 (14g X 10개),,,,,
[도제식빵] 쪽파 에그 산도,,,,,
"해맑은푸드 빠삭 먹태구이 25g + 청양간장마요 소스 30g 세트, 55g, 4개 27%17,800원 12,900원 (100g당 5,864원) 내일(일) 도착 보장 5 (2260) 최대 645원 적립",,,,,
[포트'럭] 거제도 손질 오만둥이 500g (냉동),,,,,
[파스키에] 마카롱 구르망 (13g X 12개입),,,,,
"오뚜기 라이트 앤 조이 당을줄인 논산딸기쨈, 290g, 1개 29%4,980원 3,510원 (100g당 1,210원) 내일(일) 새벽 도착 보장 5 (4796) 최대 175원 적립",,,,,
"곰곰 밀또띠아 오리지널 6인치, 30g, 8개입, 1개 2,330원 (10g당 97원) 내일(일) 새벽 도착 보장 5 (1346) 최대 116원 적립",,,,,
친환경 로메인 2종,,,,,
쫀득 제주 돼지 모아보기 8종 (택1),,,,,
[낫띵베럴] 럽티 피치루이보스티 (1.5g X 15개),,,,,
[유유제약] 비오즌 디 (30일분),,,,,
[1등급 한우] 다짐육 200g (냉장),,,,,
[26년 설] [CU 픽업] 쿠보타만주도쿠리세트,,,,,
"킨더가든 우리아이 시금치 된장국, 300g, 1개 10%5,340원 4,800원 (100g당 1,600원) 내일(일) 새벽 도착 보장 5 (460) 최대 240원 적립",,,,,
[정관장] 홍이장군 1단계 (30일분),,,,,
"신라면 건면 사발 77g, 4개 5,610원 (1개당 1,403원) 내일(일) 도착 보장 5 (15713) 최대 280원 적립",,,,,
"[횡재미가] 병아리콩 듬뿍담은 고단백 7콩 혼합잡곡 잡곡쌀 2kg, 1개 할인14%13,900원 11,900원 (100g당 595원) 내일(일) 도착 보장 5 (316) 최대 595원 적립",,,,,
[위니비니] 핑크 스트로베리 머쉬멜로우 60g,,,,,
"대림선 24/7 속이 꽉 찬 고기순대, 500g, 1개 5,680원 (100g당 1,136원) 내일(일) 새벽 도착 보장 4.5 (959) 최대 284원 적립",,,,,
[프롬바이오][선물세트] 관절연골엔 보스웰리아 (90일분)(+쇼핑백증정),,,,,
[파스키에] 미니토스트 통밀 80g,,,,,
"무료배송 정품 고당도 바나나, 1개, 7kg (4-6송이) 할인42%38,000원 21,740원 (100g당 311원) 2/11(수) 도착 예정 4.5 (6960) 최대 1,087원 적립",,,,,
[파스퇴르] 바른목장 사과당근 요구르트 (100mL X 5개),,,,,
[복선당] 대파 풍미 족발,,,,,
[삼진어묵] 어묵많이 밀 떡볶이,,,,,
[슈퍼키친] 브로콜리참깨두부무침,,,,,
[모모스커피] 버라이어티 드립백 15개입,,,,,
[랩노쉬] 프로틴 드링크 미니 2종 (260mL X 6개입),,,,,
[La bocca] 단호박 타르트 케이크 810g,,,,,
"무료배송 [트렌드커피] 1883 바닐라 시럽 1000ml 2개, 1L 31,900원 (100ml당 1,595원) 2/10(화) 도착 예정 5 (6373) 최대 1,595원 적립",,,,,
[만토바] 파르미지아노 레지아노 200g,,,,,
"무료배송 (산지 직송) 국산 전남 목포 흑산도 홍어, 1개, 국산 홍어 500g 중간숙성 (2~3인분) 할인40%44,900원 26,910원 (100g당 5,382원) 2/10(화) 도착 예정 4.5 (966) 최대 1,345원 적립",,,,,
"오뚜기 메밀소바장국 소스, 360ml, 1개 2,970원 (10ml당 83원) 내일(일) 도착 보장 5 (9815) 최대 149원 적립",,,,,
[도산회관] 한우 소보로 주먹밥,,,,,
"이반장 재래도시락 광천김, 4g, 16개 8%6,000원 5,500원 (10g당 859원) 내일(일) 도착 보장 4.5 (586) 최대 261원 적립",,,,,
"오리온 고래밥 초코송이 미니믹스 과자세트, 고래밥 볶음 양념맛 10p + 초코송이 10p, 1세트 9,400원 (1세트당 9,400원) 내일(일) 도착 보장 5 (30557) 최대 470원 적립",,,,,
"무료배송 청산에 파래김100장 - 120g, 1개 20,000원 (10g당 1,667원) 2/11(수) 도착 예정 4.5 (2497) 최대 535원 적립",,,,,
[정관장] 에브리타임 리프레시 10포,,,,,
[풀무원] 국산 홍고춧가루 200g,,,,,
친환경 풋고추 100g,,,,,
[CU 픽업] 랑메일블랙스미스까쇼,,,,,
"알찬해 자숙 가리비살 (냉동), 1개, 300g 7,050원 (100g당 2,350원) 내일(일) 새벽 도착 보장 5 (411) 최대 353원 적립",,,,,
[26년 설] [CU 픽업] 발렌타인글렌버기12,,,,,
[RARE : 레어] 1++(8) 한우 립아이 스테이크 300g,,,,,
[CU 픽업] 데와자쿠라라프랑스,,,,,
[비비고] 남도식 썰은배추김치 900g,,,,,
"청정원 에그 파스타 페투치니, 250g, 1개 2,750원 (100g당 1,100원) 내일(일) 새벽 도착 보장 5 (554) 최대 138원 적립",,,,,
"무료배송 통영 생굴 최상급 깐굴 산지직송 지퍼백 포장, 1개, 3kg 47%62,900원 32,900원 (100g당 1,097원) 2/10(화) 도착 예정 5 (142) 최대 1,645원 적립",,,,,
[오설록] 말차 마들렌 컬렉션 (6개입),,,,,
"여미야미 한단 킹스베리 딸기, 1개, 400g(특대과) 10,240원 (100g당 2,560원) 내일(일) 새벽 도착 보장 4.5 (3015) 최대 512원 적립",,,,,
[이목] 국내산 소고기 목심 샤브샤브용 200g (냉동),,,,,
"바다온 포항시 인증 구룡포건조 원양산 반건조 오징어 5미 (냉동), 550g (5미), 1개 15,900원 (100g당 2,891원) 내일(일) 새벽 도착 보장 4.5 (47441) 최대 745원 적립",,,,,
[마루미야] 히키와리 낫또 (9개입),,,,,
[CU 픽업] 브리몽꾸르 브뤼 로제,,,,,
유기농 용의 눈동자 백미 2kg,,,,,
[에스비] 토로케루 카레 200g 3종 (택1),,,,,
[CU 픽업] 다이야메25,,,,,
"무료배송 오다닭 닭가슴살 스팀 (저염분) 세트구성, 30개, 100g 할인46%69,000원 36,900원 (100g당 1,230원) 2/10(화) 도착 예정 4.5 (1145) 최대 1,845원 적립",,,,,
"풀무원 다논 요거톡 초코그래놀라 2개입, 129g, 1세트 2,930원 (10g당 114원) 내일(일) 새벽 도착 보장 5 (2195) 최대 146원 적립",,,,,
[진가네반찬] 수제카레,,,,,
[한성] 프리미엄 유부김밥세트,,,,,
"나뚜렐 유기농 아가베 시럽, 1kg, 1개 15,000원 (100g당 1,500원) 내일(일) 도착 보장 5 (3771) 최대 675원 적립",,,,,
"곰곰 톡톡 날치알 레드 (냉동), 500g, 1개 40%15,900원 9,460원 (100g당 1,892원) 내일(일) 새벽 도착 보장 5 (797) 최대 473원 적립",,,,,
[김구원선생] 국산콩으로 만든 순두부 계란탕,,,,,
"오뚜기 스테이크 소스, 470g, 2개 32%6,760원 4,590원 (100g당 488원) 내일(일) 도착 보장 4.5 (12801) 최대 230원 적립",,,,,
[천호엔케어]틴케어 자두푸룬식이섬유스틱 20포,,,,,
"롯데웰푸드 바삭바삭 크런키 모나카 (냉동), 4개, 1개입, 150ml 5,600원 (10ml당 93원) 내일(일) 새벽 도착 보장 5 (152) 최대 280원 적립",,,,,
"푸드장 염통꼬치 (냉동), 200g, 1팩 6,960원 (100g당 3,480원) 내일(일) 새벽 도착 보장 4.5 (8304) 최대 348원 적립",,,,,
[선물세트] 홍쌍리 청매실원 2호,,,,,
[집반찬연구소] 유자향 오이무 피클,,,,,
"사조 해표 콩기름 식용유, 500ml, 4개 29%12,700원 8,980원 (100ml당 449원) 내일(일) 도착 보장 5 (333923) 최대 449원 적립",,,,,
[보물섬] 간장 깐새우장 300g (냉장),,,,,
"무료배송 신송 볶음 검정깨, 1kg, 1개 22,000원 (100g당 2,200원) 2/12(목) 도착 예정 5 (647) 최대 1,100원 적립",,,,,
7일 담미 알찬미 4kg,,,,,
"무료배송 현대농산 국산 백태 메주콩 두유콩 콩국수용 2kg, 1개 13,400원 (100g당 670원) 2/11(수) 도착 예정 4.5 (3625) 최대 670원 적립",,,,,
"녹차원 돼지감자와 작두콩차, 800mg, 1개, 100개입 8%9,000원 8,220원 (10g당 1,028원) 내일(일) 도착 보장 5 (216) 최대 411원 적립",,,,,
"자연생각 검은콩 율무차, 18g, 50개입, 1개 7,420원 (10g당 82원) 내일(일) 도착 보장 4.5 (1894) 최대 371원 적립",,,,,
[프롬바이오] 유기농 레자몽 (30포),,,,,
"올품 닭볶음탕용 닭고기 (냉장), 1kg, 2팩 23%19,980원 15,300원 (100g당 765원) 내일(일) 새벽 도착 보장 5 (27351) 최대 765원 적립",,,,,
[알라] 포션 크림치즈 6개입,,,,,
"POM 원더풀 석류 프레시컷, 120g, 3개 11,910원 내일(일) 새벽 도착 보장 4.5 (5183) 최대 595원 적립",,,,,
"미소한입 튀김 땅콩, 1kg, 1개 8,600원 (100g당 860원) 내일(일) 도착 보장 4.5 (3484) 최대 430원 적립",,,,,
[블랑제리코팡] 크림치즈 바질 크런치 120g,,,,,
[몬타나리] DOP 파르미지아노 레지아노 솔로디브루나 30개월,,,,,
[와인앤모어픽업]까테나 자파타 까테나 샤도네이 ((와인)),,,,,
[엔젯오리진] 비타프레쉬 귤젤리 비타민C&D 3000 (46일분) 선물세트,,,,,
[고려홍삼중앙회] 투데이 골드스틱 (100일분),,,,,
[CU픽업] 스카이 750,,,,,
[잠바주스] 저당 스무디바 아이스크림 2종 (70mL X 6개),,,,,
"[선물세트] 마더네스트 프로폴리스 마누카허니 로젠지 캔디 170g X 3통(프로폴리스, 버터멘톨, 레몬진저)",,,,,
"해태제과 오사쯔, 60g, 1개 990원 (10g당 165원) 내일(일) 새벽 도착 보장 5 (2444) 최대 50원 적립",,,,,
[미자언니네] 달걀 듬뿍 샐러드,,,,,
[조선호텔] 삼계탕 900g,,,,,
친환경 간편 쌈모둠 200g,,,,,
[Kim'sbutcher] 미국산 칼집 포뜬 소갈비 1kg(냉동),,,,,
[동원] 그릴리 직화 델리햄 김밥용 150g,,,,,
"동원참치 라이트 스탠다드, 150g, 3개 17%8,940원 7,410원 (10g당 165원) 내일(일) 새벽 도착 보장 5 (18163) 최대 370원 적립",,,,,
"베지밀 검은콩 아몬드 앤 호두 두유, 190ml, 16개 10,900원 (100ml당 359원) 내일(일) 새벽 도착 보장 5 (7206) 최대 545원 적립",,,,,
"무료배송 평창수 무라벨 생수, 2L, 36개 36,900원 (100ml당 51원) 2/12(목) 도착 예정 5 (164240) 최대 1,845원 적립",,,,,
"무료배송 광동 생강쌍화 생강쌍화농축액, 120ml, 20개 13,400원 (100ml당 558원) 2/10(화) 도착 예정 5 (10552) 최대 670원 적립",,,,,
[비비고] 통오징어만두200g,,,,,
[미자언니네] 가지강정,,,,,
"대구농산 국산 혼합 17곡, 2kg, 1개 27%14,900원 10,800원 (100g당 540원) 내일(일) 새벽 도착 보장 5 (451) 최대 540원 적립",,,,,
[CU 픽업] 스토크클럽풀프루프,,,,,
[오뚜기]컵밥_차돌강된장보리밥(즉석국),,,,,
"무료배송 미트리 닭가슴살 볼 7종 혼합 21팩(각3팩), 100g, 21개 할인51%52,500원 25,500원 (100g당 1,214원) 2/11(수) 도착 예정 5 (10097) 최대 1,275원 적립",,,,,
"대한다업 둥굴레차, 1.2g, 1개, 100개입 6,480원 (10g당 540원) 내일(일) 도착 보장 5 (373) 최대 324원 적립",,,,,
[베키아에누보] 시그니처 마스카포네 롤케이크 320g,,,,,
"무료배송 햅쌀2025년산 행복담은쌀 20kg, 1개 14%70,000원 59,990원 (100g당 300원) 2/12(목) 도착 예정 4 (389) 최대 3,000원 적립",,,,,
[밀크앤허니] 호두파이 750g,,,,,
"풀무원 한끼 계란 연두부, 118g, 6개 9,180원 (100g당 1,297원) 내일(일) 새벽 도착 보장 5 (5907) 최대 459원 적립",,,,,
[삼양] 불닭볶음면 큰컵 6입,,,,,
"오리온 비쵸비 비스켓, 125g, 2개 5,540원 (10g당 222원) 내일(일) 도착 보장 5 (25277) 최대 277원 적립",,,,,
"프링글스 초코파이 예감볶음양파 미쯔 빠다코코낫 롯데샌드 야채크래커 제크 초코칩쿠키 크림웨하스 고래밥 씨리얼 칸쵸 초코송이, 1세트, 리본박스 단짠초코 곽과자세트 할인24%24,900원 18,900원 (1세트당 18,900원) 내일(일) 도착 보장 5 (808) 최대 945원 적립",,,,,
"[전통주] 말차앤밀키 (7도, 350mL)",,,,,
[동원] 퀴진 해쉬브라운스틱 600g,,,,,
[선물세트][전통주] 제이엘 오미나라 고운달 백자 52도 200mL 항아리 숙성,,,,,
[이연복의 목란] 짬뽕 2인분 (맵기선택),,,,,
[마이셰프] 간장 양념 벌집 껍데기,,,,,
[얼라이브] 지오 베르베린 쉴드 (14포),,,,,
"무료배송 월드그린 싱싱 퀵오트밀, 3kg, 1개 21,310원 (100g당 710원) 2/13(금) 도착 예정 5 (2105) 최대 1,065원 적립",,,,,
[벽제갈비] 한우 설렁탕 & 양곰탕 & 곰탕,,,,,
"삼양 맛있는라면 115g, 5개 2%4,730원 4,600원 (1개당 920원) 내일(일) 도착 보장 5 (27554) 최대 230원 적립",,,,,
"돌 알로코코컵, 198g, 6개입, 1개 13%16,080원 13,980원 (100g당 1,177원) 내일(일) 새벽 도착 보장 4.5 (395) 최대 699원 적립",,,,,
친환경 새송이버섯 3입,,,,,
[삼진어묵] 딱한끼 사각꼬치,,,,,
"롯데웰푸드 명가 찰떡파이, 350g, 2개 17%12,000원 9,900원 (10g당 141원) 내일(일) 도착 보장 5 (20851) 최대 495원 적립",,,,,
[닥터팜] 관절엔 엠에스엠 (30일분),,,,,
유기농 찰흑미 혼합 8곡 800g,,,,,
[난축맛돈] 오겹살 구이용 300g,,,,,
[졸리팜] 자이언트 믹스넛츠 1kg,,,,,
[신라명과] 쫄깃한 생우유식빵 390g,,,,,
[베베쿡] 중기 이유식 2종 (택1),,,,,
[CU 픽업] 골든블랑4스타 로제,,,,,
"무료배송 쌀집총각 2025년산 햅쌀 백미, 상등급, 5kg, 1개 29,930원 (100g당 599원) 2/13(금) 도착 예정 4.5 (15336) 최대 1,496원 적립",,,,,
[삼진어묵] 100사각,,,,,
[CU 픽업] 다카사고야마하이유즈,,,,,
[김소영 아티장의 안단테] 바도즈 크레뮤 뒤 쥐라 250g,,,,,
"곰곰 율무차 호두와 아몬드, 18g, 50개입, 1개 16%12,000원 9,990원 (10g당 111원) 내일(일) 도착 보장 4.5 (2505) 최대 500원 적립",,,,,
"담터 쌍화차 플러스, 15g, 70개입, 2개 28%41,000원 29,220원 (10g당 139원) 내일(일) 도착 보장 4.5 (68317) 최대 1,461원 적립",,,,,
[고메] 클래식 불고기 피자 405g,,,,,
[진가네반찬] 베스트 9종 모둠 반찬,,,,,
[CU 픽업] 밀크앤허니쉐리,,,,,
"나랑드사이다 제로, 245ml, 24개 53%23,920원 11,190원 (100ml당 190원) 내일(일) 새벽 도착 보장 5 (2224) 최대 560원 적립",,,,,
[락티브] 베베&키즈 배도라지즙 스틱젤리,,,,,
[서울우유] 국산우유로 만든 버터 240g,,,,,
[삼다원] 공의보 (보자기포장),,,,,
[정관장] 홍삼원 블랙 30포,,,,,
"청정원 연와사비, 95g, 1개 3%4,060원 3,900원 (100g당 4,105원) 내일(일) 도착 보장 5 (6195) 최대 195원 적립",,,,,
"[꿀마실] 아카시아, 야생화, 밤꿀 미니스틱 10포 3종 (택1)",,,,,
"곰곰 사각 패스츄리 생지 (냉동), 55g, 20개입, 1개 9,590원 (10g당 87원) 내일(일) 새벽 도착 보장 5 (2181) 최대 480원 적립",,,,,
"착한습관 견과 앤 건과 6종 선물세트 1.22kg, 1세트 11%60,000원 53,100원 (1세트당 53,100원) 내일(일) 도착 보장 4.5 (221) 최대 2,256원 적립",,,,,
[바다숲] 뿌려먹는 감태랑 해물이랑 20g,,,,,
"해야미 조미마른쥐치포 참쥐포 대, 120g, 1개 18%6,000원 4,900원 (100g당 4,083원) 내일(일) 도착 보장 4.5 (30944) 최대 245원 적립",,,,,
[파주 사과떡볶이] 쌀떡볶이 2종 (순한맛/매운맛),,,,,
[비첸향] 미니이지 컬렉션 155g,,,,,
[한스케익] 진한 초코 브라우니 160g,,,,,
[CJ] 하루 낫또 8개입,,,,,
[콜린스 다이닝] 문어감자 샐러드,,,,,
"농심 안성탕면 125g, 10개 쿠폰할인10%7,360원 6,620원 (1개당 662원) 내일(일) 도착 보장 5 (368428) 최대 331원 적립",,,,,
[마리농장] 강화약쑥 개떡 1kg,,,,,
[호밍스 초간편 국물요리] 우거지 된장국,,,,,
찰기장 500g,,,,,
"무료배송 백설 포도씨유, 500ml, 1개 할인26%6,900원 5,100원 (100ml당 1,020원) 2/11(수) 도착 예정 5 (41986) 최대 255원 적립",,,,,
"무료배송 [건국우유] 멸균우유 200ml 24입, 24개 할인4%15,550원 14,850원 (100ml당 309원) 2/10(화) 도착 예정 5 (6921) 최대 743원 적립",,,,,
[바클리즈] 페퍼민트 캔디 2종,,,,,
[LOCOS BBQ] 애플 바베큐 폭립 500g,,,,,
"세콰이어 메로골드 자몽, 4kg(7~12입), 1개 28,470원 (100g당 712원) 내일(일) 새벽 도착 보장 4.5 (2763) 최대 1,424원 적립",,,,,
[ESTI] 허니 스리라차 후무스 283g,,,,,
[나우푸드] 면역 이뮤노 디펜스 (30일분),,,,,
[CU 픽업] 1800 밀레니오,,,,,
"곰곰 골든비프 찹스테이크 세트, 571g, 1개 27%21,000원 15,230원 (100g당 2,667원) 내일(일) 새벽 도착 보장 5 (19781) 최대 761원 적립",,,,,
"풀무원 얄피꽉찬 쌀 물만두 (냉동), 1kg, 1개 9%10,980원 9,980원 (100g당 998원) 내일(일) 새벽 도착 보장 5 (35960) 최대 499원 적립",,,,,
"닥터트루 스키니 스테비아, 1kg, 1개 28%13,900원 9,900원 (100g당 990원) 내일(일) 도착 보장 4.5 (14141) 최대 495원 적립",,,,,
"한성기업 크래미H, 1kg, 1개 11,120원 (100g당 1,112원) 내일(일) 새벽 도착 보장 5 (64963) 최대 556원 적립",,,,,
[선물세트] 비첸향 미니이지 프리미엄 컬렉션 420g,,,,,
"무료배송 곳간오늘 화성RPC 특등급 수향미 5kg 3일내도정 (지퍼백포장), 1개 7%27,900원 25,800원 (100g당 516원) 2/10(화) 도착 예정 5 (2185) 최대 1,290원 적립",,,,,
[CU 픽업] 러셀리저브 6년 라이,,,,,
[라빈리커픽업] 헤네시 VSOP (위스키),,,,,
[오뚜기] 오뚜기밥 작은밥 (150gX3),,,,,
[KF365] 1+ 한우 채끝 스테이크 300g (냉장),,,,,
[노아베이커리] 블루베리번 180g,,,,,
[제주애월아빠들] RE100 자연방사 동물복지 유정란 10구,,,,,
[선물세트] 비첸향 시그니처 레드 800g,,,,,
[핸디엄] 콜드브루 플레이버 컬렉션 (50mL X 6개),,,,,
[고기반찬] 양념 언양식 소 불고기 300g,,,,,
"매일유업 피크닉 사과, 200ml, 48개 15,960원 (100ml당 166원) 내일(일) 도착 보장 5 (166243) 최대 798원 적립",,,,,
"신선약초 생강가루, 80g, 1개 10,900원 (10g당 1,363원) 내일(일) 새벽 도착 보장 5 (1876) 최대 545원 적립",,,,,
[정관장] 다보록 감사 휘(輝)편+ (리본포장 및 쇼핑백 증정),,,,,
"밀도 호밀잡곡 식빵, 480g, 1개 5,390원 (10g당 112원) 내일(일) 새벽 도착 보장 5 (21423) 최대 270원 적립",,,,,
[일본도깨비편의점] 초코 간식 4종 모아보기 (택1),,,,,
[샐러드판다] 카프레제 치아바타 샌드위치,,,,,
[선물세트] 슈가앤스파이스 대만 누가캔디 크랜베리 204g,,,,,
[CU픽업] 사이카다이긴죠720,,,,,
"엄마애바다 멸치 디포리 다시팩 (냉동), 15g, 15개입, 1개 7,900원 (10g당 351원) 내일(일) 새벽 도착 보장 5 (581) 최대 340원 적립",,,,,
"이든타운 오트밀 압착귀리, 1kg, 1개 5,700원 (100g당 570원) 내일(일) 도착 보장 5 (5965) 최대 285원 적립",,,,,
"무료배송 다정이네 천연벌꿀 오리지널 생꿀 2.4KG 베트남 최고급 야생화꿀, 1개 50%60,000원 29,900원 (100g당 1,246원) 2/24 도착 예정 새 상품, 박스 훼손 (2) 최저29,000원 5 (2024) 최대 1,495원 적립",,,,,
[맥파이앤타이거] 논카페인 티머그 선물세트 3종 (택1),,,,,
[호밍스 초간편 국물요리] 국물요리 8종,,,,,
"농심 신라면 건면, 10개 9,400원 (1개당 940원) 내일(일) 도착 보장 5 (73492) 최대 470원 적립",,,,,
[하인즈] 엑스트라 크리스피 프라이 737g,,,,,
"엉클탁 국내산 귀리로 만든 오트밀, 2kg, 1개 14,900원 (100g당 745원) 내일(일) 새벽 도착 보장 4 (558) 최대 745원 적립",,,,,
"요플레 플레인 멀티, 85g, 16개 34%13,960원 9,210원 내일(일) 새벽 도착 보장 5 (83618) 최대 460원 적립",,,,,
[올더뮤] 뮤신 컴포트 데이 매실맛 10개입,,,,,
"더단백 드링크 딸기, 250ml, 18개 29%34,800원 24,550원 (100ml당 546원) 내일(일) 도착 보장 5 (4535) 최대 1,228원 적립",,,,,
[선물세트][하이그레이드] 리치로스팅 너트 4종 기프트 컬렉션,,,,,
[한국야쿠르트] 메치니코프 2종 (140mL X 4개),,,,,
[만선] 참가리비 500g (생물),,,,,
홍희 딸기 3종,,,,,
[해태] 계란과자 45g,,,,,
[진가네반찬] 모둠나물,,,,,
"이금기 프리미엄 굴소스, 510g, 1개 23%8,280원 6,360원 (100g당 1,247원) 내일(일) 도착 보장 5 (30063) 최대 318원 적립",,,,,
[존쿡 델리미트] 비프 핫도그 소시지 300g,,,,,
[주스의정석] CCA주스 30팩,,,,,
[한둘] 국산 도토리묵,,,,,
"풀무원다논 그릭 블루베리 요거트, 90g, 8개입, 1개 7%6,480원 5,980원 (10g당 83원) 내일(일) 새벽 도착 보장 5 (11301) 최대 299원 적립",,,,,
미나리 250g,,,,,
"다향오리 무항생제 인증 우리땅 오리 가슴살 슬라이스 (냉장), 500g, 1개 9%12,990원 11,750원 (100g당 2,350원) 내일(일) 새벽 도착 보장 4.5 (2552) 최대 588원 적립",,,,,
[소와나무] 생크림 요거트 (85g X 8개),,,,,
[풀무원] 왕감자 모짜렐라 핫도그 4개입,,,,,
[Biscuiterie de Provence] [밀가루0%] 아몬드&레몬 케이크 240g,,,,,
[크라운] 신짱 245g,,,,,
[와인앤모어픽업]뿌삐유 ((와인)),,,,,
[경자국밥] 살고기국밥,,,,,
"양파깡 과자, 83g, 4개 5,120원 (10g당 154원) 내일(일) 도착 보장 5 (6190) 최대 256원 적립",,,,,
"마켓오 브라우니 제주말차, 240g, 1개 4,970원 (10g당 207원) 내일(일) 도착 보장 5 (6726) 최대 249원 적립",,,,,
[보물섬] 국산 순살 아귀살 350g (냉동),,,,,
[가보팜스] 프리미엄 꿀세트 (잡화꿀 600g + 아카시아꿀 600g) +(보자기포장),,,,,
[델리치오] 호주산 유기농 소고기 다짐육 200g,,,,,
[닥터뉴트리] 마그엔비 맥스 (9일분),,,,,
"백년농가 천혜진선향 쌀, 상등급, 1개, 2kg 10,800원 (100g당 540원) 내일(일) 도착 보장 5 (733) 최대 540원 적립",,,,,
"무료배송 백제 즉석쌀국수, 92g, 24개 할인41%43,900원 25,680원 (100g당 1,163원) 2/11(수) 도착 예정 5 (62954) 최대 1,284원 적립",,,,,
[베베쿡] 처음먹는 찹쌀 김부각 2종 (택1),,,,,
"무료배송 25년산 햇 이탈리아 파로 쌀 엠머 밀 햇곡, 1kg, 2개 쿠폰할인71%65,000원 18,500원 (100g당 925원) 2/11(수) 도착 예정 4.5 (759) 최대 925원 적립",,,,,
[전통주] 배혜정도가 호랑이 생막걸리 무아스파탐 (6도 750mL),,,,,
[CU 픽업] 몬테스스파클링엔젤,,,,,
[전통주] 오래된노래 (10도 750mL),,,,,
[샘표] 순작 아몬드 검은콩 대용량 율무차 (18g X 60개),,,,,
"오뚜기 치즈크러스트 피자 페페로니 디럭스 (냉동), 510g, 1개입, 2개 21%17,560원 13,730원 (100g당 1,346원) 내일(일) 새벽 도착 보장 5 (17637) 최대 686원 적립",,,,,
"무료배송 서건푸드 실속 진미채 대용량, 1개, 400g 4%21,800원 20,780원 (100g당 5,195원) 2/10(화) 도착 예정 4 (3536) 최대 653원 적립",,,,,
[프레드릭] 햄더블치즈 크로플무슈,,,,,
[브로드카세] 저당 통밀브레드 700g,,,,,
"돈시몬 착즙 토마토 주스, 1L, 2개 9,250원 (100ml당 463원) 내일(일) 새벽 도착 보장 5 (1138) 최대 463원 적립",,,,,
"청정원 프리미엄 굴소스, 500g, 1개 36%7,250원 4,590원 (100g당 918원) 내일(일) 새벽 도착 보장 5 (14982) 최대 230원 적립",,,,,
[델리치오] 호주산 유기농 소고기 장조림용 200g,,,,,
[골든드롭] 유기농 메이플시럽 500ml,,,,,
"풀무원 김밥김 10p, 20g, 2개 8%7,560원 6,900원 (10g당 1,725원) 내일(일) 도착 보장 5 (4411) 최대 345원 적립",,,,,
[폰타나] 엑스트라 버진 올리브유 500mL,,,,,
[일양약품] 바디팻 신바이오틱스 (30일분),,,,,
미니 새송이버섯 300g,,,,,
[현우동] 멘타이 가마바타우동,,,,,
"갈비아저씨 돼지불고기 607 (냉동), 600g, 1개 7,110원 (100g당 1,185원) 내일(일) 새벽 도착 보장 4.5 (2387) 최대 355원 적립",,,,,
[네스프레소 버츄오] 이니지오 커피 캡슐 10개입(150mL),,,,,
[올바르고 반듯한] 미니 찹쌀 핫도그,,,,,
[동원] 개성 감자 만두 2종 1.2kg (택1),,,,,
[룰루맘] 유기농 쌀과자 떡뻥 3종 (택1),,,,,
"사조 해표 콩기름 식용유, 1.8L, 1개 32%8,950원 6,020원 (100ml당 334원) 내일(일) 도착 보장 5 (333923) 최대 301원 적립",,,,,
"키친아트 와인에디션 프라이팬세트 2종, 혼합색상, 후라이팬 28cm + 궁중팬 28cm + 유리커버 28cm, 1세트 쿠폰할인51%58,020원 28,400원 (1세트당 28,400원) 내일(월) 도착 보장 4.5 (2558) 최대 1,420원 적립",,,,,
깐 도라지 100g,,,,,
[락티브] 베베&키즈 멀티비타민 (30일분),,,,,
[프레베] 국내산 할라피뇨 피클 300g,,,,,
"무료배송 산과들에 원데이 에너지바 오리지널 35g, 40개 할인25%28,600원 21,170원 (1세트당 529원) 2/10(화) 도착 예정 4.5 (484) 최대 1,048원 적립",,,,,
[미지떡]꽃 떡국떡400g,,,,,
"오설록 제주 삼다 영귤 티백, 2g, 20개입, 1개 14%11,000원 9,410원 (10g당 2,353원) 내일(일) 도착 보장 5 (2497) 최대 470원 적립",,,,,
[태우한우] 1+ 한우 우삼겹 200g (냉동),,,,,
[테라큐민] 맥스 60 (60정),,,,,
"오뚜기 오쉐프 스위트 칠리소스, 2.1kg, 1개 7,000원 (100g당 333원) 내일(일) 도착 보장 5 (10588) 최대 350원 적립",,,,,
[풀무원다논] 그릭요거트 설탕무첨가 플레인 400g,,,,,
[광주 신묘한 곱도리식당] 대도리탕 (대창 닭도리탕),,,,,
[땡큐장] 땡초 고추 다대기 350g,,,,,
[하루한킷] 신림동 백순대 볶음,,,,,
[자연한알] 한 알로 요리 끝 한우 사골육수(코인육수/30정),,,,,
"[전통주] 얼떨결에 퍼플 스파클링 막걸리 (6도, 935mL) (무아스파탐)",,,,,
"곰표 튀김가루, 1kg, 10개 할인52%25,990원 12,240원 (100g당 122원) 2/10(화) 도착 예정 5 (11375) 최대 612원 적립",,,,,
"곰곰 벤딩밀크 파우더, 1kg, 1개입, 1개 9%7,150원 6,490원 (10g당 65원) 내일(일) 도착 보장 4.5 (1426) 최대 325원 적립",,,,,
"해태제과 아이비, 309g, 2개 6,640원 (10g당 107원) 내일(일) 도착 보장 5 (21299) 최대 332원 적립",,,,,
"스윗토 스테비아 새콤 달콤한 대추방울토마토, 750g, 2개 16,780원 (100g당 1,119원) 내일(일) 새벽 도착 보장 4.5 (267496) 최대 839원 적립",,,,,
"무료배송 코리아푸드 마카로니 대롱과자 1kg box포장, 1개 할인33%15,000원 9,980원 (10g당 100원) 2/10(화) 도착 예정 4.5 (3465) 최대 499원 적립",,,,,
[수원 보영만두] 쫄면 3종 (매운맛/중간맛/순한맛),,,,,
[세노비스] 여성을 위한 멀티비타민미네랄 (60일분),,,,,
[마이디벨] 벨지안 프라이 트레디션 감자튀김 2개입,,,,,
[비비고] 썰은배추김치 300G,,,,,
"폰타나 베네치아 페페론치노&갈릭 봉골레 파스타소스, 430g, 1개 45%9,980원 5,480원 (100g당 1,274원) 내일(일) 도착 보장 새 상품, 반품-미개봉 (19) 최저5,200원 4.5 (7274) 최대 274원 적립",,,,,
"무료배송 CJ프레시웨이 맛있는 냉동 블루베리 1kg 4개 24%49,900원 37,890원 (100g당 947원) 2/10(화) 도착 예정 4.5 (7510) 최대 1,895원 적립",,,,,
[센터커피] 서울숲 블렌드 원두 2종 (택1),,,,,
[얼라이브] 삼부커스 엘더베리 구미 60개입,,,,,
[농협] 아름찬 떡국떡 700g,,,,,
[청정원] 순창 현미 태양초 찰고추장1kg,,,,,
귀리 2KG,,,,,
[GNC] 보스웰리아 30정,,,,,
[빵공장띠에리] 에쉬레 밤식빵,,,,,
[삼진어묵] 부산식 물떡어묵꼬치 428g,,,,,
[킷캣] 더블베리 & 너츠 113g,,,,,
"무료배송 푸드림 아몬드 슬라이스, 1kg, 2개 7%36,000원 33,200원 (100g당 1,660원) 2/10(화) 도착 예정 5 (3168) 최대 1,660원 적립",,,,,
[비타민마을] 메가씨 3000 비타민C 분말 스틱 90포,,,,,
[강남 덕자네방앗간] 우리쌀 가래떡 떡볶이,,,,,
[태우한우] 1+ 한우 갈비살 구이용 200g (냉장),,,,,
[더베이커스테이블] 하드롤 2종 (60g X 4개) (택1),,,,,
[청오] 유기농 발아 10곡 혼합곡,,,,,
[비움반찬] 견과류지리멸치볶음,,,,,
"무료배송 썸앤썸 실속형 완도 파지 다시마 1kg 자른 육수용 국물용 대용량, 1개 7,900원 (100g당 790원) 2/11(수) 도착 예정 4.5 (1721) 최대 395원 적립",,,,,
[티젠] 제로슈가 홍차 아이스티 4종 (5g X 10개) (택1),,,,,
"곰곰 1등급 닭다리 (냉장), 1kg, 1개 32%21,990원 14,740원 (100g당 1,474원) 내일(일) 새벽 도착 보장 5 (8959) 최대 737원 적립",,,,,
[한삼인] 기력보감선물세트 +(쇼핑백 증정),,,,,
"로티 판젤라틴 200bloom 이상 골드 등급, 1개, 150g 할인20%18,000원 14,400원 (10g당 960원) 내일(일) 도착 보장 5 (590) 최대 720원 적립",,,,,
[KF365] 돌돌말이 대패 목심 (1kg),,,,,
"새미네부엌 진간장, 450ml, 1개 13%4,400원 3,800원 (100ml당 844원) 내일(일) 새벽 도착 보장 5 (2318) 최대 190원 적립",,,,,
[백설] 스테비아 1kg,,,,,
[전통주] 하드포션 (14.3도 500mL),,,,,
"진짜 쌀과자 사각, 650g, 1개 45%12,900원 6,980원 (10g당 107원) 내일(일) 도착 보장 5 (1154) 최대 349원 적립",,,,,
[햇님마을] 국산 100% 청양 고춧가루 2종 (택1),,,,,
[일동후디스] 아이얌 그릭 요거볼 4종,,,,,
[일상식탁] 바지락 황태 칼국수,,,,,
"크라운 카라멜 메이플콘, 74g, 3개 33%4,500원 3,000원 (10g당 135원) 내일(일) 새벽 도착 보장 5 (1252) 최대 150원 적립",,,,,
크리스피아노 120g,,,,,
"잔다리 볶은검은콩가루, 500g, 1개 18,500원 (100g당 3,700원) 내일(일) 도착 보장 새 상품, 반품-미개봉 (7) 최저17,570원 5 (3013) 최대 925원 적립",,,,,
[엔젯오리진] 칼슘 앤 마그네슘 비타민D 아연 베이직(180일분),,,,,
"맘란 동물복지 인증 유정란 1.3kg, 1개, 25구 11,990원 (1구당 480원) 내일(일) 새벽 도착 보장 5 (161) 최대 600원 적립",,,,,
[백설] 우리밀 핫케익믹스 500g,,,,,
"무료배송 [케이원푸드] 냉동 닭가슴살 1kg+1kg 2kg, 1kg, 2개 18%14,900원 12,200원 (100g당 610원) 2/10(화) 도착 예정 4.5 (755) 최대 610원 적립",,,,,
"무료배송 푸드팜 호박씨, 1kg, 1개 10,800원 (100g당 1,080원) 2/10(화) 도착 예정 4.5 (12951) 최대 540원 적립",,,,,
[마음이가] 현미 귀리 가래떡 500g (개별 포장),,,,,
[네스프레소 버츄오] 커피 캡슐(아이스/레제로) 10개입(80mL),,,,,
두툼한 손질 임연수 450g (특/2입) (냉동),,,,,
"하림 자연실록 무항생제 인증 볶음탕용 닭고기 (냉장), 1kg, 2개 14%19,980원 17,030원 (100g당 852원) 내일(일) 새벽 도착 보장 5 (76181) 최대 851원 적립",,,,,
[프릳츠] 커피 캡슐 10개입 3종(택1)(네스프레소 호환),,,,,
"무료배송 미트리 닭가슴살 볼 7종 혼합 7팩 (1세트), 100g, 7개 할인32%17,500원 11,900원 (100g당 1,700원) 2/10(화) 도착 예정 5 (10097) 최대 595원 적립",,,,,
[워터라이트] 마시는 수액음료 워터라이트 230ml (1병/6병) 2종 (택1),,,,,
"혼합야채 4종 (냉동), 1kg, 2개 7,860원 (100g당 393원) 내일(일) 새벽 도착 보장 5 (16774) 최대 393원 적립",,,,,
[와인앤모어픽업]샤또 오 카디날 ((와인)),,,,,
[하림 The 미식] 해물짬뽕,,,,,
"리챔 오리지널, 200g, 10개 20%30,000원 24,000원 (10g당 120원) 내일(일) 도착 보장 5 (94419) 최대 1,200원 적립",,,,,
[풀무원다논] 액티비아 화이트 플레인 (80g X 8개),,,,,
"해태제과 아이비, 309g, 1개 3,510원 (10g당 114원) 내일(일) 새벽 도착 보장 5 (1755) 최대 158원 적립",,,,,
[집반찬연구소KIDS] 한우 야채짜장 150g,,,,,
[CU 픽업] 심백 준마이다이긴죠,,,,,
"무료배송 웅진식품 초록매실 캔 업소/가정 랜덤, 30개, 180ml 9,550원 (100ml당 177원) 2/11(수) 도착 예정 5 (249) 최대 478원 적립",,,,,
[바다해] 구운 쥐포채 200g,,,,,
[산줄리아노] 롱파스타 4종,,,,,
[CU 픽업] )미오스파클링 750ml,,,,,
"투데이넛 껍질째 구운통캐슈넛, 300g, 1개 23%11,100원 8,470원 (100g당 2,823원) 내일(일) 도착 보장 5 (908) 최대 424원 적립",,,,,
"풀무원 식물성지구식단 두부면 얇은면, 100g, 5개 10,840원 (100g당 2,168원) 내일(일) 새벽 도착 보장 5 (24813) 최대 542원 적립",,,,,
[속초해품] 실속형 요리용 분란,,,,,
[와인앤모어픽업]코노수르 비씨클레타 샤도네이 ((와인)),,,,,
[스톡] 웨더스 오리지널 클래식 무설탕 캔디 1kg,,,,,
"국내산 손질 순살 삼치 (냉동), 1개, 1kg 15,900원 (100g당 1,590원) 내일(일) 새벽 도착 보장 4.5 (851) 최대 745원 적립",,,,,
[웬떡] 오곡찰밥,,,,,
[성지농장] 저탄소/동물복지 인증 한돈 10종 (냉장),,,,,
"롯데웰푸드 크런키 더블크런치바 미니, 513g, 1개 9,900원 (10g당 193원) 내일(일) 도착 보장 5 (11410) 최대 495원 적립",,,,,
"더건강한 그릴김밥햄, 280g, 1개 28%7,480원 5,380원 (10g당 192원) 내일(일) 새벽 도착 보장 5 (4192) 최대 269원 적립",,,,,
"미정당 스팸 부대찌개, 2개, 350g 17%7,580원 6,240원 (100g당 891원) 내일(일) 도착 보장 4.5 (1564) 최대 312원 적립",,,,,
"대상 참나무 훈연 샌드위치햄, 200g, 1개 25%4,990원 3,740원 (10g당 187원) 내일(일) 새벽 도착 보장 5 (20663) 최대 187원 적립",,,,,
[콜린스 다이닝] 지중해식 샐러드&차지키 소스,,,,,
[선물세트] [한국생활건강연구소] PM 에너지 x 2박스 (60일분),,,,,
[덴프스] 덴마크 유산균이야기 (60일분),,,,,
[뉴트리원] 리포좀 비타민C 골드 (30일분),,,,,
[정관장] 궁정비차 진생기율 40포,,,,,
"청정원 명란맛 바사삭김 김자반, 50g, 1개 20%4,980원 3,980원 (10g당 796원) 내일(일) 도착 보장 5 (457) 최대 199원 적립",,,,,
[롯데햄] 두툼김밥햄 240g(120g*2),,,,,
"무료배송 외강내유 품질우수 정품 팬시 레몬, 1개, 2kg(중과/18~25개입) 11,790원 (100g당 590원) 2/11(수) 도착 예정 4.5 (290) 최대 590원 적립",,,,,
[브리도] 뺑 바타르 330g,,,,,
[김소영 아티장의 안단테] 사토리 파마산 슈레드 치즈 198g,,,,,
[오뚜기] 1/2 하프 케찹 2종 (택1),,,,,
[THE짙은] YBD 돈마호크 구이용 750g,,,,,
수삼 200g,,,,,
[존쿡 델리미트] 목살 베이컨 150g,,,,,
[백봉오골계] 백봉오골계 자유방목 유정란 10구,,,,,
[로트벡쉔] 메노-밸런스 바이탈 1박스(10일분),,,,,
[오설록] 티 에디션 아일랜드 6종 선물세트,,,,,
[타바론] 현미 녹차 (3g X 15개),,,,,
"무료배송 제주 고당도 햇 노지감귤 하우스감귤, 5kg 대과, 1박스 쿠폰할인24%20,900원 15,850원 (100g당 317원) 2/11(수) 도착 예정 4 (2376) 최대 793원 적립",,,,,
[CU 픽업] 카스740ml*15캔,,,,,
[우주] 진도 곱창돌김 35g (10매),,,,,
[청정원] 참나무로 훈연한 살코기햄 1kg,,,,,
[주전부리마켓] 쏙쏙 뽑아먹는 피쉬스낵 140g,,,,,
[툭툭누들타이] 갈비 쌀국수,,,,,
[테라로사] 드립백 세트10g X 30개 2종(택1),,,,,
"더건강한 닭가슴살 샌드위치햄, 90g, 2개 51%8,960원 4,340원 (100g당 2,411원) 내일(일) 새벽 도착 보장 5 (8903) 최대 217원 적립",,,,,
[온하루] 호박고지나물,,,,,
"사조 해표 콩기름 식용유, 1.5L, 3개 39%22,500원 13,530원 (100ml당 301원) 내일(일) 도착 보장 5 (333923) 최대 676원 적립",,,,,
국산 단호박 1통,,,,,
[위크위크서울] 바질 페스토(냉장),,,,,
[청해두부] 토종콩 두부 & 순두부 (2개입) (택1),,,,,
[프로즌프레시] 맛좋은녹즙 ABC 주스 (120mL X 10개),,,,,
"향유 진한 참바른 저온압착 참기름, 350ml, 1개 쿠폰할인7%13,200원 12,200원 (10ml당 349원) 내일(일) 새벽 도착 보장 4.5 (1875) 최대 610원 적립",,,,,
[아티장 비스킷] 파르미지아노 레지아노 치즈 크래커 45g,,,,,
[담터] 쌍화차플러스 (15g X 15개),,,,,
"무료배송 지방완벽손질 미국산 HACCP인증 꽃갈비 la갈비, 1.5kg, 1개 쿠폰할인56%129,800원 56,700원 (100g당 3,780원) 모레(월) 도착 예정 5 (62) 최대 2,835원 적립",,,,,
[청정원] 클래식돈카츠소스 250g,,,,,
[전통주] 우리도가 옥지춘 프리미엄막걸리 (10도 750mL),,,,,
"곰곰 냉동 실속 다진마늘, 1kg, 1개 9,190원 (10g당 92원) 내일(일) 새벽 도착 보장 4.5 (6642) 최대 460원 적립",,,,,
[네스프레소] 비엔나 리니지오 룽고 커피 캡슐 10개입(110mL),,,,,
[쌜모네키친] 오로라 생연어횟감 200g,,,,,
[삼원가든] 전통양념갈비 500g(냉동),,,,,
[CU 픽업] 와일드터키101라이,,,,,
"킨더가든 한우 야채 하이라이스, 130g, 1개 10%4,780원 4,300원 (100g당 3,308원) 내일(일) 새벽 도착 보장 4.5 (1027) 최대 215원 적립",,,,,
[키토제니] 방탄커피 버터커피 (230mL X 6개),,,,,
"무료배송 [3일간초특가] 고당도 국내산 부사 사과, 1개, 5kg 쿠폰할인59%58,900원 23,890원 (100g당 478원) 2/11(수) 도착 예정 5 (43) 최대 1,195원 적립",,,,,
[폰타나] 밀라노 크림치즈 로제 파스타소스 1.5kg (10인분),,,,,
[코다노] 후레쉬 보코치니 모짜렐라 500g,,,,,
"병아리콩, 5kg, 1개 10,800원 (100g당 216원) 내일(일) 도착 보장 5 (23320) 최대 540원 적립",,,,,
"올리타리아 엑스트라버진 올리브유, 500ml, 2개 27,200원 (100ml당 2,720원) 내일(일) 도착 보장 5 (34765) 최대 1,360원 적립",,,,,
[KF365] 닭가슴살로 만든 닭갈비 600g (300g*2ea),,,,,
[픽앤치즈] 슈라이버 크림치즈 미니컵 (21g X 4입),,,,,
[올핏] 당제로 유기농 레몬생강즙100 14포,,,,,
[쿠스미티] 유기농 필 젠 2종,,,,,
"돈키호테 순식간에 어디서나 TKG? 간장계란밥 소스, 144g, 2개 할인5%18,760원 17,670원 (100g당 6,135원) 2/11(수) 도착 예정 5 (1490) 최대 884원 적립",,,,,
[온하루] 만둣국 키트 (2인분),,,,,
"오뚜기 스위트칠리소스, 350g, 1개 4,200원 (100g당 1,200원) 내일(일) 새벽 도착 보장 5 (1042) 최대 210원 적립",,,,,
밀크클래식 쌀과자 머스크메론맛 240g,,,,,
[가농바이오] 단백이,,,,,
[떡편] 찰떡 세트(곶감찰떡+쑥인절미) 450g,,,,,
[CU 픽업] 니모메375ml*2병,,,,,
[CU 픽업] 데몬스럼6년,,,,,
[롯데] 사랑방 동결건조 캔디,,,,,
[라빈리커픽업][추천주특가]팔리에로 아파시멘토 로쏘 파시토 22 (와인),,,,,
[진가네반찬] 마늘쫑양념무침,,,,,
[일 티넬로 델 발사미코] 화이트 발사믹 글레이즈,,,,,
"청정원 요리한수 오징어볶음 양념, 140g, 2개 3,250원 (100g당 1,161원) 내일(일) 새벽 도착 보장 5 (1021) 최대 163원 적립",,,,,
[타르틴베이커리] 바나나파운드케이크 400g,,,,,
[하인즈] 사우전드 아일랜드 드레싱 428g,,,,,
"햇반 차돌깍두기볶음밥 (냉동), 205g, 4개입 27%13,160원 9,530원 (100g당 1,162원) 내일(일) 새벽 도착 보장 5 (13433) 최대 476원 적립",,,,,
"횡성명품한우 횡성한우 1+등급 국거리용 (냉장), 180g, 1개 23%19,990원 15,200원 (100g당 8,444원) 내일(일) 새벽 도착 보장 5 (21090) 최대 760원 적립",,,,,
[CU 픽업] 토마틴18년,,,,,
비트 2kg 박스,,,,,
"고래사어묵 어묵면 떡볶이, 362g, 1개 5,410원 (100g당 1,494원) 내일(일) 새벽 도착 보장 4.5 (1300) 최대 240원 적립",,,,,
[Biscuiterie de Provence] [밀가루0%] 아몬드 케이크 4종,,,,,
[오쏘몰X해리스트위드] 오쏘몰 이뮨(30일분)+태블릿파우치 세트,,,,,
"내츄럴스파이스 4색 혼합후추 리필용, 200g, 1개 8,610원 (10g당 431원) 내일(일) 도착 보장 5 (654) 최대 430원 적립",,,,,
레드 송이 토마토 750g,,,,,
[비비고] 순대 곱창전골 550g,,,,,
[아리울떡공방] 굳지않는 앙금가래떡 350g (지퍼백),,,,,
[롯데] 자일리톨 랩워터링 2종,,,,,
[비비고] 깻잎고기만두 400gX2개입,,,,,
"무료배송 그대로푸드 탈피들깨가루, 1kg, 1개 21%12,390원 9,690원 (100g당 969원) 2/10(화) 도착 예정 4.5 (10616) 최대 485원 적립",,,,,
[CU 픽업] 아스코니솔네말벡,,,,,
[비비고] 견과류 멸치볶음,,,,,
[자연담은] 레드렌틸콩 1kg,,,,,
"무료배송 바다의품격 당일채취 손질 세척 생홍합, 1개, 5kg 할인36%15,000원 9,560원 (100g당 191원) 2/11(수) 도착 예정 4 (3364) 최대 478원 적립",,,,,
[CU 픽업] 제이드크레망NV,,,,,
[전통주] 성수주조 리얼 딸기막걸리 (6도 750mL),,,,,
"양반 들기름김, 4.5g, 20개 49%15,990원 8,050원 (10g당 894원) 내일(일) 새벽 도착 보장 5 (24513) 최대 403원 적립",,,,,
[정호영의 우동카덴] 니꾸 우동,,,,,
[선물세트] 피터래빗 웨이퍼롤 기획 (100g X 4입),,,,,
"샘표 담백한 샤브샤브 육수 3~4인분, 200g, 1개 9%2,980원 2,700원 (10g당 135원) 내일(일) 새벽 도착 보장 5 (4960) 최대 135원 적립",,,,,
[쌍계명차] 쌍계 쌍화차 선물세트,,,,,
"무료배송 한끼농산 국산 100% 혼합곡 17곡 3kg (1kgx3봉), 3개, 1kg 할인41%21,900원 12,900원 (100g당 430원) 2/13(금) 도착 예정 4.5 (1712) 최대 645원 적립",,,,,
[선물세트] 사비니 클래시코 트러플 세트 1호,,,,,
"딸기 (냉동), 1개, 1kg 4,750원 (100g당 475원) 내일(일) 새벽 도착 보장 4.5 (1600) 최대 238원 적립",,,,,
"무료배송 고향집 기피 박피 들깨가루, 1개, 1kg 55%18,900원 8,460원 (100g당 846원) 2/10(화) 도착 예정 4.5 (609) 최대 423원 적립",,,,,
[CU 픽업] 칵번파인루비소호,,,,,
[야마끼] 국물용 하나 가쓰오부시 50g,,,,,
[요플레] 1000배 닥터캡슐 요구르트 2종 (130mL X 4개) (택1),,,,,
뚝딱! 라면 앤 채소 500g (냉동),,,,,
[쌉 : SAAP] 팟타이 2인분,,,,,
[CU 픽업] 뽀므리로제만다라,,,,,
"7D 초코 건망고, 80g, 5개 31%29,900원 20,500원 (100g당 5,125원) 1,000원 와우 가입 쿠폰 내일(일) 도착 보장 4.5 (225) 최대 975원 적립",,,,,
[더건강한] 그릴 김밥햄,,,,,
[안국건강] 아이메가 rTG오메가3 미니 (30일분),,,,,
[보난자커피] 블렌드 원두 250g,,,,,
[덴마크] 소화가 잘되는 우유로 만든 커피 4종 (택1),,,,,
"유니온천년알카리수, 2L, 6개 9,200원 (100ml당 77원) 내일(일) 도착 보장 5 (21476) 최대 423원 적립",,,,,
"무료배송 깔끔이 코다리 반건조 손질 생선 속초 조림 찜 명태, 1박스, 왕특대 8미(49cm 이상) 쿠폰할인43%49,000원 27,600원 2/10(화) 도착 예정 4.5 (581) 최대 1,380원 적립",,,,,
[쿠스미티] 유기농 아나스타샤 2종,,,,,
"곡물을 만나다 찰흑미, 1kg, 1개 5,980원 (100g당 598원) 내일(일) 도착 보장 4.5 (4920) 최대 299원 적립",,,,,
[올핏] 올리브레몬샷 14개입,,,,,
[유기샘] 아몬드 대추야자 (콩고물) 140g,,,,,
"[캐나다 빵집, 불라트] 올리브 푸가스 (340g X 2개)",,,,,
"곰곰 100% 국산콩 순두부, 400g, 1개 1,440원 (100g당 360원) 내일(일) 새벽 도착 보장 5 (19245) 최대 72원 적립",,,,,
"백설 저당 오리엔탈 드레싱, 250g, 1개 50%4,980원 2,490원 (100g당 996원) 내일(일) 새벽 도착 보장 5 (354) 최대 125원 적립",,,,,
"서울우유 짜먹는 요구르트 짜요짜요 딸기, 40g, 6개입, 2개 2%4,980원 4,880원 (10g당 102원) 내일(일) 새벽 도착 보장 5 (61139) 최대 244원 적립",,,,,
[담터] 발아 현미 쑥차 (15g X 15포),,,,,
"생선파는언니 조리하기 간편한 붉은 대게살 2개입 (냉동), 100g, 1개 10,280원 (100g당 10,280원) 내일(일) 새벽 도착 보장 5 (352) 최대 514원 적립",,,,,
비트 1kg,,,,,
[CU 픽업] 그레이구스포아,,,,,
[선물세트] 홍영의 세트 2호,,,,,
"무료배송 난각번호 1번 무항생제 친환경 계란 청정한알, 30구, 1개 7%25,610원 23,630원 (1구당 788원) 2/10(화) 도착 예정 5 (812) 최대 922원 적립",,,,,
[CU 픽업] 메나쥬미드레드,,,,,
"[전통주] 심술취향찾기 6입 (7도,12도,330ml * 6입)",,,,,
[CU 픽업] 알타비스타브륏블랑블,,,,,
[비비고] 부산식 낙곱새 560g,,,,,
[마마리] 오징어 무국,,,,,
"[전통주] 오매락 (25도, 375mL)",,,,,
"다담 매콤떡볶이 양념, 140g, 2개 35%5,100원 3,290원 (100g당 1,175원) 내일(일) 새벽 도착 보장 5 (3969) 최대 165원 적립",,,,,
"동원 양반 구운김밥김, 2개, 22g 18%6,960원 5,700원 (10g당 1,295원) 내일(일) 도착 보장 4.5 (773) 최대 285원 적립",,,,,
"무료배송 [백년농가] 햅쌀 혈당강하쌀 당뇨쌀 바나듐쌀 바나듐뿍쌀 건강백미(1kg*5봉), 5kg, 1개 할인53%100,000원 46,260원 (100g당 925원) 2/11(수) 도착 예정 4.5 (16177) 최대 2,313원 적립",,,,,
"몽쉘 생크림케이크 오리지널 12개입, 408g, 2개 9,320원 (10g당 114원) 내일(일) 도착 보장 5 (57195) 최대 466원 적립",,,,,
뚝딱! 고추가 들어간 찌개용 채소 500g (냉동),,,,,
[윤서울] 김도윤 셰프의 한돈 고추장불고기,,,,,
[미자언니네] 얼큰 순대국 (2인분),,,,,
"담터 꿀유자 생강차, 1kg, 1개, 1개입 17%12,900원 10,650원 (10g당 107원) 내일(일) 도착 보장 5 (65) 최대 533원 적립",,,,,
"청정원순창 조개멸치 된장찌개 양념, 450g, 1개 33%8,700원 5,800원 (100g당 1,289원) 내일(일) 새벽 도착 보장 5 (2533) 최대 290원 적립",,,,,
"데체코 마팔디네 파스타, 500g, 1개 14%7,480원 6,360원 (100g당 1,272원) 내일(일) 도착 보장 5 (375) 최대 318원 적립",,,,,
[샘표] 순작 작두콩차 티백 (0.8g X 40개),,,,,
"지도표성경김 녹차 곱창돌김, 4g, 16개 19%9,900원 7,990원 (10g당 1,248원) 내일(일) 도착 보장 5 (681) 최대 400원 적립",,,,,
[와인앤모어픽업]톨라이니 끼안티 클라시코 그란 셀레지오네 DOCG ((와인)),,,,,
[아르토스베이커리] 통밀 그대로빵 180g,,,,,
"국내산 달래, 150g, 3개 9,750원 (100g당 2,167원) 내일(일) 새벽 도착 보장 4.5 (16499) 최대 488원 적립",,,,,
[마이셰프] 갈릭 비프 스테이크,,,,,
[리치] 플랫브레드 340g,,,,,
"셰프초이스 한돈 양념 돼지 불고기, 1kg, 1개 30%19,900원 13,900원 (100g당 1,390원) 내일(일) 새벽 도착 보장 4.5 (39878) 최대 600원 적립",,,,,
[미스터 브라우니] 브라우니 파이 3종 (택1),,,,,
[얼라이브] 원스데일리 멀티 선물세트 (120일분),,,,,
[오트사이드] 미니 귀리음료 3종 (200mL X 6개),,,,,
친환경 GAP 생목이버섯 150g,,,,,
[선물세트] 전통주 우희열 명인 한산소곡주 (18도 700mL),,,,,
"젤리젤리 부드럽고 촉촉한 한입 카스테라, 1kg, 1박스 할인23%22,500원 17,210원 (10g당 172원) 내일(일) 도착 보장 새 상품, 반품-미개봉 (4) 최저16,690원 4.5 (7586) 최대 860원 적립",,,,,
[허쉬] 다크초콜릿 아사이 앤드 블루베리 210g,,,,,
"딜라잇가든 크랜베리 (냉동), 1kg, 1개 11,020원 (100g당 1,102원) 내일(일) 새벽 도착 보장 4.5 (661) 최대 551원 적립",,,,,
[김미떡] 유기농설탕 눈사람 꿀떡 400g,,,,,
[CU 픽업] 까테나알타까쇼,,,,,
[설혜담] 바른녹용 골드 30포,,,,,
[맥시칸] 양념치킨 순살 300g,,,,,
[지노프레쉬] 지노프레쉬 질유산균 & 비피더스 100억 (30일분),,,,,
[Kurly's] 동물복지 백색 유정란 15구,,,,,
[네이처메이드] 웰블렌즈 면역&에너지 (30일분),,,,,
[CU 픽업] 폰타나프레다 브라케토다뀌,,,,,
"청정원 명가 소불고기 양념, 500g, 2개 21%6,800원 5,360원 (100g당 536원) 내일(일) 도착 보장 5 (15028) 최대 268원 적립",,,,,
[해담소찬] 양념 깻잎 무침,,,,,
[99달걀] 99구운란 30구 (15구*2),,,,,
"곰곰 리얼 100% 땅콩버터 스무스, 230g, 1개 44%9,900원 5,450원 (100g당 2,370원) 내일(일) 도착 보장 4.5 (136) 최대 255원 적립",,,,,
[이야이야앤프랜즈] 유기농 NFC 레몬즙 스틱형 (25mlx15포),,,,,
[CU 픽업] 토후말보로피노,,,,,
[전통주] 산머루농원 감악산 머루주 (12도 360mL),,,,,
"필라델피아 크림치즈, 190g, 1개입, 2개 쿠폰할인7%9,490원 8,750원 (10g당 230원) 내일(일) 새벽 도착 보장 5 (98948) 최대 438원 적립",,,,,
[CU 픽업] 아스코니솔네피노누아,,,,,
"[셀렉스] 밀세라 콜라겐 1,200mg 에스테틱 파우더 스틱 2.7g x 28개입",,,,,
[몽슈슈] 떠먹는 도지마,,,,,
"셰프초이스 한돈 양념 돼지 불고기, 1kg, 1개 30%19,900원 13,900원 (100g당 1,390원) 내일(일) 새벽 도착 보장 4.5 (39879) 최대 600원 적립",,,,,
[강고집] 로스팅 국물팩,,,,,
[오리온] 톡핑 아몬드 & 그래놀라 43g X 10개입,,,,,
[CU 픽업] 카챠샤51 럼,,,,,
"무료배송 [파격특가] 고당도 가정용 부사사과 못난이사과, 1박스, 특가_10KG 쿠폰할인58%89,000원 36,900원 (100g당 369원) 2/11(수) 도착 예정 4.5 (297) 최대 1,845원 적립",,,,,
[가토미작] 블루베리 그릭요거트 보틀 케이크 (105g X 2개입),,,,,
[CU 픽업] 블랙바틀스모크앤대거,,,,,
"무료배송 [상위1% 생산자직송] 최상급 경북 청송 정품 사과 부사, 1박스, 5kg 대과 (12-16과) 할인60%109,700원 43,850원 (100g당 877원) 2/13(금) 도착 예정 4 (57) 최대 2,193원 적립",,,,,
신진도 가을 알품은 꽃게 1kg (냉동),,,,,
"무료배송 [농협안심한우] 따봉프레시 육즙가득 1++ 구이용 명절 선물세트, 1개, 1000g 쿠폰할인40%183,000원 109,800원 (100g당 10,980원) 2/10(화) 도착 예정 4.5 (233) 최대 5,490원 적립",,,,,
"햇살팜 베트남 통고추, 100g, 1개 24%5,407원 4,100원 (100g당 4,100원) 내일(일) 도착 보장 5 (3136) 최대 205원 적립",,,,,
[미각제빵소] 초코 소라빵 90g,,,,,
[서울마님] 카스테라 한입 인절미 2종 (3봉) (택1),,,,,
[롯데웰푸드] 0 칼로리 바 3종 (75mL X 10개) (택1),,,,,
"무료배송 산과들에 하루건자두20g 푸룬, 60개 할인12%22,890원 19,980원 (1세트당 333원) 2/10(화) 도착 예정 4.5 (1750) 최대 989원 적립",,,,,
[하선정] 김밥 단무지,,,,,
[선물세트] 전통주 안동소주일품 골드 21도 40도세트 (500mL 2병),,,,,
[일드프랑스] 쁘띠 브리 125g,,,,,
"롯데웰푸드 빠다코코낫, 100g, 3개 3,600원 (10g당 120원) 내일(일) 새벽 도착 보장 5 (4110) 최대 180원 적립",,,,,
[LITTLENECK] 리틀넥 라자냐,,,,,
[미미사] 분모자,,,,,
[햇님마을] 국산 기름 선물세트 (참기름+들기름),,,,,
[셰프초이스] 한돈 양념 돼지 불고기 1kg (냉장),,,,,
"무료배송 최상품 국내산 단단한 무안 햇 양파, 5kg(중대 혼합), 1박스 할인43%20,000원 11,390원 (100g당 228원) 2/10(화) 도착 예정 4.5 (7004) 최대 564원 적립",,,,,
[GNC] 메가맨 멀티비타민 앤 미네랄 (45일분),,,,,
[정다운] 훈제 돼지 삼겹 슬라이스 400g (냉장),,,,,
"농협식품 크리스피롤 21곡 소금우유맛, 170g, 1개 11%4,980원 4,430원 (10g당 261원) 내일(일) 도착 보장 5 (1769) 최대 221원 적립",,,,,
"이롬 황성주 박사의 국산콩 두유 무가당, 3.04L, 1개 44%17,900원 10,000원 (100ml당 329원) 내일(일) 도착 보장 5 (51717) 최대 500원 적립",,,,,
[라라스윗] 꿀고구마 아이스크림 2종 (택1),,,,,
[엠디스] 제대로담은 오색떡국떡,,,,,
"비비고 육개장, 500g, 3개 46%17,940원 9,600원 (100g당 640원) 내일(일) 새벽 도착 보장 5 (2134) 최대 480원 적립",,,,,
친환경 미나리 200g,,,,,
[폰타나]  파스타 소스 600g 6종,,,,,
"안성탕면 컵 66g, 12개 10,700원 (1개당 892원) 내일(일) 도착 보장 5 (11941) 최대 535원 적립",,,,,
[조선호텔] 한우 나주식 곰탕 600g,,,,,
"삼립 오븐에 구운 버터 휘낭시에, 45g, 8개입, 1개 5,790원 (10g당 161원) 내일(일) 새벽 도착 보장 5 (3618) 최대 290원 적립",,,,,
"무료배송 수제 두바이 쫀득쿠키 두쫀쿠, 4개, 50g 9%32,000원 29,000원 (10g당 1,450원) 2/10(화) 도착 예정 5 (153) 최대 1,450원 적립",,,,,
[락티브] 우리아이 비타민D 드롭 10ml,,,,,
"한끼한포 스틱 김자반 7p, 70g, 1개 35%5,000원 3,220원 (10g당 460원) 내일(일) 새벽 도착 보장 5 (346) 최대 161원 적립",,,,,
뚝딱! 볶음용 채소 500g (냉동),,,,,
[나폴레옹] 오렌지 파운드케이크 290g,,,,,
[26년 설] [CU 픽업] 더글렌그란트21년,,,,,
"국내산 카이피라, 200g, 1개 3,890원 (100g당 1,945원) 내일(일) 새벽 도착 보장 5 (2875) 최대 195원 적립",,,,,
[디어파인] 시그니처 그릭요거트,,,,,
[안단잼] 과일함량 80% 잼 3종 (택1),,,,,
[프롬바이오] 위건강엔 매스틱 (15일분),,,,,
"해표 요리백미 고추맛기름, 1.8L, 3개 48%41,540원 21,390원 (100ml당 396원) 2/10(화) 도착 예정 5 (3032) 최대 1,070원 적립",,,,,
[네이처스웨이] 키즈 유산균 초코볼 50정,,,,,
[떡편] 옥수수 기정떡(술떡) (30g X 8개),,,,,
"틈새라면 스프 20p, 100g, 1개 28%6,000원 4,300원 (100g당 4,300원) 내일(일) 도착 보장 4.5 (2116) 최대 215원 적립",,,,,
[하리보] 룰렛 믹스 350g,,,,,
[일동후디스] 하이뮨 루테인지아잔틴아스타잔틴 (30일분),,,,,
[선물세트] 메리루스 비타민C 구미 60개입+비타민D 구미 60개입,,,,,
"해쉬브라운 패티 트레이 20개입 (냉동), 1개, 1.28kg 7,990원 (100g당 624원) 내일(일) 새벽 도착 보장 5 (5097) 최대 400원 적립",,,,,
"무료배송 가온애 볶은땅콩, 1kg, 1개 할인3%10,200원 9,890원 (100g당 989원) 2/10(화) 도착 예정 4.5 (14945) 최대 490원 적립",,,,,
"스팸 클래식, 340g, 3개 45%23,480원 12,770원 (10g당 125원) 내일(일) 새벽 도착 보장 5 (3752) 최대 639원 적립",,,,,
[천호엔케어] 레몬생강청 30팩,,,,,
"곰곰 당도선별 사과, 1.5kg(대과), 1개 17,290원 (100g당 1,153원) 내일(일) 새벽 도착 보장 4 (37935) 최대 865원 적립",,,,,
[김정배명인] 대용량 새우젓 2종 (택1),,,,,
[곱창파는청년들] 한우곱창,,,,,
[파스쿠알] 스페인 포션 버터 무염 (10g X 12입),,,,,
통연근 그대로 튀긴 연근칩 30g,,,,,
"조인 동물복지 인증 유정란 갈색 백색 랜덤발송 1.56kg, 1개, 30구 9,980원 (1구당 333원) 내일(일) 새벽 도착 보장 4.5 (247) 최대 499원 적립",,,,,
[서촌 영화루] 고추 간짜장 2인분,,,,,
"그린피아 된장찌개용 손질된 채소 (냉동), 450g, 1개 5,900원 (100g당 1,311원) 내일(일) 새벽 도착 보장 5 (3566) 최대 295원 적립",,,,,
[풀무원] 짜먹는 나또 2종 (택1),,,,,
"무료배송 사리원 70년 전통의 소불고기500g 4팩, 4개, 500g 할인12%22,900원 20,150원 (100g당 1,008원) 2/12(목) 도착 예정 4 (376) 최대 1,008원 적립",,,,,
[카누] 밸런스 디카페인 커피 캡슐 (5.7g X 10개)(네스프레소 호환),,,,,
[미니막스 정글] 칼슘비타민D 사과맛 (30일분),,,,,
"청은에프엔비 볶음콩가루, 1개, 1kg 5,550원 (100g당 555원) 내일(일) 도착 보장 4.5 (3390) 최대 278원 적립",,,,,
[곰표] 곰방굽는 곰붕어빵 300g,,,,,
[CU 픽업] 로스바스코스까르미네,,,,,
"무료배송 매일 뼈로가는 칼슘치즈 180gx3팩, 180g, 3개 11,280원 (10g당 209원) 2/10(화) 도착 예정 5 (3223) 최대 564원 적립",,,,,
"오뚜기 가벼운참치 살코기, 135g, 4개 31%11,480원 7,920원 (10g당 147원) 내일(일) 새벽 도착 보장 5 (1320) 최대 396원 적립",,,,,
"무료배송 가온애 대용량 햇 볶음 땅콩, 3.75kg, 1개 할인4%22,800원 21,700원 (100g당 579원) 2/10(화) 도착 예정 4.5 (879) 최대 1,085원 적립",,,,,
[청정원] 우리아이케찹 620g,,,,,
"포크리퍼블리카 돼지삼겹살 슬라이스 구이 찌개용 5개입 (냉동), 1개, 1kg 14,900원 (100g당 1,490원) 내일(일) 새벽 도착 보장 4.5 (1503) 최대 745원 적립",,,,,
[이연복의 목란] 샤오롱바오,,,,,
[청오] 견과류가 듬뿍 들어간 생강차 (15g X 10개),,,,,
[페이장브레통] 휘핑크림 200ml,,,,,
"무료배송 샘표 진간장 금F3, 500ml, 2개 할인25%9,900원 7,330원 (100ml당 733원) 2/10(화) 도착 예정 5 (84578) 최대 366원 적립",,,,,
"요리락 고추장 제육 불고기, 1kg, 1개 25%17,900원 13,400원 (100g당 1,340원) 내일(일) 새벽 도착 보장 5 (4389) 최대 670원 적립",,,,,
[비비고] 육즙불고기찐만두168g,,,,,
"하림 자연실록 무항생제 인증 닭봉 윗날개 (냉장), 350g, 1개 6,000원 (100g당 1,714원) 내일(일) 새벽 도착 보장 5 (40447) 최대 300원 적립",,,,,
[RARE : 레어] 1++(8) 한우 서울스트립 300g,,,,,
"곰곰 닭가슴살 소시지, 30g, 24개 30%9,800원 6,860원 (100g당 953원) 내일(일) 도착 보장 4.5 (91) 최대 343원 적립",,,,,
친환경 브라운 양송이 150g,,,,,
[선물세트][동원] 참치 T28호,,,,,
[애슐리] 당면듬뿍 매콤 안동찜닭,,,,,
[광동생활건강] 광옥고 밸런스 (100일분),,,,,
[라이스웰] 황동판에 구운 찹쌀누룽지,,,,,
[호라] 제주 말차 파우더 300g,,,,,
[진가네반찬] 무말랭이김치 400g (대용량),,,,,
[빙그레] 바나나맛 우유 (240mL X 4개),,,,,
[콜린스 다이닝] 그린후무스&닭가슴살 샐러드,,,,,
[선물세트] 경복궁 BLACK 도가니탕&고기곰탕 (4개입),,,,,
[바른생선] 장문볼락살 2종 (냉동) (택1),,,,,
[보르게스] 퓨어 올리브 오일 500mL,,,,,
[하루한콩] 히말라야 솔트를 뿌린 구운 서리태(15g*22개),,,,,
[해표] 식용유 1.8L,,,,,
"닥터유 프로단백질바 크런치 한입쏙 34p, 420g, 1개 11,740원 (10g당 280원) 내일(일) 도착 보장 5 (7024) 최대 587원 적립",,,,,
[파스키에] 브레첼 (45gX6개입),,,,,
[올핏] 레드핏 버닝 다이어트 CLA (14일분),,,,,
"무료배송 포항 구룡포 해풍 과메기 산지직송, 1개, 완전손질 꽁치과메기 10미 20쪽 (과메기만) 할인46%35,000원 18,900원 (100g당 82,174원) 2/10(화) 도착 예정 5 (364) 최대 945원 적립",,,,,
"떡미당 두바이 초코 찹쌀떡 (냉동), 40g, 1개, 6개입 13,900원 (10g당 579원) 내일(일) 새벽 도착 보장 4.5 (634) 최대 695원 적립",,,,,
"무료배송 [타임특가] 고당도 제주 한라봉 특품중과, 1개, 2kg 할인73%50,000원 13,280원 (100g당 664원) 2/12(목) 도착 예정 4.5 (211) 최대 664원 적립",,,,,
[바오담] 떠먹는 약식 200g,,,,,
[투시] 팝스 미니스 800g,,,,,
[크래프트] 슈레드 멕시칸 포치즈 226g,,,,,
"오뚜기 오쉐프 오곡잣호두율무차, 800g, 1개입, 1개 7,510원 (10g당 94원) 내일(일) 도착 보장 4.5 (2745) 최대 375원 적립",,,,,
[디어파인] 블루베리 그릭요거트,,,,,
[그릭데이] 그릭요거트 라이트 450g,,,,,
"무료배송 통영 성우수산 산지직송 깨끗한 세척 선별 석화 각굴 5Kg 10Kg 15Kg 20Kg, 1박스 26%42,000원 30,900원 (100g당 309원) 2/10(화) 도착 예정 4.5 (3769) 최대 1,545원 적립",,,,,
항공직송 프리미엄 북해도 바훈우니 100g (냉장),,,,,
"무료배송 구월의아침 쪄서볶은 귀리분말쉐이크 귀리미숫가루 선식, 500g, 4개 할인47%25,190원 13,200원 (100g당 660원) 2/10(화) 도착 예정 5 (6430) 최대 660원 적립",,,,,
[정관장] 양삼 20지 600g + (쇼핑백증정),,,,,
[해태] 부라보콘 (160mL X 5개입),,,,,
"스프라이트 제로 사이다, 190ml, 30개 14,500원 (100ml당 254원) 내일(일) 도착 보장 5 (8271) 최대 725원 적립",,,,,
[김구원선생] 서리태 연두부 6입,,,,,
[청정원] 밥엔 후리가케 3종,,,,,
[미자언니네] 가지강정 대용량 160g,,,,,
[일양약품] 멜라토닌 리퀴드 20g x 14포,,,,,
[CU 픽업] 알타비스타말벡,,,,,
[호떡당] 꿀호떡 (70g X 5개),,,,,
[CU 픽업] 라포스톨뀌베알렉상20,,,,,
[PPUL] 1++(9) 한우 절단국거리용 200g (냉장),,,,,
"목우촌 주부9단 불고기햄, 300g, 1개 15%6,980원 5,870원 (10g당 196원) 내일(일) 새벽 도착 보장 5 (7126) 최대 294원 적립",,,,,
[선물세트] 경주천년한우 1++ 실속 세트 (냉장),,,,,
[PPUL] 1++(9) 한우 제비추리 150g (냉장),,,,,
하루 건강견과 Excellent 500g (20gX25봉),,,,,
[콜린스 다이닝] 파티용 리코타치즈 샐러드 winter edition,,,,,
[천호엔케어] 오자장어 더블랙 30포,,,,,
[CU 픽업] 빽라거500ml*24캔,,,,,
[롯데] 스카치 캔디 2종 (택1),,,,,
"가온누리 머스크 멜론, 1개, 1.2kg 12,880원 (100g당 1,073원) 내일(일) 새벽 도착 보장 4.5 (3385) 최대 644원 적립",,,,,
[스톡] 토피피 125g,,,,,
[아카페라] 심플리 아메리카노 (400mL X 4병),,,,,
"한강식품 무항생제 인증 닭볶음탕용 (냉장), 1kg, 1개 6,990원 (100g당 699원) 내일(일) 새벽 도착 보장 5 (1991) 최대 350원 적립",,,,,
"오뚜기3분 미트볼, 150g, 3개 4%6,300원 6,040원 (100g당 1,342원) 내일(일) 도착 보장 5 (7250) 최대 302원 적립",,,,,
[햇반] 라이스플랜 귀리흑미 곤약밥 150g*24입,,,,,
[사조] 살코기참치(안심) 100g*4,,,,,
[바다원] 대관령 북어채 100g,,,,,
"무료배송 백제 멸치맛 쌀국수, 92g, 10개 9%13,900원 12,640원 (100g당 1,374원) 2/11(수) 도착 예정 5 (62954) 최대 632원 적립",,,,,
[하이포크] 저탄소 인증 한돈 삼겹살 구이용 500g (냉장),,,,,
"코카콜라 제로, 190ml, 60개 45%45,900원 24,940원 (100ml당 219원) 2/10(화) 도착 예정 5 (97286) 최대 1,247원 적립",,,,,
"더담은 국산 늘보리 꽁보리, 1kg, 1개 18%6,980원 5,680원 (100g당 568원) 내일(일) 도착 보장 5 (6028) 최대 284원 적립",,,,,
[CU 픽업] 레칙싱클레어시리즈,,,,,
[빼바] 리얼 초콜릿 프로틴바 8종 (1개입/9개입),,,,,
[식사이론] 메밀부추만두 350g*2,,,,,
[메종드조에] 마카롱 선물세트 98g,,,,,
[Picard] 초콜릿 라바 케이크 (100g*2개입),,,,,
"암브로시 페코리노 로마노, 200g, 1개입, 1개 11,650원 (10g당 583원) 내일(일) 새벽 도착 보장 5 (825) 최대 583원 적립",,,,,
[마다마 올리바] 올리브 절임 5종(냉장) (택1),,,,,
[더찹샵] 관찰레 100g,,,,,
[뉴트리원] 멀티비타민 트리플엑스 127 (30일분),,,,,
"한강식품 무항생제 인증 통닭 9호, 851g, 1개 6,790원 (100g당 798원) 내일(일) 새벽 도착 보장 5 (1030) 최대 340원 적립",,,,,
[스미스티] No.1626 버라이어티 12종 선물세트,,,,,
[한끼통살] 리얼 마녀스프 4종 (택1),,,,,
"무료배송 [재구매1등] 초고당도 단감 진영단감 농장직송, 1개, 5kg 대과 21~23개 쿠폰할인62%74,800원 27,920원 (100g당 558원) 2/10(화) 도착 예정 5 (789) 최대 1,381원 적립",,,,,
[덴프스] 덴마크 유산균이야기 기획세트 (100일분) + 트루바이타민 I (7일분),,,,,
[르네디종] 디종 머스터드 & 홀 그레인 머스터드 (190g/200g),,,,,
[해아람] 녹두호박찰떡 (85g X 5개입),,,,,
[조서형의 새벽종] 고추 짜박이,,,,,
[풀무원] 김밥단무지 400g,,,,,
[달콤트리] 13brix이상 당도선별 레드향 2kg (7~9입),,,,,
"오뚜기 3분 쇠고기짜장, 3개, 200g 4,200원 (100g당 700원) 내일(일) 새벽 도착 보장 5 (3135) 최대 210원 적립",,,,,
[ardo] 유기농 수프채소믹스 600g (냉동),,,,,
[선물세트] 유기샘 아몬드 바삭대추 세트 270g (3입),,,,,
"에프넘버원 한입 LA 양념갈비 (냉동), 1kg, 1개 11%29,900원 26,490원 (100g당 2,649원) 내일(일) 새벽 도착 보장 4.5 (332) 최대 1,250원 적립",,,,,
[고디바] 하트 오브 골드 컬렉션 12개입,,,,,
[선물세트] 이장님 과자점 두부과자 3종 (택1),,,,,
[리틀 차이나] 짬뽕 2인분,,,,,
"풀무원 동물복지 구운란 750g, 20구, 1개 13,980원 (1구당 699원) 내일(일) 새벽 도착 보장 5 (2438) 최대 699원 적립",,,,,
"곰곰 시나노 골드사과, 1.2kg(소과), 1개 10,240원 (100g당 853원) 내일(일) 새벽 도착 보장 4.5 (15812) 최대 512원 적립",,,,,
[타바론] 얼 그레이 리저브 (2g X 15개),,,,,
[피코크] 조선호텔 석박지1kg,,,,,
[제티] 초콕 2종 (3.6g X 10개) (택1),,,,,
[런던베이글뮤지엄] 베이글 6개 & 크림치즈 3개 세트,,,,,
한끼 시금치 120g,,,,,
[CU 픽업] 쇼추 제팬,,,,,
[타바론] 자스민 펄 (2g X 15개),,,,,
"[전통주] 청산녹수 편백숲 산소막걸리 (6.5도, 750mL)",,,,,
[스팸] 스팸 김밥햄,,,,,
[클리퍼] 유기농 캐모마일 (1.5g X 20개),,,,,
[포트'럭] 국산 키조개 관자 슬라이스 150g (생물),,,,,
"무료배송 산과들에 원데이 그래놀라 블랙, 30개 할인12%13,100원 11,430원 (1세트당 381원) 2/10(화) 도착 예정 5 (715) 최대 542원 적립",,,,,
"백설 핫케익믹스, 1kg, 1개 20%5,280원 4,220원 (100g당 422원) 내일(일) 새벽 도착 보장 새 상품, 반품-미개봉 (2) 최저4,000원 5 (1391) 최대 211원 적립",,,,,
"무료배송 신라면 큰사발면 114g, 6개 10,400원 (1개당 1,733원) 2/11(수) 도착 예정 5 (44117) 최대 520원 적립",,,,,
[스위스미스] 마시멜로 러버스 핫 코코아 믹스 (34g X 8개),,,,,
"곰곰 신선한 대란, 10구, 1개 3,790원 (1구당 379원) 내일(일) 새벽 도착 보장 5 (7534) 최대 190원 적립",,,,,
[PPUL] 1++(9) 한우 꽃갈비살 150g,,,,,
[캐빈디쉬앤하비] 믹스드 후르츠 셀렉션 병 캔디 300g,,,,,
"샘표 요리에센스 연두 순맛, 275ml, 1개 23%5,980원 4,600원 (10ml당 167원) 내일(일) 새벽 도착 보장 새 상품, 반품-미개봉 (2) 최저4,370원 5 (96) 최대 230원 적립",,,,,
"청정원 맛있는 밥 엔 쇠고기, 24g, 3개 5,960원 (10g당 828원) 내일(일) 도착 보장 5 (8955) 최대 298원 적립",,,,,
[유기방아] 무농약쌀로만든 떡국떡&떡볶이떡 (택1),,,,,
[배대감] 임금님표 이천쌀 명품누룽지 500g,,,,,
[라빈리커픽업] 오리지널 비어 컴퍼니 월롱 블랑 (맥주),,,,,
[진가네반찬] 꽈리고추멸치양념조림,,,,,
"풀무원 몽글몽글 옛순두부, 250g, 3개 5,480원 (100g당 731원) 내일(일) 새벽 도착 보장 5 (8848) 최대 274원 적립",,,,,
"호영식품 넙적 분모자, 300g, 1개 1,990원 (100g당 663원) 내일(일) 새벽 도착 보장 5 (538) 최대 100원 적립",,,,,
"나우푸드 이노시톨 500mg 베지 캡슐, 100정, 1개 할인16%13,250원 11,130원 (1정당 111원) 2/10(화) 도착 예정 5 (9731) 최대 556원 적립",,,,,
"포스트 고소한 아몬드 후레이크 시리얼, 620g, 2개 10,310원 (10g당 83원) 내일(일) 도착 보장 5 (120824) 최대 515원 적립",,,,,
[티아시아] 분말 커리 4종 (택1),,,,,
"비비고 진한 김치만두 (냉동), 400g, 2개 9%9,980원 9,050원 (100g당 1,131원) 내일(일) 새벽 도착 보장 5 (23043) 최대 453원 적립",,,,,
[26년 설] [CU 픽업] 조니워커18년750,,,,,
[포트'럭] 해녀가 딴 자연산 참소라 700g (생물),,,,,
[암브로시] 그라나 파다노 스틱 5개입,,,,,
"국내산 애플민트, 10g, 2개 3,300원 (100g당 16,500원) 내일(일) 새벽 도착 보장 4.5 (8204) 최대 165원 적립",,,,,
[경복궁 BLACK] 사골육개장,,,,,
[황생가] 김치왕만두,,,,,
[CU 픽업] 스톤베이피노누아,,,,,
[슈퍼키친] 콩나물무침,,,,,
"오뚜기 크림 스프, 80g, 2개 쿠폰할인30%4,560원 3,160원 (100g당 1,975원) 내일(일) 새벽 도착 보장 5 (4841) 최대 158원 적립",,,,,
[프릳츠] 서울시네마 블렌딩 원두 200g,,,,,
"오뚜기 컵누들 짬뽕맛 38.2g, 6개 쿠폰할인15%8,480원 7,180원 (1개당 1,197원) 내일(일) 도착 보장 5 (4149) 최대 359원 적립",,,,,
[자연담은] 누룽지향 고향찹쌀 2kg,,,,,
"한국야쿠르트 갓비움 푸룬 유산균 프리바이오틱스, 100ml, 5개 40%22,500원 13,500원 (100ml당 2,700원) 내일(일) 도착 보장 5 (1788) 최대 641원 적립",,,,,
"국내산 친환경 노루궁뎅이 버섯, 150g, 1개 5,980원 (100g당 3,987원) 내일(일) 새벽 도착 보장 4.5 (3963) 최대 299원 적립",,,,,
"진미 청매실 태양초고추장, 2kg, 1개 7,700원 (100g당 385원) 내일(일) 도착 보장 4.5 (4990) 최대 385원 적립",,,,,
"배대감 국산 엿기름, 500g, 1개 37%9,500원 5,900원 (100g당 1,180원) 내일(일) 새벽 도착 보장 5 (809) 최대 295원 적립",,,,,
[헬퍼장] 베이비 키즈 생유산균 (90일분),,,,,
"도제식빵 2cm, 600g, 1개 6,250원 (10g당 104원) 내일(일) 새벽 도착 보장 4.5 (623) 최대 278원 적립",,,,,
"밀도 소화가 잘되는 우유로 만든 쌀 모닝롤, 180g, 1개 5,500원 (10g당 306원) 내일(일) 새벽 도착 보장 4.5 (1587) 최대 275원 적립",,,,,
[CU 픽업] 리오하알타마르텔로,,,,,
[브로드카세] 저온숙성 브리오슈 식빵 3종 (택1),,,,,
"락앤락 쿡플러스 하드앤라이트 궁중팬, 28cm, 1개 66%77,000원 25,800원 (1개당 25,800원) 내일(월) 도착 보장 새 상품, 반품 (3) 최저18,870원 4.5 (30161) 최대 1,290원 적립",,,,,
[오뚜기] 오뚜기밥 실속 210gX12,,,,,
"국내산 친환경 어린잎 채소, 150g, 1개 3,690원 (100g당 2,460원) 내일(일) 새벽 도착 보장 4.5 (26334) 최대 185원 적립",,,,,
[티젠] 콤부차 매실액상 선물세트 28포,,,,,
[오르랔베이커리] 크러핀 4종 (택1),,,,,
[이금선명인] 순살 간장양념 꽃게장 2종 (택1),,,,,
[서촌 영화루] 고추 짬뽕 2인분,,,,,
"생생포크 무항생제 인증 사태 보쌈용 (냉장), 1000g, 1개 14,800원 (100g당 1,480원) 내일(일) 새벽 도착 보장 4.5 (5848) 최대 740원 적립",,,,,
"무료배송 제주 서귀포 고당도 제철 감귤, 1박스, 10kg 중대과(L/2L) 쿠폰할인53%53,900원 24,830원 (100g당 248원) 2/12(목) 도착 예정 4 (3288) 최대 1,241원 적립",,,,,
[CU 픽업] 비네암 샤또  보르도,,,,,
"대구농산 건강한밥상 국산 서리태, 1kg, 1개 33%23,900원 15,980원 (100g당 1,598원) 내일(일) 도착 보장 4.5 (29261) 최대 799원 적립",,,,,
"야미 스테비아 대추방울토마토, 1kg, 1개 할인24%12,900원 9,690원 (100g당 969원) 내일(일) 새벽 도착 보장 4.5 (24137) 최대 485원 적립",,,,,
[스팸] 클래식 80g*3,,,,,
정성담은 팔각 어울림 세트,,,,,
[덴마크] 그린덴마크 식물성음료 950mL 2종,,,,,
"무료배송 귤담원 제주 제철 감귤, 14.감귤 10kg 대과, 1박스 쿠폰할인63%58,900원 21,400원 (100g당 214원) 2/12(목) 도착 예정 4 (79089) 최대 1,070원 적립",,,,,
[태우한우] 1+ 한우 채끝 스키야키용 200g (냉장),,,,,
"풀무원다논 액티비아 병 딸기 x 4p + 블루베리 x 4p 세트, 130ml, 8개입, 1세트 8,480원 (10ml당 82원) 내일(일) 새벽 도착 보장 5 (37148) 최대 424원 적립",,,,,
"혼다시 조미료, 120g, 1개 3,560원 (10g당 297원) 내일(일) 새벽 도착 보장 5 (1050) 최대 178원 적립",,,,,
"서울우유 커피, 200ml, 12개 11,620원 (100ml당 484원) 내일(일) 새벽 도착 보장 5 (71191) 최대 581원 적립",,,,,
[샘표] 순작 통현미 가득 밤마차 제로 (20g X 10개),,,,,
하루에 한 봉 넛츠 600g(20gX30봉),,,,,
[하인즈] 토마토 케찹 342g,,,,,
[프로퍼마켓] 서리태콩물두유 2종 (택1),,,,,
[청정원] 멸치 쌀국수 컵 6입,,,,,
[CU 픽업] 폴존올로로쏘700ml,,,,,
"류씨네 볶음통깨, 1kg, 1개 9,320원 (100g당 932원) 내일(일) 도착 보장 4.5 (2354) 최대 466원 적립",,,,,
[CU 픽업] 코스켄코르바오리지널,,,,,
[보르니부스] 그린 올리브 스프레드 240g,,,,,
"오뚜기 실쏙 식당용케찹 스파우트팩, 3.3kg, 1개 6,990원 (100g당 212원) 내일(일) 도착 보장 5 (752) 최대 350원 적립",,,,,
[해태] 자유시간 쿠키앤크림 미니 초코바 408g,,,,,
"무료배송 손질된 순살 먹태채 대용량 업소용, 1개, 500g 23%29,900원 22,900원 (100g당 4,580원) 2/10(화) 도착 예정 4.5 (1277) 최대 985원 적립",,,,,
"무료배송 시금치 포항시금치 포항초 노지 보물초, 포항초(1kg)단작업안함, 1개 36%14,000원 8,900원 (100g당 890원) 2/11(수) 도착 예정 4.5 (2194) 최대 445원 적립",,,,,
[호텔컬렉션] 한우 육개장,,,,,
[네스프레소] 이스피라치오네 이탈리아나 카자르 커피 캡슐 10개입(25mL or 40mL),,,,,
"곰곰 열풍 서리태 볶음, 17g, 20개 33%15,900원 10,580원 (100g당 3,112원) 내일(일) 도착 보장 5 (753) 최대 529원 적립",,,,,
왕레몬 550g (4입),,,,,
[아우름] 용궁에서 온 잉어빵 3종 (택1),,,,,
"건강한밥상 간편하게 먹는 영양한컵 롤드오트밀, 500g, 1개 2,980원 (100g당 596원) 내일(일) 도착 보장 4.5 (1348) 최대 149원 적립",,,,,
"다하다 현미녹차, 1.2g, 100개입, 1개 5,400원 (10g당 450원) 내일(일) 도착 보장 5 (370) 최대 270원 적립",,,,,
[켈로그] 스페셜K 오리지널 480g,,,,,
"국내산 로메인, 250g, 1개 2,950원 (100g당 1,180원) 내일(일) 새벽 도착 보장 4.5 (51963) 최대 148원 적립",,,,,
[진실된손맛] 한우사골 도가니탕(리뉴얼),,,,,
"소미 시오다래 소금양념 소스, 320g, 1개 7,080원 (100g당 2,213원) 내일(일) 새벽 도착 보장 4.5 (1470) 최대 354원 적립",,,,,
[전통주] 한탄강익스프레스 (12도 500mL),,,,,
[동아제약] 얼박 10입 3종,,,,,
[센트룸] 칼슘+D 미니 (60일분),,,,,
"풀무원 특등급 국산콩 연두부, 250g, 2개 쿠폰할인49%3,840원 1,950원 (100g당 390원) 내일(일) 새벽 도착 보장 5 (1479) 최대 98원 적립",,,,,
[잔다리마을]볶은검은콩가루&서리태볶음콩 세트,,,,,
[풀무원] 특등급 국산콩 네컵 연두부 360g,,,,,
"동서 한잔용 옥수수차, 1.5g, 50개입, 1개 28%4,900원 3,500원 (10g당 467원) 내일(일) 도착 보장 5 (1885) 최대 175원 적립",,,,,
[반찬단지] 한끼 스틱 씨앗젓,,,,,
[선물세트][테라로사] 드립백 & 유리머그 세트,,,,,
[토레스] 셀렉타 캐비어 포테이토칩 125g,,,,,
[선물세트] 태우한우 1+ 등심&안심&채끝&차돌박이 세트 (냉장),,,,,
[라빈리커픽업]메이커스마크 (위스키),,,,,
[CJ] 식물성 멜라토닌 멜라메이트 3g x 20구미,,,,,
[랩노쉬] 포켓 아사이 7포,,,,,
[크리스피크림도넛] 오리지널 글레이즈드 (47g X 3개),,,,,
[레오나르디] 모데나산 발사믹 7메달 (블랙),,,,,
[풀무원다논] YoPRO 설탕 무첨가 플레인 (150g X 2개),,,,,
[CJ] 밸런스밀 프로틴 쉐이크 1개 (5종),,,,,
[진가네반찬] 마늘쫑된장무침,,,,,
"구룡포 반건조 오징어 5미 (냉동), 1개, 450g 13,900원 (100g당 3,089원) 내일(일) 새벽 도착 보장 4.5 (53) 최대 695원 적립",,,,,
[진가네반찬] 들깨깨순조림,,,,,
"델몬트 허니글로우 스틱 10개입, 900g, 1개 14,980원 (100g당 1,664원) 내일(일) 새벽 도착 보장 5 (16709) 최대 749원 적립",,,,,
"티즐 스파클링 피치우롱티, 340ml, 24개 15,300원 (100ml당 188원) 내일(일) 도착 보장 5 (2499) 최대 726원 적립",,,,,
[도리깨침] 새콤달콤 미나리 오징어 초무침 세트,,,,,
"뚜레반 참맛기름, 1.7L, 1개 7,400원 (10ml당 44원) 내일(일) 도착 보장 5 (3400) 최대 370원 적립",,,,,
[CU 픽업] 하쿠시카 토쿠베츠 준마이,,,,,
"비비드키친 저당 어니언크림 드레싱, 205g, 1개 4,060원 (100g당 1,980원) 내일(일) 새벽 도착 보장 5 (373) 최대 203원 적립",,,,,
[바이오모멘트] 유기농 롤리팝 믹스 2종 (택1),,,,,
[태극당] 후르츠파운드 760g,,,,,
"초코에몽, 190ml, 24개 21,210원 (100ml당 465원) 내일(일) 도착 보장 5 (44722) 최대 1,060원 적립",,,,,
[롯데웰푸드]제로 파인트 2종(택1),,,,,
"경성당 국내산 찹쌀 누룽지, 1kg, 1개 39%13,900원 8,450원 (100g당 845원) 내일(일) 도착 보장 4.5 (757) 최대 380원 적립",,,,,
[이메이] 구미 초코볼 2종 (택1),,,,,
[파스퇴르] 쾌변 5종 (150mL X 4개) (택1),,,,,
"비비고 한식간장 김자반, 50g, 5개 59%32,400원 13,260원 (10g당 530원) 내일(일) 도착 보장 5 (20493) 최대 663원 적립",,,,,
[프롬잇] 프로틴킥 40g 3종 (택1),,,,,
"무료배송 [정성식품] 손질된 깨끗한 절단건궁채 특A급궁채 마른줄기상추 뚱채 500g 1kg, 1개, 절단건궁채 500g 할인46%30,000원 15,990원 (100g당 3,198원) 2/10(화) 도착 예정 5 (159) 최대 791원 적립",,,,,
"지도표 성경 녹차김, 55g, 4개 21%16,000원 12,500원 (10g당 568원) 내일(일) 도착 보장 5 (37457) 최대 625원 적립",,,,,
[CU 픽업] 세인트레미XO,,,,,
[Kim's Butcher] 호주산 알스지 500g(냉동),,,,,
[이목] 국내산 소고기 절단 국거리용 200g(냉장),,,,,
순수 보쌈 수육재료 70g,,,,,
당귀가 들어간 보쌈 수육재료 70g,,,,,
"엘로이 크림치즈 시그니쳐, 1.36kg, 1개입, 1개 15,870원 (10g당 117원) 내일(일) 새벽 도착 보장 5 (11240) 최대 794원 적립",,,,,
"곰곰 1+등급 차돌박이 (냉동), 250g, 1팩 33%29,900원 19,920원 (100g당 7,968원) 내일(일) 새벽 도착 보장 4.5 (1286) 최대 996원 적립",,,,,
[경복궁 BLACK] 한우 사골 곰탕,,,,,
"바프 미니 파티박스 그린 5종 x 5p 세트, 500g, 1세트 18,900원 (100g당 3,780원) 내일(일) 도착 보장 5 (558) 최대 926원 적립",,,,,
[수미과] 13brix이상 고당도감귤 1kg (비가림),,,,,
"반찬단지 콩조림, 1kg, 1개 5,950원 (10g당 60원) 내일(일) 새벽 도착 보장 4.5 (12965) 최대 298원 적립",,,,,
[라빈리커픽업]산토리 가쿠빈 (위스키),,,,,
[감자밭] 감자빵 오리지널 (120g X 5개입),,,,,
[이보노이토] 일본 수제 소면,,,,,
[선물세트][라빈리커픽업] 전통주 국순당 자양 강장 백세주 2호 세트 (15도 700mL),,,,,
[사리원] 얼큰 소불고기 왕만두 전골,,,,,
"곰곰 한돈 등심 잡채용 (냉장), 400g, 2개 14,530원 (100g당 1,816원) 내일(일) 새벽 도착 보장 5 (10237) 최대 726원 적립",,,,,
[CU 픽업] 탐나저먼피노누아,,,,,
[세라] 레몬 필링 캔디 2개입,,,,,
[탄단지] 닭가슴살 소시지 3종 (1개입/4개입),,,,,
[풀무원] 아몬드 호두 드레싱 495g,,,,,
"인디안밥, 83g, 5개 6,400원 (10g당 154원) 내일(일) 도착 보장 5 (14913) 최대 320원 적립",,,,,
바로먹는 자숙 곤드레 500g,,,,,
[하이포크] 무항생제 한돈 갈비 찜용 500g (냉장),,,,,
[CU 픽업] 로쉐마제피노,,,,,
[KF365] 한돈 앞다리 대용량 3kg(냉장),,,,,
[한국야쿠르트] 헬리코박터 프로젝트 윌 당밸런스 (150mL X 5개),,,,,
"웰그레인 페루산 적두, 1kg, 1개 5%7,400원 6,980원 (100g당 698원) 내일(일) 도착 보장 4.5 (998) 최대 349원 적립",,,,,
"나랑드사이다 제로, 245ml, 12개 52%11,960원 5,700원 (100ml당 194원) 내일(일) 도착 보장 5 (192178) 최대 285원 적립",,,,,
"칠성사이다, 1.5L, 12개 24,240원 (100ml당 135원) 내일(일) 도착 보장 5 (23103) 최대 1,212원 적립",,,,,
[백설] 그릴비엔나280G*2,,,,,
[파볼] 복숭아&오렌지블라썸 잼 250g,,,,,
[모모스커피] 므쵸베리 블렌드 원두 200g,,,,,
냉동 다진 청양고추 이지큐브형 200g,,,,,
"에낙 멀티박스 24EA (스파이시+치킨맛), 696g, 1개 6%13,900원 12,990원 (10g당 187원) 내일(일) 도착 보장 5 (1258) 최대 650원 적립",,,,,
[토레온] 이베리코 베요타 팔레타 슬라이스 50g,,,,,
"곰곰 직접썰은 동태포 (냉동), 600g, 1개 7%9,150원 8,460원 (10g당 141원) 내일(일) 새벽 도착 보장 4.5 (9631) 최대 380원 적립",,,,,
[미트엔조이] 시즈닝 스테이크 3종 (냉장) 택1,,,,,
"비셰프 파마산 블렌드, 227g, 1개 쿠폰할인15%6,000원 5,100원 (100g당 2,247원) 내일(일) 도착 보장 5 (2809) 최대 255원 적립",,,,,
[리치] 오트밀 미니바이트 250g,,,,,
[경주미정당] 할배쌀국시 2종 (택1),,,,,
[김정환홍삼] 홍삼쌍화 100포 (+보자기포장),,,,,
[비타바움] 퓨어비타민C 500 (12일분),,,,,
[윤고집] 강황환 500g,,,,,
[한끼통살] 저당 도시락 5종 세트,,,,,
"국내산 근대, 150g, 3개 5,380원 (100g당 1,196원) 내일(일) 새벽 도착 보장 5 (11941) 최대 269원 적립",,,,,
[선물세트][라빈리커픽업] 전통주 사시통음주 세트 (전통주),,,,,
[PPUL] 1++(9) 한우 어슷썰은 갈비살 150g,,,,,
"꿀맛나는세상 춘천식 닭갈비 (냉장), 1kg, 1개 20%14,900원 11,900원 (100g당 1,190원) 내일(일) 새벽 도착 보장 4.5 (8346) 최대 595원 적립",,,,,
[정관장] 홍삼천보 30포 + (쇼핑백증정),,,,,
국산 식용화 10입,,,,,
"곰곰 크러쉬드 레드페퍼, 100g, 1개 16%7,000원 5,880원 (10g당 588원) 내일(일) 새벽 도착 보장 5 (874) 최대 294원 적립",,,,,
"쿡샵 월남쌈 라이스페이퍼 사각, 300g, 1개 2,380원 (100g당 793원) 내일(일) 새벽 도착 보장 5 (2523) 최대 119원 적립",,,,,
[꽃젓갈] 멸치 무침수,,,,,
"시루조아 카스테라 단호박 인절미 (냉동), 264g, 1개, 1개입 5,990원 (10g당 227원) 내일(일) 새벽 도착 보장 5 (1204) 최대 300원 적립",,,,,
[BNR17] 비에날퀸 (30일분),,,,,
흙연근 600g,,,,,
"곰곰 무항생제 인증 통다리 (냉장), 600g, 1개 21%11,990원 9,360원 (100g당 1,560원) 내일(일) 새벽 도착 보장 5 (494) 최대 468원 적립",,,,,
"무료배송 고래거너 캘리포니아 햇 호두 1/4태, 1개, 1kg 할인11%16,900원 14,900원 (100g당 1,490원) 2/10(화) 도착 예정 4 (6) 최대 745원 적립",,,,,
[CU 픽업] 코노수르 싱글빈야드 피노누아,,,,,
[그리팅] 친환경 유기농 한식 솥밥 4종 (택1),,,,,
"우리가스토리 가쓰오부시 고명용, 1개, 100g 5,500원 (100g당 5,500원) 내일(일) 도착 보장 5 (111) 최대 275원 적립",,,,,
[Kurly's] 1++ 한우 골라담기 7종,,,,,
[CU 픽업] 글렌그란트10년,,,,,
[군산 이성당] 미니 쌀크루아상 (35g X 10개입),,,,,
"무료배송 [출고당일도정] 2025년산 당진 해나루골드쌀, 20kg, 1개, 특등급 쿠폰할인11%79,000원 69,890원 (100g당 349원) 2/10(화) 도착 예정 5 (13248) 최대 3,495원 적립",,,,,
[일드프랑스] 쉘인 딸기 크림치즈 (20g X 18개입),,,,,
[아이농] 저탄소 샤인머스캣 600g,,,,,
"국내산 롱그린 풋고추, 200g, 1개 3,980원 (100g당 1,990원) 내일(일) 새벽 도착 보장 4.5 (1131) 최대 199원 적립",,,,,
"리치골드 모짜렐라 슈레드 치즈, 1kg, 1개입, 1개 13,500원 (10g당 135원) 내일(일) 새벽 도착 보장 5 (19860) 최대 675원 적립",,,,,
"오리온 다이제샌드 초코스프레드, 98g, 1개 1,130원 (10g당 115원) 내일(일) 새벽 도착 보장 5 (343) 최대 56원 적립",,,,,
[하림] 오!늘단백바 2종 48g 12개입,,,,,
[창억] 호박 인절미 답례떡 336g,,,,,
"순작 유기농 옥수수차 한잔용, 1.5g, 100개입, 1개 24%8,280원 6,290원 (10g당 419원) 내일(일) 도착 보장 새 상품, 반품-미개봉 (12) 최저5,970원 4.5 (2989) 최대 315원 적립",,,,,
[건어물상회] 조미오징어 진미채 300g,,,,,
[빙그레] 프롬뉴트리 멜라도스 5.0 30정,,,,,
[서울우유] 삼각 커피 우유 (200mL X 4개),,,,,
[혼술상회] 인기 1인 안주류 9종 (택1),,,,,
[백설] 스테이크 소스 255g,,,,,
[하이포크] 우리집 필수 한돈 9종 (택1),,,,,
[윤슬] 남해안 새꼬막 500g (생물),,,,,
[킷캣] 프리즘 하트틴 170g,,,,,
[홍신애] 평양냉면,,,,,
[삼삼물산] 새조개살 230g (생물),,,,,
[풀무원] 두유퐁당 시퐁케이크 2종 (35g X 5개입) (택1),,,,,
"은하수산 노르웨이 연어필렛 스테이크용, 200g, 1개 34%19,900원 12,990원 (100g당 6,495원) 내일(일) 새벽 도착 보장 4.5 (10599) 최대 600원 적립",,,,,
[프라텔리 롱고바디] 토마토 홀 2종,,,,,
[서울마님죽] 전통죽 3종 (호박/팥),,,,,
[마이디벨] 케이준 웨지 감자튀김,,,,,
"감미인 GAP 인증 청도 반건시 (냉동), 400g(10입), 1개 8,990원 (100g당 2,248원) 내일(일) 새벽 도착 보장 4.5 (3296) 최대 450원 적립",,,,,
"무료배송 푸드팜 건포도 캘리포니아, 2개, 1kg 17,800원 (10g당 89원) 2/10(화) 도착 예정 4.5 (3350) 최대 890원 적립",,,,,
[나가타니엔] 오토나노 후리카케 미니 2종,,,,,
"무료배송 [울팜] 아삭 달달 국내산 친환경 양배추 무농약 유기농 제주 무안 밀양, 3kg, 1박스 할인42%15,900원 9,110원 (100g당 304원) 2/10(화) 도착 예정 4.5 (2443) 최대 450원 적립",,,,,
[The:푸짐한] 돼지고기 김치전골,,,,,
[호밍스 초간편 국물요리] 묵은지 부대찌개,,,,,
"잇츠베러 마요, 245g, 1개 6,660원 (100g당 2,718원) 내일(일) 새벽 도착 보장 5 (9792) 최대 333원 적립",,,,,
"요플레 플레인 멀티, 85g, 4개 2,980원 내일(일) 새벽 도착 보장 5 (83618) 최대 149원 적립",,,,,
"곰곰 완숙 토마토, 1kg, 1개 5,480원 (100g당 548원) 내일(일) 새벽 도착 보장 4.5 (192968) 최대 274원 적립",,,,,
[달롤] 쌀 휘낭시에 3종 세트 325g,,,,,
"GAP 인증 산청 장희딸기 대, 1개, 750g 20,250원 (100g당 2,700원) 내일(일) 새벽 도착 보장 4 (178) 최대 1,013원 적립",,,,,
"무료배송 상주곶감 행복선물세트 고급, 1개, 1.2kg 할인42%49,900원 28,900원 (100g당 2,408원) 2/10(화) 도착 예정 4.5 (761) 최대 1,445원 적립",,,,,
[집반찬연구소] 저당 메추리알 병아리콩샐러드,,,,,
[뉴트리원] 멀티비타민 미네랄 139 (60일분),,,,,
"농심 감자면 117g, 10개 26%14,600원 10,680원 (1개당 1,068원) 내일(일) 도착 보장 5 (26068) 최대 534원 적립",,,,,
[선물세트] 이상복명과 경주빵 20개입,,,,,
"무료배송 미다몰 10종 믹스너트 믹스넛 견과, 800g, 3개 할인15%17,900원 15,170원 (100g당 632원) 2/11(수) 도착 예정 4.5 (4913) 최대 759원 적립",,,,,
[오다다] 푸푸베리티 (1.5g X 24개),,,,,
"맘모스식품 비타C 캔디, 1.8kg, 1개 11,900원 (10g당 66원) 내일(일) 도착 보장 4.5 (7708) 최대 595원 적립",,,,,
[아이농] 저탄소 GAP 부유 단감 1kg (4~5입),,,,,
[연세우유] A2 프로틴 오리지널 190mL 2종 (택1),,,,,
"풀무원 아임리얼 순수착즙오렌지, 700ml, 1개 19%10,980원 8,810원 (100ml당 1,259원) 내일(일) 새벽 도착 보장 5 (10444) 최대 440원 적립",,,,,
[타바론] 코코 피오니 (2g X15개),,,,,
"백설 바지락 멸치 가득 육수에는 1분링 20p, 80g, 1개 57%7,980원 3,410원 (100g당 4,263원) 내일(일) 새벽 도착 보장 4.5 (142) 최대 170원 적립",,,,,
[브레댄코] 꿀고구마케이크 680g,,,,,
"무료배송 산지직송 올해 수확 국산 햇 서리태 2kg 고급형, 1개 쿠폰할인20%25,000원 19,850원 (100g당 993원) 2/11(수) 도착 예정 4 (40) 최대 993원 적립",,,,,
"청우식품 참깨스틱 진, 220g, 5개 55%24,100원 10,750원 (10g당 98원) 내일(일) 도착 보장 4.5 (30186) 최대 538원 적립",,,,,
"무료배송 푸드팜 해바라기씨 최근통관 햇제품, 1kg, 2개 13,800원 (100g당 690원) 2/10(화) 도착 예정 4.5 (7868) 최대 690원 적립",,,,,
[유가원] 유기농 캐슈넛 스프레드 220g,,,,,
[오뗄블랙라벨] 미트볼,,,,,
[와인앤모어픽업]로버트 몬다비 빈트 프라이빗 셀렉션 까베르네 소비뇽 ((와인)),,,,,
"오뚜기 홀스래디쉬 소스, 250g, 1개 3,880원 (100g당 1,552원) 내일(일) 새벽 도착 보장 5 (1114) 최대 194원 적립",,,,,
[연안식당] 국내산 순살 양념게장,,,,,
"무료배송 클룹 애사비소다 매실, 6개, 500ml 44%15,000원 8,340원 (100ml당 278원) 2/12(목) 도착 예정 5 (431) 최대 417원 적립",,,,,
[비첸향] 미니이지 비프 265g,,,,,
[뎀셀브즈] 커피 캡슐 5.5g X 10개입 4종(택1)(네스프레소 호환),,,,,
[키즈텐] 어린이 칼슘업 2종 (택1),,,,,
"무료배송 국산 제철 햇무 겨울 제주 월동무 ( 맛있는 제주 월동무), 1박스, 무 3kg 내외 할인12%7,880원 6,880원 (100g당 229원) 2/11(수) 도착 예정 4.5 (552) 최대 344원 적립",,,,,
[선물세트] 태우한우 1+ 실속 구이 세트 (냉동),,,,,
[경주천년한우] 1++ 한우 골라담기 9종,,,,,
[정원삼] 6년근 고려홍삼정 나눔스틱 (200일분),,,,,
삼겹살용 모둠쌈 350g,,,,,
[마이비밀] 식단관리 도시락 8종 (택2),,,,,
[CU 픽업] 트러블메이커,,,,,
[보난자커피] 다크로스트 원두 250g,,,,,
[휘태커스] 미니슬랩 피넛 밀크초콜릿 180g,,,,,
[전통주] 프리미엄 지평소주 (25도 375mL),,,,,
[도펠헤르츠] 이뮨플러스 아연+셀렌+비타민C+D+K 다이렉트 (20일분/60일분) (택1),,,,,
저탄소 유기농 영호진미 쌀 4kg,,,,,
"일동후디스 고단백 무가당 그릭요거트, 400g, 1개 6,400원 (10g당 160원) 내일(일) 새벽 도착 보장 4.5 (565) 최대 320원 적립",,,,,
[곡물도감] 카무트 귀리 가득 고칼슘두유 (180mL X 15개),,,,,
[테일러] 말린 살구 170g,,,,,
[해찬들] 물로만 끓여도 맛있는 된장찌개 3종,,,,,
[아그로수퍼] 수입산 돼지고기 항정살 400g(냉동),,,,,
[엠보그] 덴마크 사워 크림 1L,,,,,
"햇반 발아현미밥, 210g, 24개 42%50,040원 28,900원 (100g당 573원) 내일(일) 도착 보장 5 (95503) 최대 1,445원 적립",,,,,
"티젠 말차라떼 분말스틱, 14.5g, 7개입, 2개 14%7,000원 6,000원 (10g당 296원) 내일(일) 도착 보장 4.5 (1583) 최대 300원 적립",,,,,
[블루보틀] 원두 블렌드 박스 (100g X 3종),,,,,
[루토사] 포테이토 크런치 400g,,,,,
[모모스커피] 콜드브루 원액 보틀 500mL 2종 (택1),,,,,
[샹달프] 미니잼 12개입 선물세트,,,,,
[옳곡] 국내산 땅콩버터 2구 세트(나이프 포함),,,,,
[CU 픽업] 비샤뀌베스페셜,,,,,
[쿠프드팟] 이즈니버터 크루아상 (75g X 4개),,,,,
"신송 짠맛을 줄인 건강한 양념쌈장, 500g, 2개 5,200원 (100g당 520원) 내일(일) 도착 보장 4.5 (4254) 최대 260원 적립",,,,,
[씨즐푸드] 우리밀 통살 생선까스 (냉동),,,,,
[롯데] 찰떡파이 스트로베리 & 크림치즈 250g,,,,,
[선물세트] 태우한우 1+ 실속 모둠 세트 (냉장),,,,,
[복음자리] 카야잼 2종 (택1),,,,,
"곰곰 훈제 프랑크 닭가슴살 소시지 (냉동), 100g, 8개 45%25,800원 14,140원 (100g당 1,768원) 내일(일) 새벽 도착 보장 4.5 (22610) 최대 707원 적립",,,,,
[뉴트리코어] 멀티비타민미네랄 이뮨샷 (10병),,,,,
"동원 보성말차, 500ml, 24개 16,400원 (100ml당 137원) 내일(일) 도착 보장 5 (6774) 최대 820원 적립",,,,,
"식단관리 인기 달걀, 닭가슴살 모아보기",,,,,
"엔요 플레인, 100ml, 5개입, 6개 8,490원 (10ml당 28원) 내일(일) 새벽 도착 보장 5 (29071) 최대 425원 적립",,,,,
"곰곰 감자샐러드, 1kg, 1개 8,040원 (100g당 804원) 내일(일) 새벽 도착 보장 4.5 (18799) 최대 402원 적립",,,,,
[피자로빈슨] 뉴욕 메가 슬라이스 피자 콰트로 치즈,,,,,
[풀무원] 안심 육수한알  멸치디포리_4g*22ea,,,,,
"퉁퉁이별티 호박팥차, 1.5g, 30개입, 1개 30%19,900원 13,900원 (10g당 3,089원) 내일(일) 도착 보장 5 (52) 최대 695원 적립",,,,,
[티젠] 푸룬쏙(5포) & 풋사과쏙(5포) 2종(택1),,,,,
[CU 픽업] 폴존PX셀렉트,,,,,
[대상웰라이프] 마이밀 산양유 100% 단백질 224g,,,,,
[주전부리마켓] 석쇠로 구운 담백한 아구포,,,,,
"곰곰 바삭한 튀김가루, 1kg, 1개 36%3,700원 2,350원 (100g당 235원) 내일(일) 도착 보장 새 상품, 반품-미개봉 (2) 최저2,230원 5 (6313) 최대 118원 적립",,,,,
"평창다원 유기농 작두콩차 삼각티백, 1.5g, 20개입, 1개 8,800원 (10g당 2,933원) 내일(일) 도착 보장 5 (2215) 최대 440원 적립",,,,,
"무료배송 [3주한정원가판매] 꿀당도brix 하루50박스한정수량 제주산지직송 레드향, 1개, 2kg 쿠폰할인50%29,900원 14,900원 (100g당 745원) 2/12(목) 도착 예정 3.5 (56) 최대 745원 적립",,,,,
[몸애조화] 유기농 작두콩차 티백 (1.5g X 10개),,,,,
"하이포크 한돈 뽈항정 (냉동), 500g, 1팩 23%16,900원 13,000원 (100g당 2,600원) 내일(일) 새벽 도착 보장 4.5 (28126) 최대 650원 적립",,,,,
"무료배송 삼양 고기산적 1kg, 2개 27%19,000원 13,750원 (100g당 688원) 2/13(금) 도착 예정 5 (2896) 최대 688원 적립",,,,,
[청정원] 저당 달콤바삭 쌀 떡꼬치,,,,,
[CU 픽업] 몽그라스안투쉬라,,,,,
[하이포크] 무항생제 한돈 등갈비 600g (냉장),,,,,
[슈퍼키친] 유니짜장,,,,,
[담터] 생강차 플러스 (15g X 15개),,,,,
[해태] 샌드에이스 찐 초코 204g,,,,,
[프로마제 다피누아] 미니 다피누아 (25g X 5입),,,,,
"천연 정제 간수, 500ml, 1개 6,000원 (100ml당 1,200원) 내일(일) 도착 보장 4.5 (1179) 최대 300원 적립",,,,,
"수향미 골든퀸 3호 백미, 특등급, 3kg, 1개 17,900원 (100g당 597원) 내일(일) 새벽 도착 보장 5 (726) 최대 895원 적립",,,,,
"햇반 발아현미밥, 210g, 8개 33%16,680원 11,100원 (100g당 661원) 내일(일) 새벽 도착 보장 5 (6185) 최대 555원 적립",,,,,
"고급진 한우 양념 불고기 (냉장), 600g, 1개 15,900원 (100g당 2,650원) 내일(일) 새벽 도착 보장 4.5 (10473) 최대 695원 적립",,,,,
[다이코] 노리텐 김부각 과자 2종 (택1),,,,,
"먹기좋게 자른 두번구운 파래돌김 70g(절단김180매), 1개, 70g 할인42%19,000원 10,970원 (10g당 1,567원) 내일(일) 도착 보장 4.5 (1360) 최대 543원 적립",,,,,
[이승남] 이승남의 활력알부민 프리미엄 골드 당제로 30병 (+ 쇼핑백),,,,,
"무료배송 코스트코 델라미코 갈릭후레이크, 600g, 1개 15%19,900원 16,750원 (10g당 279원) 2/11(수) 도착 예정 4.5 (382) 최대 838원 적립",,,,,
[CU 픽업] 샤또롤랑드비,,,,,
"본테이스트 100% 감자전분, 1kg, 2개 10,700원 (100g당 535원) 내일(일) 도착 보장 5 (2488) 최대 535원 적립",,,,,
"해표 포도씨유, 500ml, 1개 44%9,900원 5,500원 (100ml당 1,100원) 내일(일) 새벽 도착 보장 5 (691) 최대 275원 적립",,,,,
"국내산 깐도라지, 150g, 1개 5,570원 (100g당 3,713원) 내일(일) 새벽 도착 보장 4.5 (5460) 최대 279원 적립",,,,,
[그릭데이] 유자 그릭요거트 100g,,,,,
"뉴트리오코 밀크맛 웨이퍼, 360g, 1개 29%7,800원 5,500원 (10g당 153원) 내일(일) 도착 보장 5 (9889) 최대 275원 적립",,,,,
유기농 다진 적양배추 100g,,,,,
"올품 닭볶음탕용 닭고기 (냉장), 1kg, 1개 21%9,990원 7,890원 (100g당 789원) 내일(일) 새벽 도착 보장 5 (27351) 최대 395원 적립",,,,,
[CU 픽업] 돈훌리오1942,,,,,
[피코크] 이천쌀 떡국떡 700g,,,,,
[돈마루] 한돈 뒷다리 다짐용 300g,,,,,
"생물 백합조개 (냉장), 1개, 1.5kg 10,000원 (100g당 667원) 내일(일) 새벽 도착 보장 4.5 (2361) 최대 450원 적립",,,,,
[풀무원] 김치손만두 500g*2,,,,,
"가나 마일드 밀크초콜릿, 34g, 6개 6,760원 (10g당 331원) 내일(일) 도착 보장 5 (43543) 최대 338원 적립",,,,,
[담담] 마시는 하루 견과 (180mL X 15개),,,,,
[ORGA] 우유식빵 240g,,,,,
"농심 사리곰탕 컵 61g, 6개 5,700원 (1개당 950원) 내일(일) 도착 보장 5 (23221) 최대 285원 적립",,,,,
[수산곳간] 김 어묵깡 80g,,,,,
"종가 오래오래 맛있는 열무김치, 900g, 1개 10%14,900원 13,410원 (100g당 1,490원) 내일(일) 새벽 도착 보장 4.5 (47838) 최대 670원 적립",,,,,
[와인앤모어픽업]일라이저 크레이그 스트레이트 라이 750mL ((위스키)),,,,,
"나랑드사이다 제로, 245ml, 24개 53%23,920원 11,190원 (100ml당 190원) 내일(일) 도착 보장 5 (192178) 최대 560원 적립",,,,,
[조선호텔김치] 조선 주니어 배추김치 400g,,,,,
[네스프레소] 디카페인 커피 캡슐(볼루토 디카페나토) 10개입(40mL),,,,,
[드시모네] 캡슐 플러스 유산균 (60일분),,,,,
"무료배송 [구록원]보은 황토대추 보은 건대추 1kg, 1개, 보은 건대추 중초 22mm 1kg 15,500원 (100g당 1,550원) 2/10(화) 도착 예정 4.5 (709) 최대 775원 적립",,,,,
[칙뽈로] 특수부위 닭마카세 400g,,,,,
"건강곡간 부드러워 먹기편한 퀵 오트밀 통, 1.2kg, 1개 5,980원 (100g당 498원) 내일(일) 도착 보장 4.5 (595) 최대 299원 적립",,,,,
[존쿡 델리미트] 브로첸 2팩 (50g X 3개입),,,,,
[선진포크한돈] 앞다리 찌개용 400g,,,,,
[선물세트] 8APM 식물성 멜라토닌 멜라피스 30정 +수면안대,,,,,
"감동란, 30구, 1개 24,820원 (1구당 827원) 내일(일) 새벽 도착 보장 5 (49054) 최대 1,241원 적립",,,,,
[서울우유] 복숭아 요거트 (85g X 4개),,,,,
[KF365] 한돈 삼겹 대패 1kg (냉동),,,,,
[상하치즈] 후레쉬 보코치니 모짜렐라 100g,,,,,
[KF365] 오리지널 바베큐폭립 2종,,,,,
[마니커에프앤지] 고소한 옥수수 치킨 팝콘,,,,,
[오뚜기] 라이트 슈가 딸기잼 290g,,,,,
"locks 뼈없는 삼겹살 (냉동), 1개, 1.5kg 17,990원 (100g당 1,199원) 내일(일) 새벽 도착 보장 4.5 (196) 최대 900원 적립",,,,,
[풀무원] 우리아이 첫 물만두 돼지고기&버섯 500g,,,,,
"샐러드용 양배추 채, 300g, 1개 1,790원 (100g당 597원) 내일(일) 새벽 도착 보장 4.5 (110798) 최대 90원 적립",,,,,
[라빈리커픽업]알렉상드르 뷔고 보졸레 크뤼 브뤼이 20 (와인),,,,,
"썬업 오렌지&감귤 주스, 1개, 750ml 4,200원 (100ml당 560원) 내일(일) 새벽 도착 보장 5 (2497) 최대 210원 적립",,,,,
"디벨라 토마토 퓨레, 680g, 2개 7,720원 (100g당 568원) 내일(일) 새벽 도착 보장 5 (9561) 최대 386원 적립",,,,,
[내츄럴플러스] 기억력케어 앤 유산균 (30일분),,,,,
"무료배송 맛을그리다 믹스너트 베리너츠 400g, 1개 7%13,800원 12,810원 (100g당 3,203원) 2/11(수) 도착 예정 4.5 (925) 최대 640원 적립",,,,,
[CJ] 가벼운 고단백 두부면 2종 (100g) (택1),,,,,
"사조 해표 콩기름 식용유, 1.8L, 5개 46%44,750원 24,120원 (100ml당 268원) 내일(일) 도착 보장 5 (333923) 최대 1,206원 적립",,,,,
[부침명장] 해물파전 500g,,,,,
"청정원 찰진 감자 생수제비 2~3인분, 300g, 2개 14%4,960원 4,220원 (100g당 703원) 내일(일) 새벽 도착 보장 4.5 (20897) 최대 211원 적립",,,,,
"만전김 두번 구워 더욱 바삭한 삼각김밥용 김, 24g, 2개 24%10,000원 7,520원 (10g당 1,567원) 내일(일) 도착 보장 5 (12054) 최대 376원 적립",,,,,
"무료배송 [설시즌특가]착한가격 국산 당도엄선 깊은단맛 못난이사과, 1박스, 5kg 쿠폰할인38%27,300원 16,900원 (100g당 338원) 2/12(목) 도착 예정 3.5 (56) 최대 845원 적립",,,,,
[횡성축협한우] 1++ 한우 갈비살 200g (냉장),,,,,
[셰프초이스] 한돈 더 듬뿍 고기 완자 500g (냉동),,,,,
[김소영 아티장의 안단테] 사토리 몬아모레 체다,,,,,
[인생꼬치] 데리야끼 닭꼬치 400g,,,,,
[옳곡] 국산 땅콩으로 만든 그래놀라 2종 (택1),,,,,
유기농 로메인 2종,,,,,
[종근당건강] 아임비타 멀티비타민 미네랄 구미 (50일분),,,,,
[스타] 미트볼 라구소스 클래식,,,,,
"팔도 밥알없는 비락식혜, 175ml, 30개 33%15,000원 10,000원 (100ml당 190원) 내일(일) 도착 보장 5 (107128) 최대 500원 적립",,,,,
"종근당건강 프로메가 오메가3 트리플, 60정, 1개 49%20,900원 10,590원 (1정당 177원) 내일(일) 도착 보장 5 (119876) 최대 530원 적립",,,,,
[카페마마스] 시그니처 옐로우 피클,,,,,
[코우카키스] 블루베리&라즈베리 그릭 요거트 150g,,,,,
[정착육] 뉴질랜드산 크라운 숄더랙 스테이크,,,,,
"자연과농부 흑마늘 무뼈족발, 500g, 2개 19,270원 (100g당 1,927원) 내일(일) 새벽 도착 보장 4.5 (12592) 최대 964원 적립",,,,,
홈파티 스테이크용 생선 6종 (냉동) (택1),,,,,
[연리희재] 오리지널&흑임자유자 개성주악 8구,,,,,
[둥구나무 : 자연그대로] 방풍나물,,,,,
[드시모네] 베이비 스텝2 유산균 (50일분),,,,,
"웰콩 병아리콩 볶음, 20개, 20g 12,000원 (100g당 3,000원) 내일(일) 도착 보장 4.5 (5004) 최대 600원 적립",,,,,
"디벨라 토마토퓨레 루스티카, 680g, 1개 4,300원 (100g당 632원) 내일(일) 새벽 도착 보장 5 (1691) 최대 215원 적립",,,,,
유기농 다진 감자 100g,,,,,
[경기떡집] 경기 떡국떡 500g,,,,,
"MANTOVA 그라나파다노, 200g, 1개입, 1개 8,980원 (10g당 449원) 내일(일) 새벽 도착 보장 5 (3987) 최대 449원 적립",,,,,
"바프 군옥수수맛 아몬드, 120g, 2개 7,000원 (100g당 2,917원) 내일(일) 도착 보장 5 (11978) 최대 350원 적립",,,,,
[롯데] 제로 자일리톨 민트캔디 3종 (택1),,,,,
[보승] 쫀득한 분식점맛 찰순대,,,,,
[클리퍼] 유기농 카모마일 앤 피치 (1.5g X 20개),,,,,
"무료배송 산과들에 오리진스믹스너트 하루견과 50봉, 50개, 20g 할인10%16,400원 14,760원 (100g당 1,476원) 2/10(화) 도착 예정 4.5 (1244) 최대 738원 적립",,,,,
[프레시히어로] 딸기퓨레 200g,,,,,
"무료배송 [파격특가] 고당도 가정용 부사사과 못난이사과, 1박스, 5kg 쿠폰할인51%49,000원 23,900원 (100g당 478원) 2/11(수) 도착 예정 4.5 (297) 최대 1,195원 적립",,,,,
"곰곰 국산통들깨 가루, 150g, 1개 31%11,000원 7,520원 (100g당 5,013원) 내일(일) 도착 보장 5 (3112) 최대 376원 적립",,,,,
[지유명차] 보이차 티백 2종 (1.5g X 20개) (택1),,,,,
[하이포크] 저탄소 인증 한돈 4종 모음 500g (냉장),,,,,
"foodi 크러쉬드 레드페퍼, 100g, 1개 6,000원 (10g당 600원) 내일(일) 새벽 도착 보장 5 (1187) 최대 300원 적립",,,,,
[크라운] 뽀또 치즈타르트 322g,,,,,
[CU 픽업] 나흐트골드아우스레제375ml,,,,,
[기꼬만] 돈가스 소스,,,,,
[백년밥상] 손말이고기 & 우삼겹 된장찌개 세트,,,,,
[유가원] 유기농 호두 강정 120g,,,,,
[초록원] 꿀생강차 1kg,,,,,
[고메]갈릭치즈 피자 325G,,,,,
[네스프레소] 볼루토 커피 캡슐 10개입(40mL),,,,,
"무료배송 현대농산 국산 적두, 2개, 500g 19,800원 (100g당 1,980원) 2/11(수) 도착 예정 4.5 (1827) 최대 990원 적립",,,,,
[딥트 3일] 듀얼 버닝 (7일분),,,,,
[한팟] 화산콩나물불고기 2인분,,,,,
"삼립 소화가 잘되는 우유가 들어간 생크림빵 (냉동), 95g, 2개입, 1개 3,980원 (10g당 209원) 내일(일) 새벽 도착 보장 5 (3431) 최대 199원 적립",,,,,
[케오스] 블루치즈 감자칩 125g,,,,,
"무료배송 모든반찬 양념 명란젓 파지, 1kg, 1개 할인36%22,000원 13,960원 (10g당 140원) 2/11(수) 도착 예정 4.5 (7070) 최대 698원 적립",,,,,
[마포식품] 生 명동 칼국수,,,,,
"무료배송 구월의아침 매일 쪄서볶은 국산 보리차 500g, 1개입, 3개 할인69%36,000원 10,810원 2/10(화) 도착 예정 5 (1976) 최대 540원 적립",,,,,
"무료배송 삼양 짱구, 115g, 5개 할인29%7,410원 5,210원 (10g당 91원) 2/11(수) 도착 예정 5 (14324) 최대 260원 적립",,,,,
[도시곳간] 7days 건강 반찬 세트 - 수요일,,,,,
"서울우유 커피, 200ml, 8개 7,750원 (100ml당 484원) 내일(일) 새벽 도착 보장 5 (71190) 최대 388원 적립",,,,,
"클룹 애사비소다 화이트발사믹 제로 탄산음료, 6개, 500ml 47%15,000원 7,870원 (100ml당 262원) 내일(일) 도착 보장 새 상품, 반품-미개봉 (3) 최저7,470원 5 (1457) 최대 394원 적립",,,,,
칠레산 생체리 300g (10row),,,,,
"더담은 국산 늘보리 꽁보리, 1kg, 1개 18%6,980원 5,680원 (100g당 568원) 내일(일) 새벽 도착 보장 5 (828) 최대 284원 적립",,,,,
[가토미작] 망고 그릭요거트 보틀 케이크 (110g X 2개입),,,,,
[크라운] 그레이스 298g,,,,,
[청정원] 유기농 수라당면 400g,,,,,
루꼴라 리프 30g,,,,,
"샐러드용 양배추 채, 300g, 1개 1,790원 (100g당 597원) 내일(일) 새벽 도착 보장 4.5 (110795) 최대 90원 적립",,,,,
[그린너트] 구운 캐슈넛 500g,,,,,
[포베라] 키즈 프로바이오틱스 (30일분),,,,,
[쉐푸드] 한식 다찬도시락 12찬(리뉴얼),,,,,
[다미원] 순살 삼치 500g (냉동),,,,,
[26년 설] [CU 픽업] 1865 적토마 에디션,,,,,
샤브샤브용 이색 버섯 8종세트,,,,,
[신사동 포노 부오노] 히든 천재의 까르보나라 파스타,,,,,
[기꼬만] 혼쯔유 (코이다시) 500ml,,,,,
"비비드키친 저당 데리야끼 소스, 340g, 1개 13%4,980원 4,300원 (100g당 1,265원) 내일(일) 도착 보장 5 (1166) 최대 215원 적립",,,,,
[포미] 파사타 토마토 퓨레 750g,,,,,
"무료배송 진짜 안흥손찐빵 국산팥 100%. 횡성군수가 인증한 품질 (1200g) 수제찐빵, 1.2kg, 1박스 할인34%26,900원 17,600원 (10g당 147원) 2/10(화) 도착 예정 4.5 (1823) 최대 880원 적립",,,,,
"사무실 과자 세트 10종(+1) 탕비실 간식 ( 오예스미니 초코하임 화이트하임 쿠크다스 촉촉한초코칩 빈츠 엄마손 마가렛트 오뜨치즈 후렌치파이 소라과자 ) 세트, 1개, 192g 26,800원 (10g당 1,396원) 내일(일) 도착 보장 새 상품, 반품-미개봉 (2) 최저26,530원 5 (10906) 최대 1,340원 적립",,,,,
[라빈리커픽업][설 2본 선물] 마젤라 set (와인),,,,,
[선물세트] 나폴레옹 마들렌 세트 (21g X 5개),,,,,
[KF365] 기본에 충실한 하루견과(20g*14봉),,,,,
[카메다] 소프트 사라다 145.2g,,,,,
"곰곰 100% 국산콩 순두부, 400g, 2개 2,790원 (100g당 349원) 내일(일) 새벽 도착 보장 5 (19245) 최대 140원 적립",,,,,
"하겐다즈 파인트 스트로베리 (냉동), 473ml, 1개입, 1개 34%17,900원 11,670원 (10ml당 247원) 내일(일) 새벽 도착 보장 5 (8230) 최대 584원 적립",,,,,
[사랑담은] 타르타르 소스,,,,,
[김구원선생] 순두부 된장찌개,,,,,
"시골기름집 통참깨로 짠 방앗간 참기름, 1개, 350ml 4%9,900원 9,500원 (10ml당 271원) 내일(일) 도착 보장 5 (146) 최대 475원 적립",,,,,
"국내산 연근(햇), 1kg, 1개 8,910원 (100g당 891원) 내일(일) 새벽 도착 보장 4.5 (11486) 최대 445원 적립",,,,,
[페리카나] 양념치킨 소스 3종,,,,,
"서울우유 요구르트, 65ml, 5개입, 6개 4,560원 (10ml당 23원) 내일(일) 새벽 도착 보장 5 (68999) 최대 228원 적립",,,,,
[이탈리안커피] 커피 캡슐 5.5g X 10개 7종(택1)(네스프레소 호환),,,,,
"무료배송 코스런 코스트코 소스락 초간단 백년육수 120알 대용량, 1개, 360g 할인19%25,000원 20,210원 (100g당 5,614원) 2/11(수) 도착 예정 5 (5211) 최대 1,010원 적립",,,,,
[닥터린] 하이퍼셀 알티지(rTG) 오메가3 (30일분),,,,,
[CU 픽업] 또스띠레드아모레,,,,,
"하림 자연실록 동물복지 인증 소금구이 닭갈비 (냉장), 400g, 1개 6,990원 (100g당 1,748원) 내일(일) 새벽 도착 보장 5 (345) 최대 350원 적립",,,,,
"리고 100% 땅콩버터 청키, 453g, 1개 31%9,980원 6,790원 (100g당 1,499원) 내일(일) 도착 보장 5 (4140) 최대 340원 적립",,,,,
[둥구나무] 생깻잎무침,,,,,
한끼 채소 파채 100g,,,,,
"무료배송 Pisti 피스티 시칠리안 피스타치오 크림 스프레드, 600g, 1개 36%50,000원 31,750원 (100g당 5,292원) 2/20 도착 예정 4 (451) 최대 1,588원 적립",,,,,
"푸르밀 바나나우유, 225ml, 8개 6,280원 (100ml당 349원) 내일(일) 새벽 도착 보장 5 (17737) 최대 314원 적립",,,,,
[설성목장] 옛날 한우 육개장 500g,,,,,
[라빈리커픽업]까넬라 로씨니 (와인),,,,,
"주문진어시장건어물 백진미 오징어채 (냉동), 1개, 400g 20%24,900원 19,900원 (100g당 4,975원) 내일(일) 새벽 도착 보장 4.5 (47345) 최대 845원 적립",,,,,
"한울 촉촉 고구마 스틱, 20g, 30개 35%45,000원 29,170원 (10g당 486원) 내일(일) 도착 보장 5 (13915) 최대 1,459원 적립",,,,,
"풀무원 특등급 국산콩 두부 단단한 부침용, 2개, 340g 4,990원 (100g당 734원) 내일(일) 새벽 도착 보장 5 (6453) 최대 250원 적립",,,,,
[이솔라비오] 유기농 귀리 음료 2종 (택1),,,,,
"하림 동물복지 깨끗한농장 인증 닭볶음탕용 (냉장), 1kg, 1개 19%12,990원 10,440원 (100g당 1,044원) 내일(일) 새벽 도착 보장 5 (504) 최대 522원 적립",,,,,
[소금집] 브레사올라 45g (냉장),,,,,
"오뚜기 카레 순한맛, 100g, 1개 8%2,380원 2,180원 (100g당 2,180원) 내일(일) 새벽 도착 보장 5 (11259) 최대 109원 적립",,,,,
"비비고 김밥김, 4개, 22g 10%11,920원 10,660원 (10g당 1,211원) 내일(일) 새벽 도착 보장 5 (174) 최대 533원 적립",,,,,
"담터 꿀대추차, 1kg, 1개입, 1개 10%9,000원 8,070원 (10g당 81원) 내일(일) 도착 보장 새 상품, 반품-최상 (27) 최저7,660원 4.5 (5955) 최대 404원 적립",,,,,
"곰곰 국내산 딸기, 500g(중과), 1팩 8,900원 (100g당 1,780원) 내일(일) 새벽 도착 보장 4.5 (38862) 최대 445원 적립",,,,,
"비비고 닭곰탕, 500g, 2개 37%10,960원 6,880원 (100g당 688원) 내일(일) 새벽 도착 보장 4.5 (580) 최대 344원 적립",,,,,
[맘마밀] 안심밥상 진밥 15개월 3종 (택1),,,,,
"풀무원 우렁 강된장 비빔양념, 150g, 1개 2,280원 (100g당 1,520원) 내일(일) 새벽 도착 보장 5 (12551) 최대 114원 적립",,,,,
[페이브] 에티오피아 블렌디드 원두 1kg,,,,,
[성진] 식용 베이킹 소다(용기형) 900g,,,,,
"풀무원 쌀 떡국떡, 500g, 1개 2,300원 (100g당 460원) 내일(일) 새벽 도착 보장 5 (15689) 최대 115원 적립",,,,,
[허쉬] 버라이어티 베리 & 초콜릿칩 싱글 쿠키 24입,,,,,
[CU 픽업] 1865 셀렉티드빈야드 시라,,,,,
[피코크] 광장시장식 어묵조림 꼬마김밥키트,,,,,
[미자언니네] 건새우마늘쫑볶음,,,,,
[먹쉬돈나] 즉석 치즈 떡볶이 (매운맛),,,,,
[툭툭누들타이] 얌운센,,,,,
"청정원 갈릭 앤 페페로치노 알리오올리오 파스타소스, 360g, 1개 32%6,950원 4,700원 (100g당 1,306원) 내일(일) 새벽 도착 보장 5 (2151) 최대 235원 적립",,,,,
"청정원순창 우리쌀로 만든 100% 국산 고추장, 1kg, 1개 43%28,100원 15,820원 (100g당 1,582원) 내일(일) 도착 보장 5 (16536) 최대 711원 적립",,,,,
[맛있게 한끼] 국산콩 몽글이 (순두부) (2개입),,,,,
[CU 픽업] 트리로지 얼티메이트 쉬라즈,,,,,
[카사로] 슈레드 파마산 치즈 283g,,,,,
베트남산 베이비 아스파라거스 100g,,,,,
[허쉬] 바닐라초코칩 모나카 (140mL X 3개),,,,,
"[TV홈쇼핑정품 인포벨]선유가 오세경어부 싱싱두툼 완도 매생이 톡 세척 동결건조 블록 떡국 죽 건매생이 소포장, 20개, 2g 29,900원 (100g당 74,750원) 2/12(목) 도착 예정 5 (156) 최대 1,495원 적립",,,,,
[풀무원다논] 액티비아 부스트샷3 사과 (100mL X 4개),,,,,
[CU 픽업] 파머스립랜덤샷쉬라즈,,,,,
[삼삼물산] 녹차로 씻어낸 매생이 120g (냉장),,,,,
"무료배송 프리미엄 코코아 파우더 100g 분말 가루 쫀득쿠키 두바이 코코아밤 다크 핫초코 티라미수 소분, 1개, 1개입 5,900원 (10g당 590원) 2/10(화) 도착 예정 5 (139) 최대 295원 적립",,,,,
"곰곰 스테비아 대추방울토마토 청포도향, 1kg, 2개 20,330원 (100g당 1,017원) 내일(일) 새벽 도착 보장 4.5 (13981) 최대 1,016원 적립",,,,,
"고미네 치아시드, 200g, 1개 3,490원 (100g당 1,745원) 내일(일) 도착 보장 5 (1891) 최대 175원 적립",,,,,
[미자언니네] 순살 꼬막 우렁된장찌개,,,,,
제수용 대표 상차림 6종 (황태포/굴비/문어) (택1),,,,,
[선물세트] 트리투바 크로캉 6입 세트 3종 (택1),,,,,
[엠오이칼] 클래식 캔디 75g,,,,,
[남양] 불가리스 불가리스 락토프리 그릭 요거트 400g,,,,,
[전통주] 서울고량주 레드 (35도 375mL),,,,,
[서촌 영화루] 짜장면 2인분,,,,,
[일상味소] 등심 불고기 200g (냉장),,,,,
[CU 픽업] 버팔로트레이스,,,,,
[솔가] 여성 멀티 선물세트(여성멀티비타민60일분+오메가3 60일분),,,,,
"무료배송 앵커크림치즈 1KG, 1개 13,660원 (100g당 1,366원) 2/10(화) 도착 예정 5 (3563) 최대 683원 적립",,,,,
친환경 케일 2종,,,,,
[만전김] 슈퍼초이스 명란 김자반 40g,,,,,
"요플레 그릭 복숭아 요거트, 80g, 2개, 4개입 쿠폰할인28%6,960원 4,980원 (10g당 78원) 내일(일) 새벽 도착 보장 5 (357) 최대 249원 적립",,,,,
[노티드] 쇼콜라 티라미수 케이크 370g,,,,,
[남도우애] 무항생제 1++ 한우 등심 불고기용 200g (냉장),,,,,
[선진포크한돈] 한돈 인기 부위 9종 (냉장) (택1),,,,,
[그린너트] 크리스피 코코넛 청크 300g,,,,,
"오뚜기 양념치킨 소스, 1.2kg, 1개 6,090원 (100g당 508원) 내일(일) 도착 보장 5 (42955) 최대 305원 적립",,,,,
[CU 픽업] 앙드레 끌루에 나뛰르 실버,,,,,
"상하목장 유기농 인증 마이리틀 짜먹는 요구르트 딸기블루베리, 85g, 1개입, 12개 13,200원 (10g당 129원) 내일(일) 새벽 도착 보장 5 (11650) 최대 660원 적립",,,,,
"주일 무결점 해풍맞은 완도 다시마, 300g, 1개 7,900원 (100g당 2,633원) 내일(일) 새벽 도착 보장 5 (9170) 최대 395원 적립",,,,,
[사랑과정성] 요리맛샘,,,,,
[하이그레이드] 리치로스팅 너트 믹스 900g,,,,,
"예맛 두번 구운 곱창 돌김, 5g, 30개 22,900원 (10g당 1,527원) 내일(일) 새벽 도착 보장 5 (420) 최대 1,145원 적립",,,,,
[와인앤모어픽업]블랙 벨벳 750mL ((캐나다위스키)),,,,,
[오뚜기] 3일숙성카레 고형 100g 2종,,,,,
[횡성축협한우] 1++ 한우 채끝 스테이크 200g (냉장),,,,,
[압구정주꾸미] 주꾸미삼겹살 500g (냉동),,,,,
국산 조미 쥐치포 120g,,,,,
[선물세트][비첸향] 골드 에디션 250g,,,,,
[센트룸] 타마플렉스 올인원 (30일분),,,,,
[CU 픽업] 쿠니자카리오니고로시,,,,,
[모모스커피] 드립백 세트 (24개입),,,,,
"참 우리식품 고기엔 참소스, 300g, 2개 쿠폰할인8%3,450원 3,150원 (100g당 525원) 내일(일) 새벽 도착 보장 5 (10277) 최대 158원 적립",,,,,
[하림] 킹용가리 770g,,,,,
멕시코산 라임 3입,,,,,
"무료배송 마루산 아와세 컵 미소된장, 900g, 1개 5,400원 (100g당 600원) 2/10(화) 도착 예정 4 (2670) 최대 270원 적립",,,,,
[아침엔본죽] 단팥죽,,,,,
두툼 흑돼지 모아보기 10종 (택1),,,,,
[볼비] 두유 그릭요거트 클래식 100g,,,,,
[아그리폼] 페코리노 로마노 200g,,,,,
"무료배송 [난각번호1번] 자유방목 유정란 계란 특란, 1개, 20구 할인43%20,900원 11,900원 (1구당 595원) 2/10(화) 도착 예정 4.5 (1746) 최대 589원 적립",,,,,
[해찬들] 100% 태양초 우리쌀 고추장 1kg,,,,,
[브로드카세] 72시간 저당 사워도우 슬랩 660g,,,,,
[귤로장생] 당도선별 레드향 2kg(7~10입),,,,,
"무료배송 마신다 먹는샘물 무라벨, 2L, 6개 74%19,000원 4,900원 (100ml당 41원) 2/11(수) 도착 예정 5 (12874) 최대 245원 적립",,,,,
"하이디라오 마라샹궈 소스, 220g, 3개 9,830원 (100g당 1,489원) 내일(일) 도착 보장 4.5 (12962) 최대 491원 적립",,,,,
[종가] 통얼갈이 겉절이1kg,,,,,
"밀키스 탄산음료, 340ml, 24개 14,720원 (100ml당 180원) 내일(일) 도착 보장 새 상품, 반품-미개봉 (25) 최저11,000원 5 (37430) 최대 736원 적립",,,,,
"썬키스트 캘리포니아 감귤 만다린, 2kg, 1개 할인5%19,800원 18,800원 (100g당 940원) 내일(일) 새벽 도착 보장 4.5 (2643) 최대 940원 적립",,,,,
[정지선의 티엔미미] 총유면,,,,,
[CU 픽업] 아카기리시마 900ml,,,,,
참나물 150g,,,,,
[정관장] 홍삼정 리미티드 (100일분) + (쇼핑백증정),,,,,
"청정원 바사삭 들기름김 바사삭 들기름김, 4g, 20개 30%11,600원 8,110원 (10g당 1,014원) 내일(일) 새벽 도착 보장 5 (2097) 최대 405원 적립",,,,,
한뿌리 수삼 45g,,,,,
[CU 픽업] 보테가끼안띠클라시코,,,,,
[크라운] 쿠크다스 말차 289g,,,,,
[전통주]  40240 독도소주_해양심층수 (17도 375mL),,,,,
[오뗄]  보그 부어스트 160g,,,,,
"다향오리 무항생제 인증 우리땅 오리 다리살 슬라이스 (냉장), 500g, 1개 4%14,900원 14,270원 (100g당 2,854원) 내일(일) 새벽 도착 보장 4.5 (9395) 최대 714원 적립",,,,,
"초록매실 제로, 500ml, 24개 38%36,000원 22,290원 (100ml당 186원) 내일(일) 도착 보장 새 상품, 반품-미개봉 (27) 최저21,170원 5 (7063) 최대 1,115원 적립",,,,,
"곰곰 구수한 우리쌀 현미밥 작은공기, 130g, 24개 42%31,200원 17,920원 (100g당 574원) 내일(일) 도착 보장 새 상품, 반품-미개봉 (2) 최저17,020원 5 (898) 최대 896원 적립",,,,,
[쥬세페크레모니니]  발사믹 글레이즈 크림,,,,,
"광천김 이모카세 1호 김자반, 50g, 2개 23%6,000원 4,580원 (10g당 458원) 내일(일) 도착 보장 4.5 (999) 최대 229원 적립",,,,,
[풀무원] 로스팅 짜장면 파기름 4입,,,,,
"무료배송 안동학가산김치 고랭지 포기김치4kg_국내산 김치_가정용, 4kg, 1개 28,000원 (100g당 700원) 2/10(화) 도착 예정 4.5 (12133) 최대 1,400원 적립",,,,,
"샘표 진간장 금F3, 860ml, 1개 2%6,620원 6,480원 (100ml당 753원) 내일(일) 도착 보장 새 상품, 반품-미개봉 (56) 최저5,500원 5 (84578) 최대 324원 적립",,,,,
"[Kurly's] 간편하게 바삭, 통등심 돈까스",,,,,
"남양유업 불가리스 설탕무첨가 플레인, 1개, 8개입, 150ml 8,810원 (10ml당 73원) 내일(일) 새벽 도착 보장 5 (1849) 최대 440원 적립",,,,,
[레인코스트] 파인애플&바질 150g,,,,,
[설성목장] 한우 사골 우거지 해장국,,,,,
"키친스토리 빅마마 이혜정의 시크릿코인 아주 편안한맛, 80g, 1개 24%8,640원 6,490원 (100g당 8,113원) 내일(일) 도착 보장 5 (14351) 최대 325원 적립",,,,,
[칠갑농산] 엄마손칼국수 800g,,,,,
"오뚜기 스리라차와 마요네스가 만난 매코매요, 210g, 2개 16%6,560원 5,460원 (100g당 1,300원) 내일(일) 도착 보장 4.5 (933) 최대 273원 적립",,,,,
[디뉴] 파라오틱스 (30일분),,,,,
[PPUL] 1++(9) 한우 정육 슬라이스 200g (냉장),,,,,
"사무실 과자 세트 10종+1 오뜨 쇼콜라 몽쉘 생크림 빅파이 마가렛트 카스타드 빈츠 촉촉한초코칩 쵸코하임 화이트하임 쿠크다스 소라과자, 1개 26,800원 (1세트당 26,800원) 내일(일) 도착 보장 새 상품, 반품-미개봉 (2) 최저26,530원 5 (5172) 최대 1,340원 적립",,,,,
[미자언니네] 오이지 무침,,,,,
"샘표 양조간장 701, 860ml, 1개 19%10,720원 8,610원 (100ml당 1,001원) 내일(일) 새벽 도착 보장 5 (4282) 최대 430원 적립",,,,,
"농심 안성탕면 125g 10p + 신라면 120g 10p, 1세트, 1개 15,660원 (1개당 15,660원) 내일(일) 도착 보장 4.5 (338) 최대 783원 적립",,,,,
[로젠] 필링캔디 대용량 3종 (택1),,,,,
[파르네세] 그라나 파다노 150g,,,,,
"무료배송 오뚜기 우동 건더기 스프, 250g, 2개 할인27%13,600원 9,800원 (100g당 1,960원) 2/11(수) 도착 예정 5 (25797) 최대 490원 적립",,,,,
[하이디라오소스로 만든] 훠궈 2~3인분 (탕선택),,,,,
[파인] 과일 캔디 2종 (택1),,,,,
[Kurly's] 한돈 떡갈비 (120g*2입),,,,,
유기농 다진 브로콜리 90g x 2입,,,,,
[슈퍼키친X한옥집] 돼지고기 김치찌개,,,,,
[퍼니트] 리얼 발효효소 30개입 (복숭아맛),,,,,
"무료배송 루카스나인 시그니처 더블샷라떼 커피믹스, 14.9g, 30개입, 2개 할인4%21,990원 21,090원 (10g당 236원) 2/12(목) 도착 예정 5 (69368) 최대 1,055원 적립",,,,,
건고추 40g,,,,,
[일상味소] 부채살 육전용 200g (냉동),,,,,
"다담 국물 떡볶이 양념, 145g, 2개 35%5,100원 3,290원 (100g당 1,134원) 내일(일) 새벽 도착 보장 5 (1071) 최대 165원 적립",,,,,
[Kim's butcher] 미국산 냉장 아롱사태 (리테일팩),,,,,
[올가] 순수한 채소스낵 2종 (택1),,,,,
[조선호텔] 삼선볶음밥 (2개입),,,,,
[리틀넥] 인기 메뉴 4종 (택1),,,,,
[수미과] 13brix이상 물오른 고당도 감귤 1.8kg (비가림),,,,,
"기꼬만 폰즈 유즈카, 1개, 250ml 7,500원 (100ml당 3,000원) 내일(일) 새벽 도착 보장 5 (519) 최대 375원 적립",,,,,
[바다해] 직화로 구운 아귀포 180g,,,,,
[롯데제과] 카스타드 오리지널 230g,,,,,
"무료배송 한끼농산 백미 쌀 5kg 햅쌀 밥맛 좋은 상등급, 1개 할인31%25,500원 17,500원 (100g당 350원) 2/13(금) 도착 예정 4.5 (2216) 최대 875원 적립",,,,,
[네스프레소 버츄오] 콜롬비아 커피 캡슐 10개입(230mL),,,,,
[상하목장] 유기농 그릭요거트 80g 2종 (80g X 4개) (택1),,,,,
[김소형원방] 육합효소(곡물 효소) 3g 30포,,,,,
[콤비타] UMF10+ 250g + umf 5+ 사셰 14개입 선물세트,,,,,
[선물세트] 주세페 주스티 화이트 콤보세트,,,,,
"한성기업 런천미트, 200g, 6개 6,900원 (10g당 58원) 내일(일) 도착 보장 4.5 (29303) 최대 345원 적립",,,,,
"스팸 클래식, 200g, 3개 44%16,480원 9,150원 (10g당 153원) 내일(일) 도착 보장 5 (126687) 최대 458원 적립",,,,,
[리치몬드 과자점] 쿠인아망 140g,,,,,
[오리온] 오징어땅콩 미니 박스 (30g x 22개입),,,,,
[뉴트리원] 비비랩 파로 효소 밸런스 20포,,,,,
[인텔리젠시아] 프리퀀시 블렌드 원두 200g,,,,,
"일동후디스 그릭 요거트 달지않은 저지방, 450g, 2개 11,800원 (10g당 131원) 내일(일) 새벽 도착 보장 5 (76002) 최대 590원 적립",,,,,
"하이포크 한돈 간장 돼지 불고기, 700g, 1개 9,990원 (100g당 1,427원) 내일(일) 새벽 도착 보장 5 (4034) 최대 450원 적립",,,,,
[캠핑프렌즈] 한돈 목살 스테이크 + 버터 320g (냉장),,,,,
"오뚜기 컵누들 열라면 35g, 12개 13,740원 (1개당 1,145원) 내일(일) 도착 보장 5 (371) 최대 687원 적립",,,,,
[폰타나] 액상수프 7종,,,,,
"스팸 클래식, 340g, 3개 45%23,480원 12,770원 (10g당 125원) 내일(일) 도착 보장 새 상품, 반품-미개봉 (21) 최저12,000원 5 (126685) 최대 639원 적립",,,,,
[CU 픽업] 레드우드블렌드,,,,,
[KART] 들기름향 솔솔 고흥 미역국,,,,,
[면사랑] 쌀 떡볶이떡 1kg (지퍼백),,,,,
[선물세트] 한끼톡톡 고시히카리 (1.5kg x 2),,,,,
"샐러드용 양배추 채, 500g, 1개 2,940원 (100g당 588원) 내일(일) 새벽 도착 보장 4.5 (110796) 최대 147원 적립",,,,,
"지도표 성경 녹차김, 55g, 4개 21%16,000원 12,500원 (10g당 568원) 내일(일) 도착 보장 새 상품, 반품-미개봉 (3) 최저11,030원 5 (37458) 최대 625원 적립",,,,,
[CU픽업] 케이머스 코넌드럼 화이트,,,,,
[존쿡 델리미트] 판체타 슬라이스 30g,,,,,
[테이스트프랩] 해물 파피요트,,,,,
[플라하반] 퀵 오트밀 4종 (택1),,,,,
[뉴오리진] 이너플로라 보라지유 (30일분),,,,,
[만전김] 더 두꺼워진 프리미엄 김밥용김 20매,,,,,
"한국야쿠르트 갓비움 푸룬 유산균 프리바이오틱스, 100ml, 5개 40%22,500원 13,500원 (100ml당 2,700원) 내일(일) 새벽 도착 보장 4.5 (1487) 최대 641원 적립",,,,,
"안중농협 2025년 햅쌀 평택 슈퍼오닝 고시히카리쌀, 10kg, 1개, 특등급 39,900원 (100g당 399원) 내일(일) 도착 보장 4.5 (12406) 최대 1,995원 적립",,,,,
"서울우유 커피, 200ml, 4개 4,490원 (100ml당 561원) 내일(일) 새벽 도착 보장 5 (71190) 최대 225원 적립",,,,,
"서울우유 더진한 순수 플레인 요거트, 2.45L, 1개입, 2개 16,690원 (10ml당 34원) 내일(일) 새벽 도착 보장 5 (475032) 최대 835원 적립",,,,,
"미즈칸 아지폰 폰즈, 360ml, 1개 5,790원 (100ml당 1,608원) 내일(일) 도착 보장 5 (1095) 최대 290원 적립",,,,,
손질 코다리 500g (냉동),,,,,
[전통주] 전주 이강주 (19도 375mL),,,,,
[청우] 참깨 스틱 진 220g,,,,,
[샘표] 샤브샤브용 육수 2종,,,,,
[킨더] 미니 프렌즈 펭귄 122g,,,,,
[욱이네] 남원골 추어탕,,,,,
[달콤트리] 13brix이상 고당도 제주 감귤 3kg,,,,,
[리오마레] 올리브오일 참치 160g,,,,,
[자연담은] 국산 유기농 압착 호라산밀 500g,,,,,
[하겐다즈] 미니컵 컬렉션 2종 (100mL X 4개) (택1),,,,,
[올가] 유기농 티 에디션 사계 세트 (1.3g X 40개),,,,,
"무료배송 팩브랜드 반건조 무화과 1kg, 1개 17,900원 (100g당 1,790원) 2/10(화) 도착 예정 4 (460) 최대 895원 적립",,,,,
"무료배송 2025년 산생땅콩수입생땅콩 대알 땅콩[녹색생활관], 5kg, 1개 37,280원 (100g당 746원) 3/4 도착 예정 4 (71) 최대 1,864원 적립",,,,,
[광동] 컬처렐 다이제스티브 선물세트 (30일분),,,,,
[CU 픽업] 깔루아솔티드카라멜*6,,,,,
[메디쏠라] 암케어 식단 도시락 9종 (택1),,,,,
[와인앤모어픽업]코노수르 비씨클레타 피노누아 ((와인)),,,,,
[와인앤모어픽업]루이자도 샤블리 ((와인)),,,,,
[포트'럭] 숙성 대방어회 150g (냉장),,,,,
[CU 픽업] 하쿠시카 긴죠 나마죠조,,,,,
"동우 바른닭고기 닭볶음용 (냉동), 1개, 1kg 6,250원 (100g당 625원) 내일(일) 새벽 도착 보장 4.5 (1648) 최대 313원 적립",,,,,
[포미] 토마토 소스 500g,,,,,
[바다모음] 이유식 재료 건어물 3종 (택1),,,,,
[폴 바셋] RTD 디카페인 콜드브루 아메리카노 300mL,,,,,
[정다운] 더 얇아서 맛있는 오리주물럭 매운맛 500g (냉장),,,,,
[비타바움] 퓨어비타민C 500 (30일분),,,,,
[선물세트] 사미헌 맑은곰탕/양념LA갈비 혼합세트,,,,,
[CU 픽업] 토마시이피아네티,,,,,
"설향 딸기 대과, 500g, 1개 할인2%10,290원 9,990원 (100g당 1,998원) 내일(일) 새벽 도착 보장 4.5 (91361) 최대 500원 적립",,,,,
"곰곰 김자반, 50g, 2개 30%6,000원 4,190원 (10g당 419원) 내일(일) 새벽 도착 보장 5 (3245) 최대 210원 적립",,,,,
[26년 설] [CU 픽업] 텡구마이준마이세트,,,,,
[메디프레소] 달콤한 티캡슐 8종 (택1)(네스프레소 호환),,,,,
"국내산 통 셀러리, 2kg, 1개 5,980원 (100g당 299원) 내일(일) 새벽 도착 보장 5 (48226) 최대 299원 적립",,,,,
[선물세트] 해통령 맛국물거리 세트,,,,,
[얼라이브] 삼부커스 엘더베리 구미 110개입,,,,,
[온하루] 황태채무침,,,,,
[둥구나무] 간편 주먹밥 세트 (밥새우/불고기/묵은지),,,,,
[CU 픽업] 삿포로실버650ml*12캔 실버잔,,,,,
"백설 프리미엄 굴소스, 500g, 1개 40%8,480원 5,080원 (100g당 1,016원) 내일(일) 도착 보장 5 (9889) 최대 254원 적립",,,,,
"무료배송 [한정수량특가] 최고급 상주곶감 선물세트 반건시 특대 70g~80g 명절선물 보자기동봉, 1개 쿠폰할인24%60,000원 45,500원 (1세트당 45,500원) 2/12(목) 도착 예정 5 (16) 최대 2,275원 적립",,,,,
[요플레] 대추요거트 (85mL X 4개),,,,,
[솔가] 여성용 멀티비타민&미네랄 30정 (30일분),,,,,
[CU 픽업] 몽그라스안투까쇼,,,,,
[고메공방] 우리밀로 만든 쁘띠붕어빵 2종 (택1),,,,,
[전통주] 서울의밤 유자 녹차 하이볼 (5도 500mL),,,,,
[동광젓갈] 문어 누룩 절임젓,,,,,
[CU 픽업] 코젤라거500ml캔24입,,,,,
청홍피망 2입,,,,,
"국내산 새송이 버섯, 170g, 2개 2,500원 (100g당 735원) 내일(일) 새벽 도착 보장 5 (64695) 최대 125원 적립",,,,,
[쿠위] 탑후르츠 젤리 애플망고맛 320g,,,,,
[베키아에누보] 바질모짜 치아바타 샌드위치 (3입),,,,,
[타르틴베이커리] 월넛 하프 500g,,,,,
[오로라] 오로라 리포좀 글루타치온 (32포),,,,,
[CU 픽업] 호세트레디셔날실버,,,,,
[룰루맘] 리얼 한입촉촉구마 (70g x 5개입),,,,,
[RARE : 레어] 1++(8) 한우 차돌박이 슬라이스 200g,,,,,
[요플레] ZERO 무당 플레인 요거트 700mL,,,,,
[한끼통살] 저당 도시락 5종 (1개입) (택2),,,,,
"무료배송 진주햄 천하장사 오리지날 소시지, 1kg, 1개 할인5%11,200원 10,600원 (10g당 106원) 2/11(수) 도착 예정 4.5 (4948) 최대 530원 적립",,,,,
"이로운 군위 무농약 인증 완숙 토마토, 2kg, 1개 17,730원 (100g당 887원) 내일(일) 새벽 도착 보장 4.5 (433) 최대 886원 적립",,,,,
바삭함부터 달콤함까지 인기 간식 7종 (택1),,,,,
"대림선 100% 우리쌀 사각어묵, 200g, 1개 2,590원 (100g당 1,295원) 내일(일) 새벽 도착 보장 5 (7033) 최대 130원 적립",,,,,
"샐러드용 양배추 채, 1kg, 1팩 5,290원 (100g당 529원) 내일(일) 새벽 도착 보장 4.5 (110798) 최대 265원 적립",,,,,
[KF365] 1+ 한우 국거리 300g(냉장),,,,,
[테라로사] 레몬치즈케이크 1000g,,,,,
"트윅스 미니스 픽앤믹스, 600g, 1개 쿠폰할인5%13,740원 13,030원 (10g당 217원) 내일(일) 도착 보장 4.5 (8316) 최대 651원 적립",,,,,
"건강곡간 제주 찰기장, 600g, 1개 7%12,830원 11,900원 (100g당 1,983원) 내일(일) 새벽 도착 보장 5 (332) 최대 595원 적립",,,,,
"국내산 상추&깻잎 간편쌈, 150g, 2개 5,000원 (100g당 1,667원) 내일(일) 새벽 도착 보장 4.5 (36718) 최대 250원 적립",,,,,
[자일리톨모어] 자일리톨 캔디 2종 (택1),,,,,
"오뚜기3분 쇠고기 간짜장, 200g, 6개 29%11,280원 7,900원 (100g당 658원) 내일(일) 도착 보장 5 (27700) 최대 395원 적립",,,,,
[티어스] 한국 고유차 대추 프레소 (22g X 6개),,,,,
[잭링크스] 비프 스테이크바 오리지널 125g (25g*5개입),,,,,
"씨제이 동물복지 인증 유정란 1300g, 1개, 25구 4%13,900원 13,310원 (1구당 532원) 내일(일) 새벽 도착 보장 4.5 (576) 최대 665원 적립",,,,,
[진가네반찬] 두부강된장,,,,,
"농심 사리면 110g, 30개 9,720원 (100g당 295원) 내일(일) 도착 보장 5 (80297) 최대 486원 적립",,,,,
"무료배송 황토마을 아몬드 슬라이스 500g, 1개 할인15%12,900원 10,910원 (100g당 2,182원) 2/11(수) 도착 예정 4.5 (64) 최대 540원 적립",,,,,
[비비고] 포기배추김치 900G,,,,,
"무료배송 농부곳간 대추 방울토마토, 1개, 대추방울토마토 5kg 4~5번과 소과 쿠폰할인75%119,000원 28,860원 (100g당 577원) 2/10(화) 도착 예정 4 (2048) 최대 1,429원 적립",,,,,
[장세순] 무농약 발아 찰현미 1.5kg,,,,,
[와인앤모어픽업]도그 포인트 소비뇽 블랑 ((와인)),,,,,
[르쁘띠에뚜왈] 오가닉 샤르도네 논알콜 750mL,,,,,
"가리비 관자살 (냉동), 대 30/40 500g, 2개 36%31,800원 20,300원 (100g당 2,030원) 내일(일) 새벽 도착 보장 4.5 (10362) 최대 905원 적립",,,,,
[진가네반찬] 수제짜장,,,,,
"오뚜기 3분 쇠고기짜장, 6개, 200g 6,690원 (100g당 558원) 내일(일) 새벽 도착 보장 5 (3135) 최대 335원 적립",,,,,
[풀무원] 지구식단 두유면 들기름 막국수,,,,,
[오로라] 오로라 리포좀 비타민B 콤플렉스 (32일분),,,,,
[전통주] 시나브로 명화캠벨 레드스위트와인 (12도 745mL),,,,,
"농심 안성탕면 125g, 20개 쿠폰할인4%13,870원 13,240원 (1개당 662원) 내일(일) 도착 보장 5 (368427) 최대 662원 적립",,,,,
"어장금 가자미살 생선까스 (냉동), 500g, 1봉 14,310원 (100g당 2,862원) 내일(일) 새벽 도착 보장 5 (2816) 최대 715원 적립",,,,,
[헬카페] 드립백 (12g X 14개),,,,,
[풍기인삼상회] 홍삼액 40포 (+보자기포장 및 쇼핑백 증정),,,,,
"국내산 친환경 시금치, 200g, 2개 5,460원 (100g당 1,365원) 내일(일) 새벽 도착 보장 4.5 (16836) 최대 273원 적립",,,,,
[바이오가이아] 프로텍티스 이지드롭+비타민D 10ml (60일분),,,,,
[풀무원] 치자 반절단무지 350g,,,,,
"무료배송 가락시장521 국산 햇 고주바멸치 1.5kg 남해 국물용 안주용 다용도 한박스, 1개 쿠폰할인32%25,000원 16,850원 (100g당 1,123원) 2/11(수) 도착 예정 4.5 (21) 최대 843원 적립",,,,,
"너트리 베트남 캐슈넛, 500g, 2개 26,500원 (100g당 2,650원) 내일(일) 도착 보장 4.5 (3989) 최대 1,325원 적립",,,,,
[오뚜기] 식물성 마가린 200g,,,,,
[마루미야] 오시로 낫또 (9개입),,,,,
[정관장] 홍삼천보 (15일분) + (리본포장 및 쇼핑백 증정),,,,,
"쿠크다스 화이트 토르테, 289g, 2개 7,460원 (10g당 129원) 내일(일) 도착 보장 5 (28169) 최대 373원 적립",,,,,
[CU 픽업] 다니엘부쥬VSOP,,,,,
[순수식품] 칼슘 마그네슘 비타민D 아연 망간 1박스(3개월분) (단일옵션),,,,,
"비비고 직화 들기름김, 3개 36%19,440원 12,330원 (10g당 761원) 내일(일) 도착 보장 5 (2848) 최대 616원 적립",,,,,
[11시 45분] 우엉유부 비건 곤약김밥 (2개입),,,,,
[CU 픽업] 클라로스쿠로우코6입,,,,,
[매일유업] 바이오 그릭요거트 Delight 2종 (80g X 8개) (택1),,,,,
[모현상회] 제철 회 5종 (냉장),,,,,
"해찬들 매운 태양초 우리쌀 고추장, 2kg, 1개 67%37,820원 12,380원 (100g당 619원) 내일(일) 도착 보장 4.5 (15446) 최대 619원 적립",,,,,
[Sea To Table] 간편한 손질 키조개 관자살 300g (냉동),,,,,
"미즈칸 농축 쯔유, 500ml, 1개 5,070원 (100ml당 1,014원) 내일(일) 도착 보장 4.5 (24460) 최대 254원 적립",,,,,
[Make you Healthy] 그린 유기농 컬리케일 100 2종 (택1),,,,,
[수린] 1++ 한우국수전골 (2인분),,,,,
[퀘소 로시난테] 라벨 3가지 우유 블렌드 치즈,,,,,
[해조랑] 밥 지을 때 넣는 톳,,,,,
[CU 픽업] 블랙바틀오리지널,,,,,
[L.A.B] 100% 와규패티로 만든 햄버거 DIY 키트 (4개입),,,,,
[선미한과] 청송 강릉모둠 유과세트,,,,,
"토스티토스 하바네로 살사소스, 439.4g, 1개 6,030원 (100g당 1,372원) 내일(일) 도착 보장 5 (6247) 최대 301원 적립",,,,,
"곰곰 스테비아 대추방울토마토 청포도향, 1kg, 1개 10,480원 (100g당 1,048원) 내일(일) 새벽 도착 보장 4.5 (13981) 최대 524원 적립",,,,,
[선물세트] 사미헌 전통 소갈비찜 세트 (3개입),,,,,
[오베이글] 통밀가루100%로 만든 베이글 2종 (택1),,,,,
[CU 픽업] 우드브릿지멜롯,,,,,
[나우푸드] 스트레스와 피로 개선 & 간 건강 면역 에너지샷 (14개입),,,,,
[올가] 현미 김/다시마 부각 2종 (택1),,,,,
"바로드숑 아침 연어스테이크, 100g, 6개 58%69,000원 28,800원 (10g당 480원) 내일(일) 도착 보장 4.5 (1489) 최대 1,440원 적립",,,,,
[버터팬트리] 깨소금 갈릭 버터 100g,,,,,
"오뚜기 오쉐프 타타르 소스, 3kg, 1개 10,970원 (100g당 366원) 내일(일) 도착 보장 4.5 (1008) 최대 549원 적립",,,,,
[일동후디스] 아이얌 바닷속친구들 비스킷 2종,,,,,
"마니커에프앤지 핫스파이스윙골드 (냉동), 1kg, 1개 14,250원 (100g당 1,425원) 내일(일) 새벽 도착 보장 5 (15093) 최대 713원 적립",,,,,
"곰곰 국내산 통오리 (냉장), 2.2kg, 1개 14%23,000원 19,650원 (100g당 893원) 내일(일) 새벽 도착 보장 5 (1103) 최대 983원 적립",,,,,
[CU 픽업] 멈 로제,,,,,
[CU 픽업] 스모500ml*2팩,,,,,
[라빈리커픽업] 잭 다니엘 테네시 허니 (위스키),,,,,
[꼬손] 100% 고추씨 기름 160mL,,,,,
"조인 동물복지 백색 유정란, 30구, 1개 13,890원 (1구당 463원) 내일(일) 새벽 도착 보장 4.5 (38166) 최대 695원 적립",,,,,
"무료배송 엄마농장 국산 100% 생강가루 HACCP인증, 1개, 200g 21%20,000원 15,800원 (10g당 790원) 2/10(화) 도착 예정 4.5 (566) 최대 790원 적립",,,,,
[미트엔조이] 미국산 갈비살 구이용 200g (냉장),,,,,
친환경 꽈리고추 100g,,,,,
[더찹샵] 잠봉 100g,,,,,
[외계인방앗간] 우리쌀 모닝빵 400g 3종 (택1),,,,,
[곡물도감] 서리태 가득 콩물두유 (180mL X 15개),,,,,
[방방곡곡] 강릉식 장칼국수 (2인분),,,,,
[CU 픽업] 까레띤또소브레리아스,,,,,
"청정원 전통 돼지갈비양념, 500g, 1개 쿠폰할인7%3,370원 3,130원 (100g당 626원) 내일(일) 새벽 도착 보장 5 (6686) 최대 156원 적립",,,,,
"무료배송 (특대)국내산 칼집밤 햇밤 군밤 알밤, 1개, 1kg 할인46%29,900원 15,920원 (100g당 1,592원) 2/11(수) 도착 예정 4.5 (228) 최대 796원 적립",,,,,
[프릳츠] 올드독 블렌딩 원두 1kg,,,,,
"광동제약 위생천 오리지널, 75ml, 10개 20%7,500원 5,930원 (100ml당 791원) 내일(일) 도착 보장 새 상품, 반품-미개봉 (3) 최저4,740원 5 (31616) 최대 296원 적립",,,,,
"담터 프룻&허니티 유자 허니 캐모마일 20p + 자몽 허니 블랙티 20p, 1세트 8,800원 내일(일) 도착 보장 4.5 (212) 최대 440원 적립",,,,,
친환경 GAP 머쉬멜로 버섯 460g,,,,,
"곰곰 당도선별 천혜향, 1.2kg(6~8입), 1개 10,890원 (100g당 908원) 내일(일) 새벽 도착 보장 4.5 (952) 최대 545원 적립",,,,,
[CU 픽업] 에버펠디12년,,,,,
"브레드가든 바닐라 에센스, 59ml, 1개 5,810원 (10ml당 985원) 내일(일) 도착 보장 5 (5980) 최대 290원 적립",,,,,
[뉴트리원] 초임계 알티지 오메가3 트리플 (50일분),,,,,
"곰곰 소불고기볶음밥 (냉동), 300g, 6개 29%16,900원 11,920원 (100g당 662원) 내일(일) 새벽 도착 보장 4.5 (25995) 최대 596원 적립",,,,,
[둥구나무] 봄동나물,,,,,
[수산곳간] 쥐치 장줄포,,,,,
[글로리] 싱가포르 무설탕 카야잼 250g,,,,,
[우드앤브릭] 치즈 치아바타 150g,,,,,
[청정원] 순창 재래식 生된장 2종 (택1),,,,,
[상하농원] 바이스부어스트 120g,,,,,
"시골김 볶음참깨, 500g, 1개 43%11,000원 6,180원 (100g당 1,236원) 내일(일) 도착 보장 5 (3296) 최대 309원 적립",,,,,
[감코리아] 월하시 7입팩 (60g*7입),,,,,
"감성먹거리 카카오분말, 200g, 1개입, 1개 6,890원 (10g당 345원) 내일(일) 도착 보장 5 (2058) 최대 345원 적립",,,,,
[메종엠오] 마들렌 3종 (택1),,,,,
[딥트3일] 사이언스업 15포,,,,,
"참 저당 참소스, 285g, 1개 9%2,700원 2,450원 (100g당 860원) 내일(일) 새벽 도착 보장 5 (881) 최대 123원 적립",,,,,
"못생겨도 맛있는 새송이버섯, 600g, 1개 3,670원 (100g당 612원) 내일(일) 새벽 도착 보장 5 (15411) 최대 184원 적립",,,,,
[CU 픽업] 마스미산카720ml,,,,,
"당찬 미니 사과, 1개, 800g 15,840원 (100g당 1,980원) 내일(일) 새벽 도착 보장 4.5 (308) 최대 792원 적립",,,,,
"상하목장 유기농주스 125ml 3종 각8팩 (총24팩), 1세트, 딸기+오렌지+블루베리, 375ml 10%23,000원 20,600원 (100ml당 5,493원) 내일(일) 도착 보장 5 (1597) 최대 1,030원 적립",,,,,
GAP 굿뜨래 설향 딸기 500g (등급:특/한단),,,,,
"무료배송 국산 혼합잡곡 17곡 5kg 대용량 균형혼합 건강한끼, 1개 할인34%28,900원 18,900원 (100g당 378원) 2/13(금) 도착 예정 4.5 (1712) 최대 945원 적립",,,,,
"풀무원 새콤달콤 유부초밥 4인분, 330g, 1개 20%6,480원 5,180원 내일(일) 새벽 도착 보장 5 (7843) 최대 259원 적립",,,,,
[슈퍼키친] 진미채고추장볶음,,,,,
"맥심 슈프림 골드 커피믹스, 13.5g, 170개입, 2개 56,650원 (10g당 123원) 내일(일) 도착 보장 5 (107453) 최대 2,833원 적립",,,,,
[이호] 항공직송 손질 주꾸미 300g (생물),,,,,
[CU 픽업] 하쿠시카준마이긴죠*2팩,,,,,
"오뚜기 참깨 돈까스 소스, 470g, 1개 3,400원 (100g당 723원) 내일(일) 새벽 도착 보장 5 (521) 최대 170원 적립",,,,,
[리터스포트] 초코큐브 박스 대용량 994g,,,,,
"하이포크 한돈 등뼈 (냉동), 1개, 1.5kg 8,890원 (100g당 593원) 내일(일) 새벽 도착 보장 4.5 (595) 최대 445원 적립",,,,,
[선물세트] 뭴러스 오메가3 레몬맛 250ml X 2개 (80일분),,,,,
"불닭볶음면 140g, 5개 1%5,100원 5,000원 (1개당 1,000원) 내일(일) 도착 보장 5 (122201) 최대 250원 적립",,,,,
[PPUL] 1++(9) 한우 안창살 150g (냉장),,,,,
"농심 신라면 120g, 10개 8,300원 (1개당 830원) 내일(일) 도착 보장 5 (763376) 최대 415원 적립",,,,,
"무농약인증 구이용 버섯 모음, 400g, 1개 3,220원 (100g당 805원) 내일(일) 새벽 도착 보장 5 (4493) 최대 161원 적립",,,,,
[비비고] 붕어빵 300g 2종 (택1),,,,,
[감코리아] 곶감 쏙 치즈와 호두 5입팩  200g,,,,,
"대한농산 보약같은 경기미 백진주쌀, 상, 3kg, 1개 할인49%21,900원 11,130원 (100g당 371원) 내일(일) 도착 보장 4.5 (6266) 최대 556원 적립",,,,,
[쌍계명차] 계피생강차 티백 (2.5g X 20개),,,,,
"바다원 깨끗한 올리브유 김자반볶음, 3개, 50g 7,900원 (10g당 527원) 내일(일) 새벽 도착 보장 5 (6713) 최대 395원 적립",,,,,
[미식당] 홍천식 고추장닭갈비 400g,,,,,
[존쿡델리미트] 소고기 라구소스 150gx 2팩,,,,,
[김소형원방] 슬림 다이어트 카페 (5일분),,,,,
[올가] 유기농 오색 떡국떡 500g,,,,,
[드시모네] 키즈 스텝1 딸기향 유산균 (50일분),,,,,
"곰곰 미국산 자몽, 1kg, 1개 7,670원 (100g당 767원) 내일(일) 새벽 도착 보장 4.5 (9405) 최대 384원 적립",,,,,
[CU 픽업] 긴노츠카사준마이,,,,,
[티아시아키친] 태국 팟타이 소스,,,,,
"[쌍계명차] 지리산 벌꿀 5종 세트 (아카시아꿀, 때죽꿀, 벚꽃꿀, 야생화꿀, 밤꿀)",,,,,
[KF365] 한돈 급냉 삼겹살 600g/1kg (냉동),,,,,
[쌍계명차] 우엉차 티백 (1.5g X 20개),,,,,
[사조대림] 크라비아 240g (160g+80g),,,,,
"푸드앤픽 치아씨드, 1kg, 1개 8,900원 (100g당 890원) 내일(일) 도착 보장 5 (272) 최대 445원 적립",,,,,
[정원삼] 홍삼활력365 100포,,,,,
속초 제철 양미리 460g (냉동),,,,,
[와인앤모어픽업]뻬스께라 크리안자 ((와인)),,,,,
"오트라이프 퀵오트밀, 2kg, 1개 16%11,900원 9,900원 (100g당 495원) 내일(일) 도착 보장 5 (2585) 최대 495원 적립",,,,,
[동광젓갈] 웰빙명란젓,,,,,
[은하수산] 연어&광어 모둠회 400g,,,,,
오트밀 250g,,,,,
생강채 200g,,,,,
[CU 픽업] 필스너우르켈330ml 24입,,,,,
"오뚜기 컵누들 매콤한 맛 37.8g, 12개 22%15,960원 12,440원 (1개당 1,037원) 내일(일) 도착 보장 5 (63924) 최대 622원 적립",,,,,
"오뚜기 종로식 도가니탕, 500g, 2개 쿠폰할인43%14,960원 8,480원 (100g당 848원) 내일(일) 도착 보장 4.5 (8182) 최대 424원 적립",,,,,
[종근당건강] 프로메가 오메가3트리플 (30일분),,,,,
[미식당] 닭산적 파꼬치 330g,,,,,
[포트'럭] 프리미엄 참돔 스테이크 230g (생물),,,,,
[심플잇] 단백질바 1박스(50g*12개입),,,,,
유기농 진상미 쌀 4kg,,,,,
[CU 픽업] 벤치마크,,,,,
[집반찬연구소 KIDS] 옥수수버무리,,,,,
[CU 픽업] 시메하리츠루혼죠조,,,,,
[로컬플랜] 부산식 물떡&어묵꼬치,,,,,
"칠레산 체리, 400g, 1팩 6,660원 (100g당 1,665원) 내일(일) 새벽 도착 보장 4 (4720) 최대 333원 적립",,,,,
[청숨] 통째로 갈아만든 레몬 500mL,,,,,
[하림] 궁중찜닭용 볶음탕 750g (소스동봉),,,,,
[정관장] 에브리타임 세븐베리 플레이버 (20일분),,,,,
"베지밀 검은콩과 검은참깨 두유, 190ml, 32개 18,650원 (100ml당 307원) 내일(일) 도착 보장 5 (59708) 최대 933원 적립",,,,,
[큐피] 빵공방 스프레드 3종,,,,,
[Kurly's] 동물복지 닭 윗날개 (봉) 500g,,,,,
"무료배송 오뚜기 작은밥, 150g, 30개 26,660원 (100g당 592원) 2/11(수) 도착 예정 5 (78873) 최대 1,333원 적립",,,,,
"만전김 미니언즈 한끼한포 스틱 김자반, 150g, 1개 46%13,000원 6,900원 (10g당 460원) 내일(일) 도착 보장 5 (9246) 최대 345원 적립",,,,,
[하루한티] 유기농 우엉차 70g,,,,,
[와인앤모어픽업]로버트 몬다비 빈트 프라이빗 셀렉션 피노누아 ((와인)),,,,,
"햇반 백미밥 작은 공기, 130g, 6개 20%7,500원 5,970원 (100g당 765원) 내일(일) 도착 보장 5 (79552) 최대 299원 적립",,,,,
[HBAF] 먼투썬 하루견과 블랙 20gx20봉,,,,,
"네츄럴올가 데메테르 그레인 루피니빈 콩 100% 호주산, 1개, 2kg 할인79%50,000원 10,370원 (100g당 519원) 내일(일) 도착 보장 4.5 (1763) 최대 519원 적립",,,,,
[26년 설] [CU 픽업] 샤또팔머 2012,,,,,
"오뚜기 스낵면 108g, 10개 6,260원 (1개당 626원) 내일(일) 새벽 도착 보장 5 (13717) 최대 313원 적립",,,,,
[바른식] 강릉식 짬뽕순두부 찌개,,,,,
[위타드] 아이스티 450g 5종 (택1),,,,,
[비비드키친] 저당 어니언크림드레싱 205g,,,,,
[베헤르] 이베리코 베요타 살치촌 80g,,,,,
[오뚜기]옛날국수_수연소면 500G,,,,,
"무료배송 동서보리차300g 30티백 보리차, 300g, 30개입, 1개 28%8,600원 6,180원 (10g당 7원) 2/10(화) 도착 예정 5 (86113) 최대 309원 적립",,,,,
"무료배송 더팜스 호두, 1kg, 1개 할인24%18,900원 14,300원 (100g당 1,430원) 2/12(목) 도착 예정 4.5 (3293) 최대 715원 적립",,,,,
"솔닙 국산 포켓 백잣, 40g, 1개 7,480원 (100g당 18,700원) 내일(일) 도착 보장 4.5 (8966) 최대 374원 적립",,,,,
"담터 호두 아몬드 율무차, 18g, 130개입, 1개 26,900원 (10g당 115원) 내일(일) 도착 보장 5 (128558) 최대 1,345원 적립",,,,,
[경주미정당] 쌀 국물떡볶이,,,,,
"올품 닭볶음탕용 닭고기 (냉장), 1kg, 1개 21%9,990원 7,890원 (100g당 789원) 내일(일) 새벽 도착 보장 5 (27352) 최대 395원 적립",,,,,
[고려은단] 비타민C 1000 이지 + 비타민D 180정(90일분) (비타민C 1000 이지+비타민D),,,,,
[고래사] 어묵 떡볶이,,,,,
"오트리 고메넛츠, 250g, 1개 36%30,000원 19,000원 (100g당 7,600원) 내일(일) 도착 보장 5 (12240) 최대 950원 적립",,,,,
[김정배명인] 황석어젓 2종 (택1),,,,,
[CU 픽업] 부쉬밀오리지널(신),,,,,
"불가리스 플레인, 150ml, 8개입, 1개 8%9,600원 8,810원 (10ml당 73원) 내일(일) 새벽 도착 보장 5 (23327) 최대 440원 적립",,,,,
[라빈리커픽업]연태고량주 골드 (고량주),,,,,
[파스퇴르] 오직 우유 100% 요구르트 500mL,,,,,
[곰표] 크림치즈 소금 찹쌀떡 2종 (6개입) (택1),,,,,
[카스텔베테르] 엑스트라버진 올리브유 1L,,,,,
[창화당] 김치궁중만두,,,,,
진도 대파  700g,,,,,
[오베이글] 쌀로 만든 담백한 베이글 4종 (택1),,,,,
"다향 엄선된 원료육으로 만든 다향훈제오리, 540g, 1개 12,700원 (100g당 2,352원) 내일(일) 새벽 도착 보장 5 (62483) 최대 635원 적립",,,,,
[켈로그] 크랜베리 아몬드 그래놀라 대용량 1.2kg,,,,,
"동일 콘후레이크 천마차, 20g, 50개입, 2개 24%23,000원 17,280원 (10g당 86원) 내일(일) 도착 보장 5 (31278) 최대 864원 적립",,,,,
"일리 클래식 로스트 커피 스틱 레귤러, 1.6g, 30개입, 1개 12,400원 (10g당 2,583원) 내일(일) 도착 보장 5 (6697) 최대 620원 적립",,,,,
[라이틀리] 곤약치아바타 2종 (60gX4개입) (택1),,,,,
[포트'럭] 동해안 말똥성게알 60g (생물) (목곽),,,,,
"롯데햄 의성마늘 그릴프랑크 소시지, 350g, 1개 5,190원 (10g당 148원) 내일(일) 새벽 도착 보장 5 (3764) 최대 260원 적립",,,,,
[존쿡 델리미트] 사각잠봉 400g,,,,,
"무료배송 한우선물세트 1++ 소고기 구이용 1.2kg 열광한우 마장동 소고기 투뿔, 1세트 할인64%250,000원 89,000원 (1세트당 89,000원) 2/10(화) 도착 예정 5 (292) 최대 4,450원 적립",,,,,
[정관장] 상비환 4환,,,,,
[네스프레소 버츄오] 리치 초콜릿향 커피 캡슐 10개입(230mL),,,,,
[라빈리커픽업][신년 특가] 샤또 딸보 23 (와인),,,,,
[프릳츠] 올드독 블렌딩 원두 200g,,,,,
[양포어장] 과메기 야채세트 (냉장),,,,,
"삼립 미각제빵소 초코소라빵, 90g, 1개입, 1개 1,540원 (10g당 171원) 내일(일) 새벽 도착 보장 5 (5334) 최대 77원 적립",,,,,
"에스프레소스틱 로얄 헤이즐넛, 1g, 250개입, 1개 32,900원 (10g당 1,316원) 내일(일) 도착 보장 5 (43345) 최대 1,645원 적립",,,,,
[CU 픽업] 덕혼 디코이 소비뇽 블랑,,,,,
[일상식탁] 불맛 바베큐 양념치킨,,,,,
"무료배송 peacock 조선호텔 포기김치 냉장, 4kg, 1개 할인20%41,900원 33,120원 (100g당 828원) 2/12(목) 도착 예정 4.5 (17868) 최대 1,656원 적립",,,,,
[프레시오늘] 윤성순 장모님 파주 장단콩 콩국850ml,,,,,
"배스킨라빈스 민트초코 우유, 190ml, 24개 7%18,900원 17,450원 (100ml당 383원) 내일(일) 도착 보장 5 (3028) 최대 873원 적립",,,,,
시소잎 1팩,,,,,
[유니온] 와인 페어링 타랄리니 스낵 2종 (택1),,,,,
"더담은 든든한 밥상 전라미, 10kg, 1개 5%35,900원 33,900원 (100g당 339원) 내일(일) 도착 보장 4.5 (26697) 최대 1,695원 적립",,,,,
"곰곰 배추 김치, 10kg, 1개 12%29,990원 26,190원 (100g당 262원) 내일(일) 새벽 도착 보장 4.5 (64146) 최대 1,310원 적립",,,,,
[CU 픽업] 하쿠시카 준마이*2팩,,,,,
[미식당] 모듬 꼬치 540g (소스포함),,,,,
돼지호박 1개,,,,,
[매일] 얼려먹는 허쉬 초코바나나 (85mL X 6개),,,,,
"콕집어콕 콕 갓석박지, 1kg, 1개 5,630원 (100g당 563원) 내일(일) 새벽 도착 보장 4.5 (3123) 최대 254원 적립",,,,,
[켈로그] 단백질바K (헤이즐넛&다크초코)(40gx3개입),,,,,
[네스카페 돌체구스토] 커피 캡슐 8종 (돌체구스토 호환) (택1),,,,,
[아소정] 궁중 대추 소갈비찜,,,,,
[CU 픽업] 카발란 싱글캐스크 스트렝스,,,,,
[모모스커피] 블렌드 원두 4종 (택1),,,,,
"가가호호 백진주 쌀, 상등급, 3kg, 1개 13,900원 (100g당 463원) 내일(일) 도착 보장 4.5 (14) 최대 695원 적립",,,,,
"무료배송 현대농산 수입 파로 고대 곡물 밀쌀 파로쌀, 1개, 2kg 10,900원 (100g당 545원) 2/11(수) 도착 예정 4.5 (173) 최대 545원 적립",,,,,
[브레댄코] 돌아온 제리롤 2종 (택1),,,,,
[청정원] 맛선생 국내산 생강 13g,,,,,
"한방선생 계피가루 특품, 250g, 1개 32%8,900원 5,990원 (10g당 240원) 내일(일) 도착 보장 4.5 (3780) 최대 300원 적립",,,,,
"포테토칩 오리지널, 60g, 6개 6,600원 (10g당 183원) 내일(일) 도착 보장 5 (26824) 최대 330원 적립",,,,,
"친환경 쌈케일, 100g, 1개 1,490원 (100g당 1,490원) 내일(일) 새벽 도착 보장 4.5 (22907) 최대 75원 적립",,,,,
[아임비타] 멀티비타민 에너지샷 (10병),,,,,
[청정원] 콩담백면 150g,,,,,
"요플레 빙그레 플레인 화이트 락토프리, 430g, 1개입, 1개 3,980원 (10g당 93원) 내일(일) 새벽 도착 보장 5 (1301) 최대 199원 적립",,,,,
"칠성사이다 페트, 2L, 6개 15,860원 (100ml당 132원) 내일(일) 도착 보장 5 (23103) 최대 793원 적립",,,,,
[베베쿡] 후기 이유식 2종 (택1),,,,,
"스윗밸런스 구운 단호박과 고구마 매쉬 샐러드, 220g, 1개 4,860원 (100g당 2,209원) 내일(일) 새벽 도착 보장 4.5 (640) 최대 243원 적립",,,,,
"해야미 참쥐포 대, 500g, 1개 7%15,000원 13,900원 (100g당 2,780원) 내일(일) 도착 보장 4.5 (30944) 최대 695원 적립",,,,,
[매일] 바이오 그릭요거트 플레인 (80g X 4개),,,,,
[햇님마을] 영양산 고춧가루 1kg,,,,,
[해찬들] 매운 태양초 우리쌀 고추장 1kg,,,,,
그린 콜리플라워 1개입(400g 이상),,,,,
"곰곰 스위트콘, 340g, 1개 1,590원 (10g당 47원) 내일(일) 도착 보장 5 (7143) 최대 80원 적립",,,,,
"다하다 호박팥차, 1.5g, 100개입, 1개 11,900원 (10g당 793원) 내일(일) 새벽 도착 보장 5 (309) 최대 595원 적립",,,,,
[김정환홍삼] 6년근 꿀먹은 홍삼절편,,,,,
[선미한과] 청룡 유과 & 약과 세트,,,,,
[선물세트] 종근당건강 아이클리어 루테인지아잔틴 (90일분) (+쇼핑백증정),,,,,
[차합시다] 양평 수제 계피생강차 340g,,,,,
"무료배송 바리스타룰스 원데이 저당라떼 무라벨, 350ml, 20개 20,630원 (100ml당 295원) 2/12(목) 도착 예정 새 상품, 박스 훼손 (5) 최저20,010원 5 (856) 최대 1,031원 적립",,,,,
"오뚜기 열라면 62g, 6개 5,250원 (1개당 875원) 내일(일) 도착 보장 5 (23010) 최대 263원 적립",,,,,
[떡미당] 밥알쑥인절미떡 550g,,,,,
[26년 설] [CU 픽업] 가모츠루혼조죠세트,,,,,
[올가비오] 무농약원료 양배추환 120g,,,,,
[설빙] 짜먹는 설빙 3종 (120mL X 6개) (택1),,,,,
"코카콜라 제로제로, 190ml, 60개 32,020원 (100ml당 281원) 내일(일) 도착 보장 5 (18758) 최대 1,601원 적립",,,,,
[담터] 자몽허니블랙티 (13g X 50개),,,,,
[청정원] 파스타소스 파우치 7종,,,,,
[폴 바셋] RTD 콜드브루 아메리카노 300mL,,,,,
[정관장] 홍삼톤샷 (14일분),,,,,
"무료배송 [산지직송] 국내산 홍가리비 특상품, 1박스, 5kg 할인65%50,000원 17,300원 (100g당 346원) 2/11(수) 도착 예정 5 (61) 최대 865원 적립",,,,,
[탄단지] 소스 흠뻑빠진 통 닭다리살 3종,,,,,
[선물세트] 리치몬드 과자점 레몬케이크 6개 세트 300g,,,,,
"곰곰 당도선별 제주감귤, 1kg(로열과), 2개 10,980원 (100g당 549원) 내일(일) 새벽 도착 보장 4.5 (21113) 최대 549원 적립",,,,,
[26년 설] [CU 픽업] 글렌드로낙12년,,,,,
[만전김] 슈퍼초이스 감태김 16봉,,,,,
[자연원] 냉동 유기농 딸기 500g (폴란드산),,,,,
[CU 픽업] 쿠보타 설봉B,,,,,
[샘표] 순작 유기농 옥수수수염차 (1.5g X 40개),,,,,
[올쿡] 냉이가득 된장국,,,,,
[이목 무항생제] 국내산 소고기 갈비살 구이용 200g (냉장),,,,,
"행복한콩 국내산 숙주, 250g, 1개 1%2,680원 2,630원 (100g당 1,052원) 내일(일) 새벽 도착 보장 5 (528) 최대 131원 적립",,,,,
[미자언니네] 베스트 반찬 9종 세트,,,,,
"새싹 채소, 50g, 1개 1,490원 (100g당 2,980원) 내일(일) 새벽 도착 보장 5 (8209) 최대 75원 적립",,,,,
[르 크로플] 크로플 3종 (60g X 3개입) (택1),,,,,
[하이네켄] 논알콜 (500mL X 6캔),,,,,
"이반장 재래도시락 광천김, 4g, 32봉 8%12,000원 11,000원 (10g당 859원) 내일(일) 도착 보장 4.5 (586) 최대 523원 적립",,,,,
"베지밀 아몬드와 호두 두유, 190ml, 24개 21%19,630원 15,390원 (100ml당 338원) 내일(일) 도착 보장 4.5 (52107) 최대 770원 적립",,,,,
"무료배송 기꼬만 간장 1.8L, 2개 14%24,500원 21,000원 (100ml당 583원) 2/11(수) 도착 예정 5 (7662) 최대 1,050원 적립",,,,,
[햇살굽는집] 순수 생크림 롤케이크 5종 (택1),,,,,
"복음자리 대추차, 460g, 1개입, 1개 7,780원 (10g당 169원) 내일(일) 도착 보장 4.5 (942) 최대 389원 적립",,,,,
"오뚜기옛날 자른당면, 500g, 2개 10%12,560원 11,280원 (100g당 1,128원) 내일(일) 새벽 도착 보장 5 (54884) 최대 564원 적립",,,,,
[리틀스푼]  싱싱과일칩 2종,,,,,
"무료배송 서래푸드 미국산 껍질째 갓 구운땅콩 1kg 껍질째 볶은땅콩, 1개 할인20%16,910원 13,500원 (100g당 1,350원) 2/12(목) 도착 예정 4.5 (411) 최대 675원 적립",,,,,
[PPUL] 1++(9) 한우 샤브샤브용 200g (냉동),,,,,
"호은 참고소한기름, 1개, 1.8L 할인11%16,000원 14,130원 (10ml당 79원) 내일(일) 도착 보장 4.5 (1105) 최대 706원 적립",,,,,
[1등급 한우] 채끝 구이용 200g (냉장),,,,,
[CU 픽업] 니콜라로씨뇰포마르,,,,,
"오트사이드 귀리음료 바리스타 블렌드, 1L, 2개 8,960원 (100ml당 448원) 내일(일) 새벽 도착 보장 새 상품, 반품-미개봉 (2) 최저8,510원 4.5 (2777) 최대 448원 적립",,,,,
[엔업] 파워젤 팔라티노스 사과 (14포),,,,,
[가농바이오] 구운란+반숙란 20구 반반팩,,,,,
[온하루] 시래기나물,,,,,
참좋은 유기농 고춧가루 2종,,,,,
치아씨드 500g,,,,,
[포트'럭] 대광어회 150g (냉장),,,,,
"포모나 바닐라 시럽, 1L, 1개 13,900원 (100ml당 1,390원) 내일(일) 도착 보장 5 (8062) 최대 695원 적립",,,,,
"초록원 유자플러스감귤 차, 1kg, 1개입, 1개 5,470원 (10g당 55원) 내일(일) 도착 보장 5 (1269) 최대 274원 적립",,,,,
"자연지인 작두콩차 삼각티백, 1g, 100개입, 1개 7%17,760원 16,500원 (10g당 1,650원) 내일(일) 도착 보장 5 (5230) 최대 825원 적립",,,,,
[제주담음] 제주 흑돼지 마농 짜장 250g,,,,,
[로레토] 블랙 올리브 슬라이스,,,,,
"국내산 돼지 앞다리살 불고기용 (냉장), 500g, 1개 11%10,190원 8,990원 (100g당 1,798원) 내일(일) 새벽 도착 보장 4.5 (1458) 최대 450원 적립",,,,,
"김대감 갓 볶은 스틱 김자반 어린이용, 150g, 1개 32%12,000원 8,160원 (10g당 544원) 내일(일) 도착 보장 5 (1707) 최대 388원 적립",,,,,
"곰곰 고당도 한라봉, 4~5입, 1봉 9,900원 (100g당 990원) 내일(일) 새벽 도착 보장 4.5 (1002) 최대 495원 적립",,,,,
"풍요한아침 가쓰오 계란말이, 150g, 3개 8,750원 (100g당 1,944원) 내일(일) 새벽 도착 보장 4.5 (1013) 최대 438원 적립",,,,,
[미자언니네] 으깬 감자 샐러드,,,,,
[퍼니트] 리얼 대마종자유 60정,,,,,
"동광한방몰 GAP인증 국내산 제천 감초, 75g, 1개 4,800원 (10g당 640원) 내일(일) 도착 보장 4.5 (963) 최대 240원 적립",,,,,
[비첸향] 이지포크저키 300g,,,,,
"무료배송 허쉬 초콜릿드링크 오리지널, 190ml, 24개 할인48%30,000원 15,400원 (100ml당 338원) 2/10(화) 도착 예정 5 (77524) 최대 770원 적립",,,,,
[포트'럭] 남해안 새조개살 200g (생물),,,,,
"무료배송 광천김 곱창김 도시락김, 5g, 32개 23%19,200원 14,700원 (10g당 919원) 2/10(화) 도착 예정 4.5 (6458) 최대 735원 적립",,,,,
[CU 픽업] 버팔로트레이스 스태그티 증정,,,,,
[네스프레소] 디카페인 커피 캡슐(아르페지오 디카페나토) 10개입(25mL or 40mL),,,,,
"오뚜기 LIGHT&JOY 오리엔탈 저칼로리 드레싱, 320g, 1개 20%4,980원 3,980원 (100g당 1,244원) 내일(일) 새벽 도착 보장 5 (3955) 최대 199원 적립",,,,,
[THE짙은] YBD 한돈 오겹살(미박) 구이용 300g(냉장),,,,,
"레커컷 호주산 갈비살 구이용 (냉동), 1개, 200g 10,500원 (100g당 5,250원) 내일(일) 새벽 도착 보장 4.5 (730) 최대 525원 적립",,,,,
"곰곰 줄단감 M 5개입 950g, 1개 4,250원 (100g당 447원) 내일(일) 새벽 도착 보장 5 (48) 최대 213원 적립",,,,,
[마이셰프] 월남쌈,,,,,
"두보식품 바른곡물 병아리콩, 1kg, 1개 15%5,900원 4,980원 (100g당 498원) 내일(일) 도착 보장 5 (16448) 최대 249원 적립",,,,,
[립톤] 아이스티 믹스 3종 (택1),,,,,
"청정원순창 저당 현미 고추장, 500g, 1개 42%18,980원 10,890원 (100g당 2,178원) 내일(일) 도착 보장 5 (2070) 최대 463원 적립",,,,,
"무료배송 유기농하루쌀 2KG, 상등급, 1개 20,740원 (100g당 1,037원) 2/12(목) 도착 예정 4.5 (328) 최대 1,037원 적립",,,,,
"농심 육개장 사발면 86g, 30개 23,500원 (1개당 783원) 내일(일) 도착 보장 5 (466690) 최대 1,175원 적립",,,,,
간편 스테이크용 가니쉬 모둠채소 200g,,,,,
"프링글스 오리지날, 110g, 12개 53%39,960원 18,600원 (10g당 141원) 내일(일) 도착 보장 4.5 (31144) 최대 884원 적립",,,,,
[메이준뉴트리] 워너비 슬림 잔티젠 다이어트 (14일분),,,,,
"무료배송 빨간 볶음 땅콩 / 작은 알땅콩 레드땅콩 적땅콩 미니땅콩 우도땅콩맛 견과류, 1개, 2kg 할인42%30,000원 17,170원 (100g당 859원) 2/10(화) 도착 예정 4.5 (90) 최대 850원 적립",,,,,
[스톡] 메르시 파이니스트 초콜릿 3종 (택1),,,,,
[정관장] 홍삼달임액 지삼 30포 + (쇼핑백증정),,,,,
[김구원선생] 전통 순두부 2개입,,,,,
"브라질너트 1kg 브라질넛 페루산 아몬푸드, 1개 29,900원 (100g당 2,990원) 2/10(화) 도착 예정 4 (323) 최대 1,495원 적립",,,,,
정성담은 백화고 실속세트,,,,,
[진가네반찬] 연근조림 400g (대용량),,,,,
[종가] 저온숙성묵은지 5kg,,,,,
[파스퇴르] 이지프로틴 2종 250mL 24개입,,,,,
[푸드올로지] 지중해 오일만 클렌즈 10포,,,,,
[선물세트] 청주로 빚어낸 명장 명란 1.2kg,,,,,
[햇반] 식후혈당조절도움밥 210g*6,,,,,
"CJ제일제당 우동 면사리, 190g, 2개 2,480원 (100g당 653원) 내일(일) 새벽 도착 보장 5 (1163) 최대 124원 적립",,,,,
"오뚜기 1/2 하프 마요네스, 315g, 1개 3%3,980원 3,830원 (100g당 1,216원) 내일(일) 도착 보장 5 (35124) 최대 191원 적립",,,,,
[다담] 바지락순두부찌개 양념 2종 (택1),,,,,
"이로우 무항생제 인증 국내산 소고기 우둔 2등급 이유식용 (냉장), 200g, 1개 9,900원 (100g당 4,950원) 내일(일) 새벽 도착 보장 5 (2225) 최대 495원 적립",,,,,
청량&부드러운 유러피안 채소팩 300g,,,,,
"무료배송 동서 티백 6종세트(현미녹차+둥굴레차+메밀차+한잔용보리차+한잔용옥수수차+루이보스보리차), 1.5g, 1개 할인40%25,000원 14,900원 2/11(수) 도착 예정 5 (216) 최대 745원 적립",,,,,
[타르투피지미] 타르투피 트러플 파스타 소스 4종,,,,,
[종근당건강] 프로메가 뉴티지 오메가3 듀얼 (30일분),,,,,
"투데이넛 너트한줌 후르츠 견과 선물세트 600g, 1세트 24%22,500원 16,980원 (1세트당 16,980원) 내일(일) 새벽 도착 보장 4.5 (4733) 최대 849원 적립",,,,,
[봉피양] 한돈 본 목심 구이,,,,,
"무료배송 한끼농산 백미 쌀 10kg (5kg+5kg) 햅쌀 밥맛 좋은 상등급, 5kg, 2개 할인19%40,500원 32,500원 (100g당 325원) 2/13(금) 도착 예정 4.5 (2216) 최대 1,625원 적립",,,,,
"무료배송 동원샘물 무라벨, 2L, 24개 19,900원 (100ml당 41원) 2/13(금) 도착 예정 5 (160881) 최대 995원 적립",,,,,
[선물세트] 반달바닿 자연산 울산 정자각 선물세트,,,,,
[일가집] 오징어 충무 김밥 세트 296g,,,,,
[롯데햄] 의성마늘 순한 구이쌈햄 180g (60*3),,,,,
"곰곰 국산 다진 마늘, 250g, 1개 5,400원 (10g당 216원) 내일(일) 새벽 도착 보장 5 (121612) 최대 270원 적립",,,,,
"한울 촉촉 고구마 스틱, 20g, 10개 11,600원 (100g당 5,800원) 내일(일) 새벽 도착 보장 5 (38) 최대 580원 적립",,,,,
"무료배송 손질된 순살 먹태채 대용량 업소용, 1개, 1kg 20%49,900원 39,900원 (100g당 3,990원) 2/10(화) 도착 예정 4.5 (1277) 최대 1,777원 적립",,,,,
문경 프리미엄 생 오미자청 700mL,,,,,
[RARE : 레어] 1++(8) 한우 텐더로인 스테이크 200g,,,,,
[종가] 봄동 겉절이 1.1kg (시즌 한정),,,,,
[제주도니] 제주 1등급 한돈 7종 (택1),,,,,
[동원] 양반 김부각 2종 (택1),,,,,
[그래인스 쿠키] 베이커스초이스 (18개),,,,,
[크라운] 빙그레 인기스낵 4종 (택1),,,,,
[선데이잼] 수제 스프레드 4종 (택1),,,,,
"산청 장희딸기, 1개, 750g 29,800원 (100g당 3,973원) 내일(일) 새벽 도착 보장 4.5 (1251) 최대 1,490원 적립",,,,,
[엄마밥상] 사골 황태미역국,,,,,
[모두의맛집] 오세득 해산물 스튜 파스타,,,,,
"생생포크 한돈 무항생제 인증 앞다리 다짐육 (냉장), 500g, 1팩 32%15,110원 10,160원 (100g당 2,032원) 내일(일) 새벽 도착 보장 5 (2860) 최대 508원 적립",,,,,
[네스프레소 버츄오] 멜로지오 커피 캡슐 10개입(230mL),,,,,
[선물세트] 몸애쏙쏙 유기농 양배추 브로콜리즙 2종,,,,,
[오르랔베이커리] 러브 크러핀 세트 (2개입),,,,,
"국내산 유채나물, 250g, 1개 3,300원 (100g당 1,320원) 내일(일) 새벽 도착 보장 4.5 (1331) 최대 165원 적립",,,,,
[요플레] 클래식 (85mL X 4개),,,,,
"냠냠바다 냠냠농장 탱글탱글 건목이버섯, 1개, 250g 7,000원 (100g당 2,800원) 내일(일) 도착 보장 5 (151) 최대 350원 적립",,,,,
"사조 해표 콩기름 식용유, 900ml, 2개 32%10,400원 7,020원 (100ml당 390원) 내일(일) 도착 보장 5 (333923) 최대 351원 적립",,,,,
[자연애찬] 지정농장 동물복지 유정란 20구,,,,,
[메디쏠라] 당뇨케어 식단 도시락 10종 (택1),,,,,
[서강유업] 오트밸리 오리지널 1L,,,,,
"쿠크다스 화이트, 289g, 3개 10,790원 (10g당 124원) 내일(일) 도착 보장 5 (28169) 최대 540원 적립",,,,,
[선물세트] Kurly's 1++ 냉장 등심&특수부위&양지 세트,,,,,
[서울우유] 커피우유 (200mL X 3개),,,,,
"무료배송 싱싱해 완도 활 전복, 1박스, 2호 (특대)8-9미 1kg 할인56%68,000원 29,700원 (100g당 27,000원) 2/10(화) 도착 예정 4.5 (8545) 최대 1,470원 적립",,,,,
[하이포크] 저탄소 인증 한돈 앞다리 찌개용 500g (냉장),,,,,
[조지아] RTD 무라벨 블랙 커피 (370mL X 20개),,,,,
[켈로그] 프링글스 매콤달콤 닭강정맛 100g,,,,,
"너트리 베트남 캐슈넛, 500g, 1개 14,000원 (100g당 2,800원) 내일(일) 도착 보장 4.5 (3989) 최대 700원 적립",,,,,
[CU 픽업] 세인트레미VSOP,,,,,
"무료배송 [재구매1등] 영동 상주 곶감 가정용 실속형, 1개, 달달쫀득 곶감 500g 쿠폰할인51%30,000원 14,700원 (100g당 2,940원) 2/13(금) 도착 예정 5 (34) 최대 735원 적립",,,,,
"곰곰 연두부 오리엔탈소스 804g, 134g, 6세트 5,510원 (100g당 685원) 내일(일) 새벽 도착 보장 4.5 (308) 최대 275원 적립",,,,,
[라빈리커픽업]팀 스미스 부가룩스 쉬라즈 21 (와인),,,,,
[오니스트] 오니스트 오간자 선물세트 28포 (트리플콜라겐 14포 + 트리플샤인 14포),,,,,
[서울우유] 블루베리 요거트 (85g X 4개),,,,,
[맥심] 슈프림골드 커피믹스 3종 (택1),,,,,
[효자원] 제주 순 메밀국수 500g,,,,,
[클뤼젤] 2025 윈터 원더랜드 크리스마스 어드벤트 캘린더 273g,,,,,
"백설 달콤함 그대로 스테비아, 1kg, 1개 10,000원 (100g당 1,000원) 내일(일) 도착 보장 5 (4107) 최대 500원 적립",,,,,
"커클랜드시그니춰 퀴노아, 2.04kg, 1개 할인10%28,000원 25,200원 (100g당 1,235원) 2/10(화) 도착 예정 5 (1631) 최대 1,260원 적립",,,,,
[티젠] 콤부차 매실 3종 (30개입만 쇼핑백 증정),,,,,
"오뚜기옛날 국수 중면, 900g, 1개 12%3,680원 3,220원 (100g당 358원) 내일(일) 새벽 도착 보장 5 (2658) 최대 161원 적립",,,,,
[애슐리] 크런치즈엣지 피자 2종 (택1),,,,,
"해나루 삼광 백미, 특등급, 10kg, 1개 36,900원 (100g당 369원) 내일(일) 도착 보장 4.5 (43349) 최대 1,845원 적립",,,,,
[카스0.0] 논알콜 레몬 (473mL X 4캔),,,,,
[모현상회] 순살 틸라피아 400g (냉동),,,,,
[벤앤제리스] 파인트 뉴욕수퍼펏지청크 473mL,,,,,
[슈퍼말차] 글루텐프리 딸기 말차 롤케이크 360g,,,,,
"무료배송 2025년 100% 국내산 제철 새우 신선 급냉 흰다리새우 냉동새우, 1개, 1kg(50~55미) 17%30,000원 24,900원 (100g당 2,490원) 2/10(화) 도착 예정 4.5 (649) 최대 1,245원 적립",,,,,
"송학곡자 우리밀 누룩, 1kg, 1개 7,620원 (100g당 762원) 내일(일) 도착 보장 4.5 (3716) 최대 381원 적립",,,,,
"무료배송 장보남 레몬 5kg 45-60과내외, 1박스 할인42%38,900원 22,210원 (100g당 444원) 2/11(수) 도착 예정 4.5 (315) 최대 1,110원 적립",,,,,
"무료배송 대한농산 경기 추청 아끼바레 백미, 상등급, 10kg, 1개 35,900원 (100g당 359원) 2/13(금) 도착 예정 4.5 (42049) 최대 1,795원 적립",,,,,
"무료배송 라이스그린 안남미 10kg / 1등급 수입쌀, 1개 39,900원 (100g당 399원) 2/11(수) 도착 예정 4.5 (8899) 최대 1,995원 적립",,,,,
"더담은 치아씨드, 500g, 1개 39%9,900원 5,980원 (100g당 1,196원) 내일(일) 새벽 도착 보장 5 (1536) 최대 299원 적립",,,,,
"곰곰 설향딸기, 500g(L), 1팩 9,990원 (100g당 1,998원) 내일(일) 새벽 도착 보장 4.5 (10625) 최대 500원 적립",,,,,
[일미어담] 삼척식 생선구이 4종 (택1),,,,,
"육공육 더 얇은 슬라이스 씬, 250g, 1개 45%9,980원 5,480원 (10g당 219원) 내일(일) 새벽 도착 보장 5 (3072) 최대 274원 적립",,,,,
[윤슬] 논우렁살 180g (냉장),,,,,
[청정원] 찰진 만두피 270g,,,,,
[마더네스트] 호주산 프로폴리스 마누카허니 로젠지스 캔디 300g,,,,,
[빙그레] 마이디저트 파르페 아이스크림 2종 (220mL X 3개),,,,,
"백제 쌀국수 멸치맛, 552g, 1개 7,150원 (100g당 1,295원) 내일(일) 도착 보장 5 (62954) 최대 358원 적립",,,,,
"무료배송 통영직송 최상급 생굴 싱싱 지퍼백 포장, 1개, 통영생굴 1kg 할인50%27,500원 13,560원 (100g당 1,356원) 모레(월) 도착 예정 4.5 (6519) 최대 671원 적립",,,,,
[CU 픽업] 샤또푸이게로 2019,,,,,
[온더고] 육즙촉촉 오븐 함박스테이크 정식,,,,,
[CU 픽업] 벨에뚜왈루미너스,,,,,
[빙그레] 메로나 망고&바나나 2종 (70mL X 10개),,,,,
"데일리이츠 MAUM 오스트리아산 삼겹살 구이용 15mm (냉동), 1kg, 1개 14,190원 (100g당 1,419원) 내일(일) 새벽 도착 보장 4.5 (997) 최대 710원 적립",,,,,
"곰곰 유황먹여 키운 두마리 통닭 백숙용(냉장), 1.1kg (550gx2개), 1개 13%12,190원 10,500원 (100g당 955원) 내일(일) 새벽 도착 보장 4.5 (8451) 최대 525원 적립",,,,,
"무료배송 [타이벡농법] 12brix 고당도선별 제주 감귤, 1개, 5kg 로얄 (S~M) 쿠폰할인35%35,000원 22,510원 (100g당 450원) 2/11(수) 도착 예정 4 (2091) 최대 1,125원 적립",,,,,
"동광한방몰 절단황기, 300g, 1개 4,800원 (10g당 160원) 내일(일) 도착 보장 4.5 (303) 최대 240원 적립",,,,,
[햇님마을] 볶아내어 더 향긋한 우리집 통들깨 100g,,,,,
[Kim's Butcher] 미국산 소고기 대패 우삼겹 (냉동) 2종,,,,,
[애슐리] 허니버터 회오리감자 (5개입),,,,,
[올가] 유기농 발아 현미차 150g (10g X 15개),,,,,
"무료배송 립톤 아이스티 믹스 복숭아맛, 1.5kg, 1개입, 2개 할인24%31,900원 24,000원 (10g당 80원) 2/10(화) 도착 예정 5 (75644) 최대 1,200원 적립",,,,,
[널담] 고단백 저당 슬랩 600g,,,,,
[이스트밸리] 목초먹은 우유로 만든 모짜렐라 피자치즈 240g,,,,,
[온기루] 모시개떡 500g,,,,,
"무료배송 그레인온 천혜진선향(저아밀로스) 백미, 상등급, 1개, 10kg 할인40%70,000원 41,900원 (100g당 419원) 2/12(목) 도착 예정 5 (10) 최대 2,095원 적립",,,,,
[하인즈] 미니 테이터 토트 (감자볼) 793g,,,,,
[삼립] 촉촉한 케익 2종 10개입 (택1),,,,,
"무료배송 대천김 곱창김 명품 캔김 선물세트, 6개, 30g 6%30,000원 28,000원 (10g당 1,556원) 2/20 도착 예정 5 (1418) 최대 1,400원 적립",,,,,
[하루한콩] 히말라야 솔트를 뿌린 구운 병아리콩(15g*22개),,,,,
[CU 픽업] 랄리에블랑드블랑,,,,,
[삼립] 전통밤만쥬 (25g X 30개입),,,,,
[동원] 저스트 No Sugar 스위트콘 340g,,,,,
친환경 포기 로메인 200g,,,,,
[미트빌] 미국산 소고기 초이스 꽃갈비살250g (냉장),,,,,
[담터] 핫초코 (20g X 10개),,,,,
[라피아만떼] 산마르자노 토마토 홀,,,,,
[올가] 돈가스 소스 360g,,,,,
"신라면 툼바 137g, 4개 19%5,852원 4,690원 (1개당 1,173원) 내일(일) 도착 보장 5 (12521) 최대 235원 적립",,,,,
[탄단지] 소스 흠뻑빠진 한입 닭가슴살 4종 (1입/4입),,,,,
은대구 스테이크 400g (냉동),,,,,
[언더프레셔] 골든에라 블렌드 분쇄 원두 140g,,,,,
[지호삼계탕] 닭한마리 칼국수,,,,,
"돈시몬 NFC 레몬즙, 1L, 1개 쿠폰할인17%5,050원 4,190원 (100ml당 419원) 내일(일) 도착 보장 4.5 (5399) 최대 210원 적립",,,,,
[하이디라오] 마라샹궈소스110g (마라맛 볶음용),,,,,
"풀무원 유기농 미니 순두부 4개입, 800g, 1개 3,920원 (100g당 490원) 내일(일) 새벽 도착 보장 5 (1247) 최대 196원 적립",,,,,
"무료배송 서귀포 고당도 노지 감귤, 1박스, 10kg 대과(2L) 5%18,900원 17,950원 (100g당 180원) 2/11(수) 도착 예정 3.5 (487) 최대 898원 적립",,,,,
[하이포크] 무항생제 한돈 목살 구이용 300g (냉장),,,,,
"티젠 콤부차 매실, 5g, 30개입, 2개 쿠폰할인10%18,900원 16,980원 (10g당 566원) 내일(일) 도착 보장 5 (5976) 최대 849원 적립",,,,,
[슈퍼키친] 제육볶음,,,,,
[CU 픽업] 뽀므리브뤼로제,,,,,
[CU 픽업] 음스탠다드6본입,,,,,
"쿠킹스토리 분말한천, 20g, 1개 2,750원 (100g당 13,750원) 내일(일) 도착 보장 4.5 (1789) 최대 138원 적립",,,,,
[고래사] 안주로 즐기기 좋은 쁘아송 2종,,,,,
"탐사 제로 스윗 아메리카노, 1개, 2.1L 27%5,400원 3,890원 (100ml당 185원) 내일(일) 도착 보장 4.5 (2292) 최대 195원 적립",,,,,
"밀락 골드 휘핑크림, 1L, 1개 7,250원 (10ml당 73원) 내일(일) 새벽 도착 보장 5 (2345) 최대 363원 적립",,,,,
"CJ제일제당 직화 너비아니 (냉동), 560g, 1개 5%9,980원 9,480원 (100g당 1,693원) 내일(일) 새벽 도착 보장 5 (5400) 최대 474원 적립",,,,,
"국내산 딜, 10g, 2개 3,680원 (100g당 18,400원) 내일(일) 새벽 도착 보장 5 (17769) 최대 184원 적립",,,,,
[CU 픽업] 오프리리저브화이트,,,,,
[복선당] 목전지 보쌈 세트,,,,,
[김소영 아티장의 안단테] 시에라 네바다 그래지어 할라피뇨 잭,,,,,
[쟈뎅] 시그니처 아메리카노 파우치 (230mL x 10포),,,,,
[26년 설] [CU 픽업] 발렌타인10년700ml,,,,,
"무료배송 푸드팜 피칸 햇 캘리포니아, 500g, 2개 28,800원 (100g당 2,880원) 2/10(화) 도착 예정 4.5 (4227) 최대 1,440원 적립",,,,,
"곰곰 오리엔탈 소스, 2kg, 1개 6,480원 (100g당 324원) 내일(일) 새벽 도착 보장 5 (1523) 최대 324원 적립",,,,,
"마이노멀 알룰로스, 350g, 1개 35%13,900원 8,900원 (100g당 2,543원) 내일(일) 도착 보장 5 (11093) 최대 445원 적립",,,,,
"[농협] [25년산 햇곡] 강원 신림농협 국산 찰수수, 1개, 1kg 8%17,000원 15,570원 (100g당 1,557원) 내일(일) 도착 보장 5 (160) 최대 646원 적립",,,,,
[빕스] THE BIG 클래식 스테이크,,,,,
[햇반] 백미밥 210g X 6입,,,,,
"삼립 미니 꿀호떡, 400g, 1개입, 1개 4,400원 (10g당 110원) 내일(일) 새벽 도착 보장 5 (12529) 최대 220원 적립",,,,,
"무료배송 여수맛집 전라도 가정식 파김치, 1kg, 2개 쿠폰할인52%26,890원 12,900원 (100g당 645원) 2/11(수) 도착 예정 4.5 (959) 최대 645원 적립",,,,,
[오리온] 달콤 간식 파티팩 1096.4g,,,,,
[진미] 유자 연어장 580g,,,,,
[목우촌] 프라임 꼬치구이 프랑크 400g,,,,,
[둥구나무] 봄나물 3종 세트 (참나물/달래/냉이),,,,,
"무료배송 [최저가세일] 고당도 제주직송 천혜향, 1박스, 5kg 할인50%50,000원 24,800원 (100g당 496원) 2/20 도착 예정 4 (48) 최대 1,240원 적립",,,,,
[CU 픽업] 인트리가막시마,,,,,
"무료배송 [입점특가] 명가삼대떡집 국내산 쌀로 빚은 오색 빛깔 꽃 떡국떡, 2개, 700g 할인50%38,000원 18,800원 (100g당 1,343원) 2/14 도착 예정 4.5 (432) 최대 940원 적립",,,,,
[샘표] 양조간장 501 1.7L (양조간장 500ml 증정),,,,,
[비비드키친] 알룰로스 510g,,,,,
"녹색한우 무항생제 인증 다짐육 1+등급 (냉장), 300g, 1팩 17%17,750원 14,590원 (100g당 4,863원) 내일(일) 새벽 도착 보장 4.5 (1040) 최대 730원 적립",,,,,
[CU 픽업] 하이네켄330ml*24캔,,,,,
[잭스허니] 차차차 꿀호박차 꿀티 1.5g*10입,,,,,
[정다운] 허브를 담은 훈제오리 (1입/2입),,,,,
[노티드] 크림빵 3종 (택1),,,,,
"무료배송 페페로치노 분쇄 100g 페퍼론치노 페페론치노, 1개 할인16%10,000원 8,310원 (10g당 831원) 2/10(화) 도착 예정 5 (369) 최대 405원 적립",,,,,
"바나나맛우유 240ml x 3개입 + 딸기맛우유 240ml x 3개입 세트, 1.44L, 1세트 8,090원 (100ml당 562원) 내일(일) 새벽 도착 보장 5 (27114) 최대 405원 적립",,,,,
[KF365] 유명산지 고당도사과 1.5kg (5~6입),,,,,
[CU 픽업] 아카자루,,,,,
"고고새우 명란가득 알탕 (냉동), 800g, 1개 12,290원 (100g당 1,536원) 내일(일) 새벽 도착 보장 4.5 (587) 최대 495원 적립",,,,,
"무료배송 서래푸드 구운아몬드 1kg 25년산, 1개 할인16%17,780원 14,780원 (100g당 1,478원) 2/13(금) 도착 예정 4.5 (17550) 최대 739원 적립",,,,,
"오뚜기 홀스래디쉬 소스, 250g, 1개 3,880원 (100g당 1,552원) 내일(일) 도착 보장 4.5 (9555) 최대 194원 적립",,,,,
[풀무원] 요리육수 한우사골 1000mL,,,,,
"카누 에스프레소 쇼콜라 라떼 원두커피믹스, 1개, 24개입, 17.3g 11,900원 (10g당 287원) 내일(일) 도착 보장 새 상품, 반품-미개봉 (11) 최저11,300원 4.5 (601) 최대 595원 적립",,,,,
"라이트잇 바로먹는 퀵 오트밀, 1kg, 1통 16%9,000원 7,490원 (100g당 749원) 내일(일) 새벽 도착 보장 5 (8698) 최대 375원 적립",,,,,
[풀무원] 지구식단 더 넓은 두부면,,,,,
[종근당건강] 락토핏 중성지방 (30일분),,,,,
"양반 한식 김자반 전통자반, 50g, 2개 18%6,980원 5,660원 (10g당 566원) 내일(일) 새벽 도착 보장 5 (1298) 최대 283원 적립",,,,,
[네스프레소] 페스티브 시나몬 타마린드향 커피 캡슐 (4.9g X 10개),,,,,
"트와이닝 루이보스 허브차 티백, 2g, 25개입, 1개 9,500원 (10g당 1,900원) 내일(일) 도착 보장 5 (6842) 최대 475원 적립",,,,,
[클레이튼] 빅토리아 선물세트 2종 (택1),,,,,
[일본 디저트 여행] 쿠리 미니 밤만쥬 (15g X 16개입),,,,,
[DJ&A] 포테이토 웨지 스낵 2종 (택1),,,,,
"네이처원 감말랭이 (냉동), 400g, 1개 10,720원 (100g당 2,680원) 내일(일) 새벽 도착 보장 4.5 (738) 최대 536원 적립",,,,,
"무료배송 정읍젊은농부 햇 호박고구마, 5kg 호박고구마 특상 (120~300g), 1박스 할인56%35,900원 15,580원 (100g당 312원) 2/10(화) 도착 예정 4 (22206) 최대 771원 적립",,,,,
파로(엠머밀)500g,,,,,
[CU 픽업] 칵번토니아이즈,,,,,
"종근당건강 원데이21 멀티비타민 앤 미네랄, 60정, 2개 53%41,800원 19,500원 (1정당 163원) 내일(일) 도착 보장 5 (55955) 최대 975원 적립",,,,,
[자연실록] 동물복지 닭 가슴살 400g (냉장),,,,,
[선물세트][라빈리커픽업] 전통주 려 2013 본 세트 (전통주),,,,,
[롯데] 쌀로칩 들기름 김맛 100g,,,,,
[배나무골] 연잎 훈제 오리 (냉동),,,,,
[데체코] 숏 파스타 500g 12종 (택1),,,,,
[오리온] 카스타드 12개입 276g,,,,,
"초록원 배를 넣어 더 부드러운 유자차, 560g, 1개입, 1개 5,570원 (10g당 99원) 내일(일) 도착 보장 5 (7) 최대 279원 적립",,,,,
[오설록] 그린티 딸기 랑드샤 (9g X 10개입),,,,,
[삼호] 안심부산어묵 도톰쫄깃 240g*2,,,,,
[일동후디스] 아이얌 웨하스 4종,,,,,
"웰그레인 병아리콩, 2kg, 1개 16%7,200원 5,980원 (100g당 299원) 내일(일) 도착 보장 5 (2981) 최대 299원 적립",,,,,
[와이크] 영국 전통 체다 치즈 4종 (택1),,,,,
[타마루제면소] 중화면 450g,,,,,
[뉴트리원] 알티지 오메가3 프리미엄 (30일분),,,,,
[동원] 통그릴비엔나 300g*2,,,,,
[웨지우드] 티포유 티 선물세트,,,,,
[빙그레] 캔디바 (75mL X 10개),,,,,
"남선 보글보글 황 양수냄비, 14cm, 노란색, 1개 5,440원 내일(월) 도착 보장 4.5 (964) 최대 272원 적립",,,,,
"스팸 클래식, 200g, 6개 47%32,960원 17,160원 (10g당 143원) 내일(일) 새벽 도착 보장 5 (6489) 최대 858원 적립",,,,,
"돈시몬 착즙 스파클링 레몬에이드, 330ml, 6개 15%8,900원 7,510원 (100ml당 379원) 내일(일) 도착 보장 5 (867) 최대 330원 적립",,,,,
정성담은 백화고 혼합세트,,,,,
[맛있다그랭] 닭가슴살 다이어트 만두 3종(4개입)(택1),,,,,
[CJ] 팻다운 슬리밍샷 (6일분),,,,,
[메이토] 피치티 280g,,,,,
[6다이닝] 이베리코 5종 모둠구이 선물세트 1kg,,,,,
[샘표] 토장 900g,,,,,
[프란시아] 모짜렐라 부팔라 125g,,,,,
[오로라] 오로라 리포좀 비타민C 3000mg 액상 (7일분),,,,,
"한돈 목심 수육/보쌈용 (냉장), 500g, 1개 10,940원 (100g당 2,188원) 내일(일) 새벽 도착 보장 5 (1205) 최대 547원 적립",,,,,
뽀로로가 좋아하는 초코우유 (140mL x 24개),,,,,
[리고] 100% 땅콩버터 크리미 453g,,,,,
[편스토랑X온더고] 김재중의 나폴리식 갈비덮밥,,,,,
[내츄럴플러스] 혈당케어 유산균 (30일분),,,,,
[삼양] 사또밥 67g X 10개입 (대용량),,,,,
[자연애찬] 대파계란말이 300g,,,,,
[매일] 엔요 (100mL X 5개),,,,,
"청정원 명가 소불고기 양념, 280g, 1개 쿠폰할인6%2,720원 2,550원 (100g당 911원) 내일(일) 새벽 도착 보장 5 (1038) 최대 128원 적립",,,,,
자숙 가리비살 500g (냉동),,,,,
"오뚜기 1/2 하프 케챂, 280g, 1개 2,070원 (100g당 739원) 내일(일) 새벽 도착 보장 5 (2173) 최대 104원 적립",,,,,
"비비고 직화 참기름김, 90g, 3개 34%29,940원 19,690원 (10g당 729원) 내일(일) 도착 보장 5 (22042) 최대 985원 적립",,,,,
[온하루] 밑반찬 17종 골라담기(택1),,,,,
[말렌카] 달콤한 꿀 케이크 100g 2종 (택1),,,,,
아욱 200g,,,,,
"포카칩 오리지널, 66g, 4개 5,160원 (10g당 195원) 내일(일) 도착 보장 5 (52662) 최대 258원 적립",,,,,
[올레길] 슈레드 눈꽃치즈 300g,,,,,
"곰곰 한돈 양념 불고기 (냉장), 600g, 1개 7,670원 (100g당 1,278원) 내일(일) 새벽 도착 보장 5 (1735) 최대 384원 적립",,,,,
[동원] 살코기 참치 150g X 4캔,,,,,
"무료배송 스파클 생수 무라벨, 2L, 24개 할인20%14,990원 11,990원 (100ml당 25원) 2/10(화) 도착 예정 5 (545302) 최대 600원 적립",,,,,
[CU 픽업] 아베르나,,,,,
친환경 은이버섯 200g,,,,,
[아우어베이커리] 블루베리 바스크 치즈케이크 280g,,,,,
[프롬바이오] 아미노맥스 에너지젤 2520 10포,,,,,
한일관 인기 상품 5종 모음 (택2),,,,,
[동원] DHA참치 150g x 4캔,,,,,
[그린몬스터] 다이어트 스페셜2 가르시니아900 (56일분) (쇼핑백 별도 구매),,,,,
"폰타나 이탈리아 캄파니아 페투치네, 500g, 2개 쿠폰할인38%7,940원 4,870원 (100g당 487원) 내일(일) 도착 보장 4.5 (12635) 최대 244원 적립",,,,,
고가구 투각 프리미엄 아카시아꿀 1.2kg (쇼핑백 별도구매),,,,,
"강훈목장 수제요거트 블루베리, 1L, 1개입, 2개 16,360원 (10ml당 82원) 내일(일) 새벽 도착 보장 4.5 (52830) 최대 818원 적립",,,,,
[수산곳간] 구운 동전쥐포,,,,,
[멜팅피스] 오징어튀김 430g,,,,,
"샘표 진간장 금F3 1.7L + 국간장 500ml, 2.2L, 1세트 5%11,990원 11,300원 (100ml당 514원) 내일(일) 새벽 도착 보장 5 (4951) 최대 565원 적립",,,,,
"청정원 맛있는 밥 엔 야채 후리가케, 24g, 1개 2,190원 (100g당 9,125원) 내일(일) 새벽 도착 보장 5 (1931) 최대 110원 적립",,,,,
[안젤로] 고르곤졸라 피칸테 150g,,,,,
유기농 백미 8kg,,,,,
[어니스트그릭] 그릭요거트 황치즈 100g,,,,,
[옳곡] 100% 아몬드 스프레드 2종 (택1),,,,,
"오뚜기 더 바삭 튀김가루, 1kg, 1개 4%4,380원 4,170원 (100g당 417원) 내일(일) 새벽 도착 보장 5 (4425) 최대 209원 적립",,,,,
"[전통주] 과천 미주 (9도, 500mL) (무아스파탐)",,,,,
"요플레 오리지널 딸기, 85g, 12개 8,050원 (10g당 79원) 내일(일) 새벽 도착 보장 5 (59839) 최대 403원 적립",,,,,
"담터 꿀생강차A, 1kg, 1개입, 2개 13,780원 (10g당 69원) 내일(일) 도착 보장 4.5 (8061) 최대 689원 적립",,,,,
[달몰리스] 이탈리아 부라타 125g (냉동),,,,,
"담과연 프리미엄 믹스너트, 850g, 1개 11%27,000원 23,810원 (100g당 2,801원) 내일(일) 도착 보장 4.5 (1058) 최대 1,190원 적립",,,,,
"무료배송 [우리뜰] 제주 감귤, 1박스, 로얄과 5kg 44%35,000원 19,500원 (100g당 390원) 2/12(목) 도착 예정 4.5 (21) 최대 975원 적립",,,,,
[타르틴베이커리] 호밀 사워도우 320g,,,,,
[자연애] 100% 국산 고춧가루 2종  (110g/120g),,,,,
"이클립스 플러스 허브캔디 배 비파향, 30g, 4개 7,800원 (10g당 650원) 내일(일) 도착 보장 5 (2159) 최대 331원 적립",,,,,
[딥블루레이크] 드립백 (12g X 6개),,,,,
"대구생선까스 (냉동), 1kg, 1개 8,260원 (100g당 826원) 내일(일) 새벽 도착 보장 4.5 (749) 최대 413원 적립",,,,,
[미미사] 넙적 분모자 200g (콴펀),,,,,
[비타비고] 이탈리안 브레드 스틱 4종 (택1),,,,,
[26년 설] [CU 픽업] 샤또 오카디날,,,,,
간편 삼계탕 재료 3입,,,,,
무항생제 1등급 한돈 등갈비 600g (냉장),,,,,
"리챔 오리지널, 200g, 3개 44%14,480원 7,980원 (10g당 133원) 내일(일) 새벽 도착 보장 5 (1386) 최대 399원 적립",,,,,
[CU 픽업] 세키토바고쿠미노시,,,,,
[고래사] 꼬치어묵전골&떡볶이 (캠핑용),,,,,
"무료배송 [도경식품] 안동학가산 고랭지 포기김치(일반) 5kg, 1개 24,000원 (100g당 480원) 2/10(화) 도착 예정 4.5 (12133) 최대 1,200원 적립",,,,,
[모두의식단] 닭가슴살 소시지 2종 (1입/4입),,,,,
"폰타나 오리엔탈 드레싱, 270g, 2개 쿠폰할인30%8,960원 6,270원 (100g당 1,161원) 내일(일) 도착 보장 5 (22865) 최대 314원 적립",,,,,
"성진 옥수수차, 1kg, 1개입, 3개 11,550원 (10g당 39원) 내일(일) 도착 보장 5 (2753) 최대 578원 적립",,,,,
[집반찬연구소] 꽈리고추찜,,,,,
[빙그레] 요플레 그릭 마일드 400g,,,,,
"무료배송 [우리집밥도둑] 국내산 손질 반건조 임연수, 1세트, 10미 쿠폰할인55%39,900원 17,900원 (100g당 2,387원) 2/10(화) 도착 예정 4 (77) 최대 895원 적립",,,,,
"사조 참치액, 500g, 1개 35%6,900원 4,450원 (10ml당 89원) 내일(일) 도착 보장 5 (155577) 최대 223원 적립",,,,,
[비비고] 도톰해물완자 510g,,,,,
"야쿨트 한국 오리지널, 65ml, 20개입, 2개 8,800원 (10ml당 34원) 내일(일) 새벽 도착 보장 5 (13634) 최대 418원 적립",,,,,
[미자언니네] 하얀 우리콩 비지찌개,,,,,
[CU 픽업] 하쿠시카스즈로,,,,,
"무료배송 삼남매농원 최상급 상주 곶감 명절 선물세트, 1세트, [최상급 대과] 선물세트 20과 (개당50g내외) 쿠폰할인32%45,900원 30,900원 (100g당 3,090원) 2/10(화) 도착 예정 5 (51) 최대 1,545원 적립",,,,,
[미트지엥] Flex 흑소 윗등심 스테이크 밀키트,,,,,
[CU 픽업] 로스바스코스카쇼,,,,,
[더브레드블루] 통밀구황작물빵 250g,,,,,
홍성대 생산자의 아리향 딸기 300g 5~8입 (등급:특/한단),,,,,
[광천해저김] 뿌려먹는 김가루 70g,,,,,
"무료배송 대추방울 토마토(4번과), 1박스, 5kg내외(4번과) 21,900원 (100g당 438원) 2/13(금) 도착 예정 4 (1061) 최대 1,095원 적립",,,,,
"무료배송 [프리미엄특품] 지리산 산청 곶감선물세트 보자기포함, 1세트, 1kg 할인42%58,900원 33,900원 (100g당 3,390원) 2/13(금) 도착 예정 5 (27) 최대 1,695원 적립",,,,,
[CU 픽업] 꽁떼디깜삐아노수수마니엘로,,,,,
"리치팜너트 고소한 믹스너트, 400g, 1개 29%17,000원 12,030원 (100g당 3,008원) 내일(일) 도착 보장 5 (10410) 최대 601원 적립",,,,,
[CU 픽업] 글랜카담13년,,,,,
[토니스] 초코 론리 공정무역 초콜릿 180g 3종 (택1),,,,,
[백설] 오리엔탈 드레싱 595g,,,,,
[CU 픽업] 고소리술29도375ml,,,,,
"무료배송 넛츠팜 피칸, 400g, 1개 44%44,310원 24,580원 (100g당 6,145원) 2/13(금) 도착 예정 4.5 (2763) 최대 1,229원 적립",,,,,
"청정원순창 재래식 생된장, 1kg, 1개 쿠폰할인40%9,100원 5,390원 (100g당 539원) 내일(일) 새벽 도착 보장 5 (9791) 최대 270원 적립",,,,,
"삼립 연유버터 스프레드, 500g, 1개 7,250원 (100g당 1,450원) 내일(일) 새벽 도착 보장 5 (9624) 최대 363원 적립",,,,,
"오뚜기 오리지널 식당용 케챂 스파우트팩, 3.3kg, 4개 25,840원 (100g당 196원) 내일(일) 도착 보장 5 (13191) 최대 1,292원 적립",,,,,
"국내산 소고기 잡뼈 2등급 탕용 (냉동), 1개, 3kg 8,010원 (100g당 267원) 내일(일) 새벽 도착 보장 4.5 (219) 최대 400원 적립",,,,,
[CU 픽업] 노비볼레 로마냐 비앙코,,,,,
[8APM] 포커스 젤 30ml x 10포,,,,,
"시골김 참기름김 도시락김, 4g, 32개 11,800원 (10g당 922원) 내일(일) 도착 보장 5 (2149) 최대 590원 적립",,,,,
[일양약품] 장에존 혼합유산균19 (60일분),,,,,
[카메다] 포타포타야키 117.2g,,,,,
[삼립] 포켓몬빵 8종 (택1),,,,,
[전통주] 느린마을 증류주 파우치 4입 (16.9도 180mL*4),,,,,
[삼삼물산] 데친 논우렁살 120g (냉장),,,,,
[쉐푸드] 우유 미니 핫도그 500g,,,,,
[와인앤모어픽업]핀까엘 오리엔 싱글롯17 ((와인)),,,,,
[옛날밥상] 대파 소불고기500g,,,,,
[하이그레이드] 구운 캐슈넛 180g,,,,,
"농협 포크빌 한돈 뒷다리살 다짐육, 500g, 1개 7,090원 (100g당 1,418원) 내일(일) 새벽 도착 보장 5 (7594) 최대 355원 적립",,,,,
"무항생제 인증 처음이라 더 특별한 농협 초란 540g, 1개, 15구 4,990원 (1구당 333원) 내일(일) 새벽 도착 보장 4.5 (85) 최대 250원 적립",,,,,
"고소한 두번구운 김밥김, 2.3g, 1개, 10개입 3,020원 (10g당 1,313원) 내일(일) 새벽 도착 보장 5 (3763) 최대 151원 적립",,,,,
"무료배송 [60년 전통]3대째 직접생산 겉쫀속촉 달콤한 상주 반건시, 1개, 실속포장 500g(50g×10입) 할인61%31,000원 12,000원 (100g당 2,400원) 2/11(수) 도착 예정 5 (69) 최대 600원 적립",,,,,
"한방선생 호박씨 특품, 300g, 1개 35%8,990원 5,790원 (100g당 1,930원) 내일(일) 도착 보장 4.5 (519) 최대 290원 적립",,,,,
[경자국밥] 순대국밥,,,,,
[샐러드판다] 판다의 부라타치즈 샐러드,,,,,
[CU 픽업] 탐나불린셰리캐스크,,,,,
[올반] 얇은피 인생 왕교자 910g,,,,,
[강고집] 속살까지 구운 가루 2종 (택1),,,,,
[바라기] 경앤옥 30환 +(보자기포장),,,,,
"한끼통살 닭가슴살 볼 왕갈비맛 (냉동), 100g, 1개입, 10개 15,900원 (100g당 1,590원) 내일(일) 새벽 도착 보장 5 (767) 최대 795원 적립",,,,,
[커피빈] 카페 라떼 파우치 (190mL X 10개),,,,,
[한국야쿠르트] 거꾸로 먹는 야쿠르트 3종 (110mL X 4개) (택1),,,,,
[PPUL] 1++(9) 한우 샤토브리앙 스테이크 200g (냉장),,,,,
[일상味소] 안창살 200g (냉장),,,,,
시소 우메보시 270g (일식 매실장아찌),,,,,
"국내산 서리태, 2kg, 1개 17,900원 (100g당 895원) 내일(일) 도착 보장 4.5 (6355) 최대 895원 적립",,,,,
[미자언니네 방앗간] 밤고구마 시나몬 찰편,,,,,
[풀무원다논] 액티비아 부스트샷3 플레인 (100mL X 4개),,,,,
[코우카키스] 그리스 무지방 그릭요거트 2종 (택1),,,,,
[마스터바이옴] 지노마스터 (30일분),,,,,
[BNR17] 비에날씬 (30일분),,,,,
[한식곳간] 막걸리 보쌈 수육 300g,,,,,
"풀무원 소가 미니 연두부, 125g, 1개 980원 (100g당 784원) 내일(일) 새벽 도착 보장 5 (658) 최대 49원 적립",,,,,
[크라운] 크림산도 161g,,,,,
[선물세트][라빈리커픽업] 전통주 이강주 주병세트 (25도 500mL*2),,,,,
[선물세트] 창억 정성담은 선물세트 (약식/호박인절미/동부찰떡),,,,,
"오리온 고소미, 70g, 10개 8,900원 (10g당 127원) 내일(일) 도착 보장 5 (14991) 최대 445원 적립",,,,,
99치킨 콤보 (윙&봉),,,,,
[칠갑농산] 구워먹는 꿀 가래떡 300g,,,,,
"베이비채소, 50g, 1개 1,790원 (100g당 3,580원) 내일(일) 새벽 도착 보장 4.5 (2229) 최대 90원 적립",,,,,
[사토제과] 모찌 모나카,,,,,
[메디트리] 락토 프로바이오 생유산균17 아연 (60일분),,,,,
[Sea To Table] 가자미 스테이크 140~160g (냉동),,,,,
[제일맞게컬리] 김치베이컨 현미곤약 주먹밥,,,,,
"동원 항공직송 노르웨이 생연어 (냉장), 1kg, 1개 19%49,900원 39,990원 (100g당 3,999원) 내일(일) 새벽 도착 보장 4.5 (8891) 최대 1,950원 적립",,,,,
"오리온 카스타드 12개입, 288g, 1개 4,000원 (10g당 139원) 내일(일) 도착 보장 5 (52055) 최대 200원 적립",,,,,
[카누] 다크 커피 캡슐 9.5g X 10개 3종(택1)(카누머신 전용),,,,,
[할리스] 바닐라 딜라이트 파우더 스틱 2종(택1),,,,,
"매일바이오 그릭요거트 플레인, 400g, 1개 3,490원 (10g당 87원) 내일(일) 새벽 도착 보장 5 (111) 최대 175원 적립",,,,,
무항생제 1등급 한돈 등심덧살 300g (냉장),,,,,
"풀무원 얇은피 꽉찬속 고기만두 (냉동), 400g, 2개 10%9,980원 8,980원 (100g당 1,123원) 내일(일) 새벽 도착 보장 5 (80083) 최대 449원 적립",,,,,
[그리키] A2 그릭요거트 100g,,,,,
"무료배송 아몬드 분말 95%, 1개 11,900원 (10g당 119원) 2/10(화) 도착 예정 5 (13) 최대 595원 적립",,,,,
[경주천년한우] 1++ 한우 치마살 구이용 200g (냉장),,,,,
[강남면옥] 고기 설렁탕,,,,,
"썬앤지 국내산 건고춧잎, 100g, 1개 38%12,308원 7,550원 (100g당 7,550원) 내일(일) 도착 보장 4.5 (433) 최대 378원 적립",,,,,
[프롬바이오] FARRO 엠머밀 파로효소 알파낙산균 플러스 30포,,,,,
[그레인온] 르셀란테 파로효소G 30포,,,,,
"곰곰 콜롬비아 블렌드, 홀빈(분쇄안함), 1kg, 1개 22%38,900원 29,990원 (10g당 300원) 내일(일) 도착 보장 4.5 (36464) 최대 1,500원 적립",,,,,
"밀양 연근(햇), 1kg, 1개 9,900원 (100g당 990원) 500원 와우 가입 쿠폰 내일(일) 새벽 도착 보장 4.5 (8756) 최대 470원 적립",,,,,
[근사한끼] 넉넉한 순대국,,,,,
"트루스위트 알룰로스 맥스 팩, 1.18kg, 1개 37%19,960원 12,480원 (100g당 1,058원) 내일(일) 도착 보장 5 (35880) 최대 499원 적립",,,,,
"곰곰 당도선별 안동사과, 2kg(소과), 1박스 16,490원 (100g당 825원) 내일(일) 새벽 도착 보장 4 (21927) 최대 825원 적립",,,,,
[커피리브레] 나이트호크 블렌드 디카페인 원두 200g,,,,,
"프링글스 오리지날, 110g, 6개 51%19,980원 9,600원 (10g당 145원) 내일(일) 도착 보장 4.5 (31144) 최대 456원 적립",,,,,
[면사랑] 볶음짬뽕면 용기면 365g*3개입,,,,,
[썬키스트] 25 클래식 매일견과 350g (25gX14봉),,,,,
GAP 새싹삼 12뿌리,,,,,
"무료배송 껍질벗겨 더 쫄깃한 몸통건오징어, 220g(11~17미), 1개 쿠폰할인22%17,900원 13,850원 2/20 도착 예정 4 (3830) 최대 693원 적립",,,,,
"테인리스 솥 3 종 세트, 1세트 할인4%29,800원 28,400원 (1세트당 28,400원) 내일(월) 도착 보장 새 상품, 반품 (7) 최저28,400원 4.5 (1106) 최대 1,420원 적립",,,,,
"친환경 상추 & 깻잎 모둠쌈, 120g, 1개 2,990원 (100g당 2,492원) 내일(일) 새벽 도착 보장 4.5 (9769) 최대 150원 적립",,,,,
[리치몬드 과자점] 소시지 치즈빵,,,,,
"지평선 서김제농협 농협에서만든 동진찹쌀, 10kg, 1개 39,900원 (100g당 399원) 내일(일) 도착 보장 4.5 (8702) 최대 1,995원 적립",,,,,
[정관장] 다보록 감사가편 + (쇼핑백증정),,,,,
[상하목장] 그릭요거트 프로즌 복숭아 파르페 아이스크림 (220mL X 4개),,,,,
[면사랑] 미트볼로냐 스파게티 용기면 330g*3개입,,,,,
[미자언니네] 꽈리고추찜,,,,,
[정관장] 에브리타임 소프트 (30일분)(+쇼핑백증정),,,,,
와일드 루꼴라 50g,,,,,
"에스앤비 오로시 생와사비, 310g, 1개입 6,920원 (10g당 223원) 내일(일) 도착 보장 4.5 (4323) 최대 346원 적립",,,,,
[선물세트] 제주 옥돔 선세트 (200g X 6미),,,,,
[센트룸] 원데이팩 2030 (14일분) 우먼/맨 (택1)+ 원지 틴케이스 증정,,,,,
"무료배송 [한정물량특가] 황토밭농법 달콤쫀득 꿀범벅 꿀고구마, 1박스, 2kg(한입) 쿠폰할인61%18,200원 6,990원 (100g당 350원) 2/12(목) 도착 예정 5 (51) 최대 350원 적립",,,,,
[Chefood] 등심 통 돈까스 300g (냉동),,,,,
[김구원선생] 두부 된장찌개 밀키트,,,,,
[커피빈] 커피 캡슐 10개입 6종(택1)(네스프레소 호환),,,,,
무항생제 1등급 한돈 갈매기살 300g (냉장),,,,,
[아티제] 제주 당근 케이크 600g,,,,,
"사천 샤브면, 250g, 3개 6,860원 (100g당 915원) 내일(일) 새벽 도착 보장 5 (2203) 최대 343원 적립",,,,,
"하루견과 넛츠 시그니처, 23g, 35봉 20%42,900원 33,900원 (100g당 4,211원) 내일(일) 새벽 도착 보장 4.5 (735) 최대 1,695원 적립",,,,,
[노션] 초코데이트 대추야자 초콜릿 3종 (택1),,,,,
[풀무원] SOGA 아삭숙주 350g,,,,,
[니아르] 포스콜린 에스케어(14일분),,,,,
[마이비밀] 홈슐랭 식단관리 도시락 5종 (택2),,,,,
[차합시다] 양평 수제 쌍화차 블랙 340g,,,,,
[타바론] Happy birthday 버라이어티 12종 선물세트,,,,,
[올바른] 관절엔 소연골 뮤코다당단백 콘드로이친 1200 (30일분),,,,,
"무료배송 건강곡간 5% 강황쌀, 1개, 2kg 26,300원 (100g당 1,315원) 2/13(금) 도착 예정 4.5 (937) 최대 1,315원 적립",,,,,
"비비고 고단백 가자미구이 (냉장), 70g, 4팩 27%21,920원 15,850원 (100g당 5,661원) 내일(일) 새벽 도착 보장 4.5 (11978) 최대 793원 적립",,,,,
[풀무원] 요리육수 해물 1000mL,,,,,
"쿠킹스토리 아몬드 분말, 200g, 1개 5,860원 (100g당 2,930원) 내일(일) 도착 보장 5 (16328) 최대 293원 적립",,,,,
"청정원 화끈한 매운갈비 양념, 1개, 500g 3,480원 (100g당 696원) 내일(일) 도착 보장 5 (1967) 최대 174원 적립",,,,,
[선물세트] 마더네스트 프로폴리스 마누카허니 캔디 (170g x 2통),,,,,
[KF365] 항공직송 노르웨이 생연어 6종 (냉장) (택1),,,,,
"대림선 참피온 소세지, 320g, 1개 쿠폰할인22%1,990원 1,540원 (10g당 48원) 내일(일) 새벽 도착 보장 4.5 (7989) 최대 77원 적립",,,,,
[Kurly's] 1++ 한우 토시살 구이용 250g (냉장),,,,,
[맥비티] 다이제스티브 비스킷 2종 (택1),,,,,
[집반찬연구소] 시래기 된장지짐,,,,,
[카누] 아메리카노 미니 6종 (택1),,,,,
칠레산 생체리 500g (10row),,,,,
[26년 설] [CU 픽업] 로얄살루트21년 500ml,,,,,
"멕시카나치킨 더바삭한 매콤달콤 닭강정 (냉동), 500g, 1개 8,480원 (100g당 1,696원) 내일(일) 새벽 도착 보장 4.5 (940) 최대 424원 적립",,,,,
"오뚜기 도나스가루, 500g, 1개 3,420원 (100g당 684원) 내일(일) 도착 보장 5 (3020) 최대 171원 적립",,,,,
[CU 픽업] 폰타나프레다 모스카토다스티,,,,,
[장만순산삼가] 공의보 1환,,,,,
"풀무원 특등급 국산콩 무농약 콩나물, 340g, 2개 17%5,400원 4,460원 (100g당 656원) 내일(일) 새벽 도착 보장 5 (192081) 최대 223원 적립",,,,,
[케오스] 치즈 어니언 감자칩,,,,,
[생과방] 약과 4구 묶음 (노랑)(40g X 4개입),,,,,
"파워에이드 마운틴블라스트, 340ml, 24개 13,900원 (100ml당 170원) 내일(일) 도착 보장 5 (19744) 최대 695원 적립",,,,,
[오설록] 프리미엄 녹차와플 72g,,,,,
[김구원선생] 한우 된장 순두부찌개,,,,,
"풀무원 무농약 인증 국산콩 콩나물 어린이용, 200g, 2개 6,070원 (100g당 1,518원) 내일(일) 새벽 도착 보장 5 (7055) 최대 304원 적립",,,,,
[센터커피] 아이스브레이커 드립백 (10g X 7개),,,,,
[온기루] 쑥 개떡 500g,,,,,
[고래주방] 김치 돈까스 나베,,,,,
[CU 픽업] 하루하나준마이 720ml,,,,,
"애드웰스 넛츠앤베리 믹스넛, 400g, 1개 11,000원 (100g당 2,750원) 내일(일) 새벽 도착 보장 새 상품, 반품-미개봉 (2) 최저10,450원 5 (93) 최대 550원 적립",,,,,
[KF365] 백합조개 500g (생물),,,,,
[키즈텐] 아기 유산균 비타민D 드롭 (60일분),,,,,
[라티브] 올리브레몬샷 14개입,,,,,
[르까도드마비] 아몬드 크루아상 110g,,,,,
[HBAF] 카라멜 아몬드 앤 프레첼 190g,,,,,
"무료배송 산과들에 오리진스믹스 너트, 100개입, 20g 할인10%29,700원 26,730원 (100g당 1,337원) 2/10(화) 도착 예정 4.5 (1244) 최대 1,336원 적립",,,,,
"마당발 단호박 (냉동), 1kg, 1개 5,260원 (100g당 526원) 내일(일) 새벽 도착 보장 4.5 (5155) 최대 263원 적립",,,,,
"고려은단 비타민C 1000 플러스, 100ml, 80개 35,900원 (100ml당 449원) 내일(일) 도착 보장 5 (43759) 최대 1,795원 적립",,,,,
"[전통주] 스프링블라썸 (4.7도, 750mL)",,,,,
"이롬 황성주 박사의 국산콩 두유 무가당, 190ml, 32개 52%35,800원 17,000원 (100ml당 280원) 내일(일) 도착 보장 5 (51717) 최대 850원 적립",,,,,
[존쿡 델리미트] 바베큐 풀드포크 150g,,,,,
[샘표] 양조간장 501 860ml,,,,,
[마즈] 믹스드 기프팅 버켓 450g,,,,,
[마음이가] 바나나떡 480g,,,,,
"무료배송 견과공장 가을향기 가평잣 국산 잣 1등급 국산잣 햇잣, 100g, 1개 쿠폰할인23%24,600원 18,900원 (100g당 18,900원) 2/10(화) 도착 예정 4.5 (2541) 최대 945원 적립",,,,,
"오뚜기옛날 국수 소면, 500g, 1개 2,160원 (100g당 432원) 내일(일) 새벽 도착 보장 5 (6586) 최대 108원 적립",,,,,
[슈퍼키친] 떡잡채,,,,,
[우주인피자] 허니 고르곤졸라,,,,,
[우물우물] DHA 진미 오징어채 150g,,,,,
"해찬들 구수한 가정식 집된장, 3kg, 1개 59%30,830원 12,440원 (100g당 415원) 내일(일) 도착 보장 4.5 (14486) 최대 622원 적립",,,,,
"오뚜기 크림스프, 1kg, 1개 8,690원 (100g당 869원) 내일(일) 새벽 도착 보장 5 (4412) 최대 435원 적립",,,,,
[녹색한우] 무항생제 1+ 한우 양지 국거리용 200g 2종 (냉장),,,,,
[Kurly's] 자유방목 동물복지 유정란 10구,,,,,
"해표 포도씨유, 900ml, 1개 56%15,900원 6,860원 (100ml당 762원) 내일(일) 도착 보장 새 상품, 반품-미개봉 (22) 최저6,510원 5 (51355) 최대 343원 적립",,,,,
"메글레스프레이 휘핑크림, 250g, 1개 5,280원 (10g당 211원) 내일(일) 새벽 도착 보장 4.5 (6270) 최대 264원 적립",,,,,
[앤트러사이트] 다크 블렌딩 원두 200g 3종 (택1),,,,,
[전통주]솔티마을 오롯이 사과스파클링와인 라이트 (4.5도 330mL),,,,,
[페이브] 블렌드 원두 200g 2종(택1),,,,,
[정원삼] 6년근 고려홍삼정 365스틱 (30일분),,,,,
"농협 무항생제 인증 신선 대란 3120g, 1개, 60구 16,320원 (1구당 272원) 내일(일) 새벽 도착 보장 5 (69024) 최대 816원 적립",,,,,
[조선호텔] 게살볶음밥 420g,,,,,
[CU 픽업] 로얄브라클라18년700ml,,,,,
[부산어포] 시즈닝 부산어포 30g 3종 (택1),,,,,
냉동 오디 300g (국산),,,,,
[라빈리커픽업]쉐이퍼 릴렌트리스 쉬라 18 (와인),,,,,
[백설] 콩기름 1.8L,,,,,
[파스퇴르] 단백질 곡물맛 파우더 캔 750g,,,,,
"쉐푸드 우유 미니 핫도그 (냉동), 500g, 1개입, 1개 8,630원 (100g당 1,726원) 내일(일) 새벽 도착 보장 5 (18280) 최대 431원 적립",,,,,
유기농 조각 서리태 300g,,,,,
[일가집] 알밥 단무지 200g,,,,,
"오뚜기옛날 중국식18mm 넓은당면, 300g, 1개 6%4,280원 4,020원 (100g당 1,340원) 내일(일) 새벽 도착 보장 5 (1006) 최대 201원 적립",,,,,
[종근당건강] 베르베린 30정,,,,,
"농심 신라면 컵 65g, 12개 쿠폰할인6%11,580원 10,820원 (1개당 902원) 내일(일) 새벽 도착 보장 5 (10280) 최대 541원 적립",,,,,
[태우한우] 1+ 한우 채끝 구이용 200g (냉장),,,,,
[포트'럭] 서해안 참병어 350g (생물),,,,,
"대림선 야채듬뿍 김밥어묵, 100g, 1개 1,980원 (100g당 1,980원) 내일(일) 새벽 도착 보장 5 (7761) 최대 99원 적립",,,,,
[자연실록] 동물복지 IFF 닭고기 800g 2종 (냉동),,,,,
[CU 픽업] 듀어스더블더블36년,,,,,
[밀가루대신] 타피오카 전분 1.2kg,,,,,
[비비고] 말차 호떡 210g,,,,,
"감미인 GAP 인증 청도 반건시 (냉동), 400g(10입), 2개 16,900원 (100g당 2,113원) 내일(일) 새벽 도착 보장 4.5 (3296) 최대 845원 적립",,,,,
"청오건강 유기농 발아 현미차 알곡, 400g, 1개입, 1개 2%5,700원 5,580원 (10g당 140원) 내일(일) 도착 보장 4.5 (946) 최대 279원 적립",,,,,
[크라운] 상큼한 과일맛 새콤달콤 2종 (택1),,,,,
[오리온] 참붕어빵 232g (29g X 8봉지),,,,,
"덴마크 테이크 얼라이브 스위티자몽, 120ml, 24개 10%11,120원 9,900원 (100ml당 344원) 내일(일) 도착 보장 5 (40523) 최대 495원 적립",,,,,
[샐러드판다] 샐러드 샌드위치 11종 (택1),,,,,
[하인즈] 파스타 소스 6종 (택1),,,,,
"무료배송 25년산 싸래기쌀 20kg 떡 죽 누룽지 용, 1개 8%30,500원 27,900원 (100g당 140원) 2/11(수) 도착 예정 4 (94) 최대 1,395원 적립",,,,,
[근대골목단팥빵] 우리맛 단팥빵 3개 2종 (택1),,,,,
[빙그레]요맘때바 4종 (70mL X 10개),,,,,
[라빈리커픽업][설 2본 선물] 팀 스미스 set (와인),,,,,
[무르젤라] 이탈리아 부라타 120g (냉장),,,,,
[리콜라] 허브캔디 레몬 100g,,,,,
[프로틴방앗간] 하루단백바 카카오 1박스 (45g X 10개입),,,,,
동백향 1kg,,,,,
[니혼모찌] 키리모찌 싱글팩 1kg,,,,,
"넛츠데이 패밀리넛츠 믹스넛, 20g, 20개 13,400원 (100g당 3,350원) 내일(일) 도착 보장 5 (1296) 최대 670원 적립",,,,,
"무료배송 로마나 황금 고구마칩, 320g, 5개 20,390원 (10g당 127원) 2/10(화) 도착 예정 4.5 (5432) 최대 1,020원 적립",,,,,
[삼립] 미니 꿀호떡 400g,,,,,
[베베쿡] 처음먹는 요리가케 4종 (택1),,,,,
"무료배송 경북 찰토마토 제철 5kg 산지 첫 출하, 1박스, 소 할인10%17,370원 15,630원 (100g당 313원) 2/12(목) 도착 예정 3.5 (73) 최대 781원 적립",,,,,
"샘표 김치찌개용 꽁치 통조림, 2개, 400g 23%11,960원 9,130원 (10g당 114원) 내일(일) 새벽 도착 보장 5 (1889) 최대 456원 적립",,,,,
"웰넛 구운 캐슈넛, 200g, 3개 22%17,700원 13,770원 (100g당 2,295원) 내일(일) 도착 보장 4.5 (1578) 최대 689원 적립",,,,,
봄동 400g,,,,,
[비브리브] 고단저당 꼬박꼬밥 대용량 400g 4종 (택1),,,,,
"하루견과 고마워요 믹스넛, 20g, 30개 26%22,900원 16,900원 (100g당 2,817원) 내일(일) 새벽 도착 보장 4.5 (335) 최대 845원 적립",,,,,
[하코야] 하카타 차슈 돈코츠라멘 (2인분),,,,,
"웰그레인 렌틸콩, 2kg, 1개 12%6,800원 5,980원 (100g당 299원) 내일(일) 도착 보장 5 (1761) 최대 299원 적립",,,,,
[99치킨] 순살 닭강정,,,,,
[베이비본죽] 유기농 쌀과자 스틱 3종,,,,,
[대상웰라이프] 뉴케어 마이키즈 24개입 5종 (택1),,,,,
"무료배송 스파클 생수 무라벨, 330ml, 100개 할인8%21,860원 19,960원 (100ml당 60원) 2/10(화) 도착 예정 5 (545314) 최대 998원 적립",,,,,
[풀무원] 라이트누들 단호박 곤약면 150g x 4개입,,,,,
[프릳츠] 딥슬립 디카페인 콜드브루 300mL,,,,,
[진실된손맛] 연근조림,,,,,
"햇반 백미밥, 210g, 24개 17%28,900원 23,950원 (100g당 475원) 내일(일) 도착 보장 5 (442772) 최대 1,198원 적립",,,,,
[내아이애] 야채/과일링 7종 (택1),,,,,
[우사기] 샤브샤브용 모찌 (60g X 3개),,,,,
"무료배송 네네치킨 네꼬닭 순살 닭다리 5종 혼합구성, 100g, 30개 46%141,000원 75,900원 (100g당 2,530원) 2/11(수) 도착 예정 4.5 (324) 최대 3,795원 적립",,,,,
"움트리 실장님 회초장, 1kg, 1개 4,790원 (100g당 479원) 내일(일) 새벽 도착 보장 5 (2307) 최대 240원 적립",,,,,
[와인앤모어픽업]까테나 자파타 까테나 말벡 ((와인)),,,,,
[비비고] 노릇하게 구운 가자미 구이,,,,,
"[근대골목단팥빵] 맘모스빵 3종 세트 300g (오리지널,흑임자,인절미)",,,,,
"마가렛트 롯데제과 오리지널, 352g, 2개 쿠폰할인21%10,560원 8,300원 (10g당 118원) 내일(일) 도착 보장 5 (70672) 최대 415원 적립",,,,,
[풀무원] 곤드레나물솥밥 (2개입),,,,,
[옳곡] 100% 국내산 땅콩버터 2종 (택1),,,,,
"덕부아 버터 비스킷 대용량 과자, 100개, 7g 12%17,000원 14,800원 (10g당 211원) 내일(일) 도착 보장 새 상품, 반품-미개봉 (3) 최저13,630원 4.5 (823) 최대 681원 적립",,,,,
"데체코 마팔디네 파스타, 500g, 1개 14%7,480원 6,360원 (100g당 1,272원) 내일(일) 새벽 도착 보장 5 (51) 최대 318원 적립",,,,,
[인텔리젠시아] 아날로그 콜드브루 1L,,,,,
[올리] 유기농 현미 크런치롤 번들(4개),,,,,
"[LOTS OF GREEN] 콩으로,라구소스",,,,,
"무료배송 펩시 업소용 콜라 제로슈거 라임향, 12개, 245ml 9,900원 (100ml당 337원) 2/11(수) 도착 예정 새 상품, 박스 훼손 (2) 최저6,320원 5 (1154) 최대 495원 적립",,,,,
[디벨라] 통밀 파스타 4종,,,,,
"오레오 초콜릿 샌드위치 쿠키 화이트크림, 100g, 4개 4,940원 (10g당 124원) 내일(일) 도착 보장 5 (52496) 최대 247원 적립",,,,,
"연두 요리에센스 순, 500ml, 1개 44%9,980원 5,500원 (10ml당 110원) 내일(일) 새벽 도착 보장 5 (2272) 최대 275원 적립",,,,,
"무료배송 맛통령 골드키위, 1개, 미니 골드키위 2kg 쿠폰할인31%18,900원 12,890원 (100g당 645원) 2/11(수) 도착 예정 4 (1266) 최대 645원 적립",,,,,
"파스퇴르 쾌변 스트롱, 1개, 4개입, 150ml 7,480원 (10ml당 125원) 내일(일) 새벽 도착 보장 5 (477) 최대 374원 적립",,,,,
[프렌떼] 무화과 리코타 바게트 샌드위치,,,,,
[라빈리커픽업][신년 특가] 펜폴즈 클럽 토니 N/V (와인),,,,,
[라빈리커픽업][설 선물] 떼레 델 불카노 라바 베네벤타노 알리아니꼬 (와인),,,,,
[고넛츠] 유기농 100% 땅콩버터 엑스트라 크런치 270g,,,,,
"foodi 크러쉬드 레드페퍼, 240g, 1개 9,500원 (10g당 396원) 내일(일) 도착 보장 5 (4611) 최대 475원 적립",,,,,
[리치] 오트밀 미니바이트 1kg,,,,,
[스마일찬] 삼색나물(열무나물&도라지&건취나물),,,,,
[아티제] 쿠키슈 (100g X 4개),,,,,
[초코헬스] 말차넛츠 저당 초콜릿 250g,,,,,
[정관장] 기다림 침향액 30병,,,,,
[스마일찬] 양파&청양고추 장아찌,,,,,
[바름팜] 바로 갈아 마시는 CCA 주스 키트 200g,,,,,
"페어데이 유기농 계피가루, 60g, 1개 5,420원 (10g당 903원) 내일(일) 도착 보장 4.5 (10224) 최대 271원 적립",,,,,
"국내산 홍고추, 80g, 3개 5,670원 (100g당 2,363원) 내일(일) 새벽 도착 보장 4.5 (33786) 최대 284원 적립",,,,,
"사랑과정성 사랑담은 돈가스소스, 230g, 2개 7,090원 (100g당 1,541원) 내일(일) 새벽 도착 보장 4.5 (1368) 최대 355원 적립",,,,,
"담터 포켓몬 콤부차 포도, 5g, 30개입, 1개 27%12,900원 9,400원 (10g당 627원) 내일(일) 도착 보장 5 (594) 최대 470원 적립",,,,,
[하림] 춘천식 닭갈비 밀키트,,,,,
"무료배송 TV홈쇼핑 정품 오감식탁 더진한육수 65정+65정+3정 코인 동전 만능 육수, 399g, 1세트 66%79,600원 27,000원 (100g당 6,767원) 2/10(화) 도착 예정 4.5 (17202) 최대 1,350원 적립",,,,,
[페이장브레통] 에멘탈 슈레드 치즈 70g,,,,,
"무료배송 [철따라농산물] 남해 보물섬 노지 시금치 보물초, 1kg, 1개 할인28%15,900원 11,350원 (100g당 1,135원) 2/12(목) 도착 예정 4.5 (3470) 최대 568원 적립",,,,,
[파르네세]  파르미지아노 레지아노 150g,,,,,
[선물세트] 호랑이건강원 호랑이 홍삼 플러스 (28포) +(쇼핑백 증정),,,,,
[둥구나무] 톳두부무침,,,,,
[헬카페] 디카페인 드립백 (12g X 14개),,,,,
"맥심 슈프림 골드 커피믹스, 13.5g, 170개입, 1개 30,400원 (10g당 132원) 내일(일) 도착 보장 5 (107453) 최대 1,520원 적립",,,,,
"무료배송 25년 햇밤 깐밤 공주밤 생율 알밤 산지직송 당일작업 공주알밤, 1개, 500g 17%18,000원 14,900원 (100g당 2,980원) 2/10(화) 도착 예정 4.5 (181) 최대 745원 적립",,,,,
"무료배송 [환불보장] 유러피안 샐러드 쌈채소 GAP인증, 1박스, 1kg (4~5종) 쿠폰할인56%25,000원 10,900원 (100g당 1,090원) 2/11(수) 도착 예정 5 (201) 최대 545원 적립",,,,,
[아넬라] 짜먹는 아넬라 HOP 5종 (택1),,,,,
[도제식빵] 가츠산도,,,,,
[리얼타이] 라이스 페이퍼 100g,,,,,
[올가비오] 아사이베리 건조 분말 100g,,,,,
"농심 신라면 120g, 40개 29,810원 (1개당 745원) 내일(일) 도착 보장 5 (763378) 최대 1,490원 적립",,,,,
간편 단호박 2종,,,,,
[비스퀴테리 엠오] 피스타치오 타르트 350g,,,,,
[본죽] 꽈리고추 메추리알 장조림 1kg,,,,,
[요플레] 바이오 플레 2종 (130mL X 8개) (택1),,,,,
[태극당] 월병세트 (70g X 12개),,,,,
[허브&스파이스마켓] 페페로치노 분쇄 175g(중대형),,,,,
"지도표성경 녹차식탁김 감사2호 4g x 18p 선물세트, 1세트 48%25,000원 12,960원 (1세트당 12,960원) 내일(일) 도착 보장 새 상품, 반품-미개봉 (2) 최저11,360원 5 (174) 최대 598원 적립",,,,,
MY FIRST 처음 만나는 카스텔라 190g,,,,,
[바른생선] 국내에서 직접 손질한 명태살 300g (냉동),,,,,
[청정원] 짜장분말 80g 2종 (택1),,,,,
[심플잇] 단백질바 미니 168g,,,,,
"무료배송 일리 클라시코 미디움 캡슐커피, 6.7g, 18개입, 1개 23%22,000원 16,900원 (10g당 1,401원) 2/10(화) 도착 예정 5 (8182) 최대 845원 적립",,,,,
"비비고 직화 들기름김, 1개 23%6,480원 4,980원 (10g당 922원) 내일(일) 도착 보장 5 (2848) 최대 249원 적립",,,,,
[사토제과] 아주끼 모나카,,,,,
"무료배송 푸드팜 푸룬 캘리포니아 건자두, 1kg, 1개 11,800원 (10g당 118원) 2/10(화) 도착 예정 4.5 (5735) 최대 590원 적립",,,,,
"햇반컵반 스팸마요 덮밥, 219g, 2개 39%9,960원 5,980원 (100g당 1,365원) 내일(일) 새벽 도착 보장 5 (325) 최대 299원 적립",,,,,
"무료배송 티더블유지 캐모마일, 2.5g, 15개입, 1개 할인20%32,200원 25,600원 (1개당 1,707원) 2/10(화) 도착 예정 5 (481) 최대 1,275원 적립",,,,,
가니쉬 채소 모음,,,,,
"유기농마루 무가당 제주귀리두유, 190ml, 24개 20%26,000원 20,800원 (100ml당 456원) 내일(일) 도착 보장 새 상품, 반품-미개봉 (2) 최저19,760원 5 (2353) 최대 1,040원 적립",,,,,
"무료배송 맛통령 국내산 시금치, 1개, 2kg 쿠폰할인65%49,900원 16,970원 (100g당 849원) 2/11(수) 도착 예정 4 (1067) 최대 849원 적립",,,,,
"무료배송 셀렉트5종믹스 1kg, 1개 34%15,000원 9,900원 (100g당 990원) 2/10(화) 도착 예정 5 (19) 최대 495원 적립",,,,,
[태우한우] 1+ 한우 포터 하우스 스테이크 800g (냉장),,,,,
[마켓오] 브라우니 제주말차 240g,,,,,
구이용 모둠 버섯 200g,,,,,
[디어퀸] 이너뷰티&콜라겐 샷 (7일분),,,,,
[제주마미] 봄내음 유채나물 200g X 2입,,,,,
[모현상회] 국산 오징어초무침 (냉장),,,,,
[라빈리커픽업][신년 특가] 마르케시 안티노리 까스텔로 델라 살라 체르바로 23 (와인),,,,,
[삼호] 오뎅한그릇 시원한맛 360g,,,,,
[상하키친] 정통카레 3종 (3입),,,,,
"광동제약 돼지감자차, 500ml, 24개 19%25,800원 20,790원 (100ml당 173원) 내일(일) 도착 보장 5 (27062) 최대 1,040원 적립",,,,,
[티어스] 쌍화차 다크 (20g X 12개),,,,,
[애슐리] 크런치즈엣지 포테이토피자 495g,,,,,
[센트룸] 멀티비타민 우먼 더블업 (50일분),,,,,
"무료배송 바다의품격 통영 산지직송 최상급 세척 깐 생굴1kg, 1개 할인35%18,000원 11,610원 (100g당 1,161원) 2/10(화) 도착 예정 4.5 (723) 최대 580원 적립",,,,,
"무료배송 맛을그리다 믹스너트 베리너츠 1kg, 1개 4%20,800원 19,800원 (100g당 1,980원) 2/10(화) 도착 예정 4.5 (925) 최대 990원 적립",,,,,
[도드람한돈] 오겹살 구이용 500g (냉장),,,,,
[흑백요리사] 술 빚는 윤주모셰프 육개장,,,,,
[정관장] 화애락 와이즈미 (30일분),,,,,
[하인즈] 토마토 케찹 650g,,,,,
[유기샘] 아몬드 바삭대추 70g,,,,,
[상하] 더블업 체다 슬라이스 10매입,,,,,
[오쏘몰] 이뮨 멀티비타민&미네랄 7개입 x 2박스 (14일분) (임박특가+쇼핑백증정),,,,,
"패밀리 구이용 모둠버섯, 400g, 1개 3,220원 (100g당 805원) 내일(일) 새벽 도착 보장 5 (2697) 최대 161원 적립",,,,,
"무료배송 저온으로 구워 딱딱하지 않은 통통한 숏다리 오다리, 1개, 200g 23%13,000원 9,890원 (10g당 495원) 2/10(화) 도착 예정 새 상품, 박스 훼손 (3) 최저9,840원 4.5 (192) 최대 495원 적립",,,,,
"제주 콜라비, 2개입, 1개 3,980원 (1개당 1,990원) 내일(일) 새벽 도착 보장 4.5 (4560) 최대 199원 적립",,,,,
백진주 쌀 4kg,,,,,
[오뚜기]컵누들 짬뽕맛 컵 38.2g*6입,,,,,
[자연공유] 스위트 단백질이답이다(6개입),,,,,
"풀무원 찬마루 오이지, 500g, 1개 5,880원 (10g당 118원) 내일(일) 새벽 도착 보장 4.5 (13362) 최대 294원 적립",,,,,
[바오담] 무화과 꿀 와인 조림 250g,,,,,
"수원축산농협 한우 1+등급 장조림용 (냉장), 300g, 1팩 17%16,140원 13,260원 (100g당 4,420원) 내일(일) 새벽 도착 보장 4.5 (1072) 최대 663원 적립",,,,,
"덴마크 후레쉬 보코치니, 125g, 1개, 1개입 3,980원 (10g당 318원) 내일(일) 새벽 도착 보장 5 (1541) 최대 174원 적립",,,,,
[벨지오이오소] 모짜렐라 펄 226g,,,,,
[어니스트그릭] 그릭요거트 딸기 100g,,,,,
[CJ] 바이오코어 혈당케어 유산균 (30일분),,,,,
[종근당건강] 락토핏 코어 유산균 선물세트 (180일분),,,,,
[전통주] 추성고을 대잎술 (12도 300mL),,,,,
[요플레] 그릭 마일드 (180g X 2입),,,,,
"대한농산 찰흑미, 1kg, 1개 할인10%5,980원 5,380원 (100g당 538원) 내일(일) 도착 보장 4.5 (2781) 최대 269원 적립",,,,,
[메리루스] 액상 멀티비타민 미네랄 나이트 2개입 (64일분) 세트,,,,,
[팔도] 틈새라면 5입,,,,,
"핫식스 더킹 퍼플 그레이프, 355ml, 24개 19,620원 (100ml당 230원) 내일(일) 도착 보장 5 (6643) 최대 981원 적립",,,,,
"일리 인텐소 볼드 로스트 스틱 원두 커피 레귤러, 1.6g, 30개입, 1개 10,350원 (10g당 2,156원) 내일(일) 도착 보장 5 (2815) 최대 518원 적립",,,,,
"곰곰 베트남 고운 고춧가루 매운맛, 100g, 1개 29%5,900원 4,140원 (100g당 4,140원) 내일(일) 도착 보장 5 (800) 최대 207원 적립",,,,,
"목우촌 국내산 소고기 치마 (냉장), 200g, 1개 25,150원 (100g당 12,575원) 1,610원 와우 가입 쿠폰 내일(일) 새벽 도착 보장 4.5 (6271) 최대 1,177원 적립",,,,,
"다시다 쇠고기, 300g, 1개 11%8,880원 7,900원 (100g당 2,633원) 내일(일) 새벽 도착 보장 5 (1415) 최대 395원 적립",,,,,
"농협 2025년산 햅쌀 신동진, 상등급, 10kg, 1개 37,900원 (100g당 379원) 내일(일) 도착 보장 4.5 (46541) 최대 1,895원 적립",,,,,
[남도우애] 무항생제 1++ 한우 꽃등심 200g (냉장),,,,,
[에치와이] 제주 당근 드링크 요거트 500mL,,,,,
[진실된손맛] 모둠나물 진실 3종(고사리&도라지&취나물),,,,,
[한국맥꾸룸] 맥된장 2종,,,,,
[26년 설] [CU 픽업] 시바스리갈18년700,,,,,
친환경 참송이 버섯 120g,,,,,
[법성포참맛] 더 커진 프리미엄 영광굴비 110g (냉동),,,,,
[광동생활건강] 비타500 스틱 (70일분),,,,,
[밀키요] 보틀&콩포트 요거트 블루베리 130g,,,,,
[달롤] 글루텐프리 녹차 롤케이크 2종 (택1),,,,,
[6다이닝] 이베리코 악어살 구이용 250g,,,,,
"곰표 부드럽고 촉촉한 핫케잌가루, 1kg, 2개 7,800원 (100g당 390원) 내일(일) 도착 보장 5 (8334) 최대 390원 적립",,,,,
[존쿡 델리미트] 모타델라 100g,,,,,
"프렌치카페 카페믹스 스테비아, 10.3g, 100개입, 1개 12%29,900원 26,140원 (10g당 254원) 내일(일) 새벽 도착 보장 5 (3515) 최대 1,307원 적립",,,,,
[세리박스] 세리컷 스타터 블루밍 (28일분),,,,,
"웅진빅토리아 복숭아 탄산음료, 500ml, 20개 40%20,000원 11,900원 (100ml당 119원) 내일(일) 도착 보장 5 (24728) 최대 595원 적립",,,,,
"오징어 땅콩, 30g, 22개 10,500원 (10g당 159원) 내일(일) 도착 보장 4.5 (83222) 최대 525원 적립",,,,,
[매일] 어메이징 오트 언스위트 (190mL X 24개),,,,,
캠핑 바베큐 마쉬멜로우 세트 150g,,,,,
[청숨] 통째로 갈아만든 매실,,,,,
"무료배송 신정푸드 패션후르츠퓨레1kg, 1kg, 2개 17,480원 (10g당 87원) 2/10(화) 도착 예정 5 (5535) 최대 874원 적립",,,,,
"곰곰 대추방울토마토, 1kg, 3개 18,940원 (100g당 631원) 내일(일) 새벽 도착 보장 4.5 (344418) 최대 947원 적립",,,,,
"남해 시금치, 350g, 1봉 4,990원 (100g당 1,426원) 내일(일) 새벽 도착 보장 4.5 (46439) 최대 250원 적립",,,,,
[정관장] 천녹 그로잉 30포,,,,,
"동원 델리햄 김밥용, 150g, 1개 18%2,980원 2,440원 (100g당 1,627원) 내일(일) 새벽 도착 보장 5 (9236) 최대 122원 적립",,,,,
"어바웃네이처 데일리 유기농 컬리케일 100 30포, 30g, 1개 44%16,000원 8,900원 (10g당 2,967원) 내일(일) 도착 보장 5 (87) 최대 396원 적립",,,,,
"농심 신 라면, 40개 29,810원 (1개당 745원) 내일(일) 새벽 도착 보장 5 (6969) 최대 1,490원 적립",,,,,
[마음이가] 쑥 현미 가래떡 500g (개별 포장),,,,,
[라빈리커픽업][설 2본 선물] 안티갈 set (와인),,,,,
[삼양] 불닭볶음탕면 4입,,,,,
캠핑 요리 재료 골라담기 7종,,,,,
"오뚜기 1/2 하프 케챂, 280g, 2개 7%4,160원 3,850원 (100g당 688원) 내일(일) 도착 보장 5 (8356) 최대 193원 적립",,,,,
"투데이넛 너트한줌 프리미엄 견과 선물세트 30개입 600g, 1세트 34%31,900원 20,920원 (1세트당 20,920원) 내일(일) 도착 보장 5 (34234) 최대 1,046원 적립",,,,,
냉동 트리플 베리 1kg (칠레산),,,,,
[제각각] 꽈리고추 300g,,,,,
"목우촌 국내산 소고기 다짐육 (냉장), 300g, 1개 21%15,990원 12,590원 (100g당 4,197원) 내일(일) 새벽 도착 보장 5 (1933) 최대 630원 적립",,,,,
"무료배송 신앙촌 본사직영 런 농후발효유, 120ml, 12개입 할인22%22,060원 17,190원 2/12(목) 도착 예정 5 (554) 최대 815원 적립",,,,,
[롯데칠성] 오트몬드 오리지날 (190mL X 24개),,,,,
[덴프스] 덴마크 유산균이야기 키즈 (30일분),,,,,
[닥터포이] 웰키커 비타민D 1000IU (90일분),,,,,
[CU 픽업] 누보몽드아이스비달,,,,,
[일상味소] 국내산 소고기 다짐육 200g (냉장),,,,,
"비비드키친 저칼로리 머스터드소스, 320g, 1개 8%4,100원 3,750원 (100g당 1,172원) 내일(일) 도착 보장 5 (4549) 최대 188원 적립",,,,,
"연세두유 무가당 국산약콩 99%, 190ml, 16개 22%17,900원 13,900원 (100ml당 457원) 내일(일) 도착 보장 새 상품, 반품-미개봉 (2) 최저13,200원 4.5 (2497) 최대 695원 적립",,,,,
[6다이닝] 이베리코 돈마호크 스테이크 250g,,,,,
"무료배송 [알부자집] 무항생제계란 왕란, 30구, 2개 22,300원 (1구당 372원) 2/10(화) 도착 예정 5 (1084) 최대 1,115원 적립",,,,,
[뉴트리코어] 식물성 멜라토닌함유 멜라바인 30정,,,,,
[꿀마실] 아카시아 야생화 스틱 선물세트 60포,,,,,
[차려낸] 불맛을 더한 강릉식 짬뽕순두부찌개,,,,,
[농협] 추억의 안흥찐빵 (50g X 10개),,,,,
"액티비아 병 화이트 플레인, 130ml, 8개입, 1개 8,480원 (10ml당 82원) 내일(일) 새벽 도착 보장 5 (5767) 최대 424원 적립",,,,,
"나랑드사이다 제로, 245ml, 18개 52%17,940원 8,550원 (100ml당 194원) 내일(일) 도착 보장 5 (192178) 최대 428원 적립",,,,,
[덴마크] 신선한 국산 원유로 만든 모짜렐라 피자치즈 280g,,,,,
"황소식품 쫄면 10인분 (냉동), 2kg, 1개 5,790원 (100g당 290원) 내일(일) 새벽 도착 보장 5 (921) 최대 290원 적립",,,,,
"불가리스 요거트 딸기 + 플레인 + 포도 + 복숭아, 85g, 10개입, 1세트 6,550원 (10g당 77원) 내일(일) 새벽 도착 보장 5 (100666) 최대 328원 적립",,,,,
"스타벅스 베란다 블렌드 분쇄원두, 에스프레소, 200g, 1개 13,140원 (10g당 657원) 내일(일) 도착 보장 4.5 (6064) 최대 657원 적립",,,,,
[종근당건강] 홍삼정스틱 (30일분),,,,,
"무료배송 맥시칸 하림 양념치킨 소스 오리지널, 320g, 1개 10%14,500원 13,000원 (100g당 4,063원) 2/12(목) 도착 예정 5 (671) 최대 650원 적립",,,,,
"서울우유치즈 체다 슬라이스 치즈, 18g, 15개입, 3개 13,210원 (10g당 163원) 내일(일) 새벽 도착 보장 5 (54140) 최대 660원 적립",,,,,
[콜린스 다이닝] 데미그라스 미트볼,,,,,
"파스퇴르 우유 100% 생크림, 1개, 250ml 3,950원 (10ml당 158원) 내일(일) 새벽 도착 보장 5 (81) 최대 198원 적립",,,,,
뉴오리진 이너플로라 유산균 트리플 선물세트 (90일분) (+쇼핑백 증정),,,,,
[홀베리] 유기농 바티칸 엑스트라버진 올리브유 스틱 (14포),,,,,
[제주맥주] 제주누보 프리미엄 논알콜 음료 2종 (택1),,,,,
"무료배송 [보성 골드키위] 고당도 보성 골든키위, 1박스, 보성 골드키위 1kg(8-14과) 할인69%22,900원 6,900원 (100g당 690원) 2/12(목) 도착 예정 3.5 (409) 최대 345원 적립",,,,,
"숲자연애 곤드레, 50g, 1개 4,430원 (100g당 8,860원) 내일(일) 도착 보장 4.5 (1843) 최대 221원 적립",,,,,
[집반찬연구소] 새콤달콤 오이 초무침,,,,,
"무료배송 국산콩 개량메주가루 1kg 메주가루 국내산 고추장용, 1개 12,580원 (100g당 1,258원) 2/10(화) 도착 예정 4.5 (604) 최대 629원 적립",,,,,
"꼬북칩 카라멜팝콘맛, 108g, 3개 5,940원 (10g당 183원) 내일(일) 도착 보장 5 (4799) 최대 297원 적립",,,,,
"햇반 흑미밥, 210g, 8개 29%15,680원 11,100원 (100g당 661원) 내일(일) 도착 보장 새 상품, 반품-미개봉 (13) 최저9,010원 5 (112650) 최대 555원 적립",,,,,
[뉴오리진] 이너플로라 이너플로라 크랜베리(30일분),,,,,
[타르틴베이커리] 올리브 푸가스 320g,,,,,
[스위트몬스터] 5가지 치즈로 만든 슈레드 800g,,,,,
"풀무원 김밥김 10p, 20g, 3개 15%11,340원 9,600원 (10g당 1,600원) 내일(일) 도착 보장 5 (4411) 최대 480원 적립",,,,,
[농심] 생생우동 용기 4입,,,,,
[낫띵베럴] 식후리턴 2종 500ml (호박팥차/자몽블랙티),,,,,
[26년 설] [CU 픽업] 추사애플와인,,,,,
[선물세트] 비첸향 슬라이스 세트,,,,,
[6다이닝] 베요타 이베리코 오마카세 선물세트 1kg,,,,,
"[햇곡] 국산 유기농 귀리, 1kg, 1개 25%16,000원 11,900원 (100g당 1,190원) 내일(일) 도착 보장 4.5 (1788) 최대 595원 적립",,,,,
[사조] 마일드참치 100g*4,,,,,
전골용 모둠 버섯 200g,,,,,
"올리타리아 엑스트라버진 올리브유 오일, 1L, 1개 45%48,900원 26,860원 (100ml당 2,686원) 내일(일) 새벽 도착 보장 5 (22183) 최대 1,343원 적립",,,,,
"델몬트 허니글로우 파인스틱 6입, 540g, 1팩 9%9,950원 8,990원 (100g당 1,665원) 내일(일) 새벽 도착 보장 5 (16709) 최대 450원 적립",,,,,
[아몬드브리즈] 뉴트리플러스 프로틴 (190mL X 24팩),,,,,
"청정원 클래식 돈카츠 소스, 1개, 250g 1,880원 (100g당 752원) 내일(일) 새벽 도착 보장 5 (315) 최대 94원 적립",,,,,
[발센] 픽업 미니스 초코 2종 (택1),,,,,
[제스트코] 캔샤베트 2종 (190mL X 3개) (택1),,,,,
[끌레르허니] 천연 꿀스틱 30포 (아카시아꿀 10포+야생화꿀 10포+밤꿀 10포),,,,,
"청우식품 쫀득초코칩, 240g, 4개 10,260원 (10g당 107원) 내일(일) 도착 보장 5 (21915) 최대 513원 적립",,,,,
[CJ] 만번치댄 사누끼 우동면(230g*5),,,,,
[백년밥상] 팔당식 통오징어 오삼 불고기,,,,,
[그릭오] 블루베리 그릭요거트 100g,,,,,
[CU 픽업] 글렌그란아보랄리스,,,,,
"대구농산 깐녹두, 1kg, 1개 63%18,900원 6,980원 (100g당 698원) 내일(일) 도착 보장 4.5 (3851) 최대 349원 적립",,,,,
[외계인방앗간] 버터 소금빵 (100g X 2개),,,,,
"무료배송 서울우유 동물성 생크림 500g, 500ml, 1개 7,650원 (10ml당 153원) 2/11(수) 도착 예정 4.5 (5099) 최대 383원 적립",,,,,
"제주사랑감귤사랑 음료, 1.5L, 12개 38%31,000원 19,200원 (100ml당 107원) 2/10(화) 도착 예정 5 (6951) 최대 960원 적립",,,,,
"SamKwang 생와사비 오로시, 100g, 1개 6,850원 (10g당 685원) 내일(일) 도착 보장 4.5 (4401) 최대 343원 적립",,,,,
[카스0.0] 논알콜 레몬 (330mL X 6캔),,,,,
[원조화심두부] 고기 순두부,,,,,
[전통주] 가평잣생막걸리 블랙 (6도 970mL),,,,,
"국내산 파채, 500g, 1개 5,690원 (100g당 1,138원) 내일(일) 새벽 도착 보장 4.5 (18323) 최대 285원 적립",,,,,
"백설 우리밀 핫케익믹스, 500g, 1개 19%4,180원 3,380원 (100g당 676원) 내일(일) 새벽 도착 보장 새 상품, 반품-미개봉 (2) 최저3,210원 5 (340) 최대 169원 적립",,,,,
[전통주]백운주가 광양 매실주 (13도 375mL),,,,,
"퀘이커 오트밀, 1.19kg, 1개 16,250원 (100g당 1,366원) 내일(일) 도착 보장 4.5 (4952) 최대 813원 적립",,,,,
[얼라이브] 베르베린 바나바 레스큐 (30일분),,,,,
"밀키스 제로, 300ml, 24개 20%21,480원 17,060원 (100ml당 237원) 내일(일) 도착 보장 5 (8855) 최대 853원 적립",,,,,
[무화당] 저당 당근케이크 500g,,,,,
[라빈리커픽업] 더 글렌 리벳 18년 (위스키),,,,,
[샘표] 매콤칼칼 샤브샤브 육수 200g,,,,,
[블루보틀] 블렌드 원두 250g 4종 (택1),,,,,
[뉴트리원] 비비랩 저분자 콜라겐 (80일분) (쇼핑백 별도구매),,,,,
[빈브라더스] 토스트 콜드브루 300mL,,,,,
[CJ] 가쓰오우동 4인분,,,,,
"이홈베이킹 아몬드 분말, 1kg, 1개 15,400원 (100g당 1,540원) 내일(일) 새벽 도착 보장 5 (1268) 최대 770원 적립",,,,,
"다시다 쇠고기, 500g, 1개 11%13,950원 12,400원 (100g당 2,480원) 내일(일) 새벽 도착 보장 5 (2040) 최대 620원 적립",,,,,
[CU 픽업] 프레스코 레몰레 로쏘,,,,,
[CU 픽업] 비비앤알몰트피트,,,,,
[저스트그린] 유러피안 루꼴라 믹스 100g,,,,,
"A180 최고등급 사이즈 오리지넛 프리미엄 베트남 구운 껍질 캐슈넛, 2개, 500g 할인41%43,900원 25,900원 (100g당 2,590원) 내일(일) 도착 보장 4.5 (913) 최대 1,295원 적립",,,,,
[로우슈가랩] 저당 MCT 방탄커피 파우더 스틱 (10g X 10개),,,,,
[대상웰라이프] 뉴케어 당플랜 검은깨맛 200mL (24일분),,,,,
유기농 귀리 1.8kg,,,,,
"곰곰 100% 국산콩 순두부, 400g, 1개 1,440원 (100g당 360원) 내일(일) 새벽 도착 보장 5 (19240) 최대 72원 적립",,,,,
"청정원 맛있는 밥 엔 야채 후리가케, 24g, 3개 14%6,870원 5,900원 (100g당 8,194원) 내일(일) 도착 보장 5 (6968) 최대 295원 적립",,,,,
[아라찬] 프리미엄 날치알 2종 (냉동) (택1),,,,,
"국내산 참나물, 130g, 1개 2,830원 (100g당 2,177원) 내일(일) 새벽 도착 보장 5 (31678) 최대 141원 적립",,,,,
[홍신애] 평양온면,,,,,
"비비고 육개장, 500g, 2개 쿠폰할인44%11,960원 6,600원 (100g당 660원) 내일(일) 새벽 도착 보장 4.5 (624) 최대 330원 적립",,,,,
"백년미소 국내산 소고기 정육세절 2등급 국거리용 (냉장), 200g, 1팩 46%13,030원 6,990원 (100g당 3,495원) 내일(일) 새벽 도착 보장 5 (1892) 최대 350원 적립",,,,,
[커피빈] 헤이즐넛 라떼 파우치 (190mL X 10개),,,,,
[방방곡곡] 비빔국수 키트 (2인분),,,,,
"페이장브르통 빼띠 가염버터, 200g, 1개 9,900원 (100g당 4,950원) 내일(일) 새벽 도착 보장 5 (8818) 최대 495원 적립",,,,,
"석하 곱게깎은 가다랑어 가쓰오부시, 90g, 1개 8,900원 (100g당 9,889원) 내일(일) 도착 보장 5 (13331) 최대 431원 적립",,,,,
[전통주] 프리미엄 지평탁주 (12도 750mL),,,,,
[전통주] 도원결의 담금주 (무감미 쌀증류원액) (30도  3600mL*4),,,,,
[삼립] 말차우유크림호빵 95gX3개입,,,,,
"양반 들기름 도시락김, 4.5g, 24개 34%14,800원 9,660원 (10g당 894원) 내일(일) 도착 보장 5 (122134) 최대 483원 적립",,,,,
[한성] 와일드 크래미 (2개입),,,,,
[성경김 X 한화이글스] 오늘은이김 김자반 70g,,,,,
친환경 남해 시금치 200g,,,,,
[CU 픽업] 데이비스 카쇼 피니시,,,,,
[전통주] 경탁주 12도 (500mL*4),,,,,
[오틀리] 식물성 귀리음료 1L 3종 (택1),,,,,
[덴마크] 하이그릭요거트 400g,,,,,
[마음이가] 약밥 (40g X 8개),,,,,
[고메] 크리스피 너겟,,,,,
"하우하우 매운육수베이스, 600g, 1개 7,900원 (10g당 132원) 내일(일) 도착 보장 5 (1022) 최대 395원 적립",,,,,
[오뚜기] 오뚜기카레 분말 3종 (택1),,,,,
