product_name,category_large,category_medium,item_type,grocery_item_name,brand_name
"惫郴魂 扼柯 固聪 颇橇府墨, 200g, 1俺 3,910盔 (100g寸 1,955盔) 郴老(老) 货寒 档馒 焊厘 5 (11261) 弥措 195盔 利赋",盲家/邦拱幅,盲家,RAW_PRODUCE,颇橇府墨,扼柯
[农扼款] 能瘏 焙苛荐荐咐 148g,埃侥幅,苞磊/胶臣,SNACK,能瘏,农扼款
[颇胶虐俊] 混备鸥福飘 720g,埃侥幅,叼历飘/纳捞农,BAKERY,鸥福飘,颇胶虐俊
[钙矫沫] 农府胶乔 摹挪 2辆 (家胶 器窃)(琶1),埃祈侥,趁悼侥前,FROZEN_MEAL,趁悼 摹挪,钙矫沫
[官箕目乔] 颇牢 敲饭捞滚 目乔 靛赋归 12g X 12俺涝 10辆(琶1),澜丰,目乔/瞒,BEVERAGE,目乔,官箕目乔
[辫备盔急积] 傈烹 滴何 2俺涝,盲家/邦拱幅,尼/滴何,SIMPLE_PROCESSED,滴何,辫备盔急积
[奶肺弊] 能仟肺胶飘 矫府倔官 (35g*4俺涝),埃侥幅,苞磊/胶臣,SNACK,矫府倔官,奶肺弊
[窍覆] 趁厘 催啊娇混 4辆 (3俺涝),腊幅/拌鄂,催绊扁,RAW_MEAT,催啊娇混,窍覆
[困聪厚聪] 货霓 荤快绢 俩府 5辆 榜扼淬扁 (琶1),埃侥幅,檬妮复/荤帕,SNACK,俩府,困聪厚聪
[26斥 汲] [CU 侨诀] 粗墨橇芬歹硅凡,贱,扁鸥 林幅,ALCOHOL,困胶虐,
[脚荤悼 器畴 何坷畴] 洒电 玫犁狼 浆覆橇 官龙 坷老 颇胶鸥,埃祈侥,剐虐飘,RTC_MEAL,剐虐飘,脚荤悼 器畴 何坷畴
[26斥 汲] [CU 侨诀] 矾伎府历宏教臂硅凡,贱,扁鸥 林幅,ALCOHOL,困胶虐,
"讣篮拱俊 酒昏茄 尼唱拱, 3.5kg, 1冠胶 6,500盔 (100g寸 186盔) 郴老(老) 货寒 档馒 焊厘 4.5 (12967) 弥措 295盔 利赋",盲家/邦拱幅,盲家,RAW_PRODUCE,尼唱拱,讣篮拱俊
"吩单溃仟靛 伎泛记 歹 教臂 檬内 酒捞胶农覆 (趁悼), 50ml, 10俺涝, 1冠胶 11%8,000盔 7,060盔 (10ml寸 141盔) 郴老(老) 货寒 档馒 焊厘 5 (8559) 弥措 353盔 利赋",埃侥幅,叼历飘/纳捞农,BAKERY,酒捞胶农覆,吩单
鳖抛唱 磊颇鸥 救俩府墨 磊颇鸥 鳖海福匙家厚川,贱,客牢,ALCOHOL,饭靛 客牢,
[26斥 汲] [CU 侨诀] 炼聪况目喉风500技飘,贱,扁鸥 林幅,ALCOHOL,困胶虐,炼聪况目
"蜡扁丑 坷捞 2俺涝, 1蒲 4,990盔 (1俺寸 2,495盔) 郴老(老) 货寒 档馒 焊厘 4.5 (587) 弥措 250盔 利赋",盲家/邦拱幅,盲家,RAW_PRODUCE,坷捞,
[棵啊] 快府剐 烹窜葡 龋户 (90g X 4俺),埃侥幅,户幅,BAKERY,龋户,棵啊
[绊皋傍规] 快府剐肺 父电 孺固龋侗 (50g X 10俺),埃侥幅,叼历飘/纳捞农,BAKERY,龋侗,绊皋傍规
"惫郴魂 秒没坷捞, 3涝, 1俺 4,290盔 (1俺寸 1,430盔) 郴老(老) 货寒 档馒 焊厘 4.5 (50371) 弥措 215盔 利赋",盲家/邦拱幅,盲家,RAW_PRODUCE,坷捞,
[Kurly's] 悼拱汗瘤 催 酒阀朝俺 (喇) 500g,腊幅/拌鄂,催绊扁,RAW_MEAT,催朝俺,Kurly's
"窍捞飘柳肺 喉发焊府 澜丰, 340ml, 20俺 13,990盔 (100ml寸 206盔) 郴老(老) 档馒 焊厘 5 (95301) 弥措 700盔 利赋",澜丰,目乔/瞒,BEVERAGE,焊府瞒,窍捞飘柳肺
[措惑溃扼捞橇] 付捞剐 茄涝斤斤 橇肺凭官 15涝,埃侥幅,苞磊/胶臣,SNACK,橇肺凭官,措惑溃扼捞橇
[厚崔] 坷记 俩府 32俺涝,埃侥幅,檬妮复/荤帕,SNACK,俩府,厚崔
[棵啊] 惫魂 烹剐 农府胶乔 农贰目 3辆 (琶1),埃侥幅,苞磊/胶臣,SNACK,农贰目,棵啊
[25-26 寝棵府宏][捞府酒促] 倔府 窍海胶飘 竣胶飘扼 滚柳 坷老 500mL,炼固丰,侥侩蜡/扁抚,SAUCE_SEASONING,棵府宏坷老,捞府酒促
[窍府焊] 固聪胶 俩府 5辆 (琶1) (俺喊器厘),埃侥幅,檬妮复/荤帕,SNACK,俩府,窍府焊
[付沥扁抚笼] 100% 烹柄 寝曼扁抚 2辆 (琶1),炼固丰,侥侩蜡/扁抚,SAUCE_SEASONING,曼扁抚,付沥扁抚笼
[橇肺凭敲矾胶橇肺璃飘] 橇肺凭 纳捞农 6辆 (琶1),埃侥幅,叼历飘/纳捞农,BAKERY,橇肺凭 纳捞农,橇肺凭 敲矾胶 橇肺璃飘
[26斥 汲] [CU 侨诀] 炼聪况目喉风750ml,贱,扁鸥 林幅,ALCOHOL,困胶虐,炼聪况目
[CU 侨诀] 扁盔硅摹7 CS 700ml,贱,扁鸥 林幅,ALCOHOL,困胶虐,
[剐扼] 付胶墨器匙 摹令 250g,蜡力前,摹令,DAIRY,摹令,剐扼
[林傈何府付南] 傈林啊钙 官昏茄 冈怕盲 40g (家胶刘沥),荐魂拱,戈摹/扒绢拱,DRIED_SEAFOOD,冈怕,林傈何府付南
"器农闺府 殿哎厚 买侩 / 备捞侩 (趁厘), 1kg, 1俺 16%34,000盔 28,490盔 (100g寸 2,849盔) 郴老(老) 货寒 档馒 焊厘 5 (18853) 弥措 1,425盔 利赋",腊幅/拌鄂,蹬瘤绊扁,RAW_MEAT,殿哎厚,器农骇府
[搁荤尔] 炼珐捞侗 500g (瘤欺归),埃侥幅,侗,SNACK,炼珐捞侗,搁荤尔
"剖俊捞飘 颇盲 120g + 公魔家胶 30g 技飘, 150g, 1技飘 2,490盔 (100g寸 1,660盔) 郴老(老) 货寒 档馒 焊厘 5 (775) 弥措 125盔 利赋",盲家/邦拱幅,盲家,RAW_PRODUCE,颇盲,剖俊捞飘
固聪坷捞 5涝,盲家/邦拱幅,盲家,RAW_PRODUCE,坷捞,
"磅钎 冠仿 剐啊风, 2.5kg, 2俺 8,200盔 (10g寸 16盔) 郴老(老) 档馒 焊厘 5 (18370) 弥措 410盔 利赋",炼固丰,啊风盒富,SAUCE_SEASONING,剐啊风,磅钎
[付澜捞啊] 快府揭 炼珐捞侗 500g,埃侥幅,侗,SNACK,炼珐捞侗,付澜捞啊
[倾浆] 官唱唱侵檬内 盔呐 (30g X 4俺),蜡力前,快蜡/滴蜡,DAIRY,檬内快蜡,倾浆
"坷堆扁 烤朝 炼没 揭砍, 1.2kg, 1俺 5,670盔 (100g寸 473盔) 郴老(老) 货寒 档馒 焊厘 5 (1998) 弥措 284盔 利赋",炼固丰,剧充/家胶,SAUCE_SEASONING,炼没,坷堆扁
[辆啊] 咐辫摹 900g,埃祈侥,馆蛮幅,SIMPLE_PROCESSED,硅眠辫摹,辆啊
[基钎] 鉴累 快府酒捞 霉 累滴尼瞒 (2g X 15俺),澜丰,目乔/瞒,BEVERAGE,累滴尼瞒,基钎
[BBQ] 坷红备捞 催促府混 (倾宏贾飘) 300g,埃祈侥,趁悼侥前,FROZEN_MEAL,趁悼 摹挪,BBQ
[歹敲罚] 格访 绢宫 快悼 3辆 (1牢盒/2牢盒)(琶1),荐魂拱,绢腊啊傍侥前,SIMPLE_PROCESSED,绢宫,歹敲罚
[CU 侨诀] 促墨扼 坷虐唱客 颇牢局敲,贱,扁鸥 林幅,ALCOHOL,府钮福,
"坷堆扁 佩佩佩 柳扼搁 胶平 概款咐 10p, 50g, 3俺 10%10,140盔 9,050盔 (100g寸 6,033盔) 郴老(老) 档馒 焊厘 4.5 (115) 弥措 453盔 利赋",埃侥幅,苞磊/胶臣,SNACK,柳扼搁 胶平,坷堆扁
"MYCHEF 愁何 何措骂俺 剐虐飘 2牢盒, 582g, 1俺 14,900盔 (100g寸 2,560盔) 郴老(老) 货寒 档馒 焊厘 4.5 (10730) 弥措 745盔 利赋",埃祈侥,剐虐飘,RTC_MEAL,剐虐飘,MYCHEF
[KF365] 龋林魂 家绊扁 何盲混 胶抛捞农 300g(趁厘),腊幅/拌鄂,家绊扁,RAW_MEAT,何盲混,KF365
"丑缴 穿奉瘤扑, 142g, 6俺 14,640盔 (10g寸 172盔) 郴老(老) 档馒 焊厘 5 (22983) 弥措 732盔 利赋",埃侥幅,苞磊/胶臣,SNACK,穿奉瘤,丑缴
[钱公盔] 惫魂尼 荐力滴何,盲家/邦拱幅,尼/滴何,SIMPLE_PROCESSED,滴何,钱公盔
"钱公盔磊楷扒搁 肺胶泼 辑匡 楼厘 99g, 4俺 且牢24%5,450盔 4,140盔 (1俺寸 1,035盔) 郴老(老) 货寒 档馒 焊厘 4.5 (151) 弥措 207盔 利赋",埃祈侥,扼搁,INSTANT,肺胶泼 辑匡 楼厘,钱公盔
"脚急窃阑 弊措肺 郡肺快雇胶 圾矾靛, 80g, 5蒲 11,900盔 (100g寸 2,975盔) 郴老(老) 货寒 档馒 焊厘 4.5 (22866) 弥措 534盔 利赋",埃祈侥,圾矾靛蒲,RTC_MEAL,圾矾靛,
"模券版 惫郴魂 曝捞滚几, 360g, 2俺 2,010盔 (100g寸 279盔) 郴老(老) 货寒 档馒 焊厘 5 (12738) 弥措 100盔 利赋",盲家/邦拱幅,滚几,RAW_PRODUCE,曝捞滚几,
[溅仟靛] 宫篮瘤 曼摹 辫逛,埃祈侥,溜籍逛,INSTANT,溜籍 辫逛,溅仟靛
"坷鸥饶捻 胶矫胶 檬逛侩 侥檬, 500ml, 1俺 6,260盔 (10ml寸 125盔) 郴老(老) 档馒 焊厘 货 惑前, 馆前-固俺豪 (19) 弥历5,940盔 5 (5192) 弥措 313盔 利赋",炼固丰,剧充/家胶,SAUCE_SEASONING,侥檬,坷鸥饶捻 胶矫胶
"目乔后 酒皋府墨畴, 1L, 1俺 3,510盔 (100ml寸 351盔) 郴老(老) 货寒 档馒 焊厘 5 (4666) 弥措 175盔 利赋",澜丰,目乔/瞒,BEVERAGE,目乔,目乔后
[窍捞器农] 历藕家 牢刘 茄捣 格混 备捞侩 500g (趁厘),腊幅/拌鄂,蹬瘤绊扁,RAW_MEAT,蹬瘤 格混,窍捞器农
[矩叼胶] 配乔 农繁摹 檬妮复 132g,埃侥幅,檬妮复/荤帕,SNACK,檬妮复,矩叼胶
"没沥盔 炼没揭砍, 700g, 1俺 3,970盔 (100g寸 567盔) 郴老(老) 档馒 焊厘 5 (8761) 弥措 199盔 利赋",炼固丰,剧充/家胶,SAUCE_SEASONING,炼没,没沥盔
"林老 肯档 疙前 磊弗促矫付, 1俺, 100g 3,480盔 (100g寸 3,480盔) 郴老(老) 货寒 档馒 焊厘 5 (5892) 弥措 174盔 利赋",荐魂拱,固开/促矫付,DRIED_SEAFOOD,促矫付,林老 肯档
[快坷啊矫] 刮拱 剧充厘绢,埃祈侥,剐虐飘,RTC_MEAL,剐虐飘,快坷啊矫
"惫郴魂 海捞厚 宏肺妮府, 150g, 2俺 7,740盔 (100g寸 2,580盔) 郴老(老) 货寒 档馒 焊厘 4.5 (1406) 弥措 387盔 利赋",盲家/邦拱幅,盲家,RAW_PRODUCE,宏肺妮府,
"概老快蜡 坷府瘤澄, 900ml, 2俺 5,720盔 (100ml寸 318盔) 郴老(老) 货寒 档馒 焊厘 5 (239437) 弥措 286盔 利赋",蜡力前,快蜡/滴蜡,DAIRY,快蜡,概老
"巢剧蜡诀 快蜡 惦灰 檬内俊根, 6俺, 200ml 9,240盔 (100ml寸 770盔) 郴老(老) 货寒 档馒 焊厘 5 (460) 弥措 462盔 利赋",蜡力前,快蜡/滴蜡,DAIRY,檬内快蜡,巢剧
模券版 GAP 伙祸 蠢鸥府滚几 1蒲,盲家/邦拱幅,滚几,RAW_PRODUCE,蠢鸥府滚几,
[秦怕] 备款皑磊 浇覆 240g,埃侥幅,苞磊/胶臣,SNACK,备款皑磊,秦怕
[宏饭错内] 倔弊饭捞纳捞农 440g,埃侥幅,叼历飘/纳捞农,BAKERY,纳捞农,宏饭错内
"吝居揪仟靛 惫魂 见奔 (趁悼), 350g, 1俺 5,990盔 (100g寸 1,711盔) 郴老(老) 货寒 档馒 焊厘 4.5 (3873) 弥措 300盔 利赋",荐魂拱,炼俺/傈汗,RAW_SEAFOOD,奔,吝居揪仟靛
[棵府] 100% 皋剐搁 4涝锅甸,盲家/邦拱幅,搁幅,GRAIN,皋剐搁,棵府
[概老] 官捞坷 靛傅欧 夸备福飘 3辆 (250mL X 4俺) (琶1),蜡力前,夸芭飘,DAIRY,夸备福飘,概老
[荐魂镑埃] 惫魂 坷隆绢 钙馆籍备捞,埃侥幅,苞磊/胶臣,SNACK,坷隆绢 备捞,荐魂镑埃
[矫风炼酒] 归汲扁 2辆(琶1),埃侥幅,侗,SNACK,归汲扁,矫风炼酒
[磊楷淬篮] 肯滴尼 1kg,盲家/邦拱幅,尼/滴何,SIMPLE_PROCESSED,肯滴尼,磊楷淬篮
[官坷淬] 荐力 葡居陛 200g,炼固丰,剧充/家胶,SAUCE_SEASONING,葡居陛,官坷淬
[单福哆] 倾浆 檬内欺瘤 付甸坊&戎扯矫俊 2辆 (琶1),埃侥幅,户幅,BAKERY,戎扯矫俊,单福哆
[颇宏府 嘉橇] 货快 饭阁 农覆 颇胶鸥,荐魂拱,货快/霸,RAW_SEAFOOD,货快,颇宏府 嘉橇
[倾宏&胶颇捞胶付南] 付疵盒怕 (付疵弊贰醇)45g,炼固丰,啊风盒富,SAUCE_SEASONING,哎腐颇快歹,倾宏&胶颇捞胶付南
[柳啊匙馆蛮] 固开临扁 汉澜,埃祈侥,馆蛮幅,SIMPLE_PROCESSED,固开临扁 汉澜,柳啊匙馆蛮
[海瘤剐] 崔霓茄 B 八篮尼 滴蜡 (190mL X 24俺),蜡力前,快蜡/滴蜡,DAIRY,滴蜡,海瘤剐
"哎酒父电硅 历漠肺府, 340ml, 24俺 34%19,800盔 12,880盔 (100ml寸 158盔) 郴老(老) 档馒 焊厘 5 (1922) 弥措 644盔 利赋",澜丰,林胶,BEVERAGE,哎酒父电 硅,秦怕
[悼盔] 吊级 何眠芒戚 (390gX2豪),埃祈侥,趁悼侥前,FROZEN_MEAL,趁悼 父滴,悼盔
[黎胶倾聪] MGO 83+葛畴敲肺饿 付穿墨曹 饭阁咐 2辆 (琶1) (碱俏归 喊档备概),炼固丰,剧充/家胶,SAUCE_SEASONING,曹,黎胶倾聪
"赣芭夯 汉澜顶尼, 300g, 3俺 11,870盔 (100g寸 1,319盔) 郴老(老) 货寒 档馒 焊厘 5 (809) 弥措 594盔 利赋",埃侥幅,苞磊/胶臣,SNACK,汉澜顶尼,赣芭夯
"档靛恩茄捣 公亲积力 牢刘 固冠 缔促府 阂绊扁侩 (趁厘), 1俺, 500g 7,800盔 (100g寸 1,560盔) 郴老(老) 货寒 档馒 焊厘 4.5 (140) 弥措 390盔 利赋",腊幅/拌鄂,家绊扁,RAW_MEAT,阂绊扁,档靛恩茄捣
[固磊攫聪匙] 矫榜滴何炼覆,埃祈侥,饭飘肺飘,RTC_MEAL,饭飘肺飘,固磊攫聪匙
"汲帕措脚 舅逢肺胶 皋捞敲 矫反, 525g, 1俺 22%9,980盔 7,750盔 (100g寸 1,476盔) 郴老(老) 档馒 焊厘 5 (70) 弥措 349盔 利赋",炼固丰,剧充/家胶,SAUCE_SEASONING,皋捞敲 矫反,
坷捞咐绊眠 150g,盲家/邦拱幅,盲家,RAW_PRODUCE,坷捞绊眠,
"绊家茄 郴厘 茄涝 烹买侩 坷隆绢 4~7俺涝 (趁悼), 500g, 1俺 9,500盔 (100g寸 1,900盔) 郴老(老) 货寒 档馒 焊厘 4.5 (450) 弥措 425盔 利赋",荐魂拱,坷隆绢/巩绢,RAW_SEAFOOD,坷隆绢,
[格快锰格厘] 惫郴魂 家绊扁 救缴 200g,腊幅/拌鄂,家绊扁,RAW_MEAT,家 救缴,格快锰格厘
"秦钎 荤苞侥檬, 1.8L, 1俺 24%4,740盔 3,570盔 (10ml寸 20盔) 郴老(老) 档馒 焊厘 5 (1790) 弥措 179盔 利赋",炼固丰,剧充/家胶,SAUCE_SEASONING,侥檬,秦钎
"寝馆 胶圃 辫摹 林冈逛 (趁悼), 500g, 1俺 11%8,980盔 7,980盔 (100g寸 1,596盔) 郴老(老) 货寒 档馒 焊厘 5 (2955) 弥措 399盔 利赋",埃祈侥,溜籍逛,INSTANT,溜籍 林冈逛,寝馆
[惑窍摹令] 府内鸥摹令 150g,蜡力前,摹令,DAIRY,府内鸥 摹令,惑窍摹令
"父傈辫 蜡扁啊傍侥前 牢刘 且酒滚瘤啊 父电 辫, 56g, 1俺 10,590盔 (10g寸 1,891盔) 郴老(老) 档馒 焊厘 5 (2097) 弥措 530盔 利赋",惑柯侥前,辫/磊馆,DRIED_SEAFOOD,辫,父傈辫
[CU 侨诀] 叼墨捞欺官唱唱,贱,扁鸥 林幅,ALCOHOL,府钮福,
[版林玫斥茄快] 1++ 茄快 阂绊扁侩 200g (趁厘),腊幅/拌鄂,家绊扁,RAW_MEAT,阂绊扁,版林玫斥茄快
[柯窍风] 傈烹 疙例 惑瞒覆 技飘 (3~4牢)(抗距老 荐飞),埃祈侥,馆蛮幅,SIMPLE_PROCESSED,疙例 惑瞒覆,柯窍风
[固磊攫聪匙] 炔怕磅帕,埃祈侥,饭飘肺飘,RTC_MEAL,饭飘肺飘,固磊攫聪匙
"老府 努贰侥 肺胶飘 叼墨其牢 固聪 盔滴目乔胶平, 1g, 30俺涝, 2俺 14,100盔 (10g寸 2,350盔) 郴老(老) 档馒 焊厘 5 (7518) 弥措 705盔 利赋",澜丰,目乔/瞒,BEVERAGE,目乔啊风,老府
[宏饭错内] 饭牢焊快纳捞农 680g,埃侥幅,叼历飘/纳捞农,BAKERY,纳捞农,宏饭错内
[己瘤丑厘] 历藕家/悼拱汗瘤 牢刘 茄捣 亲沥混 300g (趁厘),腊幅/拌鄂,蹬瘤绊扁,RAW_MEAT,亲沥混,己瘤丑厘
"档靛恩茄捣 1殿鞭 殿缴 墨饭侩 (趁厘), 500g, 1俺 10,340盔 (100g寸 2,068盔) 郴老(老) 货寒 档馒 焊厘 5 (17399) 弥措 517盔 利赋",腊幅/拌鄂,蹬瘤绊扁,RAW_MEAT,蹬瘤 殿缴,档靛恩茄捣
[瘤府魂贸烦] 青汗茄 沥篮揪狼 寝曼扁抚 160mL,炼固丰,侥侩蜡/扁抚,SAUCE_SEASONING,曼扁抚,瘤府魂贸烦
"磊楷局蛮 悼拱汗瘤 公亲积力 蜡沥鄂, 15备, 1俺 7,990盔 (1备寸 533盔) 郴老(老) 货寒 档馒 焊厘 4.5 (35991) 弥措 400盔 利赋",腊幅/拌鄂,拌鄂,RAW_MEAT,拌鄂,磊楷局蛮
"[丑蛆] [25斥魂 寝邦] 碍盔 脚覆丑蛆 惫魂 利滴 (葡), 1俺 18%23,000盔 18,780盔 (100g寸 3,756盔) 郴老(老) 档馒 焊厘 货 惑前, 馆前-固俺豪 (2) 弥历15,980盔 4.5 (141) 弥措 799盔 利赋",盲家/邦拱幅,揭/棱邦,GRAIN,葡,丑蛆
[坷汲废] 官匆扼 倾聪 喉发萍 萍归 (1.5g X 20俺),澜丰,目乔/瞒,BEVERAGE,喉发萍,坷汲废
"龋快级 全尼 剐农萍, 350ml, 6俺 19%13,800盔 11,100盔 (100ml寸 529盔) 郴老(老) 档馒 焊厘 4.5 (1699) 弥措 527盔 利赋",蜡力前,快蜡/滴蜡,DAIRY,剐农萍,龋快级
[父配官] 厚焊 坷啊葱 竣胶飘扼滚柳 胶橇饭捞 200mL,炼固丰,侥侩蜡/扁抚,SAUCE_SEASONING,棵府宏坷老,父配官
[荐魂镑埃] 馆扒炼茄摹 70g,荐魂拱,坷隆绢/巩绢,RAW_SEAFOOD,茄摹,荐魂镑埃
[怕必寸] 葛唱墨 酒捞胶农覆 3辆 (60mL X 5俺) (琶1),埃侥幅,叼历飘/纳捞农,BAKERY,酒捞胶农覆,怕必寸
[虐配纳配] 捧捧钠 趋寸钠 舅颇CD CLA 局敲荤捞促厚聪芭 14器,炼固丰,剧充/家胶,SAUCE_SEASONING,局敲荤捞促厚聪芭,虐配纳配
[急拱技飘] 磊楷魂 空货快 技飘 1.3kg (漂),荐魂拱,货快/霸,RAW_SEAFOOD,货快,
"飘饭巧 目乔咐 牡叼, 500g, 1俺 7,440盔 (10g寸 149盔) 郴老(老) 档馒 焊厘 5 (36869) 弥措 372盔 利赋",埃侥幅,檬妮复/荤帕,SNACK,目乔荤帕,飘饭巧
"胶鸥棍胶 酒捞胶 酒皋府墨畴 母蕉目乔, 5.5g, 12俺涝, 1俺 7,990盔 (10g寸 1,211盔) 郴老(老) 档馒 焊厘 5 (8373) 弥措 400盔 利赋",澜丰,目乔/瞒,BEVERAGE,目乔母蕉,胶鸥棍胶
[急拱技飘] 巢档快局 公亲积力 1++ 茄快 橇府固决 葛狄技飘 1龋 (抗距老 荐飞),腊幅/拌鄂,家绊扁,RAW_MEAT,家绊扁 葛狄,巢档快局
[堡玫秦历辫] 楼瘤臼篮 辫 16豪,惑柯侥前,辫/磊馆,DRIED_SEAFOOD,辫,堡玫秦历辫
"模券版 茄尝 剧颇, 400g, 1俺 2,140盔 (100g寸 535盔) 郴老(老) 货寒 档馒 焊厘 5 (705) 弥措 107盔 利赋",盲家/邦拱幅,盲家,RAW_PRODUCE,剧颇,
[胶困摹柯] 坷鹤萍 鹤扁瞒 3辆(琶1),固殿废 墨抛绊府,扁鸥,UNKNOWN,扁鸥,胶困摹柯
"措备惑雀 擒橇揪靛, 500g, 1俺 33%8,980盔 5,980盔 (100g寸 1,196盔) 郴老(老) 档馒 焊厘 4.5 (2460) 弥措 299盔 利赋",盲家/邦拱幅,揭/棱邦,GRAIN,擒橇揪靛,措备惑雀
"秦蛮甸 历寸 接厘, 290g, 1俺 45%7,980盔 4,380盔 (100g寸 1,510盔) 郴老(老) 档馒 焊厘 5 (240) 弥措 219盔 利赋",炼固丰,剧充/家胶,SAUCE_SEASONING,接厘,秦蛮甸
"巢剧蜡诀 阂啊府胶 器档, 150ml, 4俺涝, 2俺 8,810盔 (10ml寸 73盔) 郴老(老) 货寒 档馒 焊厘 5 (15482) 弥措 440盔 利赋",蜡力前,夸芭飘,DAIRY,阂啊府胶,巢剧
[扼厚凝] 概霓 鳖福焊唱扼 侗汉捞,埃祈侥,剐虐飘,RTC_MEAL,剐虐飘,扼厚凝
[CU侨诀] 藕鸥墨藕矫家快皋酱,贱,扁鸥 林幅,ALCOHOL,荤纳,
"磅磅 咐贱 概角&积碍, 900ml, 1俺 31%4,120盔 2,830盔 (10ml寸 31盔) 郴老(老) 档馒 焊厘 5 (3591) 弥措 134盔 利赋",炼固丰,剧充/家胶,SAUCE_SEASONING,咐贱,磅磅
[悼辑] 产咯冈绰 瞒 5辆 (琶1),澜丰,目乔/瞒,BEVERAGE,瞒,悼辑
"钙缴 葛墨榜靛 何靛矾款 喉发 目乔雇胶, 2.7g, 100俺涝, 1俺 4%15,900盔 15,110盔 (10g寸 560盔) 郴老(老) 档馒 焊厘 4.5 (24575) 弥措 755盔 利赋",澜丰,目乔/瞒,BEVERAGE,目乔雇胶,钙缴
配奔 葛苞积碍没 600g,炼固丰,剧充/家胶,SAUCE_SEASONING,葛苞积碍没,配奔
[楷版寸] 乔沫 碍沥 130g,埃侥幅,苞磊/胶臣,SNACK,碍沥,楷版寸
[棵府鸥府酒] 器档揪蜡 500mL,炼固丰,侥侩蜡/扁抚,SAUCE_SEASONING,器档揪蜡,棵府鸥府酒
"磅磅 脚急茄 历瘤规快蜡, 2.3L, 2俺 9,560盔 (100ml寸 208盔) 郴老(老) 货寒 档馒 焊厘 5 (44382) 弥措 478盔 利赋",蜡力前,快蜡/滴蜡,DAIRY,历瘤规 快蜡,磅磅
[局蕉府] 矫弊聪贸 殿缴 胶抛捞农 200g(趁悼),埃祈侥,剐虐飘,RTC_MEAL,剐虐飘,局蕉府
[权矩虐令] 备况父电 力林 蜡沥鄂 捻虐 50g,埃侥幅,苞磊/胶臣,SNACK,捻虐,权矩虐令
"墨穿 官匆扼 扼都 目乔雇胶, 17.3g, 24俺涝, 1俺 10,570盔 (10g寸 255盔) 郴老(老) 货寒 档馒 焊厘 5 (358) 弥措 529盔 利赋",澜丰,目乔/瞒,BEVERAGE,官匆扼 扼都,墨穿 
"捞芬 炔己林 冠荤狼 惫魂尼 滴蜡 八篮尼 绊漠椒, 190ml, 48俺 50%53,800盔 26,840盔 (100ml寸 294盔) 郴老(老) 档馒 焊厘 5 (171169) 弥措 1,342盔 利赋",蜡力前,快蜡/滴蜡,DAIRY,滴蜡,捞芬
[辑匡付丛] 历寸 帮距 侗汉捞,埃祈侥,剐虐飘,RTC_MEAL,剐虐飘,辑匡付丛
[单眉内] 竣胶飘扼滚柳 棵府宏 坷老 2辆 (琶1),炼固丰,侥侩蜡/扁抚,SAUCE_SEASONING,棵府宏坷老,单眉内
[付捞畴钢] 规藕目乔 (230mL X 6俺),澜丰,目乔/瞒,BEVERAGE,目乔,付捞畴钢
"公亲积力 牢刘 力林 格檬 快蜡, 750ml, 1俺 4,900盔 (100ml寸 653盔) 郴老(老) 货寒 档馒 焊厘 5 (1604) 弥措 245盔 利赋",蜡力前,快蜡/滴蜡,DAIRY,快蜡,
[浅夸茄酒魔] 绊疙侩 拌鄂瘤窜 (趁厘) 350g,埃祈侥,馆蛮幅,SIMPLE_PROCESSED,拌鄂瘤窜,浅夸茄酒魔
[鸥福飘剖] 滚扼捞绢萍 鸥福飘 技飘 (60g X 6俺涝),埃侥幅,叼历飘/纳捞农,BAKERY,鸥福飘,鸥福飘剖
[绊贰荤] 具盲啊垫 荤阿绢宫 225g*2豪,荐魂拱,绢腊啊傍侥前,SIMPLE_PROCESSED,绢宫,绊贰荤
[窍罢促令] 酒捞胶农覆 官 5辆 (80mL X 3俺) (琶1),埃侥幅,叼历飘/纳捞农,BAKERY,酒捞胶农覆,窍罢促令
"汲帕措脚 胶抛厚酒, 400g, 1俺 51%8,980盔 4,400盔 (100g寸 1,100盔) 郴老(老) 档馒 焊厘 5 (68245) 弥措 220盔 利赋",炼固丰,炼固丰,SAUCE_SEASONING,胶抛厚酒,
[官叼乏] 辑府怕 鉴荐滴蜡 99.9 (190mL X 24俺),蜡力前,快蜡/滴蜡,DAIRY,滴蜡,官叼乏
[具固夸剐] 摹酒官鸥 3辆 (琶1),埃侥幅,户幅,BAKERY,摹酒官鸥,具固夸剐
[叼 官福海肺] 饭靛 窍飘 凭 贾萍靛 墨扼羔 & 促农 儡滴具 檬妮复 150g,埃侥幅,檬妮复/荤帕,SNACK,檬妮复,叼 官福海肺
[官抚剖] 埃祈窍霸 颊龙茄 憋兑 公 300g,盲家/邦拱幅,盲家,RAW_PRODUCE,公,官抚剖
"混咐唱夸 攀臂攀臂 夸府窍扁 祈茄 例窜 倡瘤 (趁厘), 200g, 2俺 11,460盔 (10g寸 287盔) 郴老(老) 货寒 档馒 焊厘 4.5 (5354) 弥措 573盔 利赋",荐魂拱,坷隆绢/巩绢,RAW_SEAFOOD,倡瘤,混咐唱夸
[急拱技飘] 傈烹林 措措肺康丑 柳档 全林 风厚能 (40档 500mL),贱,傈烹林,ALCOHOL,全林,
[厚框馆蛮] 逛货快 龋冠揪汉澜,埃祈侥,馆蛮幅,SIMPLE_PROCESSED,货快汉澜,厚框馆蛮
[柳角等颊咐] 茄捣 腊傈 (趁悼),埃祈侥,馆蛮幅,SIMPLE_PROCESSED,腊傈,柳角等颊咐
[瘤府魂贸烦] 青汗茄 沥篮揪狼 绊家茄 甸柄啊风 150g,炼固丰,啊风盒富,SAUCE_SEASONING,甸柄啊风,瘤府魂贸烦
[芭措磅帕] 磅帕,埃祈侥,饭飘肺飘,RTC_MEAL,饭飘肺飘,芭措磅帕
[CU 侨诀] 顿蠢规 海捞厚 硅靛 焊捞,贱,客牢,ALCOHOL,饭靛 客牢,
[没淬悼 乔剧苛] 捞合侥 父滴,埃祈侥,趁悼侥前,FROZEN_MEAL,趁悼 父滴,没淬悼 乔剧苛
[骇肺鸥骇肺鸥] 捞海府内 骇肺鸥 窍根 50g (吝),腊幅/拌鄂,啊傍腊(擒/家矫瘤),PROCESSED_MEAT,窍根,骇肺鸥骇肺鸥
[胶虐乔] 顶尼滚磐 462g 2辆 (琶1),蜡力前,滚磐/积农覆,DAIRY,顶尼 滚磐,胶虐乔
"坷堆扁 绊家茄 榜靛 付夸匙令, 1kg, 1俺 7,370盔 (100g寸 737盔) 郴老(老) 档馒 焊厘 5 (56110) 弥措 369盔 利赋",炼固丰,剧充/家胶,SAUCE_SEASONING,付夸匙令,坷堆扁
"磅磅 埃祈 穿奉瘤, 30g, 12俺 21%19,200盔 14,990盔 (100g寸 4,164盔) 郴老(老) 档馒 焊厘 5 (29177) 弥措 750盔 利赋",埃侥幅,苞磊/胶臣,SNACK,穿奉瘤,磅磅
"固飘浚炼捞 矫令醋 何盲混 胶抛捞农 (趁悼), 1俺, 150g 6,400盔 (100g寸 4,267盔) 郴老(老) 货寒 档馒 焊厘 4.5 (585) 弥措 320盔 利赋",埃祈侥,剐虐飘,RTC_MEAL,剐虐飘,固飘浚炼捞
[秦蛮甸]荤拌例接厘500g,炼固丰,剧充/家胶,SAUCE_SEASONING,接厘,秦蛮甸
"惫郴魂 坷隆绢浇扼捞胶 (趁悼), 300g, 1俺 7,390盔 (100g寸 2,463盔) 郴老(老) 货寒 档馒 焊厘 5 (19837) 弥措 370盔 利赋",荐魂拱,坷隆绢/巩绢,RAW_SEAFOOD,坷隆绢,
[府磐胶器飘] 钮宏 檬妮复 3辆,埃侥幅,檬妮复/荤帕,SNACK,檬妮复,府磐胶器飘
[捻浚令滚哦] 惫魂 甸扁抚 100mL (历柯拘馒),炼固丰,侥侩蜡/扁抚,SAUCE_SEASONING,甸扁抚,捻浚令滚哦
"磊楷檬 积啦公啊风, 300g, 1俺 8,400盔 (100g寸 2,800盔) 郴老(老) 档馒 焊厘 4.5 (3351) 弥措 420盔 利赋",炼固丰,啊风盒富,SAUCE_SEASONING,啦公啊风,磊楷檬
[CU 侨诀] 扼技聪胶隔硅摹,贱,扁鸥 林幅,ALCOHOL,困胶虐,
[辣浇] 部府货快混 180g (趁厘),荐魂拱,货快/霸,RAW_SEAFOOD,货快,辣浇
[版林玫斥茄快] 1++ 茄快 救缴 备捞侩 200g (趁厘),腊幅/拌鄂,家绊扁,RAW_MEAT,家 救缴,版林玫斥茄快
"钙缴 拳捞飘榜靛 目乔雇胶 400T, 11.7g, 1俺涝, 400俺 26%70,000盔 51,170盔 (10g寸 109盔) 2/11(荐) 档馒 抗沥 5 (302208) 弥措 2,559盔 利赋",澜丰,目乔/瞒,BEVERAGE,目乔雇胶,钙缴
[奶肺弊] 橇傅臂胶 滚磐墨扼羔咐 110g,埃侥幅,苞磊/胶臣,SNACK,橇傅臂胶,奶肺弊
[官捞呕轰萍] 酱欺饭萍愁C 30器,扁鸥,扁鸥,UNKNOWN,扁鸥,官捞呕轰萍
[CU 侨诀] 矾伎教臂硅凡扼捞,贱,扁鸥 林幅,ALCOHOL,困胶虐,
[笼馆蛮楷备家] 历寸 剧颇 绊眠 厘酒骂,埃祈侥,馆蛮幅,SIMPLE_PROCESSED,绊眠厘酒骂,笼馆蛮楷备家
[厚胶柠抛府 骏坷] 捻虐 15涝 技飘 357g,埃侥幅,苞磊/胶臣,SNACK,捻虐,厚胶柠抛府 骏坷
[CU 侨诀] 虐捻付荤公匙变府摹,贱,扁鸥 林幅,ALCOHOL,荤纳,
[急拱技飘] ASC牢刘 扁厘魂 槛己固开,荐魂拱,固开/促矫付,DRIED_SEAFOOD,固开,
[CU 侨诀] 俊馆廓府决胶教臂硅凡,贱,扁鸥 林幅,ALCOHOL,困胶虐,
[KF365] 茄捣 买哎厚 800g(趁厘),腊幅/拌鄂,蹬瘤绊扁,RAW_MEAT,蹬瘤哎厚,KF365
[档府柄魔] 7啊瘤 盲家买 矫琉 2 (2牢盒/历寸家胶 器窃),埃祈侥,剐虐飘,RTC_MEAL,剐虐飘,档府柄魔
[窍府焊] 胶鸥雇胶 俩府 1kg (措侩樊),埃侥幅,檬妮复/荤帕,SNACK,俩府,窍府焊
[坷堆扁] 烤朝 备荐茄 穿奉瘤 240g,埃侥幅,苞磊/胶臣,SNACK,穿奉瘤,坷堆扁
[掸付农] 府内鸥 摹令 150g,蜡力前,摹令,DAIRY,府内鸥 摹令,掸付农
"磅磅 冠仿 剐啊风, 3kg, 1俺 17%6,000盔 4,960盔 (100g寸 165盔) 郴老(老) 档馒 焊厘 5 (1343) 弥措 223盔 利赋",炼固丰,啊风盒富,SAUCE_SEASONING,剐啊风,磅磅
[荤府盔] 绕力坷府 公接,埃祈侥,剐虐飘,RTC_MEAL,剐虐飘,荤府盔
"酒淬胶 橇府固决 颇付魂 摹令啊风 1kg, 1俺 12,860盔 (100g寸 1,286盔) 郴老(老) 档馒 焊厘 4.5 (938) 弥措 643盔 利赋",炼固丰,啊风盒富,SAUCE_SEASONING,颇付魂 摹令 啊风,酒淬胶
[CU 侨诀] 力烙郊喉发硅凡,贱,扁鸥 林幅,ALCOHOL,困胶虐,
[迫府聪] 蜡矾乔攫 弊饭捞萍靛 摹令 227g,蜡力前,摹令,DAIRY,摹令,迫府聪
"掸付农 悼拱汗瘤 牢刘 措聪浆 快蜡, 750ml, 1俺 3,610盔 (100ml寸 481盔) 郴老(老) 货寒 档馒 焊厘 5 (407) 弥措 180盔 利赋",蜡力前,快蜡/滴蜡,DAIRY,快蜡,掸付农
[钱公盔] 辫摹 积 荐力厚 2牢盒,埃祈侥,剐虐飘,RTC_MEAL,剐虐飘,钱公盔
剧颇 1.5kg,盲家/邦拱幅,盲家,RAW_PRODUCE,剧颇,
[概老] 倾浆 檬妮复 靛傅农 (235mL X 4俺),蜡力前,快蜡/滴蜡,DAIRY,檬内快蜡,概老
"惫郴魂 泅固, 5kg, 1俺 22%21,900盔 16,900盔 (100g寸 338盔) 郴老(老) 档馒 焊厘 4.5 (9862) 弥措 845盔 利赋",盲家/邦拱幅,揭/棱邦,GRAIN,泅固,
[磊楷淬篮] 蜡扁丑 榜电凝 2龋 泅固 4kg,盲家/邦拱幅,揭/棱邦,GRAIN,泅固,磊楷淬篮
[家客唱公] 酿乔胶 颇牢局敲 930mL,澜丰,林胶,BEVERAGE,酿乔胶,家客唱公
[档力侥户] 飘矾敲 侥户 180g,埃侥幅,户幅,BAKERY,侥户,档力侥户
[龋沥啊] 空慢揭距苞 (措) (50g X 10俺),埃侥幅,叼历飘/纳捞农,BAKERY,距苞,龋沥啊
[秋墨其] 矫弊聪贸 喉坊靛 碍硅傈 靛赋归 (12g X 14俺),澜丰,目乔/瞒,BEVERAGE,目乔 靛赋归,秋墨其
[CU 侨诀] 内畴荐福 20硅凡 箕档匙捞,贱,客牢,ALCOHOL,拳捞飘 客牢,
[匙捞贸坷促] 崔抹 檬内击靛 技飘 (4冠胶 x 4俺涝),埃侥幅,苞磊/胶臣,SNACK,檬内击靛,匙捞贸坷促
[穿穿馆] 烹 催啊娇混 帮距 档矫遏 5辆 (2俺涝) (琶1),埃祈侥,溜籍逛,INSTANT,溜籍 档矫遏,穿穿馆
[酒福配胶海捞目府] 烹剐 葛醋户 (40g X 14俺),埃侥幅,户幅,BAKERY,葛醋户,酒福配胶海捞目府
[根喉尔] 钮宏 胶臣 摹令 100g 3辆 (琶1),蜡力前,摹令,DAIRY,摹令,根喉尔
惫魂 促咙 货快混 80g (趁悼),荐魂拱,货快/霸,RAW_SEAFOOD,货快,
[没沥盔] 鉴芒 炼俺戈摹等厘 450g,炼固丰,剧充/家胶,SAUCE_SEASONING,等厘,没沥盔
[鸥内盖] 唱幂 配瓶扼抹 320g,埃侥幅,苞磊/胶臣,SNACK,唱幂,鸥内盖
[KF365] 公亲积力 茄捣 牢扁 夸府侩 7辆 (琶1)(趁厘),腊幅/拌鄂,蹬瘤绊扁,RAW_MEAT,葛狄 蹬瘤绊扁,KF365
[馆蛮窜瘤] 茄尝 胶平 厚忽倡瘤粒,埃祈侥,馆蛮幅,SIMPLE_PROCESSED,倡瘤粒哎,馆蛮窜瘤
[叼巧] 窜龋冠 农覆 储尝,埃祈侥,剐虐飘,RTC_MEAL,剐虐飘,叼巧
[剐档] 府摹侥户 480g,埃侥幅,户幅,BAKERY,侥户,剐档
"空狼逛惑 货较 惯酒泅固, 4kg, 1俺 17%22,900盔 18,900盔 (100g寸 473盔) 郴老(老) 档馒 焊厘 4.5 (2106) 弥措 945盔 利赋",盲家/邦拱幅,揭/棱邦,GRAIN,泅固,空狼逛惑
"模券版 啊瘤, 2俺涝, 1俺 4,690盔 (1俺寸 2,345盔) 郴老(老) 货寒 档馒 焊厘 5 (2614) 弥措 235盔 利赋",盲家/邦拱幅,盲家,RAW_PRODUCE,啊瘤,
"磅磅 盟盟 馆槛鄂 (趁厘), 15备, 1俺 31%10,990盔 7,490盔 (1备寸 499盔) 郴老(老) 货寒 档馒 焊厘 4.5 (155526) 弥措 375盔 利赋",腊幅/拌鄂,拌鄂,RAW_MEAT,馆槛鄂,磅磅 
"厚厚绊 辫摹汉澜, 80g, 5俺 29%9,980盔 6,990盔 (100g寸 1,748盔) 郴老(老) 货寒 档馒 焊厘 5 (10270) 弥措 350盔 利赋",埃祈侥,馆蛮幅,SIMPLE_PROCESSED,辫摹汉澜,厚厚绊
"颇胶硼福 加祈茄 蔫函 历瘤规 敲饭牢 夸备福飘, 150ml, 4俺涝, 1俺 5,680盔 (10ml寸 95盔) 郴老(老) 货寒 档馒 焊厘 5 (5407) 弥措 284盔 利赋",蜡力前,夸芭飘,DAIRY,夸备福飘,颇胶硼福
[付风魂] 蜡官府羔沸 胶评 纳捞农 (20g X 12俺),埃侥幅,叼历飘/纳捞农,BAKERY,纳捞农,付风魂
[弊府泼] 茄快惦灰硅眠帕 620g,埃祈侥,剐虐飘,RTC_MEAL,剐虐飘,弊府泼
[扼尼厚俊飘] AOP 啊堪 滚磐 (15gX30俺涝),蜡力前,滚磐/积农覆,DAIRY,滚磐,扼尼厚俊飘
"吩单溃仟靛 俊捞厚揪 檬妮复, 187g, 1俺 捻迄且牢4%5,230盔 4,980盔 (10g寸 266盔) 郴老(老) 档馒 焊厘 5 (31967) 弥措 249盔 利赋",埃侥幅,檬妮复/荤帕,SNACK,檬妮复,吩单
[夸客唱捞] 窍捞杭氢 公舅妮 (350mL X 24牡),贱,扁鸥 林幅,ALCOHOL,窍捞杭,夸客唱捞
[伙柳绢宫] 埃祈 部摹绢宫 快悼,荐魂拱,绢腊啊傍侥前,SIMPLE_PROCESSED,绢宫,伙柳绢宫
"坷堆扁 鉴饶眠, 100g, 1俺 6,160盔 (10g寸 616盔) 郴老(老) 货寒 档馒 焊厘 5 (15096) 弥措 308盔 利赋",炼固丰,氢脚丰/倾宏,SAUCE_SEASONING,饶眠,坷堆扁
[钱公盔] 侥拱己 瘤备侥窜 吵累 滴蜡搁 3涝,盲家/邦拱幅,搁幅,GRAIN,滴蜡搁,钱公盔
[庆海目乔] 妮靛宏风 500mL,澜丰,目乔/瞒,BEVERAGE,目乔,庆海目乔
"磅磅 滚迫肺喇豪, 700g, 1俺 11,230盔 (100g寸 1,604盔) 郴老(老) 货寒 档馒 焊厘 4.5 (5121) 弥措 561盔 利赋",埃祈侥,趁悼侥前,FROZEN_MEAL,趁悼 摹挪,磅磅
没剧绊眠 80g,盲家/邦拱幅,盲家,RAW_PRODUCE,没剧绊眠,
[付捞嘉橇] 傈林侥 秦厘 尼唱拱惫逛,埃祈侥,剐虐飘,RTC_MEAL,剐虐飘,付捞嘉橇
"炼牢 瘪皋眠府舅, 500g, 1俺 5,290盔 (100g寸 1,058盔) 郴老(老) 货寒 档馒 焊厘 5 (72467) 弥措 265盔 利赋",腊幅/拌鄂,拌鄂,RAW_MEAT,皋眠府舅,炼牢
[老惑讷家] 惫郴魂 家绊扁 殿缴 胶抛捞农/备捞 2辆 (趁厘),腊幅/拌鄂,家绊扁,RAW_MEAT,家 殿缴,老惑讷家
"夯磷 艰绊扁磷 (趁厘), 271.5g, 2俺 7,850盔 (100g寸 1,446盔) 郴老(老) 货寒 档馒 焊厘 4.5 (1199) 弥措 393盔 利赋",埃祈侥,饭飘肺飘,RTC_MEAL,磷,夯磷
[肺锯坷坊瘤] 匙代鄂靛 绊促/俊淬/付胶淬/俊膏呕 浇扼捞胶 摹令 150g 4辆 (琶1),蜡力前,摹令,DAIRY,摹令,肺锯坷坊瘤
[酒萍力] 踌瞒 墨胶炮扼 200g,澜丰,目乔/瞒,BEVERAGE,踌瞒,墨胶炮
"崎矫 力肺 酱芭 扼烙 1.25L 12俺 (诀家侩) 且牢53%11,190盔 5,190盔 (100ml寸 35盔) 2/11(荐) 档馒 抗沥 5 (6422) 弥措 260盔 利赋",澜丰,藕魂澜丰,BEVERAGE,崎矫 力肺 扼烙,崎矫 
[吩单溃仟靛] 力肺 固聪官捞飘 剐农&檬内 酒捞胶农覆 (38mL X 10俺涝),埃侥幅,叼历飘/纳捞农,BAKERY,酒捞胶农覆,吩单
"亮篮家侥 茄快 1殿鞭 漠肺促柳 捞蜡侥侩 (趁厘), 300g, 1俺 22,700盔 (100g寸 7,567盔) 郴老(老) 货寒 档馒 焊厘 4.5 (5517) 弥措 1,135盔 利赋",腊幅/拌鄂,家绊扁,RAW_MEAT,家 促咙腊,亮篮家侥
"溅橇骏 海捞牧鳖福焊唱扼 颇胶鸥 4牢盒, 230g, 4俺 14,740盔 (100g寸 1,602盔) 郴老(老) 货寒 档馒 焊厘 5 (17448) 弥措 737盔 利赋",埃祈侥,剐虐飘,RTC_MEAL,剐虐飘,溅橇骏
[蜡啊盔] 蜡扁丑 官唱唱抹 230g,埃侥幅,苞磊/胶臣,SNACK,官唱唱抹,蜡啊盔
[CU 侨诀] 内弃扼促捞酒阁靛鳖碱,贱,客牢,ALCOHOL,饭靛 客牢,
[沥固家] 绊矫洒墨府 泅固 4kg,盲家/邦拱幅,揭/棱邦,GRAIN,泅固,沥固家
[柳啊匙馆蛮] 颇辫摹,惑柯侥前,辫/磊馆,DRIED_SEAFOOD,辫,柳啊匙馆蛮
[急拱技飘] 巢秦救 角加 戈摹技飘 1龋,荐魂拱,戈摹/扒绢拱,DRIED_SEAFOOD,戈摹,
"脚扼搁 歹 饭靛 125g, 4俺 19%5,850盔 4,690盔 (1俺寸 1,173盔) 郴老(老) 货寒 档馒 焊厘 5 (1695) 弥措 235盔 利赋",埃祈侥,扼搁,INSTANT,脚扼搁 歹 饭靛,丑缴
"老府 努贰侥 肺胶飘 叼墨其牢 固聪 盔滴目乔胶平, 1g, 30俺涝, 1俺 7,500盔 (10g寸 2,500盔) 郴老(老) 档馒 焊厘 5 (7518) 弥措 375盔 利赋",澜丰,目乔/瞒,BEVERAGE,目乔啊风,老府
[CU 侨诀] 器萍农腐硅凡伎泛飘,贱,扁鸥 林幅,ALCOHOL,困胶虐,
[CU 侨诀] 剐农矩倾聪饭靛客牢,贱,客牢,ALCOHOL,饭靛 客牢,
MY FIRST 贸澜 父唱绰 侥户 424g,埃侥幅,户幅,BAKERY,侥户,MY FIRST
茄尝佩佩 没搬固 揭 1.5kg,盲家/邦拱幅,揭/棱邦,GRAIN,揭,茄尝佩佩
"迄鸥唱 公瘤规 惯荤雇 历寸 历漠肺府 靛饭教, 230g, 1俺 27%4,480盔 3,240盔 (100g寸 1,409盔) 郴老(老) 档馒 焊厘 5 (182) 弥措 162盔 利赋",炼固丰,剧充/家胶,SAUCE_SEASONING,惯荤雇,迄鸥唱
[勒傀捞宏] 眠撅狼 1999 烤朝 空捣鳖胶 350g,埃祈侥,剐虐飘,RTC_MEAL,剐虐飘,勒傀捞宏
"竣胶飘扼 滚柳 内内秤坷老, 450ml, 1俺 9,980盔 (100ml寸 2,218盔) 郴老(老) 档馒 焊厘 4.5 (10487) 弥措 499盔 利赋",炼固丰,侥侩蜡/扁抚,SAUCE_SEASONING,内内秤 坷老,竣胶飘扼
[辑匡快蜡] 叠扁 快蜡 (200mL X 3俺),蜡力前,快蜡/滴蜡,DAIRY,叠扁快蜡,辑匡快蜡
[急拱技飘] 鳖荤胶 叼 饶舅档  酒福海尝唱 & 乔捻舅 竣胶飘扼滚柳 技飘 (500mlx2捍),炼固丰,侥侩蜡/扁抚,SAUCE_SEASONING,棵府宏坷老,
[汗急寸] 馆馆 练惯,埃祈侥,饭飘肺飘,RTC_MEAL,练惯,汗急寸
[沥包厘] 全伙柳炔 (30老盒) + (碱俏归刘沥),固殿废 墨抛绊府,扁鸥,UNKNOWN,扁鸥,沥包厘
[虐模绊皋] 被瘤 臼绰 官恩侗 2辆,埃侥幅,侗,SNACK,官恩侗,绊皋
[急拱技飘] 炼急龋炮辫摹 鸥捞聪技飘 (抗距老荐飞),埃祈侥,馆蛮幅,SIMPLE_PROCESSED,硅眠辫摹,
"龋林魂 家绊扁 惫芭府侩 (趁厘), 300g, 1俺 13%9,990盔 8,690盔 (100g寸 2,897盔) 郴老(老) 货寒 档馒 焊厘 4.5 (10136) 弥措 435盔 利赋",腊幅/拌鄂,家绊扁,RAW_MEAT,惫芭府侩 家绊扁,龋林魂
[瞒钦矫促] 快浇滴面 荐力瞒 340g,澜丰,目乔/瞒,BEVERAGE,瞒,瞒钦矫促
[靛赋俏农] 目乔 靛赋归 10g X 20俺 2辆 (琶1),澜丰,目乔/瞒,BEVERAGE,目乔 靛赋归,靛赋俏农
[俊赣捞] 家绊扁 揭惫荐 2辆 (琶1),盲家/邦拱幅,搁幅,GRAIN,揭惫荐搁,俊赣捞
"归汲 皑磊荐力厚 啊风, 500g, 1俺 捻迄且牢25%3,280盔 2,450盔 (100g寸 490盔) 郴老(老) 档馒 焊厘 5 (3988) 弥措 123盔 利赋",炼固丰,啊风盒富,SAUCE_SEASONING,皑磊傈盒,归汲
[叼 官福海肺] 农覆 凭纳捞胶 肚沸 拳捞飘 檬妮复 105g,埃侥幅,檬妮复/荤帕,SNACK,檬妮复,叼 官福海肺
"磅磅 岿拌荐蕾, 230g, 1俺 28%9,400盔 6,680盔 (10g寸 290盔) 郴老(老) 档馒 焊厘 货 惑前, 馆前-固俺豪 (2) 弥历6,340盔 4.5 (1375) 弥措 334盔 利赋",炼固丰,氢脚丰/倾宏,SAUCE_SEASONING,岿拌荐蕾,磅磅
"器胶平 苞磊, 280g, 1俺 4,310盔 (10g寸 154盔) 郴老(老) 档馒 焊厘 5 (23308) 弥措 215盔 利赋",埃侥幅,苞磊/胶臣,SNACK,器胶平,
"磊楷局蛮 公亲积力 1+殿鞭 措鄂, 10备, 1俺 4,270盔 (1备寸 427盔) 郴老(老) 货寒 档馒 焊厘 5 (2031) 弥措 214盔 利赋",腊幅/拌鄂,拌鄂,RAW_MEAT,拌鄂,磊楷局蛮
[cutie] 固惫魂 父促赴 800g,苞老/斑苞幅,苞老,RAW_FRUIT,父促赴,cutie
[扼狐福溅] 宏扼款 阿汲帕 250g,炼固丰,炼固丰,SAUCE_SEASONING,汲帕,扼狐福溅
"竣胶飘扼滚柳 棵府宏坷老, 1俺, 1L 且牢40%26,600盔 15,890盔 (100ml寸 1,589盔) 郴老(老) 档馒 焊厘 4.5 (5242) 弥措 795盔 利赋",炼固丰,侥侩蜡/扁抚,SAUCE_SEASONING,棵府宏坷老,
[CU 侨诀] 坷橇府16,贱,扁鸥 林幅,ALCOHOL,困胶虐,
"窍覆 咐催啊娇混 官海钮咐, 100g, 5俺涝, 2俺 30%27,400盔 19,160盔 (100g寸 1,916盔) 郴老(老) 货寒 档馒 焊厘 5 (5223) 弥措 958盔 利赋",埃祈侥,饭飘肺飘,RTC_MEAL,饭飘肺飘,窍覆 
"秦讣篮仟靛 炔怕盲, 200g, 1俺 10,900盔 (100g寸 5,450盔) 郴老(老) 档馒 焊厘 4.5 (24103) 弥措 545盔 利赋",荐魂拱,戈摹/扒绢拱,DRIED_SEAFOOD,炔怕,秦讣篮仟靛
"磅磅 龋林魂 家绊扁 菊促府混 惫芭府侩 (趁厘), 300g, 2俺 19%19,800盔 15,910盔 (100g寸 2,652盔) 郴老(老) 货寒 档馒 焊厘 4.5 (129825) 弥措 795盔 利赋",腊幅/拌鄂,家绊扁,RAW_MEAT,惫芭府侩 家绊扁,磅磅
[Dole] 弊赴 颇颇具 450g (1俺),苞老/斑苞幅,苞老,RAW_FRUIT,颇颇具,Dole
"[扼墨唱胶鸥] 肚鹅酒 3辆 (烹剐,苛荐荐,剐/琶1)",埃侥幅,户幅,BAKERY,肚鹅酒,扼墨唱胶鸥
[CU 侨诀] 笼笼遏箕档匙捞,贱,客牢,ALCOHOL,拳捞飘 客牢,
[父傈辫] 寝混苞 官恩捞 辨矾辰 蜡扁辫(公啊固) 16俺涝,惑柯侥前,辫/磊馆,DRIED_SEAFOOD,辫,父傈辫
[楷救侥寸] 归疙鄂粒 250g (趁悼),埃祈侥,馆蛮幅,SIMPLE_PROCESSED,疙鄂粒,楷救侥寸
[Dole] 胶困萍坷 官唱唱 2涝,苞老/斑苞幅,苞老,RAW_FRUIT,官唱唱,Dole
[辑匡快蜡] 胶困飘 敲饭牢 夸芭飘 (85g X 4俺),蜡力前,夸芭飘,DAIRY,夸芭飘,辑匡快蜡
"秤明剖 备款顶尼, 1kg, 1俺 25%15,900盔 11,900盔 (100g寸 1,190盔) 郴老(老) 档馒 焊厘 4.5 (10359) 弥措 595盔 利赋",埃侥幅,苞磊/胶臣,SNACK,备款 顶尼,秤明剖
"悼盔权仟靛 烹亲沥混 固沥急 盔腊 (趁悼), 1kg, 1俺 25,380盔 (100g寸 2,538盔) 郴老(老) 货寒 档馒 焊厘 4.5 (1927) 弥措 1,269盔 利赋",腊幅/拌鄂,蹬瘤绊扁,RAW_MEAT,亲沥混,悼盔
[康霖格厘] 敲饭牢 夸芭飘 500mL,蜡力前,夸芭飘,DAIRY,夸芭飘,康霖格厘
[茄剧侥前] 采焊促 坷隆绢 家橇飘,埃侥幅,苞磊/胶臣,SNACK,采焊促 坷隆绢,茄剧侥前
[过己器曼咐] 角加屈 康堡 奔厚 1kg (20固),荐魂拱,戈摹/扒绢拱,DRIED_SEAFOOD,奔厚,过己器曼咐
[虐令促捞醋] 家绊扁 局龋冠 汉澜,埃祈侥,馆蛮幅,SIMPLE_PROCESSED,家绊扁 局龋冠 汉澜,虐令促捞醋
"gomgom 绊家茄 八篮尼 滴蜡, 190ml, 24俺 54%22,050盔 9,990盔 (100ml寸 219盔) 郴老(老) 档馒 焊厘 4.5 (74802) 弥措 500盔 利赋",蜡力前,快蜡/滴蜡,DAIRY,滴蜡,gomgom
[逢风妇] 家吝茄 快府 酒捞浚 磺踞 舅广 50g,埃侥幅,苞磊/胶臣,SNACK,咐广,逢风妇
"措玫辫 犁贰档矫遏辫 技飘, 5g, 54俺 且牢43%35,000盔 19,790盔 (10g寸 733盔) 郴老(老) 档馒 焊厘 5 (26613) 弥措 957盔 利赋",惑柯侥前,辫/磊馆,DRIED_SEAFOOD,辫,措玫辫
[捞令聪] 趁悼 措侩樊 器记 滚磐 2辆,蜡力前,滚磐/积农覆,DAIRY,滚磐,捞令聪
"根海胶飘 困靛绢胶 公扼骇 积荐, 330ml, 60俺 15,000盔 (100ml寸 76盔) 郴老(老) 档馒 焊厘 5 (167582) 弥措 750盔 利赋",澜丰,积荐,BEVERAGE,积荐,根海胶飘
[坷豪笼] 辫摹 力腊汉澜 400g,埃祈侥,剐虐飘,RTC_MEAL,剐虐飘,坷豪笼
[Dole] 胶困萍坷 官唱唱 2辆,苞老/斑苞幅,苞老,RAW_FRUIT,官唱唱,Dole
"讣篮拱俊 锰滴何 骂俺侩, 1俺, 300g 990盔 (100g寸 330盔) 郴老(老) 货寒 档馒 焊厘 5 (14746) 弥措 50盔 利赋",盲家/邦拱幅,尼/滴何,SIMPLE_PROCESSED,滴何,讣篮拱俊
"根海胶飘 困靛绢胶 公扼骇 积荐, 500ml, 40俺 10,900盔 (100ml寸 55盔) 郴老(老) 档馒 焊厘 5 (167582) 弥措 545盔 利赋",澜丰,积荐,BEVERAGE,积荐,根海胶飘
"惫郴魂 入寸辟, 2俺涝, 1俺 1,360盔 (1俺寸 680盔) 郴老(老) 货寒 档馒 焊厘 4.5 (84918) 弥措 68盔 利赋",盲家/邦拱幅,盲家,RAW_PRODUCE,寸辟,
[堡飞] 力林 磊府导接厘粒 2辆 (琶1),炼固丰,剧充/家胶,SAUCE_SEASONING,接厘粒,堡飞
[CU 侨诀] 沫萍宏扼纳配,贱,客牢,ALCOHOL,胶颇努傅 客牢,
[官抚剖] 埃祈窍霸 颊龙茄 憋兑 皑磊 300g,盲家/邦拱幅,盲家,RAW_PRODUCE,皑磊,官抚剖
[胆府摹坷] 客痹 擒滚芭 菩萍,腊幅/拌鄂,啊傍腊(擒/家矫瘤),PROCESSED_MEAT,菩萍,胆府摹坷
[Dole] 胶困萍坷 角加 颇牢局敲 700g (1烹),苞老/斑苞幅,苞老,RAW_FRUIT,颇牢局敲,Dole
"磅磅 烹剐啊垫茄 侥户, 350g, 2俺 4,440盔 (10g寸 63盔) 郴老(老) 货寒 档馒 焊厘 5 (23230) 弥措 222盔 利赋",埃侥幅,户幅,BAKERY,侥户,磅磅
[玫龋浚纳绢] 孺堪家柳苛绊95 50器,固殿废 墨抛绊府,扁鸥,UNKNOWN,扁鸥,玫龋浚纳绢
[付令] 飘括胶 固聪胶 檬妮复官 侨矩雇胶 600g (60涝),埃侥幅,檬妮复/荤帕,SNACK,飘括胶,付令
"堡玫辫 官昏茄 临临捞辫 80p, 80g, 1俺 8%13,000盔 11,850盔 (1技飘寸 11,850盔) 郴老(老) 档馒 焊厘 4.5 (363) 弥措 593盔 利赋",惑柯侥前,辫/磊馆,DRIED_SEAFOOD,辫,堡玫辫
[歹 箕柠抛府酒] 捞呕府救 混扼固,腊幅/拌鄂,啊傍腊(擒/家矫瘤),PROCESSED_MEAT,混扼固,歹 箕柠抛府酒
[秦酒恩] 淬归茄 傍林广 汲扁 2辆 (琶1),埃侥幅,侗,SNACK,归汲扁,秦酒恩
"模券版 历刮付疵, 50g, 1俺 2,990盔 (100g寸 5,980盔) 郴老(老) 货寒 档馒 焊厘 5 (3246) 弥措 150盔 利赋",盲家/邦拱幅,盲家,RAW_PRODUCE,付疵,
"钱公盔 积漠惫荐 4牢盒, 550g, 1俺 4,480盔 (100g寸 815盔) 郴老(老) 货寒 档馒 焊厘 5 (10511) 弥措 224盔 利赋",埃祈侥,剐虐飘,RTC_MEAL,剐虐飘,钱公盔
[付捞窍畴捞] 概款 绊扁气藕 揭惫荐,埃祈侥,剐虐飘,RTC_MEAL,剐虐飘,付捞窍畴捞
[胶溃复] 酒荤捞杭 箕海飘 100g,埃侥幅,叼历飘/纳捞农,BAKERY,酒荤捞杭,胶溃复
"磅磅 悼拱汗瘤 备款鄂, 6备, 1俺 3,990盔 (1备寸 665盔) 郴老(老) 货寒 档馒 焊厘 5 (7848) 弥措 200盔 利赋",腊幅/拌鄂,拌鄂,RAW_MEAT,备款鄂,磅磅
[且府胶] 呐目乔 300mL 3辆(琶1),澜丰,目乔/瞒,BEVERAGE,目乔,且府胶
[炼急龋炮辫摹] 橇府固决 憋滴扁 1kg,埃祈侥,馆蛮幅,SIMPLE_PROCESSED,憋滴扁,炼急龋炮辫摹
"弧碍 颇橇府墨, 1俺涝, 4俺 8,050盔 (1俺寸 2,013盔) 郴老(老) 货寒 档馒 焊厘 5 (13758) 弥措 403盔 利赋",盲家/邦拱幅,盲家,RAW_PRODUCE,颇橇府墨,弧碍
[CJ] 青汗茄尼 惫魂尼 锰滴何 380G,盲家/邦拱幅,尼/滴何,SIMPLE_PROCESSED,滴何,CJ
"墨穿 歹喉鸡 扼都 胶平 目乔雇胶, 13.5g, 50俺涝, 1俺 19,810盔 (10g寸 293盔) 郴老(老) 档馒 焊厘 5 (41605) 弥措 990盔 利赋",澜丰,目乔/瞒,BEVERAGE,目乔雇胶,墨穿 
[局蕉府] 矫墨绊 钓叼浆 乔磊,埃祈侥,趁悼侥前,FROZEN_MEAL,趁悼 乔磊,局蕉府
[瞒妨辰] 技 啊瘤 秦魂拱 配付配颇胶鸥,埃祈侥,剐虐飘,RTC_MEAL,剐虐飘,瞒妨辰
[固磊攫聪匙] 泅固 楷蕾逛,埃祈侥,溜籍逛,INSTANT,溜籍逛 泅固,固磊攫聪匙
[瘤固胶 弊贰愁扼] 历寸 弊贰愁扼 150g,惑柯侥前,矫府倔,GRAIN,弊贰愁扼,瘤固胶 弊贰愁扼
[橇风萍橇风萍] 坷坊瘤 磊根 荐力没,炼固丰,剧充/家胶,SAUCE_SEASONING,苞老没,橇风萍橇风萍
"茄己扁诀 霓厚何绢胶飘 颇萍 饶尔农 家矫瘤, 330g, 1俺 5,630盔 (10g寸 171盔) 郴老(老) 货寒 档馒 焊厘 5 (7654) 弥措 281盔 利赋",腊幅/拌鄂,啊傍腊(擒/家矫瘤),PROCESSED_MEAT,家矫瘤,茄己扁诀
"辑匡俊橇浚厚 绢弗快蜡 八篮尼固箭啊风, 250ml, 12俺 16,110盔 (100ml寸 537盔) 郴老(老) 货寒 档馒 焊厘 5 (3023) 弥措 805盔 利赋",澜丰,目乔/瞒,BEVERAGE,固箭啊风,辑匡俊橇浚厚
"坷堆扁 烤朝 拱砍, 2.45kg, 2俺 24%17,360盔 13,060盔 (100g寸 267盔) 郴老(老) 档馒 焊厘 5 (46073) 弥措 653盔 利赋",炼固丰,剧充/家胶,SAUCE_SEASONING,拱砍,坷堆扁
[钱公盔] 辫逛侩 3祸 具盲例烙,埃祈侥,馆蛮幅,SIMPLE_PROCESSED,具盲例烙,钱公盔
"哎厚酒历揪 力腊汉澜 608 (趁悼), 600g, 1俺 7,110盔 (100g寸 1,185盔) 郴老(老) 货寒 档馒 焊厘 4.5 (1564) 弥措 355盔 利赋",埃祈侥,剐虐飘,RTC_MEAL,剐虐飘,哎厚酒历揪
"棵府俊哆 魂档0.08 蜡扁丑 竣胶飘扼滚柳 棵府宏坷老 胶平, 30俺, 10ml 且牢42%40,000盔 22,900盔 (100ml寸 7,633盔) 郴老(老) 档馒 焊厘 5 (274) 弥措 1,134盔 利赋",炼固丰,侥侩蜡/扁抚,SAUCE_SEASONING,棵府宏坷老,棵府俊哆
模券版 瘪 剧颇 200g,盲家/邦拱幅,盲家,RAW_PRODUCE,剧颇,
[歹慢讥] 棵府宏 肺橇 100g,腊幅/拌鄂,啊傍腊(擒/家矫瘤),PROCESSED_MEAT,擒,歹慢讥
[棵啊] 绊漠椒 绊侥捞级蜡 剧盎 3辆 急拱技飘 (45g X 14俺),埃侥幅,叼历飘/纳捞农,BAKERY,剧盎,棵啊
[咯空狼 稠酒福] 公舅妮 墨海福匙家厚川 (350mL X 24牡),贱,客牢,ALCOHOL,饭靛 客牢,咯空狼 稠酒福
"秦怕力苞 坷抗胶 捻虐 矩 农覆, 360g, 2俺 7,800盔 (10g寸 108盔) 郴老(老) 档馒 焊厘 5 (9790) 弥措 390盔 利赋",埃侥幅,苞磊/胶臣,SNACK,坷抗胶,秦怕力苞
[蚌芒绊] 仟咙茄 家蚌芒傈榜,埃祈侥,剐虐飘,RTC_MEAL,剐虐飘,蚌芒绊
[力捞虐模] 侗汉捞 2辆,埃祈侥,剐虐飘,RTC_MEAL,剐虐飘,力捞虐模
[汲己格厘] 茄捣 绢赴捞 腊器,腊幅/拌鄂,啊傍腊(擒/家矫瘤),PROCESSED_MEAT,腊器,汲己格厘
"胶鸥棍胶 歹喉鸡 俊胶橇饭家&农覆 目乔, 12俺, 200ml 14,750盔 (100ml寸 615盔) 郴老(老) 档馒 焊厘 5 (8366) 弥措 738盔 利赋",澜丰,目乔/瞒,BEVERAGE,牡目乔,胶鸥棍胶
[悼拳距前] 何盲钎 硅矾仟烽 120ml 10涝,固殿废 墨抛绊府,扁鸥,UNKNOWN,扁鸥,悼拳距前
[浚诀] 家陛荤帕 (500g),埃侥幅,檬妮复/荤帕,SNACK,荤帕,浚诀
[GRN] 舅肺俊 捞姑俩府+ (14老盒),固殿废 墨抛绊府,扁鸥,UNKNOWN,扁鸥,GRN
[攫聪啊 见败初篮 苞磊惑磊] 葛狄 傈 捻虐技飘 330g,埃侥幅,苞磊/胶臣,SNACK,捻虐,攫聪啊 见败初篮 苞磊惑磊
[海瘤剐] 扒碍妇 滴蜡 (190mL X 16俺),蜡力前,快蜡/滴蜡,DAIRY,滴蜡,海瘤剐
[秦蛮甸] 历寸 接厘 290g,炼固丰,剧充/家胶,SAUCE_SEASONING,接厘,秦蛮甸
[Dole] 胶困萍坷 颇牢局敲 浇扼捞胶 540g,苞老/斑苞幅,苞老,RAW_FRUIT,颇牢局敲,Dole
[孺归夸府荤] 贱 胡绰 辣林葛 嘉橇 彩府绊眠 蹬瘤绊扁丹逛 264g (趁厘),埃祈侥,剐虐飘,RTC_MEAL,剐虐飘,孺归夸府荤
[Dole] 胶困萍坷 颇牢局敲 没农 400g,苞老/斑苞幅,苞老,RAW_FRUIT,颇牢局敲,Dole
[Dole] 蜡扁丑 官唱唱 500g,苞老/斑苞幅,苞老,RAW_FRUIT,官唱唱,Dole
[秒康风] 腊馏啊垫 弊矫例 拱父滴,埃祈侥,趁悼侥前,FROZEN_MEAL,趁悼 父滴,秒康风
"磅磅 柯啊练 夸备福飘, 750ml, 1俺涝, 2俺 3,530盔 (10ml寸 24盔) 郴老(老) 货寒 档馒 焊厘 5 (21388) 弥措 176盔 利赋",蜡力前,夸芭飘,DAIRY,夸备福飘,磅磅
[拘备沥倡瘤] 倡瘤 汉澜 2辆 (琶1),埃祈侥,剐虐飘,RTC_MEAL,剐虐飘,拘备沥倡瘤
[krikri 农府农府] 弊府胶 弊腐 夸芭飘 150g 2辆 (琶1),蜡力前,夸芭飘,DAIRY,夸芭飘,krikri 农府农府
[付聪目俊橇矩瘤] 滚迫肺喇 榜靛,埃祈侥,趁悼侥前,FROZEN_MEAL,滚迫肺喇,付聪目俊橇矩瘤
[JCDM] 捍酒府尼 饶公胶 2辆 (琶1),惑柯侥前,离/胶橇饭靛,SAUCE_SEASONING,饶公胶,JCDM
辫荐版狼 窍风积侥 28器,固殿废 墨抛绊府,扁鸥,UNKNOWN,扁鸥,
[臂风橇饭家] 趋寸目乔 (30老盒),固殿废 墨抛绊府,扁鸥,UNKNOWN,扁鸥,臂风橇饭家
"概老蜡诀 家拳啊肋登绰快蜡 坷府瘤澄, 190ml, 12俺 12,500盔 (100ml寸 548盔) 郴老(老) 档馒 焊厘 5 (162164) 弥措 625盔 利赋",蜡力前,快蜡/滴蜡,DAIRY,快蜡,概老
[楷版寸] 皋剐 碍沥 125g,埃侥幅,苞磊/胶臣,SNACK,碍沥,楷版寸
[橇饭瘤耽] 浇扼捞胶 摹令 3辆,蜡力前,摹令,DAIRY,摹令,橇饭瘤耽
[赴飘] 竣伎繁胶 促农 檬妮复 4辆,埃侥幅,檬妮复/荤帕,SNACK,檬妮复,赴飘
"寝馆 货快汉澜逛 2俺涝 (趁悼), 420g, 1俺 25%6,580盔 4,920盔 (100g寸 1,171盔) 郴老(老) 货寒 档馒 焊厘 5 (13681) 弥措 246盔 利赋",埃祈侥,饭飘肺飘,RTC_MEAL,饭飘肺飘,寝馆 
[99练惯] 鉴混 练惯,埃祈侥,饭飘肺飘,RTC_MEAL,练惯,99练惯
[饭牢历胶骇府] 龋林魂 孺家MB3+ 诀柳救混 备捞侩 200g (趁厘),腊幅/拌鄂,家绊扁,RAW_MEAT,诀柳混,饭牢历胶骇府
[捞绢荐魂] 8窜拌 急喊茄 戈摹 秦魂拱 惫拱蒲 2辆 (琶1),炼固丰,炼固丰,SAUCE_SEASONING,腊荐蒲,捞绢荐魂
[单眉内] 竣胶飘扼滚柳 坷老 750mL,炼固丰,侥侩蜡/扁抚,SAUCE_SEASONING,棵府宏坷老,单眉内
茄尝佩佩 绊矫洒墨府  揭 1.5kg,盲家/邦拱幅,揭/棱邦,GRAIN,揭,茄尝佩佩
"聪厚矫 荤矫固 埃厘, 360ml, 2俺 5,780盔 (100ml寸 803盔) 郴老(老) 档馒 焊厘 5 (10103) 弥措 289盔 利赋",炼固丰,剧充/家胶,SAUCE_SEASONING,埃厘,聪厚矫
"龋炮拿泛记 俊季既 何靛矾款 家绊扁 固开惫 趁厘, 480g, 2俺 9%10,980盔 9,980盔 (100g寸 1,040盔) 郴老(老) 货寒 档馒 焊厘 4.5 (18596) 弥措 399盔 利赋",埃祈侥,剐虐飘,RTC_MEAL,剐虐飘,龋炮拿泛记
"窍覆 剧乾辫摹骂俺扼搁 呐 102g, 3俺 4%5,100盔 4,870盔 (1俺寸 1,623盔) 郴老(老) 档馒 焊厘 4.5 (221) 弥措 244盔 利赋",埃祈侥,扼搁,INSTANT,剧乾 辫摹骂俺 扼搁,窍覆
"赴飘 竣汲繁胶 85% 内内酒 促农 檬妮复, 100g, 1俺 6,260盔 (10g寸 626盔) 郴老(老) 档馒 焊厘 5 (928) 弥措 313盔 利赋",埃侥幅,檬妮复/荤帕,SNACK,檬妮复,赴飘
[巨目] 厚啊堪 滚磐 454g,蜡力前,滚磐/积农覆,DAIRY,滚磐,巨目
[伐抛捞喉] 龋林魂 剧部摹 250g,腊幅/拌鄂,剧绊扁,RAW_MEAT,剧部摹,伐抛捞喉
[溅仟靛] 蜡何檬逛 (9涝),埃祈侥,溜籍逛,INSTANT,溜籍 蜡何檬逛,溅仟靛
[窍覆] 怕剧檬 催汉澜帕 剐虐飘,埃祈侥,剐虐飘,RTC_MEAL,剐虐飘,窍覆
[茄固剧青] 抛捞农酒眶 啊福矫聪酒目乔 (7老盒),固殿废 墨抛绊府,扁鸥,UNKNOWN,扁鸥,茄固剧青
[Dole] 痢焊 酒焊墨档 500g (2涝) (磨饭魂),苞老/斑苞幅,苞老,RAW_FRUIT,酒焊墨档,Dole
"绊贰逛 侵 概霓剧充咐, 56g, 1俺 890盔 (10g寸 159盔) 郴老(老) 货寒 档馒 焊厘 5 (799) 弥措 45盔 利赋",埃侥幅,苞磊/胶臣,SNACK,绊贰逛,秦怕力苞
[盲急寸] 箕宏箕宏 剐虐飘(2牢盒),埃祈侥,剐虐飘,RTC_MEAL,剐虐飘,盲急寸
"悼盔 付矫绰蜡魂闭 酿乔胶 汗件酒咐, 350ml, 24俺 14,480盔 (100ml寸 172盔) 郴老(老) 档馒 焊厘 5 (34054) 弥措 724盔 利赋",澜丰,林胶,BEVERAGE,酿乔胶,悼盔
[漠畴飘] 摹挪 胶佩 250g,炼固丰,炼固丰,SAUCE_SEASONING,摹挪胶佩,漠畴飘
[乔磊肺后郊] 春垮 皋啊 浇扼捞胶 乔磊 5辆 (琶1),埃祈侥,趁悼侥前,FROZEN_MEAL,趁悼 乔磊,乔磊肺后郊
"讣篮拱俊 弊府呈府 GAP 牢刘 酒昏茄 尼唱拱, 300g, 2俺 1,720盔 (100g寸 287盔) 郴老(老) 货寒 档馒 焊厘 5 (31691) 弥措 86盔 利赋",盲家/邦拱幅,盲家,RAW_PRODUCE,尼唱拱,讣篮拱俊
"伙赋 惯瓤滚磐 蝶海菩胶抿府, 80g, 4俺涝, 1俺 3,620盔 (10g寸 113盔) 郴老(老) 货寒 档馒 焊厘 5 (11036) 弥措 181盔 利赋",蜡力前,滚磐/积农覆,DAIRY,滚磐,伙赋
"惫郴魂 模券版 剧颇, 800g, 2俺 5,620盔 (100g寸 351盔) 郴老(老) 货寒 档馒 焊厘 4.5 (24404) 弥措 281盔 利赋",盲家/邦拱幅,盲家,RAW_PRODUCE,剧颇,
"绊固匙 汉篮 酒阁靛盒富, 500g, 1俺 9,900盔 (100g寸 1,980盔) 郴老(老) 档馒 焊厘 4.5 (160) 弥措 495盔 利赋",炼固丰,啊风盒富,SAUCE_SEASONING,酒阁靛 啊风,绊固匙
[付南坷] 宏扼快聪 官捞飘 2辆 (琶1),埃侥幅,叼历飘/纳捞农,BAKERY,宏扼快聪,付南坷
[Dole] 磨饭 酒焊墨档 1kg,苞老/斑苞幅,苞老,RAW_FRUIT,酒焊墨档,Dole
[柳啊匙馆蛮] 内促府埃厘炼覆,埃祈侥,饭飘肺飘,RTC_MEAL,饭飘肺飘,柳啊匙馆蛮
[基钎] 惫魂尼 剧炼埃厘 2辆 (琶1),炼固丰,剧充/家胶,SAUCE_SEASONING,剧炼埃厘,基钎
[汲驱淬] 力玫 孺堪家 柳咀 30器,固殿废 墨抛绊府,扁鸥,UNKNOWN,扁鸥,汲驱淬
"磅磅 公亲积力 措鄂, 25备, 1俺 7,990盔 (1备寸 320盔) 郴老(老) 货寒 档馒 焊厘 4.5 (2432) 弥措 400盔 利赋",腊幅/拌鄂,拌鄂,RAW_MEAT,拌鄂,磅磅
"磅磅 坷府瘤朝 催啊娇混 浇扼捞胶 (趁悼), 100g, 1俺涝, 5俺 49%19,900盔 10,070盔 (100g寸 2,014盔) 郴老(老) 货寒 档馒 焊厘 5 (36618) 弥措 504盔 利赋",腊幅/拌鄂,催绊扁,RAW_MEAT,催啊娇混,磅磅
[Sea to Table] 汉澜逛侩 颊龙 货快混 200g (趁悼) (91/120 荤捞令),荐魂拱,货快/霸,RAW_SEAFOOD,货快,Sea to Table
[厚框馆蛮] 擒皑磊盲汉澜,埃祈侥,馆蛮幅,SIMPLE_PROCESSED,皑磊盲 汉澜,厚框馆蛮
[府倔蹿磐] 厚鸥刮D 5000IU (120老盒),固殿废 墨抛绊府,扁鸥,UNKNOWN,扁鸥,
"曼橇饭 公拳苞 坷府绕力 浇扼捞胶, 500g, 1俺 9,620盔 (100g寸 1,924盔) 郴老(老) 货寒 档馒 焊厘 5 (1893) 弥措 481盔 利赋",腊幅/拌鄂,坷府绊扁,RAW_MEAT,绕力坷府,曼橇饭
[概霓窍风] 快伙般 付扼 侗汉捞,埃祈侥,剐虐飘,RTC_MEAL,剐虐飘,概霓窍风
[绊贰荤] 绢宫搁快悼,埃祈侥,剐虐飘,RTC_MEAL,剐虐飘,绊贰荤
[Dole] 漂急 官唱唱 550g,苞老/斑苞幅,苞老,RAW_FRUIT,官唱唱,Dole
"磅磅 堡玫 档矫遏辫, 5g, 32俺 19%12,900盔 10,420盔 (10g寸 651盔) 郴老(老) 档馒 焊厘 货 惑前, 馆前-固俺豪 (2) 弥历9,890盔 5 (254475) 弥措 521盔 利赋",惑柯侥前,辫/磊馆,DRIED_SEAFOOD,辫,磅磅
[春坷府柳] 捞呈敲肺扼 固坷捞畴矫喷&妮赴 30器,固殿废 墨抛绊府,扁鸥,UNKNOWN,扁鸥,春坷府柳
[付令] 骏矩骏令 500g 2辆 (琶1),埃侥幅,檬妮复/荤帕,SNACK,骏浚骏令,付令
[嫡备唱公] 坷捞家冠捞,埃祈侥,馆蛮幅,SIMPLE_PROCESSED,坷捞家冠捞,嫡备唱公
[救惫扒碍] 救缴 厚鸥刮C (60老盒),固殿废 墨抛绊府,扁鸥,UNKNOWN,扁鸥,救惫扒碍
"胶鸥棍胶 促农 肺胶飘 酒皋府墨畴 盔滴目乔雇胶, 1.1g, 30俺涝, 1俺 10%10,900盔 9,790盔 (10g寸 2,967盔) 郴老(老) 档馒 焊厘 5 (13814) 弥措 490盔 利赋",澜丰,目乔/瞒,BEVERAGE,目乔啊风,胶鸥棍胶
[疙肥清] 孺烙磊 牢例固 1kg (茄魄),埃侥幅,侗,SNACK,牢例固,疙肥清
"厚厚绊 配辆辫 5龋, 1技飘 37%13,900盔 8,650盔 (1技飘寸 8,650盔) 郴老(老) 档馒 焊厘 4.5 (1572) 弥措 433盔 利赋",惑柯侥前,辫/磊馆,DRIED_SEAFOOD,辫,厚厚绊
[快府剐] 滤垫 牢例固 葛唱墨 技飘,埃侥幅,侗,SNACK,牢例固,快府剐
[KF365] 1+ 茄快 殿缴 300g(趁厘),腊幅/拌鄂,家绊扁,RAW_MEAT,家 殿缴,KF365
蜡扁丑 扑能侩 苛荐荐 250g,盲家/邦拱幅,盲家,RAW_PRODUCE,苛荐荐,
[坷犊喉发扼骇] 傈瘤 海捞牧,腊幅/拌鄂,啊傍腊(擒/家矫瘤),PROCESSED_MEAT,海捞牧,坷犊喉发扼骇
"歹窜归 靛傅农 目乔 A, 250ml, 18俺 30%34,800盔 24,320盔 (100ml寸 540盔) 郴老(老) 档馒 焊厘 5 (12302) 弥措 1,216盔 利赋",澜丰,目乔/瞒,BEVERAGE,目乔,歹窜归
"秦怕力苞 备款皑磊, 24g, 30俺 14,890盔 (10g寸 207盔) 郴老(老) 档馒 焊厘 5 (108318) 弥措 707盔 利赋",埃侥幅,苞磊/胶臣,SNACK,备款皑磊,秦怕力苞
"巢剧蜡诀 咐乐绰快蜡GT 绊家茄 遏配橇府, 900ml, 1俺 3,780盔 (100ml寸 420盔) 郴老(老) 货寒 档馒 焊厘 5 (192140) 弥措 189盔 利赋",蜡力前,快蜡/滴蜡,DAIRY,遏配橇府 快蜡,巢剧
[固磊攫聪匙 规狙埃] 窜龋冠 内内秤 牢例固(200g),埃侥幅,侗,SNACK,牢例固,固磊攫聪匙 规狙埃
"楷技滴蜡 敲饭牢, 1L, 12俺 11,640盔 (100ml寸 97盔) 2/11(荐) 档馒 抗沥 4.5 (6673) 弥措 582盔 利赋",蜡力前,快蜡/滴蜡,DAIRY,滴蜡,楷技滴蜡
"模券版 惫郴魂 曝捞滚几, 360g, 3俺 2,960盔 (100g寸 274盔) 郴老(老) 货寒 档馒 焊厘 5 (12739) 弥措 148盔 利赋",盲家/邦拱幅,滚几,RAW_PRODUCE,曝捞滚几,
"惫郴魂 捞呕府救 颇浇府, 30g, 3俺 5,670盔 (100g寸 6,300盔) 郴老(老) 货寒 档馒 焊厘 5 (8400) 弥措 284盔 利赋",炼固丰,氢脚丰/倾宏,SAUCE_SEASONING,颇浇府,
"农扼款 绊家茄 顶尼击靛, 279g, 1俺 36%4,600盔 2,930盔 (10g寸 105盔) 郴老(老) 货寒 档馒 焊厘 5 (1696) 弥措 146盔 利赋",埃侥幅,苞磊/胶臣,SNACK,顶尼击靛,农扼款
[KF365] 局龋冠 1俺,盲家/邦拱幅,盲家,RAW_PRODUCE,局龋冠,KF365
[局蕉府] 浆覆橇&阂绊扁 岿巢接,埃祈侥,剐虐飘,RTC_MEAL,剐虐飘,局蕉府
[丑缴] 楼颇霸萍裹棍 6涝,埃祈侥,扼搁,INSTANT,楼颇霸萍 裹棍,丑缴
[柳哩] 积碍瞒 10俺 3辆 (琶1),澜丰,目乔/瞒,BEVERAGE,积碍瞒,柳哩
"规狙埃没斥 拘仿栏肺 汉篮 焊府瞒, 500g, 1俺涝, 3俺 且牢51%28,900盔 14,020盔 (10g寸 93盔) 郴老(老) 档馒 焊厘 5 (13668) 弥措 701盔 利赋",澜丰,目乔/瞒,BEVERAGE,焊府瞒,规狙埃没斥
[焙魂 捞己寸] 揭吗户 (100g X 4俺涝),埃侥幅,户幅,BAKERY,吗户,焙魂 捞己寸
[妇付剐] 救缴捞蜡侥 9俺岿 4辆 (琶1),腊幅/拌鄂,家绊扁,RAW_MEAT,家 救缴,妇付剐
[窍捞飘柳肺] 窍捞飘 力肺 器羔肺 公舅妮 (350mL X 6牡),贱,钙林,ALCOHOL,钙林,窍捞飘柳肺
[扁厘拱魂] 秦魂 魂葛固开,荐魂拱,固开/促矫付,DRIED_SEAFOOD,固开,扁厘拱魂
[单眉内] 官龙其胶配 190g,惑柯侥前,离/胶橇饭靛,SAUCE_SEASONING,官龙其胶配,单眉内
[滴蜡夯祸] 窜龋冠 酒魔滴蜡 (190mL X 10俺),蜡力前,快蜡/滴蜡,DAIRY,滴蜡,滴蜡夯祸
"磅磅 with 掸付农 傈侩格厘 快蜡, 900ml, 1俺 2,780盔 (100ml寸 309盔) 郴老(老) 货寒 档馒 焊厘 5 (52387) 弥措 139盔 利赋",蜡力前,快蜡/滴蜡,DAIRY,快蜡,掸付农
[Dole] 颇颇具 1俺 450g (1俺),苞老/斑苞幅,苞老,RAW_FRUIT,颇颇具,Dole
[ORGA] 八沥尼 葛醋户 (26g X 8俺涝),埃侥幅,户幅,BAKERY,葛醋户,ORGA
[矫逢府] 蜡扁丑 竣胶飘扼 滚柳 棵府宏 坷老 3辆 (琶1),炼固丰,侥侩蜡/扁抚,SAUCE_SEASONING,棵府宏坷老,矫逢府
[钱公盔] 惯荤雇 棵府宏蜡 靛饭教 525g,炼固丰,剧充/家胶,SAUCE_SEASONING,惯荤雇 侥檬,钱公盔
"力林伙促荐 弊赴 公扼骇, 2L, 18俺 19,440盔 (100ml寸 54盔) 郴老(老) 档馒 焊厘 5 (729952) 弥措 972盔 利赋",澜丰,积荐,BEVERAGE,积荐,力林伙促荐
[炼急龋炮] 帕荐腊 450g,埃祈侥,趁悼侥前,FROZEN_MEAL,趁悼 帕荐腊,炼急龋炮
[Dole] 鞘府巧 榜靛 颇牢局敲 1.5kg (1烹),苞老/斑苞幅,苞老,RAW_FRUIT,颇牢局敲,Dole
"辑匡快蜡 酒魔俊林胶 荤苞, 950ml, 1俺 3,970盔 (100ml寸 418盔) 郴老(老) 货寒 档馒 焊厘 5 (29935) 弥措 199盔 利赋",澜丰,林胶,BEVERAGE,荤苞 林胶,辑匡快蜡
"钧努殴 阂副鞘夸绝绰 蓖府揭, 2kg, 1俺 37%7,980盔 4,980盔 (100g寸 249盔) 郴老(老) 档馒 焊厘 4.5 (6676) 弥措 249盔 利赋",盲家/邦拱幅,揭/棱邦,GRAIN,蓖府揭,钧努殴
[KF365] 积 殿缴 捣鳖胶 1kg (趁厘),埃祈侥,剐虐飘,RTC_MEAL,剐虐飘,KF365
[茄尝烹混] 催啊娇混 杭 5辆 (1蒲) (琶1),埃祈侥,饭飘肺飘,RTC_MEAL,饭飘肺飘,茄尝烹混
"基钎 咐埃厘 炼覆汉澜侩, 860ml, 1俺 19%8,810盔 7,070盔 (100ml寸 822盔) 郴老(老) 档馒 焊厘 5 (35622) 弥措 354盔 利赋",炼固丰,剧充/家胶,SAUCE_SEASONING,埃厘,基钎
[染己绵蛆茄快] 1++ 茄快 殿缴 胶抛捞农 200g (趁厘),腊幅/拌鄂,家绊扁,RAW_MEAT,家 殿缴,染己绵蛆茄快
[Dole] 秦陛 榜靛虐困 1kg,苞老/斑苞幅,苞老,RAW_FRUIT,虐困,Dole
"巢剧蜡诀 捞坷 夸备福飘, 80ml, 10俺涝, 1俺 4,400盔 (10ml寸 55盔) 郴老(老) 货寒 档馒 焊厘 5 (138292) 弥措 220盔 利赋",蜡力前,夸芭飘,DAIRY,夸备福飘,巢剧蜡诀
[棵靛其府档秤] 矫弊聪贸 档秤 3辆 (2俺涝) (琶1),埃侥幅,叼历飘/纳捞农,BAKERY,档秤,棵靛其府档秤
[侨矩摹令] 固聪 摹令 敲贰磐 222g,蜡力前,摹令,DAIRY,摹令,侨矩摹令
"坷堆扁 呐逛 柳芦煌逛, 217.5g, 2俺 22%6,160盔 4,800盔 (100g寸 1,103盔) 郴老(老) 档馒 焊厘 5 (3988) 弥措 240盔 利赋",埃祈侥,饭飘肺飘,RTC_MEAL,饭飘肺飘,坷堆扁
"力穿 胶抛厚酒 橇肺凭 窜归龙 目乔雇胶, 9.8g, 60俺涝, 1俺 44%49,900盔 27,680盔 (10g寸 471盔) 郴老(老) 档馒 焊厘 4.5 (9705) 弥措 1,384盔 利赋",澜丰,目乔/瞒,BEVERAGE,目乔雇胶,力穿
[皋辆骏坷] 戎扯矫俊 5备 技飘 160g,埃侥幅,户幅,BAKERY,戎扯矫俊,皋辆骏坷
[疯飘] 酒捞浇鄂雕 夸芭飘 100g 2辆 (琶1),蜡力前,夸芭飘,DAIRY,夸芭飘,疯飘
[弊赤狼户傍厘] 家陛户 75g,埃侥幅,户幅,BAKERY,家陛户,弊赤狼户傍厘
[辣绊笼] 钙林瓤葛券 500g,固殿废 墨抛绊府,扁鸥,UNKNOWN,扁鸥,辣绊笼
[固林扼] 淬归茄 农贰目 2辆 (琶1),埃侥幅,苞磊/胶臣,SNACK,农贰目,固林扼
[康霖格厘] 付胶墨器匙 摹令 150g,蜡力前,摹令,DAIRY,摹令,康霖格厘
"档靛恩茄捣 菊促府 阂绊扁侩 1殿鞭 (趁厘), 500g, 1俺 9,240盔 (100g寸 1,848盔) 郴老(老) 货寒 档馒 焊厘 4.5 (50714) 弥措 462盔 利赋",腊幅/拌鄂,蹬瘤绊扁,RAW_MEAT,蹬瘤 菊促府混,档靛恩茄捣
[概老] 弃官悸 绢皋捞隆 坷飘 目乔 330ml 2辆 (琶1),澜丰,目乔/瞒,BEVERAGE,目乔,概老
[dole] 饶讽杭 噶绊 4涝蒲,苞老/斑苞幅,苞老,RAW_FRUIT,苞老呐,Dole
"秦钎 采家陛, 1kg, 2俺 3,900盔 (100g寸 195盔) 郴老(老) 货寒 档馒 焊厘 5 (1937) 弥措 195盔 利赋",炼固丰,炼固丰,SAUCE_SEASONING,家陛,秦钎
[奴青汗] 力林 窜龋冠 居陛捞 甸绢埃 崔侗 (45g X 8俺),埃侥幅,侗,SNACK,侗,奴青汗
"磅磅 舅蛮 饶尔农家矫瘤, 500g, 2俺涝 11,530盔 (10g寸 115盔) 郴老(老) 货寒 档馒 焊厘 5 (26786) 弥措 576盔 利赋",腊幅/拌鄂,啊傍腊(擒/家矫瘤),PROCESSED_MEAT,家矫瘤,磅磅
[捞绢荐魂] 8窜拌 急喊茄 汉澜炼覆侩 戈摹 2辆 (琶1),荐魂拱,戈摹/扒绢拱,DRIED_SEAFOOD,戈摹,捞绢荐魂
[巢促弗胶臣] 皑怕&坷府瘤澄 坷鄂促 (33g X 6俺),埃侥幅,苞磊/胶臣,SNACK,坷鄂促,巢促弗胶臣
[乔磊肺后郊] 春垮 皋啊 浇扼捞胶 乔磊 绊福帮凉扼,埃祈侥,趁悼侥前,FROZEN_MEAL,趁悼 乔磊,乔磊肺后郊
[辑匡墨胶抛扼] 墨胶抛扼 3辆 (琶1),埃侥幅,户幅,BAKERY,墨胶抛扼,辑匡墨胶抛扼
"惫郴魂 模券版 蠢鸥府滚几, 200g, 1俺 1,780盔 (100g寸 890盔) 郴老(老) 货寒 档馒 焊厘 5 (230187) 弥措 89盔 利赋",盲家/邦拱幅,滚几,RAW_PRODUCE,蠢鸥府滚几,
"海瘤剐 厚 崔霓茄 滴蜡, 190ml, 16俺 11,910盔 (100ml寸 392盔) 郴老(老) 货寒 档馒 焊厘 货 惑前, 馆前-固俺豪 (2) 弥历11,310盔 5 (19718) 弥措 595盔 利赋",蜡力前,快蜡/滴蜡,DAIRY,滴蜡,海瘤剐
档扼瘤没,炼固丰,剧充/家胶,SAUCE_SEASONING,档扼瘤没,
牢扁 催啊娇混 12辆 (琶1),腊幅/拌鄂,催绊扁,RAW_MEAT,催啊娇混,
[杭力呈鼓矾] 蜡扁丑 矫府倔 2辆,惑柯侥前,矫府倔,GRAIN,矫府倔,杭力呈鼓矾
"墨仟配1924 靛扼捞 捞胶飘, 1俺, 100g 5,800盔 (100g寸 5,800盔) 郴老(老) 档馒 焊厘 5 (1343) 弥措 290盔 利赋",炼固丰,啊风盒富,SAUCE_SEASONING,捞胶飘,墨仟配1924
"秦钎 采家陛, 3kg, 1俺 4,900盔 (100g寸 163盔) 郴老(老) 档馒 焊厘 5 (11031) 弥措 245盔 利赋",炼固丰,炼固丰,SAUCE_SEASONING,家陛,秦钎
"磅磅 规匡配付配, 500g, 2蒲 9,660盔 (100g寸 966盔) 郴老(老) 货寒 档馒 焊厘 4.5 (44082) 弥措 483盔 利赋",盲家/邦拱幅,盲家,RAW_PRODUCE,规匡配付配,磅磅
"秦蛮甸 嘛厘 接厘 譬宏屈, 300g, 1俺 44%4,060盔 2,250盔 (100g寸 750盔) 郴老(老) 货寒 档馒 焊厘 5 (656) 弥措 113盔 利赋",炼固丰,剧充/家胶,SAUCE_SEASONING,接厘,秦蛮甸
"措备丑魂 扒碍茄逛惑 惫魂 泅固, 2kg, 1俺 46%15,900盔 8,490盔 (100g寸 425盔) 郴老(老) 货寒 档馒 焊厘 5 (4508) 弥措 425盔 利赋",盲家/邦拱幅,揭/棱邦,GRAIN,泅固,措备丑
[付捞农绊皋] 拳捞飘飘矾敲 坷老 1辆 (冠胶器窃),炼固丰,侥侩蜡/扁抚,SAUCE_SEASONING,飘矾敲 坷老,付捞农绊皋
[扒绢拱惑雀] 惫拱侩戈摹 600g,荐魂拱,戈摹/扒绢拱,DRIED_SEAFOOD,戈摹,扒绢拱惑雀
[丑蛆浅魂辫摹]醚阿辫摹 3kg,埃祈侥,馆蛮幅,SIMPLE_PROCESSED,醚阿辫摹,丑蛆浅魂辫摹
[Dole] 饶讽呐 噶绊 198g,苞老/斑苞幅,苞老,RAW_FRUIT,苞老呐,Dole
"DIAMOND 闰促府 货快混 60~79付府 (趁悼), 900g(31/40), 1俺 16,950盔 (100g寸 1,883盔) 郴老(老) 货寒 档馒 焊厘 5 (5161) 弥措 848盔 利赋",荐魂拱,货快/霸,RAW_SEAFOOD,货快,DIAMOND
[KF365] 固惫魂 蹬瘤绊扁 伙般混 备捞侩 2辆,腊幅/拌鄂,蹬瘤绊扁,RAW_MEAT,蹬瘤绊扁,KF365
[CU 侨诀] 林扼18斥,贱,扁鸥 林幅,ALCOHOL,困胶虐,
[傈烹林] 窍捞磐摹 刘幅家 磐摹柳 (40档 500mL),贱,扁鸥 林幅,ALCOHOL,柳,傈烹林
"瘤档钎己版 犁贰 傈厘辫, 37g, 5俺 32%17,000盔 11,500盔 (10g寸 622盔) 郴老(老) 档馒 焊厘 货 惑前, 馆前 (6) 弥历10,150盔 5 (37278) 弥措 575盔 利赋",惑柯侥前,辫/磊馆,DRIED_SEAFOOD,辫,瘤档钎己版
[秦怕] 固聪 磊蜡矫埃 固聪 檬妮复官 380g,埃侥幅,檬妮复/荤帕,SNACK,檬妮复,秦怕
[俊浆饭] 橇尔胶 圈剐农 戈闭快蜡 1L,蜡力前,快蜡/滴蜡,DAIRY,快蜡,俊浆饭
[没冕丑厘] 沥流茄 档扼瘤硅馏 30器,固殿废 墨抛绊府,扁鸥,UNKNOWN,扁鸥,没冕丑厘
"窍覆 IFF 公亲积力 牢刘 催啊娇混 促咙腊 捞蜡侥侩 2窜拌 (趁悼), 300g, 2俺 10,590盔 (100g寸 1,765盔) 郴老(老) 货寒 档馒 焊厘 5 (6297) 弥措 530盔 利赋",腊幅/拌鄂,催绊扁,RAW_MEAT,催啊娇混,窍覆
"给积败档 咐乐绰 剧价捞滚几, 300g, 1俺 4,540盔 (100g寸 1,513盔) 郴老(老) 货寒 档馒 焊厘 5 (6095) 弥措 227盔 利赋",盲家/邦拱幅,滚几,RAW_PRODUCE,剧价捞滚几,
"磅磅 悼拱汗瘤 公亲积力 蜡沥鄂, 1俺, 30备 11,950盔 (1备寸 398盔) 郴老(老) 货寒 档馒 焊厘 4.5 (361) 弥措 598盔 利赋",腊幅/拌鄂,拌鄂,RAW_MEAT,拌鄂,磅磅
[踌祸茄快] 茄快 腊器 (3俺涝),腊幅/拌鄂,啊傍腊(擒/家矫瘤),PROCESSED_MEAT,腊器,踌祸茄快
[嫡备唱公] 磷鉴汉澜,埃祈侥,馆蛮幅,SIMPLE_PROCESSED,磷鉴汉澜,嫡备唱公
[急拱技飘] 加檬 技防霸萍目乔 萍弊饭 6辆 技飘 375g,埃侥幅,叼历飘/纳捞农,BAKERY,萍弊饭,
[钱公盔] 积父滴 绊扁 矫陛摹 400g,埃祈侥,趁悼侥前,FROZEN_MEAL,趁悼 父滴,钱公盔
[KF365] 逛惑狼 柳固 揭 10kg,盲家/邦拱幅,揭/棱邦,GRAIN,揭,KF365
[窍府焊] 榜靛海坊 俩府 1kg (措侩樊),埃侥幅,檬妮复/荤帕,SNACK,俩府,窍府焊
[官抚剖] 模券版 技么 寸辟 500g,盲家/邦拱幅,盲家,RAW_PRODUCE,寸辟,官抚剖
坊瓶尼 2KG,盲家/邦拱幅,揭/棱邦,GRAIN,坊瓶尼,
"IQF 趁悼 催啊娇混 (趁悼), 2kg, 1俺 26%19,490盔 14,350盔 (100g寸 718盔) 郴老(老) 货寒 档馒 焊厘 5 (2303) 弥措 718盔 利赋",腊幅/拌鄂,催绊扁,RAW_MEAT,催啊娇混,IQF
[厚镁氢] 浇扼捞胶 腊器 3辆,腊幅/拌鄂,啊傍腊(擒/家矫瘤),PROCESSED_MEAT,腊器,厚镁氢
[剖俊捞飘] 圾矾靛 3辆,埃祈侥,圾矾靛蒲,RTC_MEAL,圾矾靛,剖俊捞飘
"荤炼曼摹 混内扁 救缴蝶俺, 135g, 8俺 11,820盔 (10g寸 109盔) 郴老(老) 档馒 焊厘 5 (194170) 弥措 591盔 利赋",惑柯侥前,曼摹/胶圃牡,CANNED,曼摹牡,荤炼曼摹
"概老官捞坷 ZERO 夸备福飘, 190ml, 24俺 47%24,000盔 12,590盔 (10ml寸 28盔) 郴老(老) 档馒 焊厘 5 (6077) 弥措 630盔 利赋",蜡力前,夸芭飘,DAIRY,夸备福飘,概老官捞坷
"磅磅 倒倒富捞 公楷榜 措菩 伙般混 (趁悼), 500g, 1俺 22%8,990盔 6,950盔 (100g寸 1,390盔) 郴老(老) 货寒 档馒 焊厘 4.5 (152015) 弥措 348盔 利赋",腊幅/拌鄂,蹬瘤绊扁,RAW_MEAT,措菩 伙般混,磅磅
[档唱胶单捞] 矫弊聪贸 农覆档秤 4辆 技飘,埃侥幅,叼历飘/纳捞农,BAKERY,档秤,档唱胶单捞
炼阿 宏肺妮府 250g,盲家/邦拱幅,盲家,RAW_PRODUCE,宏肺妮府,
[Sea to Table] 颊龙 积货快混 500g (趁悼),荐魂拱,货快/霸,RAW_SEAFOOD,货快,Sea to Table
[脾辫傍规] 农覆货快,埃祈侥,趁悼侥前,FROZEN_MEAL,趁悼 脾辫,脾辫傍规
[弃 官悸] Nata 器福捧哎 俊弊鸥福飘 (坷府瘤澄),埃侥幅,叼历飘/纳捞农,BAKERY,俊弊鸥福飘,弃 官悸
[没沥盔] 府摹何绢胶飘 漠笼 厚浚唱 家矫瘤 300g,腊幅/拌鄂,啊傍腊(擒/家矫瘤),PROCESSED_MEAT,家矫瘤,没沥盔
[蜡扁规酒] 曹侗 3辆 (琶1),埃侥幅,侗,SNACK,曹侗,蜡扁规酒
[Dole] 饶讽呐 颇牢局敲 198g,苞老/斑苞幅,苞老,RAW_FRUIT,苞老呐,Dole
[仟靛棵肺瘤] 饭靛厚飘 柳历 鸡,固殿废 墨抛绊府,扁鸥,UNKNOWN,扁鸥,仟靛棵肺瘤
[扼尼厚俊飘] AOP 厚啊堪 滚磐 (15gX30俺涝),蜡力前,滚磐/积农覆,DAIRY,滚磐,扼尼厚俊飘
"饭静厚 付老靛 目乔, 240ml, 30俺 且牢5%11,380盔 10,780盔 (100ml寸 150盔) 2/10(拳) 档馒 抗沥 5 (168331) 弥措 539盔 利赋",澜丰,目乔/瞒,BEVERAGE,牡目乔,饭静厚
[虐框沥] 虐框沥 钢萍厚鸥刮固匙饿 备固俩府 (30老盒),固殿废 墨抛绊府,扁鸥,UNKNOWN,扁鸥,虐框沥
"钙缴 酒扼厚墨 100 盔滴 目乔雇胶, 150g, 1俺涝, 1俺 8,650盔 (10g寸 577盔) 郴老(老) 档馒 焊厘 5 (25780) 弥措 433盔 利赋",澜丰,目乔/瞒,BEVERAGE,目乔雇胶,钙缴
"概老蜡诀 家拳啊 肋登绰 快蜡 窜归龙, 930ml, 2俺 8,000盔 (100ml寸 430盔) 郴老(老) 货寒 档馒 焊厘 5 (12097) 弥措 400盔 利赋",蜡力前,快蜡/滴蜡,DAIRY,快蜡,概老蜡诀
[厚厚绊] 滴何惦灰 等厘骂俺 460g,埃祈侥,饭飘肺飘,RTC_MEAL,饭飘肺飘,厚厚绊
"捞芬 炔己林 冠荤狼 惫魂尼 滴蜡 八篮尼 绊漠椒, 190ml, 24俺 49%26,900盔 13,630盔 (100ml寸 299盔) 郴老(老) 档馒 焊厘 5 (171167) 弥措 681盔 利赋",蜡力前,快蜡/滴蜡,DAIRY,滴蜡,捞芬
[秦烹飞] 腊荐茄舅 柳茄 咐 (内牢腊荐/25沥),炼固丰,炼固丰,SAUCE_SEASONING,内牢腊荐,秦烹飞
"悼盔 绕力楷绢 坷府瘤澄 (趁悼), 180g, 1俺 20%11,900盔 9,450盔 (100g寸 5,250盔) 郴老(老) 货寒 档馒 焊厘 5 (6239) 弥措 425盔 利赋",荐魂拱,绢腊啊傍侥前,SIMPLE_PROCESSED,绕力楷绢,悼盔
[悼盔] 俺己 空父滴 2辆 1.2kg (琶1),埃祈侥,趁悼侥前,FROZEN_MEAL,趁悼 父滴,悼盔
[格快锰] 林何9窜 皋辆 妮靛钠擒 厚绢匠乃 370g,腊幅/拌鄂,啊傍腊(擒/家矫瘤),PROCESSED_MEAT,擒,格快锰
[CnF] 措颇&海捞牧 农覆摹令 100g,蜡力前,摹令,DAIRY,农覆摹令,CnF
[基钎] 鉴累 蜡扁丑 烹舅邦 焊府瞒 1kg,澜丰,目乔/瞒,BEVERAGE,焊府瞒,基钎
[厚厚绊] 档盆 悼弊尔动,埃祈侥,饭飘肺飘,RTC_MEAL,饭飘肺飘,厚厚绊
"磅磅 悼拱汗瘤 快蜡, 900ml, 1蒲 3,070盔 (100ml寸 341盔) 郴老(老) 货寒 档馒 焊厘 5 (7599) 弥措 154盔 利赋",蜡力前,快蜡/滴蜡,DAIRY,快蜡,磅磅
[柳角等颊咐] 茄捣 棱盲 (趁悼),埃祈侥,馆蛮幅,SIMPLE_PROCESSED,棱盲,柳角等颊咐
[RARE : 饭绢] 1++(8) 茄快 阂绊扁 200g,腊幅/拌鄂,家绊扁,RAW_MEAT,阂绊扁侩 家绊扁,RARE : 饭绢
[饭坷唱福叼] 拳捞飘 飘矾敲 惯荤雇 能叼膏配,炼固丰,剧充/家胶,SAUCE_SEASONING,惯荤雇 侥檬,饭坷唱福叼
[飘客捞醋] 萍归 3辆 (10俺) (琶1),澜丰,目乔/瞒,BEVERAGE,萍归,飘客捞醋
"[急拱技飘][傈烹林] 坷豪档 没客措急沥林技飘_巩硅贱25,捞碍林19,贾价林13,茄魂家邦林18",贱,傈烹林,ALCOHOL,刘幅 家林,傈烹林
权颇萍 摹令 敲贰磐 歹喉(2-3牢侩),蜡力前,摹令,DAIRY,摹令,
[窍覆] 侩啊府 摹挪 850g,埃祈侥,趁悼侥前,FROZEN_MEAL,侩啊府摹挪,窍覆
"没沥盔 蜡扁丑 孺汲帕, 454g, 1俺 4,300盔 (100g寸 947盔) 郴老(老) 档馒 焊厘 5 (7945) 弥措 215盔 利赋",炼固丰,炼固丰,SAUCE_SEASONING,孺汲帕,没沥盔
"炼牢 公亲积力 归祸措鄂, 30备, 1俺 8,690盔 (1备寸 290盔) 郴老(老) 货寒 档馒 焊厘 5 (94574) 弥措 435盔 利赋",腊幅/拌鄂,拌鄂,RAW_MEAT,拌鄂,炼牢
[逢风妇] 快府酒捞 灌篮嚼包 寸辟荤苞 20器,固殿废 墨抛绊府,扁鸥,UNKNOWN,扁鸥,逢风妇
"堆饭馆 惫魂 揭啊风, 1kg, 2俺 5%10,000盔 9,500盔 (100g寸 475盔) 郴老(老) 档馒 焊厘 4.5 (4273) 弥措 475盔 利赋",炼固丰,啊风盒富,SAUCE_SEASONING,揭啊风,堆饭馆
"老府 促农肺胶飘 母蕉目乔, 6.7g, 21俺涝, 1俺 16,370盔 (10g寸 1,163盔) 郴老(老) 货寒 档馒 焊厘 货 惑前, 馆前-固俺豪 (3) 弥历15,550盔 5 (684) 弥措 819盔 利赋",澜丰,目乔/瞒,BEVERAGE,目乔母蕉,老府
[辫备盔急积] 荐涝 蜡何 浇扼捞胶,盲家/邦拱幅,尼/滴何,SIMPLE_PROCESSED,蜡何,辫备盔急积
"迄鸥唱 墨福聪酒 海捞牧 矩 赣浆冯 农覆 颇胶鸥 家胶, 430g, 1俺 43%11,980盔 6,800盔 (100g寸 1,581盔) 郴老(老) 档馒 焊厘 货 惑前, 馆前-固俺豪 (30) 弥历6,460盔 5 (43356) 弥措 340盔 利赋",埃祈侥,剐虐飘,RTC_MEAL,剐虐飘,迄鸥唱
"CJ疙啊 揪力捞 犁贰辫 12p, 48g, 1俺 37%5,480盔 3,450盔 (10g寸 719盔) 郴老(老) 档馒 焊厘 5 (4777) 弥措 173盔 利赋",惑柯侥前,辫/磊馆,DRIED_SEAFOOD,辫,CJ疙啊
"模券版 部付 剧硅眠, 500g, 1俺, 500g 2,190盔 (100g寸 438盔) 郴老(老) 货寒 档馒 焊厘 4.5 (2888) 弥措 110盔 利赋",盲家/邦拱幅,盲家,RAW_PRODUCE,剧硅眠,
"[Extra No.1 殿鞭] 厚捞明 绊家茄 备款 酒阁靛, 1俺, 500g 且牢50%27,800盔 13,900盔 (100g寸 2,780盔) 郴老(老) 档馒 焊厘 5 (169) 弥措 695盔 利赋",苞老/斑苞幅,斑苞幅,RAW_FRUIT,酒阁靛,Extra No.1 殿鞭
[PPUL] 1++(9) 茄快 肺胶 殿缴 150g (趁厘),腊幅/拌鄂,家绊扁,RAW_MEAT,家 殿缴,PPUL
"橇府固决 蜡扁丑 剧硅眠, 1kg, 1俺涝, 1俺 6,990盔 (100g寸 699盔) 郴老(老) 货寒 档馒 焊厘 5 (394) 弥措 350盔 利赋",盲家/邦拱幅,盲家,RAW_PRODUCE,剧硅眠,
[G7] 腔绢喉发 扼捞飘 2辆 (琶1),澜丰,目乔/瞒,BEVERAGE,目乔啊风,G7
[磊烙] 硅档扼瘤 NFC 馒馏林胶 10器,固殿废 墨抛绊府,扁鸥,UNKNOWN,扁鸥,磊烙
[没坷扒碍] 蜡扁丑 揭啊风,炼固丰,啊风盒富,SAUCE_SEASONING,揭啊风,没坷扒碍
公丑距 汲盔滚几 400g,盲家/邦拱幅,滚几,RAW_PRODUCE,汲盔滚几,
"器胶飘 坷邦 内内杭 矫府倔, 570g, 1俺 5,060盔 (100g寸 888盔) 郴老(老) 货寒 档馒 焊厘 5 (14166) 弥措 253盔 利赋",惑柯侥前,矫府倔,GRAIN,内内杭,器胶飘
[绊眠疙啊] 辫摹骂俺 家胶 (150gX3蒲),炼固丰,剧充/家胶,SAUCE_SEASONING,辫摹骂俺 家胶,绊眠疙啊
[Fairday] 傍沥公开 官弗 扒噶绊 150g,苞老/斑苞幅,苞老,RAW_FRUIT,噶绊,Fairday
"秦狼遏 茄败匡堡玫 档矫遏辫, 5g, 16俺 30%7,900盔 5,500盔 (10g寸 688盔) 郴老(老) 档馒 焊厘 5 (4541) 弥措 275盔 利赋",惑柯侥前,辫/磊馆,DRIED_SEAFOOD,辫,秦狼遏
"扁部父 荤矫固 埃厘, 150ml, 1俺 30%5,000盔 3,490盔 (100ml寸 2,327盔) 郴老(老) 档馒 焊厘 4.5 (7044) 弥措 175盔 利赋",炼固丰,剧充/家胶,SAUCE_SEASONING,埃厘,扁部父
"钙缴 拳捞飘榜靛 目乔雇胶, 11.7g, 160俺涝, 2俺 49,700盔 (10g寸 133盔) 郴老(老) 档馒 焊厘 5 (302208) 弥措 2,485盔 利赋",澜丰,目乔/瞒,BEVERAGE,目乔雇胶,钙缴
"没坷扒碍 蜡扁丑 揭啊风, 350g, 1俺 3,750盔 (100g寸 1,071盔) 郴老(老) 货寒 档馒 焊厘 5 (637) 弥措 188盔 利赋",炼固丰,啊风盒富,SAUCE_SEASONING,揭啊风,没坷扒碍
"固开临扁, 300g, 1俺 2,530盔 (100g寸 843盔) 郴老(老) 货寒 档馒 焊厘 5 (11527) 弥措 126盔 利赋",荐魂拱,固开/促矫付,DRIED_SEAFOOD,固开,
[HBAF] 焙苛荐荐咐 酒阁靛 190g,苞老/斑苞幅,斑苞幅,RAW_FRUIT,酒阁靛,HBAF
[PPUL] 1++(9) 茄快 殿缴 怠混 备捞侩 150g (趁厘),腊幅/拌鄂,家绊扁,RAW_MEAT,家 殿缴,PPUL
[聪酒福] 宏捞纳绢 颇牢局敲咐 28沥,固殿废 墨抛绊府,扁鸥,UNKNOWN,扁鸥,聪酒福
[茄碍侥前] 催 救芒混 剧充备捞 300g (趁悼),埃祈侥,剐虐飘,RTC_MEAL,剐虐飘,茄碍侥前
"磅磅 盟盟 馆槛鄂 (趁厘), 20备, 1俺 35%15,590盔 9,980盔 (1备寸 499盔) 郴老(老) 货寒 档馒 焊厘 4.5 (155529) 弥措 499盔 利赋",腊幅/拌鄂,拌鄂,RAW_MEAT,馆槛鄂,磅磅 
[秦富赴] 滴例货快 90g,荐魂拱,货快/霸,RAW_SEAFOOD,货快,秦富赴
"剖俊捞飘 公丑距 牢刘 胶付飘剖 颊龙 剧惑眠, 60g, 1俺涝, 1俺 2,390盔 (100g寸 3,983盔) 郴老(老) 货寒 档馒 焊厘 4.5 (260) 弥措 120盔 利赋",盲家/邦拱幅,盲家,RAW_PRODUCE,剧惑眠,剖俊捞飘
[汽器聪坷] 竣胶飘扼 滚柳 棵府宏 坷老 3辆 (琶1),炼固丰,侥侩蜡/扁抚,SAUCE_SEASONING,棵府宏坷老,汽器聪坷
官唱点灰揭 4kg,盲家/邦拱幅,揭/棱邦,GRAIN,揭,
[客牢矩葛绢侨诀]竭 努饭绢 颇捞坷聪绢 喉废 家厚川 喉尔 ((客牢)),贱,客牢,ALCOHOL,拳捞飘 客牢,
[措蕊] 辑秦救 肮国俊辑 磊鄂 悼磷炼俺 1kg (积拱),荐魂拱,炼俺/傈汗,RAW_SEAFOOD,悼磷炼俺,措蕊
[皋辆靛炼俊] 钮宏 捻虐 技飘 162g,埃侥幅,苞磊/胶臣,SNACK,捻虐,皋辆靛炼俊
[辆啊] 咐辫摹 400g,埃祈侥,馆蛮幅,SIMPLE_PROCESSED,硅眠辫摹,辆啊
[柳角等颊咐] 固唱府 公积盲,盲家/邦拱幅,盲家,RAW_PRODUCE,公,柳角等颊咐
"坷饭坷坷令 矫府倔, 500g, 1俺 12%7,900盔 6,950盔 (100g寸 1,390盔) 郴老(老) 档馒 焊厘 5 (87862) 弥措 348盔 利赋",惑柯侥前,矫府倔,GRAIN,坷饭坷 坷令,
[窍捞飘柳肺] 窍捞飘 力肺 公舅妮 (350mL X 6牡),贱,钙林,ALCOHOL,钙林,窍捞飘柳肺
[HBAF] 秤明矩胶臣胶 顶尼 120g 5辆 (琶1),苞老/斑苞幅,斑苞幅,RAW_FRUIT,顶尼,HBAF
[玫瘤剧] 踌侩全伙 柳咀胶平 泅 30器,固殿废 墨抛绊府,扁鸥,UNKNOWN,扁鸥,玫瘤剧
[急拱技飘] 弊贰愁扼啊 甸绢埃 淬归斑苞 4辆技飘 3龋,惑柯侥前,矫府倔,GRAIN,弊贰愁扼,
[归汲] 哎祸汲帕 3辆,炼固丰,炼固丰,SAUCE_SEASONING,孺汲帕,归汲
"措覆急 何魂绢宫 绿标茄 具盲荤阿 4厘, 180g, 2俺 2,380盔 (100g寸 661盔) 郴老(老) 货寒 档馒 焊厘 5 (6037) 弥措 119盔 利赋",荐魂拱,绢腊啊傍侥前,SIMPLE_PROCESSED,绢宫,措覆急
[况目鳃龋炮] 醚阿辫摹 3kg,惑柯侥前,辫/磊馆,DRIED_SEAFOOD,辫,况目鳃龋炮
"付捞魂 钙馆籍 备款鄂, 30备, 2俺 13%27,900盔 24,200盔 (1备寸 403盔) 郴老(老) 货寒 档馒 焊厘 4.5 (90460) 弥措 1,210盔 利赋",腊幅/拌鄂,拌鄂,RAW_MEAT,备款鄂,付捞魂
"措惑 辆啊 咐辫摹 PET, 300g, 1俺 18%5,500盔 4,490盔 (100g寸 1,497盔) 郴老(老) 货寒 档馒 焊厘 5 (74215) 弥措 225盔 利赋",埃祈侥,馆蛮幅,SIMPLE_PROCESSED,硅眠辫摹,辆啊
[鉴芒己啊沥侥前] 宫篮瘤 没惫厘,炼固丰,剧充/家胶,SAUCE_SEASONING,没惫厘,鉴芒己啊沥侥前
[RARE : 饭绢] 1++(8) 茄快 措颇 富捞 150g,埃祈侥,剐虐飘,RTC_MEAL,剐虐飘,RARE : 饭绢
[饭叼喉冯] 历寸 橇肺凭 弊贰愁扼 3辆 (琶1),惑柯侥前,矫府倔,GRAIN,弊贰愁扼,饭叼喉冯
"沤荤 酒捻酒 胶颇努傅 敲饭牢 公扼骇, 6俺, 500ml 39%5,400盔 3,290盔 (100ml寸 110盔) 郴老(老) 货寒 档馒 焊厘 5 (1672) 弥措 165盔 利赋",澜丰,藕魂澜丰,BEVERAGE,藕魂荐,沤荤
蜡扁丑 埃祈 没剧绊眠 120g (趁悼),盲家/邦拱幅,盲家,RAW_PRODUCE,没剧绊眠,蜡扁丑
[吩单] 根僵 积农覆纳捞农 坷府瘤澄 408g,埃侥幅,苞磊/胶臣,SNACK,根僵,吩单
[付捞绢] 圈弊饭牢 200ml,炼固丰,剧充/家胶,SAUCE_SEASONING,圈弊饭牢 赣胶鸥靛,付捞绢
[厚厚绊] 宫篮瘤900G,埃祈侥,馆蛮幅,SIMPLE_PROCESSED,宫篮瘤,厚厚绊
[急拱技飘] 买何技 焊府奔厚 漂措 技飘 2.2kg (抗距老 荐飞),荐魂拱,戈摹/扒绢拱,DRIED_SEAFOOD,奔厚,买何技
"磅磅 茄捣 1殿鞭 殿哎厚, 1kg, 1俺 28,490盔 (100g寸 2,849盔) 郴老(老) 货寒 档馒 焊厘 5 (964) 弥措 1,425盔 利赋",腊幅/拌鄂,蹬瘤绊扁,RAW_MEAT,殿哎厚,磅磅
[荤阁鸥唱] 家福海萍俊扼 捞呕府酒 酒捞胶农覆 1kg 2辆,埃侥幅,叼历飘/纳捞农,BAKERY,酒捞胶农覆,荤阁鸥唱
"给积败档 咐乐绰 没剧绊眠, 300g, 2俺 8,690盔 (100g寸 1,448盔) 郴老(老) 货寒 档馒 焊厘 4.5 (43057) 弥措 435盔 利赋",盲家/邦拱幅,盲家,RAW_PRODUCE,没剧绊眠,
[歹扒碍茄] 流拳备捞擒 450g,腊幅/拌鄂,啊傍腊(擒/家矫瘤),PROCESSED_MEAT,擒,歹扒碍茄
[侗祈] 快蜡 归汲扁,埃侥幅,侗,SNACK,归汲扁,侗祈
[HBAF] 官橇 矫令醋 酒阁靛 技飘,苞老/斑苞幅,斑苞幅,RAW_FRUIT,酒阁靛,HBAF
"窍覆 侩啊府 摹挪 (趁悼), 450g, 1俺 7,920盔 (100g寸 1,760盔) 郴老(老) 货寒 档馒 焊厘 5 (51711) 弥措 396盔 利赋",埃祈侥,趁悼侥前,FROZEN_MEAL,侩啊府摹挪,窍覆
[沥包厘] 饭匙技 全伙牡叼 荐 公啊寸 240g,固殿废 墨抛绊府,扁鸥,UNKNOWN,扁鸥,沥包厘
[CU 侨诀] 羔肺快能困胶虐儡技飘,贱,扁鸥 林幅,ALCOHOL,困胶虐,
[评圈瓢] 叼墨其牢 颇牢 弊扼牢靛 (盒尖) 目乔 300g,澜丰,目乔/瞒,BEVERAGE,目乔啊风,评圈瓢
"啊啊龋龋 模甸揭, 3kg, 1俺, 漂殿鞭 10,400盔 (100g寸 347盔) 郴老(老) 档馒 焊厘 货 惑前, 馆前-固俺豪 (2) 弥历10,400盔 4.5 (131) 弥措 520盔 利赋",盲家/邦拱幅,揭/棱邦,GRAIN,揭,啊啊龋龋
"SUJIS 弊副靛 催啊娇混 (趁厘), 550g, 1俺涝, 1俺 捻迄且牢3%12,900盔 12,510盔 (100g寸 2,275盔) 郴老(老) 货寒 档馒 焊厘 5 (19893) 弥措 625盔 利赋",腊幅/拌鄂,催绊扁,RAW_MEAT,催啊娇混,SUJIS
[畴萍靛] 海绢 纳捞农 2辆 (琶1),埃侥幅,叼历飘/纳捞农,BAKERY,纳捞农,畴萍靛
"伙腊滴蜡 崔霓茄 滴蜡 B 颇快摹, 190ml, 30俺 16,300盔 (100ml寸 286盔) 郴老(老) 档馒 焊厘 5 (4568) 弥措 815盔 利赋",蜡力前,快蜡/滴蜡,DAIRY,滴蜡,伙腊滴蜡
"捻欧胶配府 漠饭 彬府官快飘 目滚苗 促农 檬妮复 2815, 100g, 1俺 9,750盔 (10g寸 975盔) 郴老(老) 档馒 焊厘 5 (585) 弥措 488盔 利赋",埃侥幅,檬妮复/荤帕,SNACK,促农 檬妮复,捻欧胶配府
[绊扁馆蛮] 冕玫侥 剧充催哎厚 600g,埃祈侥,剐虐飘,RTC_MEAL,剐虐飘,绊扁馆蛮
[奶肺弊] 坷邦 媒胶檬内 概流扑俏杭 矫府倔 400g,惑柯侥前,矫府倔,GRAIN,媒胶檬内,奶肺弊
[归汲] 疙前 玫老堪 坷玫斥狼 脚厚 家陛 3辆 (琶1),炼固丰,炼固丰,SAUCE_SEASONING,家陛,归汲
[HBAF] 矫令醋酒阁靛 颇萍蒲 300g,苞老/斑苞幅,斑苞幅,RAW_FRUIT,酒阁靛,HBAF
[喉风焊撇] 农贰橇飘 牢胶畔飘 目乔 喉罚靛 愁扼 (14g X 5俺),澜丰,目乔/瞒,BEVERAGE,目乔雇胶,喉风焊撇
"溅橇盔 咐贱, 2kg, 1俺 4,310盔 (10g寸 22盔) 郴老(老) 货寒 档馒 焊厘 5 (597) 弥措 215盔 利赋",炼固丰,剧充/家胶,SAUCE_SEASONING,咐贱,溅橇盔
[傈烹林] 陛捞魂丑盔 汗件酒客牢 (12档 375mL),贱,客牢,ALCOHOL,拳捞飘 客牢,傈烹林
[HBAF] 客荤厚咐 酒阁靛 190g,苞老/斑苞幅,斑苞幅,RAW_FRUIT,客荤厚咐 酒阁靛,HBAF
"惫郴魂 蔓泅固, 5kg, 1俺 16%23,900盔 19,900盔 (100g寸 398盔) 郴老(老) 档馒 焊厘 5 (4913) 弥措 995盔 利赋",盲家/邦拱幅,揭/棱邦,GRAIN,泅固,
[辫备盔急积] 惫魂尼 楷滴何 6涝,盲家/邦拱幅,尼/滴何,SIMPLE_PROCESSED,楷滴何,辫备盔急积
[急拱技飘] 根姬82 内牢 棵牢盔 穿啊 农贰目 (7g X 24俺),埃侥幅,苞磊/胶臣,SNACK,农贰目,根姬82
[La bocca] 酒鄂矫酒 檬内纳捞农 556g,埃侥幅,叼历飘/纳捞农,BAKERY,纳捞农,La bocca
[归汲] 咐贱 积碍 800ml,炼固丰,剧充/家胶,SAUCE_SEASONING,咐贱,归汲
[急拱技飘] 家窍悼绊规 坷府柳 技飘,埃侥幅,苞磊/胶臣,SNACK,碍沥,家窍悼绊规
[钱公盔] 瘤备侥窜 乃磐虐 橇扼捞靛 滴何,埃祈侥,趁悼侥前,FROZEN_MEAL,趁悼 脾辫,钱公盔
[丑缴] 牢扁 豪瘤 苞磊 7辆 (琶1),埃侥幅,苞磊/胶臣,SNACK,豪瘤 苞磊,丑缴
[绢焊急] 全钦混 措 300g (趁悼),荐魂拱,炼俺/傈汗,RAW_SEAFOOD,全钦,绢焊急
[急拱技飘] 踌祸茄快 公亲积力 舅部府&部府馆榜 技飘 7kg (趁悼),腊幅/拌鄂,家绊扁,RAW_MEAT,家部府,踌祸茄快
[HBAF] 倾聪滚磐 酒阁靛 190g,苞老/斑苞幅,斑苞幅,RAW_FRUIT,倾聪滚磐 酒阁靛,HBAF
滴 付府 99摹挪 (俊绢橇扼捞绢侩),埃祈侥,趁悼侥前,FROZEN_MEAL,趁悼 摹挪,99摹挪
[窍牢令] 甭 付夸匙令 295ml,炼固丰,剧充/家胶,SAUCE_SEASONING,付夸匙令,窍牢令
[急拱技飘] 瘤府魂 曹 急拱技飘 2辆,炼固丰,剧充/家胶,SAUCE_SEASONING,曹,
"家拳啊 肋登绰 祈救茄 快蜡, 190ml, 12俺 12,800盔 (100ml寸 561盔) 郴老(老) 货寒 档馒 焊厘 5 (4989) 弥措 640盔 利赋",蜡力前,快蜡/滴蜡,DAIRY,快蜡,
[急拱技飘] 己版辫 牡辫 去钦 技飘,惑柯侥前,辫/磊馆,DRIED_SEAFOOD,辫,己版辫
[海虐酒俊穿焊] 巢秦付疵 4率 付疵户 (97g X 3俺),埃侥幅,户幅,BAKERY,付疵户,海虐酒俊穿焊
[CU 侨诀] 焊抛啊榜靛,贱,扁鸥 林幅,ALCOHOL,没林,
[官促盔] 滴例货快 100g,荐魂拱,货快/霸,RAW_SEAFOOD,货快,官促盔
[厚厚绊] 快府酒捞 茄涝 戒篮辫摹,埃祈侥,馆蛮幅,SIMPLE_PROCESSED,硅眠辫摹,厚厚绊
[怕快茄快] 茄快 1+ 腊傈侩 200g (趁厘/趁悼),腊幅/拌鄂,家绊扁,RAW_MEAT,腊傈侩 家绊扁,怕快茄快
"快府酒捞 瓢瓢 磊弗固开, 50g, 1俺 2,390盔 (100g寸 4,780盔) 郴老(老) 货寒 档馒 焊厘 5 (852) 弥措 120盔 利赋",荐魂拱,固开/促矫付,DRIED_SEAFOOD,固开,
[钱公盔] 荐鸥侥 荤穿尝快悼搁 230g x 5俺涝 (趁悼),盲家/邦拱幅,搁幅,GRAIN,快悼搁,钱公盔
[力肺海捞目府] 宏扼快聪 击靛 40g,埃侥幅,叼历飘/纳捞农,BAKERY,宏扼快聪,力肺海捞目府
"棵前 1殿鞭 催汉澜帕侩 例窜腊 柳傍蒲 (趁厘), 1kg, 1俺 7,280盔 (100g寸 728盔) 郴老(老) 货寒 档馒 焊厘 4.5 (6416) 弥措 364盔 利赋",腊幅/拌鄂,催绊扁,RAW_MEAT,催绊扁,棵前
[黎胶后] 饶公胶 4辆 (琶1),惑柯侥前,离/胶橇饭靛,SAUCE_SEASONING,饶公胶,黎胶后
"茄荐困颇林揭 老祈逛缴 版扁固 曼靛覆, 漂殿鞭, 10kg, 1俺 24%44,900盔 33,900盔 (100g寸 339盔) 郴老(老) 档馒 焊厘 5 (4427) 弥措 1,695盔 利赋",盲家/邦拱幅,揭/棱邦,GRAIN,揭,老祈逛缴
[背配付喉] 单聪浆 侥户 3辆 (琶1),埃侥幅,户幅,BAKERY,侥户,背配付喉
"海瘤剐 俊捞 淬归茄 滴蜡, 190ml, 32俺 21,700盔 (100ml寸 357盔) 郴老(老) 档馒 焊厘 5 (59615) 弥措 1,085盔 利赋",蜡力前,快蜡/滴蜡,DAIRY,滴蜡,海瘤剐
[嫡备唱公 : 磊楷弊措肺] 秒唱拱,埃祈侥,馆蛮幅,SIMPLE_PROCESSED,秒唱拱 公魔,嫡备唱公
"惫郴魂 模券版 剧颇, 1.5kg, 1俺 5,430盔 (100g寸 362盔) 郴老(老) 货寒 档馒 焊厘 4.5 (4355) 弥措 271盔 利赋",盲家/邦拱幅,盲家,RAW_PRODUCE,剧颇,
"惑窍摹令 饶饭浆 葛楼芳扼 焊内摹聪, 100g, 1俺涝, 1俺 4,390盔 (10g寸 439盔) 郴老(老) 货寒 档馒 焊厘 5 (2021) 弥措 220盔 利赋",蜡力前,摹令,DAIRY,葛楼芳扼 摹令,
[促固盔] 盟盟茄 馆扒炼 坷隆绢 330g,荐魂拱,戈摹/扒绢拱,DRIED_SEAFOOD,馆扒炼 坷隆绢,促固盔
[酱橇饭惯飘龋橇] 酒昏酒昏茄 胶困飘 坷捞乔努,埃祈侥,馆蛮幅,SIMPLE_PROCESSED,坷捞 乔努,酱橇饭惯飘龋橇
[父急] 全钦 1kg (积拱),荐魂拱,炼俺/傈汗,RAW_SEAFOOD,全钦,父急
[葫弊饭] 皋肺唱咐 快蜡 (240mL X 4俺),蜡力前,快蜡/滴蜡,DAIRY,皋肺唱咐 快蜡,葫弊饭
"没剧绊眠 浇扼捞胶, 100g, 1俺 3,390盔 (100g寸 3,390盔) 郴老(老) 货寒 档馒 焊厘 4.5 (1084) 弥措 170盔 利赋",盲家/邦拱幅,盲家,RAW_PRODUCE,没剧绊眠,
"[官促盔] 惫拱侩 促矫蒲 90g 4辆 (琶1, 6涝)",炼固丰,炼固丰,SAUCE_SEASONING,促矫蒲,官促盔
"蜡扁丑 颇赣胶坷府柳 竣胶飘扼滚柳 内内秤坷老, 1俺, 500ml 且牢16%15,000盔 12,510盔 (100ml寸 2,502盔) 郴老(老) 档馒 焊厘 5 (1269) 弥措 625盔 利赋",炼固丰,侥侩蜡/扁抚,SAUCE_SEASONING,内内秤 坷老,
[急拱技飘] 宏肺捞绢 骇扁俊 飘矾敲 檬妮复 6P,埃侥幅,檬妮复/荤帕,SNACK,檬妮复,宏肺捞绢
[KF365] 16brix捞惑 绊寸档 惑林 箕牢赣胶南 600g,苞老/斑苞幅,苞老,RAW_FRUIT,箕牢赣胶南,KF365
"胶抛厚酒胶困飘 付老靛 目乔雇胶, 9.6g, 100俺涝, 1俺 15,890盔 (10g寸 166盔) 2/11(荐) 档馒 抗沥 4.5 (40366) 弥措 795盔 利赋",澜丰,目乔/瞒,BEVERAGE,目乔雇胶,胶抛厚酒胶困飘
[淬磐] 烹颇肺甫 淬篮 16邦 邦拱瞒 (20g X 10俺),澜丰,目乔/瞒,BEVERAGE,邦拱 瞒,淬磐
"付府宏府磊靛 荤帕荐荐 矫反, 700ml, 1俺 22%18,000盔 14,000盔 (100ml寸 2,000盔) 郴老(老) 档馒 焊厘 5 (2378) 弥措 679盔 利赋",炼固丰,剧充/家胶,SAUCE_SEASONING,荤帕荐荐 矫反,付府宏府磊靛
"寝馆 泅固蓖府帮距逛, 150g, 3俺 33%8,940盔 5,980盔 (100g寸 1,329盔) 郴老(老) 货寒 档馒 焊厘 货 惑前, 馆前-固俺豪 (2) 弥历5,680盔 5 (1007) 弥措 299盔 利赋",埃祈侥,溜籍逛,INSTANT,溜籍逛 帮距,寝馆
[KF365] 茄捣 伙般混+格混 馆馆蒲 700g,腊幅/拌鄂,蹬瘤绊扁,RAW_MEAT,蹬瘤绊扁 葛狄,KF365
[归汲] 曼摹咀 柳 歹 浅何茄 咐 900g,炼固丰,炼固丰,SAUCE_SEASONING,曼摹咀,归汲
[急拱技飘] 器飘'钒 官促甫 前篮 港霸&傈汗 (积拱)(抗距老 荐飞),荐魂拱,炼俺/傈汗,RAW_SEAFOOD,港霸,器飘'钒
[KF365] 16brix捞惑 绊寸档 利器档 500g,苞老/斑苞幅,苞老,RAW_FRUIT,器档,KF365
[器飘'钒] 力林 鉴混 篮哎摹 110g (趁悼),荐魂拱,积急,RAW_SEAFOOD,哎摹,器飘'钒
"茄规急积 汉篮 累滴尼瞒, 200g, 1俺涝, 1俺 9,650盔 (10g寸 483盔) 郴老(老) 档馒 焊厘 5 (2556) 弥措 458盔 利赋",澜丰,目乔/瞒,BEVERAGE,瞒,茄规急积
"根农酱 官匆扼矫反 困靛 舅逢肺胶, 530g, 1俺 8,450盔 (100g寸 1,594盔) 郴老(老) 档馒 焊厘 4.5 (4928) 弥措 401盔 利赋",炼固丰,剧充/家胶,SAUCE_SEASONING,官匆扼 矫反,根农酱
[芒拳寸] 吵累 空焙父滴 2辆,埃祈侥,趁悼侥前,FROZEN_MEAL,趁悼 父滴,芒拳寸
[力林档聪] 力林 孺蹬瘤 格混 300g (趁厘),腊幅/拌鄂,蹬瘤绊扁,RAW_MEAT,蹬瘤 格混,力林档聪
[KF365] 16brix捞惑 绊寸档 没器档 500g,苞老/斑苞幅,苞老,RAW_FRUIT,没器档,KF365
"模券版 钎绊滚几, 150g, 1俺 3,180盔 (100g寸 2,120盔) 郴老(老) 货寒 档馒 焊厘 5 (18730) 弥措 159盔 利赋",盲家/邦拱幅,滚几,RAW_PRODUCE,钎绊滚几,
"赫胶配府 拳捞飘檬妮复100g, 100g, 1俺 6,990盔 (10g寸 699盔) 2/11(荐) 档馒 抗沥 4.5 (370) 弥措 350盔 利赋",埃侥幅,檬妮复/荤帕,SNACK,拳萍飘 檬妮复,赫胶配府
[悼堡粒哎] 溃葫芒抄粒,埃祈侥,馆蛮幅,SIMPLE_PROCESSED,芒抄粒,悼堡粒哎
"坷府瘤澄弊饭牢 2025斥魂 禽揭 归固, 惑殿鞭, 3kg, 1俺 7%12,900盔 11,980盔 (100g寸 399盔) 郴老(老) 货寒 档馒 焊厘 5 (2141) 弥措 574盔 利赋",盲家/邦拱幅,揭/棱邦,GRAIN,揭,
"茄剧侥前 采焊促 坷隆绢, 350g, 1俺 26%37,900盔 27,810盔 (100g寸 7,946盔) 郴老(老) 货寒 档馒 焊厘 5 (59239) 弥措 1,390盔 利赋",荐魂拱,坷隆绢/巩绢,RAW_SEAFOOD,坷隆绢,茄剧侥前
[KF365] 寸档急喊 荐冠 4kg 捞惑,苞老/斑苞幅,苞老,RAW_FRUIT,荐冠,KF365
[官抚剖] 蜡扁丑 剧颇 1.5kg,盲家/邦拱幅,盲家,RAW_PRODUCE,剧颇,官抚剖
[捞格] 惫郴魂 家绊扁 何盲混 胶抛捞农 200g (趁厘),腊幅/拌鄂,家绊扁,RAW_MEAT,何盲混,捞格
"伙赋 颇捞府狼 拳福袱 侵家胶莆, 90g, 1俺涝, 2俺 2,910盔 (10g寸 162盔) 郴老(老) 货寒 档馒 焊厘 5 (9151) 弥措 145盔 利赋",埃侥幅,户幅,BAKERY,器南阁 户,伙赋 
[绊皋] 候农府胶乔 侵档弊 520g(130gX4俺涝),埃祈侥,趁悼侥前,FROZEN_MEAL,趁悼 侵档弊,绊皋
[辑匡墨胶抛扼] 墨胶抛扼 矾胶农 70g,埃侥幅,户幅,BAKERY,矾胶农,辑匡墨胶抛扼
"磅磅 绊家茄 接厘, 1kg, 1俺 62%8,050盔 2,990盔 (100g寸 299盔) 郴老(老) 档馒 焊厘 4.5 (5298) 弥措 150盔 利赋",炼固丰,剧充/家胶,SAUCE_SEASONING,接厘,磅磅
[蹿磐赴] 酱欺 臂风鸥摹柯 30概,固殿废 墨抛绊府,扁鸥,UNKNOWN,扁鸥,蹿磐赴
[聪喉胶] 檬妮复 9P,埃侥幅,檬妮复/荤帕,SNACK,檬妮复,聪喉胶
[踌瞒盔] 荤剧 国曹 抛捞喉倾聪 1.5kg,炼固丰,剧充/家胶,SAUCE_SEASONING,曹,踌瞒盔
"厚厚靛虐模 历漠肺府 胶府扼瞒家胶, 275g, 1俺 4,730盔 (100g寸 1,720盔) 郴老(老) 货寒 档馒 焊厘 5 (2882) 弥措 236盔 利赋",炼固丰,剧充/家胶,SAUCE_SEASONING,胶府扼瞒 家胶,厚厚靛虐模
[况目鳃绊皋] 矫弊聪贸 父滴 400g,埃祈侥,趁悼侥前,FROZEN_MEAL,趁悼 父滴,况目鳃绊皋
"茄澜固啊 2025斥魂 禽揭 快府揭 归固, 惑殿鞭, 2kg, 1俺 8,780盔 (100g寸 439盔) 郴老(老) 档馒 焊厘 4.5 (30827) 弥措 439盔 利赋",盲家/邦拱幅,揭/棱邦,GRAIN,揭,茄澜固啊
"归汲 戈摹叼器府 腊荐俊绰 1盒傅 50俺涝, 200g, 1俺 57%18,980盔 8,160盔 (100g寸 4,080盔) 郴老(老) 档馒 焊厘 5 (17727) 弥措 408盔 利赋",炼固丰,炼固丰,SAUCE_SEASONING,内牢腊荐,归汲
[茄老包 X 归斥啊霸] 鉴混哎厚,腊幅/拌鄂,家绊扁,RAW_MEAT,家哎厚,茄老包 X 归斥啊霸
"捞叼具目乔楷备家 勤靛靛赋 目乔 其福家唱 喉坊靛, 8g, 7俺涝, 1俺 28%7,700盔 5,500盔 (1俺寸 786盔) 郴老(老) 货寒 档馒 焊厘 4.5 (206) 弥措 275盔 利赋",澜丰,目乔/瞒,BEVERAGE,目乔 靛赋归,捞叼具目乔楷备家
"硅措皑 惫魂 甸柄啊风, 80g, 1俺 40%9,990盔 5,990盔 (100g寸 7,488盔) 郴老(老) 档馒 焊厘 4.5 (13081) 弥措 300盔 利赋",炼固丰,啊风盒富,SAUCE_SEASONING,甸柄啊风,硅措皑
[荤克盔] 龋侗 6辆 (琶1),埃侥幅,叼历飘/纳捞农,BAKERY,龋侗,荤克盔
[CU 侨诀] 坷葛肺 15斥,贱,扁鸥 林幅,ALCOHOL,困胶虐,
[酱欺虐模] 摹令坷红颇胶鸥,埃祈侥,饭飘肺飘,RTC_MEAL,饭飘肺飘,酱欺虐模
[歹颇牢摹令哪欺聪] 喉风 胶瓶畔 技扼雇 铺,蜡力前,摹令,DAIRY,胶瓶畔 摹令,歹颇牢摹令哪欺聪
[秦怕] 磊蜡矫埃 固聪 檬妮复官 2辆 (琶1),埃侥幅,檬妮复/荤帕,SNACK,磊蜡矫埃,秦怕
"咐乐绰快蜡GT 戈闭快蜡, 200ml, 24俺 33%20,900盔 13,980盔 (100ml寸 291盔) 郴老(老) 档馒 焊厘 货 惑前, 馆前-固俺豪 (20) 弥历12,470盔 5 (87270) 弥措 699盔 利赋",蜡力前,快蜡/滴蜡,DAIRY,快蜡,咐乐绰快蜡GT
[皋臂饭] 俊膏呕 摹令 300g,蜡力前,摹令,DAIRY,俊膏呕 摹令,皋臂饭
"坷堆扁 部府鳖瘤 啊垫蛮 乔磊贺绢户 (趁悼), 520g, 1俺, 1俺涝 6,980盔 (10g寸 134盔) 郴老(老) 货寒 档馒 焊厘 5 (456) 弥措 349盔 利赋",埃侥幅,叼历飘/纳捞农,BAKERY,贺绢户,坷堆扁
[KF365] 寸档急喊 荐冠 5kg 捞惑,苞老/斑苞幅,苞老,RAW_FRUIT,荐冠,KF365
[没沥盔] 扒碍积阿 浇扼捞胶擒 100g,腊幅/拌鄂,啊傍腊(擒/家矫瘤),PROCESSED_MEAT,擒,没沥盔
[器飘'钒] 悼秦救 窜货快雀 120g (趁悼),荐魂拱,货快/霸,RAW_SEAFOOD,货快,器飘'钒
"没沥盔 绊家茄 付夸匙令, 300g, 1俺 7%3,790盔 3,500盔 (100g寸 1,167盔) 郴老(老) 货寒 档馒 焊厘 5 (4675) 弥措 175盔 利赋",炼固丰,剧充/家胶,SAUCE_SEASONING,付夸匙令,没沥盔
"积积器农 茄捣 救缴 厘炼覆侩 (趁厘), 800g, 1俺 13%17,400盔 15,090盔 (100g寸 1,886盔) 郴老(老) 货寒 档馒 焊厘 5 (4871) 弥措 755盔 利赋",腊幅/拌鄂,蹬瘤绊扁,RAW_MEAT,蹬瘤 救缴,积积器农
"磅磅 瘪拌鄂, 1俺 5,610盔 郴老(老) 货寒 档馒 焊厘 5 (477) 弥措 280盔 利赋",腊幅/拌鄂,拌鄂,RAW_MEAT,拌鄂,磅磅
[辫备盔急积] 快伙般 鉴滴何骂俺,埃祈侥,剐虐飘,RTC_MEAL,剐虐飘,辫备盔急积
[KF365] 曝捞滚几 2涝,盲家/邦拱幅,滚几,RAW_PRODUCE,曝捞滚几,KF365
[绊贰荤] 橇府固决 绢宫帕 360g 2辆 (琶1),埃祈侥,饭飘肺飘,RTC_MEAL,饭飘肺飘,绊贰荤
"丑缴 概款货快兵, 400g, 2俺 9,100盔 (10g寸 114盔) 郴老(老) 档馒 焊厘 5 (37193) 弥措 455盔 利赋",埃侥幅,苞磊/胶臣,SNACK,货快兵,丑缴
[荤固清] 哎厚帕,埃祈侥,饭飘肺飘,RTC_MEAL,饭飘肺飘,荤固清
[急拱技飘][辫家康 酒萍厘狼 救窜抛] 拳捞飘客牢苞 绢匡府绰 摹令技飘,蜡力前,摹令,DAIRY,摹令,辫家康 酒萍厘狼 救窜抛
[档府柄魔] 汗捞 茄啊垫 侗惫 技飘 (2牢盒),埃祈侥,剐虐飘,RTC_MEAL,剐虐飘,档府柄魔
"惫郴魂 磊祸 剧颇, 1kg, 1俺 4,890盔 (100g寸 489盔) 郴老(老) 货寒 档馒 焊厘 4.5 (17619) 弥措 245盔 利赋",盲家/邦拱幅,盲家,RAW_PRODUCE,利剧颇,
[坷付淡] 鉴混 绢宫,荐魂拱,绢腊啊傍侥前,SIMPLE_PROCESSED,绢宫,坷付淡
[惑窍摹令] 焕肺啊绰 漠椒 摹令 270g,蜡力前,摹令,DAIRY,摹令,惑窍摹令
"惫魂 弥惑鞭 秦酒鄂 寝 绊缅啊风 1kg . 焊烹咐/弥辟力炼/剧充侩, 1俺 且牢68%78,000盔 24,900盔 (100g寸 2,490盔) 郴老(老) 档馒 焊厘 4.5 (7616) 弥措 1,245盔 利赋",炼固丰,啊风盒富,SAUCE_SEASONING,绊缅啊风,秦酒鄂
[概老] 快蜡加俊 叠扁 遏配橇府 (300mL X 8俺),蜡力前,快蜡/滴蜡,DAIRY,叠扁快蜡,概老
[俊内妇狼魂榜捞蜡侥] 魂榜 侗唤 3辆 (琶1),埃侥幅,苞磊/胶臣,SNACK,侗苞磊,俊内妇狼魂榜捞蜡侥
[伎泛胶] 橇肺凭 澜丰 颇快摹 2辆 (琶1),固殿废 墨抛绊府,扁鸥,UNKNOWN,扁鸥,伎泛胶
[嫡备唱公] 绊荤府 唱拱,埃祈侥,馆蛮幅,SIMPLE_PROCESSED,绊荤府 公魔,嫡备唱公
[伙赋] 固聪 部付 乔磊龋户,埃侥幅,户幅,BAKERY,乔磊 龋户,伙赋
[钱公盔] 悼摹固趁搁 2牢 + 窃蕊趁搁 2牢 (醚 4牢盒),埃祈侥,剐虐飘,RTC_MEAL,剐虐飘,钱公盔
[秦怕] 倾聪滚磐抹 固聪 冠胶 33g x 12俺涝,埃侥幅,苞磊/胶臣,SNACK,倾聪滚磐抹,秦怕
[KF365] 角加 官唱唱 2辆,苞老/斑苞幅,苞老,RAW_FRUIT,官唱唱,KF365
[Kim's Butcher] 龋林魂 全滴柄 腊傈侩200g (趁悼),腊幅/拌鄂,家绊扁,RAW_MEAT,全滴柄混,Kim's butcher
"丑缴 货快帕呐 67g, 12俺 捻迄且牢4%11,370盔 10,820盔 (1俺寸 902盔) 郴老(老) 档馒 焊厘 5 (65064) 弥措 541盔 利赋",埃祈侥,扼搁,INSTANT,货快帕,丑缴
[丑蛆浅魂辫摹] 咐辫摹 800g,埃祈侥,馆蛮幅,SIMPLE_PROCESSED,硅眠辫摹,丑蛆
[荤技] 滚迫肺 喇 榜靛 1kg,埃祈侥,趁悼侥前,FROZEN_MEAL,滚迫肺喇,荤技
"空狼逛惑 货较 惯酒泅固, 2kg, 1俺 34%15,000盔 9,900盔 (100g寸 495盔) 郴老(老) 档馒 焊厘 4.5 (2106) 弥措 495盔 利赋",盲家/邦拱幅,揭/棱邦,GRAIN,泅固,空狼逛惑
"捞明溃 艰绊扁 柳茄促矫, 1kg, 1俺 6,960盔 (10g寸 70盔) 郴老(老) 档馒 焊厘 4.5 (7558) 弥措 348盔 利赋",炼固丰,炼固丰,SAUCE_SEASONING,艰绊扁 促矫促,捞明溃
"基钎 雀埃厘, 200ml, 1俺 16%5,380盔 4,500盔 (100ml寸 2,250盔) 郴老(老) 档馒 焊厘 5 (3882) 弥措 225盔 利赋",炼固丰,剧充/家胶,SAUCE_SEASONING,雀埃厘,基钎
"蜡扁丑 100% 柳档魂 惫魂 碍炔 啊风, 1俺, 150g 捻迄且牢20%19,900盔 15,800盔 (10g寸 1,053盔) 郴老(老) 档馒 焊厘 4.5 (442) 弥措 790盔 利赋",炼固丰,啊风盒富,SAUCE_SEASONING,碍炔 啊风,蜡扁丑
[钱公盔] 侥拱己 瘤备侥窜 悼臂侗汉捞 2牢盒,埃祈侥,剐虐飘,RTC_MEAL,剐虐飘,钱公盔
"惫郴魂 捞呕府救 颇浇府, 30g, 1俺 1,990盔 (100g寸 6,633盔) 郴老(老) 货寒 档馒 焊厘 5 (8401) 弥措 100盔 利赋",炼固丰,氢脚丰/倾宏,SAUCE_SEASONING,颇浇府,
[抗咐] 脚救 蚌芒倒辫 90g (30概),惑柯侥前,辫/磊馆,DRIED_SEAFOOD,辫,抗咐
[何魔疙厘] 踌滴 后措侗 400g,埃侥幅,侗,SNACK,侗,何魔疙厘
"搁荤尔 剐侗汉捞侗, 1kg, 1俺 3,910盔 (100g寸 391盔) 郴老(老) 货寒 档馒 焊厘 5 (8140) 弥措 195盔 利赋",埃侥幅,侗,SNACK,剐侗,搁荤尔
[家固畴] 家捞夸 蓖练 辑府怕 滴蜡 (190mL X 16俺),蜡力前,快蜡/滴蜡,DAIRY,滴蜡,家固畴
[胶拉闺繁胶] 历寸 闺繁胶 圾矾靛 5辆,埃祈侥,圾矾靛蒲,RTC_MEAL,圾矾靛,胶拉闺繁胶
[官抚剖] 模券版 寸辟盲 200g,盲家/邦拱幅,盲家,RAW_PRODUCE,寸辟,官抚剖
"惫郴魂 给积败档 咐乐绰 寸辟, 700g, 1俺 1,690盔 (100g寸 241盔) 郴老(老) 货寒 档馒 焊厘 4.5 (46407) 弥措 85盔 利赋",盲家/邦拱幅,盲家,RAW_PRODUCE,寸辟,
"茄捣 菊促府混 骂俺侩 (趁厘), 500g, 1俺 16%9,990盔 8,310盔 (100g寸 1,662盔) 郴老(老) 货寒 档馒 焊厘 4.5 (4681) 弥措 415盔 利赋",腊幅/拌鄂,蹬瘤绊扁,RAW_MEAT,蹬瘤 菊促府混,
"咐急积 戈摹叼器府 惫拱郴扁 茄舅, 100g, 1俺 55%9,900盔 4,410盔 (100g寸 4,410盔) 郴老(老) 货寒 档馒 焊厘 5 (824) 弥措 220盔 利赋",炼固丰,炼固丰,SAUCE_SEASONING,内牢腊荐,咐急积
[酒萍厘 厚胶哦] 摹令甫 困茄 配胶飘 (单捞明&庆捞榴秤) 100g,埃侥幅,户幅,BAKERY,配胶飘,酒萍厘 厚胶哦
[过己器曼咐] 橇府固决 康堡奔厚 130g (趁悼),荐魂拱,戈摹/扒绢拱,DRIED_SEAFOOD,奔厚,过己器曼咐
[炼急龋炮辫摹] 坷捞家冠捞 1kg,埃祈侥,馆蛮幅,SIMPLE_PROCESSED,坷捞家冠捞,炼急龋炮辫摹
"LUKT 酒捞浇鄂雕 夸芭飘 鹅农, 450g, 1俺 13,900盔 (10g寸 309盔) 郴老(老) 货寒 档馒 焊厘 5 (8826) 弥措 695盔 利赋",蜡力前,夸芭飘,DAIRY,夸芭飘,LUKT
[伙龋] 绿标秦辑 阂瘤臼绰 部摹绢宫 324g,荐魂拱,绢腊啊傍侥前,SIMPLE_PROCESSED,绢宫,伙龋
[唱弃饭克] 目胶磐靛 胶迄瘤纳捞农 420g,埃侥幅,叼历飘/纳捞农,BAKERY,纳捞农,唱弃饭克
[绷匙] 历寸 家胶惦灰 烹混 催啊娇混 2辆,腊幅/拌鄂,催绊扁,RAW_MEAT,催啊娇混,绷匙
[没沥盔] 烤朝 家矫瘤 1kg,腊幅/拌鄂,啊傍腊(擒/家矫瘤),PROCESSED_MEAT,家矫瘤,没沥盔
掉 10g,炼固丰,氢脚丰/倾宏,SAUCE_SEASONING,掉,
"其捞厘宏福烹 宏府摹令, 125g, 1俺涝, 3俺 15,300盔 (10g寸 408盔) 郴老(老) 货寒 档馒 焊厘 5 (6283) 弥措 765盔 利赋",蜡力前,摹令,DAIRY,宏府 摹令,其捞厘宏福烹
[扒绢拱惑雀] 戈摹叼器府 促矫蒲 150g (10涝),炼固丰,炼固丰,SAUCE_SEASONING,促矫蒲,扒绢拱惑雀
[农方靛付氛] 何靛矾款 广离 磊捞攫飘 譬宏 220g,惑柯侥前,离/胶橇饭靛,SAUCE_SEASONING,广离,农方靛付氛
"剖俊捞飘 公丑距 牢刘 胶付飘剖 颊龙 剧惑眠, 250g, 1俺涝, 1俺 5,450盔 (100g寸 2,180盔) 郴老(老) 货寒 档馒 焊厘 4.5 (260) 弥措 273盔 利赋",盲家/邦拱幅,盲家,RAW_PRODUCE,剧惑眠,剖俊捞飘
"坷堆扁烤朝 固开, 250g, 2俺 2%14,160盔 13,740盔 (100g寸 2,748盔) 郴老(老) 档馒 焊厘 5 (33861) 弥措 687盔 利赋",荐魂拱,固开/促矫付,DRIED_SEAFOOD,固开,坷堆扁
[CU 侨诀] 魂固备郡捍320ml24涝,贱,钙林,ALCOHOL,钙林,
[窍府焊] 海胶飘 俩府 10辆 榜扼淬扁,埃侥幅,檬妮复/荤帕,SNACK,俩府,窍府焊
"棵府酒海 竣胶飘扼滚柳 魂档0.2 橇尔胶 酒福海虐唱 趁拘馒 棵府宏坷老, 1俺, 250ml 15%12,520盔 10,600盔 (100ml寸 4,240盔) 郴老(老) 档馒 焊厘 货 惑前, 馆前-固俺豪 (3) 弥历9,860盔 4.5 (1433) 弥措 493盔 利赋",炼固丰,侥侩蜡/扁抚,SAUCE_SEASONING,棵府宏坷老,棵府酒海
[KF365] 酒焊墨档 (1俺),苞老/斑苞幅,苞老,RAW_FRUIT,酒焊墨档,KF365
[棵覆仟胶] 弊府胶 苞老 夸芭飘 150g 2辆 (琶1),蜡力前,夸芭飘,DAIRY,夸芭飘,棵覆仟胶
[CU 侨诀] 臂罚墨淬 酒皋府沫 坷农 府历宏 700ml,贱,扁鸥 林幅,ALCOHOL,困胶虐,
[货畔滚靛] 妮靛宏风 牢胶畔飘 目乔 逞滚 矫府令 3g x 24俺涝 6辆(琶1),固殿废 墨抛绊府,扁鸥,UNKNOWN,扁鸥,货畔滚靛
"吩单溃仟靛 俊捞厚揪 檬妮复, 187g, 1俺 捻迄且牢4%5,230盔 4,980盔 (10g寸 266盔) 郴老(老) 货寒 档馒 焊厘 5 (1024) 弥措 249盔 利赋",埃侥幅,檬妮复/荤帕,SNACK,檬妮复,吩单溃仟靛
[KF365] 钠泼颇牢局敲 1kg,苞老/斑苞幅,苞老,RAW_FRUIT,颇牢局敲,KF365
[窍覆] The固侥 颊父滴 3辆 (2俺涝) (琶1),埃祈侥,趁悼侥前,FROZEN_MEAL,趁悼 父滴,窍覆
"钮盔 哎祸汲帕, 3kg, 1俺 6,720盔 (100g寸 224盔) 郴老(老) 档馒 焊厘 5 (67965) 弥措 336盔 利赋",炼固丰,炼固丰,SAUCE_SEASONING,孺汲帕,钮盔
"固静府 侗汉捞家胶 03窜拌 概霓茄咐, 50g, 5俺 捻迄且牢3%9,450盔 9,160盔 (100g寸 3,664盔) 郴老(老) 档馒 焊厘 4.5 (3361) 弥措 458盔 利赋",炼固丰,剧充/家胶,SAUCE_SEASONING,侗汉捞 剧充,固静府
[歹夯] 父瓷 剧充厘 家胶,炼固丰,剧充/家胶,SAUCE_SEASONING,剧充,歹夯
"剖胶配府 惫郴魂 家绊扁 棱盲侩 (趁厘), 300g, 1俺 54%21,990盔 9,950盔 (100g寸 3,317盔) 郴老(老) 货寒 档馒 焊厘 4.5 (1975) 弥措 498盔 利赋",腊幅/拌鄂,家绊扁,RAW_MEAT,棱盲侩 家绊扁,剖胶配府
[KF365] 钠泼颇牢局敲 盔烹 500g,苞老/斑苞幅,苞老,RAW_FRUIT,颇牢局敲,KF365
[KF365] 钠泼颇牢局敲 没农 500g,苞老/斑苞幅,苞老,RAW_FRUIT,颇牢局敲,KF365
"[Kurly's] 埃祈窍霸 官昏, 货快鳖胶",埃祈侥,趁悼侥前,FROZEN_MEAL,趁悼 脾辫,Kurly's
[家陛笼] 泪豪浩福 击靛困摹,埃侥幅,户幅,BAKERY,击靛困摹,家陛笼
"公鉴, 60g, 1俺 1,170盔 (100g寸 1,950盔) 郴老(老) 货寒 档馒 焊厘 5 (34893) 弥措 59盔 利赋",盲家/邦拱幅,盲家,RAW_PRODUCE,公鉴,
[辑匡付丛] 滤垫茄 侗备捞 侗汉捞 4辆 (琶1),埃祈侥,剐虐飘,RTC_MEAL,剐虐飘,辑匡付丛
"墨穿 官府胶鸥 赣脚 傈侩 母蕉目乔 钓器饭胶飘, 9.5g, 10俺涝, 6俺 16%47,400盔 39,410盔 (10g寸 691盔) 郴老(老) 档馒 焊厘 5 (4642) 弥措 1,970盔 利赋",澜丰,目乔/瞒,BEVERAGE,目乔母蕉,墨穿
[颇坷府] 遏配橇府 滚磐 (12.5g X 10涝),蜡力前,滚磐/积农覆,DAIRY,滚磐,颇坷府
"辑匡快蜡 格厘狼 脚急窃捞 混酒乐绰 快蜡 历瘤规, 1L, 2俺 6,940盔 (100ml寸 347盔) 郴老(老) 货寒 档馒 焊厘 5 (14833) 弥措 347盔 利赋",蜡力前,快蜡/滴蜡,DAIRY,历瘤规 快蜡,辑匡快蜡
[其捞厘 宏饭烹] 器南滚磐 3辆 (10g x 20俺涝),蜡力前,滚磐/积农覆,DAIRY,滚磐,其捞厘 宏饭烹
"磊蜡矫埃 捻虐矩农覆 固聪, 408g, 1俺 8,130盔 (10g寸 199盔) 郴老(老) 档馒 焊厘 5 (2056) 弥措 406盔 利赋",埃侥幅,檬妮复/荤帕,SNACK,磊蜡矫埃,磊蜡矫埃
[措茄力老固] 矫岿固家固 揭10kg,盲家/邦拱幅,揭/棱邦,GRAIN,揭,措茄力老固
"胶圃 悼弊鄂 擒 2俺涝, 320g, 1俺 7%5,380盔 4,970盔 (10g寸 155盔) 郴老(老) 货寒 档馒 焊厘 5 (11046) 弥措 249盔 利赋",腊幅/拌鄂,啊傍腊(擒/家矫瘤),PROCESSED_MEAT,胶圃 悼弊鄂 擒,胶圃
"概老快蜡 历瘤规 1% 快蜡, 900ml, 2俺 5,450盔 (100ml寸 303盔) 郴老(老) 货寒 档馒 焊厘 5 (68678) 弥措 273盔 利赋",蜡力前,快蜡/滴蜡,DAIRY,历瘤规 快蜡,概老
[辑匡快蜡 x 付南拿府] 摹令促款 摹令 (18g X 13涝),蜡力前,摹令,DAIRY,摹令,辑匡快蜡 x 付南拿府
"俊摹客捞 秋府内冠磐 橇肺璃飘 廓 付矫绰 夸备福飘, 1俺, 1俺涝, 500ml 4,240盔 (10ml寸 85盔) 郴老(老) 货寒 档馒 焊厘 5 (238) 弥措 212盔 利赋",蜡力前,夸芭飘,DAIRY,夸备福飘,俊摹客捞
腐 300g,盲家/邦拱幅,盲家,RAW_PRODUCE,腐,
[颇绊 惯叼坷胶] 魂 墨甫肺 钱巩 竣胶飘扼 滚柳 棵府宏 坷老 200mL,炼固丰,侥侩蜡/扁抚,SAUCE_SEASONING,棵府宏坷老,颇绊 惯叼坷胶
"格快锰 惫郴魂 家绊扁 阂绊扁侩 (趁厘), 300g, 1俺 33%19,990盔 13,250盔 (100g寸 4,417盔) 郴老(老) 货寒 档馒 焊厘 4.5 (8804) 弥措 663盔 利赋",腊幅/拌鄂,家绊扁,RAW_MEAT,阂绊扁侩 家绊扁,格快锰
[绊贰荤] 牢扁 绢宫 & 埃祈侥 急拱技飘 (趁悼),荐魂拱,绢腊啊傍侥前,SIMPLE_PROCESSED,绢宫,绊贰荤
"2025斥魂 禽揭 磅磅 浅夸肺款 快府揭, 10kg(惑殿鞭), 1俺 17%40,000盔 32,890盔 (100g寸 329盔) 郴老(老) 档馒 焊厘 4.5 (18569) 弥措 1,645盔 利赋",盲家/邦拱幅,揭/棱邦,GRAIN,揭,磅磅
[妮赴胶 促捞醋] 巩绢 焊府 圾矾靛,埃祈侥,圾矾靛蒲,RTC_MEAL,圾矾靛,妮赴胶 促捞醋
[MD's pick] 绊寸档 伙祸 苞老技飘3.7kg(12涝),苞老/斑苞幅,苞老,RAW_FRUIT,葛狄 苞老,MD's Pick
[Kurly's] 1++ 茄快 剧瘤 例窜惫芭府 250g (趁厘),腊幅/拌鄂,家绊扁,RAW_MEAT,剧瘤,Kurly's
[急拱技飘] 炼急龋炮 哎厚帕 技飘 (5俺涝),埃祈侥,饭飘肺飘,RTC_MEAL,饭飘肺飘,炼急龋炮
"酒抚靛饭 惫魂 备扁磊瞒, 30g, 1俺 2%5,100盔 4,990盔 (10g寸 1,663盔) 郴老(老) 档馒 焊厘 4.5 (255) 弥措 250盔 利赋",澜丰,目乔/瞒,BEVERAGE,备扁磊 瞒,酒抚靛饭
[付澜捞啊] 尼睛俺侗 600g,埃侥幅,侗,SNACK,睛俺侗,付澜捞啊
[橇饭瘤耽] 橇尔胶 滚磐 200g 2辆 (琶1),蜡力前,滚磐/积农覆,DAIRY,滚磐,橇饭瘤耽
[档靛恩茄捣] 1殿鞭 殿缴 胶付飘蒲 墨饭侩 600g(200g*3),腊幅/拌鄂,蹬瘤绊扁,RAW_MEAT,墨饭侩 蹬瘤绊扁,档靛恩茄捣
[局蕉府] 海捞牧 捧框官 狐匙 颇胶鸥,埃祈侥,剐虐飘,RTC_MEAL,剐虐飘,局蕉府
[KF365] 没剧绊眠 200g,盲家/邦拱幅,盲家,RAW_PRODUCE,没剧绊眠,KF365
[酒福萍瘤酒聪] 固聪 飘矾敲 坷老 2辆,炼固丰,侥侩蜡/扁抚,SAUCE_SEASONING,飘矾敲 坷老,酒福萍瘤酒聪
"乔弊牢歹啊电 弊赴雇胶 圾矾靛 虐飘 5俺涝, 1俺, 400g 8,990盔 (100g寸 2,248盔) 郴老(老) 货寒 档馒 焊厘 4.5 (31803) 弥措 450盔 利赋",埃祈侥,圾矾靛蒲,RTC_MEAL,圾矾靛 虐飘,乔弊牢歹啊电
[急拱技飘] 老惑讷家 LA哎厚 1.8kg (趁悼),腊幅/拌鄂,家绊扁,RAW_MEAT,LA 哎厚,老惑讷家
[归汲] 冠仿 剐啊风 1kg,炼固丰,啊风盒富,SAUCE_SEASONING,剐啊风,归汲
"厚厚绊 瞒倒等厘骂俺, 460g, 2俺 34%13,960盔 9,130盔 (100g寸 992盔) 郴老(老) 档馒 焊厘 4.5 (5027) 弥措 456盔 利赋",埃祈侥,饭飘肺飘,RTC_MEAL,饭飘肺飘,厚厚绊
"foodi 剧部摹矫令醋, 130g, 1俺 5,300盔 (10g寸 408盔) 郴老(老) 档馒 焊厘 5 (4571) 弥措 265盔 利赋",炼固丰,炼固丰,SAUCE_SEASONING,剧部摹 矫令醋,foodi
"馆蛮窜瘤 公富珐捞 公魔, 1kg, 1俺 捻迄且牢8%5,960盔 5,460盔 (10g寸 55盔) 郴老(老) 货寒 档馒 焊厘 4.5 (46568) 弥措 273盔 利赋",埃祈侥,馆蛮幅,SIMPLE_PROCESSED,公富珐捞 公魔,馆蛮窜瘤
"磊楷固啊 蜡扁丑 厚沥力 哎祸汲帕, 1kg, 1俺 5,280盔 (100g寸 528盔) 郴老(老) 货寒 档馒 焊厘 货 惑前, 馆前 (2) 5 (1026) 弥措 264盔 利赋",炼固丰,炼固丰,SAUCE_SEASONING,孺汲帕,磊楷固啊
[檬废盔] 历寸 蜡磊瞒 530g,澜丰,目乔/瞒,BEVERAGE,蜡磊瞒,檬废盔
[霓厚鸥] UMF10+ 腔绢 100% 付穿墨曹 肺哩瘤 6俺涝,炼固丰,剧充/家胶,SAUCE_SEASONING,曹,霓厚鸥
[惑窍格厘] 付捞府撇 蜡扁丑 楼冈绰 夸芭飘 3辆 (85g X 3俺) (琶1),蜡力前,夸芭飘,DAIRY,夸芭飘,惑窍格厘
[器农闺府] 茄捣 措菩 伙般/格混 (趁悼) (琶1),腊幅/拌鄂,蹬瘤绊扁,RAW_MEAT,措菩 伙般混,器农闺府
"厚厚绊 绊窜归 鉴混 绊殿绢备捞, 60g, 3俺 25%17,940盔 13,400盔 (100g寸 7,444盔) 郴老(老) 货寒 档馒 焊厘 5 (38506) 弥措 670盔 利赋",埃祈侥,饭飘肺飘,RTC_MEAL,饭飘肺飘,厚厚绊
[急拱技飘] [磊楷促框] 埃祈电电 绊备付 富珐捞/胶平 技飘,埃侥幅,苞磊/胶臣,SNACK,绊备付 胶平,促楷促框
[父傈辫] 且酒滚瘤啊 父电 蜡扁辫 (28涝),惑柯侥前,辫/磊馆,DRIED_SEAFOOD,辫,父傈辫
"蜡啊匙 鉴混 埃厘买催 (趁悼), 1俺, 400g 45%10,900盔 5,890盔 (100g寸 1,473盔) 郴老(老) 货寒 档馒 焊厘 4.5 (145) 弥措 295盔 利赋",埃祈侥,饭飘肺飘,RTC_MEAL,饭飘肺飘,蜡啊匙
[傣拳疙鄂] MSC牢刘 归疙鄂 100g (趁悼),荐魂拱,绢鄂,RAW_SEAFOOD,疙鄂,傣拳疙鄂
"惑窍格厘 蜡扁丑 牢刘 快蜡, 900ml, 2俺 8,200盔 (100ml寸 456盔) 郴老(老) 货寒 档馒 焊厘 5 (37584) 弥措 410盔 利赋",蜡力前,快蜡/滴蜡,DAIRY,快蜡,惑窍格厘
"秒没坷捞, 2俺涝, 1俺 3,910盔 (1俺寸 1,955盔) 郴老(老) 货寒 档馒 焊厘 4.5 (19889) 弥措 195盔 利赋",盲家/邦拱幅,盲家,RAW_PRODUCE,坷捞,
[25-26 寝棵府宏][乔捻舅府酒] 欺胶飘 单捞 窍海胶飘 府固萍靛 俊叼记 乔捻舅 竣胶飘扼滚柳 500mL,炼固丰,侥侩蜡/扁抚,SAUCE_SEASONING,棵府宏坷老,乔捻舅府酒
[辫备盔急积] 趁悼 惫魂 蜡何 浇扼捞胶 250g,盲家/邦拱幅,尼/滴何,SIMPLE_PROCESSED,蜡何,辫备盔急积
[孺归夸府荤] 贱 胡绰 辣林葛嘉橇 局龋冠骂俺,埃祈侥,饭飘肺飘,RTC_MEAL,饭飘肺飘,孺归夸府荤
"概老官捞坷 靛傅欧 喉风海府, 250ml, 4俺涝, 1俺 5,250盔 (10ml寸 53盔) 郴老(老) 货寒 档馒 焊厘 5 (5498) 弥措 263盔 利赋",蜡力前,夸芭飘,DAIRY,喉风海府 夸芭飘,概老官捞坷
[仟靛芳扼] 摹挪刨歹 2辆,埃祈侥,趁悼侥前,FROZEN_MEAL,摹挪刨歹,仟靛芳扼
[炼牢] 悼拱汗瘤 归祸 蜡沥 馆槛鄂 20备,腊幅/拌鄂,拌鄂,RAW_MEAT,馆槛鄂,炼牢
[府窍海胶飘] 历寸 烹剐侥户 350g,埃侥幅,户幅,BAKERY,侥户,府窍海胶飘
[奶肺弊] 促农 檬内 橇肺凭 掉扼捞飘 弊贰愁扼 350g,惑柯侥前,矫府倔,GRAIN,弊贰愁扼,奶肺弊
[榜电倾聪霓] 国笼曹 200g,埃侥幅,叼历飘/纳捞农,BAKERY,国笼曹,榜电倾聪霓
[My little recipe] 秦拱 芦煌 侗汉捞 (2牢盒),埃祈侥,剐虐飘,RTC_MEAL,剐虐飘,My little recipe
[辫犁侥秋胶仟靛] 器档揪 淬篮 器档馏 10器,澜丰,林胶,BEVERAGE,器档馏,辫犁侥秋胶仟靛
"归汲 戈摹叼器府 腊荐俊绰 1盒傅 50俺涝, 200g, 1俺 57%18,980盔 8,160盔 (100g寸 4,080盔) 郴老(老) 货寒 档馒 焊厘 5 (1913) 弥措 408盔 利赋",炼固丰,炼固丰,SAUCE_SEASONING,内牢腊荐,归汲
[柯窍风] 焊府货快 颇贰磊馆,埃祈侥,馆蛮幅,SIMPLE_PROCESSED,货快 颇贰 磊馆,柯窍风
[绊皋傍规] 盟盟窍绊 官昏茄 付疵官霸飘 240g,埃侥幅,户幅,BAKERY,付疵 官霸飘,绊皋傍规
"坷堆扁 荤苞侥檬, 900ml, 1俺 2,940盔 (10ml寸 33盔) 郴老(老) 货寒 档馒 焊厘 5 (8676) 弥措 147盔 利赋",炼固丰,剧充/家胶,SAUCE_SEASONING,侥檬,坷堆扁
[荐魂镑埃] 悼秦救 扒坷隆绢 120g (2固),荐魂拱,戈摹/扒绢拱,DRIED_SEAFOOD,扒坷隆绢,荐魂镑埃
[急柳器农茄捣] 格混 备捞侩 400g,腊幅/拌鄂,蹬瘤绊扁,RAW_MEAT,蹬瘤 格混,急柳器农茄捣
[辆啊] 醚阿辫摹 850g,埃祈侥,馆蛮幅,SIMPLE_PROCESSED,醚阿辫摹,辆啊
"磅磅 趁悼 奔, 1俺, 350g 37%8,990盔 5,630盔 (100g寸 1,609盔) 郴老(老) 货寒 档馒 焊厘 4.5 (549) 弥措 281盔 利赋",荐魂拱,炼俺/傈汗,RAW_SEAFOOD,奔,磅磅
"器农闺府 捣焕 皑磊帕侩 (趁厘), 1.5kg, 1蒲 10,800盔 (100g寸 720盔) 郴老(老) 货寒 档馒 焊厘 4.5 (11326) 弥措 540盔 利赋",腊幅/拌鄂,蹬瘤绊扁,RAW_MEAT,捣焕,器农闺府
"夸敲饭 喉风海府 钢萍 4p, 340g, 2俺 7,580盔 (10g寸 111盔) 郴老(老) 货寒 档馒 焊厘 5 (9387) 弥措 379盔 利赋",蜡力前,夸芭飘,DAIRY,喉风海府 夸芭飘,
[骇扁俊 芬官快明] 荤侩捞 埃祈茄 盔呐 靛赋 目乔 7g X 10俺涝 5辆(琶1),澜丰,目乔/瞒,BEVERAGE,目乔 靛赋归,骇扁俊 芬官快明
[急拱技飘] 唱弃饭克 固聪捻虐 6辆 技飘 566g,埃侥幅,苞磊/胶臣,SNACK,捻虐,唱弃饭克
[酱府绢官儒] 坷胶飘府酒 蜡扁丑 固聪 农覆 摹令 (24g X 5俺涝),蜡力前,摹令,DAIRY,农覆摹令,酱府绢官儒
"饶风疯 揭惫荐 催磅帕, 73g, 6俺 19%10,256盔 8,250盔 (100g寸 1,884盔) 郴老(老) 档馒 焊厘 4.5 (7328) 弥措 413盔 利赋",埃祈侥,扼搁,INSTANT,饶风疯 揭惫荐 催磅帕,丑缴
[官促秦] 狐昏冈怕备捞技飘 160g (家胶刘沥),荐魂拱,戈摹/扒绢拱,DRIED_SEAFOOD,冈怕,官促秦
[丑缴] 货快兵 400g (瘤欺归),埃侥幅,苞磊/胶臣,SNACK,货快兵,丑缴
[棵啊厚坷] 蜡扁丑 悼搬扒炼 喉风海府 盒富 100g,炼固丰,啊风盒富,SAUCE_SEASONING,喉风海府 盒富,棵啊厚坷
[农扼款] 候颇捞 叠扁 324g,埃侥幅,苞磊/胶臣,SNACK,候颇捞,农扼款
[芒撅] 矫弊聪贸 侗 3辆 500g (琶1),埃侥幅,侗,SNACK,侗,芒撅
[匙捞贸矩秋胶] 汉篮 酒阁靛啊风200g,炼固丰,啊风盒富,SAUCE_SEASONING,酒阁靛 啊风,匙捞贸矩秋胶
"荤拌例 接厘, 500g, 2俺 53%9,800盔 4,590盔 (100g寸 459盔) 郴老(老) 货寒 档馒 焊厘 5 (1140) 弥措 230盔 利赋",炼固丰,剧充/家胶,SAUCE_SEASONING,接厘,荤拌例
"讣篮拱俊 弊府呈府 买侩烹烹 尼唱拱, 300g, 2俺 2,710盔 (100g寸 452盔) 郴老(老) 货寒 档馒 焊厘 4.5 (9829) 弥措 135盔 利赋",盲家/邦拱幅,盲家,RAW_PRODUCE,尼唱拱,讣篮拱俊
"怖邦 惫魂 慢揭, 2kg, 1俺 8,980盔 (100g寸 449盔) 郴老(老) 档馒 焊厘 4.5 (771) 弥措 449盔 利赋",盲家/邦拱幅,揭/棱邦,GRAIN,慢揭,怖邦
"公丑距 牢刘 讣篮拱俊 曼亮篮 惫魂尼唱拱, 500g, 1俺 2,400盔 (100g寸 480盔) 郴老(老) 货寒 档馒 焊厘 4.5 (98622) 弥措 120盔 利赋",盲家/邦拱幅,盲家,RAW_PRODUCE,尼唱拱,讣篮拱俊
[MD's Pick] 炼亲泅 积魂磊狼 己券 空 硅 4.5kg,苞老/斑苞幅,苞老,RAW_FRUIT,硅,MD's Pick
"磅磅 钙馆籍 备款鄂, 60备, 1俺 22,310盔 (1备寸 372盔) 郴老(老) 货寒 档馒 焊厘 4.5 (143687) 弥措 1,115盔 利赋",腊幅/拌鄂,拌鄂,RAW_MEAT,备款鄂,磅磅
[MPARK] 喉发扼骇 绊寸档 坷坊瘤 1.2kg (5~6涝),苞老/斑苞幅,苞老,RAW_FRUIT,坷坊瘤,MPARK
"巢剧蜡诀 咐乐绰快蜡GT 家拳啊 肋登绰 绊家茄 遏配橇府, 900ml, 2俺 6,380盔 (100ml寸 354盔) 郴老(老) 货寒 档馒 焊厘 5 (192140) 弥措 319盔 利赋",蜡力前,快蜡/滴蜡,DAIRY,遏配橇府 快蜡,巢剧蜡诀
"墨穿 付老靛 肺胶飘 酒皋府墨畴 盔滴目乔雇胶, 900mg, 30俺涝, 1俺 7,170盔 (10g寸 2,656盔) 郴老(老) 档馒 焊厘 5 (180735) 弥措 359盔 利赋",澜丰,目乔/瞒,BEVERAGE,虐乔 雇胶,墨穿 
[救窜离] 苞老窃樊 70% 汗件酒离 380g,惑柯侥前,离/胶橇饭靛,SAUCE_SEASONING,汗件酒离,救窜离
[傈烹林] 硅驱沥档啊 皋肺聪酒 (4档 750mL),贱,傈烹林,ALCOHOL,阜吧府,傈烹林
[老靛橇尔胶] 根怕滚 浇扼捞胶 摹令 150g,蜡力前,摹令,DAIRY,摹令,老靛橇尔胶
"措玫辫 犁贰辫, 22g, 10俺 且牢45%29,000盔 15,840盔 (10g寸 720盔) 郴老(老) 档馒 焊厘 4.5 (69157) 弥措 729盔 利赋",惑柯侥前,辫/磊馆,DRIED_SEAFOOD,辫,措玫辫
[春胆府 :柳茄 牢档 目府狼 咐] 牢档 抄 2辆,埃侥幅,户幅,BAKERY,抄,春胆府 :柳茄 牢档 目府狼 咐
[固遏] 康堡 过己器 曼奔厚 (0.9kg 10固 / 1.8kg 20固) (趁悼) (琶1),荐魂拱,戈摹/扒绢拱,DRIED_SEAFOOD,奔厚,固遏
[急拱技飘] 过己器曼咐 橇府固决 奔厚 坷啊技飘 2.0kg,荐魂拱,戈摹/扒绢拱,DRIED_SEAFOOD,奔厚,过己器曼咐
[剐农矩倾聪] 积农覆 农肺客惑 (70g X 8俺),埃侥幅,户幅,BAKERY,农肺客惑,剐农矩倾聪
[急拱技飘] 磊楷魂 刮绢奔厚 技飘 1.8kg,荐魂拱,戈摹/扒绢拱,DRIED_SEAFOOD,刮绢奔厚,
[绊皋] 家官官摹挪 付筋疟 鉴混 240g,埃祈侥,趁悼侥前,FROZEN_MEAL,趁悼 摹挪,绊皋
[竿啊凉府] 攫鞘磐 荤苞侥檬 500ml / 1L,炼固丰,剧充/家胶,SAUCE_SEASONING,侥檬,竿啊凉府
[Ozen] 绕力楷绢 浇扼捞胶 180g 3辆 (趁厘) (琶1),荐魂拱,绢腊啊傍侥前,SIMPLE_PROCESSED,绕力楷绢,Ozen
[KF365] 烹烹茄 弊副 厚浚唱 家矫瘤 700g,腊幅/拌鄂,啊傍腊(擒/家矫瘤),PROCESSED_MEAT,家矫瘤,KF365
[茄剧侥前] 采焊促 坷隆绢 概内固 150g,埃侥幅,苞磊/胶臣,SNACK,坷隆绢 胶臣,茄剧侥前
"[MPARK][2豪备概矫 1豪 9,990盔] 固惫魂 喉发扼骇 匙捞喉 坷坊瘤 1kg (5~6涝)",苞老/斑苞幅,苞老,RAW_FRUIT,坷坊瘤,
[踌瞒盔] 力肺酱啊 扼都 喉坊靛 (10g X 7俺) 4辆 (琶1),澜丰,目乔/瞒,BEVERAGE,扼都,踌瞒盔
[父配官] 急靛扼捞靛 配付配 其捞胶飘,炼固丰,剧充/家胶,SAUCE_SEASONING,配付配 其捞胶飘,父配官
"没沥盔 海飘巢 揭惫荐 家胶, 370g, 1俺 4,690盔 (100g寸 1,268盔) 郴老(老) 档馒 焊厘 5 (5382) 弥措 235盔 利赋",炼固丰,剧充/家胶,SAUCE_SEASONING,揭惫荐 剧充,没沥盔
[歹坷淬] 绊眠厘剧充 坷府阂绊扁 200g,埃祈侥,剐虐飘,RTC_MEAL,剐虐飘,歹坷淬
[My little recipe] 荤府惦灰 鉴混 催哎厚 措侩樊 (3~4牢侩),埃祈侥,剐虐飘,RTC_MEAL,剐虐飘,My little recipe
[乔胶乔胶] 饭阁 矾滚胶 颇捞 138g,埃侥幅,叼历飘/纳捞农,BAKERY,颇捞,乔胶乔胶
"墨穿 歹喉鸡 扼都 目乔雇胶 胶平, 13.5g, 30俺涝, 1俺 12,490盔 (10g寸 308盔) 郴老(老) 货寒 档馒 焊厘 5 (293) 弥措 625盔 利赋",澜丰,目乔/瞒,BEVERAGE,目乔雇胶,墨穿
"惫郴魂 皑磊(漂), 1kg, 2俺 12,200盔 (100g寸 610盔) 郴老(老) 货寒 档馒 焊厘 4.5 (21699) 弥措 610盔 利赋",盲家/邦拱幅,盲家,RAW_PRODUCE,皑磊,
"急柳器农茄捣 固冠 缔荤怕 荐腊侩 600g + 盒富胶橇 技飘 (趁厘), 1技飘 8,700盔 (100g寸 1,279盔) 郴老(老) 货寒 档馒 焊厘 4.5 (997) 弥措 435盔 利赋",腊幅/拌鄂,蹬瘤绊扁,RAW_MEAT,荤怕,急柳器农茄捣
"楷滴 夸府俊季胶 柳, 500ml, 2俺 40%19,960盔 11,960盔 (10ml寸 120盔) 郴老(老) 档馒 焊厘 5 (20321) 弥措 598盔 利赋",炼固丰,炼固丰,SAUCE_SEASONING,楷滴,
"接促矫付, 3kg, 1冠胶 8,900盔 (100g寸 297盔) 郴老(老) 货寒 档馒 焊厘 4.5 (638) 弥措 395盔 利赋",荐魂拱,固开/促矫付,DRIED_SEAFOOD,促矫付,接促矫付
[竿啊凉府] 惯荤雇 葛单唱 侥檬 2辆 (琶1),炼固丰,剧充/家胶,SAUCE_SEASONING,惯荤雇 侥檬,竿啊凉府
[概老] 官唱唱绰 盔贰 窍鹃促 (190mL X 6俺),蜡力前,快蜡/滴蜡,DAIRY,官唱唱 快蜡,概老
[焊拱级] ASC牢刘 模券版 傈汗 2辆 (积拱) (琶1),荐魂拱,炼俺/傈汗,RAW_SEAFOOD,傈汗,焊拱级
[伙伙拱魂] 烹康 籍拳奔  2kg (积拱) (啊凯炼府侩),荐魂拱,炼俺/傈汗,RAW_SEAFOOD,奔,伙伙拱魂
"咐漓捞侥前 概款剧充催惯 (趁悼), 600g, 1俺 17,600盔 (100g寸 2,933盔) 郴老(老) 货寒 档馒 焊厘 4.5 (10383) 弥措 880盔 利赋",埃祈侥,饭飘肺飘,RTC_MEAL,饭飘肺飘,咐漓捞侥前
[版汗泵 BLACK] 漠笼 LA 哎厚 600g,腊幅/拌鄂,家绊扁,RAW_MEAT,LA 哎厚,版汗泵 BLACK
"掸付农 夸芭剐 烹坷飘 酒阁靛 8俺涝, 85g, 8俺 6,150盔 (10g寸 90盔) 郴老(老) 货寒 档馒 焊厘 5 (234) 弥措 308盔 利赋",蜡力前,夸芭飘,DAIRY,坷飘 夸芭飘,掸付农
[颇胶硼福] 历柯混闭 闰快蜡 900mL,蜡力前,快蜡/滴蜡,DAIRY,快蜡,颇胶硼福
[Kurly's] 惫魂尼 滴何 3辆 (琶2),盲家/邦拱幅,尼/滴何,SIMPLE_PROCESSED,滴何,Kurly's
[厚厚厚寸] 窜龋冠 葫荐 180mL,埃侥幅,叼历飘/纳捞农,BAKERY,葫荐,厚厚厚寸
[酒令付] 公堪 蜡扁丑 家赋 炒肚 3俺涝 (120g),埃祈侥,馆蛮幅,SIMPLE_PROCESSED,炒肚,酒令付
[TEMOLE] 酒焊墨档抹 3辆 (琶1),埃侥幅,苞磊/胶臣,SNACK,酒焊墨档抹,TEMOLE
[钱公盔] 剐穿甸 惫拱侗汉捞 2牢盒,埃祈侥,剐虐飘,RTC_MEAL,剐虐飘,钱公盔
[某矫闺府] 固惫 傈烹 摹令 4辆 (琶1),蜡力前,摹令,DAIRY,摹令,某矫闺府
[切覆促规] 靛赋归 2辆 (琶1),澜丰,目乔/瞒,BEVERAGE,目乔 靛赋归,切覆促规
"措玫辫 固聪档矫遏辫 G3240-K 6p, 2g, 10俺 42%5,900盔 3,400盔 (10g寸 1,700盔) 郴老(老) 档馒 焊厘 5 (429) 弥措 170盔 利赋",惑柯侥前,辫/磊馆,DRIED_SEAFOOD,辫,措玫辫
[扼后府目侨诀]脚啮鸥 裁饭瘤坷匙 (客牢),贱,客牢,ALCOHOL,饭靛 客牢,
[巢档快局] 公亲积力 1++ 茄快 快敌 厘炼覆侩 200g (趁厘),盲家/邦拱幅,盲家,RAW_PRODUCE,公,巢档快局
航唱拱 基敲矾 400g,盲家/邦拱幅,盲家,RAW_PRODUCE,航唱拱,
[粮念 胆府固飘] 墨唱叼攫 海捞牧,腊幅/拌鄂,啊傍腊(擒/家矫瘤),PROCESSED_MEAT,海捞牧,粮念 胆府固飘
[何魂绢器] 快府揭肺 父电 何魂绢器 4辆 (琶1),埃侥幅,苞磊/胶臣,SNACK,何魂 绢器,何魂绢器
[措玫辫] 蚌芒 牡辫 30g,惑柯侥前,辫/磊馆,DRIED_SEAFOOD,辫,措玫辫
[棵啊] 快府剐 墨饭啊风 2辆 (琶1),炼固丰,啊风盒富,SAUCE_SEASONING,墨饭啊风,棵啊
[钱公盔] 悼拱汗瘤 茄涝 斤 扑能 摹挪 500g,埃祈侥,趁悼侥前,FROZEN_MEAL,趁悼 扑能摹挪,钱公盔
[捞眶笼烹烹捞] 喉风海府农覆 滤垫户 180g,埃侥幅,户幅,BAKERY,滤垫户,捞眶笼烹烹捞
[堡悼积劝扒碍] 硅档扼瘤街拳胶平 (30器)+碱俏归,固殿废 墨抛绊府,扁鸥,UNKNOWN,扁鸥,堡悼积劝扒碍
[老岿惑窜] 没 3辆 (琶1),炼固丰,剧充/家胶,SAUCE_SEASONING,苞老没,老岿惑窜
[堡悼积劝扒碍] 硅档扼瘤街拳胶平 100器,固殿废 墨抛绊府,扁鸥,UNKNOWN,扁鸥,堡悼积劝扒碍
[扁厘拱魂] 官荤昏 鉴混 冈怕 (家胶 刘沥),荐魂拱,戈摹/扒绢拱,DRIED_SEAFOOD,冈怕,扁厘拱魂
[颇胶虐俊] 胶飘肺海府 鸥福飘 800g,埃侥幅,叼历飘/纳捞农,BAKERY,鸥福飘,颇胶虐俊
[坷堆扁] UNO 荤阿乔磊 4辆 (琶1),埃祈侥,趁悼侥前,FROZEN_MEAL,趁悼 捣鳖胶,坷堆扁
[急拱技飘] 价碍寸 措疙傍柳焊 +(焊磊扁 器厘 棺 碱俏归 刘沥),固殿废 墨抛绊府,扁鸥,UNKNOWN,扁鸥,价碍寸
[祈胶配尔X柯歹绊] 捞沥泅狼 措颇农覆 颇胶鸥,埃祈侥,剐虐飘,RTC_MEAL,剐虐飘,祈胶配尔X柯歹绊
[敝肺厘积] 力林 皑敝 2.5kg (厚啊覆),苞老/斑苞幅,苞老,RAW_FRUIT,敝,敝肺厘积
"秦怕htb 哎硅荤捞促, 210ml, 30俺 12,220盔 (100ml寸 194盔) 郴老(老) 档馒 焊厘 货 惑前, 馆前-固俺豪 (14) 弥历11,600盔 5 (17148) 弥措 611盔 利赋",澜丰,藕魂澜丰,BEVERAGE,哎硅 荤捞促,秦怕htb
[迫迫龋尔捞] 磊楷国曹 积碍没 450g,炼固丰,剧充/家胶,SAUCE_SEASONING,积碍没,迫迫龋尔捞
"崎矫 力肺酱芭 扼烙氢, 210ml, 30俺 14,500盔 (100ml寸 230盔) 郴老(老) 档馒 焊厘 5 (183064) 弥措 725盔 利赋",澜丰,藕魂澜丰,BEVERAGE,崎矫 力肺酱芭 扼烙,崎矫
[敝肺厘积] 力林 窍快胶 皑敝 1kg,苞老/斑苞幅,苞老,RAW_FRUIT,敝,敝肺厘积
[弊饭捞胶] 喉风海府 腔饭 100 14器,固殿废 墨抛绊府,扁鸥,UNKNOWN,扁鸥,弊饭捞胶
[酒魔浚夯磷] 艰绊扁磷,埃祈侥,饭飘肺飘,RTC_MEAL,饭飘肺飘,酒魔浚夯磷
[况目鳃] 磅帕,埃祈侥,饭飘肺飘,RTC_MEAL,饭飘肺飘,况目鳃
[揪舅肺] 磺肺肺 坷邦 檬内肺巧 矫府倔 520g,惑柯侥前,矫府倔,GRAIN,坷邦 矫府倔,揪舅肺
[KF365] 俊绢橇扼捞绢侩 烹救缴墨明 280g(70g*4ea),埃祈侥,趁悼侥前,FROZEN_MEAL,趁悼 捣鳖胶,KF365
[捞叼具]  目乔雇胶 4辆 (琶1),澜丰,目乔/瞒,BEVERAGE,目乔雇胶,捞叼具
"汗捞匙冈芭府 伯龙掳 甸柄啊风 帕侩, 1kg, 1俺 27%12,870盔 9,290盔 (100g寸 929盔) 郴老(老) 档馒 焊厘 4.5 (281) 弥措 465盔 利赋",炼固丰,啊风盒富,SAUCE_SEASONING,甸柄啊风,汗捞匙冈芭府
[捞瞒倒] 等厘骂俺,埃祈侥,饭飘肺飘,RTC_MEAL,饭飘肺飘,捞瞒倒
[Chai797] 货快 惦灰 窍啊快 250g,埃祈侥,趁悼侥前,FROZEN_MEAL,趁悼 父滴,Chai797
"乞芒荐 公扼骇 积荐, 500ml, 40俺 31%15,900盔 10,940盔 (100ml寸 55盔) 郴老(老) 档馒 焊厘 5 (164239) 弥措 547盔 利赋",澜丰,积荐,BEVERAGE,积荐,乞芒荐
[弊赴呈飘] 备款 酒阁靛 1kg,苞老/斑苞幅,斑苞幅,RAW_FRUIT,酒阁靛,弊赴呈飘
[坷肺官老坊] 竣胶飘扼滚柳 棵府宏坷老 墨荤胆酒备酒 250mL,炼固丰,侥侩蜡/扁抚,SAUCE_SEASONING,棵府宏坷老,坷肺官老坊
"归汲 橇遏配 棵府绊寸, 1.2kg, 3俺 49%19,440盔 9,800盔 (10g寸 27盔) 郴老(老) 档馒 焊厘 5 (43891) 弥措 490盔 利赋",炼固丰,剧充/家胶,SAUCE_SEASONING,棵府绊寸,归汲
"惫郴魂 例窜措颇, 1kg, 1俺 5,290盔 (100g寸 529盔) 郴老(老) 货寒 档馒 焊厘 4.5 (183785) 弥措 265盔 利赋",盲家/邦拱幅,盲家,RAW_PRODUCE,措颇,
[堡玫辫] 坷啊葱辫 档矫遏辫 9窜,惑柯侥前,辫/磊馆,DRIED_SEAFOOD,辫,堡玫辫
茄尝 颇橇府墨 1涝 2辆,盲家/邦拱幅,盲家,RAW_PRODUCE,颇橇府墨,茄尝
"100% 惫魂 绢赴部捧府 秦贾寸 绢赴 部捧府肺 绊家窍霸 汉篮 累滴尼瞒, 1俺, 120g, 1俺涝 13%11,400盔 9,900盔 (10g寸 825盔) 郴老(老) 档馒 焊厘 5 (1052) 弥措 495盔 利赋",澜丰,目乔/瞒,BEVERAGE,累滴尼瞒,秦贾寸
"格快锰 惫郴魂 家绊扁 殿缴 备捞侩 (趁厘), 200g, 1俺 54%25,990盔 11,900盔 (100g寸 5,950盔) 郴老(老) 货寒 档馒 焊厘 4.5 (1911) 弥措 545盔 利赋",腊幅/拌鄂,家绊扁,RAW_MEAT,家 殿缴,格快锰
"磅磅 趁悼 闰促府 货快混, 300g(24~33固), 1俺 32%10,900盔 7,390盔 (100g寸 2,463盔) 郴老(老) 货寒 档馒 焊厘 5 (114048) 弥措 370盔 利赋",荐魂拱,货快/霸,RAW_SEAFOOD,货快,磅磅 
[傈烹林] 曼林啊 悼秦广官促 刘幅林 (17.2档 360mL),贱,傈烹林,ALCOHOL,刘幅 家林,傈烹林
"磅磅 舅躲滴何, 800g, 1蒲 1,990盔 (100g寸 249盔) 郴老(老) 货寒 档馒 焊厘 5 (62337) 弥措 100盔 利赋",盲家/邦拱幅,尼/滴何,SIMPLE_PROCESSED,滴何,磅磅
"钙缴 酒扼厚墨 100 目乔雇胶, 11.8g, 100俺涝, 2俺 34,100盔 (10g寸 144盔) 郴老(老) 档馒 焊厘 5 (20115) 弥措 1,705盔 利赋",澜丰,目乔/瞒,BEVERAGE,目乔雇胶,钙缴
[黎傅农胶] 牢扁 腊器 葛酒焊扁 5辆 (琶1),腊幅/拌鄂,啊傍腊(擒/家矫瘤),PROCESSED_MEAT,腊器,黎傅农胶
"100% 惫魂 呕乔 厚捞明 绊家窃 淬篮 甸柄啊风, 1俺, 200g 且牢48%26,900盔 13,900盔 (100g寸 6,950盔) 郴老(老) 档馒 焊厘 5 (2831) 弥措 695盔 利赋",炼固丰,啊风盒富,SAUCE_SEASONING,甸柄啊风,厚捞明
[CU 侨诀] 掂绢胶 某府厚救胶公胶 8斥,贱,扁鸥 林幅,ALCOHOL,困胶虐,
蜡扁丑 何眠 150g,盲家/邦拱幅,盲家,RAW_PRODUCE,何眠,
"棵拌 蜡扁丑 摹挪胶佩, 140g, 1俺 13,700盔 (100g寸 9,786盔) 郴老(老) 档馒 焊厘 4.5 (1479) 弥措 685盔 利赋",炼固丰,炼固丰,SAUCE_SEASONING,摹挪胶佩,棵拌
[CU 侨诀] 激其牢 付捞 竣胶飘扼 宏夫,贱,客牢,ALCOHOL,胶颇努傅 客牢,
"固盔 咐家陛, 2kg, 1俺 6,100盔 (100g寸 305盔) 郴老(老) 档馒 焊厘 5 (82879) 弥措 305盔 利赋",炼固丰,炼固丰,SAUCE_SEASONING,咐家陛,
[弊赴呈飘] 备款 乔胶鸥摹坷 500g,苞老/斑苞幅,斑苞幅,RAW_FRUIT,乔胶鸥摹坷,弊赴呈飘
[郴抿凡胶颇捞胶]农府胶乔 剧颇,埃祈侥,趁悼侥前,FROZEN_MEAL,趁悼 脾辫,郴抿凡胶颇捞胶
"辑匡快蜡 檬内 快蜡, 200ml, 24俺 22%20,880盔 16,190盔 (100ml寸 337盔) 郴老(老) 档馒 焊厘 5 (25891) 弥措 810盔 利赋",蜡力前,快蜡/滴蜡,DAIRY,檬内快蜡,辑匡快蜡
"弊赴贰壶 风裁扼 & 圾矾靛 Kit, 180g, 1俺 3,690盔 (100g寸 2,050盔) 郴老(老) 货寒 档馒 焊厘 4.5 (1636) 弥措 185盔 利赋",埃祈侥,圾矾靛蒲,RTC_MEAL,圾矾靛 虐飘,弊赴贰壶
[官抚剖] 模券版 绊荤府 300g,盲家/邦拱幅,盲家,RAW_PRODUCE,绊荤府,官抚剖
"吩单溃仟靛 决付颊颇捞, 254g, 2俺 19%10,560盔 8,460盔 (10g寸 167盔) 郴老(老) 档馒 焊厘 5 (24203) 弥措 423盔 利赋",埃侥幅,苞磊/胶臣,SNACK,决付颊 颇捞,吩单溃仟靛
[弊赴呈飘] 伯龙 绝绰 积 乔胶鸥摹坷 170g,苞老/斑苞幅,斑苞幅,RAW_FRUIT,乔胶鸥摹坷,弊赴呈飘
[福 客敲] 辨芭府 客敲 3辆 (2俺涝) (琶1),埃侥幅,叼历飘/纳捞农,BAKERY,客敲,福 客敲
钎绊滚几 500g,盲家/邦拱幅,滚几,RAW_PRODUCE,钎绊滚几,
"咯荐 扒绢拱 矫厘 戈摹 汉澜侩, 1俺, 200g 6,540盔 (100g寸 3,270盔) 郴老(老) 货寒 档馒 焊厘 4.5 (818) 弥措 327盔 利赋",荐魂拱,戈摹/扒绢拱,DRIED_SEAFOOD,戈摹,咯荐 扒绢拱 矫厘
[付歹仟靛]  率哎厚 2辆,腊幅/拌鄂,蹬瘤绊扁,RAW_MEAT,率哎厚,付歹仟靛
"鉴芒泵 怕剧檬 绊眠厘, 3kg, 1俺 57%19,800盔 8,480盔 (100g寸 283盔) 郴老(老) 货寒 档馒 焊厘 4.5 (2156) 弥措 424盔 利赋",炼固丰,剧充/家胶,SAUCE_SEASONING,绊眠厘,鉴芒泵
[吩单] 农繁虐 歹喉农繁摹官 固聪 胶飘肺海府 & 官唱唱 313.5g,埃侥幅,苞磊/胶臣,SNACK,农繁虐,吩单
"归汲 绊家窃 啊垫 曼扁抚, 450ml, 1俺 55%14,400盔 6,370盔 (10ml寸 142盔) 郴老(老) 档馒 焊厘 5 (42854) 弥措 319盔 利赋",炼固丰,侥侩蜡/扁抚,SAUCE_SEASONING,曼扁抚,归汲
[弊贰愁扼 窍快胶] 弊贰愁扼 5辆 (琶1),惑柯侥前,矫府倔,GRAIN,弊贰愁扼,弊贰愁扼 窍快胶
[CU 侨诀] 林扼 饭靛客牢 某胶农,贱,扁鸥 林幅,ALCOHOL,困胶虐,
"寝馆 棱邦逛, 130g, 6俺 6,540盔 (100g寸 838盔) 郴老(老) 档馒 焊厘 货 惑前, 馆前-固俺豪 (2) 弥历6,210盔 5 (791) 弥措 327盔 利赋",埃祈侥,溜籍逛,INSTANT,溜籍逛 棱邦,寝馆
"磅磅 脚急茄 历瘤规快蜡, 900ml, 4俺 7,380盔 (100ml寸 205盔) 郴老(老) 货寒 档馒 焊厘 5 (54675) 弥措 369盔 利赋",蜡力前,快蜡/滴蜡,DAIRY,历瘤规 快蜡,磅磅
"钙缴 拳捞飘榜靛 目乔雇胶, 11.7g, 100俺涝, 1俺 16,900盔 (10g寸 144盔) 郴老(老) 档馒 焊厘 5 (302208) 弥措 845盔 利赋",澜丰,目乔/瞒,BEVERAGE,目乔雇胶,钙缴
"没沥盔 买催 剧充, 280g, 1俺 3,200盔 (100g寸 1,143盔) 郴老(老) 货寒 档馒 焊厘 5 (1656) 弥措 160盔 利赋",炼固丰,剧充/家胶,SAUCE_SEASONING,买催 剧充,没沥盔
[酒弊肺荐欺] 荐涝魂 蹬瘤绊扁 备捞侩 5辆 榜扼淬扁,腊幅/拌鄂,蹬瘤绊扁,RAW_MEAT,葛惦 蹬瘤绊扁,酒弊肺荐欺
[器农闺府] 茄捣 措菩 格混 300g(趁悼),腊幅/拌鄂,蹬瘤绊扁,RAW_MEAT,蹬瘤 格混,器农闺府
[咯空狼 稠酒福] 公舅妮 墨海福匙家厚川 350mL,贱,客牢,ALCOHOL,拳捞飘 客牢,咯空狼 稠酒福
[巢档2措疙啊] 祸祸 窍风秦檬 圾矾靛 8g X 10涝,埃祈侥,圾矾靛蒲,RTC_MEAL,圾矾靛,巢档2措疙啊
[攫聪啊 见败初篮 苞磊惑磊] 矾宏海绢 捻虐技飘 (5俺涝),埃侥幅,苞磊/胶臣,SNACK,捻虐,攫聪啊 见败初篮 苞磊惑磊
[弊扼愁肺瘤] 弊贰愁扼 矫弊聪贸 菩虐瘤 7辆 (琶1),惑柯侥前,矫府倔,GRAIN,弊贰愁扼,弊扼愁肺瘤
[快靛矩宏腐] 龋剐户 3辆 (琶1),埃侥幅,户幅,BAKERY,龋剐户,快靛矩宏腐
[Picard] 穿酒力哆 皑磊,埃侥幅,叼历飘/纳捞农,BAKERY,穿酒力哆,Picard
"概老蜡诀 楷蜡, 500g, 2俺 8,850盔 (100g寸 885盔) 郴老(老) 货寒 档馒 焊厘 5 (10083) 弥措 443盔 利赋",蜡力前,快蜡/滴蜡,DAIRY,楷蜡,概老蜡诀
[付捞嘉橇] 舅蛮 绊扁 付颇滴何,埃祈侥,饭飘肺飘,RTC_MEAL,饭飘肺飘,付捞嘉橇
[坷堆扁] 柳扼搁 鉴茄咐 5涝,埃祈侥,扼搁,INSTANT,柳扼搁 鉴茄咐,坷堆扁
[弊赴呈飘] 付福内唱 酒阁靛 300g,苞老/斑苞幅,斑苞幅,RAW_FRUIT,酒阁靛,弊赴呈飘
"剐墨 檬妮复 滚喉府, 90g, 2俺 35%9,600盔 6,160盔 (10g寸 342盔) 郴老(老) 档馒 焊厘 5 (1392) 弥措 293盔 利赋",埃侥幅,檬妮复/荤帕,SNACK,剐墨 檬妮复,剐墨
[CU 侨诀] 戎撇府匆靛扼捞柳,贱,扁鸥 林幅,ALCOHOL,柳,
"酒捞矫胶 8.0 ECO 积荐 公扼骇, 300ml, 40俺 5%12,000盔 11,370盔 (100ml寸 95盔) 郴老(老) 档馒 焊厘 5 (117916) 弥措 569盔 利赋",澜丰,积荐,BEVERAGE,积荐,酒捞矫胶
[磊楷角废] 悼拱汗瘤 家胶 催啊娇混 钮宏 胶抛捞农 4辆,腊幅/拌鄂,催绊扁,RAW_MEAT,催啊娇混,磊楷角废
[档胶鸥内胶] 何府肚 2辆 (琶1),埃侥幅,户幅,BAKERY,何府肚,档胶鸥内胶
[坷堆扁] 户啊风 1KG,炼固丰,啊风盒富,SAUCE_SEASONING,户啊风,坷堆扁
[溅仟靛] 府内鸥 农罚海府 击靛困摹 菩剐府蒲 (4涝),埃侥幅,户幅,BAKERY,击靛困摹,溅仟靛
[弊赴呈飘] 付墨促固酒 300g,苞老/斑苞幅,斑苞幅,RAW_FRUIT,付墨促固酒,弊赴呈飘
[辆啊] 咐辫摹 1.7kg,埃祈侥,馆蛮幅,SIMPLE_PROCESSED,硅眠辫摹,辆啊
[弊赴呈飘] 官唱唱抹 500g,埃侥幅,苞磊/胶臣,SNACK,官唱唱抹,弊赴呈飘
"揪弊伐 扼烙 公扼骇 藕魂荐, 450ml, 20俺 11,900盔 (100ml寸 132盔) 郴老(老) 档馒 焊厘 5 (8659) 弥措 595盔 利赋",澜丰,藕魂澜丰,BEVERAGE,藕魂荐,揪弊伐
[乔内农] 柳茄 腊俺厘,埃祈侥,饭飘肺飘,RTC_MEAL,饭飘肺飘,乔内农
[CJ] 林何檬逛空 费 蜡何檬逛 229g,埃祈侥,剐虐飘,RTC_MEAL,剐虐飘,CJ
[傣拳疙鄂] 牢扁 疙鄂 4辆 (琶1),荐魂拱,绢鄂,RAW_SEAFOOD,疙鄂,傣拳疙鄂
[捞陛急疙牢] 哎摹接粒 160g,埃祈侥,馆蛮幅,SIMPLE_PROCESSED,哎摹接粒,捞陛急疙牢
[坷汲废] 力林 蜡盲 & 混备氢 萍归 (2g X 10俺),澜丰,目乔/瞒,BEVERAGE,萍归,坷汲废
[奶肺弊] 坷邦 媒胶檬内 捻虐矩农覆 420g,惑柯侥前,矫府倔,GRAIN,媒胶檬内,奶肺弊
"归力 溜籍揭惫荐, 92g, 30俺 21%36,000盔 28,350盔 (100g寸 1,027盔) 郴老(老) 档馒 焊厘 5 (62954) 弥措 1,418盔 利赋",埃祈侥,剐虐飘,RTC_MEAL,剐虐飘,归力
[ISFI] 颇浇府 12g,炼固丰,氢脚丰/倾宏,SAUCE_SEASONING,颇浇府,ISFI
[KF365] 1+殿鞭 公亲积力 漂鄂 20备,腊幅/拌鄂,拌鄂,RAW_MEAT,拌鄂,KF365
[窍覆] 荐厚靛 趁厘 催啊娇混 5辆 (1俺涝/6俺涝),腊幅/拌鄂,催绊扁,RAW_MEAT,催啊娇混,窍覆
"秦蛮甸 荤拌例 接厘, 500g, 1俺 40%4,900盔 2,920盔 (100g寸 584盔) 郴老(老) 货寒 档馒 焊厘 5 (1140) 弥措 146盔 利赋",炼固丰,剧充/家胶,SAUCE_SEASONING,接厘,秦蛮甸
"[Kurly's] 埃祈窍霸 官昏, 具盲 辫富捞",埃祈侥,趁悼侥前,FROZEN_MEAL,趁悼 脾辫,Kurly's
"府橇饭浆 采焊促坷隆绢 操捞 坷隆绢, 1俺, 200g 34%17,500盔 11,420盔 (100g寸 5,710盔) 1,500盔 客快 啊涝 捻迄 郴老(老) 档馒 焊厘 4.5 (5502) 弥措 496盔 利赋",埃侥幅,苞磊/胶臣,SNACK,坷隆绢 胶臣,府橇饭浆
[目乔拳] 颇快歹 目乔 10g 3辆 (琶1),澜丰,目乔/瞒,BEVERAGE,目乔啊风,目乔拳
"捞努赋胶 乔摹, 34g, 3俺 5,950盔 (10g寸 583盔) 郴老(老) 档馒 焊厘 5 (31563) 弥措 298盔 利赋",埃侥幅,檬妮复/荤帕,SNACK,捞努赋胶,捞努赋胶
"况目胶稠辑摹 绢津萍靛 配乔胶 矩靛 檬妮复 俊努饭绢, 920g, 1俺 14,480盔 (10g寸 157盔) 郴老(老) 档馒 焊厘 5 (5025) 弥措 724盔 利赋",埃侥幅,户幅,BAKERY,俊努饭绢,况目胶稠辑摹
[急拱技飘] 官促剑 皑怕 & 辫 技飘,惑柯侥前,辫/磊馆,DRIED_SEAFOOD,辫,官促剑
[概老] 家拳啊 肋 登绰 快蜡(190mL X 6蒲),蜡力前,快蜡/滴蜡,DAIRY,快蜡,概老
"坷府瘤澄弊饭牢 汉篮 烹曼柄, 1kg, 1俺 10,800盔 (100g寸 1,080盔) 郴老(老) 货寒 档馒 焊厘 5 (1138) 弥措 540盔 利赋",盲家/邦拱幅,揭/棱邦,GRAIN,曼柄,坷府瘤澄
[弊赴呈飘] 汉澜顶尼(盒怕) 500g,炼固丰,啊风盒富,SAUCE_SEASONING,顶尼 盒怕,弊赴呈飘
[炼急龋炮] 茄快 阂绊扁 500g(趁悼),腊幅/拌鄂,家绊扁,RAW_MEAT,阂绊扁侩 家绊扁,炼急龋炮
蜡扁丑 剧硅眠 1烹 (800g),盲家/邦拱幅,盲家,RAW_PRODUCE,剧硅眠,
"茄尝烹混 催啊娇混 杭 5辆 x 2俺 雇胶技飘 (趁悼), 100g, 1俺涝, 10俺 15,900盔 (100g寸 1,590盔) 郴老(老) 货寒 档馒 焊厘 5 (4550) 弥措 795盔 利赋",腊幅/拌鄂,啊傍腊(擒/家矫瘤),PROCESSED_MEAT,催啊娇混 杭,茄尝烹混
"荤炼曼摹 救缴蝶俺 混内扁, 85g, 4俺 40%8,990盔 5,360盔 (1技飘寸 1,340盔) 郴老(老) 货寒 档馒 焊厘 5 (5724) 弥措 268盔 利赋",惑柯侥前,曼摹/胶圃牡,CANNED,曼摹牡,荤炼曼摹
[倾浆] 能 酒捞胶农覆 2辆 (150mL X 3俺),埃侥幅,叼历飘/纳捞农,BAKERY,酒捞胶农覆,倾浆
"蜡悼 锅单扁 烹炼覆, 280g, 6俺 10,380盔 (10g寸 62盔) 郴老(老) 档馒 焊厘 4.5 (22826) 弥措 519盔 利赋",惑柯侥前,曼摹/胶圃牡,CANNED,锅单扁 烹炼覆,
[磊烙] 妮扼罢 俩府 2辆 14器,固殿废 墨抛绊府,扁鸥,UNKNOWN,扁鸥,磊烙
"墨穿 付老靛 肺胶飘 胶困飘 酒皋府墨畴 盔滴目乔雇胶, 2.9g, 120俺涝, 1俺 24,490盔 (10g寸 704盔) 郴老(老) 档馒 焊厘 5 (12778) 弥措 1,225盔 利赋",澜丰,目乔/瞒,BEVERAGE,目乔啊风,墨穿
[绊贰荤] 绢宫富捞 4辆 (琶1),荐魂拱,绢腊啊傍侥前,SIMPLE_PROCESSED,绢宫,绊贰荤
[弊赴呈飘] 酒阁靛盒怕 500g,炼固丰,啊风盒富,SAUCE_SEASONING,酒阁靛 盒怕,弊赴呈飘
[膅膅海捞臂] 矫弊聪贸 海捞臂 12辆 (琶1),埃侥幅,户幅,BAKERY,海捞臂,膅膅海捞臂
[器飘'钒] 惫魂 官瘤遏混 150g (积拱),荐魂拱,炼俺/傈汗,RAW_SEAFOOD,官瘤遏,器飘'钒
"没沥盔 戈摹 咀粒 榜靛, 500g, 1俺 3,260盔 (10g寸 65盔) 郴老(老) 货寒 档馒 焊厘 5 (877) 弥措 163盔 利赋",荐魂拱,戈摹/扒绢拱,DRIED_SEAFOOD,戈摹,没沥盔
[档力侥户] 帕辆 葛醋户 2辆 (琶1),埃侥幅,户幅,BAKERY,葛醋户,档力侥户
[Chai797] 吊级 货快 芒戚 300g,埃祈侥,趁悼侥前,FROZEN_MEAL,趁悼 父滴,Chai797
[坷啊葱胶配府] 蜡扁丑 泅固 氛氛胶平 4辆,埃侥幅,苞磊/胶臣,SNACK,邦拱 胶平,坷啊葱胶配府
"淬磐 窜龋冠付瞒, 17g, 50俺涝, 1俺 13%15,900盔 13,740盔 (10g寸 162盔) 郴老(老) 档馒 焊厘 4.5 (18284) 弥措 687盔 利赋",澜丰,目乔/瞒,BEVERAGE,龋冠瞒,淬磐
"[蒲] 剐剧 并蕾, 100g, 1蒲 3,590盔 (100g寸 3,590盔) 郴老(老) 货寒 档馒 焊厘 4.5 (39591) 弥措 180盔 利赋",盲家/邦拱幅,盲家,RAW_PRODUCE,并蕾,蒲
"窍急沥 戈摹咀粒 榜靛, 400g, 1俺 3,830盔 (10g寸 96盔) 郴老(老) 档馒 焊厘 5 (5233) 弥措 191盔 利赋",炼固丰,炼固丰,SAUCE_SEASONING,戈摹咀粒,窍急沥
"歹淬篮 2025斥魂 禽揭 绊矫洒墨府 归固, 漂殿鞭, 4kg, 1俺 28%27,900盔 19,900盔 (100g寸 498盔) 郴老(老) 档馒 焊厘 4.5 (3745) 弥措 995盔 利赋",盲家/邦拱幅,揭/棱邦,GRAIN,揭,歹淬篮
"伙赋龋户 惯瓤固辆 惦灰乔磊 龋户, 95g, 4俺涝, 1俺 4,990盔 (10g寸 131盔) 郴老(老) 货寒 档馒 焊厘 5 (4497) 弥措 250盔 利赋",埃侥幅,户幅,BAKERY,龋户,伙赋龋户
"秦讣篮仟靛 力荐侩 炔怕器, 70g, 1俺 15%5,900盔 4,980盔 (100g寸 7,114盔) 郴老(老) 档馒 焊厘 4.5 (7797) 弥措 224盔 利赋",荐魂拱,戈摹/扒绢拱,DRIED_SEAFOOD,炔怕,秦讣篮仟靛
[鸥捻固具] 绊鞭积侥户 788g,埃侥幅,户幅,BAKERY,侥户,鸥捻固具
[胶溃府] 榜扼 冈绰 击靛困摹 6辆 (琶1),埃侥幅,户幅,BAKERY,击靛困摹,胶溃府
[府倔颇赣胶] 掸付农 宏府 摹令 125g,蜡力前,摹令,DAIRY,摹令,府倔颇赣胶
"蜡扁啊傍侥前 牢刘 溃剖齿 蜡扁丑 促柳窜龋冠 (趁悼), 100g, 1俺 2,690盔 (100g寸 2,690盔) 郴老(老) 货寒 档馒 焊厘 5 (3432) 弥措 135盔 利赋",盲家/邦拱幅,盲家,RAW_PRODUCE,窜龋冠,溃剖齿
[玫老侥前] 荤穿尝 快悼搁,盲家/邦拱幅,搁幅,GRAIN,快悼搁,玫老侥前
[抄绵咐捣] 格混 备捞侩 300g,腊幅/拌鄂,蹬瘤绊扁,RAW_MEAT,蹬瘤 格混,抄绵咐捣
"概老快蜡 眠撅狼 磊魄扁 快蜡咐 盒富 胶平, 20g, 10俺涝, 1俺 5,100盔 (10g寸 255盔) 郴老(老) 货寒 档馒 焊厘 5 (456) 弥措 255盔 利赋",炼固丰,啊风盒富,SAUCE_SEASONING,快蜡 盒富,概老快蜡
[弊赴呈飘] 痢焊扒器档 500g,苞老/斑苞幅,斑苞幅,RAW_FRUIT,扒器档,弊赴呈飘
[逞滚盔剧部摹] 合版侥 烹坷府 剐傈捍,埃祈侥,剐虐飘,RTC_MEAL,剐虐飘,逞滚盔剧部摹
"埃祈茄 磊弗 固开, 100g, 1俺 2,990盔 (100g寸 2,990盔) 郴老(老) 档馒 焊厘 5 (969) 弥措 150盔 利赋",荐魂拱,固开/促矫付,DRIED_SEAFOOD,固开,
[概老] 官捞坷 夸芭飘 8俺涝 (叠扁&归档),蜡力前,夸芭飘,DAIRY,夸芭飘,概老
"磅磅 舅躲滴何, 800g, 2蒲 3,860盔 (100g寸 241盔) 郴老(老) 货寒 档馒 焊厘 5 (62337) 弥措 193盔 利赋",盲家/邦拱幅,尼/滴何,SIMPLE_PROCESSED,滴何,磅磅
[官肺积劝] 酒墨矫酒曹 500g,炼固丰,剧充/家胶,SAUCE_SEASONING,曹,官肺积劝
公亲积力 1殿鞭 鞠棚瘤 伙般(骂俺侩) 2辆,腊幅/拌鄂,蹬瘤绊扁,RAW_MEAT,伙般混,
[澄淬] 捻虐 6涝 (50g x 6涝),埃侥幅,苞磊/胶臣,SNACK,捻虐,澄淬
"弊腐单捞 敲饭牢 夸芭飘 坷府瘤澄, 1.8L, 1俺 7,980盔 郴老(老) 货寒 档馒 焊厘 5 (20157) 弥措 399盔 利赋",蜡力前,夸芭飘,DAIRY,夸芭飘,弊腐单捞
[捞格] 惫郴魂 家绊扁 惫芭府侩 200g 2辆 (趁厘),腊幅/拌鄂,家绊扁,RAW_MEAT,惫芭府侩 家绊扁,捞格
[酒付撇矾] 府橇 檬妮复 凭 纳捞胶 4辆 (琶1),埃侥幅,檬妮复/荤帕,SNACK,檬妮复,酒付撇矾
[钱公盔] 腊馏 惦灰父滴 (坊瘤侩),埃祈侥,趁悼侥前,FROZEN_MEAL,趁悼 父滴,钱公盔
[弊赴呈飘] 秦官扼扁揪 1kg,苞老/斑苞幅,斑苞幅,RAW_FRUIT,秦官扼扁揪,弊赴呈飘
[辆啊] 憋滴扁 750g,埃祈侥,馆蛮幅,SIMPLE_PROCESSED,憋滴扁,辆啊
"捞芬 炔己林 冠荤狼 惫魂尼 滴蜡 八篮尼 绊漠椒, 190ml, 20俺 76%48,000盔 11,360盔 (100ml寸 299盔) 郴老(老) 货寒 档馒 焊厘 5 (23097) 弥措 568盔 利赋",蜡力前,快蜡/滴蜡,DAIRY,滴蜡,捞芬
[儡促府付阑] 儡促府 傈滴何,盲家/邦拱幅,尼/滴何,SIMPLE_PROCESSED,滴何,儡促府付阑
[畴萍靛] 宏扼款海绢 纳捞农 180g,埃侥幅,叼历飘/纳捞农,BAKERY,纳捞农,畴萍靛
"付捞畴钢 历寸 付夸匙令, 260g, 1俺 37%15,900盔 9,980盔 (100g寸 3,838盔) 郴老(老) 货寒 档馒 焊厘 5 (6619) 弥措 499盔 利赋",炼固丰,剧充/家胶,SAUCE_SEASONING,付夸匙令,付捞畴钢
"颇胶硼福 官弗格厘 魂剧橇肺凭 快蜡, 750ml, 1俺 6,980盔 (100ml寸 931盔) 郴老(老) 货寒 档馒 焊厘 5 (2672) 弥措 349盔 利赋",蜡力前,快蜡/滴蜡,DAIRY,快蜡,颇胶硼福
[弊赴呈飘] 龋滴 1kg,苞老/斑苞幅,斑苞幅,RAW_FRUIT,龋滴,弊赴呈飘
"窍牢令 单固 捣鳖胶 家胶, 400g, 1俺 4,380盔 (100g寸 1,095盔) 郴老(老) 档馒 焊厘 货 惑前, 馆前-固俺豪 (13) 弥历4,160盔 5 (2187) 弥措 219盔 利赋",炼固丰,剧充/家胶,SAUCE_SEASONING,捣鳖胶 家胶,窍牢令
"堡玫辫 3措掳 崔牢 犁贰 档矫遏辫, 4g, 20俺 6%9,500盔 8,920盔 (10g寸 1,115盔) 郴老(老) 档馒 焊厘 4.5 (11907) 弥措 446盔 利赋",惑柯侥前,辫/磊馆,DRIED_SEAFOOD,辫,堡玫辫
[急拱技飘] 官促家府 秦前篮 辫 技飘,惑柯侥前,辫/磊馆,DRIED_SEAFOOD,辫,官促家府
[扼后府目侨诀] 臂坊 葛坊瘤 18斥 叼 牢乔聪鸥 (困胶虐),贱,扁鸥 林幅,ALCOHOL,困胶虐,
"坷堆扁 柳扼搁 概款咐 120g, 20俺 18%15,680盔 12,800盔 (1俺寸 640盔) 郴老(老) 档馒 焊厘 5 (516825) 弥措 640盔 利赋",埃祈侥,扼搁,INSTANT,柳扼搁 概款咐,坷堆扁
[厚框馆蛮] 绊眠厘力腊汉澜,埃祈侥,剐虐飘,RTC_MEAL,剐虐飘,厚框馆蛮
[攫聪啊 见败初篮 苞磊惑磊] 窍飘磅倒捞 捻虐技飘 (16g X 6俺涝),埃侥幅,苞磊/胶臣,SNACK,捻虐,攫聪啊 见败初篮 苞磊惑磊
"坷府柯 空绊贰逛 汉澜剧充咐, 56g, 6俺 42%9,500盔 5,440盔 (10g寸 162盔) 郴老(老) 档馒 焊厘 5 (9864) 弥措 272盔 利赋",埃侥幅,苞磊/胶臣,SNACK,绊贰逛,坷府柯
"肮仟弗 埃祈 概积捞 喉钒, 2g, 10俺 15,700盔 (100g寸 78,500盔) 郴老(老) 档馒 焊厘 5 (2882) 弥措 785盔 利赋",荐魂拱,固开/促矫付,DRIED_SEAFOOD,概积捞,肮仟弗
"哗哗肺 基敲矾 6辆, 1技飘, 257g 且牢39%12,000盔 7,260盔 (10g寸 282盔) 郴老(老) 档馒 焊厘 5 (5422) 弥措 363盔 利赋",埃侥幅,苞磊/胶臣,SNACK,哗哗肺,吩单
[急柳器农茄捣] 菊促府 阂绊扁 400g,腊幅/拌鄂,家绊扁,RAW_MEAT,阂绊扁侩 家绊扁,急柳器农茄捣
"秦钎 拘馒 棵府宏蜡, 900ml, 2俺 59%53,000盔 21,540盔 (100ml寸 1,197盔) 郴老(老) 档馒 焊厘 5 (65241) 弥措 1,077盔 利赋",炼固丰,侥侩蜡/扁抚,SAUCE_SEASONING,棵府宏坷老,秦钎
"归汲 磊老肺胶 汲帕, 1kg, 1俺 10%4,480盔 4,010盔 (100g寸 401盔) 郴老(老) 货寒 档馒 焊厘 5 (936) 弥措 200盔 利赋",炼固丰,炼固丰,SAUCE_SEASONING,汲帕,归汲
"秦讣篮仟靛 咐唱器 脾辫零器, 400g, 1俺 8,900盔 (100g寸 2,225盔) 郴老(老) 档馒 焊厘 5 (5613) 弥措 445盔 利赋",荐魂拱,绢腊啊傍侥前,SIMPLE_PROCESSED,零器,秦讣篮仟靛
[厚厚绊] 皑怕辫 12豪,惑柯侥前,辫/磊馆,DRIED_SEAFOOD,辫,厚厚绊
[固磊攫聪匙] 技戈摹汉澜,埃祈侥,馆蛮幅,SIMPLE_PROCESSED,戈摹汉澜,固磊攫聪匙
"鸥公福 单捞明 14p, 260g, 1俺 16%37,900盔 31,760盔 (100g寸 12,215盔) 郴老(老) 档馒 焊厘 5 (1038) 弥措 1,588盔 利赋",埃侥幅,叼历飘/纳捞农,BAKERY,单捞明,
"固家茄涝 汉澜盒怕顶尼 盒富, 1kg, 1俺 9,200盔 (100g寸 920盔) 郴老(老) 档馒 焊厘 4.5 (241) 弥措 460盔 利赋",炼固丰,啊风盒富,SAUCE_SEASONING,顶尼 盒怕,固家茄涝
[急拱技飘] 皋辆骏坷 捻虐 6辆 技飘 580g,埃侥幅,苞磊/胶臣,SNACK,捻虐,皋辆骏坷
"磅钎 何魔啊风, 1kg, 5俺 9,510盔 (100g寸 190盔) 郴老(老) 档馒 焊厘 5 (17593) 弥措 475盔 利赋",炼固丰,啊风盒富,SAUCE_SEASONING,何魔啊风,磅钎
"硅全悼 父瓷家胶, 300g, 2俺 6,810盔 (100g寸 1,135盔) 郴老(老) 档馒 焊厘 5 (6414) 弥措 340盔 利赋",炼固丰,剧充/家胶,SAUCE_SEASONING,父瓷家胶,硅全悼
蜡扁丑 蔓泅固 1.8kg,盲家/邦拱幅,揭/棱邦,GRAIN,蔓泅固,蜡扁丑
"瘤府魂贸烦 青汗茄 沥篮揪狼 绊家茄 甸柄啊风, 150g, 1俺 10,280盔 (100g寸 6,853盔) 郴老(老) 货寒 档馒 焊厘 5 (882) 弥措 514盔 利赋",炼固丰,啊风盒富,SAUCE_SEASONING,甸柄啊风,瘤府魂贸烦
[柳啊匙馆蛮] 把例捞 辫摹,埃祈侥,馆蛮幅,SIMPLE_PROCESSED,把例捞,柳啊匙馆蛮
[Kim'sbutcher] 固惫魂 格傈瘤 漠笼 剧充备捞侩 1kg,腊幅/拌鄂,蹬瘤绊扁,RAW_MEAT,格傈瘤,Kim'sbutcher
"仟靛矩侨 邦拱矩侨 惫魂 利滴 葡, 500g, 1俺 9,900盔 (100g寸 1,980盔) 郴老(老) 档馒 焊厘 4.5 (251) 弥措 495盔 利赋",盲家/邦拱幅,揭/棱邦,GRAIN,葡,仟靛矩侨
"惑窍格厘 蜡扁丑 牢刘 快蜡, 900ml, 1俺 4,490盔 (100ml寸 499盔) 郴老(老) 货寒 档馒 焊厘 5 (37585) 弥措 225盔 利赋",蜡力前,快蜡/滴蜡,DAIRY,快蜡,惑窍格厘
[虐令刨] 全伙 俩府 (30老盒),固殿废 墨抛绊府,扁鸥,UNKNOWN,扁鸥,虐令刨
"坷堆扁 曼柄扼搁 呐 110g, 6俺 7,260盔 (1俺寸 1,210盔) 郴老(老) 档馒 焊厘 5 (54173) 弥措 363盔 利赋",埃祈侥,扼搁,INSTANT,曼柄扼搁,坷堆扁
"篮窍荐魂 磺肺肺客 窃膊冈绰 鉴混 绊殿绢备捞 (趁悼), 240g, 1俺 13,300盔 (100g寸 5,542盔) 郴老(老) 货寒 档馒 焊厘 5 (3903) 弥措 615盔 利赋",埃祈侥,饭飘肺飘,RTC_MEAL,饭飘肺飘,篮窍荐魂
"汗澜磊府 叠扁离, 500g, 1俺 22%8,980盔 7,000盔 (100g寸 1,400盔) 郴老(老) 档馒 焊厘 货 惑前, 馆前-固俺豪 (38) 弥历6,650盔 5 (136514) 弥措 350盔 利赋",惑柯侥前,离/胶橇饭靛,SAUCE_SEASONING,叠扁离,汗澜磊府
"根海胶飘 困靛绢胶 公扼骇 积荐, 500ml, 60俺 16,110盔 (100ml寸 54盔) 郴老(老) 档馒 焊厘 5 (167581) 弥措 805盔 利赋",澜丰,积荐,BEVERAGE,积荐,根海胶飘
[固墨备配] 内肺肺 苞老俩府 7辆 榜扼淬扁,埃侥幅,檬妮复/荤帕,SNACK,俩府,固墨备配
[酒魔浚夯磷] 具盲磷,埃祈侥,饭飘肺飘,RTC_MEAL,磷,酒魔浚夯磷
固聪 剧硅眠 (宏夫伎 胶橇扼快飘) 200g,盲家/邦拱幅,盲家,RAW_PRODUCE,剧硅眠,
[丑缴] 货快帕 家呐 6涝,埃祈侥,扼搁,INSTANT,货快帕,丑缴
[弊赴呈飘] 龋滴 盒怕 500g,炼固丰,啊风盒富,SAUCE_SEASONING,龋滴 盒怕,弊赴呈飘
[汲己格厘x曼捞咐] 茄捣皑磊帕,埃祈侥,饭飘肺飘,RTC_MEAL,饭飘肺飘,汲己格厘x曼捞咐
"淬磐 器南阁 侵檬内 曝档府狼 公啊寸 坷府瘤澄, 20g, 10俺涝, 2俺 33%11,800盔 7,800盔 (10g寸 195盔) 郴老(老) 档馒 焊厘 5 (312) 弥措 390盔 利赋",蜡力前,快蜡/滴蜡,DAIRY,侵檬内,淬磐
[舅奇剐农] 舅橇胶 家拳啊 肋登绰 遏配橇府 快蜡 1L 2辆 (琶1),蜡力前,快蜡/滴蜡,DAIRY,遏配橇府 快蜡,舅奇剐农
[力阿阿] 瘪付疵 500g,盲家/邦拱幅,盲家,RAW_PRODUCE,付疵,力阿阿
"惫郴魂 局龋冠, 1俺涝, 3俺 6,920盔 (1俺寸 2,307盔) 郴老(老) 货寒 档馒 焊厘 5 (657188) 弥措 346盔 利赋",盲家/邦拱幅,盲家,RAW_PRODUCE,局龋冠,
[扁裙惑前] 磨饭魂 喉风海府 125g*3蒲,苞老/斑苞幅,苞老,RAW_FRUIT,喉风海府,
[父急] 巢秦救 官瘤遏 500g (积拱),荐魂拱,炼俺/傈汗,RAW_SEAFOOD,官瘤遏,父急
[海海念] 鉴侗唤 20g 2辆,埃侥幅,侗,SNACK,侗唤,海海念
"CJ力老力寸 嚼 角厚辫摹, 800g, 1俺 13,770盔 (100g寸 1,721盔) 郴老(老) 货寒 档馒 焊厘 4.5 (1405) 弥措 689盔 利赋",埃祈侥,馆蛮幅,SIMPLE_PROCESSED,角厚 辫摹,CJ
"惫郴魂 GAP 啊瘤, 3俺涝, 1俺 7,030盔 郴老(老) 货寒 档馒 焊厘 4.5 (7762) 弥措 351盔 利赋",盲家/邦拱幅,盲家,RAW_PRODUCE,啊瘤,
[扁裙惑前] 磨饭魂 喉风海府 310g*2蒲,苞老/斑苞幅,苞老,RAW_FRUIT,喉风海府,
[颇胶硼福] 公亲积力 牢刘 官弗格厘 快蜡 (125mL X 24俺涝),蜡力前,快蜡/滴蜡,DAIRY,快蜡,颇胶硼福
崔霓滤垫 龋冠绊备付 1.5kg,盲家/邦拱幅,盲家,RAW_PRODUCE,龋冠绊备付,崔霓滤垫
[笼馆蛮楷备家] 茄快 馆崔坷捞汉澜,埃祈侥,馆蛮幅,SIMPLE_PROCESSED,坷捞汉澜,笼馆蛮楷备家
[夸敲饭] 付矫绰 夸芭飘 橇肺凭 2辆 (210mL X 4俺) (琶1),蜡力前,夸芭飘,DAIRY,夸芭飘,夸敲饭
[瞒妨辰] 概霓 剧充 倡蚌货 傈榜,埃祈侥,剐虐飘,RTC_MEAL,剐虐飘,瞒妨辰
"捞绢荐魂 烹康 魂瘤 流芭贰 惫拱侩 戈摹 (趁悼), 500g, 1豪 12,730盔 (100g寸 2,546盔) 郴老(老) 货寒 档馒 焊厘 4.5 (6615) 弥措 636盔 利赋",荐魂拱,戈摹/扒绢拱,DRIED_SEAFOOD,戈摹,捞绢荐魂
[焊抄磊目乔] 教臂坷府柳 盔滴 250g (绊绊备 俊萍坷乔酒),澜丰,目乔/瞒,BEVERAGE,目乔盔滴,焊抄磊目乔
[挪歹] 檬妮复官 固聪 20俺涝,埃侥幅,苞磊/胶臣,SNACK,檬内官,挪歹
[内内府内] 橇尔胶 橇府固决 竣胶飘扼 滚柳 坷老 3辆 (琶1),炼固丰,侥侩蜡/扁抚,SAUCE_SEASONING,棵府宏坷老,内内府内
[碍芒备慢揭柳鉴措] 蔓鉴措 500g (浇扼捞胶),埃祈侥,饭飘肺飘,RTC_MEAL,饭飘肺飘,碍芒备慢揭柳鉴措
[伙柳绢宫] 固聪 绢宫部摹 232g,荐魂拱,绢腊啊傍侥前,SIMPLE_PROCESSED,绢宫,伙柳绢宫
[扁裙惑前][Dole] 胶困萍坷 角加 颇牢局敲 2涝,苞老/斑苞幅,苞老,RAW_FRUIT,颇牢局敲,扁裙惑前
[酒快抚] 荐力 揪狙龋侗 (100g X 5俺),埃侥幅,叼历飘/纳捞农,BAKERY,龋侗,酒快抚
"鉴芒泵 怕剧檬 榜靛 绊眠厘, 500g, 1俺 56%8,500盔 3,720盔 (100g寸 744盔) 郴老(老) 档馒 焊厘 5 (45657) 弥措 186盔 利赋",炼固丰,剧充/家胶,SAUCE_SEASONING,绊眠厘,泵
[胶颇霸萍胶配府] 胶颇霸萍 3辆 (概款鳖福焊唱扼/配付配/海捞牧农覆) (琶1),埃祈侥,饭飘肺飘,RTC_MEAL,饭飘肺飘,胶颇霸萍胶配府
[乔内农] 沥哎茄 家绊扁 固开惫,埃祈侥,饭飘肺飘,RTC_MEAL,饭飘肺飘,乔内农
[辫犁侥秋胶仟靛] 器档 茄价捞馏 30器,固殿废 墨抛绊府,扁鸥,UNKNOWN,扁鸥,辫犁侥秋胶仟靛
[绊贰荤] 荤阿绢宫 3辆 (琶1),荐魂拱,绢腊啊傍侥前,SIMPLE_PROCESSED,绢宫,绊贰荤
[辫沥券全伙] 全伙 硅档扼瘤 30器 (+碱俏归刘沥),固殿废 墨抛绊府,扁鸥,UNKNOWN,扁鸥,辫沥券全伙
[档靛恩茄捣] 措菩 菊促府混 300g (趁悼),腊幅/拌鄂,蹬瘤绊扁,RAW_MEAT,蹬瘤 菊促府混,档靛恩茄捣
[况目鳃] 疙岿包 哎厚帕,埃祈侥,饭飘肺飘,RTC_MEAL,饭飘肺飘,况目鳃
"磅磅 烹饶眠, 200g, 1俺 35%7,700盔 4,990盔 (10g寸 250盔) 郴老(老) 档馒 焊厘 5 (1441) 弥措 250盔 利赋",炼固丰,氢脚丰/倾宏,SAUCE_SEASONING,烹饶眠,磅磅
[辫沥券全伙] 全伙硅档扼瘤 100器,固殿废 墨抛绊府,扁鸥,UNKNOWN,扁鸥,辫沥券全伙
[YOZM] 弊腐夸芭飘 檬内家焊肺 弊贰愁扼 120g,蜡力前,夸芭飘,DAIRY,弊腐夸芭飘,YOZM
[柳啊匙馆蛮] 皋眠府舅 帮距厘炼覆,埃祈侥,馆蛮幅,SIMPLE_PROCESSED,皋眠府舅 厘炼覆,柳啊匙馆蛮
"[急拱技飘] 傈烹林 硅惑搁林啊 坷概遏 技飘 (40档,500mL + 25档,375mL)",贱,傈烹林,ALCOHOL,刘幅 家林,
"坷堆扁 氢边茄 甸扁抚, 80ml, 1俺 1%5,480盔 5,390盔 (10ml寸 674盔) 郴老(老) 档馒 焊厘 5 (18949) 弥措 270盔 利赋",炼固丰,侥侩蜡/扁抚,SAUCE_SEASONING,甸扁抚,坷堆扁
[匙捞贸呼] 惫郴魂揭 97% 茄尝电电揭惫荐 4辆 (琶1),埃祈侥,剐虐飘,RTC_MEAL,剐虐飘,匙捞贸呼
"钙缴 酒扼厚墨 100 盔滴 目乔, 270g, 1俺涝, 1俺 14,270盔 (10g寸 529盔) 郴老(老) 档馒 焊厘 5 (25780) 弥措 714盔 利赋",澜丰,目乔/瞒,BEVERAGE,目乔雇胶,钙缴
[厚厚绊] 皋眠府舅厘炼覆170G,埃祈侥,馆蛮幅,SIMPLE_PROCESSED,皋眠府舅 厘炼覆,厚厚绊
"辑覆侥前 橇府固决 柳曼摹咀, 500ml, 1俺 10,800盔 (10ml寸 216盔) 郴老(老) 档馒 焊厘 5 (11961) 弥措 540盔 利赋",炼固丰,炼固丰,SAUCE_SEASONING,曼摹咀,辑覆侥前
[努贰侥丑盔] 汗件酒 捍炼覆 3辆 (琶1),埃侥幅,叼历飘/纳捞农,BAKERY,归档,努贰侥丑盔
[柳啊匙馆蛮] 凯公肋冠捞,埃祈侥,馆蛮幅,SIMPLE_PROCESSED,凯公辫摹,柳啊匙馆蛮
"概老官捞坷 敲饭牢 历瘤规 夸芭飘, 450g, 1俺涝, 1俺 2,940盔 (10g寸 65盔) 郴老(老) 货寒 档馒 焊厘 5 (61266) 弥措 147盔 利赋",蜡力前,夸芭飘,DAIRY,夸芭飘,概老
[海海念] 贸澜冈绰 绢赴捞辫 俏农贾飘 10豪 (2窜拌),炼固丰,炼固丰,SAUCE_SEASONING,俏农家陛,海海念
"惫郴魂 颇浇府, 100g, 1俺 3,080盔 (100g寸 3,080盔) 郴老(老) 货寒 档馒 焊厘 5 (5262) 弥措 154盔 利赋",炼固丰,氢脚丰/倾宏,SAUCE_SEASONING,颇浇府,
"惫郴魂 公, 1俺涝, 4俺 6,190盔 (1俺寸 1,548盔) 郴老(老) 货寒 档馒 焊厘 4.5 (269495) 弥措 310盔 利赋",盲家/邦拱幅,盲家,RAW_PRODUCE,公,
[棵啊] 泅固 扒户 150g,埃侥幅,户幅,BAKERY,扒户,棵啊
[悼盔] Dole 况磐俩府 荤苞 130ml X 10俺涝,埃侥幅,檬妮复/荤帕,SNACK,俩府,悼盔
[棵饭辨] 力林 傈侩格厘 疙前快蜡 900mL,蜡力前,快蜡/滴蜡,DAIRY,快蜡,棵饭辨
"惫郴魂 皑磊, 5kg, 1俺 16,560盔 (100g寸 331盔) 郴老(老) 货寒 档馒 焊厘 4.5 (350333) 弥措 828盔 利赋",盲家/邦拱幅,盲家,RAW_PRODUCE,皑磊,
[乔浆僵] 磊槛 默抛老 货快混 200g (趁悼) (71/90 荤捞令),荐魂拱,货快/霸,RAW_SEAFOOD,货快,乔浆僵
[剧器绢厘] 苞皋扁 檬公魔 (趁厘),荐魂拱,戈摹/扒绢拱,DRIED_SEAFOOD,苞皋扁,剧器绢厘
[焊拱级] 倡瘤 6固 850g (趁悼),荐魂拱,坷隆绢/巩绢,RAW_SEAFOOD,倡瘤,焊拱级
[坷府柯] 传阑皑磊 96g,埃侥幅,苞磊/胶臣,SNACK,传阑皑磊,坷府柯
[扒唱拱] 扒配鄂措 100g,盲家/邦拱幅,盲家,RAW_PRODUCE,配鄂措,扒唱拱
"磅磅 公亲积力 脚急茄 檬鄂, 30备, 1俺 8,590盔 (1备寸 286盔) 郴老(老) 货寒 档馒 焊厘 4.5 (12203) 弥措 430盔 利赋",腊幅/拌鄂,拌鄂,RAW_MEAT,拌鄂,磅磅
[秤筋甭] 个俊 亮篮 雇胶秤 2辆 (琶1),苞老/斑苞幅,斑苞幅,RAW_FRUIT,斑苞幅,秤筋甭
[秤明弊赴] 历寸 历漠肺府 喉风海府离 240g,惑柯侥前,离/胶橇饭靛,SAUCE_SEASONING,喉风海府离,秤明弊赴
[靛矫葛匙] 虐令 胶跑1 喉风海府氢 蜡魂闭 50器 X 2冠胶 (100老盒),固殿废 墨抛绊府,扁鸥,UNKNOWN,扁鸥,靛矫葛匙
[胆府归海捞臂] 春垮 H&H 海捞臂 菩剐府蒲 2辆 (琶1),埃侥幅,户幅,BAKERY,海捞臂,胆府归海捞臂
[茄笛] 疙牢捞 父电 器滴何,盲家/邦拱幅,尼/滴何,SIMPLE_PROCESSED,器滴何,茄笛
[绊贰荤绢宫] 辫摹 快悼 傈榜,埃祈侥,饭飘肺飘,RTC_MEAL,饭飘肺飘,绊贰荤
"ISEA 癌坷隆绢 个烹 器厘冉皑 20固 (趁悼), 1俺, 120g 5,900盔 (100g寸 4,917盔) 郴老(老) 货寒 档馒 焊厘 4.5 (179) 弥措 295盔 利赋",荐魂拱,坷隆绢/巩绢,RAW_SEAFOOD,癌坷隆绢,ISEA
[秤明矩海府胶] 扒喉风海府 150g,苞老/斑苞幅,苞老,RAW_FRUIT,喉风海府,秤明矩海府胶
[捞绢荐魂] 8窜拌 急喊茄 惫拱侩 戈摹 300g,荐魂拱,戈摹/扒绢拱,DRIED_SEAFOOD,戈摹,捞绢荐魂
[父急] 惫魂 固歹傣 200g (积拱),荐魂拱,炼俺/傈汗,RAW_SEAFOOD,固歹傣,父急
[丑缴] 硅全悼漠忽搁 128g*4涝,埃祈侥,扼搁,INSTANT,硅全悼 漠忽搁,丑缴
[伙赋] 檬寸苛荐荐 距苞 2辆 (琶1),埃侥幅,叼历飘/纳捞农,BAKERY,距苞,伙赋
[康霖格厘] 备况冈绰摹令 150g,蜡力前,摹令,DAIRY,备况冈绰 摹令,康霖格厘
[CU 侨诀] 扼公匙荤客350*24牡,贱,扁鸥 林幅,ALCOHOL,窍捞杭,
[秤明矩海府胶] 橇肺凭雇胶秤w,苞老/斑苞幅,斑苞幅,RAW_FRUIT,斑苞幅,秤明矩海府胶
[急拱技飘] 固遏 康堡 过己器 疙前奔厚 1龋 950g,荐魂拱,戈摹/扒绢拱,DRIED_SEAFOOD,奔厚,
"棵府鸥府酒 竣胶飘扼 滚柳 棵府宏坷老, 250ml, 1俺 44%15,900盔 8,900盔 (100ml寸 3,560盔) 郴老(老) 货寒 档馒 焊厘 5 (1700) 弥措 445盔 利赋",炼固丰,侥侩蜡/扁抚,SAUCE_SEASONING,棵府宏坷老,棵府鸥府酒
伙拌帕侩 馆付府 催 2涝 (趁悼)(萍归 器窃),腊幅/拌鄂,催绊扁,RAW_MEAT,积催,
[父急] 葛矫炼俺 400g (积拱),荐魂拱,炼俺/傈汗,RAW_SEAFOOD,葛矫炼俺,父急
[柯歹绊] 绊备付 窃冠胶抛捞农 沥侥,埃祈侥,饭飘肺飘,RTC_MEAL,饭飘肺飘,柯歹绊
[夸风内臂风] 墨捞阜 摹令 180g,蜡力前,摹令,DAIRY,墨捞阜 摹令,夸风内臂风
[力老嘎霸拿府] 泅固帮距 林冈逛 3辆 (琶1),埃祈侥,溜籍逛,INSTANT,溜籍 林冈逛,力老嘎霸拿府
[肺酒目] 海胶飘 厚胶哦 & 檬妮复 凭 307.5g,埃侥幅,苞磊/胶臣,SNACK,厚胶哦,肺酒目
[颇胶虐俊] 坷其扼 纳捞农 (65g X 4俺涝),埃侥幅,叼历飘/纳捞农,BAKERY,纳捞农,颇胶虐俊
[档靛恩茄捣] 亲沥混 备捞侩 500g (趁厘),腊幅/拌鄂,蹬瘤绊扁,RAW_MEAT,亲沥混,档靛恩茄捣
"磅磅 惫魂 慢揭啊风, 500g, 2俺 23%11,140盔 8,510盔 (100g寸 851盔) 郴老(老) 档馒 焊厘 5 (2019) 弥措 425盔 利赋",炼固丰,啊风盒富,SAUCE_SEASONING,慢揭啊风,磅磅
[HBAF] 墨扼羔 贾萍靛 橇饭每 30g X 5俺涝,埃侥幅,苞磊/胶臣,SNACK,橇饭每,HBAF
"舅萍胶飘 酒阁靛 颇快歹, 250g, 1俺 22%10,900盔 8,450盔 (100g寸 3,380盔) 郴老(老) 货寒 档馒 焊厘 5 (2632) 弥措 359盔 利赋",炼固丰,啊风盒富,SAUCE_SEASONING,酒阁靛 盒富,舅萍胶飘
[CJ] 林何檬逛空 惫魂尼 蜡何檬逛 328g,埃祈侥,溜籍逛,INSTANT,溜籍 蜡何檬逛,CJ
[Kurly's] 击靛困摹侩 崔翱 曼摹 圾矾靛 500g,埃祈侥,圾矾靛蒲,RTC_MEAL,崔翱 曼摹 圾矾靛,Kurly's
"钱公盔 蜡扁丑 牢刘 槛林, 300g, 1俺 2,060盔 (100g寸 687盔) 郴老(老) 货寒 档馒 焊厘 5 (14298) 弥措 103盔 利赋",盲家/邦拱幅,盲家,RAW_PRODUCE,槛林唱拱,钱公盔
"坷堆扁 户啊风, 1kg, 1俺 20%7,580盔 6,020盔 (100g寸 602盔) 郴老(老) 货寒 档馒 焊厘 5 (1324) 弥措 301盔 利赋",炼固丰,啊风盒富,SAUCE_SEASONING,户啊风,坷堆扁
[春矾快膏包令] 樊膏(措父侥 顶尼 厚忽搁) 2牢盒,埃祈侥,剐虐飘,RTC_MEAL,剐虐飘,春矾快膏包令
"揪劳 家馆固馆 慢揭, 500g, 1俺 31%5,800盔 3,980盔 (100g寸 796盔) 郴老(老) 档馒 焊厘 5 (919) 弥措 199盔 利赋",盲家/邦拱幅,揭/棱邦,GRAIN,慢揭,家馆固馆
[嫡备唱公] 固开临扁汉澜,埃祈侥,馆蛮幅,SIMPLE_PROCESSED,固开临扁 汉澜,嫡备唱公
[CU 侨诀] 何浆剐16斥(教臂隔飘),贱,扁鸥 林幅,ALCOHOL,困胶虐,
"促厚居 蜡扁丑 某葛付老 萍归, 1.5g, 20俺涝, 1俺 8,800盔 (10g寸 2,933盔) 郴老(老) 档馒 焊厘 5 (5375) 弥措 440盔 利赋",澜丰,目乔/瞒,BEVERAGE,萍归,促厚居
"磅磅 脚急茄 历瘤规快蜡, 2.3L, 1俺 4,780盔 (100ml寸 208盔) 郴老(老) 货寒 档馒 焊厘 5 (44382) 弥措 239盔 利赋",蜡力前,快蜡/滴蜡,DAIRY,历瘤规 快蜡,磅磅
[归汲] 吝仿剐啊风 2.5kg,炼固丰,啊风盒富,SAUCE_SEASONING,吝仿盒,归汲
"夸府遏 攫剧侥 籍艰 阂绊扁 (趁悼), 1俺, 400g 28%13,900盔 9,900盔 (100g寸 2,475盔) 郴老(老) 货寒 档馒 焊厘 4.5 (2744) 弥措 495盔 利赋",埃祈侥,剐虐飘,RTC_MEAL,剐虐飘,夸府遏
[UCC] RTD 目乔 5辆(琶1),澜丰,目乔/瞒,BEVERAGE,目乔,UCC
[滚磐埔飘府] 倾聪 官匆扼 滚磐 100g,蜡力前,滚磐/积农覆,DAIRY,倾聪 官匆扼 滚磐,滚磐埔飘府
[扒碍茄距加 官弗] 官弗 牢例固瓤家 (30器),固殿废 墨抛绊府,扁鸥,UNKNOWN,扁鸥,扒碍茄距加 官弗
"橇饭瘤耽 固聪 滚磐, 200g, 2俺 17,350盔 (100g寸 4,338盔) 郴老(老) 货寒 档馒 焊厘 5 (41698) 弥措 868盔 利赋",蜡力前,滚磐/积农覆,DAIRY,滚磐,橇饭瘤耽
"其捞厘宏福烹 哗鹅 滚磐, 200g, 1俺 10,790盔 (100g寸 5,395盔) 郴老(老) 货寒 档馒 焊厘 5 (21579) 弥措 540盔 利赋",蜡力前,滚磐/积农覆,DAIRY,滚磐,其捞厘宏福烹
"扒碍茄逛惑 惫魂 归怕, 1kg, 1俺 29%15,400盔 10,800盔 (100g寸 1,080盔) 郴老(老) 档馒 焊厘 4.5 (7888) 弥措 540盔 利赋",盲家/邦拱幅,尼/滴何,SIMPLE_PROCESSED,归怕,扒碍茄逛惑
"葛墨榜靛 付老靛 目乔雇胶 400T, 12g, 1俺涝, 400俺 16%60,000盔 50,290盔 (10g寸 105盔) 2/11(荐) 档馒 抗沥 5 (177369) 弥措 2,515盔 利赋",澜丰,目乔/瞒,BEVERAGE,目乔雇胶,钙缴
"酱欺 荤快绢 窥令 备固 60豪瘤涝 措侩樊, 1俺, 600g 且牢38%20,000盔 12,310盔 (10g寸 205盔) 郴老(老) 档馒 焊厘 4.5 (1060) 弥措 615盔 利赋",埃侥幅,檬妮复/荤帕,SNACK,荤快绢 窥令 备固,
[扼后府目侨诀][汲 急拱] 厚匙萍 胆 混坊配 凉扼 匙弊肺 酒付肺 (客牢),贱,客牢,ALCOHOL,饭靛 客牢,厚匙萍 胆 混坊配
"措玫辫 犁贰 档矫遏辫 DC1128, 5g, 16俺 42%12,000盔 6,940盔 (10g寸 868盔) 郴老(老) 货寒 档馒 焊厘 5 (364) 弥措 347盔 利赋",惑柯侥前,辫/磊馆,DRIED_SEAFOOD,辫,措玫辫
"寸狼脚 历寸瘤荐 30邦 去钦棱邦 4kg, 1俺 19,990盔 (100g寸 500盔) 郴老(老) 档馒 焊厘 4.5 (3159) 弥措 1,000盔 利赋",盲家/邦拱幅,揭/棱邦,GRAIN,棱邦,寸狼脚
[付付府] 飘矾敲 官龙其胶配,惑柯侥前,离/胶橇饭靛,SAUCE_SEASONING,官龙其胶配,付付府
[急拱技飘] 根姬82 穿啊 农贰目 8俺涝 2辆 (琶1),埃侥幅,苞磊/胶臣,SNACK,农贰目,
"快府瞒 累滴尼瞒, 1g, 40俺涝, 1俺 5,700盔 (10g寸 1,425盔) 郴老(老) 档馒 焊厘 5 (7235) 弥措 285盔 利赋",澜丰,目乔/瞒,BEVERAGE,累滴尼瞒,快府瞒
[蹿磐宏扼捞攫] 结聪诀 厚鸥刮D 颇牢局敲 敲饭捞滚 (100老盒),固殿废 墨抛绊府,扁鸥,UNKNOWN,扁鸥,蹿磐宏扼捞攫
[固飘浚炼捞] 矫令醋 救缴 胶抛捞农 150g,埃祈侥,剐虐飘,RTC_MEAL,剐虐飘,固飘浚炼捞
[秦怕] 滚磐傅 航 矫琉 茄沥 钓 扼令海府 155g,埃侥幅,苞磊/胶臣,SNACK,滚磐傅,秦怕
[坷付淡] 快府 荤苞 侗汉捞 2辆,埃祈侥,剐虐飘,RTC_MEAL,剐虐飘,坷付淡
[府磐胶器飘] 呈飘 伎泛记 4辆 (琶1),埃侥幅,檬妮复/荤帕,SNACK,檬妮复,府磐胶器飘
"磨癌丑魂 苛荐荐傈盒, 400g, 1俺 捻迄且牢4%4,100盔 3,900盔 (100g寸 975盔) 郴老(老) 档馒 焊厘 5 (2513) 弥措 195盔 利赋",炼固丰,啊风盒富,SAUCE_SEASONING,苛荐荐 傈盒,磨癌丑魂
"寝丛付阑 剧充捞 肋 绢快矾瘤绰 惫魂 绊缅啊风 焊烹概款咐, 110g, 1俺 6,900盔 (100g寸 6,273盔) 郴老(老) 档馒 焊厘 5 (20840) 弥措 345盔 利赋",炼固丰,啊风盒富,SAUCE_SEASONING,绊缅啊风,寝丛付阑
"父瓷 苛荐荐 傈盒, 300g, 1俺 24%2,100盔 1,590盔 (100g寸 530盔) 郴老(老) 档馒 焊厘 5 (1893) 弥措 80盔 利赋",炼固丰,啊风盒富,SAUCE_SEASONING,苛荐荐 傈盒,父瓷
[措玫辫] 蚌芒 傈厘辫 20g X 3豪,惑柯侥前,辫/磊馆,DRIED_SEAFOOD,辫,措玫辫
[染己绵蛆茄快] 1++ 茄快 救缴 胶抛捞农 200g (趁厘),腊幅/拌鄂,家绊扁,RAW_MEAT,家 救缴,染己绵蛆茄快
[哎厚酒历揪] 茄捣概款哎厚买 600g (趁悼),埃祈侥,饭飘肺飘,RTC_MEAL,饭飘肺飘,哎厚酒历揪
[荐魂镑埃] 郴捞抚篮 坷隆绢,埃侥幅,苞磊/胶臣,SNACK,坷隆绢 胶臣,荐魂镑埃
[厚厚绊] 快府酒捞 茄涝 归辫摹,埃祈侥,馆蛮幅,SIMPLE_PROCESSED,归辫摹,厚厚绊
[措惑溃扼捞橇] 春纳绢 坷飘酒阁靛咐 200mL 30蒲,固殿废 墨抛绊府,扁鸥,UNKNOWN,扁鸥,措惑溃扼捞橇
7老 氢固 泅固 4kg,盲家/邦拱幅,揭/棱邦,GRAIN,泅固,7老
"[郸胶飘肺俊呈瘤] 力肺漠肺府 (20老盒) (坷坊瘤,海府,扼烙) 3辆 琶1",固殿废 墨抛绊府,扁鸥,UNKNOWN,扁鸥,郸胶飘肺俊呈瘤
[摹令巩] HI-Five 钙矩摹令,埃祈侥,圾矾靛蒲,RTC_MEAL,钙矩摹令,摹令巩
[急拱技飘]柯淬 歹目柳 距侩滚几 去钦技飘,固殿废 墨抛绊府,扁鸥,UNKNOWN,扁鸥,
"坷府柯 滤垫滤垫 曼贺绢户 12p + 龋侗 前篮 曼贺绢户 12p 技飘, 720g, 1技飘 11,110盔 (10g寸 154盔) 郴老(老) 档馒 焊厘 5 (3843) 弥措 555盔 利赋",埃侥幅,苞磊/胶臣,SNACK,曼贺绢户,坷府柯
措包飞传付阑 炔怕 100g 2辆 (琶1),荐魂拱,戈摹/扒绢拱,DRIED_SEAFOOD,炔怕,措包飞传付阑
[Picard] 配付配&葛楼芳扼 储尝,埃祈侥,饭飘肺飘,RTC_MEAL,饭飘肺飘,Picard
[沥包厘] 俊宏府鸥烙 硅 敲饭捞滚 (20老盒),固殿废 墨抛绊府,扁鸥,UNKNOWN,扁鸥,沥包厘
[快府丑] 绊荐肥 蜡扁丑 泅固 4kg,盲家/邦拱幅,揭/棱邦,GRAIN,泅固,快府丑
[歹坷淬] 惫郴魂 泅固 扑胶平 200g,埃侥幅,苞磊/胶臣,SNACK,邦拱 胶平,歹坷淬
"厚厚靛虐模 历漠肺府 配付配 纳酶, 1俺, 280g 3,590盔 (100g寸 1,282盔) 郴老(老) 货寒 档馒 焊厘 5 (16210) 弥措 180盔 利赋",炼固丰,剧充/家胶,SAUCE_SEASONING,纳酶,厚厚靛虐模
"老府 促农 牢刨家 杭靛 肺胶飘 母蕉 目乔, 18俺涝, 2俺 38%40,000盔 24,800盔 (1俺寸 689盔) 2/10(拳) 档馒 抗沥 5 (12503) 弥措 1,240盔 利赋",澜丰,目乔/瞒,BEVERAGE,目乔母蕉,老府
[掸付农] 夸芭剐 烹坷飘 酒阁靛 (85g X 8俺),蜡力前,夸芭飘,DAIRY,夸芭飘,掸付农
[仟靛绢祭喉] K-捧框官 颇胶鸥 剐虐飘 (2牢),埃祈侥,剐虐飘,RTC_MEAL,剐虐飘,仟靛绢祭喉
[局蕉府] 农荤昏摹挪 2辆 (琶1),埃祈侥,趁悼侥前,FROZEN_MEAL,趁悼 摹挪,局蕉府
[Kim's butcher] 龋林魂 家绊扁 菊促府 阂绊扁 300g,腊幅/拌鄂,家绊扁,RAW_MEAT,阂绊扁侩 家绊扁,Kim's butcher
[KF365] 1+ 茄快 殿缴 措侩樊 1kg (趁厘),腊幅/拌鄂,家绊扁,RAW_MEAT,家 殿缴,KF365
[官矫沸] 弊赴 其胶配 摹令 200g,蜡力前,摹令,DAIRY,其胶配 摹令,官矫沸
[档撵官唱唱] 官唱唱 户 (38g X 8俺),埃侥幅,户幅,BAKERY,官唱唱 户,档撵官唱唱
[捞令聪] 霸尔靛 揪贾飘 贸醋滚磐 250g,蜡力前,滚磐/积农覆,DAIRY,贸醋滚磐,捞令聪
[决付逛惑] 措颇 催俺厘,埃祈侥,饭飘肺飘,RTC_MEAL,饭飘肺飘,决付逛惑
[伙伙拱魂] 埃祈窍霸 榴扁绰 概积捞 450g (趁悼),荐魂拱,固开/促矫付,DRIED_SEAFOOD,概积捞,伙伙拱魂
[悼盔] 固聪 颇牢局敲 234g,苞老/斑苞幅,苞老,RAW_FRUIT,颇牢局敲,悼盔
"磅磅 公亲积力 脚急茄 空鄂, 15备, 1俺 6,630盔 (1备寸 442盔) 郴老(老) 货寒 档馒 焊厘 4.5 (44988) 弥措 331盔 利赋",腊幅/拌鄂,拌鄂,RAW_MEAT,拌鄂,磅磅
[悼拳距前] 何盲钎 硅矾饭胶飘 120ml 10涝,固殿废 墨抛绊府,扁鸥,UNKNOWN,扁鸥,悼拳距前
官肺 单况冈绰 绊备付 具盲买 180g,埃祈侥,剐虐飘,RTC_MEAL,剐虐飘,
"葛酒固飘 某唱促魂 焊府冈牢 鞠棚瘤 烹格混 俊绢橇扼捞绢侩 (趁厘), 1kg, 1俺 34%24,750盔 16,260盔 (100g寸 1,626盔) 郴老(老) 货寒 档馒 焊厘 5 (6288) 弥措 813盔 利赋",腊幅/拌鄂,蹬瘤绊扁,RAW_MEAT,蹬瘤 格混,葛酒固飘
[家窍悼绊规] 泅固 胶臣 2辆 (琶1),埃侥幅,苞磊/胶臣,SNACK,邦拱 苞磊,家窍悼绊规
磺肺肺啊 亮酒窍绰 瓢瓢快蜡 (140mL x 24俺),蜡力前,快蜡/滴蜡,DAIRY,快蜡,
[官促剧乾捞悼怕帕] 矫盔 漠漠 采霸帕,埃祈侥,剐虐飘,RTC_MEAL,剐虐飘,官促剧乾捞悼怕帕
[讣篮拱俊] 惫魂 锰滴何 550g,盲家/邦拱幅,尼/滴何,SIMPLE_PROCESSED,滴何,讣篮拱俊
"坷堆扁 烤朝 炼没 揭砍, 1.2kg, 2俺 11,340盔 (100g寸 473盔) 郴老(老) 档馒 焊厘 5 (28250) 弥措 567盔 利赋",炼固丰,剧充/家胶,SAUCE_SEASONING,揭砍,坷堆扁
"裹魂格厘 蜡扁啊傍侥前牢刘 快蜡, 1L, 1俺 5,900盔 (100ml寸 590盔) 郴老(老) 货寒 档馒 焊厘 5 (6316) 弥措 295盔 利赋",蜡力前,快蜡/滴蜡,DAIRY,快蜡,裹魂格厘
"磅磅 悼拱汗瘤 快蜡, 900ml, 2蒲 5,950盔 (100ml寸 331盔) 郴老(老) 货寒 档馒 焊厘 5 (7599) 弥措 298盔 利赋",蜡力前,快蜡/滴蜡,DAIRY,快蜡,磅磅
"胶圃 25% 扼捞飘 擒烹炼覆, 200g, 6俺 51%33,960盔 16,500盔 (10g寸 138盔) 郴老(老) 档馒 焊厘 5 (64757) 弥措 825盔 利赋",惑柯侥前,曼摹/胶圃牡,CANNED,胶圃,胶圃
[聪厚矫] 荤矫固 埃厘 360mL,炼固丰,剧充/家胶,SAUCE_SEASONING,埃厘,聪厚矫
[付令] 捞努赋胶 酿傅 家橇飘 牡叼 饭阁刮飘氢 585g,埃侥幅,檬妮复/荤帕,SNACK,捞努赋胶,付令
[悼拳距前] 何盲钎 硅矾刨记 120ml 10涝,固殿废 墨抛绊府,扁鸥,UNKNOWN,扁鸥,悼拳距前
"模券版 入寸辟, 1俺涝, 1俺 1,490盔 (1俺寸 1,490盔) 郴老(老) 货寒 档馒 焊厘 5 (6763) 弥措 75盔 利赋",盲家/邦拱幅,盲家,RAW_PRODUCE,寸辟,模券版
"惫郴魂 没剧绊眠, 150g, 1俺 2,320盔 (100g寸 1,547盔) 郴老(老) 货寒 档馒 焊厘 5 (298518) 弥措 116盔 利赋",盲家/邦拱幅,盲家,RAW_PRODUCE,没剧绊眠,
"坷堆扁 柳扼搁 呐 概款咐 65g, 6俺 5%5,100盔 4,840盔 (1俺寸 807盔) 郴老(老) 货寒 档馒 焊厘 5 (6958) 弥措 242盔 利赋",埃祈侥,扼搁,INSTANT,柳扼搁 概款咐,坷堆扁
[归汲] 腊荐俊绰 1盒傅 戈摹叼器府 4gx20俺涝,炼固丰,炼固丰,SAUCE_SEASONING,内牢腊荐,归汲
[荤炼措覆] 坷红备捞 弊副擒 400g,腊幅/拌鄂,啊傍腊(擒/家矫瘤),PROCESSED_MEAT,擒,荤炼措覆
[坷堆扁] 坷堆扁逛 棱邦 3辆,埃祈侥,溜籍逛,INSTANT,溜籍逛 棱邦,坷堆扁
[缠饭档福]歹窜归官 4俺涝 2辆(琶1),埃侥幅,苞磊/胶臣,SNACK,窜归龙官,缠饭档福
"秦钎 墨愁扼蜡, 900ml, 6俺 63%59,400盔 21,800盔 (100ml寸 404盔) 郴老(老) 档馒 焊厘 5 (136966) 弥措 1,090盔 利赋",炼固丰,侥侩蜡/扁抚,SAUCE_SEASONING,墨愁扼蜡,秦钎
"讣篮拱俊 锰滴何, 550g, 1俺 1,750盔 (100g寸 318盔) 郴老(老) 货寒 档馒 焊厘 5 (33174) 弥措 88盔 利赋",盲家/邦拱幅,尼/滴何,SIMPLE_PROCESSED,滴何,讣篮拱俊
[玫龋浚纳绢] 硅档扼瘤没 30蒲,固殿废 墨抛绊府,扁鸥,UNKNOWN,扁鸥,玫龋浚纳绢
"磅磅 酒昏茄 槛林唱拱, 1kg, 1俺 3,300盔 (100g寸 330盔) 郴老(老) 货寒 档馒 焊厘 4.5 (15483) 弥措 165盔 利赋",盲家/邦拱幅,盲家,RAW_PRODUCE,槛林唱拱,磅磅
[肺快虐] 目乔 靛赋归 2辆 (琶1),澜丰,目乔/瞒,BEVERAGE,目乔 靛赋归,肺快虐
[剐档] 绢皋捞隆坷飘 烹剐侥户 350g,埃侥幅,户幅,BAKERY,侥户,剐档
"堡玫辫 3措掳 崔牢 犁贰 傈厘辫, 20g, 10俺 16%15,000盔 12,540盔 (10g寸 627盔) 郴老(老) 档馒 焊厘 货 惑前, 馆前-固俺豪 (5) 弥历11,800盔 4.5 (11907) 弥措 621盔 利赋",惑柯侥前,辫/磊馆,DRIED_SEAFOOD,辫,堡玫辫
"惫郴魂 模券版 绊扁蠢鸥府滚几, 300g, 1俺 2,980盔 (100g寸 993盔) 郴老(老) 货寒 档馒 焊厘 5 (9582) 弥措 149盔 利赋",盲家/邦拱幅,滚几,RAW_PRODUCE,蠢鸥府滚几,
[档靛恩茄捣] 绕力 练惯 200g (趁厘),埃祈侥,饭飘肺飘,RTC_MEAL,饭飘肺飘,档靛恩茄捣
"带挪档呈明 俊胶橇饭家 喉坊靛 母蕉目乔, 20俺涝, 1俺 捻迄且牢5%9,010盔 8,480盔 (10g寸 848盔) 郴老(老) 档馒 焊厘 4.5 (7258) 弥措 424盔 利赋",澜丰,目乔/瞒,BEVERAGE,目乔母蕉,带挪档呈明
"饶福飘炮扼 夸备福飘氢 抿雷牡叼, 590g, 1俺 7,920盔 (10g寸 134盔) 郴老(老) 档馒 焊厘 5 (60653) 弥措 396盔 利赋",埃侥幅,檬妮复/荤帕,SNACK,抿雷 牡叼,饶福飘炮扼
[风贾] 甭纳绢虐令 全伙搁开俩府 20器,固殿废 墨抛绊府,扁鸥,UNKNOWN,扁鸥,风贾
[橇肺皋胶] 橇尔胶 戈闭快蜡 1L,蜡力前,快蜡/滴蜡,DAIRY,快蜡,橇肺皋胶
[厚框馆蛮] 宫篮瘤 甸扁抚汉澜,埃祈侥,馆蛮幅,SIMPLE_PROCESSED,宫篮瘤 汉澜,厚框馆蛮
[官抚剖] 模券版 例窜措颇 300g,盲家/邦拱幅,盲家,RAW_PRODUCE,措颇,官抚剖
[糠笼采丛捞匙] 流拳备捞辫 5g X 27豪 2辆 (琶1),惑柯侥前,辫/磊馆,DRIED_SEAFOOD,辫,糠笼采丛捞匙
[滴俊厚配府俊] IGP 惯荤雇 (器档丑绵咀80%),炼固丰,剧充/家胶,SAUCE_SEASONING,惯荤雇 侥檬,滴俊厚配府俊
[何魔疙厘] 拌鄂渴 涝篮 悼怕傈 400g,埃祈侥,馆蛮幅,SIMPLE_PROCESSED,悼怕傈,何魔疙厘
"辫备盔急积 惫魂尼栏肺 父电 付颇滴何 2牢盒, 615g, 1俺 8,900盔 (100g寸 1,447盔) 郴老(老) 货寒 档馒 焊厘 5 (1244) 弥措 445盔 利赋",埃祈侥,饭飘肺飘,RTC_MEAL,饭飘肺飘,辫备盔急积
[宏饭靛啊电] 酱啊颇快歹 210g,炼固丰,啊风盒富,SAUCE_SEASONING,酱啊颇快歹,宏饭靛啊电
[措惑溃扼捞橇] 春纳绢 固聪 官唱唱咐 24蒲,固殿废 墨抛绊府,扁鸥,UNKNOWN,扁鸥,措惑溃扼捞橇
[坷葛啊府] 荐力 辫摹骂俺 2辆,埃祈侥,饭飘肺飘,RTC_MEAL,饭飘肺飘,坷葛啊府
[Better me] 趁厘 催啊娇混 4辆 (1蒲/4蒲) (琶1),腊幅/拌鄂,催绊扁,RAW_MEAT,催啊娇混,Better me
[固郡靛] 国曹 no.2 急拱技飘,炼固丰,剧充/家胶,SAUCE_SEASONING,曹,固郡靛
[茄积]  官肺淬酒 惫魂 曼扁抚 180mL,炼固丰,侥侩蜡/扁抚,SAUCE_SEASONING,曼扁抚,茄积
"怕救焙丑蛆 2025斥魂 禽揭 窜老前辆 伙堡揭, 惑殿鞭, 10kg, 1俺 15%40,000盔 33,900盔 (100g寸 339盔) 郴老(老) 档馒 焊厘 4.5 (2362) 弥措 1,695盔 利赋",盲家/邦拱幅,揭/棱邦,GRAIN,揭,丑蛆
[辫犁痹快府侗楷备家] 睛牢例固 2辆 (琶1),埃侥幅,侗,SNACK,牢例固,辫犁痹快府侗楷备家
[饭胶配尔 舅坊 Allen] 扼备 俊弊 积搁 颇胶鸥,埃祈侥,剐虐飘,RTC_MEAL,剐虐飘,饭胶配尔 舅坊 Allen
[辆啊] 矫盔茄悼摹固 1.2kg,埃祈侥,馆蛮幅,SIMPLE_PROCESSED,悼摹固,辆啊
"坷堆扁 拳捞飘 侥檬, 1.8L, 1俺 3,540盔 (10ml寸 20盔) 郴老(老) 货寒 档馒 焊厘 5 (2952) 弥措 177盔 利赋",炼固丰,剧充/家胶,SAUCE_SEASONING,拳捞飘 侥檬,坷堆扁
坷捞咐绊眠 300g,盲家/邦拱幅,盲家,RAW_PRODUCE,坷捞绊眠,
"捻扼能 矫坷 能何 堪厘 促矫付, 1俺, 130g 11,500盔 (100g寸 8,846盔) 郴老(老) 货寒 档馒 焊厘 5 (97) 弥措 575盔 利赋",荐魂拱,固开/促矫付,DRIED_SEAFOOD,促矫付,捻扼能
"坷堆扁 荤苞侥檬, 900ml, 2俺 22%6,360盔 4,910盔 (10ml寸 27盔) 郴老(老) 档馒 焊厘 5 (98042) 弥措 245盔 利赋",炼固丰,剧充/家胶,SAUCE_SEASONING,侥檬,坷堆扁
[弊腐酱官牢] 催啊娇混 厚浚唱,腊幅/拌鄂,啊傍腊(擒/家矫瘤),PROCESSED_MEAT,厚浚唱,弊腐酱官牢
[炼急龋炮辫摹] 炼急 绢赴捞 归辫摹 400g,埃祈侥,馆蛮幅,SIMPLE_PROCESSED,归辫摹,炼急龋炮辫摹
[肺酒目] 滚扼捞绢萍 厚胶哦 & 檬妮复 绢筋飘蒲 400g,埃侥幅,苞磊/胶臣,SNACK,厚胶哦,肺酒目
悼搬扒炼 概积捞 2g X 6涝,荐魂拱,固开/促矫付,DRIED_SEAFOOD,概积捞,
"坷堆扁 柳扼搁 概款咐 呐 65g, 15俺 14%12,750盔 10,850盔 (1俺寸 723盔) 郴老(老) 档馒 焊厘 货 惑前, 馆前-固俺豪 (40) 弥历9,800盔 5 (133701) 弥措 543盔 利赋",埃祈侥,扼搁,INSTANT,柳扼搁 概款咐,坷堆扁
[靛矫葛匙] 虐令 胶跑1 喉风海府氢 蜡魂闭 (50老盒),固殿废 墨抛绊府,扁鸥,UNKNOWN,扁鸥,靛矫葛匙
"咐漓捞侥前 冕玫催哎厚 (趁悼), 800g, 1豪 13,100盔 (100g寸 1,638盔) 郴老(老) 货寒 档馒 焊厘 4.5 (30659) 弥措 655盔 利赋",埃祈侥,剐虐飘,RTC_MEAL,剐虐飘,咐漓捞侥前
"磅磅 公亲积力 牢刘 催救缴 促咙腊 (趁悼), 350g, 1俺 42%10,900盔 6,320盔 (100g寸 1,806盔) 郴老(老) 货寒 档馒 焊厘 5 (471) 弥措 316盔 利赋",腊幅/拌鄂,催绊扁,RAW_MEAT,催 救缴,磅磅
[巢剧] 咐乐绰快蜡 GT 檬内 快蜡 300mL,蜡力前,快蜡/滴蜡,DAIRY,檬内快蜡,巢剧
[档府柄魔] 家绊扁 舅硅眠买 (历寸家胶 器窃),埃祈侥,剐虐飘,RTC_MEAL,剐虐飘,档府柄魔
[沥瘤急狼 萍浚固固] 全家货快肯帕搁,埃祈侥,剐虐飘,RTC_MEAL,剐虐飘,沥瘤急狼 萍浚固固
[家何寸] 眠撅狼 侗部摹,埃祈侥,剐虐飘,RTC_MEAL,剐虐飘,家何寸
[厚胶柠抛府 骏坷] 胶能 90g,埃侥幅,户幅,BAKERY,胶能,厚胶柠抛府 骏坷
[家陛笼] 泪豪 橇肺付陵 击靛困摹,埃侥幅,户幅,BAKERY,击靛困摹,家陛笼
[贰俏墨快] 骇钮宏 胶其聪浆 固聪 24钮宏 摹令,蜡力前,摹令,DAIRY,摹令,贰俏墨快
"矫厘斤 傈楷拳 甸扁抚, 350ml, 1俺 且牢64%33,990盔 11,990盔 (10ml寸 343盔) 郴老(老) 档馒 焊厘 4.5 (19506) 弥措 600盔 利赋",炼固丰,侥侩蜡/扁抚,SAUCE_SEASONING,甸扁抚,矫厘斤
[KF365] 力林配阜哎摹 3辆 (趁悼) (琶1),荐魂拱,积急,RAW_SEAFOOD,哎摹,KF365
[官抚剖] 埃祈窍霸 颊龙茄 公盲 300g,盲家/邦拱幅,盲家,RAW_PRODUCE,公盲,官抚剖
[捞悼伙疙牢] 颊龙 救悼埃绊殿绢 150g (趁悼),埃祈侥,饭飘肺飘,RTC_MEAL,饭飘肺飘,捞悼伙疙牢
[广何] 穿啊 农贰目 140g,埃侥幅,苞磊/胶臣,SNACK,农贰目,广何
[付捞叼骇] 秦浆宏扼款 10+10(20俺涝),埃祈侥,趁悼侥前,FROZEN_MEAL,趁悼 秦浆宏扼款,付捞叼骇
"磅磅 闰促府 货快, 1000g, 1俺 33%29,900盔 19,990盔 (100g寸 1,999盔) 郴老(老) 货寒 档馒 焊厘 5 (4463) 弥措 1,000盔 利赋",荐魂拱,货快/霸,RAW_SEAFOOD,货快,磅磅
[柳啊匙馆蛮] 拌鄂富捞,埃祈侥,馆蛮幅,SIMPLE_PROCESSED,拌鄂富捞,柳啊匙馆蛮
[绊皋] 烹殿缴 捣墨明,埃祈侥,趁悼侥前,FROZEN_MEAL,趁悼 捣鳖胶,绊皋
[辆啊] 归辫摹 3kg,埃祈侥,馆蛮幅,SIMPLE_PROCESSED,归辫摹,辆啊
[秦烹飞] 腊荐茄舅 盒富胶平屈_表绊 柳茄咐,炼固丰,啊风盒富,SAUCE_SEASONING,腊荐 盒富,秦烹飞
[篮厚哎厚] 漠笼 剧充备捞 500g (趁悼),腊幅/拌鄂,蹬瘤绊扁,RAW_MEAT,蹬瘤哎厚,篮厚哎厚
"固家茄涝 汉澜盒怕顶尼 1/16, 1kg, 1俺 7,550盔 (100g寸 755盔) 郴老(老) 档馒 焊厘 5 (27) 弥措 378盔 利赋",炼固丰,啊风盒富,SAUCE_SEASONING,顶尼 盒怕,固家茄涝
[QBB] 胶葛农 摹令 50g,蜡力前,摹令,DAIRY,胶葛农 摹令,QBB
[坷聪胶飘] 纳扼弊肺快 噶绊 28器,固殿废 墨抛绊府,扁鸥,UNKNOWN,扁鸥,坷聪胶飘
[弊腐坷] 鹅农 弊腐夸芭飘 100g,蜡力前,夸芭飘,DAIRY,弊腐夸芭飘,弊腐坷
[付淬肺劳] 农覆摹令 3辆 (琶1),蜡力前,摹令,DAIRY,农覆摹令,付淬肺劳
"公亲积力 脚急 措鄂 1.56kg, 30备, 2俺 16,780盔 (1备寸 280盔) 郴老(老) 货寒 档馒 焊厘 5 (14466) 弥措 839盔 利赋",腊幅/拌鄂,拌鄂,RAW_MEAT,拌鄂,
"厚居墨 何扼鸥 摹令, 125g, 1俺涝, 1俺 6,190盔 (10g寸 495盔) 郴老(老) 货寒 档馒 焊厘 5 (868) 弥措 310盔 利赋",蜡力前,摹令,DAIRY,何扼鸥 摹令,厚居墨
[官捞呕轰萍] NEW 酱欺妮扼罢 28沮敲,固殿废 墨抛绊府,扁鸥,UNKNOWN,扁鸥,官捞呕轰萍
[扁厘拱魂] 固开蓖促府,荐魂拱,固开/促矫付,DRIED_SEAFOOD,固开蓖促府,扁厘拱魂
[KF365] 茄捣 憋迪 亲沥 备捞侩 (固冠) 300g (趁厘),腊幅/拌鄂,蹬瘤绊扁,RAW_MEAT,亲沥混,KF365
"崎矫 力肺 酱芭 扼烙氢 力肺 墨其牢, 355ml, 24俺 16,240盔 (100ml寸 191盔) 郴老(老) 档馒 焊厘 5 (3033) 弥措 812盔 利赋",澜丰,藕魂澜丰,BEVERAGE,崎矫 力肺酱芭 扼烙,崎矫 
[磊楷淬篮] 蜡扁丑 慢揭 伙拌帕 虐飘,埃祈侥,剐虐飘,RTC_MEAL,剐虐飘,磊楷淬篮
[扁夺沥] 荐力 坷鄂促 何魂 (24俺涝),埃侥幅,苞磊/胶臣,SNACK,坷鄂促,扁夺沥
[寝混绷绰笼] 府倔 绊备付户 (85g X 3俺涝),埃侥幅,户幅,BAKERY,绊备付 户,寝混绷绰笼
"官唱唱疟, 75g, 6俺 6,970盔 (10g寸 155盔) 郴老(老) 档馒 焊厘 5 (14837) 弥措 349盔 利赋",埃侥幅,苞磊/胶臣,SNACK,官唱唱疟,丑缴
[楷技滴蜡] 绊家茄 滴蜡 2辆 (190mL X 6俺),蜡力前,快蜡/滴蜡,DAIRY,滴蜡,楷技滴蜡
"基钎 讣篮 炼急埃厘, 930ml, 1俺 21%10,530盔 8,240盔 (100ml寸 886盔) 郴老(老) 档馒 焊厘 5 (30508) 弥措 412盔 利赋",炼固丰,剧充/家胶,SAUCE_SEASONING,炼急埃厘,基钎
"风墨胶唱牢 矫弊聪贸 歹喉鸡扼都 目乔雇胶, 14.9g, 50俺涝, 2俺 11%39,800盔 35,200盔 (10g寸 236盔) 郴老(老) 档馒 焊厘 5 (69368) 弥措 1,760盔 利赋",澜丰,目乔/瞒,BEVERAGE,目乔雇胶,风墨胶唱牢
"酒魂矫丑蛆 2025斥 禽揭 酒魂讣篮揭 伙堡固, 10kg, 1俺, 漂殿鞭 15%43,900盔 36,900盔 (100g寸 369盔) 郴老(老) 档馒 焊厘 5 (6026) 弥措 1,845盔 利赋",盲家/邦拱幅,揭/棱邦,GRAIN,揭,丑蛆
[窍客捞救 颇扼促捞胶] 内唱目乔 棵牢盔 靛赋归 (10g X 5俺),澜丰,目乔/瞒,BEVERAGE,目乔 靛赋归,窍客捞救 颇扼促捞胶
[VASAK] 辫何阿 矫弊聪贸 7辆 (琶1),惑柯侥前,辫/磊馆,DRIED_SEAFOOD,辫何阿,VASAK
[付捞畴钢] 惫魂 100% 历寸 绊眠厘 230g,炼固丰,剧充/家胶,SAUCE_SEASONING,绊眠厘,付捞畴钢
[柳啊匙馆蛮] 零器剧充汉澜,埃祈侥,馆蛮幅,SIMPLE_PROCESSED,零器汉澜,柳啊匙馆蛮
[官副扼] 颇胶鸥搁 4辆,盲家/邦拱幅,搁幅,GRAIN,颇胶鸥搁,官副扼
[坷汲废] 蜡扁丑 啊风踌瞒 40g,澜丰,目乔/瞒,BEVERAGE,踌瞒,坷汲废
[茄胶纳劳] 檬内 积农覆 费 380g,埃侥幅,叼历飘/纳捞农,BAKERY,费纳捞农,茄胶纳劳
"霉咐 父瓷 戈摹腊荐, 1.95kg, 1俺 23%17,800盔 13,640盔 (10g寸 70盔) 郴老(老) 档馒 焊厘 5 (35213) 弥措 648盔 利赋",炼固丰,炼固丰,SAUCE_SEASONING,戈摹 宽荐,霉咐
"根农酱 庆捞榴秤氢 矫反 困靛 舅逢肺胶, 530g, 1俺 8,900盔 (100g寸 1,679盔) 郴老(老) 档馒 焊厘 4.5 (3360) 弥措 423盔 利赋",炼固丰,剧充/家胶,SAUCE_SEASONING,庆捞榴秤 矫反,根农酱
[皑内府酒] 寝 嫡矫 谤皑  10涝 2辆,埃侥幅,叼历飘/纳捞农,BAKERY,谤皑,皑内府酒
[碍绕格厘] 荐力 靛傅农 夸芭飘 敲饭牢 1000mL,蜡力前,夸芭飘,DAIRY,夸芭飘,碍绕格厘
"茄笛 疙牢捞 惫魂尼栏肺 父电 茄尝 滴何 何魔侩, 120g, 6蒲 8,270盔 (100g寸 1,149盔) 郴老(老) 货寒 档馒 焊厘 5 (24549) 弥措 414盔 利赋",盲家/邦拱幅,尼/滴何,SIMPLE_PROCESSED,滴何,茄笛
[靛矫葛匙] 虐令 胶跑2 喉风海府氢 蜡魂闭 (30老盒),固殿废 墨抛绊府,扁鸥,UNKNOWN,扁鸥,靛矫葛匙
"惫魂 绊殿绢混 (趁悼), 600g, 1俺 8,270盔 (100g寸 1,378盔) 郴老(老) 货寒 档馒 焊厘 4.5 (186) 弥措 414盔 利赋",荐魂拱,积急,RAW_SEAFOOD,绊殿绢,
"部彬能 吩单力苞 焙苛荐荐咐, 67g, 5俺 5,900盔 (10g寸 176盔) 郴老(老) 档馒 焊厘 5 (28360) 弥措 295盔 利赋",埃侥幅,苞磊/胶臣,SNACK,部彬能,吩单
"秦讣篮仟靛 官海钮 炼固坷隆绢, 300g, 1俺 13%14,900盔 12,870盔 (10g寸 429盔) 郴老(老) 档馒 焊厘 4.5 (8493) 弥措 592盔 利赋",埃侥幅,苞磊/胶臣,SNACK,坷隆绢 胶臣,秦讣篮仟靛
[傈林 海抛尔] 绊扁父滴,埃祈侥,趁悼侥前,FROZEN_MEAL,趁悼 父滴,傈林 海抛尔
"秦怕力苞 饶坊摹颇捞 荤苞, 384g, 1俺 5,860盔 (10g寸 153盔) 郴老(老) 档馒 焊厘 5 (6919) 弥措 293盔 利赋",埃侥幅,苞磊/胶臣,SNACK,饶坊摹颇捞,秦怕力苞
"去侥 惫魂 疵焊府揭, 4kg, 1俺 11%13,500盔 11,900盔 (100g寸 298盔) 郴老(老) 档馒 焊厘 4.5 (2609) 弥措 570盔 利赋",盲家/邦拱幅,揭/棱邦,GRAIN,揭,去侥
[固磊攫聪匙] 坷隆绢角盲汉澜,埃祈侥,馆蛮幅,SIMPLE_PROCESSED,坷隆绢盲 汉澜,固磊攫聪匙
"钙缴 葛墨榜靛 付老靛 盔滴目乔, 500g, 1俺涝, 2俺 38,260盔 (10g寸 383盔) 郴老(老) 货寒 档馒 焊厘 5 (1880) 弥措 1,913盔 利赋",澜丰,目乔/瞒,BEVERAGE,目乔雇胶,钙缴
[KF365] 固惫魂 蹬瘤绊扁 格傈瘤 荐腊侩 1kg,腊幅/拌鄂,蹬瘤绊扁,RAW_MEAT,格傈瘤,KF365
"迄鸥唱 厚橇 奔扼浆 配付配 胶譬, 250g, 6俺 捻迄且牢50%29,880盔 14,940盔 (100g寸 996盔) 郴老(老) 档馒 焊厘 5 (2842) 弥措 747盔 利赋",埃祈侥,饭飘肺飘,RTC_MEAL,饭飘肺飘,迄鸥唱
"俊胶颇愁扼 酒焊墨档坷老 胶橇饭捞屈, 200ml, 1俺 12,000盔 (100ml寸 6,000盔) 郴老(老) 档馒 焊厘 5 (2643) 弥措 600盔 利赋",炼固丰,侥侩蜡/扁抚,SAUCE_SEASONING,酒焊墨档 坷老,俊胶颇愁扼
"厚厚绊 家绊扁 固开惫, 500g, 3俺 46%17,940盔 9,580盔 (100g寸 639盔) 郴老(老) 档馒 焊厘 5 (45887) 弥措 479盔 利赋",埃祈侥,饭飘肺飘,RTC_MEAL,饭飘肺飘,厚厚绊
"歹扒碍茄 催啊娇混 烹混备捞 其欺, 100g, 1俺涝, 5俺 54%22,400盔 10,220盔 (100g寸 2,044盔) 郴老(老) 货寒 档馒 焊厘 5 (1063) 弥措 511盔 利赋",腊幅/拌鄂,催绊扁,RAW_MEAT,催啊娇混,歹扒碍茄
"模券版 牢刘 橇府固决 例窜措颇, 500g, 1俺 6,490盔 (100g寸 1,298盔) 郴老(老) 货寒 档馒 焊厘 5 (205) 弥措 325盔 利赋",盲家/邦拱幅,盲家,RAW_PRODUCE,措颇,模券版
"惫郴魂 剧颇(炉酒骂侩), 3kg, 1俺 6,990盔 (100g寸 233盔) 郴老(老) 货寒 档馒 焊厘 4.5 (10553) 弥措 350盔 利赋",盲家/邦拱幅,盲家,RAW_PRODUCE,剧颇,
[侗固寸] 逛舅慢揭侗 500g,埃侥幅,侗,SNACK,慢揭侗,侗固寸
模券版 馆馆惑眠 300g,盲家/邦拱幅,盲家,RAW_PRODUCE,惑眠,模券版
"坷堆扁 艰绊扁 固开惫扼搁 115g, 4俺 5%5,680盔 5,380盔 (1俺寸 1,345盔) 郴老(老) 档馒 焊厘 4.5 (22158) 弥措 269盔 利赋",埃祈侥,扼搁,INSTANT,固开惫 扼搁,坷堆扁
[扼扼胶拉] 颇牢飘 坷坊瘤矩扼令海府 474mL,埃侥幅,叼历飘/纳捞农,BAKERY,酒捞胶农覆,扼扼胶拉
"沤荤 酒捻酒 胶颇努傅 敲饭牢 公扼骇, 12俺, 500ml 46%10,800盔 5,790盔 (100ml寸 97盔) 郴老(老) 货寒 档馒 焊厘 5 (1672) 弥措 290盔 利赋",澜丰,藕魂澜丰,BEVERAGE,藕魂荐,沤荤
"坷堆扁 荤苞侥檬, 1.8L, 2俺 1%7,560盔 7,460盔 (10ml寸 21盔) 郴老(老) 货寒 档馒 焊厘 5 (8677) 弥措 373盔 利赋",炼固丰,剧充/家胶,SAUCE_SEASONING,侥檬,坷堆扁
"茄固 肯傈滴蜡 惫魂尼 八篮尼 历寸, 190ml, 16俺 43%16,000盔 9,100盔 (100ml寸 299盔) 郴老(老) 货寒 档馒 焊厘 5 (1010) 弥措 455盔 利赋",蜡力前,快蜡/滴蜡,DAIRY,滴蜡,茄固
[坷秤萍] 酒阁靛 胶橇饭靛 (墨墨坷) 230g,惑柯侥前,离/胶橇饭靛,SAUCE_SEASONING,酒阁靛 胶橇饭靛,坷秤萍
[固磊攫聪匙] 橇府固决 咐埃厘,炼固丰,剧充/家胶,SAUCE_SEASONING,咐埃厘,固磊攫聪匙
公富珐捞 200g,盲家/邦拱幅,盲家,RAW_PRODUCE,公,
[捞格 公亲积力] 惫郴魂 家绊扁 殿缴 备捞侩 200g (趁厘),腊幅/拌鄂,家绊扁,RAW_MEAT,家 殿缴,捞格 公亲积力
[概老] 酒阁靛 宏府令 2辆 (190mL X 24蒲),蜡力前,快蜡/滴蜡,DAIRY,酒阁靛宏府令,概老
"惑窍摹令 府内鸥 摹令, 1kg, 1俺涝, 1俺 14,480盔 (10g寸 145盔) 郴老(老) 货寒 档馒 焊厘 5 (17402) 弥措 724盔 利赋",蜡力前,摹令,DAIRY,府内鸥 摹令,惑窍摹令
[辑匡快蜡] 辑匡 夸备福飘 坷府瘤澄 1.7L,蜡力前,夸芭飘,DAIRY,夸备福飘,坷府瘤澄
"决付逛拎 40邦 去钦棱邦, 1俺, 10kg 26,990盔 (100g寸 270盔) 郴老(老) 档馒 焊厘 4.5 (2885) 弥措 1,350盔 利赋",盲家/邦拱幅,揭/棱邦,GRAIN,棱邦,决付逛拎
"丑缴 脚扼搁 120g x 5p + 救己帕搁 125g x 5p + 倔奴 呈备府 120g x 5p + 楼颇霸萍 140g x 5p, 20俺 17,550盔 (1俺寸 878盔) 郴老(老) 档馒 焊厘 5 (222924) 弥措 878盔 利赋",埃祈侥,扼搁,INSTANT,丑缴扼搁,丑缴
[扼后府目侨诀] 粗墨 橇芬 歹 硅凡 (困胶虐),贱,扁鸥 林幅,ALCOHOL,困胶虐,
[CU 侨诀] 欺敲 坷府瘤澄 富氦,贱,客牢,ALCOHOL,饭靛 客牢,
"坷堆扁 柳扼搁 概款咐 120g, 5俺 3,950盔 (1俺寸 790盔) 郴老(老) 货寒 档馒 焊厘 5 (43544) 弥措 198盔 利赋",埃祈侥,扼搁,INSTANT,柳扼搁 概款咐,坷堆扁
"窍捞飘柳肺 喉发焊府 坷府瘤澄, 520ml, 20俺 16,370盔 (100ml寸 157盔) 郴老(老) 档馒 焊厘 5 (95301) 弥措 819盔 利赋",澜丰,目乔/瞒,BEVERAGE,焊府瞒,窍捞飘柳肺
[Picard] 趁悼 舅皑磊,埃祈侥,趁悼侥前,FROZEN_MEAL,趁悼 舅皑磊,Picard
[KF365] 利惑眠 150g,盲家/邦拱幅,盲家,RAW_PRODUCE,利惑眠,KF365
[KF365] 茄捣 格混 备捞侩 600g~ (趁厘),腊幅/拌鄂,蹬瘤绊扁,RAW_MEAT,蹬瘤 格混,KF365
"鸥具胶 竣胶盔 鸥福飘, 480g, 1冠胶 33%7,200盔 4,800盔 (10g寸 100盔) 郴老(老) 档馒 焊厘 4.5 (3091) 弥措 240盔 利赋",埃侥幅,叼历飘/纳捞农,BAKERY,鸥福飘,鸥具胶
[葫弊饭] 磺肺肺 夸备福飘 2辆 (80mL X 10俺) (琶1),蜡力前,夸芭飘,DAIRY,夸备福飘,葫弊饭
[辫沥券全伙] 全伙硅档扼瘤 100器 (+焊磊扁器厘),固殿废 墨抛绊府,扁鸥,UNKNOWN,扁鸥,辫沥券全伙
"基钎 配厘 骂俺剧充, 450g, 1俺 43%9,480盔 5,400盔 (100g寸 1,200盔) 郴老(老) 档馒 焊厘 5 (8504) 弥措 270盔 利赋",炼固丰,剧充/家胶,SAUCE_SEASONING,剧充,基钎
[掂废付风] 掂废 茄捣 固冠 菊促府混 500g (趁厘),腊幅/拌鄂,蹬瘤绊扁,RAW_MEAT,蹬瘤 菊促府混,掂废付风
"坷堆扁 付器侥 瞒倒等厘骂俺, 500g, 2俺 7,890盔 (100g寸 789盔) 郴老(老) 货寒 档馒 焊厘 5 (688) 弥措 395盔 利赋",澜丰,目乔/瞒,BEVERAGE,瞒,坷堆扁
[玫龋浚纳绢] 孺付疵橇府固决 30蒲,固殿废 墨抛绊府,扁鸥,UNKNOWN,扁鸥,玫龋浚纳绢
"归魂荐 积荐 公扼骇, 12俺, 2L 12%13,676盔 12,000盔 (100ml寸 50盔) 郴老(老) 档馒 焊厘 4.5 (37) 弥措 600盔 利赋",澜丰,积荐,BEVERAGE,积荐,归魂荐
[荤畴伎] 蜡扁丑 局敲荤捞促厚聪芭 胶平 18ml x 20器,炼固丰,剧充/家胶,SAUCE_SEASONING,局敲荤捞促厚聪芭,荤畴伎
[碍己篮 疙苞] 荐力苞磊 8辆 (琶1),埃侥幅,苞磊/胶臣,SNACK,荐力 苞磊,碍己篮 疙苞
[肺快虐] 努扼矫内 咀惑 目乔 (11mL X 13俺),澜丰,目乔/瞒,BEVERAGE,目乔咀惑,肺快虐
[扼后府目侨诀] 老扼捞历 农饭捞弊 胶隔硅摹 + 刘沥儡 1P (困胶虐),贱,扁鸥 林幅,ALCOHOL,困胶虐,扼后府目侨诀
"惫郴魂 官龙, 3俺, 20g 5,970盔 (100g寸 9,950盔) 郴老(老) 货寒 档馒 焊厘 4.5 (28160) 弥措 299盔 利赋",炼固丰,氢脚丰/倾宏,SAUCE_SEASONING,官龙,
[寝馆] 扼捞胶敲罚 泅固蓖府帮距逛 150g*3涝,埃祈侥,溜籍逛,INSTANT,溜籍逛 帮距,寝馆
[柳啊匙馆蛮] 憋滴扁,埃祈侥,馆蛮幅,SIMPLE_PROCESSED,憋滴扁,柳啊匙馆蛮
"皑磨咐 惑林空谤皑 9涝 (趁悼), 500g, 1蒲 15,710盔 (100g寸 3,142盔) 郴老(老) 货寒 档馒 焊厘 4.5 (1737) 弥措 725盔 利赋",埃侥幅,叼历飘/纳捞农,BAKERY,谤皑,
[力阿阿] 公 2涝(1.4kg),盲家/邦拱幅,盲家,RAW_PRODUCE,公,力阿阿
[格快锰] 磺肺肺客 模备甸 厚浚唱家矫瘤 270gX2俺,腊幅/拌鄂,啊傍腊(擒/家矫瘤),PROCESSED_MEAT,家矫瘤,格快锰
措侩樊 橇府固决 颊龙 积货快混 800g (趁悼) (26/30 荤捞令),荐魂拱,货快/霸,RAW_SEAFOOD,货快,
[CU 侨诀] 舅泛魂歹坷啊葱焊靛墨,贱,扁鸥 林幅,ALCOHOL,焊靛墨,
[荐魂镑埃] 眠撅狼 坷隆绢促府,埃侥幅,苞磊/胶臣,SNACK,剪促府,荐魂镑埃
"悼秦拱, 快府尼 滴何 380g (2俺涝)",盲家/邦拱幅,尼/滴何,SIMPLE_PROCESSED,滴何,悼秦拱
[葛葛胶目乔] 俊胶碱妮扼 宏风归 (10g X 7俺),澜丰,目乔/瞒,BEVERAGE,目乔 靛赋归,葛葛胶目乔
"巢剧蜡诀 咐乐绰 快蜡 GT, 4俺, 200ml 4,100盔 (100ml寸 513盔) 郴老(老) 货寒 档馒 焊厘 5 (504) 弥措 205盔 利赋",蜡力前,快蜡/滴蜡,DAIRY,快蜡,巢剧
"厚厚绊 哎摹备捞, 70g, 1俺 18%5,480盔 4,480盔 (100g寸 6,400盔) 郴老(老) 货寒 档馒 焊厘 4.5 (9116) 弥措 224盔 利赋",埃祈侥,饭飘肺飘,RTC_MEAL,饭飘肺飘,厚厚绊
"官促磊府 惫魂 积拱 全钦, 3kg, 1俺 11,990盔 (100g寸 400盔) 郴老(老) 货寒 档馒 焊厘 4 (944) 弥措 600盔 利赋",荐魂拱,炼俺/傈汗,RAW_SEAFOOD,全钦,官促磊府
[吩单] 啊唱 橇府固决 尔靛箕 捻虐 摹令 海府 91g,埃侥幅,苞磊/胶臣,SNACK,啊唱 尔靛箕 捻虐,吩单
[炒厄海凡] 反萍 龋冠瞒 (1.5g X 15俺),澜丰,目乔/瞒,BEVERAGE,龋冠瞒,炒厄海凡
[付澜捞啊] 睛 康剧侗 300g,埃侥幅,侗,SNACK,睛侗,付澜捞啊
"辫摹荤惯搁 家呐 86g, 12俺 10,440盔 (1俺寸 870盔) 郴老(老) 货寒 档馒 焊厘 5 (8483) 弥措 522盔 利赋",埃祈侥,扼搁,INSTANT,辫摹荤惯搁,丑缴
[悼盔]辫摹骂俺侩 曼摹 250g,惑柯侥前,曼摹/胶圃牡,CANNED,曼摹牡,悼盔
[烙角摹令付阑] 府内鸥摹令 150g,蜡力前,摹令,DAIRY,府内鸥 摹令,烙角摹令付阑
[叼胆府] 眠撅狼 扼汉捞,埃祈侥,剐虐飘,RTC_MEAL,剐虐飘,叼胆府
"[CJ] 悼摹固 拱趁搁 1,816g (4牢盒)",埃祈侥,剐虐飘,RTC_MEAL,剐虐飘,CJ
"磅磅 钙馆籍 备款鄂, 6备, 1蒲 3,590盔 (1备寸 598盔) 郴老(老) 货寒 档馒 焊厘 5 (9873) 弥措 180盔 利赋",腊幅/拌鄂,拌鄂,RAW_MEAT,备款鄂,磅磅
"钙缴 葛墨榜靛 付老靛 目乔雇胶, 12g, 50俺涝, 1俺 8,760盔 (10g寸 146盔) 郴老(老) 货寒 档馒 焊厘 5 (5118) 弥措 438盔 利赋",澜丰,目乔/瞒,BEVERAGE,目乔雇胶,钙缴
"秦怕力苞 饶坊摹颇捞 叠扁, 384g, 1俺 5,520盔 (10g寸 144盔) 郴老(老) 档馒 焊厘 4.5 (11375) 弥措 276盔 利赋",埃侥幅,苞磊/胶臣,SNACK,饶坊摹颇捞,秦怕力苞
[惯飘窍捞哩] 匙代鄂靛 绊促/俊淬/眉促 固聪 摹令 (20g X 5涝) 3辆 (琶1),蜡力前,摹令,DAIRY,摹令,惯飘窍捞哩
[萍酒矫酒] 牢档侥 抄 3辆 (琶1),埃侥幅,户幅,BAKERY,抄,萍酒矫酒
[扼后府目侨诀]硅厚摹 喉发扼骇 家厚川喉尔 (客牢),贱,客牢,ALCOHOL,拳捞飘 客牢,
[急拱技飘] 固惫魂 橇扼烙 LA采哎厚 1.4kg,腊幅/拌鄂,家绊扁,RAW_MEAT,LA 哎厚,
[钱公盔] 蜡扁丑 尼唱拱 270g,盲家/邦拱幅,盲家,RAW_PRODUCE,尼唱拱,钱公盔
"海瘤剐 崔霓茄 厚 滴蜡, 190ml, 32俺 19%26,900盔 21,700盔 (100ml寸 357盔) 郴老(老) 货寒 档馒 焊厘 5 (19718) 弥措 1,085盔 利赋",蜡力前,快蜡/滴蜡,DAIRY,滴蜡,海瘤剐
[扁厘拱魂] 扁厘魂 谎府促矫付,荐魂拱,固开/促矫付,DRIED_SEAFOOD,促矫付,扁厘拱魂
[悼盔] 辫摹骂俺侩 曼摹 135g x 4牡,惑柯侥前,曼摹/胶圃牡,CANNED,曼摹牡,悼盔
[26斥 汲] [CU 侨诀] 崔葛绢18斥,贱,扁鸥 林幅,ALCOHOL,困胶虐,
"坷堆扁 柳扼搁 呐 概款咐 65g, 6俺 5%5,100盔 4,840盔 (1俺寸 807盔) 郴老(老) 档馒 焊厘 货 惑前, 馆前-固俺豪 (50) 弥历3,000盔 5 (133699) 弥措 242盔 利赋",埃祈侥,扼搁,INSTANT,柳扼搁 概款咐,坷堆扁
[膏仟家] 蜡扁丑 鞘靛 配付配 (圈 配付配)2俺涝/ 锅甸,盲家/邦拱幅,盲家,RAW_PRODUCE,配付配,膏仟家
"捞芬 炔己林 冠荤狼 惫魂尼 滴蜡 八篮尼 绊漠椒, 190ml, 24俺 49%26,900盔 13,630盔 (100ml寸 299盔) 郴老(老) 档馒 焊厘 5 (171169) 弥措 681盔 利赋",蜡力前,快蜡/滴蜡,DAIRY,滴蜡,捞芬
[急拱技飘] 己版辫 辆钦辫 技飘,惑柯侥前,辫/磊馆,DRIED_SEAFOOD,辫,己版辫
"捞叼具 酒捞胶酒皋府墨畴 胶平目乔, 1g, 100俺涝, 1俺 17%16,900盔 13,900盔 (10g寸 1,390盔) 郴老(老) 档馒 焊厘 4.5 (7423) 弥措 695盔 利赋",澜丰,目乔/瞒,BEVERAGE,目乔啊风,捞叼具
[踌祸茄快] 公亲积力 1+ 茄快 殿缴 备捞侩 200g (趁厘),腊幅/拌鄂,家绊扁,RAW_MEAT,家 殿缴,踌祸茄快
[配饭柯] 捞海府内 海夸鸥 窍根 勤靛钠 浇扼捞胶 60g,腊幅/拌鄂,啊傍腊(擒/家矫瘤),PROCESSED_MEAT,窍根,配饭柯
[厚框馆蛮] 玫荤盲 圾矾靛,埃祈侥,圾矾靛蒲,RTC_MEAL,玫荤盲 圾矾靛,厚框馆蛮
[磊楷俊蛮] 矫贰扁 等厘惫 700g,埃祈侥,饭飘肺飘,RTC_MEAL,饭飘肺飘,磊楷俊蛮
[夸固夸固] 瓢瓢 矫府倔 2辆 (琶1),惑柯侥前,矫府倔,GRAIN,矫府倔,夸固夸固
"甭橇罚令 拱父滴 (趁悼), 2.7kg, 1俺 15,950盔 (100g寸 591盔) 郴老(老) 货寒 档馒 焊厘 5 (5765) 弥措 798盔 利赋",埃祈侥,趁悼侥前,FROZEN_MEAL,趁悼 父滴,甭橇罚令
"蹿磐蜡 捧官捞飘 俊呈瘤官 历寸, 468g, 1俺 10,860盔 (100g寸 2,321盔) 郴老(老) 档馒 焊厘 5 (1825) 弥措 543盔 利赋",埃侥幅,苞磊/胶臣,SNACK,俊呈瘤官,蹿磐蜡
[宏府胆] 橇尔胶 宏福鸥春 滚磐 200g 2辆 (琶1),蜡力前,滚磐/积农覆,DAIRY,滚磐,宏府胆
[钱公盔] 瘤备侥窜 皋剐滴蜡搁,盲家/邦拱幅,搁幅,GRAIN,滴蜡搁,钱公盔
[固固匙] 措备 魄剐侗汉捞,埃祈侥,剐虐飘,RTC_MEAL,剐虐飘,固固匙
[抛扼肺荤] 努贰侥 酒皋府沫 乔沫颇捞 1000g,埃侥幅,叼历飘/纳捞农,BAKERY,乔沫颇捞,抛扼肺荤
[肺快官勒明] 坷'噶绊 100g,苞老/斑苞幅,苞老,RAW_FRUIT,噶绊,肺快官勒明
[快府滴] 魂剧伙 滴蜡 (190mL X 15器),蜡力前,快蜡/滴蜡,DAIRY,滴蜡,快府滴
[肺肺羔肺] 滴官捞 滤垫 捻虐 (55g X 2俺涝),埃侥幅,叼历飘/纳捞农,BAKERY,滴官捞 滤垫 捻虐,肺肺羔肺
"悼盔 部付荤阿 蜡何檬逛, 150g, 2俺 28%6,960盔 4,980盔 (100g寸 1,660盔) 郴老(老) 货寒 档馒 焊厘 5 (2412) 弥措 249盔 利赋",埃祈侥,溜籍逛,INSTANT,溜籍 蜡何檬逛,悼盔
[没坷] 惫魂 惯酒 甸柄啊风 200g,炼固丰,啊风盒富,SAUCE_SEASONING,甸柄啊风,没坷
[乔内农] 积农覆 墨胶炮扼 150g,埃侥幅,户幅,BAKERY,墨胶炮扼,墨胶炮
[器飘'钒] 磊楷俊 富赴 康堡 曼奔厚 50g (趁悼),荐魂拱,戈摹/扒绢拱,DRIED_SEAFOOD,奔厚,器飘'钒
[柯窍风] 甸柄 配鄂措唱拱,埃祈侥,馆蛮幅,SIMPLE_PROCESSED,配鄂措 唱拱,柯窍风
[叼 官福海肺] 贾萍靛 墨扼羔 檬妮复 喉风 凭 105g,埃侥幅,檬妮复/荤帕,SNACK,檬妮复,叼 官福海肺
[剐档] 胶能 4辆 (琶1),埃侥幅,户幅,BAKERY,胶能,剐档
[秦怕] 橇府明 惯瓤滚磐 34g,蜡力前,滚磐/积农覆,DAIRY,惯瓤 滚磐,秦怕
[剖俊捞飘] 浚促捞宏 焊飘 圾矾靛 虐飘,埃祈侥,剐虐飘,RTC_MEAL,剐虐飘,剖俊捞飘
[KF365] 冕玫侥 催哎厚 2辆 (趁厘) (琶1),埃祈侥,剐虐飘,RTC_MEAL,剐虐飘,KF365
"寝馆 架馆 曹距逛, 210g, 6俺 58%26,880盔 11,120盔 (100g寸 883盔) 郴老(老) 档馒 焊厘 5 (9478) 弥措 556盔 利赋",埃祈侥,溜籍逛,INSTANT,溜籍 距逛,寝馆
"惫郴魂 入寸辟, 3kg, 1俺 7,260盔 (100g寸 242盔) 郴老(老) 货寒 档馒 焊厘 4.5 (296841) 弥措 363盔 利赋",盲家/邦拱幅,盲家,RAW_PRODUCE,寸辟,
[皋辆骏坷] 宏府坷酱 扯抛福 360g,埃侥幅,户幅,BAKERY,宏府坷酱,皋辆骏坷
"扒惫格厘 1964 快蜡, 2俺, 1L 6,400盔 (100ml寸 320盔) 郴老(老) 货寒 档馒 焊厘 5 (251) 弥措 320盔 利赋",蜡力前,快蜡/滴蜡,DAIRY,快蜡,扒惫格厘
[辆啊] 颇辫摹 300g,埃祈侥,馆蛮幅,SIMPLE_PROCESSED,颇辫摹,辆啊
[归汲] 磊老肺胶 汲帕 2辆,炼固丰,炼固丰,SAUCE_SEASONING,磊老肺胶 汲帕,归汲
[钱公盔] 货霓崔霓蜡何檬逛,埃祈侥,剐虐飘,RTC_MEAL,剐虐飘,钱公盔
"啊丑 1+殿鞭鄂栏肺 父电 坷皋啊 备款鄂, 20备, 1俺 2%12,900盔 12,600盔 (1备寸 630盔) 郴老(老) 货寒 档馒 焊厘 5 (64700) 弥措 630盔 利赋",腊幅/拌鄂,拌鄂,RAW_MEAT,备款鄂,啊丑
[急拱技飘] 洒胶颇荐福 榜靛 竣胶飘扼滚柳 棵府宏坷老&厚匙芭 技飘,炼固丰,侥侩蜡/扁抚,SAUCE_SEASONING,棵府宏坷老,洒胶颇荐福
[Picard] 滚几 绊福帮凉扼 鸥福飘 310g,埃侥幅,叼历飘/纳捞农,BAKERY,鸥福飘,Picard
"酒捞矫胶 8.0 ECO 积荐 公扼骇, 2L, 12俺 14%11,200盔 9,600盔 (100ml寸 40盔) 郴老(老) 档馒 焊厘 5 (117915) 弥措 480盔 利赋",澜丰,积荐,BEVERAGE,积荐,酒捞矫胶
"概老快蜡 坷府瘤澄, 900ml, 4俺 11,090盔 (100ml寸 308盔) 郴老(老) 货寒 档馒 焊厘 5 (239437) 弥措 555盔 利赋",蜡力前,快蜡/滴蜡,DAIRY,快蜡,概老
[惑窍丑盔] 荐力 弊副靛 摹令 125g,蜡力前,摹令,DAIRY,摹令,惑窍丑盔
[窍内具] 固聪 绢宫官 2辆,荐魂拱,绢腊啊傍侥前,SIMPLE_PROCESSED,绢宫官,窍内具
[掸付农] 备况冈绰 摹令 坷府瘤澄 125g,蜡力前,摹令,DAIRY,备况冈绰 摹令,掸付农
[匙捞贸呼] 惫郴魂 揭 97% 茄尝电电揭惫荐 家呐 3辆,埃祈侥,扼搁,INSTANT,茄尝电电 揭惫荐,匙捞贸呼
[矫风炼酒] 崔霓茄 曹 归汲扁 2辆 (琶1),埃侥幅,侗,SNACK,归汲扁,归汲
[技固拌] 家陛 催格鉴混 流拳备捞 200g,埃祈侥,剐虐飘,RTC_MEAL,剐虐飘,技固拌
"夸敲饭 扼捞飘 酱欺海府, 80g, 4俺涝, 2俺 6,940盔 (10g寸 108盔) 郴老(老) 货寒 档馒 焊厘 5 (3221) 弥措 347盔 利赋",蜡力前,夸芭飘,DAIRY,夸敲饭,夸敲饭
"VISONHO 侩蓝家陛 阂鉴拱 Zero, 250g, 1俺 且牢43%21,900盔 12,280盔 (100g寸 4,912盔) 郴老(老) 档馒 焊厘 4.5 (3535) 弥措 614盔 利赋",炼固丰,炼固丰,SAUCE_SEASONING,家陛,VISONHO
[付捞畴钢] 历寸 赣胶鸥靛 家胶,炼固丰,剧充/家胶,SAUCE_SEASONING,赣胶鸥靛,付捞畴钢
[茄胶纳劳] 崔霓 坷坊瘤 颇款靛 300g,埃侥幅,叼历飘/纳捞农,BAKERY,颇款靛 纳捞农,茄胶纳劳
"磅磅 角加 胶葛农擒, 1kg, 1俺 5,290盔 (10g寸 53盔) 郴老(老) 货寒 档馒 焊厘 4.5 (1021) 弥措 265盔 利赋",腊幅/拌鄂,啊傍腊(擒/家矫瘤),PROCESSED_MEAT,胶葛农 擒,磅磅
[辫家屈盔规] 蜡炔冈篮 刮拱厘绢柳咀 30器,固殿废 墨抛绊府,扁鸥,UNKNOWN,扁鸥,辫家屈盔规
"去侥 惫魂 蔓焊府揭, 4kg, 1俺 12,980盔 (100g寸 325盔) 郴老(老) 档馒 焊厘 4.5 (3598) 弥措 624盔 利赋",盲家/邦拱幅,揭/棱邦,GRAIN,蔓焊府揭,去侥
[钱公盔] 措父侥 滴蜡 仟爹 滴拳 2涝 (孺寸家胶 器窃),埃侥幅,叼历飘/纳捞农,BAKERY,仟爹,钱公盔
[6促捞醋] 捞海府内 格混 备捞侩 250g,腊幅/拌鄂,蹬瘤绊扁,RAW_MEAT,蹬瘤 格混,6促捞醋
[棵馆] 辫摹汉澜逛 (2俺涝),埃祈侥,饭飘肺飘,RTC_MEAL,饭飘肺飘,棵馆
[溅仟靛] 摹令胶平,埃祈侥,趁悼侥前,FROZEN_MEAL,趁悼 摹令胶平,溅仟靛
[THIJS] 骇瘤救 客敲 (55g X 10俺涝),埃侥幅,叼历飘/纳捞农,BAKERY,客敲,THIJS
[Kim's butcher] 固惫魂 何盲混 措菩 倒倒富捞 500g,腊幅/拌鄂,家绊扁,RAW_MEAT,何盲混,Kim's butcher
"迫藕丑蛆 GAP 牢刘 荐氢固 揭, 漂殿鞭, 5kg, 1俺 27,900盔 (100g寸 558盔) 郴老(老) 档馒 焊厘 5 (15550) 弥措 1,395盔 利赋",盲家/邦拱幅,揭/棱邦,GRAIN,揭,丑蛆
"窍覆 摹挪 胶抛捞农 促府混 (趁厘), 320g, 2俺 9,600盔 (100g寸 1,500盔) 郴老(老) 货寒 档馒 焊厘 5 (2163) 弥措 480盔 利赋",腊幅/拌鄂,催绊扁,RAW_MEAT,催促府混,窍覆 
[措蕊] IQF 巢秦救 奔 500g (趁悼) (啊凯炼府侩),荐魂拱,炼俺/傈汗,RAW_SEAFOOD,奔,措蕊
"汲帕措脚 胶抛厚酒, 1.2kg, 1俺 22%14,900盔 11,570盔 (100g寸 964盔) 郴老(老) 档馒 焊厘 5 (68245) 弥措 579盔 利赋",炼固丰,炼固丰,SAUCE_SEASONING,胶抛厚酒,汲帕措脚
[急拱技飘] 康堡 过己器 疙前奔厚 1龋 950g (抗距老 荐飞),荐魂拱,戈摹/扒绢拱,DRIED_SEAFOOD,奔厚,
[橇肺惑] 蜡扁丑 苛荐荐能,盲家/邦拱幅,盲家,RAW_PRODUCE,苛荐荐,橇肺惑
[惑窍丑盔] 炔配绊备付抹 坷府瘤澄 40g,埃侥幅,苞磊/胶臣,SNACK,绊备付抹,坷府瘤澄
[吩单] 啊唱 橇府固决 付墨促固酒 溅绢蒲 144g,苞老/斑苞幅,斑苞幅,RAW_FRUIT,付墨促固酒,吩单
[踌祸茄快] 公亲积力 1+ 茄快 伙阿混 备捞侩 200g (趁厘),腊幅/拌鄂,家绊扁,RAW_MEAT,伙阿混,踌祸茄快
[荐魂镑埃] 弊矫例 狐昏绢器脾辫 200g,埃侥幅,苞磊/胶臣,SNACK,绢器 胶臣,荐魂镑埃
[嫡备唱公] 魂盲唱拱 厚忽逛 技飘,埃祈侥,剐虐飘,RTC_MEAL,剐虐飘,嫡备唱公
"炔角固啊 惫郴魂 穿奉瘤, 3kg, 1俺 15,900盔 (100g寸 530盔) 郴老(老) 档馒 焊厘 4.5 (28488) 弥措 795盔 利赋",埃侥幅,苞磊/胶臣,SNACK,穿奉瘤,炔角固啊
"胶虐乔 荐欺 没农 乔秤 滚磐, 462g, 1俺 31%10,900盔 7,500盔 (100g寸 1,623盔) 郴老(老) 档馒 焊厘 5 (42203) 弥措 375盔 利赋",蜡力前,滚磐/积农覆,DAIRY,顶尼 滚磐,胶虐乔
"坷汲废 胶平屈 蛮拱踌瞒, 2g, 20俺涝, 1俺 27%9,500盔 6,880盔 (10g寸 1,720盔) 郴老(老) 档馒 焊厘 5 (6777) 弥措 344盔 利赋",澜丰,目乔/瞒,BEVERAGE,踌瞒,坷汲废
[炼急胆府] 炼急龋炮 肺盖平喉扼芥 纳捞农 750g,埃侥幅,叼历飘/纳捞农,BAKERY,纳捞农,炼急胆府
[俊滚厚虐聪] 目乔咐 促捞绢飘 狐龙扼墨畴 (14老盒),固殿废 墨抛绊府,扁鸥,UNKNOWN,扁鸥,俊滚厚虐聪
历藕家 蜡扁丑 龋冠绊备付 1kg,盲家/邦拱幅,盲家,RAW_PRODUCE,龋冠绊备付,
"康剧何眠, 100g, 1俺 4,890盔 (100g寸 4,890盔) 郴老(老) 货寒 档馒 焊厘 5 (8666) 弥措 245盔 利赋",盲家/邦拱幅,盲家,RAW_PRODUCE,何眠,
"惫郴魂 历刮付疵, 150g, 1俺 4,590盔 (100g寸 3,060盔) 郴老(老) 货寒 档馒 焊厘 5 (12038) 弥措 230盔 利赋",盲家/邦拱幅,盲家,RAW_PRODUCE,付疵,
[吩单] 酒阁靛 迫阿 哗哗肺 132g,埃侥幅,苞磊/胶臣,SNACK,酒阁靛 哗哗肺,吩单
[吩单] 酒阁靛檬内杭 46g,埃侥幅,苞磊/胶臣,SNACK,檬内杭,吩单
[秦付风] 颇林 厘窜尼 葡家户 (5俺涝),埃侥幅,户幅,BAKERY,葡户,秦付风
[吩单] 橇府固决 啊唱 付墨促固酒 63g,埃侥幅,檬妮复/荤帕,SNACK,啊唱 檬妮复,吩单
[UCC] 碱捻醋 目乔 靛赋归 7gX 16俺涝 3辆(琶1),澜丰,目乔/瞒,BEVERAGE,目乔 靛赋归,UCC
[碍豪籍 疙牢炼没] 尼裹棍 碍沥 (10g X 8俺),埃侥幅,苞磊/胶臣,SNACK,碍沥,碍豪籍 疙牢炼没
"其甫饭叼贾饭 饭阁 牡叼, 200g, 1俺 8,300盔 (10g寸 415盔) 郴老(老) 档馒 焊厘 5 (17691) 弥措 415盔 利赋",埃侥幅,檬妮复/荤帕,SNACK,饭阁 牡叼,其甫饭叼贾饭
"茄快拱 烹货快 汉澜逛 7俺涝 (趁悼), 2.1kg, 1俺 14,650盔 (100g寸 698盔) 郴老(老) 货寒 档馒 焊厘 5 (629) 弥措 733盔 利赋",埃祈侥,饭飘肺飘,RTC_MEAL,饭飘肺飘,茄快拱
"[Make you Healthy] 竣胶飘扼滚柳 棵府宏坷老 母蕉 (14器, 28器) 2辆 (琶1)",固殿废 墨抛绊府,扁鸥,UNKNOWN,扁鸥,Make you Healthy
舅硅扁 硅眠 1豪,盲家/邦拱幅,盲家,RAW_PRODUCE,硅眠,舅硅扁
[扼骇府] 葫荐 4辆 (琶1),埃侥幅,叼历飘/纳捞农,BAKERY,葫荐,扼骇府
"曼农贰目, 280g, 2俺 24%7,900盔 6,000盔 (10g寸 107盔) 郴老(老) 货寒 档馒 焊厘 5 (7707) 弥措 300盔 利赋",埃侥幅,苞磊/胶臣,SNACK,农贰目,
[拘备沥器瞒] IQF 催 坷档刀 楷榜 剧充备捞 400g,埃祈侥,剐虐飘,RTC_MEAL,剐虐飘,拘备沥器瞒
[歹宏饭靛喉风] 摹酒官鸥 2俺 4辆 (琶1),埃侥幅,户幅,BAKERY,摹酒官鸥,歹宏饭靛喉风
"丑蛆 2025斥 禽揭 碍拳级揭 绊矫洒墨府 归固, 惑殿鞭, 10kg, 1俺 8%49,900盔 45,700盔 (100g寸 457盔) 郴老(老) 档馒 焊厘 4.5 (23745) 弥措 2,285盔 利赋",盲家/邦拱幅,揭/棱邦,GRAIN,揭,丑蛆
[奶肺弊] 淬归茄 泅固 饶饭捞农 550g,惑柯侥前,矫府倔,GRAIN,泅固 饶饭捞农,奶肺弊
[风贾] 全伙 硅档扼瘤馏 20器,固殿废 墨抛绊府,扁鸥,UNKNOWN,扁鸥,风贾
[辫荐荤] 惫魂 霸肺 父电 霸厘 4辆 (琶1),埃祈侥,馆蛮幅,SIMPLE_PROCESSED,霸厘,辫荐荤
[绊贰荤] 胶其既 绢宫 4辆 (琶1),荐魂拱,绢腊啊傍侥前,SIMPLE_PROCESSED,绢宫,绊贰荤
"茄澜固啊 2025斥魂 禽揭 快府揭 归固, 惑殿鞭, 1kg, 1俺 4,580盔 (100g寸 458盔) 郴老(老) 档馒 焊厘 4.5 (30827) 弥措 229盔 利赋",盲家/邦拱幅,揭/棱邦,GRAIN,揭,茄澜固
"舅货快抹, 68g, 4俺 5,360盔 (10g寸 197盔) 郴老(老) 档馒 焊厘 5 (8165) 弥措 268盔 利赋",埃侥幅,苞磊/胶臣,SNACK,舅货快抹,舅货快抹
[嫡备唱公 : 磊楷弊措肺] 烤朝没惫厘,埃祈侥,饭飘肺飘,RTC_MEAL,饭飘肺飘,嫡备唱公
"傈滴蜡 八篮尼 17邦 绊漠椒, 190ml, 24俺 35%15,360盔 9,900盔 (100ml寸 217盔) 郴老(老) 档馒 焊厘 5 (33426) 弥措 495盔 利赋",蜡力前,快蜡/滴蜡,DAIRY,滴蜡,傈滴蜡
[辫备盔急积] 尼唱拱惫 虐飘 2辆,埃祈侥,剐虐飘,RTC_MEAL,剐虐飘,辫备盔急积
[CU 侨诀] 舅泛魂歹焊靛墨饭阁,贱,扁鸥 林幅,ALCOHOL,焊靛墨,
[促矫促] 疙前 榜靛 艰绊扁 96G,炼固丰,炼固丰,SAUCE_SEASONING,促矫促,促矫促
"坷官促 惫郴魂 颊龙坷隆绢 (趁悼), 700g(5~6固), 1俺 17%23,900盔 19,600盔 (100g寸 2,800盔) 郴老(老) 货寒 档馒 焊厘 4.5 (46066) 弥措 925盔 利赋",荐魂拱,坷隆绢/巩绢,RAW_SEAFOOD,坷隆绢,坷官促
"没沥盔 玫老堪 啊绰 家陛, 1kg, 1俺 7,210盔 (100g寸 721盔) 郴老(老) 档馒 焊厘 5 (28340) 弥措 360盔 利赋",炼固丰,炼固丰,SAUCE_SEASONING,玫老堪,没沥盔
[捞格] 惫郴魂 家绊扁 救缴 慢胶抛捞农 200g (趁厘),腊幅/拌鄂,家绊扁,RAW_MEAT,家 救缴,捞格
"辑匡快蜡 A2敲矾胶 快蜡, 1俺, 900ml 3,780盔 (100ml寸 420盔) 郴老(老) 货寒 档馒 焊厘 5 (1356) 弥措 189盔 利赋",蜡力前,快蜡/滴蜡,DAIRY,快蜡,辑匡快蜡
[妮赴胶 促捞醋] 备款 盲家 圾矾靛,埃祈侥,圾矾靛蒲,RTC_MEAL,圾矾靛,妮赴胶 促捞醋
[归汲] 吝仿 剐啊风 1kg,炼固丰,啊风盒富,SAUCE_SEASONING,剐啊风,归汲
"炼牢 惫郴魂 100% 拌鄂 混闭 傈鄂咀 1kg, 1俺 9,990盔 郴老(老) 货寒 档馒 焊厘 5 (75) 弥措 500盔 利赋",腊幅/拌鄂,拌鄂,RAW_MEAT,拌鄂,炼牢
[皋福官] 匙代鄂靛 傈烹 捻虐 5辆 (琶1),埃侥幅,苞磊/胶臣,SNACK,捻虐,皋福官
"秦怕力苞 倔檬 磊悼瞒父甸扁 36g, 2俺 5,000盔 (1技飘寸 2,500盔) 郴老(老) 档馒 焊厘 5 (44) 弥措 250盔 利赋",埃祈侥,剐虐飘,RTC_MEAL,剐虐飘,秦怕力苞
[逢风妇] 快府酒捞 讣篮嚼包 档扼瘤硅 2辆 (琶1),固殿废 墨抛绊府,扁鸥,UNKNOWN,扁鸥,逢风妇
"楷技虐炉 绢赴捞嘎勉 惯瓤蜡 夸备福飘, 80ml, 10俺涝, 1冠胶 6,280盔 (10ml寸 79盔) 郴老(老) 货寒 档馒 焊厘 5 (681) 弥措 314盔 利赋",蜡力前,夸芭飘,DAIRY,夸备福飘,楷技虐炉
剧惑眠 1涝(200g),盲家/邦拱幅,盲家,RAW_PRODUCE,剧惑眠,剧惑眠
[何魂 根角辆啊] 柳茄 荤榜 蹬瘤惫逛,埃祈侥,饭飘肺飘,RTC_MEAL,饭飘肺飘,何魂 根角辆啊
[粮念 胆府固飘] 牧抿府海捞牧 120g,腊幅/拌鄂,啊傍腊(擒/家矫瘤),PROCESSED_MEAT,海捞牧,粮念 胆府固飘
[档力侥户] 府内鸥 摹令 扩磐 饶福明 魂档 (矫琉茄沥),埃侥幅,户幅,BAKERY,魂档,档力侥户
[KF365] 1+ 茄快 剧瘤 耽绢府/技例 2辆 300g (趁悼),腊幅/拌鄂,家绊扁,RAW_MEAT,剧瘤,KF365
[付令] 捞努赋胶 敲矾胶 2辆 (琶1),埃侥幅,檬妮复/荤帕,SNACK,捞努赋胶,付令
[丑蛆浅魂辫摹] 憋滴扁 3kg,埃祈侥,馆蛮幅,SIMPLE_PROCESSED,憋滴扁,丑蛆
[棵覆仟胶] 弊府胶 其鸥 摹令 150g,蜡力前,摹令,DAIRY,其鸥 摹令,棵覆仟胶
[窍急沥] 戈摹 咀粒 800g,炼固丰,炼固丰,SAUCE_SEASONING,戈摹咀粒,窍急沥
[局蕉府] 措颇 力腊 汉澜逛 (2俺涝),埃祈侥,饭飘肺飘,RTC_MEAL,饭飘肺飘,局蕉府
[府滚凝] 胶菩聪浆 顶尼 368g,苞老/斑苞幅,斑苞幅,RAW_FRUIT,顶尼,府滚凝
[窍覆] 曼柳 配辆催 归槛侩 1.1kg (趁厘),腊幅/拌鄂,催绊扁,RAW_MEAT,配辆催,窍覆
[靛聪弊府胶] 蜡扁丑 荤苞侥檬 胶平屈 (15gx20俺涝),炼固丰,剧充/家胶,SAUCE_SEASONING,侥檬,靛聪弊府胶
[农愁扼] 弊贰愁扼 6辆 (琶1),惑柯侥前,矫府倔,GRAIN,弊贰愁扼,农愁扼
"扒惫蜡诀 公亲积力 牢刘 馒茄格厘 快蜡, 750ml, 2俺 6,600盔 (100ml寸 440盔) 郴老(老) 货寒 档馒 焊厘 5 (21605) 弥措 330盔 利赋",蜡力前,快蜡/滴蜡,DAIRY,快蜡,扒惫蜡
[辫家康 酒萍厘狼 救窜抛] 荤配府 坷府瘤澄 骇扼厚鸥畴,蜡力前,摹令,DAIRY,骇扼厚鸥畴 摹令,辫家康 酒萍厘狼 救窜抛
[惑窍格厘] 蜡扁丑 快蜡 历瘤规 900mL,蜡力前,快蜡/滴蜡,DAIRY,历瘤规 快蜡,惑窍格厘
[没见] 烹掳肺 哎酒父电 没敝,炼固丰,剧充/家胶,SAUCE_SEASONING,没敝没,没见
[丑缴] 脚扼搁 歹饭靛 4涝,埃祈侥,扼搁,INSTANT,脚扼搁 歹 饭靛,丑缴
[扒绢拱惑雀] 惫刮 埃侥 付弗坷隆绢 230g (5付府),荐魂拱,戈摹/扒绢拱,DRIED_SEAFOOD,扒坷隆绢,扒绢拱惑雀
[CJ] 漂殿鞭 惫魂尼 模券版 尼唱拱 340g,盲家/邦拱幅,盲家,RAW_PRODUCE,尼唱拱,CJ
[悼盔] Dole 呐俩府 200g 7辆,埃侥幅,檬妮复/荤帕,SNACK,俩府,悼盔
[付捞嘉橇] 慢胶抛捞农,埃祈侥,剐虐飘,RTC_MEAL,剐虐飘,付捞嘉橇
[付风魂] 档撵官唱唱狼 楷牢,埃侥幅,苞磊/胶臣,SNACK,档撵 官唱唱,付风魂
"悼盔 费蜡何檬逛 绊家茄咐, 254g, 2俺 50%15,960盔 7,960盔 郴老(老) 货寒 档馒 焊厘 5 (15899) 弥措 398盔 利赋",埃祈侥,剐虐飘,RTC_MEAL,剐虐飘,悼盔
"蜡扁丑 牢刘 橇府固决 捞蜡侥侩 剧硅眠, 200g, 1俺涝, 1俺 3,480盔 (100g寸 1,740盔) 郴老(老) 货寒 档馒 焊厘 4.5 (427) 弥措 174盔 利赋",盲家/邦拱幅,盲家,RAW_PRODUCE,剧硅眠,蜡扁丑
[带挪档呈明] 固聪 档秤 3辆(琶1),埃侥幅,叼历飘/纳捞农,BAKERY,档秤,带挪档呈明
[疯飘] 农府胶橇 农贰目 150g,埃侥幅,苞磊/胶臣,SNACK,农贰目,疯飘
[酱欺虐模] 公积盲,埃祈侥,馆蛮幅,SIMPLE_PROCESSED,公积盲 唱拱,酱欺虐模
[勒明海矾] 勒明海矾 农贰目 5辆,埃侥幅,苞磊/胶臣,SNACK,农贰目,勒明海矾
"乞芒荐 积荐 公扼骇, 500ml, 60俺 31%23,850盔 16,410盔 (100ml寸 55盔) 郴老(老) 档馒 焊厘 5 (164234) 弥措 820盔 利赋",澜丰,积荐,BEVERAGE,积荐,乞芒荐
蜡扁丑 促柳 矫陛摹 90g x 2涝,盲家/邦拱幅,盲家,RAW_PRODUCE,矫陛摹,蜡扁丑
"厚厚绊 拱父滴 (趁悼), 315g, 2俺 50%14,960盔 7,480盔 (100g寸 1,187盔) 郴老(老) 货寒 档馒 焊厘 5 (49416) 弥措 374盔 利赋",埃祈侥,趁悼侥前,FROZEN_MEAL,趁悼 父滴,厚厚绊
[全风捞哩] 措父 击靛困摹 3俺涝 3辆 (琶1),埃侥幅,户幅,BAKERY,击靛困摹,全风捞哩
[哩瓶饭] IGP 弊扼衬畴 剪 颇胶鸥 搁 7辆 (琶1),盲家/邦拱幅,搁幅,GRAIN,颇胶鸥搁,哩瓶饭
[Fage] 颇抗 夸芭飘 150g 2辆 (琶1),蜡力前,夸芭飘,DAIRY,夸芭飘,Fage
"[曼炼篮健阂辫] 100% 健阂俊 备款辫 咐乐绰辫, 5俺, 30g 4%10,400盔 9,900盔 (10g寸 660盔) 2/11(荐) 档馒 抗沥 4.5 (282) 弥措 495盔 利赋",惑柯侥前,辫/磊馆,DRIED_SEAFOOD,辫,曼炼篮健阂辫
"胶鸥棍胶 窍快胶 喉坊靛 母蕉目乔, 8.5g, 12俺涝, 2俺 15,680盔 (10g寸 769盔) 郴老(老) 档馒 焊厘 5 (64632) 弥措 784盔 利赋",澜丰,目乔/瞒,BEVERAGE,目乔母蕉,胶鸥棍胶
[盔俊捞目剖] 模券版 GAP 捞呕府救 颇浇府 50g,炼固丰,氢脚丰/倾宏,SAUCE_SEASONING,颇浇府,盔俊捞目剖
[力捞虐模] 鉴茄楼厘 侗汉捞 2辆,埃祈侥,剐虐飘,RTC_MEAL,剐虐飘,力捞虐模
[桔葛匙虐模] 倾宏其欺 积楷绢 胶抛捞农 150g (趁厘),埃祈侥,剐虐飘,RTC_MEAL,剐虐飘,桔葛匙虐模
[玫龋浚纳绢] 孺付疵 歹 喉发 70mL 30器,固殿废 墨抛绊府,扁鸥,UNKNOWN,扁鸥,玫龋浚纳绢
[巧墨掂俊福唱胶 X Kurly] 酒福海虐唱 竣胶飘扼 滚柳 棵府宏坷老 500mL,炼固丰,侥侩蜡/扁抚,SAUCE_SEASONING,棵府宏坷老,巧墨掂俊福唱胶 X Kurly
[柳啊匙馆蛮] 催啊娇混 败磊家胶 趁盲,埃祈侥,馆蛮幅,SIMPLE_PROCESSED,趁盲,柳啊匙馆蛮
"钱公盔 客荤厚 公接, 300g, 1俺 3,020盔 (100g寸 1,007盔) 郴老(老) 货寒 档馒 焊厘 5 (8549) 弥措 151盔 利赋",埃祈侥,馆蛮幅,SIMPLE_PROCESSED,接公,钱公盔
[基钎] 全霸 埃厘 830ml,炼固丰,剧充/家胶,SAUCE_SEASONING,秦拱 埃厘,基钎
[付令] 骏矩骏令 喉废 酒阁靛 45g,埃侥幅,檬妮复/荤帕,SNACK,骏浚骏令,付令
"旷柳候配府酒 歹候配府酒 藕魂澜丰 磊根, 500ml, 20俺 捻迄且牢45%20,000盔 10,900盔 (100ml寸 109盔) 郴老(老) 档馒 焊厘 5 (48416) 弥措 545盔 利赋",澜丰,藕魂澜丰,BEVERAGE,歹候配府酒 磊根,旷柳候配府酒
[父唱促] 荤苞器档规匡 250g,苞老/斑苞幅,苞老,RAW_FRUIT,苞老呐,父唱促
[钱公盔促稠] YoPRO 喉风海府 (150g X 2俺),蜡力前,夸芭飘,DAIRY,喉风海府 夸芭飘,钱公盔促稠
[妻技胶] 胶抛厚酒 叼墨其牢 目乔 雇胶 (9g X 30俺),澜丰,目乔/瞒,BEVERAGE,目乔雇胶,妻技胶
[客牢矩葛绢侨诀]俊馆 廓府决胶 1783 胶隔硅摹 750mL ((固惫困胶虐)),贱,扁鸥 林幅,ALCOHOL,困胶虐,
"磅磅 悼拱汗瘤 公亲积力 蜡沥鄂, 1俺, 20备 8,820盔 (1备寸 441盔) 郴老(老) 货寒 档馒 焊厘 4.5 (361) 弥措 441盔 利赋",腊幅/拌鄂,拌鄂,RAW_MEAT,拌鄂,磅磅
[伙腊滴蜡] 八篮尼 滴蜡 颇快摹 (190mL X 20俺),蜡力前,快蜡/滴蜡,DAIRY,滴蜡,伙腊滴蜡
[CJ] 咐焙广 4俺涝,埃侥幅,苞磊/胶臣,SNACK,咐广,CJ
[荐魂镑埃] 坷隆绢 钙馆籍 烹促府,埃侥幅,苞磊/胶臣,SNACK,坷隆绢 胶臣,荐魂镑埃
[没快] 空慢揭 葛唱墨 240g,埃侥幅,叼历飘/纳捞农,BAKERY,葛唱墨,没快
[器胶飘] 能仟扼捞飘 矫府倔 600g,惑柯侥前,矫府倔,GRAIN,能仟扼捞飘,器胶飘
[檬废盔] 蜡扁丑 叠扁离 580g,惑柯侥前,离/胶橇饭靛,SAUCE_SEASONING,叠扁离,檬废盔
"磅磅 茄尝 接公, 150g, 1俺 1,830盔 (100g寸 1,220盔) 郴老(老) 货寒 档馒 焊厘 5 (9300) 弥措 91盔 利赋",埃祈侥,馆蛮幅,SIMPLE_PROCESSED,接公,磅磅
[坷堆扁] UNO 栋冈绰 呐乔磊 3辆 (琶3),埃祈侥,趁悼侥前,FROZEN_MEAL,呐乔磊,坷堆扁
[棵啊] 蜡扁丑 何魔啊风 350g,炼固丰,啊风盒富,SAUCE_SEASONING,何魔啊风,棵啊
[辆啊] 硅眠加 把例捞 500g,埃祈侥,馆蛮幅,SIMPLE_PROCESSED,把例捞,辆啊
[酒萍力] 滚磐 尔弊靛箕 10俺 3辆 (琶1),蜡力前,滚磐/积农覆,DAIRY,滚磐,酒萍力
[官坷淬] 茄涝档扼瘤沥苞 180g,埃侥幅,叼历飘/纳捞农,BAKERY,沥苞,官坷淬
[扑勒] 雇胶俩府 150g,埃侥幅,檬妮复/荤帕,SNACK,俩府,扑勒
[A.C. 欺摹胶] 滚扼捞绢萍 萍归 急拱技飘,澜丰,目乔/瞒,BEVERAGE,萍归,A.C 欺摹胶
"扼扼胶拉 积快蜡 酒捞胶剐农 (趁悼), 474ml, 1俺涝, 1俺 6,320盔 (10ml寸 133盔) 郴老(老) 货寒 档馒 焊厘 5 (3024) 弥措 316盔 利赋",埃侥幅,叼历飘/纳捞农,BAKERY,酒捞胶农覆,扼扼胶拉
[家淬家淬] 茄捣 茄涝 率哎厚 500g (趁悼),腊幅/拌鄂,蹬瘤绊扁,RAW_MEAT,率哎厚,家淬家淬
[厚厚绊] 辫摹汉澜 150g,埃祈侥,馆蛮幅,SIMPLE_PROCESSED,汉澜辫摹,厚厚绊
公丑距 趁悼 楷辟盲 300g,盲家/邦拱幅,盲家,RAW_PRODUCE,楷辟,
[CU 侨诀] 扒颇快歹柳坷府瘤澄,贱,扁鸥 林幅,ALCOHOL,柳,坷府瘤澄
"秦钎 墨愁扼蜡, 500ml, 1俺 38%5,900盔 3,610盔 (100ml寸 722盔) 郴老(老) 货寒 档馒 焊厘 5 (1148) 弥措 180盔 利赋",炼固丰,侥侩蜡/扁抚,SAUCE_SEASONING,墨愁扼蜡,秦钎
[概老蜡诀] 官捞坷 夸芭飘 叠扁 400g,蜡力前,夸芭飘,DAIRY,夸芭飘,概老蜡诀
[父唱促] 蜡扁丑 官唱唱 1.3kg郴寇,苞老/斑苞幅,苞老,RAW_FRUIT,官唱唱,父唱促
[固磊攫聪匙] 踌滴傈 馆磷 (趁悼),埃祈侥,剐虐飘,RTC_MEAL,剐虐飘,固磊攫聪匙
[档力侥户] 府内鸥 摹令 叠扁 魂档 (矫琉茄沥),蜡力前,摹令,DAIRY,府内鸥 摹令,档力侥户
[浅覆仟靛] 官肺冈绰 瘪 馆槛鄂 (2涝x3蒲),腊幅/拌鄂,拌鄂,RAW_MEAT,馆槛鄂,浅覆仟靛
"内促畴 绿标 绊家茄 备况冈绰 摹令 (趁悼), 250g, 1俺涝, 1俺 5,580盔 (10g寸 223盔) 郴老(老) 货寒 档馒 焊厘 5 (3148) 弥措 279盔 利赋",蜡力前,摹令,DAIRY,备况冈绰 摹令,内促畴
[厚厚绊] 矮辫摹 300g,埃祈侥,馆蛮幅,SIMPLE_PROCESSED,矮辫摹,厚厚绊
[匙捞贸呼] 快府揭 97% 揭家搁 300g,盲家/邦拱幅,搁幅,GRAIN,家搁,匙捞贸呼
[救盔寸] 快芭瘤 皑磊帕,埃祈侥,饭飘肺飘,RTC_MEAL,饭飘肺飘,救盔寸
"惫郴魂 局龋冠, 1俺涝, 5俺 11,310盔 (1俺寸 2,262盔) 郴老(老) 货寒 档馒 焊厘 5 (657168) 弥措 565盔 利赋",盲家/邦拱幅,盲家,RAW_PRODUCE,局龋冠,
[力阿阿] 没惑眠 200g,盲家/邦拱幅,盲家,RAW_PRODUCE,没惑眠,力阿阿
[弊扼唱费肺] 何扼鸥 摹令 100g (趁悼),蜡力前,摹令,DAIRY,何扼鸥 摹令,弊扼唱费肺
[丑缴] 概款货快兵 400g (瘤欺归),埃侥幅,苞磊/胶臣,SNACK,货快兵,丑缴
[父唱促] 蜡扁丑 官唱唱 600g,苞老/斑苞幅,苞老,RAW_FRUIT,官唱唱,父唱促
[磊楷俊蛮] 扒颇贰公魔,埃祈侥,馆蛮幅,SIMPLE_PROCESSED,扒颇贰公魔,磊楷俊蛮
[ORGA] 八沥尼 侥户 240g,埃侥幅,户幅,BAKERY,侥户,ORGA
[钱公盔] 悼摹固腊荐 1kg,炼固丰,剧充/家胶,SAUCE_SEASONING,悼摹固 腊荐,钱公盔
[KC] 焙苛荐荐 歹喉能,盲家/邦拱幅,盲家,RAW_PRODUCE,苛荐荐,KC
[惑窍格厘] 付矫绰 蜡扁丑 夸备福飘 (100mL X 5俺),蜡力前,夸芭飘,DAIRY,夸备福飘,惑窍格厘
[固胶萍宏风] 咀惑瞒 (25mL X 20俺涝) 2辆 琶1,澜丰,目乔/瞒,BEVERAGE,瞒,固胶萍宏风
[父唱促] 颇牢器档规匡 250g,苞老/斑苞幅,苞老,RAW_FRUIT,苞老呐,父唱促
[档府柄魔] 7啊瘤 盲家买 矫琉 1 (2牢盒/历寸家胶 器窃),埃祈侥,剐虐飘,RTC_MEAL,剐虐飘,档府柄魔
[辫备盔急积] 厘荐 尼唱拱 600g,盲家/邦拱幅,盲家,RAW_PRODUCE,尼唱拱,辫备盔急积
[捞格] 惫郴魂 家绊扁 殿缴 备捞侩 200g (趁厘),腊幅/拌鄂,家绊扁,RAW_MEAT,家 殿缴,捞格
"磅磅 擒具盲 汉澜逛 (趁悼), 300g, 6俺 35%15,000盔 9,690盔 (100g寸 538盔) 郴老(老) 货寒 档馒 焊厘 4.5 (54618) 弥措 485盔 利赋",埃祈侥,饭飘肺飘,RTC_MEAL,饭飘肺飘,磅磅 
"臂风刨 橇府 厚捞明 酒阁靛啊风 100%, 1俺, 300g 且牢54%21,800盔 9,900盔 (100g寸 3,300盔) 郴老(老) 档馒 焊厘 5 (110) 弥措 495盔 利赋",炼固丰,啊风盒富,SAUCE_SEASONING,酒阁靛 啊风,厚酒明
"钱公盔 坷府浚呕 靛饭教, 115g, 1俺 1%2,200盔 2,160盔 (100g寸 1,878盔) 郴老(老) 货寒 档馒 焊厘 5 (1344) 弥措 108盔 利赋",炼固丰,剧充/家胶,SAUCE_SEASONING,坷府浚呕 家胶,钱公盔
[ISFI] 俏农(饭靛) 其欺圈,炼固丰,氢脚丰/倾宏,SAUCE_SEASONING,饭靛其欺,ISFI
[掂废付风] 掂废 茄捣 格混 500g (趁厘),腊幅/拌鄂,蹬瘤绊扁,RAW_MEAT,蹬瘤 格混,掂废付风
[萍酒矫酒虐模] 海飘巢 揭惫荐 家胶,炼固丰,剧充/家胶,SAUCE_SEASONING,揭惫荐 家胶,萍酒矫酒虐模
"磅磅 绊家茄 奴滴何, 1kg, 2俺 4,810盔 (100g寸 241盔) 郴老(老) 货寒 档馒 焊厘 5 (12155) 弥措 240盔 利赋",盲家/邦拱幅,尼/滴何,SIMPLE_PROCESSED,滴何,磅磅
"父傈辫 绢赴捞 傍锋辫 10p, 20g, 1俺 38%6,500盔 3,990盔 (10g寸 1,995盔) 郴老(老) 档馒 焊厘 5 (559) 弥措 200盔 利赋",惑柯侥前,辫/磊馆,DRIED_SEAFOOD,辫,父傈辫
"墨穿 促农肺胶飘 酒皋府墨畴 盔滴目乔胶平, 1.6g, 70俺涝, 1俺 22,300盔 (10g寸 1,991盔) 郴老(老) 货寒 档馒 焊厘 5 (354) 弥措 1,115盔 利赋",澜丰,目乔/瞒,BEVERAGE,目乔 胶平,墨穿 
[父唱促] 橇饭矫 炼阿 坷坊瘤 2辆,苞老/斑苞幅,苞老,RAW_FRUIT,坷坊瘤,父唱促
[KF365] 1+殿鞭 公亲积力 措鄂 15备,腊幅/拌鄂,拌鄂,RAW_MEAT,拌鄂,KF365
"磊楷脆澜 惫魂 扒侥 揭啊风, 2kg, 1俺 73%32,000盔 8,600盔 (100g寸 430盔) 郴老(老) 档馒 焊厘 4.5 (732) 弥措 430盔 利赋",炼固丰,啊风盒富,SAUCE_SEASONING,揭啊风,磊楷脆澜
[Better me] 催啊娇混 钮宏 3辆 (1蒲/4蒲) (琶1),腊幅/拌鄂,啊傍腊(擒/家矫瘤),PROCESSED_MEAT,催啊娇混 钮宏,Better me
"海瘤剐 厚 崔霓茄 八篮尼 滴蜡, 145ml, 24俺 17,400盔 (100ml寸 500盔) 郴老(老) 档馒 焊厘 5 (47262) 弥措 870盔 利赋",蜡力前,快蜡/滴蜡,DAIRY,滴蜡,海瘤剐
"没沥盔 柳茄 配付配纳慢, 930g, 1俺 且牢8%4,620盔 4,250盔 (100g寸 457盔) 郴老(老) 档馒 焊厘 5 (51782) 弥措 213盔 利赋",炼固丰,剧充/家胶,SAUCE_SEASONING,纳慢,没沥盔
[扼萍宏] 努赴橇肺凭 溅捞农 7器 2辆 (琶1),固殿废 墨抛绊府,扁鸥,UNKNOWN,扁鸥,扼萍宏
"力林棵饭辨 疙前快蜡, 2俺, 900ml 5,290盔 (100ml寸 294盔) 郴老(老) 货寒 档馒 焊厘 5 (5675) 弥措 265盔 利赋",蜡力前,快蜡/滴蜡,DAIRY,快蜡,力林棵饭辨
"海飘巢魂 闰促府货快混 (趁悼), 1俺, 200g(71 / 90) 3,880盔 (100g寸 1,940盔) 郴老(老) 货寒 档馒 焊厘 5 (548) 弥措 194盔 利赋",荐魂拱,货快/霸,RAW_SEAFOOD,货快,
[客牢矩葛绢侨诀]俊馆 廓府决胶 教臂 硅凡 750mL ((固惫困胶虐)),贱,扁鸥 林幅,ALCOHOL,困胶虐,
"没沥盔 蔓柳 积漠惫荐, 450g, 1俺 2,640盔 (100g寸 587盔) 郴老(老) 货寒 档馒 焊厘 5 (30406) 弥措 132盔 利赋",贱,扁鸥 林幅,ALCOHOL,柳,没沥盔
[掸付农] 靛傅欧 夸备福飘 器胶飘 官捞坷平胶 海府雇胶 750mL,蜡力前,夸芭飘,DAIRY,夸备福飘,掸付农
[Kurly's] 1++ 茄快 救缴 备捞 250g (趁厘),腊幅/拌鄂,家绊扁,RAW_MEAT,家 救缴,Kurly's
"磅磅 1殿鞭 惫魂尼 滴何, 300g, 2蒲 3,800盔 (100g寸 633盔) 郴老(老) 货寒 档馒 焊厘 5 (16819) 弥措 190盔 利赋",盲家/邦拱幅,尼/滴何,SIMPLE_PROCESSED,滴何,磅磅
[其捞宏] 教臂坷府柳 俊萍坷乔酒 盔滴 200g,澜丰,目乔/瞒,BEVERAGE,盔滴,其捞宏
[皋臂饭] 颇牢 器记滚磐 (10g X 20俺),蜡力前,滚磐/积农覆,DAIRY,滚磐,皋臂饭
[伙伙拱魂] 巢秦俊辑 柯 官瘤遏混 120g (积拱),荐魂拱,炼俺/傈汗,RAW_SEAFOOD,官瘤遏,伙伙拱魂
"磅磅 茄捣 1殿鞭 哎厚买侩 (趁厘), 1kg, 1蒲 18%19,590盔 15,890盔 (100g寸 1,589盔) 郴老(老) 货寒 档馒 焊厘 4.5 (5380) 弥措 795盔 利赋",腊幅/拌鄂,蹬瘤绊扁,RAW_MEAT,哎厚买侩 蹬瘤绊扁,磅磅
[窍客捞救龋胶飘] 钙胶 檬妮复 拿泛记 2辆 (琶1),埃侥幅,檬妮复/荤帕,SNACK,檬妮复,窍客捞救龋胶飘
[胶圃] 悼弊鄂 胶圃 160g,腊幅/拌鄂,啊傍腊(擒/家矫瘤),PROCESSED_MEAT,悼弊鄂 胶圃,胶圃
"橇府绊 摹令庆靛 胶飘傅 摹令 酒捞胶冠胶 器厘, 1.36kg, 1俺 且牢4%21,440盔 20,440盔 (10g寸 150盔) 2/11(荐) 档馒 抗沥 4.5 (7683) 弥措 1,022盔 利赋",蜡力前,摹令,DAIRY,胶飘傅 摹令,橇府绊
[官抚剖] 模券版 历刮 付疵 50g,盲家/邦拱幅,盲家,RAW_PRODUCE,付疵,官抚剖
"公鉴, 60g, 1俺 1,170盔 (100g寸 1,950盔) 郴老(老) 货寒 档馒 焊厘 5 (34892) 弥措 59盔 利赋",盲家/邦拱幅,盲家,RAW_PRODUCE,公鉴,公鉴
"惫郴魂 模券版 剧硅眠, 1烹, 1俺 3,450盔 (1俺寸 3,450盔) 郴老(老) 货寒 档馒 焊厘 4.5 (98486) 弥措 173盔 利赋",盲家/邦拱幅,盲家,RAW_PRODUCE,剧硅眠,
"讣篮拱俊 锰滴何, 500g, 2俺 3,190盔 (100g寸 319盔) 郴老(老) 货寒 档馒 焊厘 5 (28719) 弥措 160盔 利赋",盲家/邦拱幅,尼/滴何,SIMPLE_PROCESSED,滴何,讣篮拱俊
[侗固寸] 备浇曹侗 500g,埃侥幅,侗,SNACK,曹侗,侗固寸
[CU 侨诀] 虐捻付荤公匙 霖付捞内快,贱,扁鸥 林幅,ALCOHOL,荤纳,
"牢档魂 闰促府 货快混 部府 绝澜 (趁悼), 1俺, 300g(31~50) 6,990盔 (100g寸 2,330盔) 郴老(老) 货寒 档馒 焊厘 5 (352) 弥措 350盔 利赋",荐魂拱,货快/霸,RAW_SEAFOOD,货快,
[巢剧] 咐乐绰快蜡 GT 绊家茄 遏配橇府 900mL X 2俺,蜡力前,快蜡/滴蜡,DAIRY,遏配橇府 快蜡,巢剧
[丑蛆浅魂辫摹] 公富珐捞 1kg,盲家/邦拱幅,盲家,RAW_PRODUCE,公富珐捞,丑蛆浅魂辫摹
[巢剧] 蜡扁丑 捞坷 夸备福飘 80mL X 5涝,蜡力前,夸芭飘,DAIRY,夸备福飘,巢剧
[KF365] IQF 催促府混 (趁悼) 1kg,腊幅/拌鄂,催绊扁,RAW_MEAT,催促府混,KF365
"哎官聪 府内鸥 摹令, 425g, 1俺涝, 1俺 10,940盔 (10g寸 257盔) 郴老(老) 货寒 档馒 焊厘 4.5 (21756) 弥措 547盔 利赋",蜡力前,摹令,DAIRY,府内鸥 摹令,哎官聪
"矮剐农 戈闭快蜡, 1L, 12俺 1%17,000盔 16,800盔 (100ml寸 140盔) 2/10(拳) 档馒 抗沥 5 (20666) 弥措 840盔 利赋",蜡力前,快蜡/滴蜡,DAIRY,快蜡,矮剐农
"磅磅 皑磊傈盒捞 99% 甸绢埃 绿标茄 皑磊啊风, 550g, 1俺 24%3,900盔 2,930盔 (100g寸 533盔) 郴老(老) 货寒 档馒 焊厘 5 (150) 弥措 146盔 利赋",炼固丰,啊风盒富,SAUCE_SEASONING,皑磊傈盒,磅磅
"钙缴 葛墨榜靛 付老靛 目乔, 175g, 1俺涝, 1俺 13,100盔 (10g寸 749盔) 郴老(老) 档馒 焊厘 5 (17978) 弥措 655盔 利赋",澜丰,目乔/瞒,BEVERAGE,目乔雇胶,钙缴
[SEMIWON] 货快 肯帕,埃祈侥,剐虐飘,RTC_MEAL,剐虐飘,SEMIWON
"[丑蛆] [25斥魂 寝邦] 碍盔 脚覆丑蛆 惫魂 没瞒炼 (瞒良揭), 1俺, 500g 9%11,500盔 10,430盔 (100g寸 2,086盔) 郴老(老) 档馒 焊厘 4.5 (79) 弥措 449盔 利赋",盲家/邦拱幅,揭/棱邦,GRAIN,揭,丑蛆
"寝馆 呐馆 摹挪付夸 丹逛, 233g, 2俺 41%9,960盔 5,800盔 (100g寸 1,245盔) 郴老(老) 货寒 档馒 焊厘 5 (535) 弥措 290盔 利赋",埃祈侥,溜籍逛,INSTANT,溜籍 呐逛,寝馆 
"胶鸥棍胶 倒眉备胶配 海鄂促 喉坊靛 母蕉目乔, 8.5g, 12俺涝, 1俺 7,990盔 (10g寸 783盔) 郴老(老) 档馒 焊厘 5 (25818) 弥措 400盔 利赋",澜丰,目乔/瞒,BEVERAGE,目乔母蕉,胶鸥棍胶
[巢剧] 咐乐绰快蜡 GT (200mL X 24俺),蜡力前,快蜡/滴蜡,DAIRY,快蜡,巢剧
[钱公盔] 吵累瘤咙父滴 350g X 2俺涝,埃祈侥,趁悼侥前,FROZEN_MEAL,趁悼 父滴,钱公盔
"内墨妮扼 力肺 公扼骇, 370ml, 6俺 10%8,900盔 7,980盔 (100ml寸 359盔) 郴老(老) 档馒 焊厘 5 (11705) 弥措 399盔 利赋",澜丰,藕魂澜丰,BEVERAGE,内墨妮扼 力肺,内墨妮扼
"墨穿 官府胶鸥 赣脚 傈侩 母蕉目乔 纳绢傅胶鸥 叼墨其牢, 9.5g, 10俺涝, 1俺 12%7,900盔 6,900盔 (10g寸 726盔) 郴老(老) 档馒 焊厘 5 (4376) 弥措 345盔 利赋",澜丰,目乔/瞒,BEVERAGE,目乔母蕉,墨穿
[悼盔] 弊副府 流拳 胆府擒?450g,腊幅/拌鄂,啊傍腊(擒/家矫瘤),PROCESSED_MEAT,擒,悼盔
"磅磅 汉澜 顶尼盒怕, 1kg, 1俺 37%13,900盔 8,740盔 (100g寸 874盔) 郴老(老) 档馒 焊厘 5 (615) 弥措 437盔 利赋",炼固丰,啊风盒富,SAUCE_SEASONING,顶尼 盒怕,磅磅
"措覆急 舅躲 绢宫荤阿, 1kg, 1俺 4,500盔 (100g寸 450盔) 郴老(老) 货寒 档馒 焊厘 4.5 (1803) 弥措 225盔 利赋",荐魂拱,绢腊啊傍侥前,SIMPLE_PROCESSED,绢宫,措覆急
[瘤府魂贸烦] 青汗茄 沥篮揪狼 八篮 汉澜曼柄 150g,盲家/邦拱幅,揭/棱邦,GRAIN,曼柄,瘤府魂贸烦
"DIAMOND 趁悼 闰促府 货快混 30付府 (趁悼), 300g, 3蒲 19,850盔 (100g寸 2,206盔) 郴老(老) 货寒 档馒 焊厘 5 (6329) 弥措 993盔 利赋",荐魂拱,货快/霸,RAW_SEAFOOD,货快,DIAMOND
"采霸尔 坷府瘤澄, 70g, 4俺 4,800盔 (10g寸 171盔) 郴老(老) 档馒 焊厘 5 (8050) 弥措 240盔 利赋",埃侥幅,苞磊/胶臣,SNACK,采霸尔,丑缴
[皑内府酒] 谤皑 斤 5辆 叼历飘 基敲矾,埃侥幅,叼历飘/纳捞农,BAKERY,谤皑,皑内府酒
"坷堆扁 绊家茄 揭 肚鹅酒 瘤抚 20cm, 40g, 6俺涝, 1俺 3,810盔 (10g寸 159盔) 郴老(老) 货寒 档馒 焊厘 5 (26595) 弥措 190盔 利赋",埃侥幅,户幅,BAKERY,肚鹅酒,坷堆扁
[父唱促] 橇饭矫 炼阿 坷坊瘤 600g,苞老/斑苞幅,苞老,RAW_FRUIT,坷坊瘤,父唱促
蜡扁丑 棱邦 辑府怕 500g,盲家/邦拱幅,揭/棱邦,GRAIN,辑府怕,
"归汲 吝仿 剐啊风, 1kg, 2俺 16%3,680盔 3,060盔 (100g寸 153盔) 郴老(老) 档馒 焊厘 5 (27223) 弥措 153盔 利赋",炼固丰,啊风盒富,SAUCE_SEASONING,剐啊风,归汲
[钓飘 3老] 乔摹咐 锅 (30老盒),固殿废 墨抛绊府,扁鸥,UNKNOWN,扁鸥,钓飘 3老
[急拱技飘] 槛己档 茄捣 孺蹬瘤 备捞 技飘 1.4kg (哎摹加粒 刘沥),腊幅/拌鄂,蹬瘤绊扁,RAW_MEAT,蹬瘤绊扁 葛狄,
"力林 棵饭辨 疙前 快蜡, 900ml, 2俺 5,900盔 (100ml寸 328盔) 郴老(老) 货寒 档馒 焊厘 5 (9855) 弥措 295盔 利赋",蜡力前,快蜡/滴蜡,DAIRY,快蜡,力林 棵饭辨
"秦怕力苞 坷抗胶 捻虐矩农覆, 360g, 1俺 4,400盔 (10g寸 122盔) 郴老(老) 货寒 档馒 焊厘 5 (610) 弥措 220盔 利赋",埃侥幅,苞磊/胶臣,SNACK,坷抗胶,秦怕力苞
[棵饭辨] 力林 葛楼芳扼 胶飘傅 摹令 (100g X 2俺),蜡力前,摹令,DAIRY,胶飘傅 摹令,棵饭辨
[急拱技飘] 傈烹林 措措肺 柳档全林_3斥槛己 (40档 700mL),贱,傈烹林,ALCOHOL,刘幅 家林,傈烹林
"坷堆扁 氢边茄 甸扁抚, 320ml, 1俺 27%15,880盔 11,450盔 (10ml寸 358盔) 郴老(老) 档馒 焊厘 5 (18949) 弥措 573盔 利赋",炼固丰,侥侩蜡/扁抚,SAUCE_SEASONING,甸扁抚,坷堆扁
"磅磅 茄捣 殿缴 墨饭侩 (趁厘), 600g, 2蒲 33%28,380盔 18,770盔 (100g寸 1,564盔) 郴老(老) 货寒 档馒 焊厘 5 (36895) 弥措 939盔 利赋",腊幅/拌鄂,蹬瘤绊扁,RAW_MEAT,蹬瘤 殿缴,磅磅
"揪弊伐 敲饭牢 藕魂荐 公扼骇, 350ml, 24俺 11,870盔 (100ml寸 141盔) 郴老(老) 档馒 焊厘 5 (10239) 弥措 594盔 利赋",澜丰,藕魂澜丰,BEVERAGE,揪弊伐,揪弊伐
[窍捞器农] 公亲积力 茄捣 缔促府 力腊侩 300g (趁厘),腊幅/拌鄂,蹬瘤绊扁,RAW_MEAT,缔促府混,窍捞器农
[籍包悼 侗汉捞] 坷府瘤澄 侗汉捞 1豪/2豪(琶1),埃祈侥,剐虐飘,RTC_MEAL,剐虐飘,籍包悼 侗汉捞
[蹿磐宏扼捞攫] 汗件酒咐备固 厚鸥刮C&D 3000 (33老盒),固殿废 墨抛绊府,扁鸥,UNKNOWN,扁鸥,蹿磐宏扼捞攫
[弊腐单捞] 矫唱阁 弊贰愁扼 150g,惑柯侥前,矫府倔,GRAIN,弊贰愁扼,弊腐单捞
"绊贰荤绢宫 惫帕侩 辆钦 绢宫, 450g, 1蒲 8,500盔 (100g寸 1,889盔) 郴老(老) 货寒 档馒 焊厘 5 (35146) 弥措 380盔 利赋",埃祈侥,饭飘肺飘,RTC_MEAL,饭飘肺飘,绊贰荤
"胶圃 催啊娇混, 200g, 3俺 58%16,980盔 7,130盔 (10g寸 119盔) 郴老(老) 货寒 档馒 焊厘 5 (454) 弥措 356盔 利赋",惑柯侥前,曼摹/胶圃牡,CANNED,胶圃 催啊娇混,胶圃
[嘉橇檬捞胶] 悼弊尔动 1kg (趁厘),埃祈侥,饭飘肺飘,RTC_MEAL,饭飘肺飘,嘉橇檬捞胶
[宏饭错内] 积力福竿 捻虐 6辆 技飘 640g,埃侥幅,苞磊/胶臣,SNACK,捻虐,宏饭错内
[CJ] 疙啊 颇贰辫 16豪,惑柯侥前,辫/磊馆,DRIED_SEAFOOD,辫,CJ
"茄澜固啊 泅固, 3kg, 1俺 10,800盔 (100g寸 360盔) 郴老(老) 档馒 焊厘 4.5 (2151) 弥措 540盔 利赋",盲家/邦拱幅,揭/棱邦,GRAIN,泅固,茄澜固啊
[付福萍匙令] 技扼畴 檬府炼 250g,腊幅/拌鄂,啊傍腊(擒/家矫瘤),PROCESSED_MEAT,檬府炼,付福萍匙令
"模券版 瘪剧颇, 300g, 1俺 2,930盔 (100g寸 977盔) 郴老(老) 货寒 档馒 焊厘 5 (12864) 弥措 146盔 利赋",盲家/邦拱幅,盲家,RAW_PRODUCE,剧颇,
[老府] 杭靛 肺胶飘 胶平目乔 4辆 (琶1),澜丰,目乔/瞒,BEVERAGE,目乔啊风,老府
"丑缴 剧颇傅 坷府瘤澄, 80g, 3俺 3,960盔 (10g寸 165盔) 郴老(老) 货寒 档馒 焊厘 5 (2221) 弥措 198盔 利赋",埃侥幅,苞磊/胶臣,SNACK,剧颇傅,丑缴
[海瘤剐] 绊窜归 滴蜡 八篮尼 (190mL X 16俺),蜡力前,快蜡/滴蜡,DAIRY,滴蜡,海瘤剐
[歹 箕柠抛府酒] 橇肺酱配,腊幅/拌鄂,啊傍腊(擒/家矫瘤),PROCESSED_MEAT,橇肺酱配,歹 箕柠抛府酒
[CJ] 咐广 4俺涝,埃侥幅,苞磊/胶臣,SNACK,咐广,CJ
历藕家 蜡扁丑 窍捞酒固 揭 4kg,盲家/邦拱幅,揭/棱邦,GRAIN,揭,
[坷促促] 酱啊钠乔萍 (3g X 24俺),固殿废 墨抛绊府,扁鸥,UNKNOWN,扁鸥,坷促促
[葛滴狼侥窜] 催啊娇混 啊己厚 措侩樊 烹 催啊娇混 5辆,腊幅/拌鄂,催绊扁,RAW_MEAT,催啊娇混,葛滴狼侥窜
[绊贰林规] 悼臂悼臂 葛剧 侗汉捞,埃祈侥,剐虐飘,RTC_MEAL,剐虐飘,绊贰林规
"茄剧侥前 坷隆绢 剪促府, 20g, 10俺 26%19,900盔 14,550盔 (100g寸 7,275盔) 郴老(老) 货寒 档馒 焊厘 5 (5396) 弥措 728盔 利赋",埃侥幅,苞磊/胶臣,SNACK,剪促府,茄剧侥前
[悼拳距前] 何盲钎 硅矾饭胶飘 钓(Deep) 10沥,固殿废 墨抛绊府,扁鸥,UNKNOWN,扁鸥,悼拳距前
[8档器瞒] 措备侥 概款 楷藕蹬瘤阂绊扁,埃祈侥,剐虐飘,RTC_MEAL,剐虐飘,8档器瞒
"茄快妇 茄快 救缴 1殿鞭 备捞侩 (趁厘), 200g, 1俺 29%35,760盔 25,330盔 (100g寸 12,665盔) 1,000盔 客快 啊涝 捻迄 郴老(老) 货寒 档馒 焊厘 4.5 (331) 弥措 1,216盔 利赋",腊幅/拌鄂,家绊扁,RAW_MEAT,家 救缴,茄快妇
[辫备盔急积] 厘窜尼栏肺 父电 没惫厘,炼固丰,剧充/家胶,SAUCE_SEASONING,没惫厘,辫备盔急积
"掸付农 家拳啊 肋登绰 快蜡, 2.3L, 1俺 6,650盔 (100ml寸 289盔) 郴老(老) 货寒 档馒 焊厘 5 (36598) 弥措 333盔 利赋",蜡力前,快蜡/滴蜡,DAIRY,快蜡,
[父配官] 酒焊墨档 坷老 胶橇饭捞 200mL,炼固丰,侥侩蜡/扁抚,SAUCE_SEASONING,酒焊墨档 坷老,父配官
[加檬秦前] 坷隆绢粒 2辆 (琶1),埃祈侥,馆蛮幅,SIMPLE_PROCESSED,坷隆绢粒哎,加檬秦前
"惑窍格厘 蜡扁丑牢刘 快蜡, 750ml, 2俺 9,630盔 (100ml寸 642盔) 郴老(老) 货寒 档馒 焊厘 5 (66263) 弥措 481盔 利赋",蜡力前,快蜡/滴蜡,DAIRY,快蜡,惑窍格厘
"力林绢何 力林 埃绊殿绢 (趁悼), 5蒲, 120g 14,900盔 (100g寸 2,483盔) 郴老(老) 货寒 档馒 焊厘 4.5 (3698) 弥措 695盔 利赋",埃祈侥,饭飘肺飘,RTC_MEAL,饭飘肺飘,力林绢何
"啊啊龋龋 2025斥魂 禽揭 快器 蝶坷扁揭 归固, 3kg, 1俺, 惑殿鞭 10,800盔 (100g寸 360盔) 郴老(老) 档馒 焊厘 4.5 (20482) 弥措 540盔 利赋",盲家/邦拱幅,揭/棱邦,GRAIN,揭,啊啊龋龋
[柳啊匙馆蛮] 曼摹辫摹骂俺,埃祈侥,饭飘肺飘,RTC_MEAL,饭飘肺飘,柳啊匙馆蛮
[器飘'钒] 辑秦救 颊龙 悼磷炼俺混 200g (趁悼),荐魂拱,炼俺/傈汗,RAW_SEAFOOD,悼磷炼俺,器飘'钒
"鉴芒泵 怕剧檬 榜靛 绊眠厘, 500g, 1俺 56%8,500盔 3,720盔 (100g寸 744盔) 郴老(老) 货寒 档馒 焊厘 5 (7055) 弥措 186盔 利赋",炼固丰,剧充/家胶,SAUCE_SEASONING,绊眠厘,泵
[概老] 酒阁靛宏府令 950mL 2辆 (琶1),蜡力前,快蜡/滴蜡,DAIRY,酒阁靛宏府令,概老
"馒茄惑痢 备荐窍霸 产咯冈绰 架堆脖 穿奉瘤, 3kg, 1俺 14%21,000盔 17,900盔 (100g寸 597盔) 郴老(老) 货寒 档馒 焊厘 4.5 (15767) 弥措 895盔 利赋",埃侥幅,苞磊/胶臣,SNACK,穿奉瘤,馒茄惑痢
[沥固家] 厚窜揭 2kg,盲家/邦拱幅,揭/棱邦,GRAIN,揭,沥固家
[崔备瘤阜芒] 付疵绕力阜芒,埃祈侥,饭飘肺飘,RTC_MEAL,饭飘肺飘,崔备瘤阜芒
[畴酒海捞目府] 居陛前篮 葛墨户 280g,埃侥幅,户幅,BAKERY,葛墨户,畴酒海捞目府
"钙缴 叼墨其牢 目乔雇胶, 11.8g, 100俺涝, 1俺 19,770盔 (10g寸 168盔) 郴老(老) 货寒 档馒 焊厘 5 (1298) 弥措 989盔 利赋",澜丰,目乔/瞒,BEVERAGE,目乔雇胶,钙缴
[胶拉闺繁胶] 单况冈绰 柯圾矾靛 4辆 (琶1),埃祈侥,圾矾靛蒲,RTC_MEAL,圾矾靛,胶拉闺繁胶
[概老] 酒阁靛宏府令 酒阁靛&坷飘 (190mL X 24俺),蜡力前,快蜡/滴蜡,DAIRY,酒阁靛宏府令,概老
"丑缴 穿奉瘤扑, 142g, 2俺 5,160盔 (10g寸 182盔) 郴老(老) 货寒 档馒 焊厘 5 (1245) 弥措 258盔 利赋",埃侥幅,苞磊/胶臣,SNACK,穿奉瘤,丑缴
[概老蜡诀] 官唱唱绰 盔贰 咐乐促 (190mL X 6俺),蜡力前,快蜡/滴蜡,DAIRY,官唱唱 快蜡,概老
[力林付固] 力林魂 厚柯第 绊荤府 200g X 2涝,盲家/邦拱幅,盲家,RAW_PRODUCE,绊荤府,力林付固
[棵府] 疙牢 蜡扁揭炼没 480g (惫郴魂 蜡扁丑揭),炼固丰,剧充/家胶,SAUCE_SEASONING,炼没,棵府
荐氢固 柳傍固 3kg,盲家/邦拱幅,揭/棱邦,GRAIN,揭,荐氢固
付 500g,盲家/邦拱幅,盲家,RAW_PRODUCE,付,
[酱欺虐模] 舅付疵,盲家/邦拱幅,盲家,RAW_PRODUCE,付疵,酱欺虐模
[伎泛胶] 橇肺凭 澜丰 2辆 (琶1),固殿废 墨抛绊府,扁鸥,UNKNOWN,扁鸥,伎泛胶
[固飘浚炼捞] 固惫魂 橇扼烙 殿缴 胶抛捞农 300g(趁厘),腊幅/拌鄂,家绊扁,RAW_MEAT,家 殿缴,固飘浚炼捞
橇府固决 牢扁 腊器 厚镁氢 葛酒焊扁 8辆 (琶1),腊幅/拌鄂,啊傍腊(擒/家矫瘤),PROCESSED_MEAT,腊器,
[官促秦] 磊楷扒炼 炔怕盲 2辆,荐魂拱,戈摹/扒绢拱,DRIED_SEAFOOD,炔怕,官促秦
"磅磅 倒倒捞 公楷榜 措菩 伙般混 (趁悼), 500g, 1俺 26%8,990盔 6,590盔 (100g寸 1,318盔) 郴老(老) 货寒 档馒 焊厘 4.5 (3460) 弥措 330盔 利赋",腊幅/拌鄂,蹬瘤绊扁,RAW_MEAT,措菩 伙般混,磅磅
[坷疵官促] 傈汗霸快厘 架逛,埃祈侥,饭飘肺飘,RTC_MEAL,饭飘肺飘,坷疵官促
[窍内具] 坷府瘤澄 绢宫 快悼(2牢),荐魂拱,绢腊啊傍侥前,SIMPLE_PROCESSED,绢宫,窍内具
"[急拱技飘] 器飘'钒 肯档 劝傈汗 26~28付府 1.4kg (吝,积拱)(抗距老 荐飞)",荐魂拱,炼俺/傈汗,RAW_SEAFOOD,傈汗,器飘'钒
"磅磅 舅躲滴何, 800g, 1蒲 1,990盔 (100g寸 249盔) 郴老(老) 货寒 档馒 焊厘 5 (62334) 弥措 100盔 利赋",盲家/邦拱幅,尼/滴何,SIMPLE_PROCESSED,滴何,磅磅
[固磊攫聪匙] 固开临扁汉澜,埃祈侥,馆蛮幅,SIMPLE_PROCESSED,固开临扁 汉澜,固磊攫聪匙
[傈烹林]拘备沥阜吧府 盔 辫犁吝阜吧府(14档 375mL),贱,傈烹林,ALCOHOL,阜吧府,傈烹林
[棵馆] 货快汉澜逛 (4俺涝),埃祈侥,饭飘肺飘,RTC_MEAL,饭飘肺飘,棵馆
"歹固侥 坷隆绢扼搁 130g, 4俺 21%8,800盔 6,880盔 (1俺寸 1,720盔) 郴老(老) 档馒 焊厘 4.5 (8692) 弥措 344盔 利赋",埃祈侥,扼搁,INSTANT,坷隆绢扼搁,歹固侥
[何福夯] 其捧摹匙 俩府 3辆,埃侥幅,檬妮复/荤帕,SNACK,俩府,何福夯
[磊楷角废] 公亲积力 积催 850g,腊幅/拌鄂,催绊扁,RAW_MEAT,积催,磊楷角废
"夸敲饭 ONLY 3 敲饭牢 夸芭飘 措侩樊, 1.8L, 1俺涝, 1俺 18%8,980盔 7,350盔 (10ml寸 41盔) 郴老(老) 货寒 档馒 焊厘 5 (29446) 弥措 368盔 利赋",蜡力前,夸芭飘,DAIRY,夸芭飘,夸敲饭
[快林] 欧痢焊 积货快混 200g (趁悼) (16/20 荤捞令),荐魂拱,货快/霸,RAW_SEAFOOD,货快,快林
[皋叼飘府] 霓何 颇牢局敲 瓤家 30器,固殿废 墨抛绊府,扁鸥,UNKNOWN,扁鸥,皋叼飘府
[窍覆] 酒捞肺款 扑能摹挪 500g,埃祈侥,趁悼侥前,FROZEN_MEAL,趁悼 扑能摹挪,窍覆
[皋辆靛炼俊] 农府胶付胶 捻虐 技飘 2辆 (琶1),埃侥幅,苞磊/胶臣,SNACK,捻虐,皋辆靛炼俊
"固盔 咐家陛, 1kg, 1俺 1%4,180盔 4,120盔 (100g寸 412盔) 郴老(老) 档馒 焊厘 5 (82879) 弥措 206盔 利赋",炼固丰,炼固丰,SAUCE_SEASONING,咐家陛,固盔
"窍府焊 皋啊颇萍 俩府 14俺涝, 250g, 1俺 4,900盔 (10g寸 196盔) 郴老(老) 档馒 焊厘 5 (2836) 弥措 245盔 利赋",埃侥幅,檬妮复/荤帕,SNACK,俩府,窍府焊
"钙缴 葛墨榜靛 扼捞飘 目乔雇胶, 11.8g, 160俺涝, 1俺 25,110盔 (10g寸 133盔) 郴老(老) 档馒 焊厘 5 (23534) 弥措 1,255盔 利赋",澜丰,目乔/瞒,BEVERAGE,目乔雇胶,钙缴
"坷隆绢芦煌 呐 67g, 6俺 5,700盔 (1俺寸 950盔) 郴老(老) 档馒 焊厘 5 (35164) 弥措 285盔 利赋",埃祈侥,扼搁,INSTANT,坷隆绢 芦煌,丑缴
"嫡瘤趁搁 悼摹固 拱趁搁 161g, 4俺 3,060盔 (1俺寸 765盔) 2/13(陛) 档馒 抗沥 5 (21073) 弥措 153盔 利赋",埃祈侥,剐虐飘,RTC_MEAL,剐虐飘,嫡瘤趁搁
"啊摹瘤篮 惫郴魂 归苛 慢揭, 3kg, 1俺 10,800盔 (100g寸 360盔) 郴老(老) 档馒 焊厘 4.5 (3407) 弥措 540盔 利赋",盲家/邦拱幅,揭/棱邦,GRAIN,慢揭,啊摹瘤篮
[瞒舅] 瞒倒 付扼帕搁,埃祈侥,剐虐飘,RTC_MEAL,剐虐飘,瞒舅
[钱公盔] 畴咖瘤 其欺肺聪 霓厚匙捞记乔磊,埃祈侥,趁悼侥前,FROZEN_MEAL,趁悼 乔磊,钱公盔
[CU 侨诀] 航海捞荤颇捞绢,贱,扁鸥 林幅,ALCOHOL,柳,
"荤炼橇饭矫固飘 荐涝 捣哎厚 买侩 3 x 3 x 3 cm (趁悼), 1kg, 3俺 29,910盔 (100g寸 997盔) 郴老(老) 货寒 档馒 焊厘 4.5 (3831) 弥措 1,495盔 利赋",腊幅/拌鄂,蹬瘤绊扁,RAW_MEAT,蹬瘤哎厚,荤炼橇饭矫固飘
[辑匡付丛] 埃祈 侗备捞 (2俺涝/4俺涝) 6辆 (琶1),埃侥幅,侗,SNACK,侗备捞,辑匡付丛
[飘府捧官] 郴抿凡 怕喉复 檬妮复 5辆 (琶1),埃侥幅,檬妮复/荤帕,SNACK,檬妮复,飘府捧官
[皋捞霖春飘府] 颇牢局敲瓤家 宏肺羔扼牢 诀 80父 开啊荐摹 30器,固殿废 墨抛绊府,扁鸥,UNKNOWN,扁鸥,皋捞霖春飘府
[官抚剖] 荐盒 啊垫 橇饭矫 啊电 圾矾靛 150g,埃祈侥,圾矾靛蒲,RTC_MEAL,圾矾靛,官抚剖
[酱欺虐模] 楷辟孺烙磊滚公府,埃祈侥,馆蛮幅,SIMPLE_PROCESSED,楷辟 公魔,酱欺虐模
[肺锯坷瞒靛] 瞒 急拱技飘 3辆 (琶1),澜丰,目乔/瞒,BEVERAGE,瞒,肺锯坷瞒靛
"汲己格厘 茄捣 绊眠厘 力腊汉澜, 1俺, 600g 8,900盔 (100g寸 1,483盔) 郴老(老) 货寒 档馒 焊厘 4.5 (1130) 弥措 395盔 利赋",埃祈侥,剐虐飘,RTC_MEAL,剐虐飘,汲己格厘
[竣胶刨靛] BCAA 臂饭捞既 弊饭捞橇 器档咐 30雀盒,固殿废 墨抛绊府,扁鸥,UNKNOWN,扁鸥,竣胶刨靛
[寝混绷绰笼] 快府具盲侥户 280g,埃侥幅,户幅,BAKERY,侥户,寝混绷绰笼
"惫郴魂 并蕾, 60g, 1蒲 1,980盔 (100g寸 3,300盔) 郴老(老) 货寒 档馒 焊厘 4.5 (30343) 弥措 99盔 利赋",盲家/邦拱幅,盲家,RAW_PRODUCE,并蕾,
"伙赋 肺父剐 烹剐侥户, 420g, 2俺涝, 1技飘 6,300盔 (10g寸 75盔) 郴老(老) 货寒 档馒 焊厘 5 (209228) 弥措 315盔 利赋",埃侥幅,户幅,BAKERY,侥户,伙赋
[KF365] 畴福傀捞 积楷绢雀 200g (趁厘),埃祈侥,剐虐飘,RTC_MEAL,剐虐飘,KF365
[其饭肺] 肺溅 檬妮复官 3辆 (琶1),埃侥幅,檬妮复/荤帕,SNACK,檬妮复,其饭肺
[固墨捻配] 仟幂 陵矫固扼努 俩府 饶福明雇胶咐 措侩樊 800g,埃侥幅,檬妮复/荤帕,SNACK,俩府,固墨捻配
"[肺捞鸥捞] 内内秤 剐农 2辆 (250ml/1L, 内内秤窃樊 99.6%)",蜡力前,快蜡/滴蜡,DAIRY,内内秤 剐农,肺捞鸥捞
[居惑喉] 咐乐绰 钮宏 摹令 2辆 (7g X 18涝),蜡力前,摹令,DAIRY,摹令,居惑喉
"橇坊摹墨其 目乔雇胶 胶平 付老靛, 11.1g, 20俺涝, 2俺 6,400盔 (10g寸 144盔) 郴老(老) 档馒 焊厘 5 (148550) 弥措 320盔 利赋",澜丰,目乔/瞒,BEVERAGE,目乔雇胶,橇坊摹墨其
[付付府] 楷辟 催碍沥 450g,埃祈侥,趁悼侥前,FROZEN_MEAL,趁悼 催碍沥,付付府
"钱公盔 公亲积力 1+ 殿鞭 措鄂, 25备, 1俺 13,300盔 (1备寸 532盔) 郴老(老) 货寒 档馒 焊厘 5 (13059) 弥措 665盔 利赋",腊幅/拌鄂,拌鄂,RAW_MEAT,拌鄂,钱公盔
"坷堆扁 坷溅橇 捣鳖胶 家胶, 2kg, 1俺 4,390盔 (100g寸 220盔) 郴老(老) 档馒 焊厘 5 (4748) 弥措 220盔 利赋",炼固丰,剧充/家胶,SAUCE_SEASONING,捣鳖胶 家胶,坷堆扁
"老府 促农 牢刨家 杭靛 肺胶飘 母蕉 目乔, 18俺涝, 3俺 43,000盔 (1俺寸 796盔) 2/11(荐) 档馒 抗沥 5 (12503) 弥措 2,150盔 利赋",澜丰,目乔/瞒,BEVERAGE,目乔母蕉,老府
[况目鳃绊皋] 绊扁 父滴 400g,埃祈侥,趁悼侥前,FROZEN_MEAL,趁悼 父滴,况目鳃绊皋
[磊楷淬篮] 惫郴魂 蜡扁丑 穿奉瘤 500g,埃侥幅,苞磊/胶臣,SNACK,穿奉瘤,磊楷淬篮
"惯坊鸥牢 胶橇饭歹喉 滚磐, 160g, 1俺 8,030盔 (100g寸 5,019盔) 郴老(老) 货寒 档馒 焊厘 5 (11252) 弥措 401盔 利赋",蜡力前,滚磐/积农覆,DAIRY,滚磐,惯坊鸥牢
[坷锐槛何阿] 疙牢 慢揭何阿 2辆 (琶1),埃侥幅,苞磊/胶臣,SNACK,揭 何阿,坷锐槛何阿
"蜡扁丑 灸绢唱柯 慢揭, 1.3kg, 1烹 10,800盔 (100g寸 831盔) 郴老(老) 货寒 档馒 焊厘 5 (5628) 弥措 540盔 利赋",盲家/邦拱幅,揭/棱邦,GRAIN,慢揭,蜡扁丑
[墨福焊弛] 竣胶飘扼 滚柳 棵府宏 坷老 2辆,炼固丰,侥侩蜡/扁抚,SAUCE_SEASONING,棵府宏坷老,墨福焊弛
[基钎] 疙前备款家陛 2辆 (琶1),炼固丰,炼固丰,SAUCE_SEASONING,备款家陛,基钎
[促淬] 趁捞等厘骂俺 剧充 2辆 (琶1),炼固丰,剧充/家胶,SAUCE_SEASONING,等厘骂俺 剧充,促淬
[老老邦侥] 惫魂 辑府怕肺 歹宽 绊家秦柳 蓖府溅捞农 1kg,蜡力前,快蜡/滴蜡,DAIRY,邦拱 溅捞农,老老邦侥
"钧努殴 灸绢唱柯 泅固, 4kg, 1烹 20,800盔 (100g寸 520盔) 郴老(老) 货寒 档馒 焊厘 5 (2384) 弥措 1,040盔 利赋",盲家/邦拱幅,揭/棱邦,GRAIN,泅固,钧努殴
[钱公盔] 馆淀茄侥 1盒溜籍惫 拌鄂合均惫_6g*5涝,埃祈侥,饭飘肺飘,RTC_MEAL,饭飘肺飘,钱公盔
[急拱技飘] MSC牢刘 疙鄂 去钦 技飘,荐魂拱,绢鄂,RAW_SEAFOOD,疙鄂,
[寝混惦灰] 剧硅眠胶平 30器,固殿废 墨抛绊府,扁鸥,UNKNOWN,扁鸥,寝混惦灰
[硅措皑] 惫魂 皑磊傈盒 350g,炼固丰,啊风盒富,SAUCE_SEASONING,皑磊傈盒,硅措皑
蜡扁丑 泅固抹 60g,埃侥幅,苞磊/胶臣,SNACK,邦拱 苞磊,蜡扁丑
[柳啊匙馆蛮] 醚阿辫摹,埃祈侥,馆蛮幅,SIMPLE_PROCESSED,醚阿辫摹,柳啊匙馆蛮
[夸敲饭] 饶风明 敲饭捞滚 夸芭飘 3辆 (85mL X 4俺) (琶1),蜡力前,夸芭飘,DAIRY,夸芭飘,夸敲饭
[颇杭] 龋滴啊 甸绢乐绰 荤苞 离 110g,惑柯侥前,离/胶橇饭靛,SAUCE_SEASONING,荤苞离,颇杭
蜡扁丑 促柳 窜龋冠 100g,盲家/邦拱幅,盲家,RAW_PRODUCE,窜龋冠,蜡扁丑
"匙胶墨其 倒眉备胶配 母蕉目乔 檬内摹畴, 16g, 16俺涝, 1俺 9,490盔 (10g寸 371盔) 郴老(老) 档馒 焊厘 4.5 (6606) 弥措 475盔 利赋",澜丰,目乔/瞒,BEVERAGE,目乔母蕉,匙胶墨其
[辫家屈盔规] 舅何刮 柳咀胶平 30器 (+碱俏归刘沥),固殿废 墨抛绊府,扁鸥,UNKNOWN,扁鸥,辫家屈盔规
[皋辆骏坷] 顶尼 剐农檬内 付甸坊 35g,埃侥幅,叼历飘/纳捞农,BAKERY,付甸坊,皋辆骏坷
[官促盔] 巢秦救 汉澜侩戈摹 150g,荐魂拱,戈摹/扒绢拱,DRIED_SEAFOOD,戈摹,官促盔
[府摹阁靛 苞磊痢] 哎饭飘 单 风客 220g,埃侥幅,叼历飘/纳捞农,BAKERY,颇捞,府摹阁靛 苞磊痢
"掸付农 抛捞农 倔扼捞宏 喉矾靛坷坊瘤 林胶, 120ml, 48俺 14,900盔 (100ml寸 259盔) 郴老(老) 档馒 焊厘 5 (8389) 弥措 745盔 利赋",澜丰,林胶,BEVERAGE,坷坊瘤 林胶,掸付农
[坷堆扁] 荤苞侥檬 900ml,炼固丰,剧充/家胶,SAUCE_SEASONING,侥檬,坷堆扁
[急拱技飘] 唱弃饭克 捻虐 3辆 技飘 282g,埃侥幅,苞磊/胶臣,SNACK,捻虐,唱弃饭克
"悼盔 浇扼捞胶 蜡何 (趁悼), 500g, 1俺 13%9,280盔 8,070盔 (100g寸 1,614盔) 郴老(老) 货寒 档馒 焊厘 5 (20062) 弥措 404盔 利赋",盲家/邦拱幅,尼/滴何,SIMPLE_PROCESSED,蜡何,悼盔
[HBAF] 促农檬内 橇饭每 30g X 5俺涝,埃侥幅,苞磊/胶臣,SNACK,橇饭每,HBAF
[抛扼肺荤 : 败匡] 扩磐 靛覆 喉坊靛 目乔 2辆(琶1),澜丰,目乔/瞒,BEVERAGE,目乔,抛扼肺荤 : 败匡
"胶鸥棍胶 叼墨橇 喉沸靛 俊胶橇饭家 肺胶飘 母蕉目乔, 5.5g, 10俺涝, 1俺 12%7,990盔 6,990盔 (10g寸 1,271盔) 郴老(老) 档馒 焊厘 5 (1041) 弥措 350盔 利赋",澜丰,目乔/瞒,BEVERAGE,目乔母蕉,胶鸥棍胶
"荤炼曼摹 混内扁 救缴蝶俺, 135g, 4俺 6,660盔 (10g寸 123盔) 郴老(老) 档馒 焊厘 5 (194170) 弥措 333盔 利赋",惑柯侥前,曼摹/胶圃牡,CANNED,曼摹牡,荤炼曼摹
[KF365] 茄捣 积 哎厚 600g(趁厘),腊幅/拌鄂,蹬瘤绊扁,RAW_MEAT,蹬瘤哎厚,KF365
[坷付淡] 鉴混 绢宫官,荐魂拱,绢腊啊傍侥前,SIMPLE_PROCESSED,绢宫官,坷付淡
[啊配固累] 弊腐夸芭飘 焊撇 纳捞农 3辆 (琶1),埃侥幅,叼历飘/纳捞农,BAKERY,纳捞农,啊配固累
[荤固清] 快芭瘤 哎厚帕,埃祈侥,饭飘肺飘,RTC_MEAL,饭飘肺飘,荤固清
[付付府] 官龙其胶配 颇胶鸥 圾矾靛,埃祈侥,剐虐飘,RTC_MEAL,剐虐飘,付付府
[个局斤斤] 蜡扁丑 硅档扼瘤没,固殿废 墨抛绊府,扁鸥,UNKNOWN,扁鸥,个局斤斤
[府葛单唱] IGP蜡扁丑 惯荤雇 弊赴扼骇 (器档丑绵85%),炼固丰,剧充/家胶,SAUCE_SEASONING,惯荤雇 侥檬,府葛单唱
[快府剐] 户啊风 190g,炼固丰,啊风盒富,SAUCE_SEASONING,户啊风,快府剐
"儡促府 傈滴何, 310g, 2俺 7,800盔 (100g寸 1,258盔) 郴老(老) 货寒 档馒 焊厘 5 (5044) 弥措 390盔 利赋",盲家/邦拱幅,尼/滴何,SIMPLE_PROCESSED,滴何,儡促府
"伙赋 歹喉摹令 饶饭浆莆, 98g, 1俺涝, 2俺 2,710盔 (10g寸 138盔) 郴老(老) 货寒 档馒 焊厘 5 (8730) 弥措 135盔 利赋",埃侥幅,户幅,BAKERY,摹令户,伙赋
"瘤窍鞠馆秦荐肺 灸绢辰 啊凯炼府侩 积奔 (趁厘), 500g, 1俺 且牢12%13,500盔 11,770盔 (100g寸 2,354盔) 郴老(老) 货寒 档馒 焊厘 4.5 (34095) 弥措 589盔 利赋",荐魂拱,炼俺/傈汗,RAW_SEAFOOD,奔,
"窍急沥 茄涝接公 货霓茄咐, 200g, 1俺 1,720盔 (100g寸 860盔) 郴老(老) 货寒 档馒 焊厘 5 (3098) 弥措 86盔 利赋",埃祈侥,馆蛮幅,SIMPLE_PROCESSED,接公,窍急沥
[福风] 蜡扁丑 摹目府 措眉目乔100g,澜丰,目乔/瞒,BEVERAGE,目乔,福风
[遏萍宏] 固坷捞畴矫喷 矩 妮赴 4000mg 14器,固殿废 墨抛绊府,扁鸥,UNKNOWN,扁鸥,遏萍宏
[厚厚绊] 鉴混绊殿绢备捞,埃祈侥,饭飘肺飘,RTC_MEAL,饭飘肺飘,厚厚绊
[促矫促] 艰绊扁 促矫促 300g,炼固丰,炼固丰,SAUCE_SEASONING,促矫促,促矫促
"炔陛捞匙 惫郴魂 哎酒父电 硅档扼瘤没, 600g, 1俺涝, 1俺 43%26,200盔 14,900盔 (10g寸 248盔) 郴老(老) 档馒 焊厘 5 (1478) 弥措 655盔 利赋",固殿废 墨抛绊府,扁鸥,UNKNOWN,扁鸥,炔陛捞匙
[个局斤斤] 蜡扁丑 绢赴捞 硅档扼瘤馏 2辆 (100mL X 10器),固殿废 墨抛绊府,扁鸥,UNKNOWN,扁鸥,个局斤斤
"汗捞匙冈芭府 呕乔 甸柄啊风, 100g, 1俺 23%4,410盔 3,390盔 (100g寸 3,390盔) 郴老(老) 档馒 焊厘 4.5 (2447) 弥措 170盔 利赋",炼固丰,啊风盒富,SAUCE_SEASONING,甸柄啊风,汗捞匙冈芭府
[快林] 颊龙 积货快混 200g (趁悼) (31/50 荤捞令),荐魂拱,货快/霸,RAW_SEAFOOD,货快,快林
[歹坷淬] 茄涝 泅固 碍沥 100g,埃侥幅,苞磊/胶臣,SNACK,碍沥,歹坷淬
"磅磅 惫魂 快府尼滴何, 300g, 2蒲 3,980盔 (100g寸 663盔) 郴老(老) 货寒 档馒 焊厘 5 (59329) 弥措 199盔 利赋",盲家/邦拱幅,尼/滴何,SIMPLE_PROCESSED,滴何,磅磅
[柳啊匙馆蛮] 角厚 把例捞 辫摹,埃祈侥,馆蛮幅,SIMPLE_PROCESSED,角厚 把例捞,柳啊匙馆蛮
"扒碍茄逛惑 惫魂 蔓焊府揭, 2kg, 1俺 10,500盔 (100g寸 525盔) 郴老(老) 档馒 焊厘 4.5 (30715) 弥措 525盔 利赋",盲家/邦拱幅,揭/棱邦,GRAIN,蔓焊府揭,扒碍茄逛惑
[葛带备风] 弊贰愁扼 6辆 (琶1),惑柯侥前,矫府倔,GRAIN,弊贰愁扼,葛带备风
[捞格 公亲积力] 惫郴魂 家绊扁 剧瘤 惫芭府侩 200g 2辆 (趁厘),腊幅/拌鄂,家绊扁,RAW_MEAT,剧瘤,捞格 公亲积力
"措覆急 绢宫 弧埃 坷淡部摹 (趁悼), 409g, 1俺 5,980盔 (100g寸 1,462盔) 郴老(老) 货寒 档馒 焊厘 5 (4498) 弥措 299盔 利赋",荐魂拱,绢腊啊傍侥前,SIMPLE_PROCESSED,绢宫,措覆急
"惫郴魂 慢揭, 5kg, 1俺 16%23,900盔 19,900盔 (100g寸 398盔) 郴老(老) 档馒 焊厘 4.5 (11411) 弥措 995盔 利赋",盲家/邦拱幅,揭/棱邦,GRAIN,慢揭,
剧价捞滚几 140g,盲家/邦拱幅,滚几,RAW_PRODUCE,剧价捞滚几,剧价捞滚几
[蚌芒颇绰没斥甸] 家蚌芒,埃祈侥,剐虐飘,RTC_MEAL,剐虐飘,蚌芒颇绰没斥甸
[悼盔] 剧馆 柳惫 荤榜磅帕 500g,埃祈侥,饭飘肺飘,RTC_MEAL,饭飘肺飘,悼盔
"悼盔基拱 积荐 公扼骇, 1.1L, 24俺 27%15,960盔 11,500盔 (100ml寸 44盔) 郴老(老) 档馒 焊厘 5 (160875) 弥措 552盔 利赋",澜丰,积荐,BEVERAGE,积荐,悼盔基拱
[溅仟靛] 叼钒胶 击靛困摹 菩剐府蒲 (4涝),埃侥幅,户幅,BAKERY,击靛困摹,溅仟靛
[VIP] 橇府固决 力林 篮哎摹 800g (趁悼),荐魂拱,积急,RAW_SEAFOOD,哎摹,VIP
"汲己格厘 茄捣 公亲积力 格缴 备捞侩 (趁厘), 400g, 1俺 41%16,800盔 9,750盔 (100g寸 2,438盔) 郴老(老) 货寒 档馒 焊厘 5 (4063) 弥措 488盔 利赋",腊幅/拌鄂,蹬瘤绊扁,RAW_MEAT,蹬瘤 格混,汲己格厘
[蜡蜡力距] 酒捞瓢 腔绢 虐令橇肺弃府胶 俩府 (15老盒),固殿废 墨抛绊府,扁鸥,UNKNOWN,扁鸥,蜡蜡力距
"格快锰 惫郴魂 家绊扁 剧瘤 固例窜 惫芭府侩 (趁厘), 300g, 1俺 18,900盔 (100g寸 6,300盔) 郴老(老) 货寒 档馒 焊厘 4.5 (4034) 弥措 945盔 利赋",腊幅/拌鄂,家绊扁,RAW_MEAT,剧瘤,格快锰
[CU 侨诀] 弊肺宏剐箕档匙捞,贱,客牢,ALCOHOL,拳捞飘 客牢,
"芭芒焙丑蛆 2025斥魂 禽揭 芭芒茄 皋堆扁揭, 惑殿鞭, 10kg, 1俺 15%39,900盔 33,900盔 (100g寸 339盔) 郴老(老) 档馒 焊厘 5 (4301) 弥措 1,695盔 利赋",盲家/邦拱幅,揭/棱邦,GRAIN,揭,丑蛆
[汲己格厘] 茄快 绢赴捞 腊器,腊幅/拌鄂,啊傍腊(擒/家矫瘤),PROCESSED_MEAT,腊器,汲己格厘
[DIMES] 籍幅 馒馏林胶 1L,澜丰,林胶,BEVERAGE,籍幅林胶,DIMES
"窍覆 扑能摹挪 (趁悼), 1.2kg, 1俺 捻迄且牢32%16,900盔 11,430盔 (100g寸 953盔) 郴老(老) 货寒 档馒 焊厘 5 (29979) 弥措 571盔 利赋",埃祈侥,趁悼侥前,FROZEN_MEAL,趁悼 扑能摹挪,窍覆
"府橇饭浆 官海钮 坷隆绢, 300g, 1俺 35%19,980盔 12,890盔 (10g寸 430盔) 郴老(老) 档馒 焊厘 4.5 (8139) 弥措 645盔 利赋",埃侥幅,苞磊/胶臣,SNACK,坷隆绢 胶臣,府橇饭浆
[荤炼措覆] 茄捣 滴霹 混内扁擒 350g,腊幅/拌鄂,啊傍腊(擒/家矫瘤),PROCESSED_MEAT,擒,荤炼措覆
"窜叼橇饭矫 流立 颊栏肺 盲秒茄 辑秦救 肮国 悼磷炼俺, 800g, 1豪 7,500盔 (100g寸 938盔) 郴老(老) 货寒 档馒 焊厘 4.5 (14336) 弥措 375盔 利赋",荐魂拱,炼俺/傈汗,RAW_SEAFOOD,悼磷炼俺,窜叼橇饭矫
[CJ] 磊皋捞墨 Style 摹挪 350g,埃祈侥,趁悼侥前,FROZEN_MEAL,趁悼 摹挪,CJ
"单聪弊府胶 蜡扁丑 荤苞 侥檬, 1L, 1俺 52%22,000盔 10,400盔 (10ml寸 104盔) 郴老(老) 货寒 档馒 焊厘 5 (4623) 弥措 520盔 利赋",炼固丰,剧充/家胶,SAUCE_SEASONING,侥檬,单捞弊府胶
[葛唱固] 橇坊摹 滚磐 2辆 (趁悼),蜡力前,滚磐/积农覆,DAIRY,橇坊摹 滚磐,葛唱固
[啊丑官捞坷] 厚鸥敲矾胶俊弊 公亲积力 1+殿鞭 漂鄂 10备,腊幅/拌鄂,拌鄂,RAW_MEAT,拌鄂,啊丑官捞坷
"基钎 剧炼 埃厘 701, 860ml, 2俺 15,720盔 (100ml寸 914盔) 郴老(老) 档馒 焊厘 5 (33497) 弥措 786盔 利赋",炼固丰,剧充/家胶,SAUCE_SEASONING,剧炼埃厘,基钎
"农畴福 摹挪颇快歹 矫令醋, 120g, 2俺 捻迄且牢27%11,800盔 8,500盔 (100g寸 3,542盔) 郴老(老) 档馒 焊厘 5 (2721) 弥措 425盔 利赋",炼固丰,炼固丰,SAUCE_SEASONING,摹挪颇快歹,农畴福
[磊楷俊蛮] 皋眠府舅 厘炼覆,埃祈侥,馆蛮幅,SIMPLE_PROCESSED,皋眠府舅 厘炼覆,磊楷俊蛮
[CU 侨诀] 坷橇府 拳捞飘 器飘,贱,客牢,ALCOHOL,拳捞飘 客牢,
"颇胶硼福 扒碍茄 历柯混闭 快蜡 饶饭浆, 2.3L, 2俺 16,240盔 (100ml寸 353盔) 郴老(老) 货寒 档馒 焊厘 5 (173286) 弥措 812盔 利赋",蜡力前,快蜡/滴蜡,DAIRY,快蜡,颇胶硼
[况目鳃龋炮] 归辫摹 3kg,埃祈侥,馆蛮幅,SIMPLE_PROCESSED,归辫摹,况目鳃龋炮
[钧努海府窍快胶] 楼冈绰 蜡扁丑 积碍档扼瘤 柳咀 胶平,固殿废 墨抛绊府,扁鸥,UNKNOWN,扁鸥,钧努海府窍快胶
[Picard] 其胶配 肺筋 其胶抿府 鸥福飘 310g,埃侥幅,叼历飘/纳捞农,BAKERY,鸥福飘,Picard
[剐啊风措脚] 酒阁靛 啊风 250g,炼固丰,啊风盒富,SAUCE_SEASONING,酒阁靛 啊风,剐啊风措脚
"措覆急 蜡何 (趁悼), 500g, 1俺 7,230盔 郴老(老) 货寒 档馒 焊厘 5 (924) 弥措 361盔 利赋",盲家/邦拱幅,尼/滴何,SIMPLE_PROCESSED,蜡何,措覆急
"府贾扼 戈闭快蜡, 250ml, 12俺 8,500盔 (100ml寸 283盔) 郴老(老) 档馒 焊厘 货 惑前, 馆前-固俺豪 (3) 弥历8,070盔 5 (12236) 弥措 425盔 利赋",蜡力前,快蜡/滴蜡,DAIRY,快蜡,府贾扼
[秦赣胶] 荐力 擒 饭海纳力 4辆,腊幅/拌鄂,啊傍腊(擒/家矫瘤),PROCESSED_MEAT,擒,秦赣胶
[脾辫傍规] 磨府货快,埃祈侥,趁悼侥前,FROZEN_MEAL,趁悼 脾辫,脾辫傍规
[付捞畴钢 x YOZM] 历寸 弊腐夸芭飘 局敲矫唱阁 130g,蜡力前,夸芭飘,DAIRY,弊腐夸芭飘,
"归汲 苛荐荐蜡, 1.8L, 1俺 26%10,800盔 7,900盔 (100ml寸 439盔) 郴老(老) 档馒 焊厘 5 (20619) 弥措 395盔 利赋",炼固丰,侥侩蜡/扁抚,SAUCE_SEASONING,苛荐荐蜡,归汲
[KF365] 皋眠府舅 坷府瘤朝 墨明 500g,埃祈侥,趁悼侥前,FROZEN_MEAL,趁悼 脾辫,KF365
[橇饭瘤耽] 付捞钓 胶橇饭歹喉 摹令 125g 2辆 (琶1),蜡力前,摹令,DAIRY,摹令,橇饭瘤耽
[蜡扁规酒] 睛坷里捞侗 600g,埃侥幅,侗,SNACK,坷里捞侗,蜡扁规酒
[父傈辫] 老雀炼 父傈蚌芒倒辫 档矫遏辫 2辆 (琶1),惑柯侥前,辫/磊馆,DRIED_SEAFOOD,辫,父傈辫
[官肺积劝] 蜡扁丑 剧硅眠券 胶平 50器,固殿废 墨抛绊府,扁鸥,UNKNOWN,扁鸥,官肺积劝
"技宏鄂胶俊捞捧 傈侩格厘 窜归快蜡 叠扁, 125ml, 12俺 33%14,900盔 9,950盔 (100ml寸 663盔) 郴老(老) 档馒 焊厘 5 (484) 弥措 498盔 利赋",蜡力前,快蜡/滴蜡,DAIRY,叠扁快蜡,技宏鄂胶俊捞捧
"坷隆绢芦煌 124g, 10俺 9,500盔 (1俺寸 950盔) 郴老(老) 档馒 焊厘 5 (58304) 弥措 475盔 利赋",埃祈侥,扼搁,INSTANT,坷隆绢 芦煌,坷隆绢芦煌
"磊楷扒炼 傣厘疙牢 侩措府 炔怕盲 (趁悼), 150g, 1俺 11,900盔 (100g寸 7,933盔) 郴老(老) 货寒 档馒 焊厘 4.5 (6531) 弥措 545盔 利赋",荐魂拱,戈摹/扒绢拱,DRIED_SEAFOOD,炔怕,傣厘疙牢 侩措府
[辑匡快蜡] 历藕家牢刘 快蜡 900mL,蜡力前,快蜡/滴蜡,DAIRY,快蜡,辑匡快蜡
[澄淬] 肯傈康剧侥户 (100g X 4俺),埃侥幅,户幅,BAKERY,侥户,澄淬
[辆啊] 泅疙茄林何 咐辫摹3kg,埃祈侥,馆蛮幅,SIMPLE_PROCESSED,硅眠辫摹,辆啊
[官抚剖] 啊疵绊 捧疙茄 老侥笼 剧硅眠盲 (0.7mm),盲家/邦拱幅,盲家,RAW_PRODUCE,剧硅眠,官抚剖
[官抚剖] 埃祈窍霸 颊龙茄 例窜 硅眠 300g,埃祈侥,馆蛮幅,SIMPLE_PROCESSED,硅眠辫摹,官抚剖
[脚虐匙档] 坷坊瘤 胶鸥费 2辆 (琶1),埃侥幅,叼历飘/纳捞农,BAKERY,费纳捞农,脚虐匙档
[剧器绢厘] 楼瘤 臼篮 馆扒炼坷隆绢 200g,荐魂拱,戈摹/扒绢拱,DRIED_SEAFOOD,扒坷隆绢,剧器绢厘
[笼馆蛮楷备家] 局龋冠唱拱,埃祈侥,馆蛮幅,SIMPLE_PROCESSED,局龋冠 唱拱,笼馆蛮楷备家
[空局逛惑] 醚阿辫摹 2kg,埃祈侥,馆蛮幅,SIMPLE_PROCESSED,醚阿辫摹,空局逛惑
[官抚剖] 力林 剧硅眠 1烹 (900g),盲家/邦拱幅,盲家,RAW_PRODUCE,剧硅眠,官抚剖
"坷堆扁 户啊风, 1kg, 1俺 20%7,580盔 6,020盔 (100g寸 602盔) 郴老(老) 档馒 焊厘 5 (7508) 弥措 301盔 利赋",炼固丰,啊风盒富,SAUCE_SEASONING,户啊风,坷堆扁
[措惑溃扼捞橇] 春纳绢 棵橇肺凭 官唱唱咐 245ml (24老盒),固殿废 墨抛绊府,扁鸥,UNKNOWN,扁鸥,措惑溃扼捞橇
[圾矾靛魄促] 穿甸 圾矾靛 5辆 (琶1),埃祈侥,圾矾靛蒲,RTC_MEAL,穿甸 圾矾靛,圾矾靛魄促
"付捞墨其扼都 盔单捞 肺绢酱芭 努贰侥扼都, 210ml, 10俺 19%13,900盔 11,200盔 (100ml寸 533盔) 郴老(老) 档馒 焊厘 货 惑前, 馆前-固俺豪 (2) 弥历10,640盔 5 (2184) 弥措 560盔 利赋",澜丰,目乔/瞒,BEVERAGE,扼都,付捞墨其扼都
[ISFI] 官龙,炼固丰,氢脚丰/倾宏,SAUCE_SEASONING,官龙,ISFI
"惫郴魂 坷隆绢浇扼捞胶 (趁悼), 300g, 2俺 14,780盔 (100g寸 2,463盔) 郴老(老) 货寒 档馒 焊厘 5 (19837) 弥措 739盔 利赋",荐魂拱,坷隆绢/巩绢,RAW_SEAFOOD,坷隆绢,
"措茄促诀 焊己俊辑 磊鄂 喉发 焊府瞒, 1.5g, 60俺涝, 1俺 7,980盔 (10g寸 887盔) 郴老(老) 档馒 焊厘 4.5 (3143) 弥措 399盔 利赋",澜丰,目乔/瞒,BEVERAGE,焊府瞒,措茄促诀
"橇坊摹墨其 胶抛厚酒 叼墨其牢 目乔雇胶, 10.3g, 20俺涝, 1俺 5%7,580盔 7,140盔 (10g寸 347盔) 郴老(老) 档馒 焊厘 5 (53) 弥措 357盔 利赋",澜丰,目乔/瞒,BEVERAGE,目乔雇胶,橇坊摹墨其
[官府胶鸥逢胶] 呐目乔 250mL 5辆 (琶1),澜丰,目乔/瞒,BEVERAGE,呐目乔,官府胶鸥逢胶
[KF365] 绊家茄 犁贰档矫遏辫 16豪,惑柯侥前,辫/磊馆,DRIED_SEAFOOD,辫,KF365
[籍包悼 侗汉捞] 肺力 侗汉捞,埃祈侥,剐虐飘,RTC_MEAL,剐虐飘,籍包悼 侗汉捞
[俊剐府酒] 蜡扁丑 拳捞飘 客牢 厚聪芭,炼固丰,剧充/家胶,SAUCE_SEASONING,拳捞飘 客牢 厚聪芭,俊剐府酒
[官促家府] 肯档 磊弗固开 80g,荐魂拱,固开/促矫付,DRIED_SEAFOOD,固开,官促家府
[磨癌丑魂] 皑磊荐力厚 800g,盲家/邦拱幅,搁幅,GRAIN,荐力厚,磨癌丑魂
[吩单溃仟靛] 历寸 酒捞胶农覆 榜扼淬扁 6辆 (琶1),埃侥幅,叼历飘/纳捞农,BAKERY,酒捞胶农覆,吩单岿仟靛
[悼盔] 剧馆 侩扁磷 7辆 (琶1),埃祈侥,饭飘肺飘,RTC_MEAL,饭飘肺飘,悼盔
[官抚剖] 力林俊辑 柯 模券版 荤阿 钠 剧硅眠 300g,盲家/邦拱幅,盲家,RAW_PRODUCE,剧硅眠,官抚剖
[官抚剖] 模券版 剧硅眠 浇扼捞胶 300g,盲家/邦拱幅,盲家,RAW_PRODUCE,剧硅眠,官抚剖
[皋辆炼] 狐都 靛 濒狐春 100g (趁厘),埃侥幅,户幅,BAKERY,濒狐春,皋辆炼
"埃祈茄 颊龙 坷隆绢 (趁悼), 1俺, 500g 23%12,000盔 9,240盔 (100g寸 1,848盔) 郴老(老) 货寒 档馒 焊厘 4 (1083) 弥措 462盔 利赋",荐魂拱,坷隆绢/巩绢,RAW_SEAFOOD,坷隆绢,
[付令] 捞努赋胶 6辆 (琶1),埃侥幅,檬妮复/荤帕,SNACK,捞努赋胶,付令
[扼后府目侨诀] 何浆剐 10斥 (困胶虐),贱,扁鸥 林幅,ALCOHOL,困胶虐,
"坷淡侥寸 狼沥何 何措骂俺 剐虐飘 2牢盒, 630g, 1俺 13,900盔 (100g寸 2,206盔) 郴老(老) 货寒 档馒 焊厘 4.5 (523) 弥措 625盔 利赋",埃祈侥,剐虐飘,RTC_MEAL,剐虐飘,坷淡侥寸
[基钎] 惫魂100% 揭家搁 400g,盲家/邦拱幅,搁幅,GRAIN,家搁,基钎
[悼盔] 悼盔咐曼 付夸曼扁抚 90g x 4牡,惑柯侥前,曼摹/胶圃牡,CANNED,曼摹牡,悼盔
"力林伙促荐 弊赴 公扼骇, 2L, 12俺 12,960盔 (100ml寸 54盔) 郴老(老) 档馒 焊厘 5 (729945) 弥措 648盔 利赋",澜丰,积荐,BEVERAGE,积荐,力林伙促荐
[辑匡快蜡] 绊家茄 滚磐 450g,蜡力前,滚磐/积农覆,DAIRY,滚磐,辑匡快蜡
[其捞厘宏饭烹] 福 鳖噶海福 摹令 125g,蜡力前,摹令,DAIRY,鳖噶海福 摹令,其捞厘宏饭烹
"措覆急 何魂 绢宫 浅斥付寸, 1kg, 1俺 5,700盔 (100g寸 570盔) 郴老(老) 货寒 档馒 焊厘 4.5 (49737) 弥措 285盔 利赋",荐魂拱,绢腊啊傍侥前,SIMPLE_PROCESSED,绢宫,措覆急
[忽胶磐] 110斥 傈烹 绊促摹令 3辆,蜡力前,摹令,DAIRY,绊促 摹令,忽胶磐
"惫郴魂 公, 1俺涝, 6俺 9,100盔 (1俺寸 1,517盔) 郴老(老) 货寒 档馒 焊厘 4.5 (269495) 弥措 455盔 利赋",盲家/邦拱幅,盲家,RAW_PRODUCE,公,
[炼篮焊淬] 咯林 & 蹬瘤皑磊 30器,盲家/邦拱幅,盲家,RAW_PRODUCE,蹬瘤皑磊,炼篮焊淬
"措覆急 何魂绢宫 绿标茄 具盲荤阿 4厘, 180g, 2俺 2,380盔 (100g寸 661盔) 郴老(老) 货寒 档馒 焊厘 5 (6038) 弥措 119盔 利赋",荐魂拱,绢腊啊傍侥前,SIMPLE_PROCESSED,绢宫,措覆急
"促窍促 茨篮 龋冠瞒, 1g, 100俺涝, 1俺 10,900盔 (10g寸 1,090盔) 郴老(老) 档馒 焊厘 5 (2337) 弥措 545盔 利赋",澜丰,目乔/瞒,BEVERAGE,龋冠瞒,促窍促
[吩单溃仟靛] 力肺 酒捞胶农覆 胶平 官 2辆 (80mL X 6俺) (琶1),埃侥幅,叼历飘/纳捞农,BAKERY,酒捞胶农覆,吩单溃仟靛
[Kurly's] 悼拱汗瘤 厚忽 馆槛 拌鄂厘 概款咐,埃祈侥,馆蛮幅,SIMPLE_PROCESSED,拌鄂厘,Kurly's
[官抚剖] 模券版 茄烹 剧硅眠 (800g),盲家/邦拱幅,盲家,RAW_PRODUCE,剧硅眠,官抚剖
[曼橇饭] 滚迫肺喇 1kg,埃祈侥,趁悼侥前,FROZEN_MEAL,滚迫肺喇,曼橇饭
"力林伙促荐 弊赴 公扼骇, 1L, 9俺 52%13,900盔 6,630盔 (100ml寸 74盔) 郴老(老) 档馒 焊厘 5 (729945) 弥措 331盔 利赋",澜丰,积荐,BEVERAGE,积荐,力林伙促荐
"崎矫 力肺酱芭 扼烙氢 力肺墨其牢 藕魂澜丰, 210ml, 30俺 15,490盔 (100ml寸 246盔) 郴老(老) 档馒 焊厘 货 惑前, 馆前-固俺豪 (29) 弥历10,560盔 5 (3033) 弥措 775盔 利赋",澜丰,藕魂澜丰,BEVERAGE,崎矫 力肺酱芭 扼烙,崎矫
"[蜡扁丑 积碍没 1OO%] 氢配固啊 蜡扁丑 积碍没 惫魂 100% 公丑距, 1俺, 1俺涝, 600g 且牢52%37,900盔 17,900盔 (10g寸 298盔) 郴老(老) 档馒 焊厘 5 (601) 弥措 895盔 利赋",炼固丰,剧充/家胶,SAUCE_SEASONING,积碍没,蜡扁丑 积碍没 1OO%
[坷堆扁] 柳扼搁 鉴茄咐 奴呐 6涝,埃祈侥,扼搁,INSTANT,柳扼搁 鉴茄咐,坷堆扁
[粮念 胆府固飘] 氛 胶葛农 家矫瘤,腊幅/拌鄂,啊傍腊(擒/家矫瘤),PROCESSED_MEAT,家矫瘤,粮念 胆府固飘
[厚厚绊] 宫篮瘤 1.5kg,埃祈侥,馆蛮幅,SIMPLE_PROCESSED,宫篮瘤,厚厚绊
[乏畴浆] 窜归捻虐 4辆 榜扼淬扁 (琶3),埃侥幅,苞磊/胶臣,SNACK,捻虐,乏畴浆
[伙龋] 何魂绢宫 榜靛 吝豪 360g,荐魂拱,绢腊啊傍侥前,SIMPLE_PROCESSED,绢宫,伙龋
[伙赋] 俩府磺 力肺 560g,埃侥幅,檬妮复/荤帕,SNACK,俩府,伙赋
[钱公盔] 坷捞瘤 500g,埃祈侥,馆蛮幅,SIMPLE_PROCESSED,坷捞瘤,钱公盔
[盔颇叼] 俊宏府厄 海捞臂 矫令醋 240g,埃侥幅,户幅,BAKERY,海捞臂,盔颇叼
[海海念] 烹烹官唱唱 30g,苞老/斑苞幅,苞老,RAW_FRUIT,官唱唱,海海念
"坷堆扁 捣鳖胶 家胶, 470g, 2俺 22%6,760盔 5,260盔 (100g寸 560盔) 郴老(老) 档馒 焊厘 5 (5712) 弥措 263盔 利赋",炼固丰,剧充/家胶,SAUCE_SEASONING,捣鳖胶 家胶,坷堆扁
"葛困 畴福傀捞魂 积楷绢 胶抛捞农 (趁厘), 1俺, 250g 11,840盔 (100g寸 4,736盔) 郴老(老) 货寒 档馒 焊厘 5 (112) 弥措 570盔 利赋",荐魂拱,积急,RAW_SEAFOOD,楷绢,葛困 
[骇饭捞] 蜡扁丑 葛单唱 惯荤雇 厚匙芭 宏扼款 (剐档 1.33/ 器档丑绵80%),炼固丰,剧充/家胶,SAUCE_SEASONING,惯荤雇 侥檬,骇饭捞
[啊矫力芭楷备家] 绊殿绢逛惑 俏农扼骇 800g (5俺涝),埃祈侥,饭飘肺飘,RTC_MEAL,饭飘肺飘,啊矫力芭楷备家
[具官] 弊贰愁扼 官捞飘 3辆 125g,惑柯侥前,矫府倔,GRAIN,弊贰愁扼,具官
"官弗邦拱 惫魂 慢揭, 1kg, 1俺 5,980盔 (100g寸 598盔) 郴老(老) 货寒 档馒 焊厘 5 (3658) 弥措 299盔 利赋",盲家/邦拱幅,揭/棱邦,GRAIN,慢揭,官弗邦拱
"没沥盔鉴芒 檬绊眠厘, 300g, 1俺 21%3,800盔 3,000盔 (100g寸 1,000盔) 郴老(老) 货寒 档馒 焊厘 5 (1665) 弥措 150盔 利赋",炼固丰,剧充/家胶,SAUCE_SEASONING,绊眠厘,没沥盔鉴芒
[急拱技飘] 器玫捞悼哎厚 茄涝 LA哎厚 技飘 2kg (抗距老 荐飞),腊幅/拌鄂,家绊扁,RAW_MEAT,LA 哎厚,器玫捞悼哎厚
"格快锰 公亲积力 鉴混 催绊扁 催汉澜帕侩 (趁厘), 600g, 2俺 24,500盔 (100g寸 2,042盔) 1,440盔 客快 啊涝 捻迄 郴老(老) 货寒 档馒 焊厘 5 (6799) 弥措 1,153盔 利赋",腊幅/拌鄂,催绊扁,RAW_MEAT,鉴混 催绊扁,格快锰
[Kurly's] 悼拱汗瘤 蜡沥鄂 10备,腊幅/拌鄂,拌鄂,RAW_MEAT,拌鄂,Kurly's
[个局斤斤] 蜡扁丑 硅档扼瘤咀 胶平 10器,固殿废 墨抛绊府,扁鸥,UNKNOWN,扁鸥,个局斤斤
捞蜡侥 犁丰 模券版 剧硅眠 1/4烹,盲家/邦拱幅,盲家,RAW_PRODUCE,剧硅眠,捞蜡侥
[急拱技飘] 橇府固决 康堡 奔厚 技飘 2.0kg (抗距老 荐飞),荐魂拱,戈摹/扒绢拱,DRIED_SEAFOOD,奔厚,
[掸付农] 措聪浆 The 扒碍茄 快蜡 2.3L,蜡力前,快蜡/滴蜡,DAIRY,快蜡,掸付农
蜡扁丑 公富珐捞 150g,盲家/邦拱幅,盲家,RAW_PRODUCE,公富珐捞,蜡扁丑
[府撇胶乾] 苛荐荐莆 2辆,埃侥幅,苞磊/胶臣,SNACK,苛荐荐 苞磊,府撇胶乾
[权矩虐令] 荤福福 斤 悼搬扒炼 夸芭飘 4辆 (琶1),蜡力前,夸芭飘,DAIRY,夸芭飘,权矩虐令
[萍哩] 霓何瞒 乔摹 50俺涝,澜丰,目乔/瞒,BEVERAGE,霓何瞒,萍哩
[急拱技飘] 炼急龋炮 傈汗厘 技飘(抗距老 荐飞),埃祈侥,馆蛮幅,SIMPLE_PROCESSED,傈汗厘,炼急龋炮
"酒捞矫胶 8.0 ECO 积荐 公扼骇, 300ml, 40俺 5%12,000盔 11,370盔 (100ml寸 95盔) 郴老(老) 档馒 焊厘 5 (117915) 弥措 569盔 利赋",澜丰,积荐,BEVERAGE,积荐,酒捞矫胶
[嫡备唱公] 茄捣辫摹买,埃祈侥,饭飘肺飘,RTC_MEAL,饭飘肺飘,嫡备唱公
[奶肺弊] 弊贰愁扼 6辆 榜扼淬扁 (琶1),惑柯侥前,矫府倔,GRAIN,弊贰愁扼,奶肺弊
"辑匡快蜡 叠扁, 300ml, 8俺 11,720盔 (100ml寸 488盔) 郴老(老) 货寒 档馒 焊厘 5 (2615) 弥措 586盔 利赋",蜡力前,快蜡/滴蜡,DAIRY,叠扁快蜡,辑匡快蜡
[荐魂镑埃] 钙馆籍 坷隆绢,埃侥幅,苞磊/胶臣,SNACK,坷隆绢 胶臣,荐魂镑埃
[CU 侨诀] 叼墨捞欺墨矫胶,贱,扁鸥 林幅,ALCOHOL,府钮福,叼墨捞欺
"弊副府 流拳 胆府擒, 300g, 1俺 18%5,480盔 4,480盔 (10g寸 149盔) 郴老(老) 货寒 档馒 焊厘 5 (34200) 弥措 224盔 利赋",腊幅/拌鄂,啊傍腊(擒/家矫瘤),PROCESSED_MEAT,擒,弊副府
[汗澜磊府] 配胶飘侩 胶困飘 虐困家胶 320g,炼固丰,剧充/家胶,SAUCE_SEASONING,虐困家胶,汗澜磊府
"归汲 烹剐剐啊风, 1kg, 2俺 10%5,100盔 4,580盔 (100g寸 229盔) 郴老(老) 档馒 焊厘 5 (2666) 弥措 229盔 利赋",炼固丰,啊风盒富,SAUCE_SEASONING,剐啊风,归汲
"磅磅 摹挪胶佩, 330g, 1俺 35%6,990盔 4,490盔 (100g寸 1,361盔) 郴老(老) 档馒 焊厘 4.5 (755) 弥措 225盔 利赋",炼固丰,炼固丰,SAUCE_SEASONING,摹挪胶佩,磅磅
蜡扁丑 坷捞咐绊眠 150g,盲家/邦拱幅,盲家,RAW_PRODUCE,坷捞绊眠,
[Project H] 绊窜归 历寸 葛醋户 150g,埃侥幅,户幅,BAKERY,葛醋户,Project H
[急拱技飘] 罢明海捞目府 捻虐 6辆 技飘 260g,埃侥幅,苞磊/胶臣,SNACK,捻虐,罢明海捞目府
烙陛丛钎 捞玫揭 舅蛮固 揭 4kg,盲家/邦拱幅,揭/棱邦,GRAIN,揭,烙陛丛钎
[决付狼沥己] 备荐秦 穿奉瘤 2辆 (惫郴魂),埃侥幅,苞磊/胶臣,SNACK,穿奉瘤,决付狼沥己
"惫郴魂 皑磊, 1kg, 1俺 4,890盔 (100g寸 489盔) 郴老(老) 货寒 档馒 焊厘 4.5 (350333) 弥措 245盔 利赋",盲家/邦拱幅,盲家,RAW_PRODUCE,皑磊,
[皋叼溃] 备荐茄 穿奉瘤咐 200mL 18俺涝,固殿废 墨抛绊府,扁鸥,UNKNOWN,扁鸥,皋叼溃
[春坷府柳] A2 戈闭快蜡(200mL X 6俺涝),蜡力前,快蜡/滴蜡,DAIRY,快蜡,春坷府柳
[KF365] 1+殿鞭 公亲积力 漂鄂 10备,腊幅/拌鄂,拌鄂,RAW_MEAT,拌鄂,KF365
"橙橙官促 固开临扁, 1俺, 1kg 4,280盔 (100g寸 428盔) 郴老(老) 货寒 档馒 焊厘 4.5 (172) 弥措 193盔 利赋",荐魂拱,固开/促矫付,DRIED_SEAFOOD,固开临扁,橙橙官促
[窍覆] 催茄付府 漠惫荐 剐虐飘,埃祈侥,剐虐飘,RTC_MEAL,剐虐飘,窍覆
"捞歹胶 官昏茄 绊备付胶平, 3俺, 300g 15,000盔 (10g寸 167盔) 郴老(老) 档馒 焊厘 4.5 (1066) 弥措 750盔 利赋",埃侥幅,苞磊/胶臣,SNACK,绊备付 胶平,捞歹胶
[傀胶畔海捞臂] 100% 烹剐 拳傣 海捞臂 85gX4俺涝,埃侥幅,户幅,BAKERY,海捞臂,傀胶畔海捞臂
"钙缴 酒捞胶 目乔雇胶, 13g, 110俺涝, 1俺 20,550盔 (10g寸 144盔) 郴老(老) 档馒 焊厘 5 (22420) 弥措 1,028盔 利赋",澜丰,目乔/瞒,BEVERAGE,目乔雇胶,钙缴
"茄尝烹混 坷红 鉴混 催促府 埃厘催部摹咐 (趁悼), 100g, 5俺 16,340盔 (100g寸 3,268盔) 郴老(老) 货寒 档馒 焊厘 5 (598) 弥措 817盔 利赋",埃祈侥,饭飘肺飘,RTC_MEAL,饭飘肺飘,茄尝烹混
[件狼啊电] 烤朝 家 阂绊扁,埃祈侥,饭飘肺飘,RTC_MEAL,饭飘肺飘,件狼啊电
"墨穿 倒眉 扼都 目乔雇胶, 17.3g, 24俺涝, 1俺 11,280盔 (10g寸 272盔) 郴老(老) 档馒 焊厘 5 (31778) 弥措 564盔 利赋",澜丰,目乔/瞒,BEVERAGE,目乔雇胶,墨穿
[歹夯仟靛] 愁何啊 馆秦滚赴 揭唤 (2俺涝 冠胶),埃侥幅,苞磊/胶臣,SNACK,揭唤,歹夯仟靛
[墨福焊弛] 竣胶飘扼 滚柳 棵府宏 坷老 胶橇饭捞 200mL,炼固丰,侥侩蜡/扁抚,SAUCE_SEASONING,棵府宏坷老,墨福焊弛
"磅磅 钙馆籍 备款鄂, 60备, 1俺 22,310盔 (1备寸 372盔) 郴老(老) 货寒 档馒 焊厘 4.5 (143683) 弥措 1,115盔 利赋",腊幅/拌鄂,拌鄂,RAW_MEAT,备款鄂,磅磅
[官抚剖] 模券版 剧颇 1kg,盲家/邦拱幅,盲家,RAW_PRODUCE,剧颇,官抚剖
[夯付噶] 顶尼 胶橇饭靛 2辆 (琶1),惑柯侥前,离/胶橇饭靛,SAUCE_SEASONING,顶尼 胶橇饭靛,夯付噶
"惫郴魂 蜡扁丑 宏肺妮府, 1俺涝, 1俺 4,200盔 (1俺寸 4,200盔) 郴老(老) 货寒 档馒 焊厘 5 (4742) 弥措 210盔 利赋",盲家/邦拱幅,盲家,RAW_PRODUCE,宏肺妮府,
[宏饭错内] 矫弊聪贸 萍扼固荐纳捞农 500g,埃侥幅,叼历飘/纳捞农,BAKERY,萍扼固荐,宏饭错内
[官促盔] 漠嘎篮 坷隆绢 100g,荐魂拱,戈摹/扒绢拱,DRIED_SEAFOOD,扒坷隆绢,官促盔
"炼牢 公亲积力 归祸措鄂, 30备, 1俺 8,690盔 (1备寸 290盔) 郴老(老) 货寒 档馒 焊厘 5 (94581) 弥措 435盔 利赋",腊幅/拌鄂,拌鄂,RAW_MEAT,拌鄂,炼牢
"牢快 歹咐唱 颇辫摹, 1kg, 1俺 12,400盔 (100g寸 1,240盔) 郴老(老) 货寒 档馒 焊厘 4.5 (10712) 弥措 600盔 利赋",埃祈侥,馆蛮幅,SIMPLE_PROCESSED,颇辫摹,牢快 歹咐唱
[阁]泅固岿巢接 200g,埃祈侥,馆蛮幅,SIMPLE_PROCESSED,岿巢接,阁
[厚厚绊] 龋滴楷辟炼覆 90g,埃祈侥,馆蛮幅,SIMPLE_PROCESSED,楷辟炼覆,厚厚绊
"福荤橇 靛扼捞 捞胶飘, 500g, 1俺 且牢4%7,460盔 7,160盔 (100g寸 1,432盔) 郴老(老) 档馒 焊厘 5 (8469) 弥措 358盔 利赋",炼固丰,啊风盒富,SAUCE_SEASONING,捞胶飘,福荤橇
[档矫镑埃] 甸扁抚宫篮瘤汉澜,埃祈侥,馆蛮幅,SIMPLE_PROCESSED,宫篮瘤 汉澜,档矫镑埃
[没沥盔] 炼没 揭砍 700g,炼固丰,剧充/家胶,SAUCE_SEASONING,揭砍,没沥盔
力林 篮哎摹 320g (趁悼),荐魂拱,积急,RAW_SEAFOOD,哎摹,
[急拱技飘] 棵府鸥府酒 竣胶飘扼 滚柳 棵府宏坷老 & 惯荤雇 技飘,炼固丰,侥侩蜡/扁抚,SAUCE_SEASONING,棵府宏坷老,棵府鸥府酒
"坷堆扁 绊家茄 曼扁抚, 500ml, 1俺 2%13,980盔 13,610盔 (10ml寸 272盔) 郴老(老) 档馒 焊厘 5 (25700) 弥措 680盔 利赋",炼固丰,侥侩蜡/扁抚,SAUCE_SEASONING,曼扁抚,坷堆扁
"力林档 模券版 公, 1俺涝, 1俺 2,750盔 (1俺寸 2,750盔) 郴老(老) 货寒 档馒 焊厘 4.5 (2215) 弥措 138盔 利赋",盲家/邦拱幅,盲家,RAW_PRODUCE,公,力林档
"模券版 皑磊, 800g, 2俺 8,530盔 (100g寸 533盔) 郴老(老) 货寒 档馒 焊厘 4.5 (14517) 弥措 426盔 利赋",盲家/邦拱幅,盲家,RAW_PRODUCE,皑磊,模券版
[捞绢荐魂] 8窜拌 急喊茄 汉澜侩 戈摹 300g,荐魂拱,戈摹/扒绢拱,DRIED_SEAFOOD,戈摹,捞绢荐魂
[窍风茄哦] 绊扁 惦灰 付颇滴何,埃祈侥,饭飘肺飘,RTC_MEAL,饭飘肺飘,窍风茄哦
[钓飘 3老] 局敲咐 锅 (15老盒),固殿废 墨抛绊府,扁鸥,UNKNOWN,扁鸥,钓飘 3老
[搁荤尔] 摹令啊垫 烹葛楼 颇胶鸥 2辆 (琶1),埃祈侥,饭飘肺飘,RTC_MEAL,饭飘肺飘,搁荤尔
[柳角等颊咐] 焕绝绰 牢伙 哎厚帕,埃祈侥,饭飘肺飘,RTC_MEAL,饭飘肺飘,柳角等颊咐
[权皋捞靛 乔磊] 拳傣乔磊档快 8牢摹,埃祈侥,趁悼侥前,FROZEN_MEAL,趁悼 乔磊,权皋捞靛 乔磊
[柳固] 快府揭 等厘 2辆 (臂风刨 橇府),炼固丰,剧充/家胶,SAUCE_SEASONING,等厘,柳固
[酱欺虐模] 浆覆橇官龙颇胶鸥,埃祈侥,剐虐飘,RTC_MEAL,剐虐飘,酱欺虐模
[歹扒碍茄] 海捞牧90g*2,腊幅/拌鄂,啊傍腊(擒/家矫瘤),PROCESSED_MEAT,海捞牧,歹扒碍茄
[皋叼郊骇] 付矫绰 圾矾靛 14器,固殿废 墨抛绊府,扁鸥,UNKNOWN,扁鸥,皋叼郊骇
[PPUL] 1++(9) 茄快 拳肺 殿缴 备捞侩 150g (趁厘),腊幅/拌鄂,家绊扁,RAW_MEAT,家 殿缴,PPUL
[俊滚妮扼罢] 喉发 急拱技飘(56老盒),固殿废 墨抛绊府,扁鸥,UNKNOWN,扁鸥,俊滚妮扼罢
[目乔拳] 母蕉 目乔 5g X 9俺涝 2辆(琶1),澜丰,目乔/瞒,BEVERAGE,目乔母蕉,目乔拳
[固固匙] 辑匡 魄剐侗汉捞,埃祈侥,剐虐飘,RTC_MEAL,剐虐飘,固固匙
"固盔 咐家陛, 1kg, 1俺 4,120盔 (100g寸 412盔) 郴老(老) 货寒 档馒 焊厘 5 (2742) 弥措 206盔 利赋",炼固丰,炼固丰,SAUCE_SEASONING,咐家陛,固盔
[厚厚绊] 醚阿辫摹 900g,埃祈侥,馆蛮幅,SIMPLE_PROCESSED,醚阿辫摹,厚厚绊
[权矩虐令] 咐广 50g,埃侥幅,苞磊/胶臣,SNACK,咐广,权矩虐令
[急拱技飘] 傈烹林 辫楷冠疙牢 刮加林救悼家林 漂1龋 (45档 400mL 2捍),贱,傈烹林,ALCOHOL,刘幅 家林,傈烹林
"讣篮拱俊 锰滴何, 550g, 1俺 1,750盔 (100g寸 318盔) 郴老(老) 货寒 档馒 焊厘 5 (33176) 弥措 88盔 利赋",盲家/邦拱幅,尼/滴何,SIMPLE_PROCESSED,滴何,讣篮拱俊
[辑匡固唱府] 兑硅扁 舅帮捞买,埃祈侥,剐虐飘,RTC_MEAL,剐虐飘,辑匡固唱府
[剧魂档] 唱绊具侥 剧充刮拱厘绢,埃祈侥,饭飘肺飘,RTC_MEAL,饭飘肺飘,剧魂档
[讣篮拱俊] 锰滴何 550g,盲家/邦拱幅,尼/滴何,SIMPLE_PROCESSED,滴何,讣篮拱俊
[KF365] 瘪 拌鄂 700g,腊幅/拌鄂,拌鄂,RAW_MEAT,拌鄂,KF365
绊荐 50g,炼固丰,氢脚丰/倾宏,SAUCE_SEASONING,绊荐,
[瓤藕] 绊殿绢 檬例烙 (矫皋荤官) 120g (趁厘),埃祈侥,馆蛮幅,SIMPLE_PROCESSED,矫皋荤官,瓤藕
[滚农寂技惑] 历藕家 牢刘 滚农寂K 孺蹬瘤 菊促府混 400g,腊幅/拌鄂,蹬瘤绊扁,RAW_MEAT,蹬瘤 菊促府混,滚农寂技惑
[25-26 寝棵府宏][福备都] 俊内 唱捞飘 竣胶飘扼滚柳 坷老 500mL,炼固丰,侥侩蜡/扁抚,SAUCE_SEASONING,棵府宏坷老,福备都
[急拱技飘] 傈烹林 价疙挤 疙牢 磷仿绊_炼急3措疙林 (32档 700mL),贱,傈烹林,ALCOHOL,刘幅 家林,傈烹林
[福鳖档靛付厚] 橇府固俊 碱妮扼 (8俺涝),埃侥幅,叼历飘/纳捞农,BAKERY,碱妮扼,福鳖档靛付厚
[坷犊喉发扼骇] 眠撅狼 厚浚唱 家矫瘤 800g,腊幅/拌鄂,啊傍腊(擒/家矫瘤),PROCESSED_MEAT,厚浚唱 家矫瘤,坷犊喉发扼骇
[措玫辫] 蚌芒 档矫遏辫 5g X 12豪,惑柯侥前,辫/磊馆,DRIED_SEAFOOD,辫,措玫辫
"17瞒 个捞 啊涵况瘤绰 矫埃, 1.5g, 80俺涝, 1俺 6,550盔 (10g寸 546盔) 郴老(老) 档馒 焊厘 5 (9882) 弥措 328盔 利赋",澜丰,目乔/瞒,BEVERAGE,17瞒,
[酱欺虐模] 荤玫侥付颇滴何丹逛家胶,炼固丰,剧充/家胶,SAUCE_SEASONING,付颇滴何 家胶,酱欺虐模
"没篮俊橇浚厚 甸柄啊风, 200g, 1俺 3,470盔 (100g寸 1,735盔) 郴老(老) 档馒 焊厘 4.5 (6225) 弥措 174盔 利赋",炼固丰,啊风盒富,SAUCE_SEASONING,甸柄啊风,没篮俊橇浚厚
"林何备窜 格快锰 厚浚唱 家矫瘤, 700g, 1俺 10%11,980盔 10,670盔 (10g寸 152盔) 郴老(老) 货寒 档馒 焊厘 5 (85121) 弥措 534盔 利赋",腊幅/拌鄂,啊傍腊(擒/家矫瘤),PROCESSED_MEAT,厚浚唱 家矫瘤,林何备窜
[宏肺靛墨技] 窜归龙阑 歹茄 历寸 烹剐户 2辆 (琶1),埃侥幅,户幅,BAKERY,烹剐户,宏肺靛墨技
[染己绵蛆茄快] 1殿鞭 茄快 瞒倒冠捞 200g,腊幅/拌鄂,家绊扁,RAW_MEAT,瞒倒冠捞,染己绵蛆茄快
[官抚剖] 模券版 盲家雇胶 圾矾靛 500g(250g*2豪),埃祈侥,圾矾靛蒲,RTC_MEAL,圾矾靛,官抚剖
[寝馆] 扼捞胶敲罚 泅固蓖府 帮距逛 150g*24涝,埃祈侥,溜籍逛,INSTANT,溜籍逛 帮距,寝馆
[全风捞哩] 胶困飘 酒阁靛 击靛 3俺涝,埃侥幅,叼历飘/纳捞农,BAKERY,击靛,全风捞哩
[厚厚靛虐模] 历寸 奔家胶,炼固丰,剧充/家胶,SAUCE_SEASONING,奔家胶,厚厚靛虐模
"磅磅 惫郴魂 归辫摹, 1kg, 1俺 7,490盔 (100g寸 749盔) 郴老(老) 货寒 档馒 焊厘 4.5 (6695) 弥措 375盔 利赋",埃祈侥,馆蛮幅,SIMPLE_PROCESSED,归辫摹,磅磅
[坷汲废] 乔摹 喉发萍 萍归 (1.5g X 20俺),澜丰,目乔/瞒,BEVERAGE,萍归,坷汲废
[付聪目俊橇矩瘤] 摹挪刨歹 敲矾胶 450g,埃祈侥,趁悼侥前,FROZEN_MEAL,摹挪刨歹,付聪目俊橇矩瘤
"归汲 咐贱 积碍, 500ml, 1俺 19%3,080盔 2,480盔 (10ml寸 50盔) 郴老(老) 档馒 焊厘 5 (15248) 弥措 124盔 利赋",炼固丰,剧充/家胶,SAUCE_SEASONING,咐贱,归汲
[钱公盔] 惫魂 促柳积碍 譬宏 80g,炼固丰,氢脚丰/倾宏,SAUCE_SEASONING,促柳 积碍,钱公盔
[LOTS OF LOVE] 浅固惦灰 疙鄂 矫贰扁 汉澜逛,埃祈侥,饭飘肺飘,RTC_MEAL,饭飘肺飘,LOTS OF LOVE
"归汲 磊老肺胶 汲帕, 2kg, 1俺 16%9,180盔 7,670盔 (100g寸 384盔) 郴老(老) 档馒 焊厘 5 (19545) 弥措 384盔 利赋",炼固丰,炼固丰,SAUCE_SEASONING,磊老肺胶 汲帕,归汲
[CU 侨诀] 庆红令歹喉硅凡,贱,扁鸥 林幅,ALCOHOL,困胶虐,
[疯飘] 胶橇饭靛 滚磐 90g 4辆 (琶1),蜡力前,滚磐/积农覆,DAIRY,滚磐,疯飘
"救苛巢 何靛矾款 埃祈 曼固开, 100g, 1俺 4,800盔 (100g寸 4,800盔) 郴老(老) 档馒 焊厘 5 (1088) 弥措 240盔 利赋",荐魂拱,固开/促矫付,DRIED_SEAFOOD,固开,救苛巢
[炔柳急狼 柳柳] 孺饶眠 家绊扁 汉澜,埃祈侥,剐虐飘,RTC_MEAL,剐虐飘,炔柳急狼 柳柳
蜡扁丑 慢揭 4kg,盲家/邦拱幅,揭/棱邦,GRAIN,慢揭,蜡扁丑
[搁荤尔] 埃祈茄 傈烹 茄侥棱盲 305g *2俺涝,埃祈侥,馆蛮幅,SIMPLE_PROCESSED,棱盲,搁荤尔
[官厚浚] 倡瘤 汉澜 2辆 (琶1),埃祈侥,饭飘肺飘,RTC_MEAL,饭飘肺飘,官厚浚
"肯档妇 积傈汗 (趁悼), 1俺, 275g(5付府) 8,890盔 (100g寸 3,233盔) 郴老(老) 货寒 档馒 焊厘 5 (38) 弥措 400盔 利赋",荐魂拱,炼俺/傈汗,RAW_SEAFOOD,傈汗,肯档妇
[急单捞离] 坷坊瘤 混备离 230g,惑柯侥前,离/胶橇饭靛,SAUCE_SEASONING,混备离,急单捞离
"踌瞒肺 灸绢辰 惫魂 港霸 (趁厘), 120g, 1俺 5,490盔 (100g寸 4,575盔) 郴老(老) 货寒 档馒 焊厘 4.5 (2479) 弥措 275盔 利赋",荐魂拱,炼俺/傈汗,RAW_SEAFOOD,港霸,
[磺肺肺] DIY 窍客捞救 乔磊父甸扁,埃祈侥,剐虐飘,RTC_MEAL,剐虐飘,
"掸付农 窍捞 夸备福飘, 750ml, 1俺涝, 1俺 2,680盔 (10ml寸 36盔) 郴老(老) 货寒 档馒 焊厘 5 (1125) 弥措 134盔 利赋",蜡力前,夸芭飘,DAIRY,夸备福飘,掸付农
"坷隆绢芦煌 124g, 15俺 13,500盔 (1俺寸 900盔) 郴老(老) 档馒 焊厘 5 (58304) 弥措 675盔 利赋",埃祈侥,扼搁,INSTANT,坷隆绢 芦煌,丑缴
[炼急龋炮辫摹] 舅鸥府辫摹 1kg,埃祈侥,馆蛮幅,SIMPLE_PROCESSED,舅鸥府辫摹,炼急龋炮辫摹
[官抚剖] 利剧颇 800g,盲家/邦拱幅,盲家,RAW_PRODUCE,利剧颇,官抚剖
"磅磅 单老府 快蜡, 900ml, 6俺 10,200盔 (100ml寸 189盔) 郴老(老) 货寒 档馒 焊厘 5 (5010) 弥措 510盔 利赋",蜡力前,快蜡/滴蜡,DAIRY,快蜡,磅磅
[悼堡粒哎] 厚忽坷隆绢粒,埃祈侥,馆蛮幅,SIMPLE_PROCESSED,坷隆绢粒哎,悼堡粒哎
[急拱技飘] [Dole] 秦陛 榜靛虐困 技飘 (16涝 / 2.1kg),苞老/斑苞幅,苞老,RAW_FRUIT,虐困,Dole
"弊尔拱赴单颇府胶 橇尔胶 剐啊风 飘饭叼记 T65, 2俺, 1kg 8,700盔 (100g寸 435盔) 郴老(老) 档馒 焊厘 5 (154) 弥措 435盔 利赋",炼固丰,啊风盒富,SAUCE_SEASONING,剐啊风,弊尔拱赴单颇府胶
"3549. 酒阁靛(盒富95%) - 钱弊赴 1kg, 1俺 9,950盔 (100g寸 995盔) 2/10(拳) 档馒 抗沥 5 (3618) 弥措 498盔 利赋",炼固丰,啊风盒富,SAUCE_SEASONING,酒阁靛 盒富,钱弊赴
公亲积力 1殿鞭 茄捣 国笼 坷般混(固冠) 300g,腊幅/拌鄂,蹬瘤绊扁,RAW_MEAT,坷般混,
"咯空狼父蛮 伙堡固 快府揭 归固, 漂殿鞭, 10kg, 1俺 18%43,900盔 35,900盔 (100g寸 359盔) 郴老(老) 档馒 焊厘 4.5 (214096) 弥措 1,795盔 利赋",盲家/邦拱幅,揭/棱邦,GRAIN,揭,咯空狼父蛮
[吩单溃仟靛] 历寸 浚力府呈胶 酒捞胶农覆 2辆 (琶1),埃侥幅,叼历飘/纳捞农,BAKERY,酒捞胶农覆,吩单
[辫痹如 茄苞] 曼柄规沥 100g,埃侥幅,苞磊/胶臣,SNACK,碍沥,辫痹如 茄苞
[府磐胶器飘] 拿矾钱 滚扼捞绢萍 檬妮复 6辆 (琶1),埃侥幅,檬妮复/荤帕,SNACK,檬妮复,府磐胶器飘
[搁荤尔] 海捞牧农覆胶颇霸萍 侩扁搁 330g*3俺涝,埃祈侥,饭飘肺飘,RTC_MEAL,饭飘肺飘,搁荤尔
[堡玫辫] 蚌芒倒辫 5g X 16豪,惑柯侥前,辫/磊馆,DRIED_SEAFOOD,辫,堡玫辫
"拿矾仟靛 汉篮 泅固, 300g, 1俺 4,600盔 (100g寸 1,533盔) 郴老(老) 档馒 焊厘 5 (1259) 弥措 230盔 利赋",盲家/邦拱幅,揭/棱邦,GRAIN,泅固,拿矾仟靛
"归汲 曼摹咀 柳, 900g, 1俺 56%12,980盔 5,650盔 (10g寸 63盔) 郴老(老) 档馒 焊厘 5 (4811) 弥措 283盔 利赋",炼固丰,炼固丰,SAUCE_SEASONING,曼摹咀,归汲
[固侥寸] 殿缴 捣墨明 180g * 2涝 (家胶器窃),埃祈侥,趁悼侥前,FROZEN_MEAL,趁悼 捣鳖胶,固侥寸
[扼后府目侨诀] 村荤捞 霖付捞 促捞变烈 45 (荤纳),贱,扁鸥 林幅,ALCOHOL,荤纳,扼后府目侨诀
[聪纠] 刮飘家陛荤帕 77g,埃侥幅,檬妮复/荤帕,SNACK,刮飘 家陛荤帕,聪纠
[急拱技飘] [MPARK] 喉发扼骇 绊寸档 坷坊瘤 3kg (9涝),苞老/斑苞幅,苞老,RAW_FRUIT,坷坊瘤,MPARK
[付令] 骏矩骏令 230g 2辆 (琶1),埃侥幅,檬妮复/荤帕,SNACK,骏浚骏令,付令
[窍覆] 穿奉瘤 催归槛,埃祈侥,剐虐飘,RTC_MEAL,剐虐飘,窍覆
[窍捞器农] 弊锭 弊 缔绊扁 皇亲沥混 500g (趁悼),腊幅/拌鄂,蹬瘤绊扁,RAW_MEAT,缔绊扁,窍捞器农
"家拳啊肋登绰快蜡 坷府瘤澄, 190ml, 48俺 35,360盔 (100ml寸 388盔) 郴老(老) 档馒 焊厘 5 (162165) 弥措 1,768盔 利赋",蜡力前,快蜡/滴蜡,DAIRY,快蜡,坷府瘤澄
[辫备盔急积] 惫魂 荤阿 蜡何檬逛 164g,埃祈侥,剐虐飘,RTC_MEAL,剐虐飘,辫备盔急积
"颇况坷捧 坷坊瘤饭阁, 500ml, 6俺 7,130盔 (100ml寸 238盔) 郴老(老) 档馒 焊厘 5 (17710) 弥措 356盔 利赋",澜丰,林胶,BEVERAGE,颇况坷捧,颇况坷捧
[沥固家] 厚窜揭 4kg,盲家/邦拱幅,揭/棱邦,GRAIN,揭,沥固家
[坷堆扁] 扼捞飘 酱啊 磊滴离 290g,惑柯侥前,离/胶橇饭靛,SAUCE_SEASONING,磊滴离,坷堆扁
[官促秦] 角加屈 炔怕盲 250g,荐魂拱,戈摹/扒绢拱,DRIED_SEAFOOD,炔怕,官促秦
[CU 侨诀] 硅厚摹喉发 家厚川喉尔,贱,客牢,ALCOHOL,拳捞飘 客牢,
[弊饭鸥] 倾宏 农贰目 2辆 (琶1),埃侥幅,苞磊/胶臣,SNACK,农贰目,弊饭鸥
"急柳器农茄捣 伙般混 1殿鞭 捞惑 (趁厘), 300g, 1俺 10,450盔 (100g寸 3,483盔) 郴老(老) 货寒 档馒 焊厘 4.5 (19088) 弥措 523盔 利赋",腊幅/拌鄂,蹬瘤绊扁,RAW_MEAT,伙般混,急柳器
"磊楷局蛮 悼拱汗瘤 公亲积力 归祸 蜡沥鄂, 30备, 1俺 14,900盔 (1备寸 497盔) 郴老(老) 货寒 档馒 焊厘 4.5 (7150) 弥措 745盔 利赋",腊幅/拌鄂,拌鄂,RAW_MEAT,拌鄂,磊楷局蛮
[传采崔霓] 胶畴快 钮宏绊备付(100g*6涝) 2辆,埃侥幅,苞磊/胶臣,SNACK,绊备付 钮宏,传采崔霓
[力肺宏饭靛] 历寸 龋剐 侥户 500g,埃侥幅,户幅,BAKERY,侥户,力肺宏饭靛
[粮念 胆府固飘] 烹海捞牧 (2俺涝),腊幅/拌鄂,啊傍腊(擒/家矫瘤),PROCESSED_MEAT,海捞牧,粮念 胆府固飘
[急拱技飘] [沥固家]漂喊犁硅固 坷邦技飘 4kg (14盒档),盲家/邦拱幅,揭/棱邦,GRAIN,棱邦,沥固家
[基钎] 揭家搁 800g,盲家/邦拱幅,搁幅,GRAIN,家搁,基钎
[急拱技飘] 弊扼愁肺瘤 弊贰愁扼 2龋(150g X 3辆),惑柯侥前,矫府倔,GRAIN,弊贰愁扼,弊扼愁肺瘤
[ardo] 趁悼 肯滴尼 400g,盲家/邦拱幅,尼/滴何,SIMPLE_PROCESSED,肯滴尼,ardo
[穿抛捞喉] 俊弊圾矾靛,埃祈侥,圾矾靛蒲,RTC_MEAL,俊弊圾矾靛,穿抛捞喉
"哎酒父电硅, 238ml, 12俺 4%8,400盔 8,000盔 (100ml寸 280盔) 郴老(老) 货寒 档馒 焊厘 5 (2978) 弥措 400盔 利赋",澜丰,林胶,BEVERAGE,哎酒父电 硅,秦怕
[酱欺虐模] 甸扁抚宫篮瘤汉澜,埃祈侥,馆蛮幅,SIMPLE_PROCESSED,宫篮瘤 汉澜,酱欺虐模
[颇固绊] 竣胶飘扼 滚柳 棵府宏 坷老 500mL,炼固丰,侥侩蜡/扁抚,SAUCE_SEASONING,棵府宏坷老,颇固绊
"窍覆 侩啊府 摹挪 (趁悼), 450g, 1俺 7,920盔 (100g寸 1,760盔) 郴老(老) 货寒 档馒 焊厘 5 (51710) 弥措 396盔 利赋",埃祈侥,趁悼侥前,FROZEN_MEAL,侩啊府摹挪,窍覆
[惑窍丑盔] 荐力 胶飘傅 摹令 50g,蜡力前,摹令,DAIRY,胶飘傅 摹令,惑窍丑盔
[鞘扼胆乔酒] 摹令纳劳 2辆 794g (琶1),埃侥幅,叼历飘/纳捞农,BAKERY,摹令 纳捞农,鞘扼胆乔酒
[其捞厘宏饭烹] 福 喉风 档海福春 摹令 125g,蜡力前,摹令,DAIRY,喉风 摹令,其捞厘宏饭烹
[粮念 胆府固飘] 酱官牢切季 650g (趁悼),腊幅/拌鄂,啊傍腊(擒/家矫瘤),PROCESSED_MEAT,酱官牢切季,粮念 胆府固飘
[力老嘎霸拿府] 概老 咐乐绰 醚阿辫摹 1kg,埃祈侥,馆蛮幅,SIMPLE_PROCESSED,醚阿辫摹,力老嘎霸拿府
[舅珐剐府酒] 叠扁离 300g,惑柯侥前,离/胶橇饭靛,SAUCE_SEASONING,叠扁离,舅珐剐府酒
[歹 飘矾敲海捞目府] 萍酱 宏饭靛 140g,埃侥幅,户幅,BAKERY,萍酱 宏饭靛,歹 飘矾敲海捞目府
[扼福荤] 胶其牢 蜡魂闭 滚磐 250g 2辆 (琶1),蜡力前,滚磐/积农覆,DAIRY,滚磐,扼福荤
"海海念 贸澜 冈绰 硅档扼瘤 蜡酒 澜丰, 100ml, 20俺 20%25,000盔 20,000盔 (100ml寸 1,000盔) 郴老(老) 档馒 焊厘 5 (14054) 弥措 850盔 利赋",固殿废 墨抛绊府,扁鸥,UNKNOWN,扁鸥,海海念
[茄尝烹混] 狐昏 拟昏 催啊娇混 380g(趁悼),腊幅/拌鄂,催绊扁,RAW_MEAT,催啊娇混,茄尝烹混
[急拱技飘] 唱林 脚绊硅 技飘 4.5kg(6~7涝),苞老/斑苞幅,苞老,RAW_FRUIT,硅,
"茄澜固啊 2025斥魂 禽揭 快府揭 归固, 惑殿鞭, 5kg, 1俺 18,900盔 (100g寸 378盔) 郴老(老) 档馒 焊厘 4.5 (30827) 弥措 945盔 利赋",盲家/邦拱幅,揭/棱邦,GRAIN,揭,茄澜固啊
[GB 坷疵澈篮拌鄂] 1+殿鞭 公亲积力 漂鄂 20备,腊幅/拌鄂,拌鄂,RAW_MEAT,拌鄂,GB 坷疵澈篮拌鄂
"钙缴 坷府瘤朝 目乔, 300g, 1俺涝, 1俺 15,340盔 (10g寸 511盔) 郴老(老) 档馒 焊厘 5 (32680) 弥措 767盔 利赋",澜丰,目乔/瞒,BEVERAGE,目乔雇胶,钙缴
[窍巢蹬瘤笼] 枚魄伙般混付公府汉澜逛 4涝,埃祈侥,饭飘肺飘,RTC_MEAL,饭飘肺飘,窍巢蹬瘤笼
[屈力催惯] 惫拱 公焕 催惯,埃祈侥,饭飘肺飘,RTC_MEAL,饭飘肺飘,屈力催惯
[皋捞瘤] 喉废 檬妮复 3辆 (琶1),埃侥幅,檬妮复/荤帕,SNACK,檬妮复,皋捞瘤
"酒摹墨其 内内秤 墨仟摹畴 目乔, 20g, 50俺涝, 1俺 17,890盔 (10g寸 179盔) 郴老(老) 档馒 焊厘 5 (4171) 弥措 895盔 利赋",澜丰,目乔/瞒,BEVERAGE,墨仟摹畴,酒摹墨其
"厚厚绊 拱父滴 (趁悼), 315g, 1俺 30%7,480盔 5,230盔 (100g寸 1,660盔) 郴老(老) 货寒 档馒 焊厘 5 (49416) 弥措 261盔 利赋",埃祈侥,趁悼侥前,FROZEN_MEAL,趁悼 父滴,厚厚绊
[舅府救磊] 酒焊墨档 坷老 1L,炼固丰,侥侩蜡/扁抚,SAUCE_SEASONING,酒焊墨档 坷老,舅府救磊
[海虐酒俊穿焊] 荐农饭 农饭捞橇纳捞农 950g,埃侥幅,叼历飘/纳捞农,BAKERY,农饭捞橇 纳捞农,海虐酒俊穿焊
[炒厄海凡] 靛傅哦 蜡扁丑 葡拱 24器,固殿废 墨抛绊府,扁鸥,UNKNOWN,扁鸥,炒厄海凡
"墨穿 歹喉鸡 扼都 目乔雇胶 胶平, 13.5g, 30俺涝, 2俺 23,480盔 (10g寸 290盔) 郴老(老) 档馒 焊厘 5 (41605) 弥措 1,174盔 利赋",澜丰,目乔/瞒,BEVERAGE,目乔雇胶,墨穿 
[辆啊] 醚阿辫摹 2.3kg,埃祈侥,馆蛮幅,SIMPLE_PROCESSED,醚阿辫摹,辆啊
[力阿阿] 龋冠绊备付 3kg,盲家/邦拱幅,盲家,RAW_PRODUCE,龋冠绊备付,力阿阿
[胶鸥棍胶] 牢胶畔飘 目乔 墨其 葛刚飘 4辆 (琶1),澜丰,目乔/瞒,BEVERAGE,目乔,胶鸥棍胶
"磅磅 趁悼 剧颇浇扼捞胶, 500g, 2俺 5,430盔 (100g寸 543盔) 郴老(老) 货寒 档馒 焊厘 5 (11831) 弥措 271盔 利赋",盲家/邦拱幅,盲家,RAW_PRODUCE,剧颇,磅磅
"概老快蜡 坷府瘤澄, 900ml, 6俺 16,310盔 (100ml寸 302盔) 郴老(老) 货寒 档馒 焊厘 5 (239435) 弥措 815盔 利赋",蜡力前,快蜡/滴蜡,DAIRY,快蜡,概老快蜡
[钱公盔] 95% 促柳客荤厚 80g (趁厘),盲家/邦拱幅,盲家,RAW_PRODUCE,客荤厚,钱公盔
[歧府眉萍] 蜡扁丑 颇胶鸥搁 4辆 (琶1),盲家/邦拱幅,搁幅,GRAIN,颇胶鸥搁,歧府眉萍
[坷啊葱闺府] 固惫 蜡扁丑 滚磐 454g 2辆 (琶1),蜡力前,滚磐/积农覆,DAIRY,滚磐,坷啊葱闺府
[坷付淡] 浅斥规狙埃 侗部摹,埃祈侥,剐虐飘,RTC_MEAL,剐虐飘,坷付淡
[嫡备唱公] 并蕾鉴甸柄汉澜,埃祈侥,馆蛮幅,SIMPLE_PROCESSED,并蕾鉴 甸柄汉澜,嫡备唱公
"陛磊匙 咐辫摹, 1kg, 1俺 7,900盔 (100g寸 790盔) 郴老(老) 货寒 档馒 焊厘 4.5 (7294) 弥措 395盔 利赋",埃祈侥,馆蛮幅,SIMPLE_PROCESSED,硅眠辫摹,陛磊匙
"惫郴魂 模券版 例窜公, 400g, 1俺, 2俺 3,860盔 (100g寸 483盔) 郴老(老) 货寒 档馒 焊厘 4.5 (18961) 弥措 193盔 利赋",盲家/邦拱幅,盲家,RAW_PRODUCE,公,
"磅磅 倡瘤粒, 250g, 1俺 6,940盔 (10g寸 278盔) 郴老(老) 货寒 档馒 焊厘 4.5 (18813) 弥措 347盔 利赋",埃祈侥,馆蛮幅,SIMPLE_PROCESSED,倡瘤粒哎,磅磅
[膅膅海捞臂] 蜡扁丑 海捞臂 4辆 (琶1),埃侥幅,户幅,BAKERY,海捞臂,膅膅海捞臂
[橇饭瘤耽] 胶橇饭歹喉 摹令 140g,蜡力前,摹令,DAIRY,摹令,橇饭瘤耽
"窍府焊 榜靛海坊 俩府 93俺涝, 1kg, 1俺 20%15,900盔 12,580盔 (10g寸 126盔) 郴老(老) 档馒 焊厘 5 (130457) 弥措 629盔 利赋",埃侥幅,檬妮复/荤帕,SNACK,俩府,窍府焊
"剧充 漠笼 蹬瘤 空备捞, 1kg, 1俺 17%16,000盔 13,280盔 (100g寸 1,328盔) 郴老(老) 货寒 档馒 焊厘 4.5 (1159) 弥措 664盔 利赋",腊幅/拌鄂,蹬瘤绊扁,RAW_MEAT,蹬瘤哎厚,剧充 
[概老] 家拳啊 肋登绰 快蜡 930mL 2辆(琶 1),蜡力前,快蜡/滴蜡,DAIRY,快蜡,概老
"淬磐 皋剐瞒, 1.5g, 150俺涝, 2俺 16,700盔 (10g寸 371盔) 郴老(老) 档馒 焊厘 5 (22100) 弥措 835盔 利赋",澜丰,目乔/瞒,BEVERAGE,皋剐瞒,淬磐
"仟靛乏敲矾胶 何盲混 矫令醋 胶抛捞农, 200g, 1俺 44%17,900盔 9,900盔 (100g寸 4,950盔) 郴老(老) 货寒 档馒 焊厘 4.5 (5820) 弥措 444盔 利赋",埃祈侥,剐虐飘,RTC_MEAL,剐虐飘,仟靛乏
[畴酒海捞目府] 摹酒官鸥 3辆 150g (琶1),埃侥幅,户幅,BAKERY,摹酒官鸥,畴酒海捞目府
[芒撅] 龋冠牢例固 (50g X 10俺涝),埃侥幅,侗,SNACK,牢例固,芒撅
[巢档快局] 公亲积力 1++ 茄快 盲场 备捞侩 200g (趁厘),腊幅/拌鄂,家绊扁,RAW_MEAT,盲场混,巢档快局
"龋林魂 喉发巨芭胶 拉殿缴 备捞侩 (趁厘), 400g, 1俺 28%19,900盔 14,310盔 (100g寸 3,578盔) 郴老(老) 货寒 档馒 焊厘 4.5 (30643) 弥措 715盔 利赋",腊幅/拌鄂,家绊扁,RAW_MEAT,家 殿缴,
[CU 侨诀] 榜电喉风促捞酒阁靛,贱,扁鸥 林幅,ALCOHOL,困胶虐,
"茄规急积 扒炼 烹饶眠 凯概 漂前 府鞘侩, 150g, 1俺 43%8,900盔 4,990盔 (10g寸 333盔) 郴老(老) 档馒 焊厘 5 (638) 弥措 250盔 利赋",炼固丰,氢脚丰/倾宏,SAUCE_SEASONING,饶眠,茄规急积
"酒捞宏风 庆捞榴秤氢 盔滴目乔雇胶, 1g, 200俺涝, 1俺 27%27,900盔 20,300盔 (10g寸 1,015盔) 郴老(老) 档馒 焊厘 4.5 (11377) 弥措 1,015盔 利赋",澜丰,目乔/瞒,BEVERAGE,目乔雇胶,酒捞宏风
[归汲] 窍踞汲帕 1kg,炼固丰,炼固丰,SAUCE_SEASONING,汲帕,归汲
"辑匡快蜡 焕俊 斤斤 绊漠椒快蜡, 930ml, 2俺 19%7,340盔 5,880盔 (100ml寸 316盔) 郴老(老) 货寒 档馒 焊厘 5 (5290) 弥措 294盔 利赋",蜡力前,快蜡/滴蜡,DAIRY,快蜡,辑匡快蜡
"剧馆 棵府宏 辫, 4.5g, 12俺 37%8,990盔 5,660盔 (10g寸 1,048盔) 郴老(老) 货寒 档馒 焊厘 5 (1255) 弥措 283盔 利赋",惑柯侥前,辫/磊馆,DRIED_SEAFOOD,辫,剧馆
[叼 官福海肺] 怕喉复 檬妮复 6辆,埃侥幅,檬妮复/荤帕,SNACK,檬妮复,叼 官福海肺
[Kiri] 尝府 钓矩农繁摹 喉风海府 (35g X 3涝),埃侥幅,苞磊/胶臣,SNACK,农繁摹官,Kiri
"巢剧蜡诀 夸备福飘, 65ml, 40俺涝, 1俺 6,000盔 (10ml寸 23盔) 郴老(老) 货寒 档馒 焊厘 5 (74065) 弥措 300盔 利赋",蜡力前,夸芭飘,DAIRY,夸备福飘,巢剧蜡诀
[积固僵] 橇坊摹 档秤 檬内付喉 180g,埃侥幅,叼历飘/纳捞农,BAKERY,档秤,积固僵
[急拱技飘] 措玫辫 蚌芒 牡辫 去钦 技飘,惑柯侥前,辫/磊馆,DRIED_SEAFOOD,辫,措玫辫
[KF365] 畴福傀捞 积楷绢雀&胶抛捞农 (趁厘) (琶1),荐魂拱,积急,RAW_SEAFOOD,楷绢,KF365
[柳啊匙馆蛮] 阂绊扁 厚忽逛,埃祈侥,剐虐飘,RTC_MEAL,剐虐飘,柳啊匙馆蛮
"府内胶 扼款靛 唱幂 抹, 454g, 1俺 5,970盔 (10g寸 131盔) 郴老(老) 档馒 焊厘 4.5 (32684) 弥措 299盔 利赋",埃侥幅,苞磊/胶臣,SNACK,唱幂,府内胶
[歹 歹摹] 胶其既 扼亥歹 摹令 200g,蜡力前,摹令,DAIRY,扼亥歹 摹令,歹 歹摹
"磅磅 1殿鞭 惫魂尼 滴何, 300g, 1蒲 1,960盔 (100g寸 653盔) 郴老(老) 货寒 档馒 焊厘 5 (16819) 弥措 98盔 利赋",盲家/邦拱幅,尼/滴何,SIMPLE_PROCESSED,滴何,磅磅
[飘饭巧] 目乔咐 牡叼 2辆 (琶1),埃侥幅,檬妮复/荤帕,SNACK,牡叼,飘饭巧
"捣矫阁 馒馏 坷坊瘤 林胶, 2L, 1俺 10,880盔 (100ml寸 544盔) 郴老(老) 档馒 焊厘 货 惑前, 馆前-固俺豪 (14) 弥历9,470盔 5 (32289) 弥措 544盔 利赋",澜丰,林胶,BEVERAGE,坷坊瘤 林胶,捣矫阁
"搁荤尔 荤穿尝 快悼搁 5俺涝 (趁悼), 1.15kg, 2俺 9,660盔 (100g寸 420盔) 郴老(老) 货寒 档馒 焊厘 5 (8821) 弥措 483盔 利赋",盲家/邦拱幅,搁幅,GRAIN,快悼搁,搁荤尔
[CU 侨诀] 叼墨捞欺羔沸,贱,扁鸥 林幅,ALCOHOL,府钮福,叼墨捞欺
"归魂荐 公扼骇 积荐, 500ml, 40俺 12%19,712盔 17,300盔 (100ml寸 87盔) 郴老(老) 档馒 焊厘 5 (235382) 弥措 865盔 利赋",澜丰,积荐,BEVERAGE,积荐,归魂荐
[基钎] 鉴累 蜡扁丑皋剐瞒 (10g X 20俺),澜丰,目乔/瞒,BEVERAGE,皋剐瞒,基钎
"档甸基 柳固盲, 90g, 1俺 3,700盔 (10g寸 411盔) 郴老(老) 货寒 档馒 焊厘 4.5 (5228) 弥措 185盔 利赋",荐魂拱,绢腊啊傍侥前,SIMPLE_PROCESSED,柳固盲,档甸基
[困聪厚聪] 捞祸 俩府 & 牡叼 5辆 榜扼淬扁 (琶1),埃侥幅,檬妮复/荤帕,SNACK,俩府,困聪厚聪
"力聪海捞目府 2雇胶 捻虐 S, 320g, 1俺 24,300盔 (10g寸 759盔) 郴老(老) 档馒 焊厘 4.5 (1178) 弥措 1,215盔 利赋",埃侥幅,苞磊/胶臣,SNACK,捻虐,力聪海捞目府
"ORGA 瘪 皋眠府舅, 270g, 1俺 6,800盔 (100g寸 2,519盔) 郴老(老) 货寒 档馒 焊厘 5 (991) 弥措 340盔 利赋",腊幅/拌鄂,拌鄂,RAW_MEAT,皋眠府舅,ORGA
[概老] 付捞 墨其扼都 颇福其 (220mL X 4俺),埃侥幅,叼历飘/纳捞农,BAKERY,颇福其,概老
[急拱技飘] 付澜淬篮 硅 技飘 7.5kg,苞老/斑苞幅,苞老,RAW_FRUIT,硅,
[酒鹅根] 府倔 蔓 苛荐荐户 (87g X 6俺),埃侥幅,户幅,BAKERY,苛荐荐户,酒鹅根
"捻扼能 矫坷 能何 堪厘 促矫付, 1俺, 130g 11,500盔 (100g寸 8,846盔) 郴老(老) 档馒 焊厘 5 (958) 弥措 575盔 利赋",荐魂拱,固开/促矫付,DRIED_SEAFOOD,促矫付,捻扼能
[掸付农] 蜡扁丑 磊楷规格 酒扁摹令 2辆 (琶1),蜡力前,摹令,DAIRY,摹令,掸付农
[歹宏饭靛喉风] 厚扒 烹剐 酱喷坊 400g,埃侥幅,叼历飘/纳捞农,BAKERY,酱喷坊,歹宏饭靛喉风
[Project H] 橇肺凭 历寸 抛橇 葛醋户 (29g X 6俺涝),埃侥幅,户幅,BAKERY,葛醋户,Project H
"秦剧荐魂何前龙牢刘 惫魂 啊凯炼府侩 见奔 (趁厘), 350g, 1俺 6%9,900盔 9,300盔 (100g寸 2,657盔) 郴老(老) 货寒 档馒 焊厘 4.5 (8868) 弥措 465盔 利赋",荐魂拱,炼俺/傈汗,RAW_SEAFOOD,奔,
"酒魔俊林胶 坷坊瘤林胶, 950ml, 2俺 8,800盔 (100ml寸 463盔) 郴老(老) 货寒 档馒 焊厘 5 (87281) 弥措 440盔 利赋",澜丰,林胶,BEVERAGE,坷坊瘤 林胶,酒魔俊林胶
"厚浇魂 玫斥瘤扁揭 伙堡固 归固, 漂殿鞭, 10kg, 1俺 31,900盔 (100g寸 319盔) 郴老(老) 档馒 焊厘 4.5 (670) 弥措 1,595盔 利赋",盲家/邦拱幅,揭/棱邦,GRAIN,揭,厚浇魂
[官福海扼] 矫磨府酒 PGI 坷啊葱 竣胶飘扼滚柳 棵府宏坷老 500mL,炼固丰,侥侩蜡/扁抚,SAUCE_SEASONING,棵府宏坷老,官福海扼
苛荐荐户 积瘤 (70g X 5俺涝),埃侥幅,户幅,BAKERY,积瘤,
[弊腐单捞] 府倔墨墨坷 弊贰愁扼 150g,惑柯侥前,矫府倔,GRAIN,弊贰愁扼,弊腐单捞
[Kurly's] 拱父滴,埃祈侥,趁悼侥前,FROZEN_MEAL,趁悼 父滴,Kurly's
[弊扼愁肺瘤] 窍风 弊贰愁扼 10俺涝,惑柯侥前,矫府倔,GRAIN,弊贰愁扼,弊扼愁肺瘤
[唱啊鸥聪浚] 饶府墨纳 汉澜逛 剧充 4辆,炼固丰,炼固丰,SAUCE_SEASONING,饶府墨纳,唱啊鸥聪浚
[玫龋浚纳绢] 1005 虐叼 焊酒孺付疵 30器,固殿废 墨抛绊府,扁鸥,UNKNOWN,扁鸥,玫龋浚纳绢
[力林芒秦] 力林 篮哎摹 3辆 (趁悼) (琶1),荐魂拱,积急,RAW_SEAFOOD,哎摹,力林芒秦
"荤炼盔 催救缴 (趁厘), 1俺, 1kg 6,550盔 (100g寸 655盔) 郴老(老) 货寒 档馒 焊厘 5 (64) 弥措 328盔 利赋",腊幅/拌鄂,催绊扁,RAW_MEAT,催 救缴,荤炼盔
[掸付农] 积农覆 500mL,蜡力前,滚磐/积农覆,DAIRY,积农覆,掸付农
[乔弊牢歹啊电] 俊弊付夸 胶尿圾矾靛 400g,埃祈侥,圾矾靛蒲,RTC_MEAL,俊弊付夸 圾矾靛,乔弊牢歹啊电
"剧馆 棵府宏 辫, 4.5g, 12俺 37%8,990盔 5,660盔 (10g寸 1,048盔) 郴老(老) 档馒 焊厘 5 (11420) 弥措 283盔 利赋",惑柯侥前,辫/磊馆,DRIED_SEAFOOD,辫,剧馆辫
[Biscuiterie de Provence] [剐啊风0%] 酒阁靛&广 纳捞农 240g,埃侥幅,叼历飘/纳捞农,BAKERY,纳捞农,Biscuiterie de Provence
[葛畴虐模] 牢扁 捣鳖胶 3辆,埃祈侥,趁悼侥前,FROZEN_MEAL,趁悼 捣鳖胶,葛畴虐模
"讣篮拱俊 锰滴何, 550g, 2俺 3,390盔 (100g寸 308盔) 郴老(老) 货寒 档馒 焊厘 5 (33174) 弥措 170盔 利赋",盲家/邦拱幅,尼/滴何,SIMPLE_PROCESSED,滴何,讣篮拱俊
"吩单溃仟靛 胶墨摹牡叼 技啊瘤咐, 157g, 3俺 4,750盔 (10g寸 101盔) 郴老(老) 档馒 焊厘 5 (21114) 弥措 238盔 利赋",埃侥幅,檬妮复/荤帕,SNACK,牡叼,吩单
[坷堆扁] 府倔 高矫沫 宏府肚 其其肺聪飘府敲摹令 (125G x 3俺涝),蜡力前,摹令,DAIRY,摹令,坷堆扁
"归汲 夸府 棵府绊寸, 1.2kg, 1俺 41%6,480盔 3,760盔 (100g寸 313盔) 郴老(老) 货寒 档馒 焊厘 5 (640) 弥措 188盔 利赋",炼固丰,剧充/家胶,SAUCE_SEASONING,棵府绊寸,归汲
[窍覆] 咐催 催啊娇混 4辆 100g (趁厘) (1涝),腊幅/拌鄂,催绊扁,RAW_MEAT,催啊娇混,窍覆
"措玫辫 犁贰傈厘辫 DC180, 22g, 5俺 32%15,000盔 10,080盔 (10g寸 916盔) 郴老(老) 档馒 焊厘 4.5 (69157) 弥措 504盔 利赋",惑柯侥前,辫/磊馆,DRIED_SEAFOOD,辫,措玫辫
[歹宏饭靛喉风] 葛醋户 (25g X 9俺),埃侥幅,户幅,BAKERY,葛醋户,歹宏饭靛喉风
[辑匡快蜡] 唱100% 快蜡 2.3L 2辆 (琶1),蜡力前,快蜡/滴蜡,DAIRY,快蜡,辑匡快蜡
[Kurly's] 击靛困摹侩 崔翱皑磊 圾矾靛 500g,埃祈侥,圾矾靛蒲,RTC_MEAL,皑磊 圾矾靛,Kurly's
[秦酒恩] 苛荐荐 汲扁 (85g X 5俺涝),埃侥幅,侗,SNACK,归汲扁,秦酒恩
"磅磅 官筋 竣胶飘扼滚柳 棵府宏坷老, 1L, 1俺 17,990盔 (100ml寸 1,799盔) 郴老(老) 货寒 档馒 焊厘 货 惑前, 馆前-固俺豪 (2) 弥历17,090盔 5 (6228) 弥措 900盔 利赋",炼固丰,侥侩蜡/扁抚,SAUCE_SEASONING,棵府宏坷老,官筋
[辫备盔急积] 蜡扁丑 槛林唱拱 500g,盲家/邦拱幅,盲家,RAW_PRODUCE,槛林唱拱,辫备盔急积
[格快锰] 林何9窜 厚浚唱 家矫瘤,腊幅/拌鄂,啊傍腊(擒/家矫瘤),PROCESSED_MEAT,厚浚唱 家矫瘤,格快锰
[剖价] 皑磊 2kg (败匡 窍快胶 寝),盲家/邦拱幅,盲家,RAW_PRODUCE,皑磊,剖价
[付南坷匙捞贸] 坷! 弊贰愁扼 弊贰愁扼扑 4辆 (琶1),埃侥幅,苞磊/胶臣,SNACK,斑苞幅 苞磊,付南坷
[KF365] 公亲积力 漂鄂 30备 (15备*2ea),腊幅/拌鄂,拌鄂,RAW_MEAT,拌鄂,KF365
[辑匡快蜡] 叠扁 夸芭飘 (85g X 4俺),蜡力前,夸芭飘,DAIRY,夸芭飘,辑匡快蜡
"坷堆扁 谎寂谎寂 阂绊扁咐, 90g, 6俺 3,880盔 (10g寸 72盔) 郴老(老) 档馒 焊厘 5 (33410) 弥措 194盔 利赋",埃侥幅,苞磊/胶臣,SNACK,谎寂谎寂,坷堆扁
[弊贰牢胶 捻虐] 局敲矫唱阁 捻虐 (15俺),埃侥幅,苞磊/胶臣,SNACK,捻虐,弊贰牢胶 捻虐
[La bocca] 乔沫 颇捞 (50g X 5俺),埃侥幅,叼历飘/纳捞农,BAKERY,颇捞,La bocca
"悼拱汗瘤 货窍踞 蜡沥 馆槛鄂 15备, 1俺 9,310盔 (1备寸 621盔) 郴老(老) 货寒 档馒 焊厘 5 (1373) 弥措 465盔 利赋",腊幅/拌鄂,拌鄂,RAW_MEAT,馆槛鄂,
[聪喉胶] 檬妮复 10P (积老绵窍菩虐瘤),埃侥幅,檬妮复/荤帕,SNACK,檬妮复,聪喉胶
[抗蛮盔] 辫末惫 5俺涝 (喉钒惫),埃祈侥,剐虐飘,RTC_MEAL,剐虐飘,抗蛮盔
[官抚剖] 蜡矾乔救 啊电 圾矾靛 雇胶 500g,埃祈侥,圾矾靛蒲,RTC_MEAL,圾矾靛,官抚剖
[胶虐聪乔弊] 历寸 颇牢飘 酒捞胶农覆 474mL 8辆(琶1),埃侥幅,叼历飘/纳捞农,BAKERY,酒捞胶农覆,胶虐聪乔弊
蜡扁丑 接硅眠 1烹,盲家/邦拱幅,盲家,RAW_PRODUCE,硅眠,
"滴焊侥前 官弗邦拱 惫郴魂 公丑距 坷飘剐, 800g, 1俺 32%19,100盔 12,800盔 (100g寸 1,600盔) 郴老(老) 档馒 焊厘 5 (6908) 弥措 640盔 利赋",澜丰,林胶,BEVERAGE,邦拱 澜丰,滴焊侥前
[海瘤剐] 绊窜归 滴蜡 檬内 (190mL X 16俺),蜡力前,快蜡/滴蜡,DAIRY,檬内 滴蜡,海瘤剐
[乔弊牢歹啊电] 橇饭浆雇胶 海捞流圾矾靛,埃祈侥,圾矾靛蒲,RTC_MEAL,圾矾靛,乔弊牢歹啊电
"康堡 过己器 措侩樊 奔厚 20固 (趁悼), 1.4kg, 1蒲 29,900盔 (100g寸 2,136盔) 郴老(老) 货寒 档馒 焊厘 4.5 (17179) 弥措 1,395盔 利赋",荐魂拱,戈摹/扒绢拱,DRIED_SEAFOOD,奔厚,康堡
[伙柳力距] 弊赴踌瞒 促捞绢飘 府畔峭 (30老盒),固殿废 墨抛绊府,扁鸥,UNKNOWN,扁鸥,伙柳力距
[炼牢] 蜡沥 皋眠府舅 56俺涝,腊幅/拌鄂,拌鄂,RAW_MEAT,皋眠府舅,炼牢
[歹 箕柠抛府酒] 捞呕府救 积擒 内颇,腊幅/拌鄂,啊傍腊(擒/家矫瘤),PROCESSED_MEAT,擒,歹 箕柠抛府酒
"厚厚绊 滴何惦灰 等厘骂俺, 460g, 1俺 36%5,980盔 3,820盔 (100g寸 830盔) 郴老(老) 货寒 档馒 焊厘 4.5 (759) 弥措 191盔 利赋",埃祈侥,饭飘肺飘,RTC_MEAL,饭飘肺飘,厚厚绊
[茄惫丑蛆辫摹] 醚阿辫摹 500g,埃祈侥,馆蛮幅,SIMPLE_PROCESSED,醚阿辫摹,茄惫丑蛆辫摹
[海捞厚夯磷] 茄快滚几阂绊扁,埃祈侥,饭飘肺飘,RTC_MEAL,饭飘肺飘,海捞厚夯磷
"内乔内 目乔咐 牡叼 喉府胶磐 蒲 12p, 384g, 2俺 34%24,000盔 15,660盔 (10g寸 204盔) 郴老(老) 档馒 焊厘 5 (23901) 弥措 783盔 利赋",埃侥幅,檬妮复/荤帕,SNACK,牡叼,内乔内
"拼货扼搁 弧拌侗 120g, 5俺 29%6,000盔 4,220盔 (1俺寸 844盔) 郴老(老) 货寒 档馒 焊厘 5 (7794) 弥措 211盔 利赋",埃祈侥,扼搁,INSTANT,拼货扼搁 弧拌侗,迫档
[乔浆僵] 磊槛 货快混 200g (趁悼) (100/200 荤捞令),荐魂拱,货快/霸,RAW_SEAFOOD,货快,乔浆僵
[乔俊阁抛] 捞呕府酒 蜡扁丑 荤苞侥檬/局荤厚 2辆 局荤厚 (500ml/1L),炼固丰,剧充/家胶,SAUCE_SEASONING,侥檬,乔俊阁抛
[剧荐搁苛] 茄快 没惫厘骂俺,埃祈侥,饭飘肺飘,RTC_MEAL,饭飘肺飘,剧荐搁苛
[La bocca] 何浆靛畴郡 (弊赴) 750g,埃侥幅,叼历飘/纳捞农,BAKERY,何浆靛畴郡,La bocca
[风贾] 仟烽 硅档扼瘤馏 20器,固殿废 墨抛绊府,扁鸥,UNKNOWN,扁鸥,风贾
[厚厚靛虐模] 历寸 接厘 家胶 300g,炼固丰,剧充/家胶,SAUCE_SEASONING,接厘,厚厚靛虐模
[官促盔] 榜靛扼骇 冈怕 40g X 2豪 (家胶 刘沥),荐魂拱,戈摹/扒绢拱,DRIED_SEAFOOD,冈怕,官促盔
固聪寸辟 300g,盲家/邦拱幅,盲家,RAW_PRODUCE,固聪 寸辟,
[钙颇捞矩鸥捞芭] 富瞒 40g 3辆 (琶1),澜丰,目乔/瞒,BEVERAGE,富瞒,钙颇捞矩鸥捞芭
飘府骇府 颇橇府墨 (2~3涝),盲家/邦拱幅,盲家,RAW_PRODUCE,颇橇府墨,飘府骇府
"丑缴 戈摹漠惫荐, 98g, 15俺 13,200盔 (100g寸 898盔) 郴老(老) 档馒 焊厘 5 (55393) 弥措 660盔 利赋",埃祈侥,扼搁,INSTANT,戈摹漠惫荐,丑缴
[急拱技飘] 康堡 过己器 疙前奔厚 3龋 750g (抗距老 荐飞),荐魂拱,戈摹/扒绢拱,DRIED_SEAFOOD,奔厚,康堡
[磊楷淬篮] 蜡扁丑 灸绢唱柯 剐虐凝 泅固 2kg,盲家/邦拱幅,揭/棱邦,GRAIN,泅固,磊楷淬篮
[力林己捞矫倒格厘] 葛楼芳扼 浇扼捞胶 摹令(20g x 5俺涝),蜡力前,摹令,DAIRY,葛楼芳扼 摹令,力林己捞矫倒格厘
[丑何敲矾胶] 趁拘馒 积甸扁抚 2辆 (琶1),炼固丰,侥侩蜡/扁抚,SAUCE_SEASONING,甸扁抚,丑何敲矾胶
"没沥盔 橇饭矫 付夸匙令, 800g, 1俺 5,550盔 (100g寸 694盔) 郴老(老) 档馒 焊厘 5 (53054) 弥措 278盔 利赋",炼固丰,剧充/家胶,SAUCE_SEASONING,付夸匙令,没沥盔
"概老蜡诀 楷蜡, 500g, 1俺 5,050盔 (100g寸 1,010盔) 郴老(老) 货寒 档馒 焊厘 5 (10083) 弥措 253盔 利赋",蜡力前,快蜡/滴蜡,DAIRY,楷蜡,概老
[窍牢令] 拳捞飘 侥檬 3.785L,炼固丰,剧充/家胶,SAUCE_SEASONING,拳捞飘 侥檬,窍牢令
[归汲] 扒碍惯瓤 荤苞侥檬,炼固丰,剧充/家胶,SAUCE_SEASONING,侥檬,归汲
固聪坷捞 10涝,盲家/邦拱幅,盲家,RAW_PRODUCE,固聪 坷捞,
[固磊攫聪匙] 采霸 咀粒 2辆 (琶1),炼固丰,剧充/家胶,SAUCE_SEASONING,采霸 咀粒,固磊攫聪匙
[急拱技飘] 个局斤斤 蜡扁丑 硅档扼瘤馏 2辆,固殿废 墨抛绊府,扁鸥,UNKNOWN,扁鸥,
"柳缴 寸搁, 1kg, 1俺 56%11,780盔 5,160盔 (100g寸 516盔) 郴老(老) 档馒 焊厘 4.5 (2925) 弥措 258盔 利赋",盲家/邦拱幅,搁幅,GRAIN,寸搁,柳缴
"胆阁飘 胶柠令 器档 俊捞靛, 240ml, 30俺 28%15,700盔 11,170盔 (100ml寸 155盔) 郴老(老) 档馒 焊厘 货 惑前, 馆前-固俺豪 (24) 弥历9,620盔 5 (3858) 弥措 559盔 利赋",澜丰,林胶,BEVERAGE,器档林胶,胆阁飘
"堡玫 犁贰 牡辫 210g, 6俺 29%31,000盔 21,900盔 (1技飘寸 3,650盔) 郴老(老) 档馒 焊厘 4.5 (1566) 弥措 1,095盔 利赋",惑柯侥前,辫/磊馆,DRIED_SEAFOOD,辫,堡玫辫
[柳啊匙馆蛮] 惫郴魂 快钧盲炼覆 300g (措侩樊),埃祈侥,馆蛮幅,SIMPLE_PROCESSED,快钧盲炼覆,柳啊匙馆蛮
[汲己格厘] 茄快 空父滴 420g,埃祈侥,趁悼侥前,FROZEN_MEAL,趁悼 父滴,汲己格厘
[酒胶捧府酒唱] 器记 滚磐 12俺涝,蜡力前,滚磐/积农覆,DAIRY,滚磐,酒胶捧府酒唱
"秦蛮甸 拱肺父 产咯档 漠漠茄 没剧檬 等厘骂俺剧充, 450g, 1俺 48%9,440盔 4,900盔 (100g寸 1,089盔) 郴老(老) 档馒 焊厘 5 (4652) 弥措 245盔 利赋",炼固丰,剧充/家胶,SAUCE_SEASONING,剧充,秦蛮甸
[歹窜归] 橇肺凭官 3辆,埃侥幅,苞磊/胶臣,SNACK,橇肺凭官,歹窜归
[官抚剖] 力林 备谅 入寸辟 2辆,盲家/邦拱幅,盲家,RAW_PRODUCE,寸辟,官抚剖
[繁带海捞臂孤瘤决] 海捞臂 4俺 & 农覆摹令 2俺,埃侥幅,户幅,BAKERY,海捞臂,繁带海捞臂孤瘤决
[酱欺虐模] 家绊扁滴何炼覆,埃祈侥,馆蛮幅,SIMPLE_PROCESSED,滴何炼覆,酱欺虐模
蜡扁丑 烹剐揭 500g,盲家/邦拱幅,揭/棱邦,GRAIN,烹剐揭,
[匙聪酒] 快府剐 趁悼 快悼搁 (230g x 5俺涝),盲家/邦拱幅,搁幅,GRAIN,快悼搁,匙聪酒
[Kurly's] 悼拱汗瘤 蜡沥鄂 40备,腊幅/拌鄂,拌鄂,RAW_MEAT,拌鄂,Kurly's
"磅磅 家吝茄 快府揭 逛, 200g, 10俺 33%13,500盔 8,990盔 (100g寸 450盔) 郴老(老) 档馒 焊厘 5 (100263) 弥措 450盔 利赋",埃祈侥,溜籍逛,INSTANT,溜籍逛,磅磅
[仟叼滚叼] 茄快 墨饭/楼厘/阂绊扁/配付配 丹逛家胶 5俺涝 (琶2),炼固丰,剧充/家胶,SAUCE_SEASONING,丹逛 家胶,仟叼滚叼
[宏饭靛啊电] 酒阁靛盒富 60g,炼固丰,啊风盒富,SAUCE_SEASONING,酒阁靛 盒富,宏饭靛啊电
[弊腐单捞] 弊腐夸芭飘 矫弊聪贸 800g,蜡力前,夸芭飘,DAIRY,弊腐夸芭飘,弊腐单捞
[急拱技飘] 个局斤斤 蜡扁丑 硅档扼瘤没 2涝 技飘,固殿废 墨抛绊府,扁鸥,UNKNOWN,扁鸥,
荤官 官唱唱肺 父电 皑槛空 官唱唱抹 70g,埃侥幅,苞磊/胶臣,SNACK,苞老抹,
"付弗 临扁惑眠(扒泵盲), 80g, 1俺 3,170盔 (10g寸 396盔) 郴老(老) 货寒 档馒 焊厘 4.5 (4731) 弥措 159盔 利赋",盲家/邦拱幅,盲家,RAW_PRODUCE,泵盲,
[乘乘] 惦灰 摹酒官鸥 3辆 (琶1),埃侥幅,户幅,BAKERY,摹酒官鸥,乘乘
蜡扁丑 泅固去钦 7邦 1.8kg,盲家/邦拱幅,揭/棱邦,GRAIN,棱邦,
[瞒妨辰] 备荐窍绊 淬归茄 没惫厘 (2俺涝),炼固丰,剧充/家胶,SAUCE_SEASONING,没惫厘,瞒妨辰
"叼浆橇肺璃飘 倾聪滚磐 矫令醋, 80g, 1俺 54%13,100盔 5,900盔 (100g寸 7,375盔) 郴老(老) 档馒 焊厘 5 (1445) 弥措 295盔 利赋",炼固丰,剧充/家胶,SAUCE_SEASONING,倾聪滚磐,叼浆橇肺璃飘
[辑匡快蜡 x 付南拿府] 摹令促款 摹令 绊漠椒&绊窜归 (18g X 13涝),蜡力前,摹令,DAIRY,摹令,辑匡快蜡 x 付南拿府
[秤明弊赴] 历寸 历漠肺府 叠扁离 240g,惑柯侥前,离/胶橇饭靛,SAUCE_SEASONING,叠扁离,秤明弊赴
蜡扁丑 促柳 厚飘 100g x 2涝,盲家/邦拱幅,盲家,RAW_PRODUCE,厚飘,
"磅磅 瘪 皋眠府舅, 270g, 1豪 3,680盔 (100g寸 1,363盔) 郴老(老) 货寒 档馒 焊厘 5 (112156) 弥措 184盔 利赋",腊幅/拌鄂,拌鄂,RAW_MEAT,皋眠府舅,磅磅
[墨胶抛捞喉况磐] 康惫 农贰目 4辆 (琶 1),埃侥幅,苞磊/胶臣,SNACK,农贰目,墨胶抛捞喉况磐
"坷堆扁 崔霓茄 纳捞农 矫反, 220g, 3俺 4,250盔 (100g寸 644盔) 郴老(老) 档馒 焊厘 5 (2230) 弥措 213盔 利赋",炼固丰,剧充/家胶,SAUCE_SEASONING,纳捞农 矫反,坷堆扁
"档靛恩茄捣 1殿鞭 殿缴 墨饭侩 (趁厘), 300g, 1俺 6,820盔 (100g寸 2,273盔) 郴老(老) 货寒 档馒 焊厘 5 (17399) 弥措 341盔 利赋",腊幅/拌鄂,蹬瘤绊扁,RAW_MEAT,蹬瘤 殿缴,档靛恩茄捣
"咐急积 戈摹叼器府 惫拱郴扁 茄舅, 160g, 2俺 59%31,360盔 12,600盔 (100g寸 3,938盔) 郴老(老) 档馒 焊厘 5 (25886) 弥措 630盔 利赋",炼固丰,炼固丰,SAUCE_SEASONING,内牢腊荐,咐急积
[急拱技飘] 个局斤斤 楼冈绰 蜡扁丑 硅档扼瘤咀 技飘 +(碱俏归 刘沥),固殿废 墨抛绊府,扁鸥,UNKNOWN,扁鸥,
[舅厚俊肺] 橇肺杭肺匙 倒眉 摹令 200g,蜡力前,摹令,DAIRY,摹令,舅厚俊肺
[99EATS] 滴霹茄 玛鄂剧部摹 320g (40g*8ea),腊幅/拌鄂,剧绊扁,RAW_MEAT,剧部摹,99EATS
[窍单芭] 胶困胶 酒奇俩矾 摹令,蜡力前,摹令,DAIRY,酒奇俩矾 摹令,窍单芭
[剖价] 颇橇府墨 1kg (7-9涝),盲家/邦拱幅,盲家,RAW_PRODUCE,颇橇府墨,剖价
[促焊] 蜡扁丑 叠扁离 260g,惑柯侥前,离/胶橇饭靛,SAUCE_SEASONING,叠扁离,促焊
[磊纳] 橇尔胶 固聪 宏扼快聪,埃侥幅,叼历飘/纳捞农,BAKERY,宏扼快聪,磊纳
"坷堆扁 鉴饶眠, 100g, 2俺 10,800盔 (10g寸 540盔) 郴老(老) 货寒 档馒 焊厘 5 (15096) 弥措 540盔 利赋",炼固丰,氢脚丰/倾宏,SAUCE_SEASONING,饶眠,坷堆扁
[某厚酒单老府] 官瘤遏惦灰漠惫荐,埃祈侥,剐虐飘,RTC_MEAL,剐虐飘,某厚酒单捞府
[没沥盔] 倾聪赣胶鸥靛家胶 320g,炼固丰,剧充/家胶,SAUCE_SEASONING,赣胶鸥靛,没沥盔
[农贰橇飘] 弊饭捞萍靛 颇付魂 摹令 80g,蜡力前,摹令,DAIRY,颇付脚 摹令,农贰橇飘
惑林 孺魔 坷捞 5涝,盲家/邦拱幅,盲家,RAW_PRODUCE,坷捞,
[棵峭] 蜡扁丑 饭阁馏&棵府宏蜡 棵牢盔 风凭蒲 (7器+7器),固殿废 墨抛绊府,扁鸥,UNKNOWN,扁鸥,棵峭
[KF365] 公亲积力 1+殿鞭 吝鄂 20备,腊幅/拌鄂,拌鄂,RAW_MEAT,拌鄂,KF365
[荤技] 滚迫肺喇 付老靛 倾聪咐,埃祈侥,趁悼侥前,FROZEN_MEAL,滚迫肺喇,荤技
[付付府] 家绊扁 公惫,埃祈侥,饭飘肺飘,RTC_MEAL,饭飘肺飘,付付府
[钦沥苛] 茄快剧瘤磅帕,埃祈侥,饭飘肺飘,RTC_MEAL,饭飘肺飘,钦沥苛
[急拱技飘] 辑匡距荤脚蛆 硅档扼瘤 胶平 30器,固殿废 墨抛绊府,扁鸥,UNKNOWN,扁鸥,
[急拱技飘] 酒焊墨档 技飘 1.9kg (9涝),苞老/斑苞幅,苞老,RAW_FRUIT,酒焊墨档,
[急拱技飘] 局敲噶绊 技飘 3.4kg (9涝)  (焊磊扁 悼豪),苞老/斑苞幅,苞老,RAW_FRUIT,局敲噶绊,
"搁荤尔 荤穿尝 快悼搁 5俺涝 (趁悼), 1.15kg, 1俺 4,980盔 (100g寸 433盔) 郴老(老) 货寒 档馒 焊厘 5 (8821) 弥措 249盔 利赋",盲家/邦拱幅,搁幅,GRAIN,快悼搁,搁荤尔
[柳啊匙馆蛮] 棱盲,埃祈侥,馆蛮幅,SIMPLE_PROCESSED,棱盲,柳啊匙馆蛮
"橇饭瘤耽 固聪 滚磐, 200g, 1俺 9,550盔 (100g寸 4,775盔) 郴老(老) 货寒 档馒 焊厘 5 (41698) 弥措 478盔 利赋",蜡力前,滚磐/积农覆,DAIRY,滚磐,橇饭瘤耽
"惑窍格厘 蜡扁丑 快蜡, 200ml, 24俺 29%33,120盔 23,500盔 (100ml寸 490盔) 郴老(老) 档馒 焊厘 5 (224010) 弥措 1,175盔 利赋",蜡力前,快蜡/滴蜡,DAIRY,快蜡,惑窍格厘
[辫家康 酒萍厘狼 救窜抛] 乔俊福磊牟 堪家隶 飘矾敲 摹令 100g,蜡力前,摹令,DAIRY,飘矾敲 摹令,辫家康 酒萍厘狼 救窜抛
"钙胶豪 摹令 15p, 525g, 2俺 36%16,960盔 10,800盔 (10g寸 103盔) 郴老(老) 档馒 焊厘 5 (8886) 弥措 540盔 利赋",腊幅/拌鄂,啊傍腊(擒/家矫瘤),PROCESSED_MEAT,钙胶豪,钙胶豪
[急拱技飘] 炼急龋炮 1+ 茄快 阂绊扁 技飘 500g*6,埃祈侥,饭飘肺飘,RTC_MEAL,饭飘肺飘,炼急龋炮
[傈烹林] 绊芒辑秦救 没沥绊芒 家林 (16.9档 360mL) 10啊瘤 采阑 淬篮贱,贱,傈烹林,ALCOHOL,刘幅 家林,傈烹林
[拳苞规] 瘤泅剧盎 2龋技飘(碱俏归刘沥),埃侥幅,叼历飘/纳捞农,BAKERY,剧盎,拳苞规
[弊赴胶] 坷府瘤澄 埔纳捞农 溅捞农(375g),埃侥幅,叼历飘/纳捞农,BAKERY,埔纳捞农,弊赴胶
惫魂尼 康鞠蓖府 滴蜡 (190mL X 16俺),蜡力前,快蜡/滴蜡,DAIRY,滴蜡,
[棵馆] 槛己 绊眠厘蹬瘤阂归 180gx3蒲,埃祈侥,剐虐飘,RTC_MEAL,剐虐飘,棵馆
[颇胶硼福] 饶饭浆 快蜡(200mL X 20涝),蜡力前,快蜡/滴蜡,DAIRY,快蜡,颇胶硼福
[坷付淡] 窍踞 鉴混 荤阿绢宫,荐魂拱,绢腊啊傍侥前,SIMPLE_PROCESSED,绢宫,坷付淡
"浅夸茄酒魔 烤朝 绊疙 拌鄂瘤窜, 350g, 1俺 6,190盔 (100g寸 1,769盔) 郴老(老) 货寒 档馒 焊厘 5 (7172) 弥措 310盔 利赋",埃祈侥,馆蛮幅,SIMPLE_PROCESSED,拌鄂瘤窜,浅夸茄酒魔
[孺归夸府荤] 弥碍废嘉橇 辫摹快悼 458g,埃祈侥,扼搁,INSTANT,弥碍废嘉橇 辫摹快悼,孺归夸府荤
[胶鸥棍胶] 歹喉鸡 目乔 200mL X 4牡 2辆(琶1),澜丰,目乔/瞒,BEVERAGE,目乔,胶鸥棍胶
"救苛巢 磊福绊 灸绢唱柯 埃祈固开, 300g, 1俺 9,900盔 (100g寸 3,300盔) 郴老(老) 档馒 焊厘 5 (11330) 弥措 495盔 利赋",荐魂拱,固开/促矫付,DRIED_SEAFOOD,固开,救苛巢
[器飘'钒] 促捞滚啊 盲秒茄 巢秦官促 空官瘤遏 500g (积拱),荐魂拱,炼俺/傈汗,RAW_SEAFOOD,官瘤遏,器飘'钒
[海虐酒俊穿焊] 目府 摹挪付农聪 300g,埃祈侥,饭飘肺飘,RTC_MEAL,饭飘肺飘,海虐酒俊穿焊
"促淬 等厘骂俺剧充, 840g, 1俺 22%10,680盔 8,240盔 (100g寸 981盔) 郴老(老) 货寒 档馒 焊厘 5 (18712) 弥措 412盔 利赋",炼固丰,剧充/家胶,SAUCE_SEASONING,等厘骂俺 剧充,促淬
[Sea to Table] 颊龙 空 闰促府货快 300g (趁悼) (16/20 荤捞令),荐魂拱,货快/霸,RAW_SEAFOOD,货快,Sea to Table
[措玫辫] 楼瘤 臼篮 犁贰辫 16豪,惑柯侥前,辫/磊馆,DRIED_SEAFOOD,辫,措玫辫
[急拱技飘] 局敲噶绊 技飘 3.4kg (9涝) (抗距老 荐飞),苞老/斑苞幅,苞老,RAW_FRUIT,局敲噶绊,
"概老快蜡 历瘤规 2%, 200ml, 24俺 16,450盔 (100ml寸 343盔) 郴老(老) 档馒 焊厘 4.5 (36085) 弥措 823盔 利赋",蜡力前,快蜡/滴蜡,DAIRY,历瘤规 快蜡,概老
"坷堆扁 曼柄扼搁 侩扁110g 12俺 18%16,560盔 13,450盔 (1俺寸 1,121盔) 郴老(老) 档馒 焊厘 5 (54173) 弥措 673盔 利赋",埃祈侥,扼搁,INSTANT,曼柄扼搁,坷堆扁
蜡扁丑 归固 揭 4kg,盲家/邦拱幅,揭/棱邦,GRAIN,揭,蜡扁丑
[急拱技飘] 局敲噶绊&怕惫噶绊 去钦 技飘 3kg (焊磊扁 悼豪),苞老/斑苞幅,苞老,RAW_FRUIT,局敲噶绊,
[CU 侨诀] 救俩府墨磊颇羔吩,贱,客牢,ALCOHOL,饭靛 客牢,
"DIAMOND 闰促府 磊槛 货快混 43~85固 (趁悼), 200g, 1俺 5,400盔 (100g寸 2,700盔) 郴老(老) 货寒 档馒 焊厘 5 (4093) 弥措 270盔 利赋",荐魂拱,货快/霸,RAW_SEAFOOD,货快,DIAMOND
[曼电扒碍] 酒捞崔霓 档扼瘤硅馏 (20器),固殿废 墨抛绊府,扁鸥,UNKNOWN,扁鸥,曼电扒碍
"秦钎 墨愁扼蜡, 900ml, 3俺 捻迄且牢63%29,700盔 10,900盔 (100ml寸 404盔) 郴老(老) 档馒 焊厘 5 (136966) 弥措 545盔 利赋",炼固丰,侥侩蜡/扁抚,SAUCE_SEASONING,墨愁扼蜡,秦钎
"磅磅 盟盟 馆槛鄂 (趁厘), 20备, 1俺 35%15,590盔 9,980盔 (1备寸 499盔) 郴老(老) 货寒 档馒 焊厘 4.5 (155532) 弥措 499盔 利赋",腊幅/拌鄂,拌鄂,RAW_MEAT,馆槛鄂,磅磅 
"钙缴 叼墨其牢 目乔雇胶, 100g, 1俺涝, 1俺 7,980盔 (10g寸 798盔) 郴老(老) 档馒 焊厘 5 (9865) 弥措 399盔 利赋",澜丰,目乔/瞒,BEVERAGE,目乔雇胶,钙缴
[皋辆骏坷] 啊肚 碱妮扼 靛 扯矫 320g,埃侥幅,叼历飘/纳捞农,BAKERY,碱妮扼,皋辆骏坷
[Project H] 绊窜归 历寸 侥户 188g,埃侥幅,户幅,BAKERY,侥户,Project H
[局蕉府] 绊福帮凉扼 乔磊,埃祈侥,趁悼侥前,FROZEN_MEAL,趁悼 乔磊,局蕉府
[钱公盔] 家啊 农绊 窜窜茄 滴何 500g,盲家/邦拱幅,尼/滴何,SIMPLE_PROCESSED,滴何,钱公盔
"归斥丑啊 惑炔滚几揭 坷盒档固, 1kg, 1俺 12,900盔 (100g寸 1,290盔) 郴老(老) 档馒 焊厘 4.5 (490) 弥措 645盔 利赋",盲家/邦拱幅,揭/棱邦,GRAIN,揭,归斥丑啊
[急拱技飘] 傈烹林 巩硅贱 疙累 (40档 500mL),贱,傈烹林,ALCOHOL,刘幅 家林,傈烹林
权颇萍 摹令 敲贰磐 教臂(1-2牢侩),蜡力前,摹令,DAIRY,摹令,权颇萍
[KF365] 1+殿鞭 公亲积力 措鄂 10备,腊幅/拌鄂,拌鄂,RAW_MEAT,拌鄂,KF365
"颇胶硼福 公亲积力 牢刘 官弗格厘 快蜡, 125ml, 24俺 29%25,200盔 17,700盔 (100ml寸 590盔) 郴老(老) 货寒 档馒 焊厘 5 (20693) 弥措 885盔 利赋",蜡力前,快蜡/滴蜡,DAIRY,快蜡,颇胶硼福
[康魂全绢] 秦固柳固 茄 临 全绢雀 60g,荐魂拱,积急,RAW_SEAFOOD,全绢雀,康魂全绢
"飘客捞醋 墨葛付老 萍归, 1g, 25俺涝, 1俺 8,790盔 (10g寸 3,516盔) 郴老(老) 档馒 焊厘 5 (9033) 弥措 440盔 利赋",澜丰,目乔/瞒,BEVERAGE,萍归,飘客捞醋
[急拱技飘] 傈烹林 巩硅贱 侩惑档磊扁 (40档 700mL),贱,傈烹林,ALCOHOL,刘幅 家林,傈烹林
[Picard] 掐寸 坷 碱妮扼 470g,埃侥幅,叼历飘/纳捞农,BAKERY,碱妮扼,Picard
[酒萍力] 固聪 海捞臂 3辆 (琶1) (50g x 6俺),埃侥幅,户幅,BAKERY,海捞臂,酒萍力
[绷匙] 家胶啊 咐乐绰 催啊娇混 4辆 (1涝/4涝),腊幅/拌鄂,催绊扁,RAW_MEAT,催啊娇混,绷匙
[染己绵蛆茄快] 1殿鞭 茄快 阂绊扁 200g,腊幅/拌鄂,家绊扁,RAW_MEAT,阂绊扁侩 家绊扁,染己绵蛆茄快
[弃胶] 龋林魂 快蜡 1L,蜡力前,快蜡/滴蜡,DAIRY,快蜡,弃胶
[妮赴胶 促捞醋] 规匡配付配 付府匙捞靛 例烙,埃祈侥,圾矾靛蒲,RTC_MEAL,配付配 例烙,妮赴胶 促捞醋
[祈胶配尔X酒况权] 辫犁吝狼 阂芦煌 气赋 450g(趁悼),埃祈侥,饭飘肺飘,RTC_MEAL,饭飘肺飘,祈胶配尔X酒况权
[KF365] 并蕾 30g,盲家/邦拱幅,盲家,RAW_PRODUCE,并蕾,KF365
[CU 侨诀] 墨捻矫备扼,贱,扁鸥 林幅,ALCOHOL,焊府 碱抿,
[掸付农] 牢器南 摹令 坷府瘤澄 (20g X 5涝),蜡力前,摹令,DAIRY,摹令,掸付农
[付风荤具] 埃荤捞浅 促矫蒲,炼固丰,炼固丰,SAUCE_SEASONING,促矫蒲,付风荤具
[墨其酒葛力] 历寸 器纳 圾矾靛 3辆 (琶1),埃祈侥,圾矾靛蒲,RTC_MEAL,器纳 圾矾靛,墨其酒葛力
[葛泅惑雀] 怕惫魂 橇府固决 积货快混 2辆 (趁悼) (琶1),荐魂拱,货快/霸,RAW_SEAFOOD,货快,葛泅惑雀
[档力侥户] 盟盟茄 积侥户 2辆 (琶1),埃侥幅,户幅,BAKERY,侥户,档力侥户
[钙颇捞矩鸥捞芭] 稠墨其牢 蕾瞒 4辆 (琶1),澜丰,目乔/瞒,BEVERAGE,蕾 瞒,钙颇捞矩鸥捞芭
[坷聪胶飘] 飘府敲箕牢 器档 84器,固殿废 墨抛绊府,扁鸥,UNKNOWN,扁鸥,坷聪胶飘
[99侵档弊] 农府胶乔 侵档弊 800g(80gX10俺涝) 2辆 (琶1),埃祈侥,趁悼侥前,FROZEN_MEAL,趁悼 侵档弊,99侵档弊
[嫡备唱公] 矫陛摹唱拱,埃祈侥,馆蛮幅,SIMPLE_PROCESSED,矫陛摹 唱拱,嫡备唱公
"悼辑 搬疙磊瞒, 8g, 18俺涝, 2俺 4,480盔 (10g寸 156盔) 郴老(老) 档馒 焊厘 5 (13689) 弥措 224盔 利赋",澜丰,目乔/瞒,BEVERAGE,搬疙磊瞒,悼辑
[茄铺] 摹令 何措骂俺 1858g(趁厘),埃祈侥,饭飘肺飘,RTC_MEAL,饭飘肺飘,茄铺
[付付府] 傈汗固开惫,埃祈侥,饭飘肺飘,RTC_MEAL,饭飘肺飘,付付府
炼阿 剧硅眠 500g,盲家/邦拱幅,盲家,RAW_PRODUCE,剧硅眠,
[绊叼官] 付胶磐乔胶 促农 墨扼羔 檬妮复 117g,埃侥幅,檬妮复/荤帕,SNACK,促农 檬妮复,绊叼官
[棵啊] 快府剐 楼厘啊风 100g,炼固丰,啊风盒富,SAUCE_SEASONING,楼厘啊风,棵啊
"坷纳捞 扒绊备付鉴, 1俺, 100g 4,900盔 (100g寸 4,900盔) 郴老(老) 档馒 焊厘 4.5 (79) 弥措 245盔 利赋",盲家/邦拱幅,盲家,RAW_PRODUCE,绊备付鉴,
[皋捞霖春飘府 X 捞铰巢盔厘] 酱欺 檬烙拌 舅萍瘤 坷皋啊3 敲矾胶 (30老盒),固殿废 墨抛绊府,扁鸥,UNKNOWN,扁鸥,皋捞霖春飘府 X 捞铰巢盔厘
"炼牢 瘪皋眠府舅, 270g, 1俺 3,690盔 (100g寸 1,367盔) 郴老(老) 货寒 档馒 焊厘 5 (72467) 弥措 185盔 利赋",腊幅/拌鄂,拌鄂,RAW_MEAT,皋眠府舅,炼牢
"颇胶硼福 扒碍茄 历柯混闭 快蜡 饶饭浆, 2.3L, 1俺 8,120盔 (100ml寸 353盔) 郴老(老) 货寒 档馒 焊厘 5 (173284) 弥措 406盔 利赋",蜡力前,快蜡/滴蜡,DAIRY,快蜡,颇胶硼
"海瘤剐 绊窜归滴蜡 八篮尼, 190ml, 32俺 22,400盔 (100ml寸 368盔) 郴老(老) 货寒 档馒 焊厘 5 (3500) 弥措 1,120盔 利赋",蜡力前,快蜡/滴蜡,DAIRY,滴蜡,海瘤剐
[CU 侨诀] 华扼芭酱欺付老*24牡,贱,钙林,ALCOHOL,钙林,
[急拱技飘] 傈烹林 配尝家林 急厚柳 固惫宏罚鳃剧炼 茄惫屈柳 (48档 750mL),贱,傈烹林,ALCOHOL,刘幅 家林,傈烹林
[飘府捧官] 官飘 檬妮复 2辆 (琶1),埃侥幅,檬妮复/荤帕,SNACK,檬妮复,飘府捧官
[挪歹] 何俊畴 拳捞飘 檬妮复官 3涝,埃侥幅,檬妮复/荤帕,SNACK,拳捞飘 檬妮复,挪歹
[CJ] 悼摹固 拱趁搁 (2牢盒),埃祈侥,剐虐飘,RTC_MEAL,剐虐飘,CJ
[促固盔] 馆扒炼 颊龙 烹 刮绢 250g (趁悼),荐魂拱,积急,RAW_SEAFOOD,馆扒炼 刮绢,促固盔
[户傍厘鹅俊府] 公拳苞 矫榜户 400g,埃侥幅,户幅,BAKERY,公拳苞 户,户傍厘鹅俊府
[歹 歹摹] 胶其既 飘矾敲 摹令 200g,蜡力前,摹令,DAIRY,飘矾敲 摹令,歹 歹摹
[农扼款] 捻农促胶 纳捞农 154g,埃侥幅,叼历飘/纳捞农,BAKERY,纳捞农,农扼款
眠何 并蕾 30g,盲家/邦拱幅,盲家,RAW_PRODUCE,并蕾,眠何
[罢明海捞目府] 捻虐 3辆 技飘 410g,埃侥幅,苞磊/胶臣,SNACK,捻虐,罢明海捞目府
[棵啊] 蜡扁丑 惯酒 焊府瞒 150g (10g X 15俺),澜丰,目乔/瞒,BEVERAGE,焊府瞒,棵啊
"付捞畴钢 历寸 历漠肺府 喉风海府离, 320g, 1俺 40%16,900盔 9,980盔 (100g寸 3,119盔) 郴老(老) 档馒 焊厘 5 (6327) 弥措 499盔 利赋",惑柯侥前,离/胶橇饭靛,SAUCE_SEASONING,喉风海府离,付捞畴钢
"赋沛 酒捞胶萍 雇胶 盒富 汗件酒咐, 1.5kg, 1俺涝, 1俺 44%22,900盔 12,700盔 (10g寸 85盔) 郴老(老) 货寒 档馒 焊厘 5 (1697) 弥措 635盔 利赋",澜丰,目乔/瞒,BEVERAGE,汗件酒 酒捞胶萍,赋沛
"墨穿 官匆扼 扼都 目乔雇胶, 17.3g, 24俺涝, 2俺 19,870盔 (10g寸 239盔) 郴老(老) 档馒 焊厘 5 (27759) 弥措 994盔 利赋",澜丰,目乔/瞒,BEVERAGE,目乔雇胶,墨穿
[急拱技飘] 傈烹林 硅驱沥档啊 肺酒 拳捞飘 技飘 (19档 375mL 2捍),贱,傈烹林,ALCOHOL,刘幅 家林,傈烹林
[丑缴] 货快帕搁 钢萍蒲 4涝,埃祈侥,扼搁,INSTANT,货快帕,丑缴
[扼萍宏] 积碍 饭阁柳历鸡 1冠胶(14俺涝),固殿废 墨抛绊府,扁鸥,UNKNOWN,扁鸥,扼萍宏
"笼逛 10kg 归固 揭 2025斥禽揭, 笼逛 10kg 瘤措, 1俺 30,800盔 (100g寸 308盔) 郴老(老) 档馒 焊厘 4 (1792) 弥措 1,540盔 利赋",盲家/邦拱幅,揭/棱邦,GRAIN,揭,笼逛
[急拱技飘] PNB 固聪檬内颇捞 急拱技飘,埃侥幅,苞磊/胶臣,SNACK,檬内颇捞,
[CU 侨诀] 笼笼遏鳖海福匙,贱,客牢,ALCOHOL,饭靛 客牢,笼笼遏
[坷啊葱胶配府] 蜡扁丑 泅固肺 父电 杭 4辆,埃侥幅,苞磊/胶臣,SNACK,邦拱 苞磊,坷啊葱胶配府
[力林付固] 力林 航 秒唱拱 100g X 2涝,埃祈侥,馆蛮幅,SIMPLE_PROCESSED,秒唱拱,力林付固
[悼盔] 弊副府 流拳 榜电 海捞牧 2辆 (琶1),腊幅/拌鄂,啊傍腊(擒/家矫瘤),PROCESSED_MEAT,海捞牧,悼盔
[炼瘤酒] RTD 喉发 目乔 (800mL X 6俺),澜丰,目乔/瞒,BEVERAGE,目乔,炼瘤酒
[急拱技飘] 傈烹林 捞扁冕疙牢 巩硅贱 漂1龋技飘 (40档 400mLx2捍),贱,傈烹林,ALCOHOL,刘幅 家林,傈烹林
"秦钎 采家陛, 3kg, 1俺 4,900盔 (100g寸 163盔) 郴老(老) 货寒 档馒 焊厘 5 (250) 弥措 245盔 利赋",炼固丰,炼固丰,SAUCE_SEASONING,采家陛,秦钎
[惑窍格厘] 蜡扁丑 海捞厚 夸备福飘 3辆 (85g X 4俺) (琶1),蜡力前,夸芭飘,DAIRY,夸备福飘,惑窍格厘
"磊楷局蛮 公亲积力 漂鄂, 30备, 2俺 18,780盔 (1备寸 313盔) 郴老(老) 货寒 档馒 焊厘 4.5 (248140) 弥措 939盔 利赋",腊幅/拌鄂,拌鄂,RAW_MEAT,拌鄂,磊楷局蛮
"措覆急 何魂绢宫 俱篮荤阿 6厘, 240g, 1俺 1,590盔 (100g寸 663盔) 郴老(老) 货寒 档馒 焊厘 5 (12429) 弥措 80盔 利赋",荐魂拱,绢腊啊傍侥前,SIMPLE_PROCESSED,绢宫,措覆急
[厚框馆蛮] 坷隆绢角盲汉澜,埃祈侥,馆蛮幅,SIMPLE_PROCESSED,坷隆绢盲 汉澜,厚框馆蛮
"惫郴魂 颊龙 接硅眠, 200g, 1俺 1,990盔 (100g寸 995盔) 郴老(老) 货寒 档馒 焊厘 4.5 (17718) 弥措 100盔 利赋",盲家/邦拱幅,盲家,RAW_PRODUCE,硅眠,
"磅磅 烹饶眠, 200g, 1俺 35%7,700盔 4,990盔 (10g寸 250盔) 郴老(老) 货寒 档馒 焊厘 5 (219) 弥措 250盔 利赋",炼固丰,氢脚丰/倾宏,SAUCE_SEASONING,饶眠,磅磅
[急拱技飘] 力胶橇府 力林 榜靛虐困 技飘 2.3kg (18涝),苞老/斑苞幅,苞老,RAW_FRUIT,虐困,力胶橇府
[聪酒福] 臂肺快凭 吵累汗件酒咐 (14老盒),固殿废 墨抛绊府,扁鸥,UNKNOWN,扁鸥,聪酒福
[哎厚酒历揪] 蹬瘤阂绊扁 600g (趁悼),埃祈侥,剐虐飘,RTC_MEAL,剐虐飘,哎厚酒历揪
[染己绵蛆茄快] 1+ 茄快 阂绊扁侩 200g (趁厘),腊幅/拌鄂,家绊扁,RAW_MEAT,阂绊扁侩 家绊扁,染己绵蛆茄快
"抛皋饭福 蜡扁丑 圈弊饭牢 赣胶鸥靛, 200g, 1俺 7,100盔 (100g寸 3,550盔) 郴老(老) 档馒 焊厘 4.5 (9814) 弥措 355盔 利赋",炼固丰,剧充/家胶,SAUCE_SEASONING,圈弊饭牢 赣胶鸥靛,抛皋饭福
[棵歹孤] 孤脚 官款胶 汗件酒咐 10俺涝,固殿废 墨抛绊府,扁鸥,UNKNOWN,扁鸥,棵歹孤
[官促秦] 眠撅狼 炼固坷隆绢 促府 100g,埃侥幅,苞磊/胶臣,SNACK,剪促府,官促秦
[磊楷角废] 公亲积力 催汉澜帕侩 800g,腊幅/拌鄂,催绊扁,RAW_MEAT,积催,磊楷角废
[急拱技飘] 飘府捧官 官飘 檬妮复 6涝 技飘,埃侥幅,檬妮复/荤帕,SNACK,檬妮复,飘府捧官
[坷府柯] 苞老曹博 空厕撇捞 210g,埃侥幅,檬妮复/荤帕,SNACK,空厕撇捞,坷府柯
[悼盔] 历胶飘 焙广80g,埃侥幅,苞磊/胶臣,SNACK,咐广,悼盔
[固飘呼] 固惫魂 家绊扁 檬捞胶 么酒捞费300g (趁厘),腊幅/拌鄂,家绊扁,RAW_MEAT,么酒捞费,固飘呼
[急拱技飘] 楼冈绰 硅档扼瘤没 技飘,固殿废 墨抛绊府,扁鸥,UNKNOWN,扁鸥,
[急拱技飘] 曼促贰 弊赴 虐困 2.3kg (18涝),苞老/斑苞幅,苞老,RAW_FRUIT,虐困,
[福鳖档靛付厚] 鸥福飘 饭酒 (4俺),埃侥幅,叼历飘/纳捞农,BAKERY,鸥福飘,福鳖档靛付厚
[傣拳疙鄂] 价舅价舅 馆馆疙鄂 200g (趁厘),荐魂拱,绢鄂,RAW_SEAFOOD,疙鄂,傣拳疙鄂
[葛滴狼咐笼] 沥瘤急 嘉橇 全尼侥 埃厘 催绊扁架逛,埃祈侥,剐虐飘,RTC_MEAL,剐虐飘,葛滴狼咐笼
蜡扁丑 趁悼 促柳 没版盲 100g,盲家/邦拱幅,盲家,RAW_PRODUCE,没版盲,
[夯磷] 夯 焕绝绰 哎厚帕,埃祈侥,饭飘肺飘,RTC_MEAL,饭飘肺飘,夯磷
"啊丑 公亲积力 空鄂, 15备, 1俺 6,890盔 (1备寸 459盔) 郴老(老) 货寒 档馒 焊厘 5 (10522) 弥措 345盔 利赋",腊幅/拌鄂,拌鄂,RAW_MEAT,拌鄂,啊丑
[急拱技飘] 怕惫噶绊 技飘 3kg (9涝) (焊磊扁 悼豪),苞老/斑苞幅,苞老,RAW_FRUIT,噶绊,
[目乔后] 檬内 公胶 纳劳 470g,埃侥幅,叼历飘/纳捞农,BAKERY,公胶 纳捞农,目乔后
"惫郴魂 GAP 局龋冠, 1俺涝, 1俺 3,420盔 (1俺寸 3,420盔) 郴老(老) 货寒 档馒 焊厘 5 (55109) 弥措 171盔 利赋",盲家/邦拱幅,盲家,RAW_PRODUCE,局龋冠,GAP
[桂胶] 蜡扁丑 柳历鸡 3辆 300mL (琶1),固殿废 墨抛绊府,扁鸥,UNKNOWN,扁鸥,桂胶
积 颇浇府 15g,炼固丰,氢脚丰/倾宏,SAUCE_SEASONING,颇浇府,积
"秦钎 肯档 固开, 100g, 2俺 5,960盔 (100g寸 2,980盔) 郴老(老) 档馒 焊厘 4.5 (1303) 弥措 298盔 利赋",荐魂拱,固开/促矫付,DRIED_SEAFOOD,固开,秦钎
[盔俊捞目剖] 模券版 GAP 瞒捞宏 10g,盲家/邦拱幅,盲家,RAW_PRODUCE,瞒捞宏,盔俊捞目剖
[厚厚靛虐模] 历漠肺府 胶府扼瞒家胶,炼固丰,剧充/家胶,SAUCE_SEASONING,胶府扼瞒 家胶,厚厚靛虐模
[荤技] 滚迫肺 喇豪 榜靛 1kg,埃祈侥,趁悼侥前,FROZEN_MEAL,滚迫肺喇,荤技
[档靛恩茄捣] 绕力 救缴 200g (趁厘),腊幅/拌鄂,蹬瘤绊扁,RAW_MEAT,蹬瘤 救缴,档靛恩茄捣
"丑蛆救缴茄快 1殿鞭 促咙腊 (趁厘), 300g, 1蒲 19%15,540盔 12,570盔 (100g寸 4,190盔) 郴老(老) 货寒 档馒 焊厘 5 (5452) 弥措 629盔 利赋",腊幅/拌鄂,家绊扁,RAW_MEAT,家绊扁 促咙腊,丑蛆
[具固夸剐] 葛醋户 5辆 (45g X 8俺涝) (琶1),埃侥幅,户幅,BAKERY,葛醋户,具固夸剐
[坷堆扁] 曼柄扼搁 4涝,埃祈侥,扼搁,INSTANT,曼柄扼搁,坷堆扁
[唱弃饭克] 滚磐费 (30g X 10俺),埃侥幅,户幅,BAKERY,滚磐费,唱弃饭克
"坷堆扁 惯酒孺固 溜籍棱邦逛, 210g, 12俺 53%29,760盔 13,980盔 (100g寸 555盔) 郴老(老) 档馒 焊厘 货 惑前, 馆前-固俺豪 (5) 弥历13,280盔 5 (22902) 弥措 699盔 利赋",埃祈侥,溜籍逛,INSTANT,溜籍逛 棱邦,坷堆扁
[CJ] 瘪皋眠府舅 450G,腊幅/拌鄂,拌鄂,RAW_MEAT,皋眠府舅,CJ
[辆啊] 凯公辫摹 400g,埃祈侥,馆蛮幅,SIMPLE_PROCESSED,凯公辫摹,辆啊
[坷促促] 酱欺覆器萍 (2g X 24俺),固殿废 墨抛绊府,扁鸥,UNKNOWN,扁鸥,坷促促
[单眉内] 氛 颇胶鸥 11辆 (琶1),盲家/邦拱幅,搁幅,GRAIN,颇胶鸥搁,单眉内
[急拱技飘] 茄伙牢 魂伙硅剧辟 30捍 +(碱俏归 刘沥),固殿废 墨抛绊府,扁鸥,UNKNOWN,扁鸥,
[坷付淡] 颇 绢宫,荐魂拱,绢腊啊傍侥前,SIMPLE_PROCESSED,绢宫,坷付淡
[靛肺霸府酒] 烹孺饶眠剐 (弊扼牢歹),炼固丰,氢脚丰/倾宏,SAUCE_SEASONING,饶眠,靛肺霸府酒
[急拱技飘] 棵府 1+殿鞭 橇府固决 曹 技飘,炼固丰,剧充/家胶,SAUCE_SEASONING,曹,棵府
[26斥 汲] [CU 侨诀] 快靛器靛府历宏滚锅,贱,扁鸥 林幅,ALCOHOL,困胶虐,
[CU 侨诀] 臂罚墨淬10斥,贱,扁鸥 林幅,ALCOHOL,困胶虐,
[急拱技飘][扼后府目侨诀] 傈烹林 巩硅贱 疙累 500 技飘 (40档 500mL),贱,傈烹林,ALCOHOL,刘幅 家林,傈烹林
[急拱技飘] 荤摸户笼 荐力 击靛 捻虐 3辆 技飘,埃侥幅,苞磊/胶臣,SNACK,捻虐,荤面户笼
[何魔疙厘] 家绊扁 腊傈 350g,埃祈侥,馆蛮幅,SIMPLE_PROCESSED,腊傈,何魔疙厘
"根绊侥前 备器惫荐 柳傍家搁, 3kg, 1俺 6,500盔 (100g寸 217盔) 郴老(老) 档馒 焊厘 4.5 (24302) 弥措 325盔 利赋",盲家/邦拱幅,搁幅,GRAIN,家搁,根绊侥前
"悼快官弗催绊扁 IQF 催啊娇混 (趁悼), 1俺, 1kg 7,980盔 (100g寸 798盔) 郴老(老) 货寒 档馒 焊厘 5 (95) 弥措 349盔 利赋",腊幅/拌鄂,催绊扁,RAW_MEAT,催啊娇混,悼快官弗催绊扁
"讣篮拱俊 淬归 接滴何, 100g, 1俺 2,400盔 (100g寸 2,400盔) 郴老(老) 货寒 档馒 焊厘 5 (680) 弥措 120盔 利赋",盲家/邦拱幅,尼/滴何,SIMPLE_PROCESSED,滴何,讣篮拱俊
[拳苞规] 伎橇矾宏 虐飘 剧盎 急拱技飘 (碱俏归刘沥),埃侥幅,叼历飘/纳捞农,BAKERY,剧盎,拳苞规
[KF365] 1+殿鞭 公亲积力 措鄂 20备,腊幅/拌鄂,拌鄂,RAW_MEAT,拌鄂,KF365
[惑窍丑盔] 坷隆绢粒 250g,埃祈侥,馆蛮幅,SIMPLE_PROCESSED,坷隆绢粒哎,惑窍丑盔
[CU 侨诀] 墨扼捻摹榜靛720ml,贱,扁鸥 林幅,ALCOHOL,没林,墨扼捻摹
[龋尔捞扒碍盔] 龋尔捞 柳街拳 14器 X 3冠胶 (焊磊扁器厘 + 碱俏归 刘沥),固殿废 墨抛绊府,扁鸥,UNKNOWN,扁鸥,龋尔捞扒碍盔
[畴器扁青] 侩碍悼侥 蹬瘤空备捞 1kg,腊幅/拌鄂,蹬瘤绊扁,RAW_MEAT,蹬瘤哎厚,畴器扁青
[秋墨其] 妮靛宏风 500mL,澜丰,目乔/瞒,BEVERAGE,目乔,秋墨其
[厚框馆蛮] 概霓 彩府绊眠柳固盲汉澜,埃祈侥,馆蛮幅,SIMPLE_PROCESSED,彩府绊眠 柳固盲汉澜,厚框馆蛮
[萍酒矫酒] 揭惫荐搁 2辆 (琶1),盲家/邦拱幅,搁幅,GRAIN,揭惫荐搁,萍酒矫酒
"努缝 局荤厚家促 脚厚汗件酒 力肺 藕魂澜丰, 24俺, 500ml 56%60,000盔 26,390盔 (100ml寸 220盔) 郴老(老) 档馒 焊厘 5 (1925) 弥措 1,320盔 利赋",澜丰,藕魂澜丰,BEVERAGE,局荤厚家促,努缝 
[厚框馆蛮] 酒宽 等厘 公魔,埃祈侥,馆蛮幅,SIMPLE_PROCESSED,酒宽 等厘 公魔,厚框馆蛮
"瘤窍鞠馆秦荐肺 灸绢 柄昌茄 啊凯炼府侩 积奔 (趁厘), 200g, 2俺 16%11,800盔 9,870盔 (100g寸 2,468盔) 郴老(老) 货寒 档馒 焊厘 4.5 (9738) 弥措 484盔 利赋",荐魂拱,炼俺/傈汗,RAW_SEAFOOD,奔,
"硅措皑 惫魂 慢揭啊风, 1kg, 1俺 40%14,800盔 8,810盔 (100g寸 881盔) 郴老(老) 档馒 焊厘 5 (23300) 弥措 440盔 利赋",炼固丰,啊风盒富,SAUCE_SEASONING,慢揭啊风,硅措皑
[夯 付抗匙] 橇尔胶 播饭 摹令 200g,蜡力前,摹令,DAIRY,播饭 摹令,夯 付抗匙
[棵府鸥府酒] 竣胶飘扼滚柳 棵府宏 坷老 500mL,炼固丰,侥侩蜡/扁抚,SAUCE_SEASONING,棵府宏坷老,棵府鸥府酒
"坷府柯 传阑皑磊, 56g, 10俺 14,760盔 (10g寸 264盔) 郴老(老) 档馒 焊厘 5 (29832) 弥措 738盔 利赋",埃侥幅,苞磊/胶臣,SNACK,传阑皑磊,坷府柯
"没秦疙啊 歹 柳茄 腊荐茄舅 柳茄咐 25俺涝, 100g, 1俺 19%10,500盔 8,480盔 (100g寸 8,480盔) 郴老(老) 档馒 焊厘 5 (6222) 弥措 394盔 利赋",炼固丰,炼固丰,SAUCE_SEASONING,内牢腊荐,没秦疙啊
"迄鸥唱 杭肺衬 海捞牧 杭肺匙力 颇胶鸥 家胶, 430g, 1俺 35%9,980盔 6,400盔 (100g寸 1,488盔) 郴老(老) 货寒 档馒 焊厘 5 (2552) 弥措 320盔 利赋",炼固丰,剧充/家胶,SAUCE_SEASONING,颇胶鸥 家胶,迄鸥唱
[磊楷局蛮] 厚忽 馆槛鄂 (荐鄂) 10备,腊幅/拌鄂,拌鄂,RAW_MEAT,馆槛鄂,磊楷局蛮
[付捞畴钢] 历寸 历漠肺府 喉风海府离 320g,惑柯侥前,离/胶橇饭靛,SAUCE_SEASONING,喉风海府离,付捞畴钢
[家捞川] 魂剧摹令 胶橇饭歹喉 3辆 (琶1),蜡力前,摹令,DAIRY,摹令,家捞川
[付胶磐仟靛] 刮飘俩府,埃侥幅,檬妮复/荤帕,SNACK,俩府,付胶磐仟靛
[胶困胶固胶] 府摹 檬妮复 (37.6g X 8俺),埃侥幅,檬妮复/荤帕,SNACK,檬妮复,胶困胶固胶
[磊楷俊蛮] 公富珐捞 公魔,埃祈侥,馆蛮幅,SIMPLE_PROCESSED,公富珐捞 公魔,磊楷俊蛮
"海海念 贸澜 冈绰 绢赴捞辫, 15g, 3俺, 坷府瘤澄 13,970盔 (10g寸 3,104盔) 郴老(老) 档馒 焊厘 5 (16083) 弥措 699盔 利赋",惑柯侥前,辫/磊馆,DRIED_SEAFOOD,辫,坷府瘤澄
[830] 帮距 惫拱侗汉捞 310g,埃祈侥,剐虐飘,RTC_MEAL,剐虐飘,830
"模沥决付操矾固 兑迭 剧颇 (趁悼), 1俺, 500g 2,930盔 (100g寸 586盔) 郴老(老) 货寒 档馒 焊厘 5 (6169) 弥措 130盔 利赋",盲家/邦拱幅,盲家,RAW_PRODUCE,剧颇,模沥决付操矾固
[欺矫侨] 固惫 喉钒 摹令 4辆,蜡力前,摹令,DAIRY,摹令,欺矫侨
[棵府] 蜡扁丑 泅固 农繁摹费 100g,埃侥幅,苞磊/胶臣,SNACK,邦拱 苞磊,棵府
[墨其固川] 俊弊鸥福飘 4备 技飘,埃侥幅,叼历飘/纳捞农,BAKERY,俊弊鸥福飘,墨其固川
[笼馆蛮楷备家] 悼弊尔动,埃祈侥,馆蛮幅,SIMPLE_PROCESSED,悼弊尔动,笼馆蛮楷备家
河篮 泅固 促全固 2kg,盲家/邦拱幅,揭/棱邦,GRAIN,泅固,
[付令] 飘括胶 固聪胶 檬内官 990g,埃侥幅,檬妮复/荤帕,SNACK,飘括胶,付令
[窍覆 The 固侥] 坷隆绢扼搁 4涝,埃祈侥,扼搁,INSTANT,坷隆绢扼搁,窍覆 The 固侥
[快林] 碍盔档 扒炼 力荐侩 炔怕器 2辆 (琶1),荐魂拱,戈摹/扒绢拱,DRIED_SEAFOOD,炔怕,快林
[扒绢荐扼] 力荐侩 炔怕器 80g,荐魂拱,戈摹/扒绢拱,DRIED_SEAFOOD,炔怕,扒绢荐扼
[内鸥聪] 蜡扁丑 颇浇府,炼固丰,氢脚丰/倾宏,SAUCE_SEASONING,颇浇府,内鸥聪
[染己绵蛆茄快] 1殿鞭 茄快 剧瘤 200g,腊幅/拌鄂,家绊扁,RAW_MEAT,剧瘤,染己绵蛆茄快
[KF365] 公亲积力 茄捣 牢扁 备捞侩 3辆 (琶1)(趁厘),腊幅/拌鄂,蹬瘤绊扁,RAW_MEAT,葛狄 蹬瘤绊扁,KF365
GAP 版合 惑林 谤皑 250g (50g*5涝 彻俺器厘),埃侥幅,叼历飘/纳捞农,BAKERY,谤皑,GAP
[胶捧府酒] 某厚酒 2辆,荐魂拱,绢鄂,RAW_SEAFOOD,某厚酒,胶捧府酒
[器玫捞悼哎厚] 捞悼哎厚 500g,腊幅/拌鄂,家绊扁,RAW_MEAT,家哎厚,器玫捞悼哎厚
[急拱技飘] 咐狼疙怕磊 鉴疙鄂 技飘 (抗距老荐飞),荐魂拱,绢鄂,RAW_SEAFOOD,疙鄂,咐狼疙怕磊
[橇肺惑] 蜡扁丑 叠扁离 350g,惑柯侥前,离/胶橇饭靛,SAUCE_SEASONING,叠扁离,橇肺惑
"茄捣 缔促府混 阂绊扁侩 (趁厘), 1俺, 500g 21%8,900盔 6,970盔 (100g寸 1,394盔) 郴老(老) 货寒 档馒 焊厘 5 (3610) 弥措 349盔 利赋",腊幅/拌鄂,蹬瘤绊扁,RAW_MEAT,蹬瘤 缔促府混,茄捣 
[急拱技飘] 版扁侗笼 橇府固决 侗 3窜 技飘,埃侥幅,侗,SNACK,侗,版扁侗笼
[急拱技飘][扼后府目侨诀] 傈烹林 巩硅贱 玫氢 技飘 (40档 375mL*2),贱,傈烹林,ALCOHOL,刘幅 家林,傈烹林
[概老] 戈闭 快蜡 历瘤规(200mL X 24俺涝),蜡力前,快蜡/滴蜡,DAIRY,历瘤规 快蜡,概老
[福鳖档靛付厚] 鸥福飘 欺敲国烽 (16俺涝),埃侥幅,叼历飘/纳捞农,BAKERY,鸥福飘,福鳖档靛付厚
[辑匡快蜡] 绊家窍绊 何靛矾款 绊窜归 摹令 (18g X 10涝),蜡力前,摹令,DAIRY,摹令,辑匡快蜡
"厚厚绊 绊窜归 鉴混 绊殿绢备捞, 60g, 2俺 25%11,960盔 8,950盔 (100g寸 7,458盔) 郴老(老) 货寒 档馒 焊厘 5 (38506) 弥措 448盔 利赋",埃祈侥,饭飘肺飘,RTC_MEAL,饭飘肺飘,厚厚绊
[厚厚绊] 绊眠厘 零器汉澜 60g,埃祈侥,饭飘肺飘,RTC_MEAL,饭飘肺飘,厚厚绊
"[急拱技飘][傈烹林] 巩硅贱25 庆府萍瘤 利配付俊叼记 (25档, 375mL*2)",贱,傈烹林,ALCOHOL,刘幅 家林,傈烹林
"墨穿 骇海萍 固叼决 肺胶飘 匙胶橇饭家 龋券 母蕉 目乔, 5.7g, 10俺涝, 1俺 20%6,790盔 5,370盔 (10g寸 942盔) 郴老(老) 档馒 焊厘 5 (3498) 弥措 269盔 利赋",澜丰,目乔/瞒,BEVERAGE,目乔母蕉,匙胶橇饭家
[汲驱淬] 橇肺弃府胶 硅档扼瘤 胶平 30器,固殿废 墨抛绊府,扁鸥,UNKNOWN,扁鸥,汲驱淬
"邦拱阑父唱促 惫魂 泅固, 1kg, 1俺 5,080盔 (100g寸 508盔) 郴老(老) 档馒 焊厘 货 惑前, 馆前-固俺豪 (5) 弥历4,820盔 5 (6948) 弥措 254盔 利赋",盲家/邦拱幅,揭/棱邦,GRAIN,泅固,父唱促
[颇杭] 100% 苞老肺 父电 公拳苞 离 240g,惑柯侥前,离/胶橇饭靛,SAUCE_SEASONING,公拳苞离,颇杭
[圾矾靛魄促] 魄促狼 墨橇饭力 圾矾靛,埃祈侥,圾矾靛蒲,RTC_MEAL,墨橇饭力 圾矾靛,圾矾靛魄促
[家固] 矫坷促贰 剧硅眠 家胶 320g,炼固丰,剧充/家胶,SAUCE_SEASONING,剧硅眠 家胶,家固
"惫郴魂 蔓扁厘揭, 2kg, 1俺 22,980盔 (100g寸 1,149盔) 郴老(老) 档馒 焊厘 5 (1352) 弥措 1,149盔 利赋",盲家/邦拱幅,揭/棱邦,GRAIN,揭,
"捞芬 炔己林 冠荤狼 惫魂尼 滴蜡 八篮尼 绊漠椒, 190ml, 20俺 45%21,000盔 11,360盔 (100ml寸 299盔) 郴老(老) 档馒 焊厘 5 (171168) 弥措 568盔 利赋",蜡力前,快蜡/滴蜡,DAIRY,滴蜡,捞芬
[扒碍茄快府笼厚咳] 积 酒阁靛 盒富 300g,炼固丰,啊风盒富,SAUCE_SEASONING,酒阁靛 盒富,扒碍茄快府笼厚咳
[家家固淬] 噶绊没 1kg,炼固丰,剧充/家胶,SAUCE_SEASONING,噶绊没,家家固淬
"[丑蛆] [25斥魂 寝邦] 惫魂 历寸 泅固 (趋寸碍窍), 1俺, 2kg 且牢26%19,000盔 13,980盔 (100g寸 699盔) 郴老(老) 档馒 焊厘 4.5 (89) 弥措 699盔 利赋",盲家/邦拱幅,揭/棱邦,GRAIN,泅固,丑蛆
"坷府柯 霓焊 檬内颇捞 沥 12p + 墨胶鸥靛 12p, 744g, 1俺 8,510盔 (10g寸 114盔) 郴老(老) 档馒 焊厘 5 (32444) 弥措 425盔 利赋",埃侥幅,苞磊/胶臣,SNACK,檬内颇捞,坷府柯
"力林 颊龙 哎摹 措 2付府 (秦悼), 1俺, 450g 8,990盔 (100g寸 1,998盔) 郴老(老) 货寒 档馒 焊厘 4.5 (190) 弥措 450盔 利赋",荐魂拱,积急,RAW_SEAFOOD,哎摹,力林
[戎怕目胶] 固聪浇乏 龋虐器虐农繁摹 檬妮复 180g,埃侥幅,檬妮复/荤帕,SNACK,檬妮复,戎怕目胶
"坷堆扁 苛荐荐 付酒啊赴, 200g, 2俺 4,590盔 (100g寸 1,148盔) 郴老(老) 档馒 焊厘 5 (5172) 弥措 230盔 利赋",蜡力前,滚磐/积农覆,DAIRY,付啊赴,坷堆扁
"迫饭福葛 竣胶飘扼滚柳 棵府宏坷老, 500ml, 1俺 50%20,000盔 9,980盔 (100ml寸 1,996盔) 郴老(老) 档馒 焊厘 4.5 (1313) 弥措 499盔 利赋",炼固丰,侥侩蜡/扁抚,SAUCE_SEASONING,棵府宏坷老,迫饭福葛
[CU 侨诀] 炼聪况目 饭靛 700ML,贱,扁鸥 林幅,ALCOHOL,困胶虐,炼聪况目
[官促秦] 颊龙 炔怕盲 200g,荐魂拱,戈摹/扒绢拱,DRIED_SEAFOOD,炔怕,官促秦
"丑蛆100 苞老模备甸 规匡配付配, 180g, 1俺涝, 1俺 3,930盔 (100g寸 2,183盔) 郴老(老) 货寒 档馒 焊厘 4.5 (789) 弥措 196盔 利赋",盲家/邦拱幅,盲家,RAW_PRODUCE,规匡配付配,丑蛆
[伐抛捞喉] 龋林魂 飘矾敲 矫令醋 剧部摹250g,腊幅/拌鄂,剧绊扁,RAW_MEAT,剧部摹,伐抛捞喉
[固飘呼] 固惫魂 家绊扁 橇扼烙 么酒捞费300g (趁厘),腊幅/拌鄂,家绊扁,RAW_MEAT,么酒捞费,固飘呼
[老靛橇尔胶] 溅宏福 摹令,蜡力前,摹令,DAIRY,摹令,老靛橇尔胶
脚急茄 巢秦救 豪瘤奔 4辆 (琶1) (啊凯炼府侩),荐魂拱,炼俺/傈汗,RAW_SEAFOOD,奔,
[付捞畴钢] 历寸 历漠肺府 叠扁离 320g,惑柯侥前,离/胶橇饭靛,SAUCE_SEASONING,叠扁离,付捞畴钢
[何钧捞捣啊胶] 歹萍 摹令 捣啊胶,埃祈侥,趁悼侥前,FROZEN_MEAL,趁悼 捣鳖胶,何钧捞捣啊胶
[LOTS OF LOVE] 茄尝电电 模例茄 固开惫逛 (府春倔),埃祈侥,饭飘肺飘,RTC_MEAL,饭飘肺飘,LOTS OF LOVE
"辫捞啊 棵官弗 备款 蚌芒倒辫, 3g, 1俺涝, 15俺 9,490盔 (10g寸 2,109盔) 郴老(老) 货寒 档馒 焊厘 5 (2643) 弥措 475盔 利赋",惑柯侥前,辫/磊馆,DRIED_SEAFOOD,辫,辫捞啊
[家家固淬] 喉风海府没 1kg,炼固丰,剧充/家胶,SAUCE_SEASONING,喉风海府没,家家固淬
[宏饭剐] 侵档弊侩户 2辆 (琶1),埃侥幅,户幅,BAKERY,侵档弊 户,宏饭剐
"啊丑 1+殿鞭鄂栏肺 父电 坷皋啊 备款鄂, 20备, 1俺 2%12,900盔 12,600盔 (1备寸 630盔) 郴老(老) 货寒 档馒 焊厘 5 (64701) 弥措 630盔 利赋",腊幅/拌鄂,拌鄂,RAW_MEAT,备款鄂,啊丑
[辫龋辣虐模] 歹捞呕府救努反 救缴 钮宏胶抛捞农,埃祈侥,剐虐飘,RTC_MEAL,剐虐飘,辫龋辣虐模
[公福俩扼] 捞呕府酒 何扼鸥 摹令 120g (趁悼),蜡力前,摹令,DAIRY,何扼鸥 摹令,公福俩扼
[妇付剐] 救缴捞蜡侥 腔饭 6俺岿 3辆 (琶1),固殿废 墨抛绊府,扁鸥,UNKNOWN,扁鸥,妇付剐
[ORGA] 葛醋户 (26g X 8俺涝),埃侥幅,户幅,BAKERY,葛醋户,ORGA
[荐固苞] 炼阿 荐冠 400g,苞老/斑苞幅,苞老,RAW_FRUIT,荐冠,荐固苞
"巨目 浇扼捞胶 柯 浇扼捞胶 眉促摹令 80概涝, 960g, 1俺涝, 1俺 12,250盔 (10g寸 128盔) 郴老(老) 货寒 档馒 焊厘 4.5 (16610) 弥措 613盔 利赋",蜡力前,摹令,DAIRY,眉促 摹令,巨目
[官弗积急] 例窜 倡瘤 400g (趁悼),荐魂拱,坷隆绢/巩绢,RAW_SEAFOOD,倡瘤,官弗积急
公亲积力 1殿鞭 茄捣 促咙腊 2辆,腊幅/拌鄂,蹬瘤绊扁,RAW_MEAT,蹬瘤 促咙腊,
"厚厚绊 绊窜归 鉴混 绊殿绢备捞, 60g, 1俺 25%5,980盔 4,480盔 (100g寸 7,467盔) 郴老(老) 货寒 档馒 焊厘 5 (38506) 弥措 224盔 利赋",埃祈侥,饭飘肺飘,RTC_MEAL,饭飘肺飘,厚厚绊
[急拱技飘] 抗玫俊辑 柯 篮浅霖矫 谤皑 30涝,埃侥幅,叼历飘/纳捞农,BAKERY,谤皑,
"蜡扁丑 灸绢唱柯 泅固, 4kg, 1烹 21,900盔 (100g寸 548盔) 郴老(老) 货寒 档馒 焊厘 5 (18829) 弥措 1,095盔 利赋",盲家/邦拱幅,揭/棱邦,GRAIN,泅固,
[客牢矩葛绢侨诀]鳖抛唱 磊颇鸥 救俩府墨 磊颇鸥 皋甫肺 ((客牢)),贱,客牢,ALCOHOL,饭靛 客牢,
[快府丑] 蜡扁丑 快府剐 剐啊风 600g,炼固丰,啊风盒富,SAUCE_SEASONING,剐啊风,快府丑
"楼颇霸萍 父瓷家胶, 280g, 1俺 22%4,728盔 3,680盔 (100g寸 1,314盔) 郴老(老) 档馒 焊厘 5 (9502) 弥措 184盔 利赋",炼固丰,剧充/家胶,SAUCE_SEASONING,楼颇霸萍 家胶,丑缴
[荐固苞] 拳盲侩 炼阿 荐冠 600g,苞老/斑苞幅,苞老,RAW_FRUIT,荐冠,荐固苞
[急拱技飘] 巢档快局 公亲积力 1++ 茄快 橇府固决 备捞技飘 1龋 (抗距老 荐飞),腊幅/拌鄂,家绊扁,RAW_MEAT,葛狄 家绊扁,巢档快局
"茄尝烹混 催啊娇混 杭 5辆 x 2俺 雇胶技飘 (趁悼), 100g, 1俺涝, 20俺 30,840盔 (100g寸 1,542盔) 郴老(老) 货寒 档馒 焊厘 5 (4550) 弥措 1,542盔 利赋",腊幅/拌鄂,啊傍腊(擒/家矫瘤),PROCESSED_MEAT,催啊娇混 杭,茄尝烹混
"内促畴烤朝捣鳖胶 家胶, 2kg, 1俺 捻迄且牢8%9,070盔 8,300盔 (100g寸 415盔) 郴老(老) 货寒 档馒 焊厘 5 (4480) 弥措 415盔 利赋",炼固丰,剧充/家胶,SAUCE_SEASONING,捣鳖胶 家胶,内促畴烤朝捣鳖胶
[鉴荐侥前] 硅档扼瘤没 胶平 1冠胶(30器) (窜老可记),固殿废 墨抛绊府,扁鸥,UNKNOWN,扁鸥,鉴荐侥前
"肮付阑 巢秦救 啊凯炼府侩 豪瘤奔 (趁厘), 280g, 1俺 15%7,900盔 6,680盔 (100g寸 2,386盔) 郴老(老) 货寒 档馒 焊厘 4.5 (14465) 弥措 291盔 利赋",荐魂拱,炼俺/傈汗,RAW_SEAFOOD,奔,肮付阑
[KF365] 趁厘 颊龙 坷隆绢 2辆 (琶1),荐魂拱,坷隆绢/巩绢,RAW_SEAFOOD,坷隆绢,KF365
[宏肺靛墨技] 何靛矾款 厚浚唱 捻虐 5辆 (琶1),埃侥幅,苞磊/胶臣,SNACK,捻虐,宏肺靛墨技
[弃胶] 龋林魂 快蜡 (250mL X 24俺),蜡力前,快蜡/滴蜡,DAIRY,快蜡,弃胶
[裹魂格厘] 蜡扁丑 快蜡(200mL X 4俺),蜡力前,快蜡/滴蜡,DAIRY,快蜡,裹魂格厘
[救惫扒碍] 救缴 漠椒付弊匙椒叼 90沥 (30老盒),固殿废 墨抛绊府,扁鸥,UNKNOWN,扁鸥,救惫扒碍
[固飘浚炼捞] 龋林魂 格檬 救缴 胶抛捞农 200g (趁厘),腊幅/拌鄂,家绊扁,RAW_MEAT,家 救缴,固飘浚炼捞
[籍包悼 侗汉捞] 籍包悼 葛惦脾辫,埃祈侥,趁悼侥前,FROZEN_MEAL,趁悼 脾辫,籍包悼 侗汉捞
"农扼款 曼揭汲捍, 270g, 2俺 39%10,800盔 6,560盔 (10g寸 121盔) 郴老(老) 档馒 焊厘 5 (51862) 弥措 328盔 利赋",埃侥幅,苞磊/胶臣,SNACK,揭苞磊,农扼款
"付寸惯 局龋冠 (趁悼), 1kg, 1俺 5,130盔 (100g寸 513盔) 郴老(老) 货寒 档馒 焊厘 4.5 (1980) 弥措 256盔 利赋",盲家/邦拱幅,盲家,RAW_PRODUCE,局龋冠,付寸惯
"伙赋 歹喉摹令 饶饭浆莆, 98g, 1俺涝, 1俺 1,400盔 (10g寸 143盔) 郴老(老) 货寒 档馒 焊厘 5 (8730) 弥措 70盔 利赋",埃侥幅,户幅,BAKERY,摹令户,伙赋
"萍坷乔 付胶磐 扼都 目乔澜丰, 380ml, 24俺 28,850盔 (100ml寸 316盔) 郴老(老) 档馒 焊厘 5 (46002) 弥措 1,443盔 利赋",澜丰,目乔/瞒,BEVERAGE,牡目乔,萍坷乔
[胶固饶风] 皑槛空 官唱唱 2辆,苞老/斑苞幅,苞老,RAW_FRUIT,官唱唱,胶固饶风
[KF365] 扁厘 固开 80g,荐魂拱,固开/促矫付,DRIED_SEAFOOD,固开,KF365
"阁鸥胶内 洒富扼具 苯篮 俏农家陛, 500g, 1俺 6,070盔 (100g寸 1,214盔) 郴老(老) 档馒 焊厘 5 (4710) 弥措 304盔 利赋",炼固丰,炼固丰,SAUCE_SEASONING,俏农家陛,阁鸥胶内
[墨荤畴官] 葛单唱魂 拳捞飘 惯荤雇 能叼膏配 250mL (6飘扼官矫),炼固丰,剧充/家胶,SAUCE_SEASONING,拳捞飘 惯荤雇 侥檬,墨荤畴官
[力肺海捞目府] 宏扼快聪 (55g X 2俺涝),埃侥幅,叼历飘/纳捞农,BAKERY,宏扼快聪,力肺海捞目府
[钱公盔] 何魂绢宫 2辆,荐魂拱,绢腊啊傍侥前,SIMPLE_PROCESSED,绢宫,钱公盔
[厚厚绊] 棱盲,埃祈侥,馆蛮幅,SIMPLE_PROCESSED,棱盲,厚厚绊
"措覆急 何魂绢宫 俱篮荤阿 6厘, 240g, 1俺 1,590盔 (100g寸 663盔) 郴老(老) 货寒 档馒 焊厘 5 (12428) 弥措 80盔 利赋",荐魂拱,绢腊啊傍侥前,SIMPLE_PROCESSED,绢宫,措覆急
"窍覆 器南阁 乔墨抿 捣鳖胶 (趁悼), 1俺, 500g 18%10,480盔 8,590盔 (100g寸 1,718盔) 郴老(老) 货寒 档馒 焊厘 5 (11856) 弥措 430盔 利赋",埃祈侥,趁悼侥前,FROZEN_MEAL,乔墨抿 捣鳖胶,窍覆
[钱公盔] 惫魂尼 积没惫厘 190g,炼固丰,剧充/家胶,SAUCE_SEASONING,没惫厘,钱公盔
"坷堆扁 坷溅橇 柳茄扼搁 胶橇, 285g, 1俺 3,650盔 (100g寸 1,281盔) 郴老(老) 档馒 焊厘 4.5 (32546) 弥措 183盔 利赋",炼固丰,炼固丰,SAUCE_SEASONING,扼搁胶橇,坷堆扁
"悼拳剧豪 荤剧 国曹, 500g, 1俺 37%9,900盔 6,200盔 (100g寸 1,240盔) 郴老(老) 档馒 焊厘 5 (800) 弥措 310盔 利赋",炼固丰,剧充/家胶,SAUCE_SEASONING,曹,悼拳剧豪
"惑窍格厘 快蜡 历瘤规, 750ml, 2俺 10,560盔 (100ml寸 704盔) 郴老(老) 货寒 档馒 焊厘 5 (16967) 弥措 528盔 利赋",蜡力前,快蜡/滴蜡,DAIRY,历瘤规 快蜡,惑窍格厘
[吩单] 啊唱 橇府固决 飘府敲 海府 僵 檬妮复 68g,埃侥幅,檬妮复/荤帕,SNACK,檬妮复,吩单
"溃弊饭牢 利滴 葡, 2kg, 1俺 5%12,600盔 11,900盔 (100g寸 595盔) 郴老(老) 档馒 焊厘 4.5 (998) 弥措 595盔 利赋",盲家/邦拱幅,揭/棱邦,GRAIN,葡,溃弊饭牢
"龋过丑蛆 2025斥 禽揭 烙陛丛钎捞玫揭 惑殿鞭, 10kg, 1俺, 惑 43,900盔 (100g寸 439盔) 郴老(老) 档馒 焊厘 4.5 (64042) 弥措 2,195盔 利赋",盲家/邦拱幅,揭/棱邦,GRAIN,揭,丑蛆
"寝丛付阑 惫魂 柄啊 今酒瘤绰 快府笼 汉澜曼柄, 200g, 1俺 12%16,000盔 13,990盔 (100g寸 6,995盔) 郴老(老) 档馒 焊厘 5 (18898) 弥措 700盔 利赋",盲家/邦拱幅,揭/棱邦,GRAIN,曼柄,寝丛付阑
[畴萍靛] 农覆 档秤 3俺 技飘 7辆 (琶1),埃侥幅,叼历飘/纳捞农,BAKERY,档秤,畴萍靛
[摹令巩] 农覆摹令 200g 3辆 (琶1),蜡力前,摹令,DAIRY,农覆摹令,摹令巩
[葛滴狼咐笼] 沥瘤急 嘉橇 付扼 付颇滴何 丹逛,埃祈侥,剐虐飘,RTC_MEAL,剐虐飘,葛滴狼咐笼
[胶固饶风] 皑槛空 颇牢局敲 1.1kg (1烹),苞老/斑苞幅,苞老,RAW_FRUIT,颇牢局敲,胶固饶风
"官弗侥 埃祈茄 没惫厘 骂俺 2牢盒, 770g, 1俺 9,900盔 (100g寸 1,286盔) 郴老(老) 货寒 档馒 焊厘 5 (2293) 弥措 495盔 利赋",埃祈侥,饭飘肺飘,RTC_MEAL,饭飘肺飘,官弗侥
"厚厚荐魂 力林 颊龙 篮哎摹 3付府 (趁悼), 520g(吝), 1蒲 且牢8%11,930盔 10,930盔 (100g寸 2,102盔) 郴老(老) 货寒 档馒 焊厘 4.5 (7616) 弥措 546盔 利赋",荐魂拱,积急,RAW_SEAFOOD,哎摹,厚厚荐魂
[胶固饶风] 皑槛空 倾聪铺 颇牢局敲 1.2kg (1烹),苞老/斑苞幅,苞老,RAW_FRUIT,颇牢局敲,胶固饶风
[急拱技飘] 况目鳃 疙岿包 哎厚帕 技飘 (4俺涝),埃祈侥,饭飘肺飘,RTC_MEAL,饭飘肺飘,疙岿包
"惑窍丑盔 公亲积力 1+殿鞭 措鄂, 15备, 1俺 8,320盔 (1备寸 555盔) 郴老(老) 货寒 档馒 焊厘 5 (22977) 弥措 416盔 利赋",腊幅/拌鄂,拌鄂,RAW_MEAT,拌鄂,惑窍丑盔
[叼 官福海肺] 俏农 凭纳捞胶 雇胶 檬妮复 105g,埃侥幅,檬妮复/荤帕,SNACK,檬妮复,叼 官福海肺
[磊楷促框] 埃祈窍绊 电电窍霸 绊备付胶平 10俺涝 冠胶,埃侥幅,苞磊/胶臣,SNACK,绊备付 胶平,磊楷促框
[坷堆扁] 1/2 窍橇 付夸匙令 2辆 (琶1),炼固丰,剧充/家胶,SAUCE_SEASONING,付夸匙令,坷堆扁
"荤炼曼摹 救缴蝶俺 混内扁, 85g, 20俺 49%44,950盔 22,910盔 (10g寸 135盔) 郴老(老) 档馒 焊厘 5 (194170) 弥措 1,145盔 利赋",惑柯侥前,曼摹/胶圃牡,CANNED,曼摹牡,荤炼曼摹
[芒拳寸] 葛狄父滴,埃祈侥,趁悼侥前,FROZEN_MEAL,趁悼 父滴,芒拳寸
"根海胶飘 困靛绢胶 公扼骇 积荐, 330ml, 40俺 10,000盔 (100ml寸 76盔) 郴老(老) 档馒 焊厘 5 (167581) 弥措 500盔 利赋",澜丰,积荐,BEVERAGE,积荐,根海胶飘
[海瘤剐] 淬归茄 A 滴蜡 (190mL X 24俺),蜡力前,快蜡/滴蜡,DAIRY,滴蜡,海瘤剐
[巢剧] 阂啊府胶 困诫 夸备福飘 (150mL X 8俺),蜡力前,夸芭飘,DAIRY,夸备福飘,巢剧
[胶固饶风] 皑槛空 倾聪铺 颇牢局敲 2.2kg 郴寇,苞老/斑苞幅,苞老,RAW_FRUIT,颇牢局敲,胶固饶风
[归汲] 橇遏配 棵府绊寸 700g,炼固丰,剧充/家胶,SAUCE_SEASONING,棵府绊寸,归汲
[胶固饶风] 鉴 蜡扁丑 官唱唱 2辆,苞老/斑苞幅,苞老,RAW_FRUIT,官唱唱,胶固饶风
"坷堆扁 烤朝 备荐茄 穿奉瘤 呐屈, 60g, 6俺 9,840盔 (100g寸 2,733盔) 郴老(老) 档馒 焊厘 5 (23095) 弥措 492盔 利赋",埃侥幅,苞磊/胶臣,SNACK,穿奉瘤,坷堆扁
[胶固饶风] 浅固空 官唱唱 1.2kg郴寇,苞老/斑苞幅,苞老,RAW_FRUIT,官唱唱,胶固饶风
[奔府郡固] 葛畴拿萍官 内扼萍唱 竣胶飘扼滚柳 棵府宏坷老 500mL,炼固丰,侥侩蜡/扁抚,SAUCE_SEASONING,棵府宏坷老,奔府郡固
"惫魂 扁抚力肺 泅固抹, 60g, 5俺 8,840盔 (10g寸 295盔) 郴老(老) 档馒 焊厘 4.5 (24305) 弥措 442盔 利赋",埃侥幅,苞磊/胶臣,SNACK,邦拱 苞磊,
[CU 侨诀] 酒荤洒积钙林牡 24涝,贱,钙林,ALCOHOL,钙林,酒荤洒
[悼盔] 弊副府 喉发欺胶飘 家矫瘤 240g*2涝,腊幅/拌鄂,啊傍腊(擒/家矫瘤),PROCESSED_MEAT,家矫瘤,悼盔
[惑窍格厘] 酒捞胶农覆 固聪呐 3辆 (琶1),埃侥幅,叼历飘/纳捞农,BAKERY,酒捞胶农覆,惑窍格厘
[Kurly's] 单老府 弊贰愁扼 3辆 (琶1),惑柯侥前,矫府倔,GRAIN,弊贰愁扼,Kurly's
"馆蛮窜瘤 舅付疵 例烙, 1kg, 1俺 5,850盔 (10g寸 59盔) 郴老(老) 货寒 档馒 焊厘 4.5 (13722) 弥措 293盔 利赋",埃祈侥,馆蛮幅,SIMPLE_PROCESSED,付疵 例烙,馆蛮窜瘤
"荤炼曼摹 混内扁 救缴蝶俺, 150g, 12俺 18,990盔 (10g寸 106盔) 郴老(老) 档馒 焊厘 5 (194170) 弥措 950盔 利赋",惑柯侥前,曼摹/胶圃牡,CANNED,曼摹牡,荤炼曼摹
[宏饭靛鸥烙] 能摹令户 85g,埃侥幅,户幅,BAKERY,摹令户,宏饭靛鸥烙
"坷堆扁 戈摹厘惫, 360ml, 2俺 5,750盔 (10ml寸 80盔) 郴老(老) 档馒 焊厘 5 (1239) 弥措 288盔 利赋",埃祈侥,饭飘肺飘,RTC_MEAL,饭飘肺飘,坷堆扁
公亲积力 1殿鞭 茄捣 荐腊侩 600g 4辆 (趁厘),腊幅/拌鄂,蹬瘤绊扁,RAW_MEAT,荐腊侩 蹬瘤绊扁,
[急拱技飘] 冠霖快狼 坷悔鹅海福 檬内鸥福飘 技飘 (2俺涝),埃侥幅,叼历飘/纳捞农,BAKERY,鸥福飘,冠霖快狼 坷悔鹅海福
[瞒妨辰] 坷葛啊府 茄捣辫摹骂俺,埃祈侥,饭飘肺飘,RTC_MEAL,饭飘肺飘,瞒妨辰
[倒酒客夸何魂绢宫] 葛惦 绢宫,荐魂拱,绢腊啊傍侥前,SIMPLE_PROCESSED,绢宫,倒酒客夸何魂绢宫
[KF365] 宏肺妮府 1涝 (250g),盲家/邦拱幅,盲家,RAW_PRODUCE,宏肺妮府,KF365
"磅磅 酒昏茄 尼唱拱, 500g, 2豪 2,130盔 (100g寸 213盔) 郴老(老) 货寒 档馒 焊厘 5 (563801) 弥措 106盔 利赋",盲家/邦拱幅,盲家,RAW_PRODUCE,尼唱拱,磅磅
"磅磅 角加 剐 侗汉捞侗, 1kg, 1俺 3,880盔 (100g寸 388盔) 郴老(老) 货寒 档馒 焊厘 5 (4643) 弥措 194盔 利赋",埃侥幅,侗,SNACK,剐侗,磅磅
[ardo] 趁悼 钠弊赴后 400g,盲家/邦拱幅,盲家,RAW_PRODUCE,弊赴后,ardo
[Project H] 力肺 饭阁 颇款靛 纳捞农 285g,埃侥幅,叼历飘/纳捞农,BAKERY,颇款靛 纳捞农,Project H
[柳啊匙馆蛮] 拌鄂厘炼覆,埃祈侥,馆蛮幅,SIMPLE_PROCESSED,拌鄂厘炼覆,柳啊匙馆蛮
[官抚剖] 模券版 炼阿 宏肺妮府 150g,盲家/邦拱幅,盲家,RAW_PRODUCE,宏肺妮府,官抚剖
"丑蛆 2025斥 禽揭 烙陛丛钎 捞玫揭, 漂殿鞭, 4kg, 1俺 22,780盔 (100g寸 570盔) 郴老(老) 货寒 档馒 焊厘 5 (712) 弥措 1,139盔 利赋",盲家/邦拱幅,揭/棱邦,GRAIN,揭,丑蛆
[乔内农] 鉴锐匙 后措侗,埃侥幅,侗,SNACK,侗,乔内农
"茄澜固啊 2025斥魂 禽揭 快府揭 归固, 惑殿鞭, 1kg, 1俺 4,580盔 (100g寸 458盔) 郴老(老) 货寒 档馒 焊厘 5 (200) 弥措 229盔 利赋",盲家/邦拱幅,揭/棱邦,GRAIN,揭,茄澜固啊
[胆府摹坷] 龋林魂 格檬腊 救缴 备捞侩 250g,腊幅/拌鄂,家绊扁,RAW_MEAT,家 救缴,胆府摹坷
"促丑盔 蜡磊瞒, 2kg, 1俺涝, 1俺 11,900盔 (10g寸 60盔) 郴老(老) 档馒 焊厘 4.5 (14508) 弥措 595盔 利赋",澜丰,目乔/瞒,BEVERAGE,蜡磊瞒,促丑盔
[烙角摹令付阑] 橇肺官捞坷夸芭飘 3辆 (120mL X 3俺) (琶1),蜡力前,夸芭飘,DAIRY,夸芭飘,烙角摹令付阑
[宏府俊哆] 刀老 宏府 摹令 4辆 (琶1),蜡力前,摹令,DAIRY,摹令,宏府俊哆
[CU 侨诀] 内付荤 龋瘤瞒,贱,扁鸥 林幅,ALCOHOL,柳,
"窍覆 催啊娇混 (趁厘), 1俺, 1kg 8,800盔 (100g寸 880盔) 郴老(老) 货寒 档馒 焊厘 5 (1049) 弥措 440盔 利赋",腊幅/拌鄂,催绊扁,RAW_MEAT,催啊娇混,窍覆
[橇饭瘤耽] 器记 滚磐 啊堪 (10g X 20涝),蜡力前,滚磐/积农覆,DAIRY,啊堪滚磐,橇饭瘤耽
"根绊侥前 啊付架俊 穿奉瘤, 1kg, 1俺 26%7,500盔 5,550盔 (100g寸 555盔) 郴老(老) 档馒 焊厘 4.5 (2564) 弥措 278盔 利赋",埃侥幅,苞磊/胶臣,SNACK,穿奉瘤,根绊侥前
[丑缴] 坷隆绢笼 260g (瘤欺归),埃侥幅,苞磊/胶臣,SNACK,坷隆绢笼,丑缴
"汗澜磊府 积碍 矩 饭阁瞒, 500g, 1俺涝, 1俺 16%7,280盔 6,050盔 (10g寸 121盔) 郴老(老) 档馒 焊厘 4.5 (3004) 弥措 303盔 利赋",澜丰,目乔/瞒,BEVERAGE,饭阁瞒,汗澜磊府
"格快锰 惫郴魂 家绊扁 阂绊扁侩 (趁厘), 300g, 2俺 35%39,980盔 25,700盔 (100g寸 4,283盔) 郴老(老) 货寒 档馒 焊厘 4.5 (8804) 弥措 1,285盔 利赋",腊幅/拌鄂,家绊扁,RAW_MEAT,阂绊扁侩 家绊扁,格快锰
[急拱技飘] 过己器曼咐 橇府固决 奔厚 坷啊技飘 1.6kg,荐魂拱,戈摹/扒绢拱,DRIED_SEAFOOD,奔厚,过己器曼咐
[淬磐] 酒捞胶萍 汗件酒 (14g X 80俺),澜丰,目乔/瞒,BEVERAGE,汗件酒 酒捞胶萍,淬磐
"狞捻欧 蜡扁啊傍侥前 牢刘 肯滴尼 (趁悼), 1俺, 600g 7,650盔 (100g寸 1,275盔) 郴老(老) 货寒 档馒 焊厘 5 (30) 弥措 383盔 利赋",盲家/邦拱幅,尼/滴何,SIMPLE_PROCESSED,肯滴尼,狞捻欧
"厚厚墨 备墨 穿啊 鞘傅 农贰目, 400g, 1俺 4,980盔 (10g寸 125盔) 郴老(老) 档馒 焊厘 5 (6863) 弥措 249盔 利赋",埃侥幅,苞磊/胶臣,SNACK,农贰目,厚厚墨
[柳啊匙馆蛮] 快钧盲炼覆,埃祈侥,馆蛮幅,SIMPLE_PROCESSED,快钧盲炼覆,柳啊匙馆蛮
[丑蛆] 快府揭 烹啊贰侗 400g,埃侥幅,侗,SNACK,啊贰侗,丑蛆
[弊饭牢柯] 榜靛墨公飘瓤家 急拱技飘 90器,固殿废 墨抛绊府,扁鸥,UNKNOWN,扁鸥,弊饭牢柯
官肺 单况冈绰 绊备付 具盲买 1kg,埃祈侥,剐虐飘,RTC_MEAL,剐虐飘,
"促窍促 惫魂 咯林瞒, 1g, 100俺涝, 1俺 9,900盔 (10g寸 990盔) 郴老(老) 档馒 焊厘 5 (374) 弥措 495盔 利赋",澜丰,目乔/瞒,BEVERAGE,咯林瞒,促窍促
[狞捻欧] 蜡扁丑 弊赴后 600g (趁悼),盲家/邦拱幅,盲家,RAW_PRODUCE,弊赴后,狞捻欧
[橇肺琉家福海] 固聪 苞老 酒捞胶农覆 75g 5辆,埃侥幅,叼历飘/纳捞农,BAKERY,酒捞胶农覆,橇肺琉家福海
[钙颇捞矩鸥捞芭] 萍归 3辆 (琶1),澜丰,目乔/瞒,BEVERAGE,萍归,钙颇捞矩鸥捞芭
"春飘府坷内 檬妮复咐 傀捞欺, 12g, 30俺 29%7,800盔 5,500盔 (10g寸 153盔) 郴老(老) 档馒 焊厘 5 (9849) 弥措 275盔 利赋",埃侥幅,苞磊/胶臣,SNACK,傀捞欺,春飘府坷内
[掸付农] 栋冈绰 夸芭飘 敲饭牢 450g,蜡力前,夸芭飘,DAIRY,夸芭飘,掸付农
[圾矾靛魄促] 浆扼令 圾矾靛 3辆,埃祈侥,圾矾靛蒲,RTC_MEAL,浆扼令 圾矾靛,圾矾靛魄促
[急拱技飘] 过己器曼咐 橇府固决 奔厚 坷啊技飘 1.2kg (抗距老 荐飞),荐魂拱,戈摹/扒绢拱,DRIED_SEAFOOD,奔厚,
[胆府摹坷] 龋林魂 蜡扁丑 家绊扁 腊傈/箕宏侩 200g,腊幅/拌鄂,家绊扁,RAW_MEAT,腊傈侩 家绊扁,胆府摹坷
[急拱技飘] 牢扁 疙鄂 急拱技飘 7辆 (琶1),荐魂拱,绢鄂,RAW_SEAFOOD,疙鄂,
[姐轰] 痢焊 扒器档 雇胶 142g,苞老/斑苞幅,斑苞幅,RAW_FRUIT,扒器档,姐轰
"磅磅 辫富捞 (趁悼), 400g, 1俺 3,860盔 (100g寸 965盔) 郴老(老) 货寒 档馒 焊厘 4.5 (46693) 弥措 193盔 利赋",埃祈侥,趁悼侥前,FROZEN_MEAL,趁悼 脾辫,磅磅
"磅磅 1+殿鞭 公亲积力 漂鄂, 20备, 1俺 7,380盔 (1备寸 369盔) 郴老(老) 货寒 档馒 焊厘 5 (64938) 弥措 369盔 利赋",腊幅/拌鄂,拌鄂,RAW_MEAT,拌鄂,磅磅
[钱公盔] 肺胶泼 采霸帕搁 4涝,埃祈侥,扼搁,INSTANT,肺胶泼 采霸帕搁,钱公盔
模券版 并蕾 100g,盲家/邦拱幅,盲家,RAW_PRODUCE,并蕾,模券版
"秦钎 墨愁扼蜡, 900ml, 2俺 57%19,800盔 8,500盔 (100ml寸 472盔) 郴老(老) 货寒 档馒 焊厘 5 (9418) 弥措 425盔 利赋",炼固丰,侥侩蜡/扁抚,SAUCE_SEASONING,墨愁扼蜡,秦钎
"[困聪厚聪] 俩府归 2辆 (俏农掐, 酒扁惑绢)",埃侥幅,檬妮复/荤帕,SNACK,俩府,困聪厚聪
[风贾] 甭纳绢虐令 厚鸥瓢瓢俩府 20器,固殿废 墨抛绊府,扁鸥,UNKNOWN,扁鸥,风贾
"TBK 父瓷厘酒骂埃厘家胶, 1.5L, 1俺 12%8,590盔 7,480盔 (100ml寸 499盔) 郴老(老) 档馒 焊厘 5 (31969) 弥措 355盔 利赋",炼固丰,剧充/家胶,SAUCE_SEASONING,厘酒骂埃厘,TBK
"碍釜檬寸滴何 檬寸滴何, 340g, 2俺 5,900盔 (100g寸 868盔) 郴老(老) 货寒 档馒 焊厘 5 (49) 弥措 295盔 利赋",盲家/邦拱幅,尼/滴何,SIMPLE_PROCESSED,滴何,碍釜檬寸滴何
[捞格] 惫郴魂 家绊扁 措菩 殿缴 备捞 300g (趁悼),腊幅/拌鄂,家绊扁,RAW_MEAT,家 殿缴,捞格
"官弗邦拱 拘钙 何靛反霸 喘赴 惫魂 焊府揭, 800g, 1俺 19%7,400盔 5,990盔 (100g寸 749盔) 郴老(老) 档馒 焊厘 5 (1983) 弥措 300盔 利赋",盲家/邦拱幅,揭/棱邦,GRAIN,焊府揭,官弗邦拱
[酒弊府汽] 颇福固瘤酒畴 饭瘤酒畴 胶橇饭歹喉 摹令 140g,蜡力前,摹令,DAIRY,颇福固瘤酒畴 饭瘤酒畴,酒弊府汽
[焊拱级] 扼搁侩 部付傈汗 200g (趁悼),荐魂拱,炼俺/傈汗,RAW_SEAFOOD,傈汗,焊拱级
[酒内肺锯] 肺锯俩府 备固 60俺涝,埃侥幅,檬妮复/荤帕,SNACK,俩府,酒内肺锯
啦公 500g,盲家/邦拱幅,揭/棱邦,GRAIN,啦公,啦公
[炼瘤酒] 目乔 4辆 (470mL X 6涝) (琶1),澜丰,目乔/瞒,BEVERAGE,目乔,炼瘤酒
[CU 侨诀] 1800 酒匙龋,贱,扁鸥 林幅,ALCOHOL,单偿扼,
[福哎] 宏福鸥春 滚磐 250g 2辆 (琶1),蜡力前,滚磐/积农覆,DAIRY,滚磐,福哎
[模沥哎厚] LA 采哎厚 800g (趁悼),腊幅/拌鄂,家绊扁,RAW_MEAT,LA 哎厚,模沥哎厚
[KF365] IQF 催啊娇混 (趁悼) 2kg,腊幅/拌鄂,催绊扁,RAW_MEAT,催啊娇混,KF365
"汗澜磊府 官肺 楼冈绰 叠扁离, 100g, 3俺 96%178,560盔 6,640盔 (100g寸 2,213盔) 郴老(老) 档馒 焊厘 5 (2678) 弥措 332盔 利赋",惑柯侥前,离/胶橇饭靛,SAUCE_SEASONING,叠扁离,汗澜磊府
[鉴荐侥前] 惑蔫蔫函 瞒傈磊乔 侥捞级蜡 1冠胶(30器) (窜老可记),固殿废 墨抛绊府,扁鸥,UNKNOWN,扁鸥,鉴荐侥前
[姐虐胶飘] 父促赴 1kg [前辆 : 攀绊],苞老/斑苞幅,苞老,RAW_FRUIT,父促赴,姐虐胶飘
"磅磅 公亲积力 脚急茄 措鄂, 60备, 1俺 15,990盔 (1备寸 267盔) 郴老(老) 货寒 档馒 焊厘 5 (451683) 弥措 800盔 利赋",腊幅/拌鄂,拌鄂,RAW_MEAT,拌鄂,磅磅
[揪捧霸歹] 陛老档 磊弗 促矫付 200g,荐魂拱,固开/促矫付,DRIED_SEAFOOD,促矫付,揪捧霸歹
[酒阁靛宏府令] 酒阁靛 澜丰 4辆 (190mL X 6俺),蜡力前,快蜡/滴蜡,DAIRY,酒阁靛蜡,酒阁靛宏府令
[窍罢促令] 颇牢飘 蜡矾乔救 叼历飘 酒捞胶农覆 403mL 4辆 (琶1),埃侥幅,叼历飘/纳捞农,BAKERY,酒捞胶农覆,窍罢促令
[归汲] 孺汲帕 1kg,炼固丰,炼固丰,SAUCE_SEASONING,孺汲帕,归汲
[KF365] 措眠规匡配付配 750g,盲家/邦拱幅,盲家,RAW_PRODUCE,规匡配付配,KF365
[酒捞丑] 公丑距 力林 饭阁 450g,苞老/斑苞幅,苞老,RAW_FRUIT,饭阁,酒捞丑
[捞淬] 魂剧快蜡 橇肺凭敲矾胶 750ml,蜡力前,快蜡/滴蜡,DAIRY,快蜡,捞淬
[CU 侨诀] 炼聪况目喉发1L,贱,扁鸥 林幅,ALCOHOL,困胶虐,炼聪况目
[唱弃饭克] 葛醋费 2辆 (琶1),埃侥幅,户幅,BAKERY,葛醋户,唱弃饭克
[酒捞丑] 蜡扁丑 官唱唱 500g,苞老/斑苞幅,苞老,RAW_FRUIT,官唱唱,酒捞丑
[淬磐] 磊魄扁快蜡咐 茄儡 (22g X 10俺),蜡力前,快蜡/滴蜡,DAIRY,磊魄扁 快蜡,淬磐
[酒捞丑] 蜡扁丑 脚绊硅 1.4kg (2~3涝),苞老/斑苞幅,苞老,RAW_FRUIT,硅,酒捞丑
"股饭内厚鸥 1.5% 历瘤规 戈闭快蜡, 1L, 12俺 19,500盔 (100ml寸 163盔) 郴老(老) 档馒 焊厘 5 (314) 弥措 975盔 利赋",蜡力前,快蜡/滴蜡,DAIRY,快蜡,股饭内厚鸥
[秦乔墨快] 坷胶飘府酒 器记 摹令 3辆 (140g X 8涝),蜡力前,摹令,DAIRY,摹令,秦乔墨快
"捧单捞秤 呈飘茄淋 摹令柠畴酒 雇胶秤, 20g, 30俺 10%22,200盔 19,900盔 (100g寸 3,317盔) 郴老(老) 档馒 焊厘 4.5 (8674) 弥措 945盔 利赋",苞老/斑苞幅,斑苞幅,RAW_FRUIT,斑苞幅,捧单捞秤
"磅磅 脚急茄 1A 快蜡, 2.3L, 1俺 4,780盔 (100ml寸 208盔) 郴老(老) 货寒 档馒 焊厘 5 (352620) 弥措 239盔 利赋",蜡力前,快蜡/滴蜡,DAIRY,快蜡,磅磅
[绊贰荤] 牢扁 惫帕侩 & 埃侥侩 绢宫 技飘 (趁厘) (抗距老 荐飞),荐魂拱,绢腊啊傍侥前,SIMPLE_PROCESSED,绢宫,绊贰荤
[扁夺沥] 荐力 坷鄂促 力林 技飘 (20g X 12俺),埃侥幅,苞磊/胶臣,SNACK,坷鄂促,扁夺沥
蜡扁丑 捞呕府救 颇浇府 15g,炼固丰,氢脚丰/倾宏,SAUCE_SEASONING,颇浇府,蜡扁丑
[康霖格厘] 胶飘傅 摹令,蜡力前,摹令,DAIRY,胶飘傅 摹令,康霖格厘
[没沥盔] 全檬 喉风海府 900ml,澜丰,目乔/瞒,BEVERAGE,喉风海府 全檬,没沥盔
[捻浚令滚哦] 惫魂 曼扁抚 100mL (历柯拘馒),炼固丰,侥侩蜡/扁抚,SAUCE_SEASONING,曼扁抚,捻浚令滚哦
"秦钎 歹 绊家茄磊馆 辫倒磊馆, 300g, 2俺 32%19,960盔 13,460盔 (10g寸 224盔) 郴老(老) 档馒 焊厘 5 (56) 弥措 673盔 利赋",惑柯侥前,辫/磊馆,DRIED_SEAFOOD,辫磊馆,秦钎
[风居] 措父 击靛困摹(2俺涝) 3辆,埃侥幅,户幅,BAKERY,击靛困摹,风居
[颇胶硼福] 历柯混闭 闰快蜡 2300mL,蜡力前,快蜡/滴蜡,DAIRY,快蜡,颇胶硼福
[坷付淡] 葛惦脾辫 340g,埃祈侥,趁悼侥前,FROZEN_MEAL,趁悼 脾辫,坷付淡
"巢剧蜡诀 胶抛厚酒 夸备福飘, 65ml, 16俺涝, 1俺 2,980盔 (10ml寸 29盔) 郴老(老) 货寒 档馒 焊厘 5 (5660) 弥措 149盔 利赋",蜡力前,夸芭飘,DAIRY,夸备福飘,巢剧
[柳角等颊咐] 茄快荤榜 剧瘤磅帕,埃祈侥,饭飘肺飘,RTC_MEAL,饭飘肺飘,柳角等颊咐
[啊丑官捞坷] 宏饭靛捞惯家 备款鄂 20备,腊幅/拌鄂,拌鄂,RAW_MEAT,备款鄂,啊丑官捞坷
[棵啊] 蜡扁丑 惯酒 喉发焊府瞒 500g,澜丰,目乔/瞒,BEVERAGE,焊府瞒,棵啊
"快康侥前 酒蝶部揪匙 甸柄啊风, 1kg, 1俺 8,900盔 (100g寸 890盔) 郴老(老) 档馒 焊厘 5 (792) 弥措 445盔 利赋",炼固丰,啊风盒富,SAUCE_SEASONING,甸柄啊风,快康侥前
[妮赴胶 促捞醋] 傈汗架逛 虐飘,埃祈侥,剐虐飘,RTC_MEAL,剐虐飘,妮赴胶 促捞醋
措父 穿啊农贰目 措侩樊 32俺涝 448g,埃侥幅,苞磊/胶臣,SNACK,农贰目,
"档靛恩茄捣 1殿鞭 救缴 厘炼覆侩 (趁厘), 500g, 1俺 9,240盔 (100g寸 1,848盔) 郴老(老) 货寒 档馒 焊厘 5 (2016) 弥措 462盔 利赋",腊幅/拌鄂,蹬瘤绊扁,RAW_MEAT,蹬瘤 救缴,档靛恩茄捣
"丑缴 楼颇霸萍 奴荤惯搁, 16俺 15,120盔 (1俺寸 945盔) 郴老(老) 档馒 焊厘 5 (32206) 弥措 756盔 利赋",埃祈侥,扼搁,INSTANT,楼颇霸萍,丑缴
[己柳] 惫郴魂 100% 慢揭啊风,炼固丰,啊风盒富,SAUCE_SEASONING,慢揭啊风,己柳
[匙捞媚菩胶] 矾宏农繁摹 促农檬妮复 矩  内内秤 325g,埃侥幅,檬妮复/荤帕,SNACK,檬妮复,匙捞媚菩胶
[辆啊] 傈扼档器扁辫摹 900g,埃祈侥,馆蛮幅,SIMPLE_PROCESSED,硅眠辫摹,辆啊
[郡墨其] 靛赋 牢胶畔飘 目乔 贾风喉 30g 3辆 (琶1),澜丰,目乔/瞒,BEVERAGE,目乔啊风,郡墨其
[官抚剖] 蜡扁丑 瘪付疵 200g,盲家/邦拱幅,盲家,RAW_PRODUCE,付疵,官抚剖
[急拱技飘] 荤固清 哎厚买 技飘(傈烹&概款)(3俺涝),埃祈侥,饭飘肺飘,RTC_MEAL,饭飘肺飘,荤固清
[惯肺唱] 檬妮复 官 3辆 (琶1),埃侥幅,苞磊/胶臣,SNACK,檬内官,惯肺唱
[酱欺虐模] 海捞牧鳖福焊唱扼,埃祈侥,饭飘肺飘,RTC_MEAL,饭飘肺飘,酱欺虐模
[Kurly's] 1++ 茄快 惫芭府 250g (趁厘),腊幅/拌鄂,家绊扁,RAW_MEAT,惫芭府侩 家绊扁,Kurly's
"寸档急喊 给抄捞 荤苞, 3kg(吝苞), 1俺 21,290盔 (100g寸 710盔) 郴老(老) 货寒 档馒 焊厘 4 (18633) 弥措 1,065盔 利赋",苞老/斑苞幅,苞老,RAW_FRUIT,荤苞,
"归汲 橇遏配 棵府绊寸, 1.2kg, 1俺 39%6,480盔 3,930盔 (100g寸 328盔) 郴老(老) 货寒 档馒 焊厘 5 (2159) 弥措 196盔 利赋",炼固丰,剧充/家胶,SAUCE_SEASONING,棵府绊寸,归汲
[KF365] 啊瘤 2涝,盲家/邦拱幅,盲家,RAW_PRODUCE,啊瘤,KF365
[辆啊] 憋滴扁 500g,埃祈侥,馆蛮幅,SIMPLE_PROCESSED,憋滴扁,辆啊
"鸥具胶 坷府浚飘 飘矾敲 檬妮复, 1kg, 1俺 26%10,000盔 7,400盔 (10g寸 74盔) 2/10(拳) 档馒 抗沥 4.5 (10603) 弥措 370盔 利赋",埃侥幅,檬妮复/荤帕,SNACK,檬妮复,鸥具胶
[KF365] 畴福傀捞 积楷绢 胶抛捞农 200g (趁厘),埃祈侥,剐虐飘,RTC_MEAL,剐虐飘,KF365
"磅磅 钙馆籍 备款鄂, 15备, 1俺 7,370盔 (1备寸 491盔) 郴老(老) 货寒 档馒 焊厘 4.5 (143690) 弥措 369盔 利赋",腊幅/拌鄂,拌鄂,RAW_MEAT,备款鄂,磅磅
[酒捞丑] 模券版 惫魂 弊赴虐困 800g,苞老/斑苞幅,苞老,RAW_FRUIT,虐困,酒捞丑
[急拱技飘] 炼急龋炮 LA哎厚 技飘3kg (抗距老 荐飞),腊幅/拌鄂,家绊扁,RAW_MEAT,LA 哎厚,炼急龋炮
[Kurly's] 悼拱汗瘤 备款鄂 20备,腊幅/拌鄂,拌鄂,RAW_MEAT,备款鄂,Kurly's
[没沥盔] 抿矩府倔 焙广抿 80g,埃侥幅,苞磊/胶臣,SNACK,咐广,没沥盔
[CU 侨诀] 窍捻矫墨 配捻海明 去烈炼,贱,扁鸥 林幅,ALCOHOL,荤纳,
[瘤府魂贸烦] 青汗茄 沥篮揪狼 芭乔茄 积甸柄啊风 150g,炼固丰,啊风盒富,SAUCE_SEASONING,甸柄啊风,瘤府魂贸烦
"仟叼 孺饶眠 弊扼牢歹, 50g, 1俺 5,000盔 (10g寸 1,000盔) 郴老(老) 货寒 档馒 焊厘 5 (163) 弥措 250盔 利赋",炼固丰,氢脚丰/倾宏,SAUCE_SEASONING,饶眠,仟叼
[救窜离] 历寸 噶绊 胶橇饭靛 200g,惑柯侥前,离/胶橇饭靛,SAUCE_SEASONING,噶绊 胶橇饭靛,救窜离
[舅珐剐府酒] 坷坊瘤离 300g,惑柯侥前,离/胶橇饭靛,SAUCE_SEASONING,坷坊瘤离,舅珐剐府酒
"磅磅 龋林魂 剧瘤 箕宏侩 (趁悼), 500g, 1俺 24%14,990盔 11,390盔 (100g寸 2,278盔) 郴老(老) 货寒 档馒 焊厘 4.5 (4073) 弥措 570盔 利赋",腊幅/拌鄂,家绊扁,RAW_MEAT,剧瘤,磅磅
"弊腐单捞 敲饭牢 夸芭飘 坷府瘤澄, 1.8L, 2俺 15,960盔 郴老(老) 货寒 档馒 焊厘 5 (20157) 弥措 798盔 利赋",蜡力前,夸芭飘,DAIRY,夸芭飘,弊腐单捞
"葛酒固飘 焊府冈牢 伙般 亲沥混 馆馆蒲 (趁厘), 1kg, 1俺 18%29,200盔 23,900盔 (100g寸 2,390盔) 郴老(老) 货寒 档馒 焊厘 5 (8756) 弥措 1,195盔 利赋",腊幅/拌鄂,蹬瘤绊扁,RAW_MEAT,葛狄 蹬瘤绊扁,葛酒固飘
"捞叼具 胶其既 榜靛喉坊靛 府摹农饭付 目乔雇胶, 11g, 170俺涝, 1俺 24,350盔 (10g寸 130盔) 郴老(老) 货寒 档馒 焊厘 5 (4232) 弥措 1,218盔 利赋",澜丰,目乔/瞒,BEVERAGE,目乔雇胶,捞叼具
[捞叼具] 扼都 30俺涝 3辆 (琶1),澜丰,目乔/瞒,BEVERAGE,目乔雇胶,捞叼具
[CU 侨诀] 刨颊 内快赴,贱,扁鸥 林幅,ALCOHOL,绊备付 家林,
"捞绢荐魂 汉澜侩 戈摹 (趁悼), 300g, 1俺 9,300盔 (100g寸 3,100盔) 郴老(老) 货寒 档馒 焊厘 5 (26379) 弥措 465盔 利赋",荐魂拱,戈摹/扒绢拱,DRIED_SEAFOOD,戈摹,捞绢荐魂
[荤炼措覆] 何魂绢宫 付寸愁捞 600g,荐魂拱,绢腊啊傍侥前,SIMPLE_PROCESSED,绢宫,荤炼措覆
"磅磅 茄捣 殿缴 墨饭侩 (趁厘), 600g, 1蒲 24%14,190盔 10,650盔 (100g寸 1,775盔) 郴老(老) 货寒 档馒 焊厘 5 (36895) 弥措 533盔 利赋",腊幅/拌鄂,蹬瘤绊扁,RAW_MEAT,蹬瘤 殿缴,磅磅
[乔磊肺后郊] 海捞牧 傀瘤 器抛捞配,埃祈侥,趁悼侥前,FROZEN_MEAL,趁悼 乔磊,乔磊肺后郊
[颇胶硼福] 官弗格厘 魂剧 橇肺凭 快蜡 750mL,蜡力前,快蜡/滴蜡,DAIRY,快蜡,颇胶硼福
[舅府救磊] 酒焊墨档 坷老 500mL,炼固丰,侥侩蜡/扁抚,SAUCE_SEASONING,酒焊墨档 坷老,舅府救磊
"磅磅 5锅 急喊茄 榜靛荤苞, 1俺, 1.5kg(7~10涝) 12,810盔 (100g寸 854盔) 郴老(老) 货寒 档馒 焊厘 4.5 (376) 弥措 640盔 利赋",苞老/斑苞幅,苞老,RAW_FRUIT,荤苞,磅磅
"寝丛付阑 剧充捞 肋 绢快矾瘤绰 惫魂 绊缅啊风 焊烹概款咐, 200g, 1俺 21%13,900盔 10,960盔 (100g寸 5,480盔) 郴老(老) 档馒 焊厘 5 (20840) 弥措 548盔 利赋",炼固丰,啊风盒富,SAUCE_SEASONING,绊缅啊风,寝丛付阑
[固飘呼] 固惫魂 家绊扁 檬捞胶 混摹混300g (趁厘),腊幅/拌鄂,家绊扁,RAW_MEAT,混摹混,固飘呼
[CU 侨诀] 酒墨矫矫扼快皋快皋酱,贱,扁鸥 林幅,ALCOHOL,府钮福,
[烈馆聪 饭] 拳捞飘 惯荤雇 能叼膏配 250mL,炼固丰,剧充/家胶,SAUCE_SEASONING,拳捞飘 惯荤雇 侥檬,烈馆聪 饭
[浚诀] 颇况俩 迫扼萍畴胶 没器档 (14器),固殿废 墨抛绊府,扁鸥,UNKNOWN,扁鸥,浚诀
"磅磅 茄涝 捣鳖胶 (趁悼), 1kg, 1俺 7,990盔 (100g寸 799盔) 郴老(老) 货寒 档馒 焊厘 4.5 (36865) 弥措 400盔 利赋",埃祈侥,趁悼侥前,FROZEN_MEAL,趁悼 捣鳖胶,磅磅
[堡玫辫] 捞葛墨技 档矫遏辫 4g X 12豪,惑柯侥前,辫/磊馆,DRIED_SEAFOOD,辫,堡玫辫
弊赴后胶 50g,盲家/邦拱幅,盲家,RAW_PRODUCE,弊赴后,
[墨鞘扼畴] 付穿墨曹 MGO 100+,炼固丰,剧充/家胶,SAUCE_SEASONING,曹,墨鞘扼畴
"扒惫蜡诀 叠扁啊 快蜡俊 馆沁促捻, 900ml, 2俺 4,480盔 (100ml寸 249盔) 郴老(老) 货寒 档馒 焊厘 5 (23100) 弥措 224盔 利赋",蜡力前,快蜡/滴蜡,DAIRY,叠扁快蜡,扒惫蜡诀
[抛扼肺荤] 檬妮复 纳捞农,埃侥幅,叼历飘/纳捞农,BAKERY,纳捞农,抛扼肺荤
"窍捞飘柳肺 喉发焊府 扼捞飘 澜丰, 175ml, 30俺 8,900盔 (100ml寸 170盔) 郴老(老) 档馒 焊厘 货 惑前, 馆前-固俺豪 (27) 弥历6,700盔 5 (4251) 弥措 445盔 利赋",澜丰,目乔/瞒,BEVERAGE,焊府瞒,窍捞飘柳肺
[挪烈] 雇胶 俩府 115g,埃侥幅,檬妮复/荤帕,SNACK,俩府,挪烈
[芒撅] 孺烙磊牢例固 (50g X 10俺涝),埃侥幅,侗,SNACK,牢例固,芒撅
[惯副肺] 橇肺亥肋饭 竣胶飘扼 滚柳 坷老 500mL,炼固丰,侥侩蜡/扁抚,SAUCE_SEASONING,棵府宏坷老,惯副肺
"悼盔 棵府宏辫 侥殴 8p, 4g, 16俺 27%8,990盔 6,480盔 (10g寸 1,013盔) 郴老(老) 档馒 焊厘 5 (11420) 弥措 324盔 利赋",惑柯侥前,辫/磊馆,DRIED_SEAFOOD,辫,悼盔
[伙赋] 叠扁 积农覆 墨胶炮扼 (90g X 6俺涝),埃侥幅,户幅,BAKERY,墨胶炮扼,墨胶炮
[粮念胆府固飘] 泪豪浩福 击靛困摹 (2俺涝),埃侥幅,户幅,BAKERY,击靛困摹,粮念胆府固飘
"楷技滴蜡 焕甫积阿茄 绊漠椒滴蜡 八篮尼, 190ml, 48俺 22,000盔 (100ml寸 241盔) 郴老(老) 档馒 焊厘 5 (106514) 弥措 1,100盔 利赋",蜡力前,快蜡/滴蜡,DAIRY,滴蜡,楷技滴蜡
[歹坷淬] 官肺淬篮 崔霓炔档 汗件酒 450g(惫郴魂),埃侥幅,叼历飘/纳捞农,BAKERY,炔档,歹坷淬
"归汲 墨愁扼蜡, 500ml, 2俺 44%11,000盔 6,100盔 (100ml寸 610盔) 郴老(老) 档馒 焊厘 5 (37796) 弥措 305盔 利赋",炼固丰,侥侩蜡/扁抚,SAUCE_SEASONING,墨愁扼蜡,归汲
[没沥盔] 咐急积 备款措颇 盲家咀 560g,炼固丰,剧充/家胶,SAUCE_SEASONING,盲家咀,没沥盔
[葛聪聪] 竣胶飘扼 滚柳 棵府宏 坷老 500mL,炼固丰,侥侩蜡/扁抚,SAUCE_SEASONING,棵府宏坷老,葛聪聪
"CONA 付老靛肺胶飘 酒皋府墨畴 盔滴目乔雇胶, 0.9g, 150俺涝, 2俺 25,420盔 (10g寸 941盔) 郴老(老) 档馒 焊厘 4.5 (11890) 弥措 1,271盔 利赋",澜丰,目乔/瞒,BEVERAGE,目乔啊风,CONA
[浚连坷府柳] 俊呈瘤 厚鸥刮B-霓敲泛胶 没器档氢 备固 (30老盒),固殿废 墨抛绊府,扁鸥,UNKNOWN,扁鸥,浚连坷府柳
[CU 侨诀] 窜令墨目繁飘焊靛墨,贱,扁鸥 林幅,ALCOHOL,焊靛墨,窜令墨
"积积器农 茄捣 公亲积力 牢刘 菊促府 阂绊扁 (趁厘), 500g, 1蒲 32%15,110盔 10,160盔 (100g寸 2,032盔) 郴老(老) 货寒 档馒 焊厘 4.5 (3292) 弥措 508盔 利赋",腊幅/拌鄂,蹬瘤绊扁,RAW_MEAT,蹬瘤 菊促府混,积积器农
[厚厚绊] 颇辫摹 800g,埃祈侥,馆蛮幅,SIMPLE_PROCESSED,颇辫摹,厚厚绊
柳档 积抨 120g (趁厘),荐魂拱,固开/促矫付,DRIED_SEAFOOD,抨,
[钱公盔] 具盲 部付辫逛 KIT,埃祈侥,剐虐飘,RTC_MEAL,剐虐飘,钱公盔
[促固盔] 康堡 归奔厚 3辆 (2固) (趁悼),荐魂拱,戈摹/扒绢拱,DRIED_SEAFOOD,归奔厚,促固盔
坷红俊 备款 绊备付 富珐捞 150g,埃侥幅,苞磊/胶臣,SNACK,绊备付 富珐捞,
"坷堆扁烤朝 曼扁抚, 450ml, 1俺 19%6,980盔 5,590盔 (10ml寸 124盔) 郴老(老) 货寒 档馒 焊厘 5 (10933) 弥措 280盔 利赋",炼固丰,侥侩蜡/扁抚,SAUCE_SEASONING,曼扁抚,坷堆扁
[坷府柯] 传阑 皑磊 谎冈嘛冈 220g,埃侥幅,苞磊/胶臣,SNACK,传阑皑磊,坷府柯
[淬磐] 葛苞 档扼瘤瞒 敲矾胶 (15g X 40俺),固殿废 墨抛绊府,扁鸥,UNKNOWN,扁鸥,淬磐
[窍飘萍扼固荐] 萍扼固荐 6辆 (琶1),埃侥幅,叼历飘/纳捞农,BAKERY,萍扼固荐,窍飘萍扼固荐
"磊楷檬 焊府瞒, 1000g, 1俺涝, 1俺 7,900盔 (10g寸 79盔) 郴老(老) 档馒 焊厘 4.5 (6683) 弥措 395盔 利赋",澜丰,目乔/瞒,BEVERAGE,焊府瞒,磊楷檬
[榜扼淬扁] 酒捞胶农覆 4俺涝 2辆(琶1) (坷饭坷/哦墓),埃侥幅,叼历飘/纳捞农,BAKERY,酒捞胶农覆,
[胶固胶萍] No.24 候 洒厚胶目胶 倾宏瞒 (2.73g X 15俺),澜丰,目乔/瞒,BEVERAGE,洒厚胶目胶瞒,胶固胶萍
"坷堆扁 侵纳捞农 雇胶, 1kg, 1俺 7%5,680盔 5,250盔 (100g寸 525盔) 郴老(老) 货寒 档馒 焊厘 5 (3739) 弥措 263盔 利赋",炼固丰,啊风盒富,SAUCE_SEASONING,侵纳捞农 雇胶,坷堆扁
[窍捞器农] 公亲积力 茄捣 伙般混 备捞侩 300g (趁厘),腊幅/拌鄂,蹬瘤绊扁,RAW_MEAT,伙般混,窍捞器农
[沫唱羔扼] 家陛 弊扼牢歹 2辆,炼固丰,炼固丰,SAUCE_SEASONING,家陛,沫唱羔扼
[抗蛮盔] 硅眠等厘惫 (喉钒惫),埃祈侥,剐虐飘,RTC_MEAL,剐虐飘,抗蛮盔
[钱公盔] 家啊 窜窜茄 何魔滴何 300g,盲家/邦拱幅,尼/滴何,SIMPLE_PROCESSED,滴何,钱公盔
[靛肺霸府酒] 其欺沸摹畴剐 (弊扼牢歹),炼固丰,炼固丰,SAUCE_SEASONING,其欺沸摹畴,靛肺霸府酒
[版汗泵 BLACK] 康剧哎厚帕,埃祈侥,饭飘肺飘,RTC_MEAL,饭飘肺飘,版汗泵 BLACK
"葫弊饭 夸妇锭官 喉风海府 (趁悼), 8俺, 1俺涝, 70ml 4,800盔 (10ml寸 86盔) 郴老(老) 货寒 档馒 焊厘 5 (2232) 弥措 240盔 利赋",埃侥幅,叼历飘/纳捞农,BAKERY,酒捞胶农覆,葫弊饭
"惫郴魂 寸辟 盲, 200g, 3蒲 6,950盔 (100g寸 1,158盔) 郴老(老) 货寒 档馒 焊厘 5 (10962) 弥措 348盔 利赋",盲家/邦拱幅,盲家,RAW_PRODUCE,寸辟,
[家窍悼绊规] 塞郴夸 楷碍沥,埃侥幅,苞磊/胶臣,SNACK,碍沥,家窍悼绊规
[档靛恩茄捣] 固飘傍规 饶尔农 家矫瘤 300g,腊幅/拌鄂,啊傍腊(擒/家矫瘤),PROCESSED_MEAT,家矫瘤,档靛恩茄捣
"没盔积疙丑蛆 2025斥 禽揭 空狼逛惑 归固, 惑殿鞭, 10kg, 1俺 11%41,900盔 36,900盔 (100g寸 369盔) 郴老(老) 档馒 焊厘 5 (236860) 弥措 1,845盔 利赋",盲家/邦拱幅,揭/棱邦,GRAIN,揭,丑蛆
"没快侥前 曼家扼屈 苞磊, 120g, 10俺 21%12,500盔 9,760盔 (10g寸 81盔) 郴老(老) 档馒 焊厘 5 (11750) 弥措 488盔 利赋",埃侥幅,苞磊/胶臣,SNACK,苞磊,没快侥前
[绢馆唱捞橇] 橇府固决 家矫瘤 2辆,腊幅/拌鄂,啊傍腊(擒/家矫瘤),PROCESSED_MEAT,家矫瘤,绢馆唱捞橇
[固遏] 康堡 过己器 曼奔厚 90gX6固 (趁悼),荐魂拱,戈摹/扒绢拱,DRIED_SEAFOOD,奔厚,固遏
[叼绢颇牢] 叠扁 弊腐夸芭飘 100g,蜡力前,夸芭飘,DAIRY,弊腐夸芭飘,叼绢颇牢
"某唱促靛扼捞 柳历俊老 配葱 力肺, 300ml, 24俺 14,590盔 (100ml寸 203盔) 郴老(老) 档馒 焊厘 5 (2478) 弥措 730盔 利赋",澜丰,藕魂澜丰,BEVERAGE,柳历俊老,某唱促靛扼捞
[没斥侗笼] 历寸 例祈 2辆 (琶1),埃侥幅,侗,SNACK,例祈,没斥侗笼
[惑窍格厘] 蜡扁丑 快蜡 3辆,蜡力前,快蜡/滴蜡,DAIRY,快蜡,惑窍格厘
[窍覆] IFF 催格混 500g (趁悼),腊幅/拌鄂,催绊扁,RAW_MEAT,催 格混,窍覆
[澄淬] 厚扒 宏扼快聪 (110g X 3俺),埃侥幅,叼历飘/纳捞农,BAKERY,宏扼快聪,澄淬
[搁荤尔] 戈摹 儡摹惫荐 273g * 2俺涝,埃祈侥,剐虐飘,RTC_MEAL,剐虐飘,搁荤尔
"没沥盔 历寸 曼柄 靛饭教, 310g, 1俺 4,600盔 (100g寸 1,484盔) 郴老(老) 档馒 焊厘 4.5 (1064) 弥措 230盔 利赋",炼固丰,剧充/家胶,SAUCE_SEASONING,曼柄 靛饭教,没沥盔
[勒单捞] 积碍 柳历鸡 14器,固殿废 墨抛绊府,扁鸥,UNKNOWN,扁鸥,勒单捞
"付南坷 坷府柯 备款辫佩, 3俺, 80g 4,600盔 (10g寸 192盔) 郴老(老) 档馒 焊厘 5 (312) 弥措 230盔 利赋",惑柯侥前,辫/磊馆,DRIED_SEAFOOD,辫,付南坷
[府磐胶器飘] 胶付萍胶 檬妮复 2辆 (琶1),埃侥幅,檬妮复/荤帕,SNACK,檬妮复,府磐胶器飘
[坷秤萍] 乔胶鸥摹坷 胶橇饭靛 2辆 (琶1),惑柯侥前,离/胶橇饭靛,SAUCE_SEASONING,乔胶鸥摹坷 胶橇饭靛,坷秤萍
[荤技] 官昏茄 摹挪呈百,埃祈侥,趁悼侥前,FROZEN_MEAL,摹挪呈百,荤技
"肯档 弥绊笼 诀家侩 措侩樊 肯档魂 颇瘤 促矫付, 1kg, 1俺 捻迄且牢15%14,000盔 11,780盔 (100g寸 1,178盔) 郴老(老) 档馒 焊厘 货 惑前, 馆前-固俺豪 (2) 弥历11,780盔 4.5 (697) 弥措 589盔 利赋",荐魂拱,固开/促矫付,DRIED_SEAFOOD,促矫付,肯档
[疯飘] 酒捞浇鄂雕 夸芭飘 付老靛 450g,蜡力前,夸芭飘,DAIRY,夸芭飘,疯飘
[龙矾] 腊器 3辆 30g (琶1),腊幅/拌鄂,啊傍腊(擒/家矫瘤),PROCESSED_MEAT,腊器,龙矾
[辟措榜格窜葡户] 烤朝 固聪妇葛胶户 200g,埃侥幅,户幅,BAKERY,妇葛胶户,辟措榜格窜葡户
[急拱技飘] 巢档快局 公亲积力 1++ 茄快 橇府固决 备捞技飘 1龋,腊幅/拌鄂,家绊扁,RAW_MEAT,葛狄 家绊扁,巢档快局
"酒捞矾宏剐农 3.5 荐涝戈闭快蜡, 12L, 1冠胶 25%20,000盔 15,000盔 (100ml寸 125盔) 2/10(拳) 档馒 抗沥 5 (77265) 弥措 750盔 利赋",蜡力前,快蜡/滴蜡,DAIRY,快蜡,酒捞矾宏剐农
[胶鸥棍胶] 橇扼仟摹畴 目乔 281mL X 4捍 5辆(琶1),澜丰,目乔/瞒,BEVERAGE,目乔,胶鸥棍胶
[骇海府] 叠扁离 215g,惑柯侥前,离/胶橇饭靛,SAUCE_SEASONING,叠扁离,骇海府
[瘤府魂茄豪康丑炼钦] 瘤府魂 国笼曹 260g,埃侥幅,叼历飘/纳捞农,BAKERY,国笼曹,瘤府魂茄豪康丑炼钦
[急拱技飘] 辫沥券全伙 全伙丑绵咀 俊呈瘤鸥烙(全伙胶平) (30老盒),固殿废 墨抛绊府,扁鸥,UNKNOWN,扁鸥,
"海瘤剐 17邦 茄尝滴蜡, 190ml, 16俺 9,490盔 (100ml寸 312盔) 郴老(老) 货寒 档馒 焊厘 5 (2262) 弥措 475盔 利赋",蜡力前,快蜡/滴蜡,DAIRY,滴蜡,海瘤剐
"磅磅 荤帕荐荐 厚沥力 盔寸, 1kg, 1俺 25%5,000盔 3,720盔 (100g寸 372盔) 郴老(老) 档馒 焊厘 5 (5031) 弥措 186盔 利赋",炼固丰,炼固丰,SAUCE_SEASONING,盔寸,磅磅
[加檬秦前] 疙鄂粒 400g,埃祈侥,馆蛮幅,SIMPLE_PROCESSED,疙鄂粒,加檬秦前
"倒眉备胶配 匙胶墨其 奉绊 叼墨其牢 母蕉目乔, 7g, 16俺涝, 1俺 9,240盔 (10g寸 825盔) 郴老(老) 档馒 焊厘 5 (17415) 弥措 462盔 利赋",澜丰,目乔/瞒,BEVERAGE,目乔母蕉,倒眉备胶配
[弊尔档福] 蜡反 鳖噶海福 摹令 125g,蜡力前,摹令,DAIRY,鳖噶海福 摹令,弊尔档福
"磅磅 惫魂 曼 官瘤遏, 1kg, 1俺 26%12,000盔 8,820盔 (100g寸 882盔) 郴老(老) 货寒 档馒 焊厘 4.5 (5186) 弥措 441盔 利赋",荐魂拱,炼俺/傈汗,RAW_SEAFOOD,官瘤遏,磅磅 
"根海胶飘 困靛绢胶 公扼骇 积荐, 330ml, 40俺 10,000盔 (100ml寸 76盔) 郴老(老) 档馒 焊厘 5 (167582) 弥措 500盔 利赋",澜丰,积荐,BEVERAGE,积荐,根海胶飘
"根僵 胶飘肺海府, 408g, 1俺 25%6,600盔 4,930盔 (10g寸 121盔) 郴老(老) 档馒 焊厘 4.5 (4827) 弥措 246盔 利赋",埃侥幅,苞磊/胶臣,SNACK,根僵,根僵
"坷堆扁 柳厚忽搁 156g, 8俺 19%8,560盔 6,900盔 (1俺寸 863盔) 郴老(老) 档馒 焊厘 5 (72702) 弥措 345盔 利赋",埃祈侥,扼搁,INSTANT,柳厚忽搁,坷堆扁
[尼尼酒捞] 惫魂尼栏肺 父电 蜡扁丑 滴蜡 (135mL X 10俺),蜡力前,快蜡/滴蜡,DAIRY,滴蜡,尼尼酒捞
[扼扼胶拉] 历寸 秤萍 檬内官 2辆 (70mL X 6俺涝),埃侥幅,苞磊/胶臣,SNACK,檬内官,扼扼胶拉
[悼盔] 咐曼 绊家曼扁抚 135g x 4牡,炼固丰,侥侩蜡/扁抚,SAUCE_SEASONING,曼扁抚,悼盔
[CU 侨诀] 焊抛啊官目柳500ml,贱,扁鸥 林幅,ALCOHOL,柳,
[辆啊] 咐辫摹 1.2kg,埃祈侥,馆蛮幅,SIMPLE_PROCESSED,硅眠辫摹,辆啊
[坷疵焊皑] 蜡扁丑 剧硅眠馏 10器,固殿废 墨抛绊府,扁鸥,UNKNOWN,扁鸥,坷疵焊皑
[官肺淬酒] 甸扁抚 350mL,炼固丰,侥侩蜡/扁抚,SAUCE_SEASONING,甸扁抚,官肺淬酒
"磊楷茄涝 歹 柳茄 曼摹咀, 1俺, 860ml 捻迄且牢71%26,700盔 7,490盔 (10ml寸 87盔) 郴老(老) 档馒 焊厘 5 (4498) 弥措 375盔 利赋",炼固丰,炼固丰,SAUCE_SEASONING,曼摹咀,磊楷茄涝
[迄鸥唱] 厚橇 奔扼浆 胶譬 250g,埃祈侥,饭飘肺飘,RTC_MEAL,饭飘肺飘,迄鸥唱
[炼急胆府] 炼急龋炮 固聪宏扼快聪技飘(6涝),埃侥幅,叼历飘/纳捞农,BAKERY,宏扼快聪,炼急胆府
[茄胶纳劳] 碱妮扼固荐 550g,埃侥幅,叼历飘/纳捞农,BAKERY,兢妮扼固荐,茄胶纳劳
"急柳器农 茄捣 1殿鞭捞惑 伙般混 备捞侩 (趁厘), 500g, 1蒲 12,440盔 (100g寸 2,488盔) 郴老(老) 货寒 档馒 焊厘 4.5 (19088) 弥措 622盔 利赋",腊幅/拌鄂,蹬瘤绊扁,RAW_MEAT,伙般混,急柳器农
[全风捞哩] 矮焙击 击靛困摹 2俺涝 2辆 (琶1),埃侥幅,户幅,BAKERY,击靛困摹,全风捞哩
[坷聪胶飘] Holiday Edition 飘府敲箕牢 器档 28器,固殿废 墨抛绊府,扁鸥,UNKNOWN,扁鸥,坷聪胶飘
"傈滴蜡 八篮尼 17邦 绊漠椒, 190ml, 20俺 33%12,800盔 8,500盔 (100ml寸 224盔) 郴老(老) 档馒 焊厘 货 惑前, 馆前-固俺豪 (4) 弥历8,070盔 5 (33426) 弥措 425盔 利赋",蜡力前,快蜡/滴蜡,DAIRY,滴蜡,傈滴蜡
[力老嘎霸拿府] 傈林厚忽 泅固帮距 林冈逛,埃祈侥,溜籍逛,INSTANT,溜籍 林冈逛,力老嘎霸拿府
"惫郴魂 宏肺妮府, 1俺涝, 1俺 1,980盔 (1俺寸 1,980盔) 郴老(老) 货寒 档馒 焊厘 5 (204182) 弥措 99盔 利赋",盲家/邦拱幅,盲家,RAW_PRODUCE,宏肺妮府,
[弃胶] 农覆摹令 坷府瘤澄 140g,蜡力前,摹令,DAIRY,农覆摹令,弃胶
"固开临扁, 300g, 2俺 4,900盔 (100g寸 817盔) 郴老(老) 货寒 档馒 焊厘 5 (11527) 弥措 245盔 利赋",荐魂拱,固开/促矫付,DRIED_SEAFOOD,固开临扁,
[坷汲废] 技累 萍归 (2g X 10俺),澜丰,目乔/瞒,BEVERAGE,萍归,坷汲废
"磅磅 绊家茄 奴滴何, 1kg, 1俺 2,480盔 (100g寸 248盔) 郴老(老) 货寒 档馒 焊厘 5 (12154) 弥措 124盔 利赋",盲家/邦拱幅,尼/滴何,SIMPLE_PROCESSED,滴何,磅磅
"档沥傍厘 灸绢唱柯 泅固, 1kg, 1俺 6,980盔 (100g寸 698盔) 郴老(老) 货寒 档馒 焊厘 5 (1782) 弥措 349盔 利赋",盲家/邦拱幅,揭/棱邦,GRAIN,泅固,档沥傍厘
[坷聪胶飘] Holiday Edition 飘府敲妮扼罢 坷坊瘤 28器,固殿废 墨抛绊府,扁鸥,UNKNOWN,扁鸥,坷聪胶飘
"颇胶硼福 扒碍茄 历柯混闭 快蜡 饶饭浆, 2.3L, 1俺 8,120盔 (100ml寸 353盔) 郴老(老) 货寒 档馒 焊厘 5 (173286) 弥措 406盔 利赋",蜡力前,快蜡/滴蜡,DAIRY,快蜡,颇胶硼福
"官府胶鸥逢胶 盔单捞 酒皋府墨畴 公扼骇, 350ml, 20俺 58%50,000盔 20,810盔 (100ml寸 297盔) 郴老(老) 档馒 焊厘 5 (4537) 弥措 832盔 利赋",澜丰,目乔/瞒,BEVERAGE,目乔,官府胶鸥逢胶
[扼后府目侨诀][脚斥 漂啊] 矾伎 府历宏 教臂硅凡 滚锅 (困胶虐),贱,扁鸥 林幅,ALCOHOL,困胶虐,
[家捞凝] 滴蜡 350mL 2辆 (琶1),蜡力前,快蜡/滴蜡,DAIRY,滴蜡,家捞凝
[坷聪胶飘] 纳扼弊肺快 噶绊 14器,固殿废 墨抛绊府,扁鸥,UNKNOWN,扁鸥,坷聪胶飘
"伙龋绢宫 何魂绢宫 官弗荤阿, 240g, 2俺 6%2,760盔 2,580盔 (100g寸 538盔) 郴老(老) 货寒 档馒 焊厘 5 (84141) 弥措 129盔 利赋",荐魂拱,绢腊啊傍侥前,SIMPLE_PROCESSED,绢宫,伙龋绢宫
[己荐悼盒侥] 措备侥 荐力 吵累父滴(30俺涝),埃祈侥,趁悼侥前,FROZEN_MEAL,趁悼 父滴,己荐悼盒侥
[拘备沥坷隆绢] 坷隆绢 汉澜 2辆 (琶1),埃祈侥,馆蛮幅,SIMPLE_PROCESSED,坷隆绢 汉澜,拘备沥坷隆绢
[钱公盔] 馆淀茄侥 荐力侥皑 悼弊尔动 315g,埃祈侥,饭飘肺飘,RTC_MEAL,饭飘肺飘,钱公盔
"伙剧力林快蜡 蜡扁丑 A2 快蜡, 900ml, 1俺 4,450盔 (100ml寸 494盔) 郴老(老) 货寒 档馒 焊厘 5 (915) 弥措 223盔 利赋",蜡力前,快蜡/滴蜡,DAIRY,快蜡,伙剧力林快蜡
[急拱技飘] 汽器聪坷 竣胶飘扼 滚柳 棵府宏坷老 3辆技飘,炼固丰,侥侩蜡/扁抚,SAUCE_SEASONING,棵府宏坷老,汽器聪坷
"乞芒荐 公扼骇 积荐, 500ml, 40俺 31%15,900盔 10,940盔 (100ml寸 55盔) 郴老(老) 档馒 焊厘 5 (164234) 弥措 547盔 利赋",澜丰,积荐,BEVERAGE,积荐,乞芒荐
[厚厚绊] 凯公辫摹 1.5kg,埃祈侥,馆蛮幅,SIMPLE_PROCESSED,凯公辫摹,厚厚绊
[坷聪胶飘] 纳扼弊肺快 噶绊 84器,固殿废 墨抛绊府,扁鸥,UNKNOWN,扁鸥,坷聪胶飘
[基钎] 货固匙何君 柳埃厘 830ml,炼固丰,剧充/家胶,SAUCE_SEASONING,柳埃厘,基钎
[农风倒府坷] 蜡扁丑 竣胶飘扼 滚柳 棵府宏 坷老 250mL,炼固丰,侥侩蜡/扁抚,SAUCE_SEASONING,棵府宏坷老,农风倒府坷
[ardo] 趁悼宏肺妮府 400g,盲家/邦拱幅,盲家,RAW_PRODUCE,宏肺妮府,ardo
[辑府犁] 惫魂 曼扁抚 250mL,炼固丰,侥侩蜡/扁抚,SAUCE_SEASONING,曼扁抚,辑府犁
[泵] 榜电棵府宏 腊器 100g,腊幅/拌鄂,啊傍腊(擒/家矫瘤),PROCESSED_MEAT,腊器,泵
[CU 侨诀] 府虐剐钙林牡500ml*24,贱,钙林,ALCOHOL,钙林,
[掸付农] 家拳啊 肋登绰 快蜡肺 父电 叠扁快蜡 (190mL X 24俺),蜡力前,快蜡/滴蜡,DAIRY,叠扁快蜡,掸付农
[窍覆捞催] 家胶 肋 冈篮 催啊娇混 3辆 110g (1涝),腊幅/拌鄂,催绊扁,RAW_MEAT,催啊娇混,窍覆捞催
蜡扁丑 归苛 慢揭 500g,盲家/邦拱幅,揭/棱邦,GRAIN,慢揭,
[弊腐酱官牢] 腊馏啊垫 何绢胶飘 家矫瘤 2辆,腊幅/拌鄂,啊傍腊(擒/家矫瘤),PROCESSED_MEAT,家矫瘤,弊腐酱官牢
"郴抿凡胶颇捞胶 农矾浆靛 饭靛其欺, 40g, 1俺 3,370盔 (10g寸 843盔) 郴老(老) 货寒 档馒 焊厘 5 (70) 弥措 169盔 利赋",炼固丰,氢脚丰/倾宏,SAUCE_SEASONING,饭靛其欺,郴抿凡胶颇捞胶
[倾国罚靛] 捞姑 钢萍厚鸥刮固匙饿 侥拱己 备固俩府 (30老盒),固殿废 墨抛绊府,扁鸥,UNKNOWN,扁鸥,倾国罚靛
"IQF 趁悼 催救缴 (趁悼), 1kg, 1俺 35%11,990盔 7,690盔 (100g寸 769盔) 郴老(老) 货寒 档馒 焊厘 5 (1528) 弥措 385盔 利赋",腊幅/拌鄂,催绊扁,RAW_MEAT,催 救缴,IQF
[没沥盔] 抿矩府倔 绊备付抿 60g,埃侥幅,苞磊/胶臣,SNACK,绊备付 胶平,没沥盔
"磅磅 脚急茄 历瘤规快蜡, 900ml, 6俺 11,070盔 (100ml寸 205盔) 郴老(老) 货寒 档馒 焊厘 5 (54675) 弥措 554盔 利赋",蜡力前,快蜡/滴蜡,DAIRY,历瘤规 快蜡,磅磅
[磊窍恩] 概角惯瓤咀 货快厘 530g (趁厘),埃祈侥,馆蛮幅,SIMPLE_PROCESSED,货快厘,磊窍恩
[桔葛匙虐模] 楷绢 胶抛捞农 200g (趁悼),荐魂拱,积急,RAW_SEAFOOD,楷绢,桔葛匙虐模
[坷汲废] 风捞焊胶 腔绢 萍归 (2g X 10俺),澜丰,目乔/瞒,BEVERAGE,萍归,坷汲废
[俊赣捞] 家绊扁 揭惫荐 虐飘 (2牢盒),埃祈侥,剐虐飘,RTC_MEAL,剐虐飘,俊赣捞
[捞格] 惫郴魂 家绊扁 殿缴 胶抛捞农 措侩樊 1kg (趁厘),腊幅/拌鄂,家绊扁,RAW_MEAT,家 殿缴,捞格
[敲扼捞剐] 橇肺凭 弊贰愁扼 3辆 (琶1),惑柯侥前,矫府倔,GRAIN,弊贰愁扼,敲扼捞剐
[官矫沸] 其胶配 肺筋 摹令 200g,蜡力前,摹令,DAIRY,肺筋 摹令,官矫沸
"钱公盔促稠 咀萍厚酒 捍 敲饭牢, 130ml, 8俺涝, 1俺 8,480盔 (10ml寸 82盔) 郴老(老) 货寒 档馒 焊厘 5 (24019) 弥措 424盔 利赋",蜡力前,夸芭飘,DAIRY,夸芭飘,钱公盔
[颇胶虐俊] 埔纳捞农 (35g X 8俺涝),埃侥幅,叼历飘/纳捞农,BAKERY,埔纳捞农,颇胶虐俊
[夯 付抗匙] 橇尔胶 赴绊 摹令 180g,蜡力前,摹令,DAIRY,赴绊 摹令,夯 付抗匙
"巢剧蜡诀 咐乐绰 快蜡 GT, 900ml, 6俺 16,050盔 (100ml寸 297盔) 郴老(老) 货寒 档馒 焊厘 5 (588998) 弥措 743盔 利赋",蜡力前,快蜡/滴蜡,DAIRY,快蜡,巢剧
[辫家康 酒萍厘狼 救窜抛] 矫俊扼 匙官促 农覆 柯 啪 夸芭飘 170g 4辆 (琶1),蜡力前,夸芭飘,DAIRY,夸芭飘,辫家康 酒萍厘狼 救窜抛
[CU 侨诀] 逞滚3繁带靛扼捞柳,贱,扁鸥 林幅,ALCOHOL,柳,
[坷聪胶飘] 飘府敲箕牢 器档 14器,固殿废 墨抛绊府,扁鸥,UNKNOWN,扁鸥,坷聪胶飘
"[丑蛆] [25斥魂 寝邦] 碍盔 脚覆丑蛆 惫魂 归怕, 1俺, 1kg 23%15,000盔 11,480盔 (100g寸 1,148盔) 郴老(老) 档馒 焊厘 5 (96) 弥措 499盔 利赋",盲家/邦拱幅,尼/滴何,SIMPLE_PROCESSED,归怕,丑蛆
"没沥盔 玫老堪 啊绰家陛, 500g, 1俺 4,200盔 (100g寸 840盔) 郴老(老) 档馒 焊厘 货 惑前, 馆前-固俺豪 (24) 弥历3,500盔 5 (28340) 弥措 210盔 利赋",炼固丰,炼固丰,SAUCE_SEASONING,家陛,没沥盔
[酒萍虐] 弊腐倾聪 鸥烙 玫楷 曹 500g,炼固丰,剧充/家胶,SAUCE_SEASONING,曹,酒萍虐
[拘备沥坷隆绢] 癌坷隆绢 汉澜 2辆 (琶1),埃祈侥,饭飘肺飘,RTC_MEAL,饭飘肺飘,拘备沥坷隆绢
公丑距 楷辟 2辆,盲家/邦拱幅,盲家,RAW_PRODUCE,楷辟,公丑距
[狐贿侩户] 鳖鳖付风 扁橇飘 捻虐 技飘 500g,埃侥幅,苞磊/胶臣,SNACK,捻虐,狐贿侩户
[海瘤剐] 5060矫聪绢 滴蜡 (190mL X 16俺),蜡力前,快蜡/滴蜡,DAIRY,滴蜡,海瘤剐
[酒捞减] 酒捞胶官 窍飘减 叠扁 & 喉风海府 (72mL X 2俺),埃侥幅,叼历飘/纳捞农,BAKERY,酒捞胶农覆,酒捞减
[啊焊剖胶] 橇府固决 具积拳曹 2辆 (500g/1kg),炼固丰,剧充/家胶,SAUCE_SEASONING,曹,啊焊剖胶
[窍风茄萍] 惫拳瞒 20g,澜丰,目乔/瞒,BEVERAGE,惫拳瞒,窍风茄萍
[芒拳寸] 绊扁泵吝父滴,埃祈侥,趁悼侥前,FROZEN_MEAL,趁悼 父滴,芒拳寸
"措茄力盒 吝仿 剐啊风 2殿鞭, 20kg, 1俺 16,500盔 (100g寸 83盔) 郴老(老) 档馒 焊厘 5 (2283) 弥措 825盔 利赋",炼固丰,啊风盒富,SAUCE_SEASONING,剐啊风,措茄力盒
"钙缴 拳捞飘榜靛 目乔雇胶, 11.7g, 160俺涝, 1俺 25,600盔 (10g寸 137盔) 郴老(老) 货寒 档馒 焊厘 5 (31063) 弥措 1,280盔 利赋",澜丰,目乔/瞒,BEVERAGE,目乔雇胶,钙缴
[坷聪胶飘] 飘府敲箕牢 器档 Eternal Beauty Gift Set 84器,固殿废 墨抛绊府,扁鸥,UNKNOWN,扁鸥,坷聪胶飘
[府撇胶其牢] 巩绢 皑官胶 舅 酒洒夸,埃祈侥,剐虐飘,RTC_MEAL,剐虐飘,府撇胶其牢
[歹 歹摹] 绊促 X.O 24俺岿 槛己 摹令 250g,蜡力前,摹令,DAIRY,摹令,歹 歹摹
[剖价] 茄尝 措颇 250g,盲家/邦拱幅,盲家,RAW_PRODUCE,措颇,剖价
"辑匡快蜡 A2敲矾胶 快蜡, 1俺, 1.7L 6,940盔 (100ml寸 408盔) 郴老(老) 货寒 档馒 焊厘 5 (18175) 弥措 347盔 利赋",蜡力前,快蜡/滴蜡,DAIRY,快蜡,辑匡快蜡
"根海胶飘 困靛绢胶 公扼骇 积荐, 2L, 24俺 13,970盔 (100ml寸 29盔) 郴老(老) 档馒 焊厘 5 (167582) 弥措 699盔 利赋",澜丰,积荐,BEVERAGE,积荐,根海胶飘
[急拱技飘] 棵靛其府档秤 绊皋档秤 8备技飘,埃侥幅,叼历飘/纳捞农,BAKERY,档秤,绊棵靛其府档秤
[坷聪胶飘] 飘府敲箕牢 器档 啊电 俊叼记 急拱技飘 2辆 28器,固殿废 墨抛绊府,扁鸥,UNKNOWN,扁鸥,坷聪胶飘
[急拱技飘] 棵府 曹胶平 技飘,炼固丰,剧充/家胶,SAUCE_SEASONING,曹,棵府
"溃橇饭浆 汗件酒 (趁悼), 1kg, 1俺 7,360盔 (100g寸 736盔) 郴老(老) 货寒 档馒 焊厘 4.5 (708) 弥措 308盔 利赋",苞老/斑苞幅,趁悼苞老,SIMPLE_PROCESSED,趁悼 汗件酒,溃橇饭浆
"窍覆 IFF 催啊娇混 (趁悼), 2kg, 1俺 13%22,900盔 19,770盔 (100g寸 989盔) 郴老(老) 货寒 档馒 焊厘 5 (108059) 弥措 989盔 利赋",腊幅/拌鄂,催绊扁,RAW_MEAT,催啊娇混,窍覆 
[胶付飘仟靛] 拳捞飘 眉促摹令 扑能,埃侥幅,苞磊/胶臣,SNACK,扑能,胶付飘仟靛
模券版 炔陛 曝捞滚几 180g,盲家/邦拱幅,滚几,RAW_PRODUCE,曝捞滚几,模券版
[捣付风] 茄捣 殿缴 墨饭侩 300g,腊幅/拌鄂,蹬瘤绊扁,RAW_MEAT,蹬瘤 殿缴,捣付风
"瘤档钎己版 啊风辫, 400g, 1俺 16,900盔 (10g寸 423盔) 郴老(老) 档馒 焊厘 5 (18645) 弥措 845盔 利赋",惑柯侥前,辫/磊馆,DRIED_SEAFOOD,辫,瘤档钎己版
"曼橇饭 悼拱汗瘤 牢刘 催救缴 (趁厘), 500g, 1俺 7,500盔 (100g寸 1,500盔) 郴老(老) 货寒 档馒 焊厘 5 (535) 弥措 375盔 利赋",腊幅/拌鄂,催绊扁,RAW_MEAT,催 救缴,曼橇饭
[府内胶] 唱幂 454g,埃侥幅,苞磊/胶臣,SNACK,唱幂,府内胶
[颇胶虐俊] 畴福噶叼 局敲 鸥福飘 750g,埃侥幅,叼历飘/纳捞农,BAKERY,鸥福飘,颇胶虐俊
[掸付农] 窍捞夸备福飘 (100mL X 10俺),蜡力前,夸芭飘,DAIRY,夸备福飘,掸付农
[焊拱级] 磊楷魂 全货快厘 300g (趁厘),埃祈侥,馆蛮幅,SIMPLE_PROCESSED,货快厘,焊拱级
寝 烹付疵 1kg,盲家/邦拱幅,盲家,RAW_PRODUCE,付疵,
[颇胶虐俊] 扼令海府 鸥福飘 (80g X 2俺涝),埃侥幅,叼历飘/纳捞农,BAKERY,鸥福飘,颇胶虐俊
[夸绊胆府] 其胶飘府 击靛困摹 3辆,埃侥幅,户幅,BAKERY,击靛困摹,夸绊胆府
"救己付勉丑蛆 2025斥 禽揭 绊矫洒墨府, 漂殿鞭, 4kg, 1俺 且牢5%19,900盔 18,900盔 (100g寸 473盔) 郴老(老) 档馒 焊厘 4.5 (10618) 弥措 945盔 利赋",盲家/邦拱幅,揭/棱邦,GRAIN,揭,丑蛆
[辑匡快蜡] 唱 100% 快蜡 (200mL X 3俺),蜡力前,快蜡/滴蜡,DAIRY,快蜡,辑匡快蜡
"钱公盔基拱 积荐 公扼骇, 1L, 24俺 17%13,200盔 10,900盔 (100ml寸 45盔) 郴老(老) 档馒 焊厘 5 (165782) 弥措 518盔 利赋",澜丰,积荐,BEVERAGE,积荐,钱公盔基拱
[捧霸歹] 酒捞胶农覆 4辆 (琶1),埃侥幅,叼历飘/纳捞农,BAKERY,酒捞胶农覆,捧霸歹
"惑窍格厘 蜡扁丑 牢刘 快蜡, 900ml, 2俺 8,200盔 (100ml寸 456盔) 郴老(老) 货寒 档馒 焊厘 5 (37585) 弥措 410盔 利赋",蜡力前,快蜡/滴蜡,DAIRY,快蜡,惑窍格厘
"讣篮拱俊 曼亮篮 惫魂 槛林唱拱, 300g, 1俺 3,000盔 (100g寸 1,000盔) 郴老(老) 货寒 档馒 焊厘 4.5 (28435) 弥措 150盔 利赋",盲家/邦拱幅,盲家,RAW_PRODUCE,槛林唱拱,讣篮拱俊
"[KF365] 肯档 傈汗 3付府 260g (措, 积拱)",荐魂拱,炼俺/傈汗,RAW_SEAFOOD,傈汗,KF365
"坷堆扁 剧炼 侥檬, 1.8L, 1俺 2,710盔 (10ml寸 15盔) 郴老(老) 货寒 档馒 焊厘 5 (11778) 弥措 135盔 利赋",炼固丰,剧充/家胶,SAUCE_SEASONING,剧炼侥檬,坷堆扁
[盔颇叼] 俊宏府厄 胶颇捞矫 矫令醋 240g,炼固丰,炼固丰,SAUCE_SEASONING,去钦 矫令醋,盔颇叼
"寝丛付阑 惫魂 100% 柄啊 今酒瘤绰 快府笼 柄家陛, 100g, 1俺 18%9,800盔 7,980盔 (100g寸 7,980盔) 郴老(老) 档馒 焊厘 5 (570) 弥措 399盔 利赋",炼固丰,炼固丰,SAUCE_SEASONING,柄家陛,寝丛付阑
[鹤贸胶钠] 春垮胶飘赋 胶抛捞农,埃祈侥,剐虐飘,RTC_MEAL,剐虐飘,鹤贸胶钠
"悼堡茄规隔 府鞘侩 烹 孺饶眠, 200g, 1俺 4,690盔 (10g寸 235盔) 郴老(老) 档馒 焊厘 5 (2538) 弥措 235盔 利赋",炼固丰,氢脚丰/倾宏,SAUCE_SEASONING,饶眠,悼堡茄规隔
[岸矾府酒 绊皋捞494] 蜡扁牡辫 50g,惑柯侥前,辫/磊馆,DRIED_SEAFOOD,辫,岸矾府酒 绊皋捞494
公亲积力 1殿鞭 鞠棚瘤 伙般 2辆 (趁厘),腊幅/拌鄂,蹬瘤绊扁,RAW_MEAT,伙般混,
[扼捞撇府] 催哎厚 帮距汉澜逛 (4俺涝),埃祈侥,饭飘肺飘,RTC_MEAL,饭飘肺飘,扼捞撇府
"鉴累 力林魂 快府酒捞 霉 焊府瞒, 8g, 24俺涝, 1俺 13%6,500盔 5,640盔 (10g寸 294盔) 郴老(老) 货寒 档馒 焊厘 5 (360) 弥措 282盔 利赋",澜丰,目乔/瞒,BEVERAGE,焊府瞒,
[染己绵蛆茄快] 1+ 茄快 殿缴 胶抛捞农 200g (趁厘),腊幅/拌鄂,家绊扁,RAW_MEAT,家 殿缴,染己绵蛆茄快
[荐魂镑埃] 农府胶乔 零器盲 脾辫 100g,埃侥幅,苞磊/胶臣,SNACK,绢器 胶臣,荐魂镑埃
[力阿阿] 啊瘤 5涝,盲家/邦拱幅,盲家,RAW_PRODUCE,啊瘤,力阿阿
[捞令聪] 器记 滚磐 啊堪 (10g X 20涝),蜡力前,滚磐/积农覆,DAIRY,啊堪滚磐,捞令聪
"蜡肺器羔扼 葛楼芳扼 何扼鸥 摹令 (趁悼), 100g, 1俺 11%6,480盔 5,750盔 (10g寸 575盔) 郴老(老) 货寒 档馒 焊厘 5 (12345) 弥措 288盔 利赋",蜡力前,摹令,DAIRY,葛楼芳扼 摹令,蜡肺器羔扼
[坷聪胶飘] 飘府敲箕牢 器档 啊电 俊叼记 急拱技飘 2辆 84器,固殿废 墨抛绊府,扁鸥,UNKNOWN,扁鸥,坷聪胶飘
[坷聪胶飘] 飘府敲妮扼罢 坷坊瘤 14器,固殿废 墨抛绊府,扁鸥,UNKNOWN,扁鸥,坷聪胶飘
"抿颇娩胶 固聪 阜措荤帕, 300g, 1俺 4,660盔 (10g寸 155盔) 郴老(老) 档馒 焊厘 5 (54240) 弥措 233盔 利赋",埃侥幅,檬妮复/荤帕,SNACK,荤帕,抿颇娩胶
[坷聪胶飘]飘府敲箕牢 器档 28器,固殿废 墨抛绊府,扁鸥,UNKNOWN,扁鸥,坷聪胶飘
"磅磅 倒倒捞 公楷榜 措菩 伙般混 (趁悼), 1kg, 1俺 21%14,990盔 11,820盔 (100g寸 1,182盔) 郴老(老) 货寒 档馒 焊厘 4.5 (3460) 弥措 591盔 利赋",腊幅/拌鄂,蹬瘤绊扁,RAW_MEAT,措菩 伙般混,磅磅
[坷啊葱胶配府] 蜡扁丑 揭脾逛 80g,埃侥幅,苞磊/胶臣,SNACK,脾逛,坷啊葱胶配府
[Picard] 圈剐农 纳捞农 (25g*6俺涝),埃侥幅,叼历飘/纳捞农,BAKERY,纳捞农,Picard
[父傈辫] 老雀炼 父傈蚌芒倒辫 2辆 (琶1),惑柯侥前,辫/磊馆,DRIED_SEAFOOD,辫,父傈辫
[皋叼] 瘤吝秦 圾矾靛 3辆 (琶1),埃祈侥,圾矾靛蒲,RTC_MEAL,瘤吝秦 圾矾靛,皋叼
[盲急寸] 岿巢接 剐虐飘 2牢盒,埃祈侥,剐虐飘,RTC_MEAL,剐虐飘,盲急寸
"捻令遏 家胶淬篮 家侗家侗 (趁悼), 135g, 10俺 13,450盔 (100g寸 996盔) 郴老(老) 货寒 档馒 焊厘 5 (11191) 弥措 673盔 利赋",埃祈侥,趁悼侥前,FROZEN_MEAL,家侗家侗,捻令遏
[CU 侨诀] 龋技捻郡焊敲扼萍畴,贱,扁鸥 林幅,ALCOHOL,单偿扼,龋技捻郡焊
[厚遏] 棵官弗 戈闭 闰快蜡 (180mL X 12俺),蜡力前,快蜡/滴蜡,DAIRY,快蜡,厚遏
[KF365] 货价捞滚几 400g,盲家/邦拱幅,滚几,RAW_PRODUCE,货价捞滚几,KF365
[怕快茄快] 1+ 茄快 阂绊扁侩 200g (趁厘) * 2蒲,腊幅/拌鄂,家绊扁,RAW_MEAT,阂绊扁侩 家绊扁,怕快茄快
"风墨胶唱牢 矫弊聪贸 坷府瘤澄 扼都 目乔雇胶, 14.9g, 50俺涝, 2俺 3%37,800盔 36,630盔 (10g寸 246盔) 郴老(老) 档馒 焊厘 5 (55245) 弥措 1,831盔 利赋",澜丰,目乔/瞒,BEVERAGE,目乔雇胶,坷府瘤澄
[匙聪酒] 蜡扁丑 叠扁离 600g,惑柯侥前,离/胶橇饭靛,SAUCE_SEASONING,叠扁离,匙聪酒
[坷聪胶飘]飘府敲妮扼罢 坷坊瘤 28器,固殿废 墨抛绊府,扁鸥,UNKNOWN,扁鸥,坷聪胶飘
[钱公盔] 侥拱己 瘤备侥窜 敲罚肚 酒捞胶农覆 90mL 2辆 (琶1),埃侥幅,叼历飘/纳捞农,BAKERY,酒捞胶农覆,钱公盔
"惫郴魂 瘪皑磊, 450g, 1俺 3,190盔 (100g寸 709盔) 郴老(老) 货寒 档馒 焊厘 4.5 (20192) 弥措 160盔 利赋",盲家/邦拱幅,盲家,RAW_PRODUCE,皑磊,
"龋林魂 何盲混 备捞侩 (趁厘), 600g, 1俺 43%29,590盔 16,630盔 (100g寸 2,772盔) 郴老(老) 货寒 档馒 焊厘 4.5 (10750) 弥措 831盔 利赋",腊幅/拌鄂,家绊扁,RAW_MEAT,何盲混,
[快林] 篮蝴 力林 烹哎摹 2辆 (趁悼) (琶1),荐魂拱,积急,RAW_SEAFOOD,哎摹,快林
[捞府酒促] 蜡扁丑 竣胶飘扼滚柳 棵府宏 坷老 500mL,炼固丰,侥侩蜡/扁抚,SAUCE_SEASONING,棵府宏坷老,捞府酒促
[葛滴狼侥窜] 烹 催啊娇混 5辆 (1蒲/4蒲) (琶1),腊幅/拌鄂,催绊扁,RAW_MEAT,催啊娇混,葛滴狼侥窜
"赋沛 力肺 汗件酒 酒捞胶萍, 500ml, 24俺 31%26,400盔 18,060盔 (100ml寸 151盔) 郴老(老) 档馒 焊厘 5 (3938) 弥措 903盔 利赋",澜丰,目乔/瞒,BEVERAGE,汗件酒 酒捞胶萍,赋沛
[歹宏饭靛喉风] 快府剐 侥户 440g,埃侥幅,户幅,BAKERY,侥户,歹宏饭靛喉风
[父傈辫X拿府] 矮备款 颇贰辫 16豪,惑柯侥前,辫/磊馆,DRIED_SEAFOOD,辫,父傈辫
[坷促促] 胶拉坷坊瘤萍 (1.5g X 24俺),澜丰,目乔/瞒,BEVERAGE,坷坊瘤萍,坷促促
[固侥雀包] 官肺官肺 龋氛倡瘤,荐魂拱,坷隆绢/巩绢,RAW_SEAFOOD,龋氛倡瘤,固侥雀包
"归汲 玫老堪采 备款家陛, 180g, 1俺 3,720盔 (100g寸 2,067盔) 郴老(老) 货寒 档馒 焊厘 5 (43) 弥措 186盔 利赋",炼固丰,炼固丰,SAUCE_SEASONING,备款家陛,归汲
[宏饭错内] 歹喉檬内纳捞农 510g,埃侥幅,叼历飘/纳捞农,BAKERY,纳捞农,宏饭错内
[坷府柯] 榜靛虐困 舅竿捞 216g,苞老/斑苞幅,苞老,RAW_FRUIT,虐困,坷府柯
[坷府柯] 付捞备固 器档 溅绢蒲 (43.2g x 6豪瘤),埃侥幅,檬妮复/荤帕,SNACK,付捞备固,坷府柯
[坷府柯] 烹酒阁靛 90g,苞老/斑苞幅,斑苞幅,RAW_FRUIT,酒阁靛,坷府柯
[货肺固绢宫] 官弗傍侥 0% 霸咐混,荐魂拱,绢腊啊傍侥前,SIMPLE_PROCESSED,霸咐混,货肺固绢宫
"掸付农 家拳啊 肋登绰 快蜡 遏配橇府, 190ml, 24俺 34%26,900盔 17,680盔 (100ml寸 388盔) 郴老(老) 档馒 焊厘 5 (5372) 弥措 884盔 利赋",蜡力前,快蜡/滴蜡,DAIRY,遏配橇府 快蜡,掸付农
"府橇饭浆 何靛反绊 绊家茄 枚魄备捞 坷隆绢 弥措12付府~6付府, 1俺, 弥措12付府~6付府 150g 39%16,400盔 9,980盔 (10g寸 665盔) 郴老(老) 档馒 焊厘 4.5 (1128) 弥措 499盔 利赋",荐魂拱,坷隆绢/巩绢,RAW_SEAFOOD,坷隆绢,
"钧努殴 阂副鞘夸绝绰 蓖府揭, 4kg, 1俺 46%14,900盔 7,980盔 (100g寸 200盔) 郴老(老) 档馒 焊厘 4.5 (6676) 弥措 399盔 利赋",盲家/邦拱幅,揭/棱邦,GRAIN,蓖府揭,钧努殴
[洒夸内] 捍酒府父陵 (35g X 7俺),埃侥幅,户幅,BAKERY,父陵,洒夸内
[丑缴] 穿奉瘤扑 142g,埃侥幅,苞磊/胶臣,SNACK,穿奉瘤 胶臣,丑缴
"弊赴贰壶 风裁扼 & 圾矾靛 Kit, 180g, 1俺 3,690盔 (100g寸 2,050盔) 郴老(老) 货寒 档馒 焊厘 4.5 (1637) 弥措 185盔 利赋",埃祈侥,剐虐飘,RTC_MEAL,剐虐飘,弊赴贰壶
[基钎] 炼府汉澜 剧充 7辆,炼固丰,剧充/家胶,SAUCE_SEASONING,剧充,基钎
[坷归斥厘绢] 刮拱剧充厘绢 2辆 (琶1),埃祈侥,剐虐飘,RTC_MEAL,剐虐飘,坷归斥厘绢
[宏扼肋福] 弊鄂 葛扼厚酒 固聪 摹令 (20g X 5涝),蜡力前,摹令,DAIRY,摹令,宏扼肋福
[棵啊] 付捞胶磐 蜡扁丑 喉风海府离 270g,惑柯侥前,离/胶橇饭靛,SAUCE_SEASONING,喉风海府离,棵啊
[唱档窍穿] 茄快 瞒倒冠捞 备捞侩 300g (趁悼),腊幅/拌鄂,家绊扁,RAW_MEAT,瞒倒冠捞,唱档窍穿
"磅磅 捞胶飘 盒富, 90g, 1俺 24%3,690盔 2,800盔 (10g寸 311盔) 郴老(老) 档馒 焊厘 5 (636) 弥措 133盔 利赋",炼固丰,啊风盒富,SAUCE_SEASONING,捞胶飘,磅磅
"吩单擒 俊季 宏繁摹 厚浚唱 坷府瘤澄, 180g, 2俺 7,160盔 (10g寸 199盔) 郴老(老) 货寒 档馒 焊厘 5 (3424) 弥措 358盔 利赋",腊幅/拌鄂,啊傍腊(擒/家矫瘤),PROCESSED_MEAT,厚浚唱 家矫瘤,吩单
[没魂俊] 积蚌芒辫 25概,惑柯侥前,辫/磊馆,DRIED_SEAFOOD,辫,没魂俊
"啊唱 橇府固决 飘府敲 海府 僵 檬妮复, 68g, 1俺 3,770盔 (10g寸 554盔) 郴老(老) 档馒 焊厘 5 (227) 弥措 189盔 利赋",埃侥幅,檬妮复/荤帕,SNACK,檬妮复,啊唱 
[府摹阁靛 苞磊痢] 鳖父侥户,埃侥幅,户幅,BAKERY,侥户,府摹阁靛 苞磊痢
[LITTLENECK] 府撇池 厚橇 赣浆冯 府炼肚,埃祈侥,剐虐飘,RTC_MEAL,剐虐飘,LITTLENECK
[快靛矩宏腐] 乔沫 颇捞,埃侥幅,叼历飘/纳捞农,BAKERY,颇捞,快靛矩宏腐
[KF365] 茄捣 菊促府 侩档喊 闭老啊 3辆 (琶1),腊幅/拌鄂,蹬瘤绊扁,RAW_MEAT,蹬瘤 菊促府混,KF365
"固胶萍宏风 妮芬厚酒 荐橇府葛 胶平 歹摹目乔, 25ml, 1俺涝, 30俺 18%13,200盔 10,800盔 (10ml寸 144盔) 郴老(老) 档馒 焊厘 4.5 (9881) 弥措 540盔 利赋",澜丰,目乔/瞒,BEVERAGE,目乔,固胶萍宏风
"捞呈喉腐 某葛付老 瞒, 1.5g, 100俺涝, 1俺 17,400盔 (10g寸 1,160盔) 郴老(老) 档馒 焊厘 4.5 (4089) 弥措 870盔 利赋",澜丰,目乔/瞒,BEVERAGE,某葛付老瞒,捞呈喉腐
"踌瞒肺 灸绢辰 惫魂 港霸 (趁厘), 120g, 2俺 10,650盔 (100g寸 4,438盔) 郴老(老) 货寒 档馒 焊厘 4.5 (2479) 弥措 533盔 利赋",荐魂拱,炼俺/傈汗,RAW_SEAFOOD,港霸,
[急拱技飘] HUGO&VICTOR 荤宏饭 捻虐 3辆 技飘 (6俺涝),埃侥幅,苞磊/胶臣,SNACK,荤宏饭 捻虐,HUGO&VICTOR
[坷付淡] 颇 固聪 部摹绢宫,荐魂拱,绢腊啊傍侥前,SIMPLE_PROCESSED,绢宫,坷付淡
"DIAMOND 趁悼 闰促府 货快混 30付府 (趁悼), 300g, 2蒲 13,900盔 (100g寸 2,317盔) 郴老(老) 货寒 档馒 焊厘 5 (6329) 弥措 695盔 利赋",荐魂拱,货快/霸,RAW_SEAFOOD,货快,DIAMOND
[籍包悼 侗汉捞] 惫拱 侗汉捞,埃祈侥,剐虐飘,RTC_MEAL,剐虐飘,籍包悼 侗汉捞
"府倔 弊饭捞萍靛 颇付魂摹令, 227g, 1俺 2%7,500盔 7,350盔 (10g寸 324盔) 郴老(老) 货寒 档馒 焊厘 5 (3754) 弥措 368盔 利赋",蜡力前,摹令,DAIRY,颇付魂 摹令,府倔
"厚厚绊 焙父滴 (趁悼), 450g, 2俺涝 6%9,980盔 9,380盔 (100g寸 1,042盔) 郴老(老) 货寒 档馒 焊厘 5 (23859) 弥措 469盔 利赋",埃祈侥,趁悼侥前,FROZEN_MEAL,趁悼 父滴,厚厚绊
[厚厚绊] 鉴混伙摹备捞,埃祈侥,饭飘肺飘,RTC_MEAL,饭飘肺飘,厚厚绊
"钮乔 付夸匙令, 450g, 1俺 30%13,000盔 9,000盔 (100g寸 2,000盔) 郴老(老) 货寒 档馒 焊厘 5 (107) 弥措 450盔 利赋",炼固丰,剧充/家胶,SAUCE_SEASONING,付夸匙令,钮乔
[棵歹孤] 孤脚 酒捻酒 没器档咐 10俺涝,固殿废 墨抛绊府,扁鸥,UNKNOWN,扁鸥,棵歹孤
"茄碍侥前 IQFF 公亲积力 牢刘 催促府混 (趁悼), 1kg, 1俺 14,130盔 (100g寸 1,413盔) 郴老(老) 货寒 档馒 焊厘 5 (1092) 弥措 706盔 利赋",腊幅/拌鄂,催绊扁,RAW_MEAT,催促府混,茄碍侥前
[措蕊] 促捞滚啊 盲秒茄 磊楷魂 秦伙 180g (积拱),荐魂拱,炼俺/傈汗,RAW_SEAFOOD,秦伙,措蕊
[坷犊] 坷剖 家矫瘤 700g,腊幅/拌鄂,啊傍腊(擒/家矫瘤),PROCESSED_MEAT,家矫瘤,坷犊
[父急] 巢秦救 空官瘤遏 500g (积拱),荐魂拱,炼俺/傈汗,RAW_SEAFOOD,官瘤遏,父急
"寝丛付阑 剧充捞 肋 绢快矾瘤绰 惫魂 绊缅啊风 焊烹概款咐, 110g, 1俺 6,900盔 (100g寸 6,273盔) 郴老(老) 货寒 档馒 焊厘 5 (7666) 弥措 345盔 利赋",炼固丰,啊风盒富,SAUCE_SEASONING,绊缅啊风,寝丛付阑
"公丑距 牢刘 讣篮拱俊 曼亮篮 惫魂尼唱拱, 500g, 1俺 2,400盔 (100g寸 480盔) 郴老(老) 货寒 档馒 焊厘 4.5 (98620) 弥措 120盔 利赋",盲家/邦拱幅,盲家,RAW_PRODUCE,尼唱拱,讣篮拱俊
[窍牢令] 50% 酱啊矩贾飘 纳慢 435g,炼固丰,剧充/家胶,SAUCE_SEASONING,纳慢,窍牢令
[顶场丑蛆] 惫魂 促柳付疵 260g,炼固丰,剧充/家胶,SAUCE_SEASONING,促柳 付疵,丑蛆
"酒捻酒矫胶 公扼骇 积荐, 500ml, 40俺 8,970盔 (100ml寸 45盔) 郴老(老) 档馒 焊厘 5 (19912) 弥措 400盔 利赋",澜丰,积荐,BEVERAGE,积荐,酒捻酒矫胶
[棵馏] 档扼瘤硅胶平 50器,固殿废 墨抛绊府,扁鸥,UNKNOWN,扁鸥,棵馏
[急拱技飘] Make you Healthy 竣胶飘扼滚柳 棵府宏坷老 母蕉 14器 X 2冠胶 (+碱俏归 刘沥),固殿废 墨抛绊府,扁鸥,UNKNOWN,扁鸥,Make you Healthy
[饭坷唱福叼] 葛单唱魂 能叼膏配 肺令 拳捞飘 惯荤雇,炼固丰,剧充/家胶,SAUCE_SEASONING,拳捞飘 惯荤雇 侥檬,饭坷唱福叼
[厚厚靛虐模] 历寸 捣鳖胶家胶,炼固丰,剧充/家胶,SAUCE_SEASONING,捣鳖胶 家胶,厚厚靛虐模
"畴福傀捞魂 绊殿绢混 (趁悼), 1kg, 1俺 26,120盔 (100g寸 2,612盔) 郴老(老) 货寒 档馒 焊厘 5 (2758) 弥措 1,306盔 利赋",荐魂拱,积急,RAW_SEAFOOD,绊殿绢,
[绷匙] 杭纳捞畴 烹殿缴 捣墨明 280g (趁悼),埃祈侥,趁悼侥前,FROZEN_MEAL,趁悼 捣鳖胶,绷匙
[悼堡粒哎] 溃葫倡瘤粒,埃祈侥,馆蛮幅,SIMPLE_PROCESSED,倡瘤粒哎,悼堡粒哎
[急拱技飘] 宏肺捞绢 骇扁俊 绢筋飘刚飘 檬妮复 16P,埃侥幅,檬妮复/荤帕,SNACK,檬妮复,宏肺捞绢
"坷堆扁 鉴饶眠, 240g, 1俺 9,500盔 (10g寸 396盔) 郴老(老) 档馒 焊厘 5 (7266) 弥措 475盔 利赋",炼固丰,氢脚丰/倾宏,SAUCE_SEASONING,饶眠,坷堆扁
"酒扼焊皑 惫郴魂 颊龙 全钦混 (趁悼), 1俺, 300g 6,500盔 (100g寸 2,167盔) 郴老(老) 货寒 档馒 焊厘 4.5 (1002) 弥措 293盔 利赋",荐魂拱,炼俺/傈汗,RAW_SEAFOOD,全钦,酒扼焊皑
[PPUL] 1++(9) 茄快 积哎厚 450g,腊幅/拌鄂,家绊扁,RAW_MEAT,家哎厚,PPUL
"己版侥前 瘤档钎 犁贰侥 己版侥殴辫 4g x 10p + 颇贰辫 4g x 10p, 80g, 1俺 8,900盔 (10g寸 1,113盔) 郴老(老) 档馒 焊厘 5 (4912) 弥措 445盔 利赋",惑柯侥前,辫/磊馆,DRIED_SEAFOOD,辫,己版侥前
"厚厚绊 绊窜归 鉴混 伙摹备捞, 60g, 1俺 25%5,980盔 4,480盔 (100g寸 7,467盔) 郴老(老) 货寒 档馒 焊厘 4.5 (12054) 弥措 224盔 利赋",埃祈侥,饭飘肺飘,RTC_MEAL,饭飘肺飘,厚厚绊
"寝丛付阑 惫魂 100% 柄啊 今酒瘤绰 快府笼 汉澜曼柄, 105g, 1俺 7,980盔 (100g寸 7,600盔) 郴老(老) 货寒 档馒 焊厘 5 (2451) 弥措 399盔 利赋",盲家/邦拱幅,揭/棱邦,GRAIN,曼柄,寝丛付阑
[99家矫瘤] 伙般 饶尔农 家矫瘤 1kg (500gX2EA),腊幅/拌鄂,啊傍腊(擒/家矫瘤),PROCESSED_MEAT,家矫瘤,99家矫瘤
模券版 啊瘤 2涝,盲家/邦拱幅,盲家,RAW_PRODUCE,啊瘤,模券版
"归汲 苛荐荐蜡, 1.8L, 1俺 26%10,800盔 7,900盔 (100ml寸 439盔) 郴老(老) 货寒 档馒 焊厘 5 (5166) 弥措 395盔 利赋",炼固丰,侥侩蜡/扁抚,SAUCE_SEASONING,苛荐荐蜡,归汲
[柳啊] 伙急 秦拱 穿奉瘤帕,埃祈侥,剐虐飘,RTC_MEAL,剐虐飘,柳啊
[CU 侨诀] 歹弊饭弊扼酱趁喉尔,贱,客牢,ALCOHOL,拳捞飘 客牢,
[傣拳疙鄂] MSC 牢刘 归疙鄂 100g,荐魂拱,绢鄂,RAW_SEAFOOD,归疙鄂,傣拳疙鄂
[丑蛆浅魂辫摹] 咐乐绰 绢赴捞 归辫摹,埃祈侥,馆蛮幅,SIMPLE_PROCESSED,归辫摹,丑蛆
[墨其付付胶] 矫弊聪贸 府内鸥 摹令 230g,蜡力前,摹令,DAIRY,府内鸥 摹令,墨其付付胶
"坷堆扁 坷溅橇 柳茄扼搁 胶橇, 285g, 2俺 1%6,760盔 6,650盔 (100g寸 1,167盔) 郴老(老) 档馒 焊厘 4.5 (32546) 弥措 333盔 利赋",炼固丰,炼固丰,SAUCE_SEASONING,扼搁胶橇,坷堆扁
[龋怪胶 檬埃祈 惫拱夸府] 绊眠厘 楼臂捞,埃祈侥,饭飘肺飘,RTC_MEAL,饭飘肺飘,龋怪胶 檬埃祈 惫拱夸府
"窍覆 IFF 公亲积力 牢刘 催啊娇混 促咙腊 捞蜡侥侩 2窜拌 (趁悼), 300g, 1俺 5,460盔 (100g寸 1,820盔) 郴老(老) 货寒 档馒 焊厘 5 (6297) 弥措 273盔 利赋",腊幅/拌鄂,催绊扁,RAW_MEAT,催 促咙腊,窍覆
"墨穿 固聪 叼墨其牢 酒皋府墨畴 胶平 盔滴目乔雇胶, 0.9g, 30俺涝, 2俺 16,780盔 (10g寸 3,107盔) 郴老(老) 档馒 焊厘 5 (69273) 弥措 839盔 利赋",澜丰,目乔/瞒,BEVERAGE,目乔啊风,墨穿
"磅磅 夸府窍扁 祈茄 例窜倡瘤 (趁悼), 500g, 1俺 16%12,990盔 10,890盔 (10g寸 218盔) 郴老(老) 货寒 档馒 焊厘 4.5 (2064) 弥措 545盔 利赋",荐魂拱,坷隆绢/巩绢,RAW_SEAFOOD,倡瘤,磅磅
[酒弊府汽] 弊扼唱 颇促畴 胶臣 摹令 100g,蜡力前,摹令,DAIRY,弊扼畴 颇促畴,酒弊府汽
"惫郴魂 瘪歹傣, 200g, 1俺 10,390盔 (100g寸 5,195盔) 郴老(老) 货寒 档馒 焊厘 4.5 (6223) 弥措 520盔 利赋",盲家/邦拱幅,盲家,RAW_PRODUCE,歹傣,
[棵峭] 寸力肺 捞瘤绢飘 颇牢局敲荤捞促 厚聪芭 14器,固殿废 墨抛绊府,扁鸥,UNKNOWN,扁鸥,棵峭
"坷汲废 乔摹 喉发萍 萍归, 2g, 20俺涝, 1俺 捻迄且牢6%10,230盔 9,570盔 (10g寸 2,393盔) 郴老(老) 档馒 焊厘 5 (167) 弥措 479盔 利赋",澜丰,目乔/瞒,BEVERAGE,喉发萍,坷汲废
[坷堆扁] 烤朝 揭砍(炼没) 2辆 (琶1),炼固丰,剧充/家胶,SAUCE_SEASONING,炼没,坷堆扁
[扁扼胆府] 胶涅绢归 檬妮复 6辆 (琶1),埃侥幅,檬妮复/荤帕,SNACK,檬妮复,扁扼胆府
"搁荤尔 剐侗汉捞侗, 1kg, 2俺 6,900盔 (100g寸 345盔) 郴老(老) 货寒 档馒 焊厘 5 (8140) 弥措 345盔 利赋",埃侥幅,侗,SNACK,剐侗,搁荤尔
[棵掸滚芭] 刀老 戈闭快蜡 1L,蜡力前,快蜡/滴蜡,DAIRY,快蜡,棵掸滚芭
[钙颇捞矩鸥捞芭] 稠墨其牢 萍归 3辆 (琶1),澜丰,目乔/瞒,BEVERAGE,萍归,钙颇捞矩鸥捞芭
[THE拢篮] YBD 菊促府 备捞侩 300g (趁厘),腊幅/拌鄂,蹬瘤绊扁,RAW_MEAT,蹬瘤 菊促府混,THE拢篮
[迄鸥唱] 捞呕府酒 沥烹 颇胶鸥搁 4辆 (琶1),盲家/邦拱幅,搁幅,GRAIN,颇胶鸥搁,迄鸥唱
[坷啊葱胶配府] 蜡扁丑 惯酒 焊府瞒 500g,澜丰,目乔/瞒,BEVERAGE,焊府瞒,坷啊葱胶配府
[壳邦] 顶尼距苞 (30g X 10俺),埃侥幅,叼历飘/纳捞农,BAKERY,距苞,壳邦
"快府顶 蜡扁啊傍侥前 牢刘 促柳 厚飘 (趁悼), 100g, 1俺 3,700盔 (100g寸 3,700盔) 郴老(老) 货寒 档馒 焊厘 5 (2624) 弥措 185盔 利赋",盲家/邦拱幅,盲家,RAW_PRODUCE,厚飘,快府顶
"没沥盔鉴芒 艰绊扁 汉澜 绊眠厘, 60g, 3俺 4,800盔 (100g寸 2,667盔) 郴老(老) 货寒 档馒 焊厘 5 (1635) 弥措 240盔 利赋",炼固丰,剧充/家胶,SAUCE_SEASONING,汉澜绊眠厘,没沥盔鉴芒
[PNB] 绊家茄 荐力 傈捍 4辆 (琶1),埃侥幅,苞磊/胶臣,SNACK,傈捍,PNB
[急拱技飘] 过己器曼咐 橇府固决 奔厚 坷啊技飘 1.4kg,荐魂拱,戈摹/扒绢拱,DRIED_SEAFOOD,奔厚,过己器曼咐
[歹宏饭靛喉风] 公拳苞濒狐春 500g,埃侥幅,户幅,BAKERY,濒狐春,歹宏饭靛喉风
"坷堆扁 扼捞飘矩炼捞 寸阑临牢 胶平叠扁离, 20g, 10俺 3%4,280盔 4,150盔 (100g寸 2,075盔) 郴老(老) 货寒 档馒 焊厘 5 (465) 弥措 208盔 利赋",惑柯侥前,离/胶橇饭靛,SAUCE_SEASONING,叠扁离,坷堆扁
八沥碍扯尼 500g,盲家/邦拱幅,揭/棱邦,GRAIN,碍扯尼,八沥碍扯尼
[捞绢荐魂] 8窜拌 急喊茄 焙魂 采货快 100g,荐魂拱,货快/霸,RAW_SEAFOOD,货快,捞绢荐魂
[壳邦] 乔胶鸥摹坷 傀窍胶 63g,埃侥幅,苞磊/胶臣,SNACK,傀窍胶,壳邦
[KF365] 固惫魂 蹬瘤绊扁 伙般混 骂俺侩 300g,腊幅/拌鄂,蹬瘤绊扁,RAW_MEAT,伙般混,KF365
"辑匡快蜡 A2敲矾胶 快蜡, 2俺, 1.7L 12,310盔 (100ml寸 362盔) 郴老(老) 货寒 档馒 焊厘 5 (18175) 弥措 615盔 利赋",蜡力前,快蜡/滴蜡,DAIRY,快蜡,辑匡快蜡
[付付府] 惫魂 蹬瘤绊扁甫 啊垫 淬篮 楼厘家胶,炼固丰,剧充/家胶,SAUCE_SEASONING,楼厘家胶,付付府
"坷堆扁 烤朝 备荐茄 穿奉瘤 60G 18俺 11,500盔 (100g寸 1,065盔) 2/11(荐) 档馒 抗沥 5 (12579) 弥措 575盔 利赋",埃侥幅,苞磊/胶臣,SNACK,穿奉瘤,坷堆扁
"磊楷扒炼 傣厘疙牢 侩措府 炔怕盲 (趁悼), 150g, 1俺 11,900盔 (100g寸 7,933盔) 郴老(老) 货寒 档馒 焊厘 4.5 (6532) 弥措 545盔 利赋",荐魂拱,戈摹/扒绢拱,DRIED_SEAFOOD,炔怕,傣厘疙牢 侩措府
"坷堆扁 柳扼搁 鉴茄咐 120g, 20俺 15%15,680盔 13,200盔 (1俺寸 660盔) 郴老(老) 档馒 焊厘 货 惑前, 馆前-固俺豪 (13) 弥历12,010盔 5 (199631) 弥措 660盔 利赋",埃祈侥,扼搁,INSTANT,柳扼搁 鉴茄咐,坷堆扁
"磅磅 厚沥力 蜡扁丑 荤帕荐荐盔寸, 1kg, 1俺 37%8,000盔 5,010盔 (100g寸 501盔) 郴老(老) 货寒 档馒 焊厘 5 (166) 弥措 250盔 利赋",炼固丰,炼固丰,SAUCE_SEASONING,盔寸,磅磅 
官肺冈绰 磊槛 秒唱拱 500g,埃祈侥,馆蛮幅,SIMPLE_PROCESSED,秒唱拱,
[力阿阿] 利惑眠 200g,盲家/邦拱幅,盲家,RAW_PRODUCE,利惑眠,力阿阿
"颇胶硼福 历柯混闭 历瘤规 快蜡, 900ml, 1俺 4,280盔 (100ml寸 476盔) 郴老(老) 货寒 档馒 焊厘 5 (29444) 弥措 214盔 利赋",蜡力前,快蜡/滴蜡,DAIRY,历瘤规 快蜡,颇胶硼福
[部颊] 鉴荐 瘤固 疙前 曼扁抚 180mL (惫魂 100%),炼固丰,侥侩蜡/扁抚,SAUCE_SEASONING,曼扁抚,部颊
[KF365] 冕玫侥 催哎厚 (趁悼) 1.2kg (300g*4ea),埃祈侥,剐虐飘,RTC_MEAL,剐虐飘,KF365
"技宏鄂胶俊捞捧 傈侩格厘 窜归快蜡, 125ml, 12俺 14%11,900盔 10,200盔 (100ml寸 680盔) 郴老(老) 货寒 档馒 焊厘 5 (351) 弥措 510盔 利赋",蜡力前,快蜡/滴蜡,DAIRY,快蜡,技宏鄂胶俊捞捧
[嫡备唱公] 烹甸柄 宫篮瘤 甸扁抚瘤咙,埃祈侥,馆蛮幅,SIMPLE_PROCESSED,宫篮瘤 汉澜,嫡备唱公
[官抚剖] 累篮 公 2辆,盲家/邦拱幅,盲家,RAW_PRODUCE,公,官抚剖
[汽器聪坷] 竣胶飘扼 滚柳 棵府宏 坷老 750mL,炼固丰,侥侩蜡/扁抚,SAUCE_SEASONING,棵府宏坷老,汽器聪坷
[厚框馆蛮] 彩府绊眠吝戈摹炼覆,埃祈侥,馆蛮幅,SIMPLE_PROCESSED,戈摹炼覆,厚框馆蛮
"掸付农 家拳啊 肋登绰 快蜡 遏配橇府, 190ml, 24俺 34%26,900盔 17,680盔 (100ml寸 388盔) 郴老(老) 货寒 档馒 焊厘 5 (786) 弥措 884盔 利赋",蜡力前,快蜡/滴蜡,DAIRY,遏配橇府 快蜡,掸付农
"茄澜固啊 2025斥魂 禽揭 快府揭 归固, 惑殿鞭, 5kg, 1俺 18,900盔 (100g寸 378盔) 郴老(老) 货寒 档馒 焊厘 4.5 (687) 弥措 945盔 利赋",盲家/邦拱幅,揭/棱邦,GRAIN,揭,茄澜固啊
[厚厚绊] 货快空背磊 315Gx2俺涝,埃祈侥,趁悼侥前,FROZEN_MEAL,趁悼 父滴,厚厚绊
[厚厚绊] 空背磊 父滴 措侩樊 1.05kg,埃祈侥,趁悼侥前,FROZEN_MEAL,趁悼 父滴,厚厚绊
"闰促府 货快混 (趁悼), 900g 漂措(26/30), 1俺 18,800盔 (100g寸 2,089盔) 郴老(老) 货寒 档馒 焊厘 5 (1453) 弥措 890盔 利赋",荐魂拱,货快/霸,RAW_SEAFOOD,货快,闰促府
[厚宏府宏] 部冠部逛 绊窜历寸 磊祸绊备付 7俺涝,盲家/邦拱幅,盲家,RAW_PRODUCE,绊备付,厚宏府宏
[喉风焊撇] 农贰橇飘 牢胶畔飘 目乔 俊胶橇饭家 颇快歹 胶平 (3g X 10俺),澜丰,目乔/瞒,BEVERAGE,目乔啊风,喉风焊撇
[辫沥券全伙] 全伙 街拳 (30器) (+碱俏归刘沥),固殿废 墨抛绊府,扁鸥,UNKNOWN,扁鸥,辫沥券全伙
[客牢矩葛绢侨诀]扼技聪 胶隔硅摹 750mL ((固惫困胶虐)),贱,扁鸥 林幅,ALCOHOL,困胶虐,
[钱公盔] 譬宏屈 接厘 2辆,炼固丰,剧充/家胶,SAUCE_SEASONING,接厘,钱公盔
[巢剧] 栋冈绰 阂啊府胶 力肺 夸芭飘 叠扁 (80g X 4俺),蜡力前,夸芭飘,DAIRY,夸芭飘,巢剧
[急拱技飘] 霓厚鸥 付穿墨曹 UMF10+ 歹喉 技飘,炼固丰,剧充/家胶,SAUCE_SEASONING,曹,霓厚鸥
[棵府] 具积拳曹 (1+殿鞭),炼固丰,剧充/家胶,SAUCE_SEASONING,曹,棵府
[棵府鸥府酒] 蜡扁丑 竣胶飘扼滚柳 棵府宏坷老,炼固丰,侥侩蜡/扁抚,SAUCE_SEASONING,棵府宏坷老,棵府鸥府酒
[力肺海捞目府] 力肺 胶能 5辆 (2俺涝) (琶1),埃侥幅,户幅,BAKERY,胶能,力肺海捞目府
"橇饭骇氛 富尔绊备付, 20g, 10俺 13,900盔 (100g寸 6,950盔) 郴老(老) 货寒 档馒 焊厘 5 (157) 弥措 695盔 利赋",盲家/邦拱幅,盲家,RAW_PRODUCE,绊备付,橇饭骇氛
[官厚浚] 埃祈 伙摹备捞,埃祈侥,饭飘肺飘,RTC_MEAL,饭飘肺飘,官厚浚
[快靛矩宏腐] 富捣 家陛户 (2俺涝),埃侥幅,户幅,BAKERY,家陛户,快靛矩宏腐
"郴抿凡胶颇捞胶 其其肺摹畴 圈, 18g, 1俺 5,130盔 (100g寸 28,500盔) 郴老(老) 档馒 焊厘 5 (25529) 弥措 256盔 利赋",炼固丰,炼固丰,SAUCE_SEASONING,其欺沸摹畴,郴抿凡胶颇捞胶
[客牢矩葛绢侨诀]老扼捞历 农饭捞弊 配胶萍靛 硅凡 750mL ((困胶虐)),贱,扁鸥 林幅,ALCOHOL,困胶虐,
"泵陛茄傍累家 措侩樊 货霓崔霓 匙啊瘤咐 200俺 俺喊器厘 且牢23%20,900盔 15,900盔 郴老(老) 档馒 焊厘 4.5 (1024) 弥措 795盔 利赋",埃侥幅,檬妮复/荤帕,SNACK,货霓崔霓,泵陛茄 傍累家
[榜扼淬扁] 厚厚绊 牢扁 辫摹 闭老啊 5辆 (琶1),埃祈侥,馆蛮幅,SIMPLE_PROCESSED,葛狄 辫摹,厚厚绊
[Graze Cattle]磊蜡规格 龋林魂 家绊扁 格檬 么酒捞费 备捞侩200g,腊幅/拌鄂,家绊扁,RAW_MEAT,么酒捞费,Graze Cattle
[裹魂格厘] 格檬冈牢 蜡扁丑 快蜡 1000mL,蜡力前,快蜡/滴蜡,DAIRY,快蜡,裹魂格厘
[客牢矩葛绢侨诀]内畴荐福 20硅凡 鳖海福匙家厚川 ((客牢)),贱,客牢,ALCOHOL,饭靛 客牢,
[捻令遏] 绒霸家 盔炼 家侗家侗,埃祈侥,趁悼侥前,FROZEN_MEAL,家侗家侗,捻令遏
[骇瘤坷捞坷家] 橇肺杭沸 摹令 胶臣蒲 170g,蜡力前,摹令,DAIRY,摹令,骇瘤坷捞坷家
[具固倔胶] 蜡扁丑 饶福明 胶臣 俩府 178.2g,埃侥幅,檬妮复/荤帕,SNACK,俩府,具固倔胶
[霓厚鸥] 付穿墨曹 UMF 20+ (+碱俏归 刘沥),炼固丰,剧充/家胶,SAUCE_SEASONING,曹,霓厚鸥
"[某唱促 户笼, 阂扼飘] 阂扼飘 棵府宏 摹酒官鸥 叼呈费 (45g X 12俺)",埃侥幅,户幅,BAKERY,摹酒官鸥,"某唱促 户笼, 阂扼飘"
[茄积]  官肺淬酒 惫魂 甸扁抚 180mL,炼固丰,侥侩蜡/扁抚,SAUCE_SEASONING,甸扁抚,官肺淬酒
[磊楷角废] 悼拱汗瘤 概霓茄 催哎厚 400g (趁厘),埃祈侥,剐虐飘,RTC_MEAL,剐,磊楷角废
"没沥盔 鉴芒 怕剧檬 蔓绊眠厘, 200g, 1俺 4,290盔 (100g寸 2,145盔) 郴老(老) 档馒 焊厘 5 (194028) 弥措 215盔 利赋",炼固丰,剧充/家胶,SAUCE_SEASONING,绊眠厘,没沥盔
[概老] 坷府瘤澄 快蜡 1.5L,蜡力前,快蜡/滴蜡,DAIRY,快蜡,概老
[惑窍摹令] 宏府 磊楷摹令 100g,蜡力前,摹令,DAIRY,摹令,惑窍摹令
[格快锰格厘] 惫郴魂 家绊扁 阂绊扁 200g,腊幅/拌鄂,家绊扁,RAW_MEAT,阂绊扁侩 家绊扁,格快锰格厘
[葛滴狼侥窜] 趁厘 催啊娇混 2辆 100g (1/4/10俺涝),腊幅/拌鄂,催绊扁,RAW_MEAT,催啊娇混,葛滴狼侥窜
[弊肺辑府辑匡] 蔓焊府 孺固 帮距逛 (4俺涝),埃祈侥,溜籍逛,INSTANT,溜籍逛 帮距,弊肺辑府辑匡
"惫郴魂 入寸辟, 1俺涝, 1俺 980盔 (1俺寸 980盔) 郴老(老) 货寒 档馒 焊厘 4.5 (84919) 弥措 49盔 利赋",盲家/邦拱幅,盲家,RAW_PRODUCE,寸辟,
"楷技快蜡 傈侩格厘 闰快蜡, 900ml, 1俺 2,780盔 (100ml寸 309盔) 郴老(老) 货寒 档馒 焊厘 5 (32913) 弥措 139盔 利赋",蜡力前,快蜡/滴蜡,DAIRY,快蜡,楷技快蜡
"吩单溃仟靛 农繁虐 檬妮复, 34g, 12俺 12,460盔 (10g寸 305盔) 郴老(老) 档馒 焊厘 5 (14853) 弥措 623盔 利赋",埃侥幅,檬妮复/荤帕,SNACK,檬妮复,吩单
[阁抛荤畴] 窍根 技扼畴 120g,腊幅/拌鄂,啊傍腊(擒/家矫瘤),PROCESSED_MEAT,窍根,阁抛荤畴
[颇固绊] 蜡扁丑 竣胶飘扼 滚柳 棵府宏 坷老 500mL,炼固丰,侥侩蜡/扁抚,SAUCE_SEASONING,棵府宏坷老,颇固绊
[寝混绷绰笼] 快府具盲 葛醋户 (30g X 6俺涝),埃侥幅,户幅,BAKERY,葛醋户,寝混绷绰笼
[盔歹钱] 伯龙绝绰 乔胶鸥摹坷 200g (公堪),苞老/斑苞幅,斑苞幅,RAW_FRUIT,乔胶鸥摹坷,盔歹钱
[夯磷] 厚飘悼摹固 1kg,埃祈侥,馆蛮幅,SIMPLE_PROCESSED,悼摹固,夯磷
"钙缴 葛墨榜靛 付老靛 目乔雇胶, 12g, 190俺涝, 1俺 27,500盔 (10g寸 121盔) 2/12(格) 档馒 抗沥 5 (177369) 弥措 1,375盔 利赋",澜丰,目乔/瞒,BEVERAGE,目乔雇胶,钙缴
"颇胶硼福 公亲积力 牢刘 官弗格厘 快蜡, 125ml, 24俺 29%25,200盔 17,700盔 (100ml寸 590盔) 郴老(老) 档馒 焊厘 货 惑前, 馆前-固俺豪 (10) 弥历16,810盔 5 (139116) 弥措 885盔 利赋",蜡力前,快蜡/滴蜡,DAIRY,快蜡,颇胶硼福
"救蕊侥前 烤朝 傈烹 弊措肺 且概 救蕊 揭吗户 去钦 1500g (趁悼), 50g, 30俺涝, 1技飘 13,500盔 (10g寸 90盔) 郴老(老) 货寒 档馒 焊厘 4.5 (10425) 弥措 675盔 利赋",埃侥幅,户幅,BAKERY,吗户,救蕊侥前
[基钎] 鉴累 蜡扁丑 绊家茄 皋剐瞒 (1.5g X 40俺),澜丰,目乔/瞒,BEVERAGE,皋剐瞒,基钎
"付寸惯 舅付疵 (趁悼), 1kg, 1俺 4,900盔 (100g寸 490盔) 郴老(老) 货寒 档馒 焊厘 4.5 (1256) 弥措 245盔 利赋",盲家/邦拱幅,盲家,RAW_PRODUCE,付疵,付寸惯
"磅磅 单老府 侥户, 330g, 1俺 1,840盔 (10g寸 56盔) 郴老(老) 货寒 档馒 焊厘 4.5 (11940) 弥措 92盔 利赋",埃侥幅,户幅,BAKERY,侥户,单老府
"目乔后 母凭 酒皋府墨畴 盔滴目乔雇胶, 0.9g, 90俺涝, 1俺 21%21,000盔 16,510盔 (10g寸 2,038盔) 郴老(老) 档馒 焊厘 5 (30532) 弥措 825盔 利赋",澜丰,目乔/瞒,BEVERAGE,目乔啊风,目乔后
[骇瘤坷捞坷家] 胶困飘 付胶墨器匙 摹令 226g,蜡力前,摹令,DAIRY,摹令,骇瘤坷捞坷家
[档靛恩茄捣] 殿缴 墨饭侩 500g (趁厘),腊幅/拌鄂,蹬瘤绊扁,RAW_MEAT,蹬瘤 殿缴,档靛恩茄捣
[Kurly's] 滤垫茄 海捞臂(敲饭牢)(5俺涝),埃侥幅,户幅,BAKERY,海捞臂,Kurly's
"厚厚绊 酱农覆 贺绢户 (趁悼), 300g, 2俺 55%19,960盔 8,800盔 (100g寸 1,467盔) 郴老(老) 货寒 档馒 焊厘 5 (3938) 弥措 440盔 利赋",埃侥幅,叼历飘/纳捞农,BAKERY,贺绢户,厚厚绊
"积啦公啊风, 1俺, 500g 9,980盔 (100g寸 1,996盔) 2/12(格) 档馒 抗沥 4.5 (5953) 弥措 499盔 利赋",炼固丰,啊风盒富,SAUCE_SEASONING,啦公啊风,积啦公啊风
[蜡啊盔] 蜡扁丑 备款 乔胶鸥摹坷 130g,苞老/斑苞幅,斑苞幅,RAW_FRUIT,乔胶鸥摹坷,蜡啊盔
"秦怕力苞 楷剧盎, 50g, 10俺 4,520盔 (10g寸 90盔) 郴老(老) 档馒 焊厘 5 (15583) 弥措 226盔 利赋",埃侥幅,叼历飘/纳捞农,BAKERY,剧盎,秦怕力苞
模券版 蜡矾乔救 馆馆 惑眠 200g,盲家/邦拱幅,盲家,RAW_PRODUCE,惑眠,
"老府 努贰侥 肺胶飘 固聪 胶平盔滴目乔, 1g, 30俺涝, 1俺 9,100盔 (10g寸 3,033盔) 郴老(老) 档馒 焊厘 5 (6697) 弥措 455盔 利赋",澜丰,目乔/瞒,BEVERAGE,目乔啊风,老府 
茄尝 瘪付疵 100g,盲家/邦拱幅,盲家,RAW_PRODUCE,付疵,茄尝
[碍绕格厘] 荐力 靛傅农 夸芭飘 叠扁 500mL,蜡力前,夸芭飘,DAIRY,夸芭飘,碍绕格厘
"丑缴 楼颇霸萍 140g, 10俺 9,730盔 (1俺寸 973盔) 郴老(老) 档馒 焊厘 5 (458231) 弥措 486盔 利赋",埃祈侥,扼搁,INSTANT,楼颇霸萍,丑缴
[蜡啊盔] 蜡扁丑 备款酒阁靛 150g,苞老/斑苞幅,斑苞幅,RAW_FRUIT,酒阁靛,蜡啊盔
[急拱技飘][丑何敲矾胶] 惫魂 历柯拘馒曼扁抚 2备技飘 (碱俏归刘沥),炼固丰,侥侩蜡/扁抚,SAUCE_SEASONING,曼扁抚,丑何敲矾胶
"钱公盔 流拳楼厘搁 4牢盒, 1.32kg, 1俺 9,980盔 (100g寸 756盔) 郴老(老) 货寒 档馒 焊厘 5 (27122) 弥措 499盔 利赋",埃祈侥,剐虐飘,RTC_MEAL,剐虐飘,钱公盔
[蜡啊盔] 蜡扁丑 汉澜顶尼 150g,苞老/斑苞幅,斑苞幅,RAW_FRUIT,顶尼,蜡啊盔
"没沥盔 积农覆 鳖福焊唱扼 颇胶鸥家胶, 1kg, 1俺 11,700盔 (100g寸 1,170盔) 郴老(老) 档馒 焊厘 货 惑前, 馆前-固俺豪 (13) 弥历11,110盔 4.5 (685) 弥措 585盔 利赋",炼固丰,剧充/家胶,SAUCE_SEASONING,颇胶鸥 家胶,没沥盔
[Fage] 颇抗 敲饭捞滚 夸芭飘 150g 4辆 (琶1),蜡力前,夸芭飘,DAIRY,夸芭飘,Fage
[档扼瘤没斥] 荐力档扼瘤沥苞 250g 2辆 (琶1) (+碱俏归刘沥),埃侥幅,叼历飘/纳捞农,BAKERY,沥苞,档扼瘤没斥
[酒墨其扼] 荤捞令诀 目乔 350mL 5辆 (琶1),澜丰,目乔/瞒,BEVERAGE,目乔,酒墨其扼
[搁荤尔] 剐 侗汉捞侗 1kg (瘤欺归),埃侥幅,侗,SNACK,剐侗,搁荤尔
"磅磅 埃侥 家矫瘤 坷府瘤澄, 1kg, 1俺 25%14,000盔 10,490盔 (10g寸 105盔) 郴老(老) 档馒 焊厘 4.5 (19058) 弥措 525盔 利赋",腊幅/拌鄂,啊傍腊(擒/家矫瘤),PROCESSED_MEAT,家矫瘤,坷府瘤澄
[秦烹飞] 捞蜡侥 腊荐侩 促矫蒲 96g (8涝),炼固丰,炼固丰,SAUCE_SEASONING,促矫蒲,秦烹飞
[其饭肺] 肺溅 檬妮复 拿泛记 9俺涝,埃侥幅,檬妮复/荤帕,SNACK,檬妮复,其饭肺
[KF365] 1+殿鞭 公亲积力 归祸 措鄂 20备,腊幅/拌鄂,拌鄂,RAW_MEAT,拌鄂,KF365
[肺肺羔肺] 酒捞胶 宏孵饭 80g 4辆 (琶1),埃侥幅,叼历飘/纳捞农,BAKERY,宏孵饭,肺肺羔肺
[付捞嘉橇] 茄快 家绊扁 固开惫,埃祈侥,饭飘肺飘,RTC_MEAL,饭飘肺飘,付捞嘉橇
[坷堆扁]啊挥茄尝_概霓催啊娇混墨饭 130g,埃祈侥,饭飘肺飘,RTC_MEAL,饭飘肺飘,坷堆扁
[蜡啊盔] 蜡扁丑 浇扼捞胶 酒阁靛 配俏 140g,苞老/斑苞幅,斑苞幅,RAW_FRUIT,酒阁靛,蜡啊盔
[蜡啊盔] 蜡扁丑 酒阁靛 农府胶乔 60g,苞老/斑苞幅,斑苞幅,RAW_FRUIT,酒阁靛,蜡啊盔
[HBAF] 其欺肺聪乔磊咐 扑能 80g,埃侥幅,苞磊/胶臣,SNACK,扑能,HBAF
[捞淬] 魂剧 快蜡 750mL,蜡力前,快蜡/滴蜡,DAIRY,快蜡,捞淬
"汗捞匙冈芭府 呕乔 甸柄啊风, 300g, 1俺 23%6,500盔 4,990盔 (100g寸 1,663盔) 郴老(老) 档馒 焊厘 4.5 (2447) 弥措 250盔 利赋",炼固丰,啊风盒富,SAUCE_SEASONING,甸柄啊风,汗捞匙冈芭府
[固磊攫聪匙] 窍踞尼碍沥,埃侥幅,苞磊/胶臣,SNACK,碍沥,固磊攫聪匙
[单福哆] 概老蜡诀 快蜡 纳捞农 操固扁 技飘,埃祈侥,剐虐飘,RTC_MEAL,剐虐飘,单福哆
[况目鳃龋炮] 器扁辫摹 3kg,埃祈侥,馆蛮幅,SIMPLE_PROCESSED,硅眠辫摹,况目鳃龋炮
[坷堆扁] 蜡何快悼 家呐 6涝,埃祈侥,扼搁,INSTANT,蜡何快悼,坷堆扁
"秤明海府 曼侥前 焊府侗侩啊风, 3kg, 1俺 12,150盔 (100g寸 405盔) 2/11(荐) 档馒 抗沥 5 (9580) 弥措 608盔 利赋",炼固丰,啊风盒富,SAUCE_SEASONING,焊府啊风,秤明海府
[捞格] 惫郴魂 家绊扁 殿缴 慢胶抛捞农 200g (趁厘),腊幅/拌鄂,家绊扁,RAW_MEAT,家 殿缴,捞格
"矫榜 汉澜曼柄, 1kg, 1俺 10,720盔 (100g寸 1,072盔) 郴老(老) 档馒 焊厘 5 (3296) 弥措 536盔 利赋",盲家/邦拱幅,揭/棱邦,GRAIN,曼柄,
[海海胶飘] 贸澜冈绰 漠椒 泅固扑 2辆,埃侥幅,苞磊/胶臣,SNACK,邦拱 苞磊,海海胶飘
[绷匙] 官荤昏 农府胶乔 催啊娇混 3辆 (1蒲) (琶1),埃祈侥,趁悼侥前,FROZEN_MEAL,趁悼 摹挪,绷匙
"固飘内府酒 蹬瘤绊扁 格傈瘤 力腊汉澜侩 3mm (趁悼), 1kg, 1俺 11,400盔 (100g寸 1,140盔) 郴老(老) 货寒 档馒 焊厘 4.5 (8397) 弥措 570盔 利赋",腊幅/拌鄂,蹬瘤绊扁,RAW_MEAT,蹬瘤 格傈瘤,固飘内府酒
"惑窍格厘 蜡扁丑 牢刘 付捞府撇 敲饭牢 夸备福飘, 85g, 1俺涝, 12俺 13,820盔 (10g寸 135盔) 郴老(老) 货寒 档馒 焊厘 5 (4716) 弥措 691盔 利赋",蜡力前,夸芭飘,DAIRY,夸备福飘,惑窍格厘
[急拱技飘] 霓厚鸥 UMF15+ 付穿墨曹 歹喉技飘,炼固丰,剧充/家胶,SAUCE_SEASONING,曹,霓厚鸥
[钱公盔] 侥拱己 瘤备侥窜 农府胶乔 滴何胶平,埃侥幅,苞磊/胶臣,SNACK,滴何 胶臣,钱公盔
[骇海府] 公拳苞离 215g,惑柯侥前,离/胶橇饭靛,SAUCE_SEASONING,公拳苞离,骇海府
"基钎 揭 家搁, 800g, 2俺 35%13,760盔 8,840盔 (100g寸 553盔) 郴老(老) 档馒 焊厘 5 (25328) 弥措 442盔 利赋",盲家/邦拱幅,搁幅,GRAIN,家搁,基钎
[急拱技飘] 酒萍力 墨胶炮扼 3辆 技飘 (坷府瘤澄&孺固&踌瞒),埃侥幅,户幅,BAKERY,墨胶炮扼,酒萍力
[固飘呼] 固惫魂 家绊扁 檬捞胶 何盲混300g (趁厘),腊幅/拌鄂,家绊扁,RAW_MEAT,何盲混,固飘呼
[付捞嘉橇] 力林侥 迭货快 等厘骂俺,埃祈侥,饭飘肺飘,RTC_MEAL,饭飘肺飘,付捞嘉橇
[急拱技飘] 荤摸户笼 滚磐官 滚扼捞绢萍 6辆 技飘 417g,埃侥幅,户幅,BAKERY,滚磐官,荤摸户笼
[辆啊] 器扁辫摹 4kg,埃祈侥,馆蛮幅,SIMPLE_PROCESSED,硅眠辫摹,辆啊
[蜡啊盔] 蜡扁丑 拿萍海捞萍靛 扒喉风海府 160g,苞老/斑苞幅,苞老,RAW_FRUIT,喉风海府,蜡啊盔
"惫郴魂 给积败档 咐乐绰 寸辟, 700g, 1俺 1,690盔 (100g寸 241盔) 郴老(老) 货寒 档馒 焊厘 4.5 (46405) 弥措 85盔 利赋",盲家/邦拱幅,盲家,RAW_PRODUCE,寸辟,
"CJ揪仟靛 林何 檬逛空 货霓崔霓 蜡何檬逛, 320g, 1俺 4,280盔 (100g寸 1,338盔) 郴老(老) 货寒 档馒 焊厘 5 (2659) 弥措 214盔 利赋",盲家/邦拱幅,尼/滴何,SIMPLE_PROCESSED,蜡何,CJ
[丑缴] 皑磊兵 250g (瘤欺归),埃侥幅,苞磊/胶臣,SNACK,皑磊兵,丑缴
[蜡啊盔] 蜡扁丑 龋滴 120g,苞老/斑苞幅,斑苞幅,RAW_FRUIT,龋滴,蜡啊盔
[烈胶侗汉捞] 惫拱 剐侗汉捞,埃祈侥,剐虐飘,RTC_MEAL,剐虐飘,烈胶侗汉捞
[蜡啊盔] 蜡扁丑 龋滴 330g,苞老/斑苞幅,斑苞幅,RAW_FRUIT,龋滴,蜡啊盔
[档矫镑埃] 老夯侥 崔翱富捞,埃祈侥,馆蛮幅,SIMPLE_PROCESSED,拌鄂富捞,档矫镑埃
[KF365] 瘪付疵 200g,盲家/邦拱幅,盲家,RAW_PRODUCE,付疵,KF365
[目乔后] 庆捞榴秤扼都 酒捞胶农覆 (100mL X 4俺),埃侥幅,叼历飘/纳捞农,BAKERY,酒捞胶农覆,目乔后
[蜡啊盔]蜡扁丑 付墨促固酒 僵,苞老/斑苞幅,斑苞幅,RAW_FRUIT,付墨促固酒,蜡啊盔
"配饭鸥 捞柯澜丰 公扼骇, 340ml, 20俺 14,260盔 (100ml寸 210盔) 郴老(老) 档馒 焊厘 货 惑前, 馆前-固俺豪 (9) 弥历13,540盔 5 (16737) 弥措 713盔 利赋",澜丰,捞柯澜丰,BEVERAGE,配饭鸥,内墨妮扼
[厚厚绊] 醚阿辫摹1.5kg,埃祈侥,馆蛮幅,SIMPLE_PROCESSED,醚阿辫摹,厚厚绊
蜡扁丑 剐虐橇赴胶 泅固 4kg,盲家/邦拱幅,揭/棱邦,GRAIN,泅固,剐虐橇赴胶
"磅磅 舅躲滴何, 800g, 4蒲 7,330盔 (100g寸 229盔) 郴老(老) 货寒 档馒 焊厘 5 (62334) 弥措 366盔 利赋",盲家/邦拱幅,尼/滴何,SIMPLE_PROCESSED,滴何,磅磅
"伙赋 府倔 饶饭浆 摹令纳劳, 70g, 10俺涝, 1俺 11,900盔 (10g寸 170盔) 郴老(老) 货寒 档馒 焊厘 4.5 (130661) 弥措 595盔 利赋",埃侥幅,叼历飘/纳捞农,BAKERY,摹令 纳捞农,伙赋 
[鸥福凭海捞目府] 固聪 饭阁 赣珐 纳捞农 400g,埃侥幅,叼历飘/纳捞农,BAKERY,纳捞农,鸥福凭海捞目府
[官促盔] 零器脾辫 25g 2辆 (琶1),埃侥幅,苞磊/胶臣,SNACK,绢器 胶臣,官促盔
[DARE] 宏府瓢 烹剐 农贰目 2辆 (琶1),埃侥幅,苞磊/胶臣,SNACK,农贰目,DARE
[夯磷] 皋眠府舅 厘炼覆 1kg,埃祈侥,馆蛮幅,SIMPLE_PROCESSED,皋眠府舅 厘炼覆,夯磷
"啊唱 候 付老靛 檬妮复, 110g, 3俺 8,790盔 (10g寸 266盔) 郴老(老) 档馒 焊厘 5 (43543) 弥措 440盔 利赋",埃侥幅,檬妮复/荤帕,SNACK,檬妮复,啊唱
[G7] 腔绢 喉发目乔 3辆 (琶1),澜丰,目乔/瞒,BEVERAGE,目乔,G7
[脚扼疙苞] 龋剐户 430g,埃侥幅,户幅,BAKERY,龋剐户,脚扼疙苞
"厚厚靛虐模 历寸 捣鳖胶 家胶, 285g, 1俺 3,400盔 (100g寸 1,193盔) 郴老(老) 货寒 档馒 焊厘 5 (3132) 弥措 170盔 利赋",炼固丰,剧充/家胶,SAUCE_SEASONING,捣鳖胶 家胶,厚厚靛虐模
[概老] 快蜡加俊 内内酒 遏配橇府 (300mL X 8俺),蜡力前,快蜡/滴蜡,DAIRY,遏配橇府 快蜡,概老
[胶固胶萍] No.45 其欺刮飘 府宏胶 倾宏瞒 (1.47g X 15俺),澜丰,目乔/瞒,BEVERAGE,倾宏瞒,胶固胶萍
模券版 瘪 皑磊 300g,盲家/邦拱幅,盲家,RAW_PRODUCE,皑磊,
[扼摹唱鸥] 胶葛农 颇橇府墨 颇快歹 侵,炼固丰,炼固丰,SAUCE_SEASONING,颇橇府墨 颇快歹,扼摹唱鸥
"宏饭靛啊电 馒茄 海捞欧颇快歹, 155g, 1俺 4,400盔 (100g寸 2,839盔) 郴老(老) 档馒 焊厘 5 (12247) 弥措 220盔 利赋",炼固丰,啊风盒富,SAUCE_SEASONING,海捞欧颇快歹,宏饭靛啊电
[捧促府] 辫摹 坷淡 傈榜,埃祈侥,剐虐飘,RTC_MEAL,剐,捧促府
[屈催付南] 荐厚靛 催格混备捞 250g 2辆 (趁悼),埃祈侥,饭飘肺飘,RTC_MEAL,饭飘肺飘,屈催付南
[蜡扁基] 惫魂 汉篮 顶尼 200g,苞老/斑苞幅,斑苞幅,RAW_FRUIT,顶尼,蜡扁基
[况目鳃绊皋] 固聪呐 酒捞胶农覆 4辆 120mL,埃侥幅,叼历飘/纳捞农,BAKERY,酒捞胶农覆,绊皋
[蜡扁基] 公丑距 扒措眠 150g,苞老/斑苞幅,苞老,RAW_FRUIT,措眠,蜡扁基
[蜡扁基] 积顶尼 200g,苞老/斑苞幅,斑苞幅,RAW_FRUIT,顶尼,蜡扁基
"辑匡快蜡 A2敲矾胶 快蜡, 2俺, 710ml 6,800盔 (100ml寸 479盔) 郴老(老) 货寒 档馒 焊厘 5 (18175) 弥措 340盔 利赋",蜡力前,快蜡/滴蜡,DAIRY,快蜡,辑匡快蜡
[宏疯努赴688] 龋林魂 格檬腊 何盲混 备捞侩 300g (趁厘),腊幅/拌鄂,家绊扁,RAW_MEAT,何盲混,宏疯努赴688
[绊贰荤] 货快杭,荐魂拱,绢腊啊傍侥前,SIMPLE_PROCESSED,货快杭,绊贰荤
[蜡扁基] 坷红官昏 磊祸顶尼 200g,苞老/斑苞幅,斑苞幅,RAW_FRUIT,顶尼,蜡扁基
[丑缴] 货快兵 固聪蒲 30g x 4涝,埃侥幅,苞磊/胶臣,SNACK,货快兵,丑缴
[厚框馆蛮] 甸扁抚 宫篮瘤 厚忽逛 (2牢盒),埃祈侥,剐虐飘,RTC_MEAL,剐虐飘,厚框馆蛮
"救悼咐磊馆 救悼 埃 绊殿绢 (趁悼), 1俺, 220g 3,990盔 (100g寸 1,814盔) 郴老(老) 货寒 档馒 焊厘 4 (446) 弥措 178盔 利赋",荐魂拱,积急,RAW_SEAFOOD,绊殿绢,救悼咐
"钧努殴 肯滴尼, 4kg, 1俺 26%10,800盔 7,980盔 (100g寸 200盔) 郴老(老) 档馒 焊厘 4.5 (2340) 弥措 399盔 利赋",盲家/邦拱幅,尼/滴何,SIMPLE_PROCESSED,肯滴尼,钧努殴
[蜡扁基] 蜡扁丑 瘪广 150g,苞老/斑苞幅,斑苞幅,RAW_FRUIT,广,蜡扁基
"籍荐 公扼骇, 500ml, 60俺 12,840盔 郴老(老) 档馒 焊厘 5 (59544) 弥措 642盔 利赋",澜丰,积荐,BEVERAGE,积荐,籍荐
[The : 仟咙茄] 擒气藕 何措傈榜,埃祈侥,饭飘肺飘,RTC_MEAL,饭飘肺飘,The : 仟咙茄
[捞格 公亲积力] 惫郴魂 家绊扁 阂绊扁侩 200g (趁厘),腊幅/拌鄂,家绊扁,RAW_MEAT,阂绊扁侩 家绊扁,捞格 公亲积力
"[某唱促 户笼, 阂扼飘] 坷府瘤朝 摹酒官鸥 叼呈费 (45g X 12俺)",埃侥幅,户幅,BAKERY,摹酒官鸥,"某唱促 户笼, 阂扼飘"
"风配荤 内萍靛 纠钠 橇扼捞 竣胶飘扼农府胶乔 酱胶飘傅 (趁悼), 2kg, 1俺 9,400盔 (100g寸 470盔) 郴老(老) 货寒 档馒 焊厘 5 (2319) 弥措 470盔 利赋",埃祈侥,趁悼侥前,FROZEN_MEAL,趁悼 皑磊脾辫,风配荤
[胆府父陵] 崔霓 父陵 300g,埃侥幅,户幅,BAKERY,父陵,胆府父陵
"仟靛矩侨 辑魂丑蛆 没浅疙岿 丑蛆揭 归固, 20kg, 1俺, 惑殿鞭 63,500盔 (100g寸 318盔) 郴老(老) 档馒 焊厘 5 (204) 弥措 3,175盔 利赋",盲家/邦拱幅,揭/棱邦,GRAIN,揭,丑蛆
[喉风焊撇] 妮靛宏风 目乔 RTD 236mL 2辆 (琶1),澜丰,目乔/瞒,BEVERAGE,目乔,喉风焊撇
[老悼饶叼胶] 酒捞句 钮宏摹令 3辆,蜡力前,摹令,DAIRY,摹令,老悼饶叼胶
[篮窍荐魂] 楷绢硅才混 雀 100g (趁厘),荐魂拱,积急,RAW_SEAFOOD,楷绢雀,篮窍荐魂
[档靛恩茄捣] 档柄厚混(菊促府) 备捞侩 500g (趁厘),腊幅/拌鄂,蹬瘤绊扁,RAW_MEAT,蹬瘤 菊促府混,档靛恩茄捣
"措备丑魂 阂副鞘夸绝绰 蓖府揭, 4kg, 1俺 49%15,900盔 7,980盔 (100g寸 200盔) 郴老(老) 档馒 焊厘 4.5 (7448) 弥措 399盔 利赋",盲家/邦拱幅,揭/棱邦,GRAIN,揭,措备丑魂
[CU 侨诀] 棵飘葛绢12斥,贱,扁鸥 林幅,ALCOHOL,困胶虐,棵飘葛绢
"磅磅 鉴饶眠, 100g, 1俺 19%5,400盔 4,330盔 (10g寸 433盔) 郴老(老) 档馒 焊厘 5 (3098) 弥措 216盔 利赋",炼固丰,氢脚丰/倾宏,SAUCE_SEASONING,饶眠,磅磅
"寝混淬篮 历寸 咐埃厘, 500ml, 1俺 35%9,980盔 6,450盔 (100ml寸 1,290盔) 郴老(老) 档馒 焊厘 5 (1308) 弥措 323盔 利赋",炼固丰,剧充/家胶,SAUCE_SEASONING,埃厘,寝混淬篮
"沤荤 基拱 公扼骇, 500ml, 80俺 42%25,960盔 14,990盔 (100ml寸 37盔) 郴老(老) 档馒 焊厘 5 (271873) 弥措 750盔 利赋",澜丰,积荐,BEVERAGE,积荐,沤荤
[辆啊] 泅疙茄林何 器扁辫摹10kg,埃祈侥,馆蛮幅,SIMPLE_PROCESSED,硅眠辫摹,辆啊
[惑窍格厘] 蜡扁丑 戈闭 快蜡 内内酒 125mL 2辆 (琶1),蜡力前,快蜡/滴蜡,DAIRY,内内酒,惑窍格厘
[奶肺弊] 橇傅臂胶 摹令咐 110g,埃侥幅,苞磊/胶臣,SNACK,橇傅臂胶,奶肺弊
[磊楷盔] 趁悼 叠扁 官唱唱 雇胶 (600g),苞老/斑苞幅,趁悼苞老,SIMPLE_PROCESSED,苞老雇胶,磊楷盔
[丑缴] 楼颇霸萍 20涝,埃祈侥,扼搁,INSTANT,楼颇霸萍,丑缴
"祈救窍霸 家拳登绰 脚急茄 1A 快蜡, 900ml, 2俺 4,990盔 (100ml寸 277盔) 郴老(老) 货寒 档馒 焊厘 5 (62195) 弥措 250盔 利赋",蜡力前,快蜡/滴蜡,DAIRY,快蜡,祈救窍
"墨穿 固聪 叼墨其牢 酒皋府墨畴 胶平 盔滴目乔雇胶, 0.9g, 30俺涝, 1俺 8,590盔 (10g寸 3,181盔) 郴老(老) 货寒 档馒 焊厘 5 (703) 弥措 430盔 利赋",澜丰,目乔/瞒,BEVERAGE,目乔啊风,墨穿
[技捞墨] 伯龙掳 冈绰 俩府 6辆,埃侥幅,檬妮复/荤帕,SNACK,俩府,技捞墨
[怕快茄快] 茄快 攫剧侥 阂绊扁 180g(趁悼),埃祈侥,饭飘肺飘,RTC_MEAL,饭飘肺飘,怕快茄快
[概老] 概老快蜡 饶饭浆蒲 历瘤规 1% 900mL,蜡力前,快蜡/滴蜡,DAIRY,历瘤规 快蜡,概老
"惫郴魂 模券版 瘪付疵, 150g, 1俺 3,280盔 (100g寸 2,187盔) 郴老(老) 货寒 档馒 焊厘 4.5 (10230) 弥措 164盔 利赋",盲家/邦拱幅,盲家,RAW_PRODUCE,付疵,
[坷堆扁] 谎寂谎寂 侗汉捞咐 90g,埃侥幅,苞磊/胶臣,SNACK,谎寂谎寂,坷堆扁
"堡玫辫 官昏官昏 颇贰辫, 4g, 16俺 36%11,000盔 6,980盔 (10g寸 1,091盔) 郴老(老) 档馒 焊厘 4.5 (4714) 弥措 349盔 利赋",惑柯侥前,辫/磊馆,DRIED_SEAFOOD,辫,堡玫辫
[官促盔] 全货快 100g,荐魂拱,货快/霸,RAW_SEAFOOD,货快,官促盔
"没沥盔 胶葛农擒, 1kg, 1俺 32%10,990盔 7,370盔 (10g寸 74盔) 郴老(老) 货寒 档馒 焊厘 4.5 (6630) 弥措 369盔 利赋",腊幅/拌鄂,啊傍腊(擒/家矫瘤),PROCESSED_MEAT,擒,没沥盔
[辆啊] 颇辫摹 900g,埃祈侥,馆蛮幅,SIMPLE_PROCESSED,颇辫摹,辆啊
"颇况俊捞靛 付款凭喉扼胶飘 公扼骇, 355ml, 20俺 16,310盔 (100ml寸 230盔) 郴老(老) 档馒 焊厘 货 惑前, 馆前-固俺豪 (3) 弥历15,490盔 5 (2358) 弥措 815盔 利赋",澜丰,捞柯澜丰,BEVERAGE,颇况俊捞靛,内墨妮扼
"秦具固 捞墨家膏 坷隆绢家搁, 100g, 1俺 20%9,900盔 7,900盔 (100g寸 7,900盔) 郴老(老) 档馒 焊厘 4.5 (3536) 弥措 395盔 利赋",荐魂拱,绢腊啊傍侥前,SIMPLE_PROCESSED,坷隆绢 家搁,秦具固
[磊楷盔] 趁悼 蜡扁丑 局敲噶绊 500g,苞老/斑苞幅,趁悼苞老,SIMPLE_PROCESSED,趁悼 噶绊,磊楷盔
[海海念] 揭聂 10俺涝 2辆,埃侥幅,苞磊/胶臣,SNACK,揭苞磊,海海念
[钱公盔] 3盒埃祈 烹康戈摹汉澜  KIT,埃祈侥,馆蛮幅,SIMPLE_PROCESSED,戈摹汉澜,钱公盔
[动胶坷飘] 府倔 弊贰愁扼 3辆 (琶1),惑柯侥前,矫府倔,GRAIN,弊贰愁扼,动胶坷飘
"老啊笼 坷捞乔努 浇扼捞胶, 200g, 1俺 1,780盔 (100g寸 890盔) 郴老(老) 货寒 档馒 焊厘 5 (5083) 弥措 89盔 利赋",埃祈侥,馆蛮幅,SIMPLE_PROCESSED,乔努,老啊笼
"辑匡快蜡 唱100% 历瘤规快蜡, 2.3L, 2俺 14,410盔 (100ml寸 313盔) 郴老(老) 货寒 档馒 焊厘 5 (180162) 弥措 720盔 利赋",蜡力前,快蜡/滴蜡,DAIRY,历瘤规 快蜡,辑匡快蜡
[坷归斥厘绢] 唱圈肺 刮拱剧充厘绢,埃祈侥,剐虐飘,RTC_MEAL,剐虐飘,坷归斥厘绢
[付令] 檬内 戚荤捞令 雇胶 3 滚扼捞绢萍蒲 750g,埃侥幅,檬妮复/荤帕,SNACK,檬妮复,付令
[SOUPER] 春雷臂罚靛 努伐瞒快歹 200g,埃祈侥,饭飘肺飘,RTC_MEAL,饭飘肺飘,SOUPER
[绊叼官] 瘤钮宏 促农 檬妮复 7P,埃侥幅,檬妮复/荤帕,SNACK,促农 檬妮复,绊叼官
[秦炼尔] 逛俊 谎妨冈绊 厚涵冈绰 货快,炼固丰,炼固丰,SAUCE_SEASONING,饶府墨纳,秦炼尔
"单眉内 棵府坷 竣胶飘扼 滚柳 叼 棵府官, 1000ml, 1俺 39%37,000盔 22,300盔 (100ml寸 2,230盔) 郴老(老) 货寒 档馒 焊厘 5 (1888) 弥措 1,115盔 利赋",炼固丰,侥侩蜡/扁抚,SAUCE_SEASONING,棵府宏坷老,单眉内
[救林敲贰磐] 颊龙 冈怕 120g (家胶 刘沥),荐魂拱,戈摹/扒绢拱,DRIED_SEAFOOD,冈怕,救林敲贰磐
[溅捞农 器纳] 器纳 圾矾靛 3辆,埃祈侥,圾矾靛蒲,RTC_MEAL,器纳 圾矾靛,溅捞农 器纳
"惫郴魂 绊备付, 1kg(吝), 1俺 5,090盔 (100g寸 509盔) 郴老(老) 货寒 档馒 焊厘 4.5 (1522) 弥措 255盔 利赋",盲家/邦拱幅,盲家,RAW_PRODUCE,绊备付,
[Kim's butcher] 固惫魂 檬捞胶 何盲混 胶抛捞农 250g,腊幅/拌鄂,家绊扁,RAW_MEAT,何盲混,Kim's butcher
[钱公盔] 泅固 肚鹅酒 8牢摹 (5涝),埃侥幅,户幅,BAKERY,肚鹅酒,钱公盔
"惫郴魂 备捞侩 剧价捞滚几, 140g, 1俺 3,490盔 (100g寸 2,493盔) 郴老(老) 货寒 档馒 焊厘 5 (37029) 弥措 175盔 利赋",盲家/邦拱幅,滚几,RAW_PRODUCE,价捞滚几,
"胶抛厚酒胶困飘 付老靛 胶抛厚酒 目乔雇胶, 9.6g, 30俺涝, 1俺 20%10,900盔 8,710盔 (10g寸 302盔) 郴老(老) 货寒 档馒 焊厘 4.5 (759) 弥措 435盔 利赋",澜丰,目乔/瞒,BEVERAGE,目乔雇胶,胶抛厚酒胶困飘
"内墨妮扼 坷府瘤澄 公扼骇, 370ml, 6俺 10%8,900盔 7,980盔 (100ml寸 359盔) 郴老(老) 档馒 焊厘 5 (20988) 弥措 399盔 利赋",澜丰,藕魂澜丰,BEVERAGE,内墨妮扼,内墨妮扼
"惫郴魂 公, 1俺涝, 3俺 4,790盔 (1俺寸 1,597盔) 郴老(老) 货寒 档馒 焊厘 4.5 (269495) 弥措 240盔 利赋",盲家/邦拱幅,盲家,RAW_PRODUCE,公,
[风胶萍奶扼] 颇胶鸥搁 6辆 (琶1),盲家/邦拱幅,搁幅,GRAIN,颇胶鸥搁,风胶萍奶扼
"没沥盔 快府揭 农覆荐橇, 60g, 3俺 24%4,200盔 3,170盔 (100g寸 1,761盔) 郴老(老) 货寒 档馒 焊厘 5 (1108) 弥措 159盔 利赋",埃祈侥,饭飘肺飘,RTC_MEAL,饭飘肺飘,没沥盔
[讣篮拱俊] 楷玫尼 孺烙磊 尼拱 500ml /1000ml,盲家/邦拱幅,尼/滴何,SIMPLE_PROCESSED,尼拱,讣篮拱俊
[没沥盔] 绊家茄 付夸匙令 800g,炼固丰,剧充/家胶,SAUCE_SEASONING,付夸匙令,没沥盔
[瞒妨辰] 鉴混 绊殿绢备捞 80g X 2涝,埃祈侥,饭飘肺飘,RTC_MEAL,饭飘肺飘,瞒妨辰
[归汲] 100% 烹甸柄 甸扁抚 320mL,炼固丰,侥侩蜡/扁抚,SAUCE_SEASONING,甸扁抚,归汲
[急拱技飘] 其捞厘宏饭烹 单老府 摹令 技飘,蜡力前,摹令,DAIRY,摹令,其捞厘宏饭烹
"巢剧蜡诀 捞坷 夸备福飘, 80ml, 10俺涝, 3俺 9,780盔 (10ml寸 41盔) 郴老(老) 货寒 档馒 焊厘 5 (138292) 弥措 489盔 利赋",蜡力前,夸芭飘,DAIRY,夸备福飘,巢剧
"没沥盔 海捞牧 矩 农覆 鳖福焊唱扼 颇胶鸥 家胶, 350g, 1俺 7%6,950盔 6,450盔 (100g寸 1,843盔) 郴老(老) 档馒 焊厘 4.5 (14671) 弥措 323盔 利赋",炼固丰,剧充/家胶,SAUCE_SEASONING,颇胶鸥 家胶,没沥盔
[芒拳寸] 绿厚忽父滴,埃祈侥,剐虐飘,RTC_MEAL,剐虐飘,芒拳寸
"归汲 健阂哎厚咐 饶尔农, 120g, 2俺 21%3,360盔 2,650盔 (10g寸 110盔) 郴老(老) 货寒 档馒 焊厘 5 (5628) 弥措 133盔 利赋",腊幅/拌鄂,啊傍腊(擒/家矫瘤),PROCESSED_MEAT,侵官,归汲
[磊楷盔] 噶绊 惦灰 趁悼 噶官颇 雇胶 (600g),苞老/斑苞幅,趁悼苞老,SIMPLE_PROCESSED,苞老雇胶,磊楷盔
"磅磅 尼滴何, 500g, 4俺 6,180盔 (100g寸 309盔) 郴老(老) 货寒 档馒 焊厘 5 (340248) 弥措 309盔 利赋",盲家/邦拱幅,尼/滴何,SIMPLE_PROCESSED,滴何,磅磅
[坷犊滴胶] 荤宏饭 捻虐 技飘 (5俺涝),埃侥幅,苞磊/胶臣,SNACK,捻虐,坷犊滴胶
"[急拱技飘] 傈烹林 蠢赴付阑 距林 (12档, 700mL)",贱,傈烹林,ALCOHOL,距林,傈烹林
[抛扼钮刮] 酱欺敲矾胶 100 (60器),固殿废 墨抛绊府,扁鸥,UNKNOWN,扁鸥,抛扼钮刮
[驱牢淬] 全伙沥苞榜靛 (30g x 8器),固殿废 墨抛绊府,扁鸥,UNKNOWN,扁鸥,驱牢淬
"绊皋 家官官摹挪 家捞倾聪 鉴混 (趁悼), 375g, 2俺 36%19,960盔 12,760盔 (100g寸 1,701盔) 郴老(老) 货寒 档馒 焊厘 5 (18522) 弥措 638盔 利赋",埃祈侥,趁悼侥前,FROZEN_MEAL,趁悼 摹挪,绊皋
[CJ] 青汗茄尼 馆葛滴何(150G+150G),盲家/邦拱幅,尼/滴何,SIMPLE_PROCESSED,滴何,CJ
"窍风斑苞 雇胶秤 秤明 矩 夸芭飘, 20g, 30俺 28%24,900盔 17,900盔 (100g寸 2,983盔) 郴老(老) 货寒 档馒 焊厘 4.5 (42) 弥措 895盔 利赋",蜡力前,夸芭飘,DAIRY,夸芭飘,窍风斑苞
"华促规 目乔雇胶 胶平目乔, 12g, 100俺涝, 1俺 16,520盔 (10g寸 138盔) 郴老(老) 档馒 焊厘 4.5 (1558) 弥措 826盔 利赋",澜丰,目乔/瞒,BEVERAGE,目乔雇胶,华促规
"[捞陛扁] 摹挪颇快歹, 1kg, 1俺 21%20,880盔 16,380盔 (100g寸 1,638盔) 郴老(老) 档馒 焊厘 5 (22399) 弥措 819盔 利赋",炼固丰,炼固丰,SAUCE_SEASONING,摹挪颇快歹,捞陛扁
"配饭鸥 力肺 公扼骇 捞柯澜丰, 340ml, 20俺 14,720盔 (100ml寸 216盔) 郴老(老) 档馒 焊厘 5 (3763) 弥措 736盔 利赋",澜丰,捞柯澜丰,BEVERAGE,配饭鸥,内墨妮扼
[磊楷盔] 噶绊 惦灰 趁悼 酒噶颇 雇胶 (600g),苞老/斑苞幅,趁悼苞老,SIMPLE_PROCESSED,苞老雇胶,磊楷盔
"货快兵, 90g, 5俺 5,800盔 (10g寸 129盔) 郴老(老) 档馒 焊厘 5 (105520) 弥措 290盔 利赋",埃侥幅,苞磊/胶臣,SNACK,货快兵,丑缴
[悼盔] Dole 况磐俩府 噶绊 130ml X 10俺涝,埃侥幅,檬妮复/荤帕,SNACK,俩府,悼盔
[魂荐榜格厘] 擒捞具扁,腊幅/拌鄂,啊傍腊(擒/家矫瘤),PROCESSED_MEAT,擒,魂荐榜格厘
[KF365] 茄捣 殿哎厚 800g(趁厘),腊幅/拌鄂,蹬瘤绊扁,RAW_MEAT,蹬瘤 殿哎厚,KF365
[嫡备唱公] 颇辫摹,埃祈侥,馆蛮幅,SIMPLE_PROCESSED,颇辫摹,嫡备唱公
[厘荐砍] 厘荐顶尼砍 急拱技飘 20俺涝,埃侥幅,檬妮复/荤帕,SNACK,砍,厘荐砍
[酒捞丑] 模券版 规匡配付配500g,盲家/邦拱幅,盲家,RAW_PRODUCE,规匡配付配,酒捞丑
[CU 侨诀] 9扼捞宏胶府历宏府榴傅 6夯,贱,客牢,ALCOHOL,拳捞飘 客牢,
[傈烹林] 巩硅贱 档磊扁 (40档 400mL),贱,傈烹林,ALCOHOL,刘幅 家林,傈烹林
[胆阁飘] 酱欺 胶困飘能 (380g X 4),埃祈侥,圾矾靛蒲,RTC_MEAL,胶困飘能,胆阁飘
"笼馆蛮楷备家 固开临扁 汉澜, 110g, 1俺 3,800盔 (10g寸 345盔) 郴老(老) 货寒 档馒 焊厘 4.5 (1810) 弥措 190盔 利赋",埃祈侥,馆蛮幅,SIMPLE_PROCESSED,固开临扁 汉澜,笼馆蛮楷备家
[窍覆] 救悼侥 买催 剐虐飘,埃祈侥,剐虐飘,RTC_MEAL,剐虐飘,窍覆
[傈烹林] 巩硅林 庆府萍瘤 (25档 375mL),贱,傈烹林,ALCOHOL,刘幅 家林,傈烹林
"秦怕酒捞胶农覆 穿啊官 (趁悼), 70ml, 6俺涝, 1俺 3,530盔 (10ml寸 84盔) 郴老(老) 货寒 档馒 焊厘 5 (14622) 弥措 176盔 利赋",埃侥幅,叼历飘/纳捞农,BAKERY,酒捞胶农覆,秦怕酒捞胶农覆
[棵馆] 葛楼眉促 蔓 侵档弊 400g(80gX5俺涝),埃祈侥,趁悼侥前,FROZEN_MEAL,趁悼 侵档弊,棵馆
[快府剐] 具盲揭扒户 120g,埃侥幅,户幅,BAKERY,扒户,快府剐
[嫡备唱公] 睛矮唱拱,埃祈侥,馆蛮幅,SIMPLE_PROCESSED,睛矮唱拱,嫡备唱公
[扁厘拱魂] 饭阁哎腐家胶 秦檬圾矾靛 5涝,埃祈侥,圾矾靛蒲,RTC_MEAL,圾矾靛,扁厘拱魂
"磅磅 尼滴何, 500g, 4俺 6,180盔 (100g寸 309盔) 郴老(老) 货寒 档馒 焊厘 5 (340234) 弥措 309盔 利赋",盲家/邦拱幅,尼/滴何,SIMPLE_PROCESSED,滴何,磅磅
[KC] 畴尔 苛荐荐 2辆,盲家/邦拱幅,盲家,RAW_PRODUCE,苛荐荐,KC
[己柳] 惫郴魂 皑磊 傈盒咐(侩扁屈) 450g,炼固丰,啊风盒富,SAUCE_SEASONING,皑磊傈盒,己柳
"惫郴魂 没惑眠, 400g, 1豪 5,500盔 (100g寸 1,375盔) 郴老(老) 货寒 档馒 焊厘 5 (156609) 弥措 275盔 利赋",盲家/邦拱幅,盲家,RAW_PRODUCE,没惑眠,
[攫歹橇饭寂] 俊胶橇饭家 目乔盔咀 400mL,澜丰,目乔/瞒,BEVERAGE,目乔,攫歹橇饭寂
"模券版 牢刘 惫郴魂 榜靛曝捞滚几, 200g, 1俺 2,760盔 (100g寸 1,380盔) 郴老(老) 货寒 档馒 焊厘 5 (13609) 弥措 138盔 利赋",盲家/邦拱幅,滚几,RAW_PRODUCE,曝捞滚几,模券版
[归汲] 蜡磊圾矾靛家胶 250g,炼固丰,剧充/家胶,SAUCE_SEASONING,蜡磊 靛饭教,归汲
[倔府虐模] 乔沫 颇捞 120g,埃侥幅,叼历飘/纳捞农,BAKERY,颇捞,倔府虐模
[A.C.欺摹胶] 滚扼捞绢萍 萍归技飘 & 俊叼记掸付农 赣弊,澜丰,目乔/瞒,BEVERAGE,萍归,掸付农
[CU 侨诀] 818单懦扼喉尔内,贱,扁鸥 林幅,ALCOHOL,单偿扼,
"Arla 窍官萍 浇扼捞胶摹令, 150g, 1俺涝, 1俺 6,100盔 (10g寸 407盔) 郴老(老) 货寒 档馒 焊厘 5 (6356) 弥措 305盔 利赋",蜡力前,摹令,DAIRY,摹令,Arla
"磅磅 辫摹汉澜逛 (趁悼), 300g, 10俺 29%26,000盔 18,290盔 (100g寸 610盔) 郴老(老) 货寒 档馒 焊厘 5 (125579) 弥措 915盔 利赋",埃祈侥,饭飘肺飘,RTC_MEAL,饭飘肺飘,磅磅
[傈烹林] 硅驱沥档啊 龋顶 (6档 750mL),贱,傈烹林,ALCOHOL,阜吧府,傈烹林
配奔 饭阁积碍没 600g,炼固丰,剧充/家胶,SAUCE_SEASONING,饭阁没,配奔
"惫郴魂 何眠, 150g, 1豪 1,800盔 (100g寸 1,200盔) 郴老(老) 货寒 档馒 焊厘 5 (204320) 弥措 90盔 利赋",盲家/邦拱幅,盲家,RAW_PRODUCE,何眠,
"倒眉备胶配 奉绊 母蕉目乔, 6.5g, 30俺涝, 2俺 29,480盔 (10g寸 756盔) 郴老(老) 档馒 焊厘 5 (25726) 弥措 1,474盔 利赋",澜丰,目乔/瞒,BEVERAGE,目乔母蕉,倒眉备胶配
[力林档聪] 力林 蹬瘤 殿哎厚 500g (趁厘),腊幅/拌鄂,蹬瘤绊扁,RAW_MEAT,蹬瘤 殿哎厚,力林档聪
"林何9窜 丑蛆格快锰 浇扼捞胶 擒, 100g, 2俺 4,930盔 (10g寸 247盔) 郴老(老) 货寒 档馒 焊厘 5 (4058) 弥措 246盔 利赋",腊幅/拌鄂,啊傍腊(擒/家矫瘤),PROCESSED_MEAT,擒,丑蛆
"墨穿 付老靛 肺胶飘 酒皋府墨畴 盔滴目乔雇胶, 900mg, 30俺涝, 2俺 13,880盔 (10g寸 2,570盔) 郴老(老) 档馒 焊厘 5 (180735) 弥措 694盔 利赋",澜丰,目乔/瞒,BEVERAGE,目乔雇胶,墨穿 
[傈烹林] 炼篮贱技辆 快档 顶尼 傈烹林 (6档 750mL),贱,傈烹林,ALCOHOL,阜吧府,傈烹林
"给积败档 咐乐绰 局龋冠 1涝, 1俺涝, 3俺 6,530盔 (1俺寸 2,177盔) 郴老(老) 货寒 档馒 焊厘 5 (77084) 弥措 326盔 利赋",盲家/邦拱幅,盲家,RAW_PRODUCE,局龋冠,
"盟盟茄 绊备付 富珐捞, 12俺 9,640盔 郴老(老) 档馒 焊厘 4.5 (190) 弥措 482盔 利赋",埃侥幅,苞磊/胶臣,SNACK,绊备付 富珐捞,盟盟茄
[茄飘官目] 弊副靛 趁厘 催啊娇混 2辆,腊幅/拌鄂,催绊扁,RAW_MEAT,催啊娇混,茄飘官目
[窍覆] 摹挪呈百 850g,埃祈侥,趁悼侥前,FROZEN_MEAL,摹挪呈百,窍覆
[坷府柯] 嘛冈 唱幂 摹弃饭 付夸 家胶 168g,炼固丰,剧充/家胶,SAUCE_SEASONING,摹弃饭 家胶,坷府柯
[傈烹林]硅驱沥档啊 拳己积阜吧府 (6档 750mL) 何靛矾款 藕魂阜吧府,贱,傈烹林,ALCOHOL,阜吧府,傈烹林
[急拱技飘] 版林玫斥茄快 茄快 腊器 急拱技飘,腊幅/拌鄂,啊傍腊(擒/家矫瘤),PROCESSED_MEAT,腊器,版林玫斥茄快
[傈烹林] 器玫老悼 淬篮阜吧府 公酒胶颇沤 (6.5档 750mL),炼固丰,炼固丰,SAUCE_SEASONING,酒胶颇沤,傈烹林
[逛胶穿] 辑匡措 坷府瘤澄 距尼 滴蜡 (190mL X 16俺),蜡力前,快蜡/滴蜡,DAIRY,滴蜡,坷府瘤澄
"咐乐绰滴蜡GT 绊家茄 八篮尼柄 捍, 200ml, 30俺 21,950盔 (100ml寸 366盔) 郴老(老) 档馒 焊厘 5 (20980) 弥措 1,098盔 利赋",蜡力前,快蜡/滴蜡,DAIRY,滴蜡,咐乐绰滴蜡GT
[单眉内] 备福皋 颇胶鸥搁 6辆,盲家/邦拱幅,搁幅,GRAIN,颇胶鸥搁,单眉内
"根僵 角加 坷府瘤澄 24俺涝, 816g, 2俺 14,990盔 (10g寸 92盔) 2/10(拳) 档馒 抗沥 5 (57195) 弥措 750盔 利赋",埃侥幅,苞磊/胶臣,SNACK,根僵,坷府瘤澄
[傈烹林]贾萍付阑 坷吩捞 器档胶颇努傅客牢 扼捞飘 (4.5档 330mL),贱,客牢,ALCOHOL,胶颇努傅 客牢,傈烹林
[急拱技飘] 宏饭靛鸥烙 颇捞父林 2辆 (琶1),埃侥幅,户幅,BAKERY,父陵,宏饭靛鸥烙
[坷堆扁]呐逛_坷伙阂绊扁丹逛(溜籍惫),埃祈侥,溜籍逛,INSTANT,呐逛 坷伙阂绊扁,坷堆扁
"坷堆扁 烤朝 磊弗 固开, 50g, 1俺 2,440盔 (100g寸 4,880盔) 郴老(老) 货寒 档馒 焊厘 5 (9827) 弥措 122盔 利赋",荐魂拱,固开/促矫付,DRIED_SEAFOOD,固开,坷堆扁
"概老快蜡 坷府瘤澄, 900ml, 4俺 11,090盔 (100ml寸 308盔) 郴老(老) 货寒 档馒 焊厘 5 (239435) 弥措 555盔 利赋",蜡力前,快蜡/滴蜡,DAIRY,快蜡,概老
[没沥盔]寝混淬篮 厘炼覆埃厘家胶 800ml,炼固丰,剧充/家胶,SAUCE_SEASONING,埃厘,没沥盔
[官促盔] 巢秦救 汉澜炼覆侩 戈摹 150g,荐魂拱,戈摹/扒绢拱,DRIED_SEAFOOD,戈摹,官促盔
"倒眉备胶配 匙胶狞 母蕉目乔, 16g, 16俺涝, 1俺 9,490盔 (10g寸 371盔) 郴老(老) 档馒 焊厘 4.5 (3195) 弥措 475盔 利赋",澜丰,目乔/瞒,BEVERAGE,目乔母蕉,倒眉备胶配
[坷堆扁] 橇饭胶内 颇胶鸥搁 6辆 (琶1),盲家/邦拱幅,搁幅,GRAIN,颇胶鸥搁,坷堆扁
[钱公盔] 厚扒辫摹,埃祈侥,馆蛮幅,SIMPLE_PROCESSED,硅眠辫摹,钱公盔
[窍内具] 荤阿 绢宫 部摹(20俺涝),荐魂拱,绢腊啊傍侥前,SIMPLE_PROCESSED,绢宫,窍内具
[厚官聪] 蜡扁丑 檬妮复 6辆,埃侥幅,檬妮复/荤帕,SNACK,檬妮复,厚官聪
"惫郴魂 单模 公矫贰扁, 300g, 1俺 2,990盔 (100g寸 997盔) 郴老(老) 货寒 档馒 焊厘 4.5 (22759) 弥措 150盔 利赋",盲家/邦拱幅,盲家,RAW_PRODUCE,公矫贰扁,
[秦怕] 饶坊摹颇捞 27+3 扁裙蒲 荤苞,埃侥幅,苞磊/胶臣,SNACK,饶坊摹颇捞,秦怕
[固磊攫聪匙] 绊殿绢炼覆,埃祈侥,馆蛮幅,SIMPLE_PROCESSED,绊殿绢 炼覆,固磊攫聪匙
"归汲 窍踞汲帕, 1kg, 6俺 12%14,280盔 12,540盔 (100g寸 209盔) 郴老(老) 档馒 焊厘 5 (158269) 弥措 627盔 利赋",炼固丰,炼固丰,SAUCE_SEASONING,汲帕,归汲
[归汲] 器档揪蜡 900mL,炼固丰,侥侩蜡/扁抚,SAUCE_SEASONING,器档揪蜡,归汲
"捞叼具 叼墨其牢 酒皋府墨畴 盔滴目乔胶平, 1g, 30俺涝, 1俺 6,100盔 (10g寸 2,033盔) 郴老(老) 货寒 档馒 焊厘 4.5 (606) 弥措 305盔 利赋",澜丰,目乔/瞒,BEVERAGE,目乔啊风,捞叼具
[俊胶仟唱] 窍根 技扼畴 焊单啊 2辆,腊幅/拌鄂,啊傍腊(擒/家矫瘤),PROCESSED_MEAT,窍根,俊胶仟唱
[蘑皇肺] 备况冈绰 摹挪付夸 虐飘 400g,埃祈侥,剐虐飘,RTC_MEAL,剐虐飘,蘑皇肺
"萍哩 其欺刮飘 萍归, 1.2g, 20俺涝, 2俺 6,100盔 (10g寸 1,271盔) 郴老(老) 档馒 焊厘 4.5 (2778) 弥措 305盔 利赋",澜丰,目乔/瞒,BEVERAGE,萍归,萍哩
[急柳器农茄捣] 茄捣 殿哎厚 500g,腊幅/拌鄂,蹬瘤绊扁,RAW_MEAT,蹬瘤 殿哎厚,急柳器农茄捣
"胶鸥棍胶 窍快胶喉坊靛 匙胶橇饭家 母蕉目乔, 5.7g, 10俺涝, 5俺 21%39,950盔 31,350盔 (10g寸 1,100盔) 郴老(老) 档馒 焊厘 5 (47069) 弥措 1,568盔 利赋",澜丰,目乔/瞒,BEVERAGE,目乔母蕉,匙胶橇饭家
[吩单] 墨胶鸥靛 胶飘肺海府 & 夸芭飘 126g,蜡力前,夸芭飘,DAIRY,夸芭飘,吩单
"棵官弗 荐魂 趁悼 楷绢 胶抛捞农 (趁悼), 350g, 1俺 16%11,900盔 9,980盔 (100g寸 2,851盔) 郴老(老) 货寒 档馒 焊厘 4.5 (3257) 弥措 449盔 利赋",埃祈侥,剐虐飘,RTC_MEAL,剐虐飘,棵官弗
"钎绊滚几, 200g, 1俺 2,990盔 (100g寸 1,495盔) 郴老(老) 货寒 档馒 焊厘 5 (130637) 弥措 150盔 利赋",盲家/邦拱幅,滚几,RAW_PRODUCE,钎绊滚几,
"海瘤剐 俊捞 淬归茄 滴蜡, 190ml, 16俺 11,320盔 (100ml寸 372盔) 郴老(老) 档馒 焊厘 货 惑前, 馆前-固俺豪 (16) 弥历10,750盔 5 (59614) 弥措 566盔 利赋",蜡力前,快蜡/滴蜡,DAIRY,滴蜡,海瘤剐
"归汲 窍踞汲帕, 1kg, 5俺 10%11,900盔 10,700盔 (100g寸 214盔) 郴老(老) 档馒 焊厘 5 (158269) 弥措 535盔 利赋",炼固丰,炼固丰,SAUCE_SEASONING,汲帕,归汲
"货快兵 概款货快兵, 90g, 5俺 5,900盔 (10g寸 131盔) 郴老(老) 档馒 焊厘 5 (37193) 弥措 295盔 利赋",埃侥幅,苞磊/胶臣,SNACK,货快兵,丑缴
"辑匡快蜡 郴 加捞 祈救茄 快蜡, 900ml, 2俺 20%7,340盔 5,870盔 (100ml寸 326盔) 郴老(老) 货寒 档馒 焊厘 5 (13303) 弥措 294盔 利赋",蜡力前,快蜡/滴蜡,DAIRY,快蜡,辑匡快蜡
"秦怕力苞 击靛俊捞胶 快蜡农覆, 204g, 2俺 7,520盔 (10g寸 184盔) 郴老(老) 档馒 焊厘 4.5 (756) 弥措 338盔 利赋",埃侥幅,苞磊/胶臣,SNACK,击靛俊捞胶,秦怕
[坷胶抛府酒 部肚] 浚俩 家橇飘 胶能 (65g X 4俺),埃侥幅,户幅,BAKERY,胶能,坷胶抛府酒 部肚
[鳖荤胶 叼 饶舅档] 酒福海尝唱 竣胶飘扼滚柳 500mL,炼固丰,侥侩蜡/扁抚,SAUCE_SEASONING,棵府宏坷老,鳖荤胶 叼 饶舅档
[腊傍腊] 殿缴 浇扼捞胶 250g,腊幅/拌鄂,家绊扁,RAW_MEAT,家 殿缴,腊傍腊
"力林 宏肺妮府, 1俺涝, 1俺 2,780盔 (1俺寸 2,780盔) 郴老(老) 货寒 档馒 焊厘 4.5 (2880) 弥措 139盔 利赋",盲家/邦拱幅,盲家,RAW_PRODUCE,宏肺妮府,
"归斥丑啊 官唱点灰 揭, 2kg, 1俺 14,980盔 (100g寸 749盔) 郴老(老) 档馒 焊厘 4.5 (16177) 弥措 749盔 利赋",盲家/邦拱幅,揭/棱邦,GRAIN,揭,归斥丑啊
[沥包厘] 俊宏府鸥烙 噶绊 敲饭捞滚 20器,固殿废 墨抛绊府,扁鸥,UNKNOWN,扁鸥,沥包厘
"捻扼能 矫坷 能何 堪厘 促矫付, 47g, 1俺 5,980盔 (100g寸 12,723盔) 郴老(老) 档馒 焊厘 5 (2722) 弥措 299盔 利赋",荐魂拱,固开/促矫付,DRIED_SEAFOOD,促矫付,捻扼能
[过己器曼咐] 康堡奔厚 (0.6kg 10固 / 1.2kg 20固) (趁悼) (琶1),荐魂拱,戈摹/扒绢拱,DRIED_SEAFOOD,奔厚,过己器曼咐
"捧单捞秤 呈飘茄淋 雇胶秤 摹令柠畴酒, 20g, 50俺 17%36,100盔 29,900盔 (100g寸 2,990盔) 郴老(老) 档馒 焊厘 4.5 (8674) 弥措 1,480盔 利赋",苞老/斑苞幅,斑苞幅,RAW_FRUIT,斑苞幅,捧单捞秤
[溅仟靛] 曼摹付夸 伙阿辫逛 (趁悼/3俺涝),埃祈侥,溜籍逛,INSTANT,伙阿辫逛,溅仟靛
[坷秤萍] 酒阁靛 胶橇饭靛 (皋捞敲) 230g,惑柯侥前,离/胶橇饭靛,SAUCE_SEASONING,酒阁靛 胶橇饭靛,坷秤萍
"[榜电乔胶] 凭纳捞胶 慢揭距苞 距苞 3辆(配尝, 荤娇, 河篮富)",埃侥幅,叼历飘/纳捞农,BAKERY,距苞,榜电乔胶
"备况廉 坊瘤倒妨 官肺冈绰 绊殿绢 备捞, 70g, 5俺 25%18,900盔 14,160盔 (10g寸 405盔) 郴老(老) 货寒 档馒 焊厘 5 (10040) 弥措 658盔 利赋",埃祈侥,饭飘肺飘,RTC_MEAL,饭飘肺飘,备况廉
[厚遏] 棵官弗 家拳啊 肋登绰 快蜡 (180mL X 12俺),蜡力前,快蜡/滴蜡,DAIRY,快蜡,厚遏
[加檬秦前] 疙怕雀公魔 160g (趁厘),埃祈侥,馆蛮幅,SIMPLE_PROCESSED,疙怕雀公魔,加檬秦前
"坷府瘤澄弊饭牢 2025斥魂 禽揭 归固, 惑殿鞭, 4kg, 1俺 5%16,900盔 15,900盔 (100g寸 398盔) 郴老(老) 货寒 档馒 焊厘 5 (2141) 弥措 795盔 利赋",盲家/邦拱幅,揭/棱邦,GRAIN,揭,坷府瘤澄弊饭牢
[概老] 概老滴蜡 绊窜归 八篮尼 (190mL X 24蒲),蜡力前,快蜡/滴蜡,DAIRY,滴蜡,概老
[具固夸剐] 侥户 4辆 (琶1),埃侥幅,户幅,BAKERY,侥户,具固夸剐
[辫家康 酒萍厘狼 救窜抛] 橇尔胶 饭坷 滚磐 250g 2辆,蜡力前,滚磐/积农覆,DAIRY,滚磐,辫家康 酒萍厘狼 救窜抛
[急拱技飘] 霓厚鸥 付穿墨曹 UMF5+ 歹喉 技飘 +(碱俏归 刘沥),炼固丰,剧充/家胶,SAUCE_SEASONING,曹,霓厚鸥
"捞芬 炔己林 冠荤狼 惫魂尼 滴蜡 八篮尼 绊漠椒, 190ml, 20俺 45%21,000盔 11,360盔 (100ml寸 299盔) 郴老(老) 档馒 焊厘 5 (171169) 弥措 568盔 利赋",蜡力前,快蜡/滴蜡,DAIRY,滴蜡,捞芬
"丑缴 楼颇霸萍 140g, 10俺 9,730盔 (1俺寸 973盔) 郴老(老) 货寒 档馒 焊厘 5 (57674) 弥措 486盔 利赋",埃祈侥,扼搁,INSTANT,楼颇霸萍,丑缴
[Kim's butcher] 龋林魂 买哎厚 1.4kg(趁悼),腊幅/拌鄂,家绊扁,RAW_MEAT,家哎厚,Kim's butcher
[公胶] 皋捞敲 滚磐 150g,蜡力前,滚磐/积农覆,DAIRY,皋捞敲 滚磐,公胶
[YOZM] 弊贰愁扼 配俏钮宏 3辆 (琶1),惑柯侥前,矫府倔,GRAIN,弊贰愁扼,YOZM
[Kurly's] 悼拱汗瘤 蜡沥鄂 15备,腊幅/拌鄂,拌鄂,RAW_MEAT,拌鄂,Kurly's
[窍风茄萍] 皋府榜靛 采瞒(惫魂) 25g,澜丰,目乔/瞒,BEVERAGE,采瞒,窍风茄萍
[辫家屈盔规] 孺堪家 柳咀胶平 100器 + 碱俏归刘沥,固殿废 墨抛绊府,扁鸥,UNKNOWN,扁鸥,辫家屈盔规
[澄淬] 绊窜归 历寸胶能 3辆 (100g X 3俺) (琶1),埃侥幅,户幅,BAKERY,胶能,澄淬
蜡扁丑 蔓柳 坷邦逛 800g,埃祈侥,溜籍逛,INSTANT,溜籍逛 坷邦,
[畴矫鸥]拳捞飘窜公瘤,埃祈侥,馆蛮幅,SIMPLE_PROCESSED,窜公瘤,畴矫鸥
[格快锰] 林何9窜 海捞牧 270g(90g*3),腊幅/拌鄂,啊傍腊(擒/家矫瘤),PROCESSED_MEAT,海捞牧,格快锰
[柳角等颊咐] 皋眠府舅 厘炼覆,埃祈侥,馆蛮幅,SIMPLE_PROCESSED,皋眠府舅 厘炼覆,柳角等颊咐
[单眉内] 烹剐 颇胶鸥搁 5辆,盲家/邦拱幅,搁幅,GRAIN,颇胶鸥搁,单眉内
[KF365] 惫魂 颊龙 采霸 2辆 (趁悼),荐魂拱,货快/霸,RAW_SEAFOOD,采霸,KF365
"钱公盔 角狼 塞 概老酒魔 鉴积唱肚, 49.5g, 8俺涝, 1俺 1%7,800盔 7,650盔 (100g寸 1,932盔) 郴老(老) 货寒 档馒 焊厘 5 (54116) 弥措 383盔 利赋",埃祈侥,馆蛮幅,SIMPLE_PROCESSED,炒肚,概老
[沥固家] 蜡扁丑 漂喊犁硅 14盒档固 2辆,盲家/邦拱幅,揭/棱邦,GRAIN,揭,沥固家
[钙颇捞矩鸥捞芭] 刚浇府 萍归 急拱技飘,澜丰,目乔/瞒,BEVERAGE,萍归,钙颇捞矩鸥捞芭
[CJ] 催碍沥 480g,埃祈侥,趁悼侥前,FROZEN_MEAL,趁悼 催碍沥,CJ
茄传俊 馆茄揭 2辆,盲家/邦拱幅,揭/棱邦,GRAIN,揭,茄传俊 馆茄揭
"棵啊圈仟靛 惯酒 焊府瞒, 500g, 1俺涝, 1俺 9,520盔 (10g寸 190盔) 郴老(老) 档馒 焊厘 货 惑前, 馆前-固俺豪 (8) 弥历9,040盔 5 (13678) 弥措 476盔 利赋",澜丰,目乔/瞒,BEVERAGE,焊府瞒,棵啊
"钮盔 窍踞 汲帕, 3kg, 3俺 15,840盔 (100g寸 176盔) 郴老(老) 档馒 焊厘 5 (107099) 弥措 792盔 利赋",炼固丰,炼固丰,SAUCE_SEASONING,汲帕,钮盔
[扼捞胶溃] 炔悼魄俊 备款 归固 穿奉瘤,埃侥幅,苞磊/胶臣,SNACK,穿奉瘤,扼捞胶溃
[概老蜡诀] 官捞坷 夸芭飘 3辆 (琶1),蜡力前,夸芭飘,DAIRY,夸芭飘,概老
"仟弗后 烹孺饶眠, 200g, 1俺 5,900盔 (10g寸 295盔) 郴老(老) 货寒 档馒 焊厘 5 (1330) 弥措 295盔 利赋",炼固丰,氢脚丰/倾宏,SAUCE_SEASONING,饶眠,仟弗后
"惫郴魂 模券版 技么寸辟, 1kg, 1俺 5,680盔 (100g寸 568盔) 郴老(老) 货寒 档馒 焊厘 4.5 (17677) 弥措 284盔 利赋",盲家/邦拱幅,盲家,RAW_PRODUCE,寸辟,
"丑蛆 2025斥 禽揭 烙陛丛钎 捞玫揭, 4kg, 1俺, 漂殿鞭 22,780盔 (100g寸 570盔) 郴老(老) 档馒 焊厘 4.5 (64042) 弥措 1,139盔 利赋",盲家/邦拱幅,揭/棱邦,GRAIN,揭,丑蛆
[La bocca] 饭靛骇邯纳捞农 680g,埃侥幅,叼历飘/纳捞农,BAKERY,纳捞农,La bocca
"汗澜磊府 叠扁离, 500g, 1俺 22%8,980盔 7,000盔 (100g寸 1,400盔) 郴老(老) 货寒 档馒 焊厘 5 (55468) 弥措 350盔 利赋",惑柯侥前,离/胶橇饭靛,SAUCE_SEASONING,叠扁离,汗澜磊府
"己老拱魂 颇贰客 犁贰辫捞 去钦等盔檬甫 荤侩窍咯 氢边茄 颇贰氢阑 蠢偿荐 乐绰 颇贰辫1加, 200g, 1俺 11,690盔 (10g寸 585盔) 郴老(老) 档馒 焊厘 4.5 (1886) 弥措 585盔 利赋",惑柯侥前,辫/磊馆,DRIED_SEAFOOD,辫,己老拱魂
[力阿阿] 舅硅扁 硅眠 2烹,盲家/邦拱幅,盲家,RAW_PRODUCE,硅眠,力阿阿
[匡飘扼勒明] 匡飘扼 七挪萍 龋冠瞒 3辆 (2g X 20俺) (琶1),澜丰,目乔/瞒,BEVERAGE,龋冠瞒,匡飘扼勒明
"寝丛付阑 剧充捞 肋 绢快矾瘤绰 惫魂 绊缅啊风 焊烹概款咐, 110g, 1俺 6,900盔 (100g寸 6,273盔) 郴老(老) 货寒 档馒 焊厘 5 (7667) 弥措 345盔 利赋",炼固丰,啊风盒富,SAUCE_SEASONING,绊缅啊风,寝丛付阑
[坷堆扁] 呐穿甸 儡摹揭惫荐 6涝,埃祈侥,扼搁,INSTANT,呐穿甸,坷堆扁
"钮盔 窍踞 汲帕, 5kg, 2俺 17,430盔 (100g寸 174盔) 郴老(老) 档馒 焊厘 5 (107099) 弥措 871盔 利赋",炼固丰,炼固丰,SAUCE_SEASONING,汲帕,钮盔
[Kurly's] 惫魂尼 2呐滴何 (150g*2呐),盲家/邦拱幅,尼/滴何,SIMPLE_PROCESSED,滴何,Kurly's
"辫摹荤惯搁 奴荤惯搁 112g, 16俺 15,750盔 (1俺寸 984盔) 郴老(老) 档馒 焊厘 5 (6474) 弥措 788盔 利赋",埃祈侥,扼搁,INSTANT,辫摹荤惯搁,丑缴
[没沥盔] 寝混淬篮 讣篮没埃厘 惫骂俺侩 390ml,炼固丰,剧充/家胶,SAUCE_SEASONING,归埃厘,没沥盔
[扼后府目侨诀][脚斥 漂啊] 胶喷府摹唱具 檬妮复 内内秤 (胶乔复),埃侥幅,檬妮复/荤帕,SNACK,檬妮复,胶喷府摹唱具
"檬废盔 叠扁离, 1kg, 1俺 22%9,900盔 7,650盔 (100g寸 765盔) 郴老(老) 货寒 档馒 焊厘 4.5 (7830) 弥措 383盔 利赋",惑柯侥前,离/胶橇饭靛,SAUCE_SEASONING,叠扁离,檬废盔
"赋沛 力肺 汗件酒 酒捞胶萍, 500ml, 6俺 22%6,600盔 5,140盔 (100ml寸 171盔) 郴老(老) 货寒 档馒 焊厘 5 (660) 弥措 257盔 利赋",澜丰,目乔/瞒,BEVERAGE,汗件酒 酒捞胶萍,赋沛
[力阿阿] 累篮 剧硅眠 1烹 (600g),盲家/邦拱幅,盲家,RAW_PRODUCE,剧硅眠,力阿阿
[柳啊匙馆蛮] 扒货快汉澜 鉴茄咐,埃祈侥,馆蛮幅,SIMPLE_PROCESSED,货快汉澜,柳啊匙馆蛮
[捧促府] 矫弊聪贸 辫摹快悼 (2牢盒),埃祈侥,剐虐飘,RTC_MEAL,剐虐飘,捧促府
[悼盔] 剧馆 颇快摹磷 8辆 (琶1),埃祈侥,饭飘肺飘,RTC_MEAL,饭飘肺飘,悼盔
ESG 历藕家 GAP 窃剧 剧颇 1.5kg,盲家/邦拱幅,盲家,RAW_PRODUCE,剧颇,
[惯肺内] 棋矫匙 檬内 捻虐 350g,埃侥幅,苞磊/胶臣,SNACK,捻虐,惯肺内
[KF365] 1+殿鞭 公亲积力 归祸 漂鄂 20备,腊幅/拌鄂,拌鄂,RAW_MEAT,拌鄂,KF365
[坷汲废] 喉坊叼靛 萍归 4辆 (琶1),澜丰,目乔/瞒,BEVERAGE,萍归,坷汲废
"伙赋 惯瓤固辆 沥烹窜葡 龋户, 95g, 4俺涝, 2俺 7,720盔 (10g寸 102盔) 郴老(老) 货寒 档馒 焊厘 5 (9664) 弥措 386盔 利赋",埃侥幅,户幅,BAKERY,龋户,伙赋 
[皋辆骏坷] 官胶农 摹令 纳劳 360g,埃侥幅,叼历飘/纳捞农,BAKERY,官胶农 摹令 纳捞农,皋辆骏坷
[厚框宏饭靛] 厚扒 橇肺凭 海捞臂 (110g X 4俺),埃侥幅,户幅,BAKERY,海捞臂,厚框宏饭靛
"沤荤胶颇努傅 敲饭牢 公扼骇, 500ml, 20俺 35%13,600盔 8,790盔 (100ml寸 88盔) 郴老(老) 档馒 焊厘 5 (59680) 弥措 440盔 利赋",澜丰,藕魂澜丰,BEVERAGE,藕魂荐,沤荤胶颇努傅
"巢剧蜡诀 咐乐绰快蜡GT 绊家茄 历瘤规快蜡, 900ml, 2俺 5,570盔 (100ml寸 309盔) 郴老(老) 货寒 档馒 焊厘 5 (56456) 弥措 279盔 利赋",蜡力前,快蜡/滴蜡,DAIRY,历瘤规 快蜡,巢剧
"坷堆扁 荤苞侥檬, 1.8L, 2俺 1%7,560盔 7,460盔 (10ml寸 21盔) 郴老(老) 货寒 档馒 焊厘 5 (8676) 弥措 373盔 利赋",炼固丰,剧充/家胶,SAUCE_SEASONING,侥檬,坷堆扁
[颇胶虐俊] 农风酒惑 (40g X 6俺涝),埃侥幅,户幅,BAKERY,农风酒惑,颇胶虐俊
"坷堆扁 春酱啊盒富, 60g, 1俺 5%520盔 490盔 (100g寸 817盔) 郴老(老) 货寒 档馒 焊厘 5 (2440) 弥措 25盔 利赋",炼固丰,啊风盒富,SAUCE_SEASONING,酱啊颇快歹,坷堆扁
[葛滴狼侥窜] 家胶 啊垫 催促府混 5辆 (1涝/4涝),腊幅/拌鄂,催绊扁,RAW_MEAT,催促府混,葛滴狼侥窜
[KF365] 剧颇 1.8kg,盲家/邦拱幅,盲家,RAW_PRODUCE,剧颇,KF365
[CU 侨诀] 胶颇捞闺府碱厚川喉尔,贱,客牢,ALCOHOL,拳捞飘 客牢,客捞龋颇捞 闺府
[风配荤]  酱胶飘傅 器抛捞配 橇扼捞 400g,埃祈侥,趁悼侥前,FROZEN_MEAL,趁悼 皑磊脾辫,风配荤
[迄鸥唱] 圈弊饭牢 叼辆 倾聪赣胶鸥靛 190g,炼固丰,剧充/家胶,SAUCE_SEASONING,圈弊饭牢 赣胶鸥靛,迄鸥唱
[辑匡快蜡] A2 敲矾胶 快蜡 710mL,蜡力前,快蜡/滴蜡,DAIRY,快蜡,辑匡快蜡
剧颇 900g,盲家/邦拱幅,盲家,RAW_PRODUCE,剧颇,
[急拱技飘] 疙前 汲祈矫 谤皑 12备 (前辆: 档辟炼积),埃侥幅,叼历飘/纳捞农,BAKERY,谤皑,
[富捣] 敲饭捞农 家陛 2辆,炼固丰,炼固丰,SAUCE_SEASONING,家陛,富捣
[遏萍宏] 海海&虐令 漠椒 噶埃 厚鸥刮D 俩府 (14老盒),固殿废 墨抛绊府,扁鸥,UNKNOWN,扁鸥,遏萍宏
[乔磊肺后郊] 春垮 皋啊 浇扼捞胶 乔磊 其欺肺聪,埃祈侥,趁悼侥前,FROZEN_MEAL,乔磊,乔磊肺后郊
[力胶橇府] 力林 榜靛虐困 1.1kg (8~13涝),苞老/斑苞幅,苞老,RAW_FRUIT,虐困,力胶橇府
[沫唱羔扼] 饶眠 弊扼牢歹 4辆,炼固丰,氢脚丰/倾宏,SAUCE_SEASONING,饶眠,沫唱羔扼
[仟靛棵肺瘤] 惯瓤 柳历 农府胶乔,固殿废 墨抛绊府,扁鸥,UNKNOWN,扁鸥,仟靛棵肺瘤
[力胶橇府] 力林 榜靛虐困 540g (4~6涝),苞老/斑苞幅,苞老,RAW_FRUIT,虐困,力胶橇府
[官抚剖] 模券版 怖瘤力芭茄 付疵 200g,盲家/邦拱幅,盲家,RAW_PRODUCE,付疵,官抚剖
[磊烙] 帮距俩府 5辆,埃侥幅,檬妮复/荤帕,SNACK,帮距俩府,磊烙
"海瘤剐 绊窜归滴蜡 八篮尼, 190ml, 16俺 12,410盔 (100ml寸 408盔) 郴老(老) 档馒 焊厘 货 惑前, 馆前-固俺豪 (17) 弥历11,780盔 5 (12450) 弥措 620盔 利赋",蜡力前,快蜡/滴蜡,DAIRY,滴蜡,海瘤剐
"炔厘焙 老前 空哎厚帕 榜靛扼骇 (趁悼), 1kg, 1俺 11,630盔 (100g寸 1,163盔) 郴老(老) 货寒 档馒 焊厘 4.5 (2456) 弥措 581盔 利赋",埃祈侥,饭飘肺飘,RTC_MEAL,饭飘肺飘,炔厘焙
[力林钙林] 力林穿焊噶绊 橇府固决 稠舅妮 2辆 (琶1),贱,钙林,ALCOHOL,钙林,力林钙林
[荤技] 狐昏茄 货快傅,埃祈侥,趁悼侥前,FROZEN_MEAL,趁悼 脾辫,荤技
"钱公盔 悼拱汗瘤 格檬鄂, 10备, 1俺 7,980盔 (1备寸 798盔) 郴老(老) 货寒 档馒 焊厘 5 (24254) 弥措 399盔 利赋",腊幅/拌鄂,拌鄂,RAW_MEAT,拌鄂,钱公盔
[凉府秤明] 秤明 坷府柳 400g (20gX20豪),苞老/斑苞幅,斑苞幅,RAW_FRUIT,斑苞幅,凉府秤明
[辆啊] 硅眠把例捞,埃祈侥,馆蛮幅,SIMPLE_PROCESSED,把例捞,辆啊
[Chai797] 喉发窍啊快,埃祈侥,趁悼侥前,FROZEN_MEAL,趁悼 父滴,Chai797
[CU 侨诀] 龋技捻郡焊 饭器荤档,贱,扁鸥 林幅,ALCOHOL,单偿扼,龋技捻郡焊
[肋侥厚]  剧颇农覆家胶 200g (趁厘),炼固丰,剧充/家胶,SAUCE_SEASONING,农覆家胶,肋侥厚
[歹促故] 辫抹胶 坷府瘤澄 44g,埃侥幅,苞磊/胶臣,SNACK,辫抹,歹促故
[瘤浚揪仟靛] 酒捞胶 颇牢局敲 箕海飘 150mL,埃侥幅,叼历飘/纳捞农,BAKERY,箕海飘,瘤浚揪仟靛
[柳啊匙馆蛮] 顶尼炼覆,埃祈侥,馆蛮幅,SIMPLE_PROCESSED,顶尼炼覆,柳啊匙馆蛮
"磅钎 剐啊风 吝仿促格利侩, 3kg, 2俺 7,910盔 (1俺寸 3,955盔) 郴老(老) 档馒 焊厘 5 (78056) 弥措 395盔 利赋",炼固丰,啊风盒富,SAUCE_SEASONING,剐啊风,磅钎
[戎怕目胶] 固聪浇乏 扑俏 飘困明  檬妮复 180g,埃侥幅,檬妮复/荤帕,SNACK,檬妮复,戎怕目胶
[急拱技飘] 老扒侥 积碍柳咀 技飘,固殿废 墨抛绊府,扁鸥,UNKNOWN,扁鸥,老扒侥
[柳啊匙馆蛮] 顶尼炼覆 300g (措侩樊),埃祈侥,馆蛮幅,SIMPLE_PROCESSED,顶尼炼覆,柳啊匙馆蛮
"钧努殴 汉篮 烹 曼柄, 500g, 1俺 25%7,980盔 5,980盔 (100g寸 1,196盔) 郴老(老) 档馒 焊厘 4.5 (11218) 弥措 299盔 利赋",盲家/邦拱幅,揭/棱邦,GRAIN,曼柄,钧努殴
[辟措榜格窜葡户] 居陛 葛墨户 (90g X 5俺),埃侥幅,户幅,BAKERY,葛墨户,辟措榜格窜葡户
[柳啊匙馆蛮] 剧硅眠接,埃祈侥,馆蛮幅,SIMPLE_PROCESSED,剧硅眠 接,柳啊匙馆蛮
"坷堆扁 烤朝 拱砍, 2.45kg, 1俺 16%8,680盔 7,280盔 (100g寸 297盔) 郴老(老) 档馒 焊厘 货 惑前, 馆前-固俺豪 (68) 弥历6,910盔 5 (46073) 弥措 364盔 利赋",炼固丰,剧充/家胶,SAUCE_SEASONING,拱砍,坷堆扁
"拱窍唱 ECO 积荐 公扼骇, 2L, 12俺 6,480盔 (100ml寸 27盔) 郴老(老) 档馒 焊厘 5 (54090) 弥措 324盔 利赋",澜丰,积荐,BEVERAGE,积荐,拱窍唱
"Ballantyne 胶橇饭歹喉 滚磐 20涝, 140g, 1俺 7,000盔 (100g寸 5,000盔) 郴老(老) 货寒 档馒 焊厘 5 (11252) 弥措 350盔 利赋",蜡力前,滚磐/积农覆,DAIRY,滚磐,Ballantyne
[辑匡快蜡] 唱 100% 快蜡 1.8L,蜡力前,快蜡/滴蜡,DAIRY,快蜡,辑匡快蜡
[炼急龋炮] 哎厚帕 730g,埃祈侥,饭飘肺飘,RTC_MEAL,饭飘肺飘,炼急龋炮
"剐剧 炼覆皑磊, 1kg, 1俺 2,590盔 (100g寸 259盔) 郴老(老) 货寒 档馒 焊厘 4.5 (8044) 弥措 130盔 利赋",盲家/邦拱幅,盲家,RAW_PRODUCE,皑磊,剐剧
[柳角等颊咐] 巢档 舅硅眠 把例捞,埃祈侥,馆蛮幅,SIMPLE_PROCESSED,把例捞,柳角等颊咐
[笼馆蛮楷备家] 历寸 剧硅眠 楼厘 丹逛 家胶,炼固丰,剧充/家胶,SAUCE_SEASONING,楼厘家胶,笼馆蛮楷备家
[辫家康 酒萍厘狼 救窜抛] 骇饭飘啃 农府固 浇扼捞胶,蜡力前,摹令,DAIRY,摹令,辫家康 酒萍厘狼 救窜抛
[颇胶硼福] 官弗格厘 家拳啊 肋登绰 快蜡 2.3L,蜡力前,快蜡/滴蜡,DAIRY,快蜡,颇胶硼福
[笼馆蛮楷备家KIDS] 茄快 硅眠汉澜 110g,埃祈侥,馆蛮幅,SIMPLE_PROCESSED,茄快 硅眠汉澜,笼馆蛮楷备家KIDS
[窜榜侥寸] 何靛矾款 家绊扁 腊傈 200g,埃祈侥,馆蛮幅,SIMPLE_PROCESSED,腊傈,窜榜侥寸
[秦蛮固家] 瘪货快厘 2辆 (琶1),埃祈侥,馆蛮幅,SIMPLE_PROCESSED,货快厘,秦蛮固家
[瘤蜡啊坷墨] 寸辟纳劳 820g,埃侥幅,叼历飘/纳捞农,BAKERY,寸辟 纳捞农,瘤蜡啊坷墨
"技宏鄂胶俊捞捧 傈侩格厘 窜归快蜡, 125ml, 12俺 14%11,900盔 10,200盔 (100ml寸 680盔) 郴老(老) 档馒 焊厘 5 (18797) 弥措 510盔 利赋",蜡力前,快蜡/滴蜡,DAIRY,快蜡,技宏鄂胶俊捞捧
[KF365] 埃祈茄 颊龙坷隆绢 600g (趁悼),荐魂拱,坷隆绢/巩绢,RAW_SEAFOOD,坷隆绢,KF365
"磅磅 脚急茄 1A 快蜡, 900ml, 10俺 18,450盔 (100ml寸 205盔) 郴老(老) 货寒 档馒 焊厘 5 (425978) 弥措 923盔 利赋",蜡力前,快蜡/滴蜡,DAIRY,快蜡,磅磅
[家客唱公] 葛楼芳扼 浇扼捞胶 摹令 15概涝,蜡力前,摹令,DAIRY,葛楼芳扼 摹令,家客唱公
[YOZM] 敲饭牢 弊腐夸芭飘 家橇飘 100g,蜡力前,夸芭飘,DAIRY,弊腐夸芭飘,YOZM
[海海念] 贸澜冈绰 绢赴捞辫 坷府瘤澄 10豪,惑柯侥前,辫/磊馆,DRIED_SEAFOOD,辫,海海念
[乔弊牢歹啊电] 单老府雇胶 海捞流圾矾靛,埃祈侥,圾矾靛蒲,RTC_MEAL,圾矾靛,乔弊牢歹啊电
[芒撅] 蔓侗 5辆 (琶1),埃侥幅,侗,SNACK,蔓侗,芒撅
[玫龋浚纳绢] 喉风海府 橇府固决 30蒲,苞老/斑苞幅,苞老,RAW_FRUIT,喉风海府,玫龋浚纳绢
[玫龋浚纳绢] 剧硅眠没 30蒲,固殿废 墨抛绊府,扁鸥,UNKNOWN,扁鸥,玫龋浚纳绢
[1殿鞭 茄快] 殿缴 备捞侩 200g (趁厘),腊幅/拌鄂,家绊扁,RAW_MEAT,家 殿缴,1殿鞭 茄快
[伙柳绢宫] 绢宫帕 葛惦 绢宫,荐魂拱,绢腊啊傍侥前,SIMPLE_PROCESSED,绢宫,伙柳绢宫
[溅仟靛] 蜡何檬逛 (4涝),埃祈侥,溜籍逛,INSTANT,溜籍 蜡何檬逛,溅仟靛
扒 钎绊滚几 100g,盲家/邦拱幅,滚几,RAW_PRODUCE,钎绊滚几,
"公丑距 牢刘 窜龋冠 磷侩 (趁悼), 1俺, 500g 6,990盔 (100g寸 1,398盔) 郴老(老) 货寒 档馒 焊厘 4.5 (332) 弥措 350盔 利赋",盲家/邦拱幅,盲家,RAW_PRODUCE,窜龋冠,
"伙赋 滚磐费 努饭侥 21俺涝, 546g, 1俺 4,390盔 (10g寸 80盔) 郴老(老) 货寒 档馒 焊厘 5 (40267) 弥措 220盔 利赋",埃侥幅,户幅,BAKERY,滚磐费,伙赋
[捞绢荐魂] 8窜拌 急喊茄 巢秦救 逛货快 200g,荐魂拱,货快/霸,RAW_SEAFOOD,货快,捞绢荐魂
[窍急沥] 接公(货霓) 350g,埃祈侥,馆蛮幅,SIMPLE_PROCESSED,接公,窍急沥
"钙澄萍目乔 胶抛厚酒 目乔雇胶, 9.5g, 30俺涝, 1俺 7,450盔 (10g寸 261盔) 郴老(老) 档馒 焊厘 5 (12661) 弥措 373盔 利赋",澜丰,目乔/瞒,BEVERAGE,目乔雇胶,钙澄萍目乔
"磅钎 碍仿 剐啊风, 2.5kg, 2俺 8,950盔 (100g寸 179盔) 郴老(老) 档馒 焊厘 5 (14644) 弥措 448盔 利赋",炼固丰,啊风盒富,SAUCE_SEASONING,剐啊风,磅钎
[力林 己捞矫倒格厘] 蜡扁丑 葛楼芳扼 喉废摹令 300g,蜡力前,摹令,DAIRY,葛楼芳扼 摹令,力林 己捞矫倒格厘
[没沥盔] 淬归茄 棵扼款靛 擒 2辆,腊幅/拌鄂,啊傍腊(擒/家矫瘤),PROCESSED_MEAT,擒,没沥盔
"茄尝烹混 弊副靛 催啊娇混 5辆 x 2p 技飘 (趁悼), 100g, 1俺涝, 10俺 21,620盔 (100g寸 2,162盔) 郴老(老) 货寒 档馒 焊厘 5 (19734) 弥措 1,081盔 利赋",腊幅/拌鄂,催绊扁,RAW_MEAT,催啊娇混,茄尝烹混
"坷堆扁 烤朝 炼没 揭砍, 700g, 1俺 4,470盔 (100g寸 639盔) 郴老(老) 档馒 焊厘 5 (28250) 弥措 224盔 利赋",炼固丰,剧充/家胶,SAUCE_SEASONING,炼没,坷堆扁
[弊肺辑府辑匡] 帮距滤靛扁 苛荐荐 (10俺涝),埃侥幅,苞磊/胶臣,SNACK,滤靛扁,弊肺辑府辑匡
[CU 侨诀] 戎撇府 匆 风官宏&柳历,贱,扁鸥 林幅,ALCOHOL,柳,戎撇府 匆
"2025斥魂 禽揭 磅磅 家吝茄 快府揭, 4kg, 1俺 31%24,500盔 16,890盔 (100g寸 422盔) 郴老(老) 货寒 档馒 焊厘 货 惑前, 馆前 (2) 5 (3853) 弥措 845盔 利赋",盲家/邦拱幅,揭/棱邦,GRAIN,揭,磅磅
"捻令遏 摹勒单捞 钮宏勒 催啊娇混 绕力 (趁悼), 1kg, 1俺, 1俺涝 11,800盔 (100g寸 1,180盔) 郴老(老) 货寒 档馒 焊厘 4.5 (397) 弥措 590盔 利赋",腊幅/拌鄂,催绊扁,RAW_MEAT,催啊娇混,捻令遏
"窍急沥 茄涝接公 客荤厚咐, 200g, 1俺 1,720盔 (100g寸 860盔) 郴老(老) 货寒 档馒 焊厘 5 (696) 弥措 86盔 利赋",埃祈侥,馆蛮幅,SIMPLE_PROCESSED,接公,窍急沥
[CU 侨诀] 廓歹聪胶窍捞扼捞滚锅,贱,扁鸥 林幅,ALCOHOL,困胶虐,岿歹聪胶 飘饭老
[且府胶] 目乔 母蕉 10俺涝 4辆(琶1),澜丰,目乔/瞒,BEVERAGE,目乔母蕉,且府胶
"辑匡快蜡 A2敲矾胶 快蜡, 2俺, 1.7L 12,310盔 (100ml寸 362盔) 郴老(老) 货寒 档馒 焊厘 5 (18171) 弥措 615盔 利赋",蜡力前,快蜡/滴蜡,DAIRY,快蜡,辑匡快蜡
"硅措皑 惫魂 皑磊傈盒, 350g, 1俺 37%7,990盔 5,000盔 (100g寸 1,429盔) 郴老(老) 货寒 档馒 焊厘 5 (597) 弥措 250盔 利赋",炼固丰,啊风盒富,SAUCE_SEASONING,皑磊傈盒,硅措皑
[厚厚绊] 电电 茄级父滴 384gx2俺涝,埃祈侥,趁悼侥前,FROZEN_MEAL,趁悼 父滴,厚厚绊
[妮赴胶 促捞醋] 颇肺 浆扼令 圾矾靛,埃祈侥,圾矾靛蒲,RTC_MEAL,圾矾靛,妮赴胶 促捞醋
[笼馆蛮楷备家] 家绊扁腊傈苞颇盲,埃祈侥,剐虐飘,RTC_MEAL,剐虐飘,笼馆蛮楷备家
[付捞嘉橇] 茄快 荤榜 侗父翟惫,埃祈侥,剐虐飘,RTC_MEAL,剐虐飘,付捞嘉橇
[绊贰林规] 蜡何林赣聪 绢宫帕,埃祈侥,剐虐飘,RTC_MEAL,剐虐飘,绊贰林规
[辫沥硅疙牢] 货快粒 4辆 (琶1),埃祈侥,馆蛮幅,SIMPLE_PROCESSED,货快粒,辫沥硅疙牢
[急拱技飘] GAP  惑林 埃祈谤皑技飘 800g (20涝),埃侥幅,叼历飘/纳捞农,BAKERY,谤皑,
[快府剐] 傈捍 葛澜,埃侥幅,苞磊/胶臣,SNACK,傈捍,快府剐
"丑缴 楼颇霸萍 裹棍 固聪 呐扼搁 70g, 12俺 9,880盔 (1俺寸 823盔) 郴老(老) 档馒 焊厘 5 (83249) 弥措 494盔 利赋",埃祈侥,扼搁,INSTANT,楼颇霸萍 裹棍,丑缴
[巢档2措疙啊] 固开临扁 300g,荐魂拱,固开/促矫付,DRIED_SEAFOOD,固开,巢档2措疙啊
[壳邦] 乔胶鸥摹坷 傀窍胶 63g,埃侥幅,苞磊/胶臣,SNACK,傀窍胶,壳邦
"豪乞锰 皋剐 何魔啊风, 800g, 1俺 27%9,000盔 6,570盔 (100g寸 821盔) 郴老(老) 档馒 焊厘 4.5 (5125) 弥措 329盔 利赋",炼固丰,啊风盒富,SAUCE_SEASONING,何魔啊风,豪乞锰
[堡悼积劝扒碍] 硅档扼瘤街拳胶平 (30器)+碱俏归,固殿废 墨抛绊府,扁鸥,UNKNOWN,扁鸥,堡悼
[饭牢内胶飘] 混备 公拳苞&饭阁 150g,埃侥幅,苞磊/胶臣,SNACK,农贰目,饭牢内胶飘
"惫郴魂 没剧绊眠, 60g, 1俺 1,650盔 (100g寸 2,750盔) 郴老(老) 货寒 档馒 焊厘 5 (298508) 弥措 83盔 利赋",盲家/邦拱幅,盲家,RAW_PRODUCE,没剧绊眠,
[剐农矩倾聪] 单聪浆 固聪 侥户 130g,埃侥幅,户幅,BAKERY,侥户,剐农矩倾聪
"厚厚绊 哎摹备捞, 70g, 2俺 66%26,620盔 8,950盔 (100g寸 6,393盔) 郴老(老) 货寒 档馒 焊厘 4.5 (9116) 弥措 448盔 利赋",埃祈侥,饭飘肺飘,RTC_MEAL,饭飘肺飘,厚厚绊
[钱公盔] 酒烙磺尝 呐 侗汉捞 3辆 (琶1),埃祈侥,剐虐飘,RTC_MEAL,剐虐飘,钱公盔
[蹿磐蜡] 历寸 俊呈瘤官 固聪 202.5g,埃侥幅,苞磊/胶臣,SNACK,俊呈瘤官,蹿磐蜡
"夯荤流康 力林 己捞矫倒 格厘 蜡扁丑 快蜡 戈闭快蜡 (140ml x 24俺涝), 140ml, 24俺 4%30,000盔 28,530盔 (100ml寸 849盔) 郴老(老) 档馒 焊厘 5 (427) 弥措 1,426盔 利赋",蜡力前,快蜡/滴蜡,DAIRY,快蜡,夯荤流康
[玫龋浚纳绢] 剧硅眠没 30蒲,固殿废 墨抛绊府,扁鸥,UNKNOWN,扁鸥,玫龋浚纳绢
"PSK 磨饭魂 喉风海府, 125g, 3蒲 且牢49%17,970盔 9,000盔 (100g寸 2,400盔) 郴老(老) 货寒 档馒 焊厘 4.5 (43006) 弥措 450盔 利赋",苞老/斑苞幅,苞老,RAW_FRUIT,喉风海府,PSK
[没沥盔] 橇饭矫 付夸匙令 300g,炼固丰,剧充/家胶,SAUCE_SEASONING,付夸匙令,没沥盔
"海滚矫萍 饶福萍 叠扁胶公叼, 技固 叠扁胶公叼1.8kg, 1俺 9,000盔 郴老(老) 档馒 焊厘 货 惑前, 馆前-固俺豪 (39) 弥历8,000盔 5 (1332) 弥措 450盔 利赋",澜丰,林胶,BEVERAGE,叠扁 林胶,海滚矫萍
[炼快] No.9 1++ 焕绝绰 茄快 哎厚帕,埃祈侥,饭飘肺飘,RTC_MEAL,饭飘肺飘,炼快
"掉府寂胶付南 岿拌荐蕾 氢脚丰, 25g, 1俺 5,000盔 (100g寸 20,000盔) 郴老(老) 档馒 焊厘 5 (14692) 弥措 250盔 利赋",炼固丰,氢脚丰/倾宏,SAUCE_SEASONING,岿拌荐蕾,掉府寂胶付南
[格快锰格厘] 惫郴魂 家绊扁 例窜 剧瘤 200g,腊幅/拌鄂,家绊扁,RAW_MEAT,剧瘤,格快锰格厘
[脚扼疙苞] 榜靛官 戎扯矫俊 (28g X 9俺),埃侥幅,户幅,BAKERY,戎扯矫俊,脚扼疙苞
[档靛恩茄捣] 哎概扁混 备捞侩 500g (趁厘),腊幅/拌鄂,蹬瘤绊扁,RAW_MEAT,哎概扁混,档靛恩茄捣
[秋墨其] 矫弊聪贸 喉坊靛 碍硅傈 靛赋归 (12g X 7俺),澜丰,目乔/瞒,BEVERAGE,目乔 靛赋归,秋墨其
[Dole] 鞘府巧 榜靛 颇牢局敲 1.5kg (1烹),苞老/斑苞幅,苞老,RAW_FRUIT,颇牢局敲,Dole
[茄尝烹混] 催啊娇混 杭 5辆 (1蒲/4蒲) (琶1),腊幅/拌鄂,催绊扁,RAW_MEAT,催啊娇混,茄尝烹混
[棵拌] 蜡扁丑 催啊娇混 200g (趁悼),腊幅/拌鄂,催绊扁,RAW_MEAT,催啊娇混,棵拌
[仟靛绢祭喉] 矫陛摹 农覆 储尝,埃祈侥,趁悼侥前,FROZEN_MEAL,储尝,仟靛绢祭喉
"[龋篮] 鉴 汉澜 曼柄, 1kg, 1俺 且牢5%9,600盔 9,060盔 (100g寸 906盔) 郴老(老) 档馒 焊厘 4.5 (566) 弥措 448盔 利赋",盲家/邦拱幅,揭/棱邦,GRAIN,曼柄,龋篮
"甭哆贰 舅蛮 角加广, 1kg(措), 1俺 9,990盔 (100g寸 999盔) 郴老(老) 货寒 档馒 焊厘 4 (721) 弥措 500盔 利赋",苞老/斑苞幅,斑苞幅,RAW_FRUIT,广,甭哆贰
"磅磅 吝仿促格利侩 剐啊风, 1kg, 5俺 6,080盔 (100g寸 122盔) 郴老(老) 档馒 焊厘 5 (1439) 弥措 304盔 利赋",炼固丰,啊风盒富,SAUCE_SEASONING,剐啊风,磅磅
[橇饭胶滚磐击靛] 敲饭牢 滚磐击靛 2辆 (琶1),埃侥幅,苞磊/胶臣,SNACK,滚磐击靛,橇饭胶滚磐击靛
[农扼款] 曼 农贰目 舅橇胶 295g,埃侥幅,苞磊/胶臣,SNACK,曼 农贰目,农扼款
"概老快蜡 坷府瘤澄, 2.3L, 1俺 7,820盔 (100ml寸 340盔) 郴老(老) 货寒 档馒 焊厘 5 (30932) 弥措 391盔 利赋",蜡力前,快蜡/滴蜡,DAIRY,快蜡,概老
[官箕目乔] 橇府固决 目乔 靛赋归 12g X 12俺涝 3辆(琶1),澜丰,目乔/瞒,BEVERAGE,目乔 靛赋归,官箕目乔
[CU 侨诀] 农饭胶父饭靛,埃侥幅,户幅,BAKERY,皋沸户,农饭胶父
[厚厚绊] 醚阿辫摹 400g,埃祈侥,馆蛮幅,SIMPLE_PROCESSED,醚阿辫摹,厚厚绊
"厚厚绊 辫富捞 (趁悼), 500g, 1俺 50%9,980盔 4,980盔 (100g寸 996盔) 郴老(老) 货寒 档馒 焊厘 5 (7229) 弥措 249盔 利赋",埃祈侥,趁悼侥前,FROZEN_MEAL,趁悼 辫富捞,厚厚绊
[器飘'钒] 力枚 颊龙 绊殿绢磊馆 2辆 (积拱) (琶1),荐魂拱,积急,RAW_SEAFOOD,绊殿绢,器飘'钒
"且府胶 胶抛厚酒 目乔雇胶, 9.5g, 100俺涝, 1俺 13,990盔 (10g寸 147盔) 2/11(荐) 档馒 抗沥 5 (1804) 弥措 700盔 利赋",澜丰,目乔/瞒,BEVERAGE,目乔雇胶,且府胶
"伙龋绢宫 何魂绢宫 官弗荤阿, 240g, 6俺 捻迄且牢25%8,280盔 6,130盔 (100g寸 426盔) 郴老(老) 货寒 档馒 焊厘 5 (84141) 弥措 306盔 利赋",荐魂拱,绢腊啊傍侥前,SIMPLE_PROCESSED,绢宫,伙龋绢宫
趁悼 客老靛 喉风海府 500g (某唱促),苞老/斑苞幅,趁悼苞老,SIMPLE_PROCESSED,趁悼 喉风海府,
"钙缴 葛墨榜靛 付老靛 目乔雇胶 12g x 320p + 拳捞飘榜靛 目乔雇胶 11.7g x 20p, 1技飘 53,690盔 郴老(老) 档馒 焊厘 5 (45095) 弥措 2,685盔 利赋",澜丰,目乔/瞒,BEVERAGE,目乔雇胶,钙缴
"固盔 咐家陛, 2kg, 2俺 10,700盔 (100g寸 268盔) 郴老(老) 档馒 焊厘 5 (82879) 弥措 535盔 利赋",炼固丰,炼固丰,SAUCE_SEASONING,咐家陛,固盔
[辑匡快蜡] 楼冈绰 夸备福飘 楼夸楼夸 3辆 (40g X 6俺) (琶1),蜡力前,夸芭飘,DAIRY,楼夸楼夸,辑匡快蜡
[钱公盔] 葛楼芳扼 侵档弊 320g(80gX4俺涝),埃祈侥,趁悼侥前,FROZEN_MEAL,趁悼 侵档弊,钱公盔
"靛肺霸府酒矩舅府膏鸥府 烹孺饶眠剐, 45g, 1俺 4,950盔 (10g寸 1,100盔) 郴老(老) 货寒 档馒 焊厘 5 (897) 弥措 248盔 利赋",炼固丰,氢脚丰/倾宏,SAUCE_SEASONING,饶眠,靛肺霸府酒矩舅府膏鸥府
[辆辟寸扒碍] 墨公飘 宏罚靛剐 惯瓤瓤家 30器,固殿废 墨抛绊府,扁鸥,UNKNOWN,扁鸥,辆辟寸扒碍
"扒惫蜡诀 公亲积力 牢刘 馒茄格厘 快蜡, 750ml, 2俺 6,600盔 (100ml寸 440盔) 郴老(老) 货寒 档馒 焊厘 5 (21603) 弥措 330盔 利赋",蜡力前,快蜡/滴蜡,DAIRY,快蜡,扒惫蜡诀
[龋炮拿泛记 俊季既] 鉴滴何骂俺,埃祈侥,饭飘肺飘,RTC_MEAL,饭飘肺飘,龋炮拿泛记 俊季既
[付捞畴钢] 历寸 力肺俩府 2辆 (琶1),埃侥幅,檬妮复/荤帕,SNACK,俩府,付捞畴钢
"农扼款 顶尼墨扼羔, 324g, 2俺 44%10,800盔 5,980盔 (10g寸 92盔) 郴老(老) 档馒 焊厘 5 (8286) 弥措 299盔 利赋",埃侥幅,檬妮复/荤帕,SNACK,墨扼羔,农扼款
[掸付农] 靛傅欧 夸备福飘 4辆 (275mL X 3俺)(琶1),蜡力前,夸芭飘,DAIRY,夸备福飘,掸付农
"姐虐胶飘 力肺 坷坊瘤 家促, 355ml, 24俺 64%36,000盔 12,900盔 (100ml寸 151盔) 郴老(老) 档馒 焊厘 5 (1957) 弥措 548盔 利赋",澜丰,藕魂澜丰,BEVERAGE,姐虐胶飘,姐虐胶飘
[钮乔] 坷府瘤澄 付夸匙令,炼固丰,剧充/家胶,SAUCE_SEASONING,付夸匙令,钮乔
"CJ力老力寸 青汗茄尼 奴滴何, 1kg, 1俺 1%3,580盔 3,510盔 (100g寸 351盔) 郴老(老) 货寒 档馒 焊厘 5 (18542) 弥措 175盔 利赋",盲家/邦拱幅,尼/滴何,SIMPLE_PROCESSED,滴何,CJ力老力寸
[KF365] 公亲积力 措鄂 20备,腊幅/拌鄂,拌鄂,RAW_MEAT,拌鄂,KF365
"丑缴 戈摹 漠惫荐, 98g, 10俺 8,800盔 (100g寸 898盔) 郴老(老) 档馒 焊厘 5 (55393) 弥措 440盔 利赋",埃祈侥,扼搁,INSTANT,戈摹漠惫荐,丑缴
"厚嘉橇 唱檬摹令 家胶, 1kg, 1俺 9,250盔 (100g寸 925盔) 郴老(老) 货寒 档馒 焊厘 4.5 (1270) 弥措 463盔 利赋",炼固丰,剧充/家胶,SAUCE_SEASONING,摹令 家胶,厚嘉橇
[概老] 官捞坷 夸芭飘 4辆 (85g X 4俺) (琶1),蜡力前,夸芭飘,DAIRY,夸芭飘,概老
[力林钙林] 力林穿焊噶绊 橇府固决 稠舅妮 2辆 (琶1),贱,钙林,ALCOHOL,钙林,力林钙林
"器胶平 苞磊, 84g, 6俺 7,800盔 (10g寸 155盔) 郴老(老) 档馒 焊厘 5 (23308) 弥措 390盔 利赋",埃侥幅,苞磊/胶臣,SNACK,器胶平,丑缴
炉备 21邦 檬内官 15g x 15涝,埃侥幅,苞磊/胶臣,SNACK,檬内官,炉备
[棵啊] 蜡扁丑 剐啊风 500g,炼固丰,啊风盒富,SAUCE_SEASONING,剐啊风,棵啊
[固肺侥寸] 惫拱 侗汉捞 (1豪/2豪) (琶1),埃祈侥,剐虐飘,RTC_MEAL,剐虐飘,固肺侥寸
"海海念 贸澜冈绰 蜡扁丑 焊府瞒, 120ml, 20俺 捻迄且牢5%17,900盔 16,900盔 (100ml寸 704盔) 郴老(老) 档馒 焊厘 5 (5586) 弥措 710盔 利赋",澜丰,目乔/瞒,BEVERAGE,焊府瞒,海海念
[没魂俊] 没磊盲 备款 蚌芒 倒辫(牡) 30g,惑柯侥前,辫/磊馆,DRIED_SEAFOOD,辫,没魂俊
[官抚剖] 芒崇 剧颇 1.5kg,盲家/邦拱幅,盲家,RAW_PRODUCE,剧颇,官抚剖
[绊皋] 家官官摹挪 鉴混 4辆 (琶1),埃祈侥,趁悼侥前,FROZEN_MEAL,摹挪,绊皋
[KF365] 公亲积力 措鄂 40备 (20备*2ea),腊幅/拌鄂,拌鄂,RAW_MEAT,拌鄂,KF365
[邦拱捞具扁] 啊付架 穿奉瘤 1kg (惫郴魂),埃侥幅,苞磊/胶臣,SNACK,穿奉瘤,邦拱捞具扁
"惫郴魂 公, 1俺涝, 1俺 1,680盔 (1俺寸 1,680盔) 郴老(老) 货寒 档馒 焊厘 4.5 (269494) 弥措 84盔 利赋",盲家/邦拱幅,盲家,RAW_PRODUCE,公,
[沥龋康嘉橇狼 快悼墨掸] 疙鄂 农覆 快悼,埃祈侥,剐虐飘,RTC_MEAL,剐虐飘,沥龋康嘉橇狼 快悼墨掸
"吩单溃仟靛 萍内 剐农檬内 酒捞胶农覆 (趁悼), 34ml, 15俺涝, 1俺 10%8,000盔 7,200盔 (10ml寸 141盔) 郴老(老) 货寒 档馒 焊厘 5 (31454) 弥措 360盔 利赋",埃侥幅,叼历飘/纳捞农,BAKERY,酒捞胶农覆,吩单
"磊楷促框 扒器档, 100g, 1俺 60%6,000盔 2,390盔 (100g寸 2,390盔) 郴老(老) 档馒 焊厘 4.5 (1180) 弥措 120盔 利赋",苞老/斑苞幅,苞老,RAW_FRUIT,器档,磊楷促框
"磅磅 固惫魂 父促赴, 700g, 1俺 7,980盔 (100g寸 1,140盔) 郴老(老) 货寒 档馒 焊厘 4.5 (1539) 弥措 399盔 利赋",苞老/斑苞幅,苞老,RAW_FRUIT,父促赴,磅磅
[笼馆蛮楷备家] 戈摹林冈逛 犁丰,埃祈侥,剐虐飘,RTC_MEAL,剐虐飘,笼馆蛮楷备家
单模 绊荤府 200g,盲家/邦拱幅,盲家,RAW_PRODUCE,绊荤府,
[海捞厚骇] 固聪 海捞厚骇 橇肺凭 摹令 (20g X 5涝),蜡力前,摹令,DAIRY,摹令,海捞厚骇
[丑缴] 丑缴扼搁 4涝,埃祈侥,扼搁,INSTANT,丑缴扼搁,丑缴
[葛滴狼咐笼] 坷技垫狼 啊瘤 扼磊衬,埃祈侥,饭飘肺飘,RTC_MEAL,饭飘肺飘,葛滴狼咐笼
[官抚剖] 埃祈窍霸 颊龙茄 荤阿 公 300g,盲家/邦拱幅,盲家,RAW_PRODUCE,公,官抚剖
[官叼乏] 鉴荐滴蜡 99.9 (190mL X 24俺),蜡力前,快蜡/滴蜡,DAIRY,滴蜡,官叼乏
"官弗邦拱 惫魂 泅固, 1kg, 1俺 44%9,200盔 5,080盔 (100g寸 508盔) 郴老(老) 档馒 焊厘 4.5 (406) 弥措 254盔 利赋",盲家/邦拱幅,揭/棱邦,GRAIN,泅固,官弗邦拱
[唱弃饭克] 倔弊饭捞 颇款靛纳捞农 330g,埃侥幅,叼历飘/纳捞农,BAKERY,纳捞农,唱弃饭克
"掸付农 抛捞农 倔扼捞宏 噶绊, 120ml, 48俺 64%42,000盔 14,900盔 (100ml寸 259盔) 郴老(老) 档馒 焊厘 5 (24602) 弥措 745盔 利赋",澜丰,林胶,BEVERAGE,噶绊 林胶,掸付农
[急单捞离] 坷坊瘤 混备离 230g,惑柯侥前,离/胶橇饭靛,SAUCE_SEASONING,坷坊瘤 混备离,急单捞离
[扼厚凝] 坷府瘤澄 侗汉捞,埃祈侥,剐虐飘,RTC_MEAL,剐虐飘,扼厚凝
[扼骇府] 柄冈绰 萍扼固荐 酒捞胶农覆 120mL,埃侥幅,叼历飘/纳捞农,BAKERY,酒捞胶农覆,扼骇府
"惫郴魂 瘪皑磊, 450g, 2俺 6,180盔 (100g寸 687盔) 郴老(老) 货寒 档馒 焊厘 4.5 (20192) 弥措 309盔 利赋",盲家/邦拱幅,盲家,RAW_PRODUCE,皑磊,
"讣篮拱俊 蚌浇捞 尼唱拱, 1冠胶, 2kg 4,800盔 (100g寸 240盔) 郴老(老) 货寒 档馒 焊厘 4.5 (10316) 弥措 240盔 利赋",盲家/邦拱幅,盲家,RAW_PRODUCE,尼唱拱,讣篮拱俊
[急拱技飘] 父傈辫 淬归茄 肮国辫 沥己技飘,惑柯侥前,辫/磊馆,DRIED_SEAFOOD,辫,父傈辫
"固聪羔明 幂内官匆扼 备浇酒捞胶农覆 (趁悼), 50g, 6俺涝, 1俺 11,880盔 (10g寸 396盔) 郴老(老) 货寒 档馒 焊厘 4.5 (3276) 弥措 594盔 利赋",埃侥幅,叼历飘/纳捞农,BAKERY,酒捞胶农覆,固聪羔
"概老蜡诀 官捞坷 夸芭飘 归档 85g x 4俺 + 叠扁 85g x 4俺, 8俺涝, 1技飘 5,680盔 (10g寸 84盔) 郴老(老) 货寒 档馒 焊厘 5 (3143) 弥措 284盔 利赋",蜡力前,夸芭飘,DAIRY,夸芭飘,概老
模券版 柳档 航悼,盲家/邦拱幅,盲家,RAW_PRODUCE,航悼,
"辫备盔急积 公丑距 牢刘 槛林唱拱, 200g, 1俺 2,190盔 (100g寸 1,095盔) 郴老(老) 货寒 档馒 焊厘 4.5 (738) 弥措 110盔 利赋",盲家/邦拱幅,盲家,RAW_PRODUCE,槛林唱拱,辫备盔急积
"窍覆 IFF 催促府混 (趁悼), 2kg, 1俺 29,660盔 (100g寸 1,483盔) 郴老(老) 货寒 档馒 焊厘 5 (5398) 弥措 1,483盔 利赋",腊幅/拌鄂,催绊扁,RAW_MEAT,催促府混,窍覆
[惑窍格厘] 蜡扁丑 遏配橇府 戈闭 快蜡(190mL X 6俺涝),蜡力前,快蜡/滴蜡,DAIRY,遏配橇府 快蜡,惑窍格厘
[货肺固绢宫] 官弗傍侥 0% 葛惦绢宫,荐魂拱,绢腊啊傍侥前,SIMPLE_PROCESSED,绢宫,货肺固绢宫
"秦浇肺 畴福傀捞 埃绊殿绢混 6~10蒲 (趁悼), 1kg(100-160g,6-10蒲), 1俺 16,480盔 (100g寸 1,648盔) 郴老(老) 货寒 档馒 焊厘 4.5 (473) 弥措 824盔 利赋",荐魂拱,积急,RAW_SEAFOOD,绊殿绢,秦浇肺
"酒捞矫胶 8.0 俊内 积荐 公扼骇, 1L, 24俺 18%15,200盔 12,460盔 (100ml寸 52盔) 郴老(老) 档馒 焊厘 5 (117915) 弥措 623盔 利赋",澜丰,积荐,BEVERAGE,积荐,酒捞矫胶
模券版 坷捞咐绊眠 100g,盲家/邦拱幅,盲家,RAW_PRODUCE,坷捞绊眠,
"磅磅 催 格混 (趁悼), 1kg, 1俺 30%12,000盔 8,370盔 (100g寸 837盔) 郴老(老) 货寒 档馒 焊厘 5 (1562) 弥措 419盔 利赋",腊幅/拌鄂,催绊扁,RAW_MEAT,催 格混,磅磅 
[辫犁侥秋胶仟靛] 器档 茄价捞馏 30器,固殿废 墨抛绊府,扁鸥,UNKNOWN,扁鸥,辫犁侥秋胶仟靛
"风墨胶唱牢 矫弊聪贸 官匆扼 扼都 目乔雇胶, 16.9g, 50俺涝, 1俺 19,160盔 (10g寸 227盔) 郴老(老) 档馒 焊厘 5 (29422) 弥措 958盔 利赋",澜丰,目乔/瞒,BEVERAGE,目乔雇胶,风墨胶唱牢
[酱欺虐模] 瘤府戈摹汉澜,埃祈侥,馆蛮幅,SIMPLE_PROCESSED,戈摹汉澜,酱欺虐模
[绊缚寸] 历寸 接厘,炼固丰,剧充/家胶,SAUCE_SEASONING,接厘,绊缚寸
[秦蛮甸]  100% 惫魂 绊眠厘 1kg,炼固丰,剧充/家胶,SAUCE_SEASONING,绊眠厘,秦蛮甸
[瘤府魂茄豪康丑炼钦] 瘤府魂 曹 2辆,炼固丰,剧充/家胶,SAUCE_SEASONING,曹,瘤府魂茄豪康丑炼钦
[巢档快局] 公亲积力 1++ 茄快 惫芭府侩 200g 2辆 (趁厘),腊幅/拌鄂,家绊扁,RAW_MEAT,惫芭府侩 家绊扁,巢档快局
"[葛府唱啊] 巩扼捞飘, 喉发巩 捻虐 2辆 (琶1)",埃侥幅,苞磊/胶臣,SNACK,捻虐,葛府唱啊
[归汲促淬] 烤咐 淬篮 快贩碍等厘骂俺,埃祈侥,剐虐飘,RTC_MEAL,剐虐飘,归汲
"力穿 胶抛厚酒 窜归龙 目乔雇胶 官府胶鸥, 9.8g, 100俺涝, 1俺 43%69,900盔 39,780盔 (10g寸 406盔) 郴老(老) 档馒 焊厘 4.5 (12617) 弥措 1,689盔 利赋",澜丰,目乔/瞒,BEVERAGE,目乔雇胶,力穿
"呈明宏扼歹 备款 酒阁靛, 500g, 1俺 且牢20%13,830盔 11,060盔 (100g寸 2,212盔) 郴老(老) 档馒 焊厘 5 (826) 弥措 553盔 利赋",苞老/斑苞幅,斑苞幅,RAW_FRUIT,酒阁靛,呈明宏扼歹
[急拱技飘] 唱林 脚绊硅 技飘 4.5kg(6~7涝) (抗距老 荐飞),苞老/斑苞幅,苞老,RAW_FRUIT,硅,
"迫档 磺肺肺 酒扁焊府瞒, 220ml, 24俺 13%19,900盔 17,200盔 (100ml寸 326盔) 郴老(老) 档馒 焊厘 5 (22999) 弥措 860盔 利赋",澜丰,目乔/瞒,BEVERAGE,焊府瞒,迫档
[客牢矩葛绢侨诀]扼技聪 胶隔硅摹 750mL ((固惫困胶虐)),贱,扁鸥 林幅,ALCOHOL,困胶虐,庆红鳃 叼胶瓶矾府
[炼急龋炮]磨府货快 500g,埃祈侥,剐虐飘,RTC_MEAL,剐虐飘,炼急龋炮
[伎泛胶] 橇肺凭官 2辆 (琶1),埃侥幅,苞磊/胶臣,SNACK,橇肺凭官,伎泛胶
[荤炼措覆] 辫逛局筋苛 462g,荐魂拱,绢腊啊傍侥前,SIMPLE_PROCESSED,咐混,荤炼措覆
"颇胶硼福 傈侩格厘 快蜡, 200ml, 20俺 16,590盔 (100ml寸 415盔) 郴老(老) 档馒 焊厘 货 惑前, 馆前-固俺豪 (11) 弥历15,760盔 5 (3335) 弥措 830盔 利赋",蜡力前,快蜡/滴蜡,DAIRY,快蜡,颇胶硼福
[鳖福固酒畴] 氛 颇胶鸥搁 5辆 (琶1),盲家/邦拱幅,搁幅,GRAIN,颇胶鸥搁,鳖福固酒畴
"春哆饭 趁悼 噶绊 促捞胶 海飘巢魂, 1kg, 6俺 34,300盔 (100g寸 572盔) 郴老(老) 货寒 档馒 焊厘 5 (1109) 弥措 1,500盔 利赋",苞老/斑苞幅,趁悼苞老,SIMPLE_PROCESSED,趁悼 噶绊,春哆饭
[固飘浚炼捞] 龋林魂 采哎厚/戳埃 馆馆蒲,腊幅/拌鄂,家绊扁,RAW_MEAT,哎厚,固飘浚炼捞
[蜡扁基] 惫魂 汉篮 顶尼 200g,苞老/斑苞幅,斑苞幅,RAW_FRUIT,顶尼,蜡扁基
[扒绢拱惑雀] 茄涝俊 斤 摹令 坷隆绢 40g,埃侥幅,苞磊/胶臣,SNACK,坷隆绢 胶臣,扒绢拱惑雀
[宏肺靛墨技] 绊家茄 荤宏饭 捻虐 2辆 (琶1),埃侥幅,苞磊/胶臣,SNACK,捻虐,宏肺靛墨技
"惫郴魂 烹付疵 3俺涝, 1俺 2,480盔 郴老(老) 货寒 档馒 焊厘 5 (683) 弥措 124盔 利赋",盲家/邦拱幅,盲家,RAW_PRODUCE,付疵,
[居捧绢贾饭] 酒捞府浆 弊副傅 摹令 300g,蜡力前,摹令,DAIRY,摹令,居捧绢贾饭
[农扼款] 农覆喉 农覆宏孵饭 320g,埃侥幅,苞磊/胶臣,SNACK,农覆喉,农扼款
"农扼款饭胶 叼钒胶 颇牢局敲 痢焊 2烹, 3.5kg, 1俺 16,720盔 (100g寸 478盔) 郴老(老) 货寒 档馒 焊厘 4.5 (2884) 弥措 836盔 利赋",苞老/斑苞幅,苞老,RAW_FRUIT,颇牢局敲,农扼款
"惫郴魂 宏肺妮府, 2俺涝, 2俺 7,680盔 (1俺寸 1,920盔) 郴老(老) 货寒 档馒 焊厘 5 (204182) 弥措 384盔 利赋",盲家/邦拱幅,盲家,RAW_PRODUCE,宏肺妮府,
[蜡啊盔]蜡扁丑 付墨促固酒 僵,苞老/斑苞幅,斑苞幅,RAW_FRUIT,付墨促固酒,蜡啊盔
趁悼 倾聪 喉风海府 500g (磨饭魂),苞老/斑苞幅,趁悼苞老,SIMPLE_PROCESSED,趁悼 喉风海府,
"酒捞矫胶 8.0 ECO 积荐 公扼骇, 2L, 12俺 13%11,200盔 9,690盔 (100ml寸 40盔) 郴老(老) 档馒 焊厘 5 (117916) 弥措 485盔 利赋",澜丰,积荐,BEVERAGE,积荐,酒捞矫胶
[档力侥户] 烹货快魂档,埃侥幅,户幅,BAKERY,货快魂档,档力侥户
蜡扁丑 崔荐 绊备付 1.5kg,盲家/邦拱幅,盲家,RAW_PRODUCE,绊备付,
[亥郊] 固聪呐 酒捞胶农覆 100mL 4辆,埃侥幅,叼历飘/纳捞农,BAKERY,酒捞胶农覆,亥郊
[芒撅] 捞合侥 牢例固 360g 2辆 (琶1),埃侥幅,侗,SNACK,牢例固,芒撅
[靛矫葛匙] 虐令 胶跑1 喉风海府氢 蜡魂闭 (50老盒),固殿废 墨抛绊府,扁鸥,UNKNOWN,扁鸥,靛矫葛匙
[Kurly's] 捣腊擒 200g,腊幅/拌鄂,啊傍腊(擒/家矫瘤),PROCESSED_MEAT,擒,Kurly's
"惫郴魂 剧惑眠, 1烹, 1俺 2,240盔 (1俺寸 2,240盔) 郴老(老) 货寒 档馒 焊厘 4.5 (110263) 弥措 112盔 利赋",盲家/邦拱幅,盲家,RAW_PRODUCE,剧惑眠,
[官弗侥] 何魂 炼规倡瘤 倡蚌货 (2牢盒),埃祈侥,剐虐飘,RTC_MEAL,剐虐飘,官弗侥
[急拱技飘] 踌祸茄快 公亲积力 1+ 茄快 肺牢 技飘 (趁厘),腊幅/拌鄂,家绊扁,RAW_MEAT,家绊扁 葛狄,踌祸茄快
[蜡啊盔] 蜡扁丑 酒阁靛 农府胶乔 60g,苞老/斑苞幅,斑苞幅,RAW_FRUIT,酒阁靛,蜡啊盔
"坷堆扁 剧炼侥檬, 1.8L, 2俺 4,600盔 (10ml寸 13盔) 郴老(老) 货寒 档馒 焊厘 5 (11778) 弥措 230盔 利赋",炼固丰,剧充/家胶,SAUCE_SEASONING,剧炼侥檬,坷堆扁
"股饭内厚鸥 酒捞矾宏剐农 戈闭 快蜡 3.5%, 1L, 36俺 14%62,400盔 53,660盔 (100ml寸 149盔) 郴老(老) 档馒 焊厘 5 (77265) 弥措 2,683盔 利赋",蜡力前,快蜡/滴蜡,DAIRY,快蜡,酒捞矾宏剐农
[酒阁靛宏府令] 酒阁靛 澜丰 4辆 (190mL X 6俺),蜡力前,快蜡/滴蜡,DAIRY,酒阁靛蜡,酒阁靛宏府令
[汗澜磊府] 叠扁离 500g,惑柯侥前,离/胶橇饭靛,SAUCE_SEASONING,叠扁离,汗澜磊府
"惫郴魂 剧颇(家), 1kg, 1俺 2,990盔 (100g寸 299盔) 郴老(老) 货寒 档馒 焊厘 4.5 (95092) 弥措 150盔 利赋",盲家/邦拱幅,盲家,RAW_PRODUCE,剧颇,
"惫郴魂 没剧绊眠, 60g, 3俺 2,780盔 (100g寸 1,544盔) 郴老(老) 货寒 档馒 焊厘 5 (298518) 弥措 139盔 利赋",盲家/邦拱幅,盲家,RAW_PRODUCE,没剧绊眠,
[篮窍荐魂] 楷绢硅才混 雀 100g (趁厘),荐魂拱,积急,RAW_SEAFOOD,楷绢,篮窍荐魂
"吩单溃仟靛 虐胶平 家矫瘤, 800g, 2俺 15,890盔 (10g寸 99盔) 郴老(老) 档馒 焊厘 4.5 (45929) 弥措 795盔 利赋",腊幅/拌鄂,啊傍腊(擒/家矫瘤),PROCESSED_MEAT,家矫瘤,吩单
[弊肺辑府辑匡] 帮距滤靛扁 牢例固 (10俺涝),埃侥幅,侗,SNACK,牢例固,弊肺辑府辑匡
[档靛恩茄捣] 固飘傍规 厚浚唱 家矫瘤 250g,腊幅/拌鄂,啊傍腊(擒/家矫瘤),PROCESSED_MEAT,家矫瘤,档靛恩茄捣
[急拱技飘] 酒萍厘厚胶哦 目乔 矩 萍 其绢傅 厚胶哦 2辆 (琶1),埃侥幅,苞磊/胶臣,SNACK,捻虐,酒萍厘厚胶哦
"坷堆扁烤朝 曼扁抚, 350ml, 1俺 5,700盔 (10ml寸 163盔) 郴老(老) 货寒 档馒 焊厘 5 (1663) 弥措 285盔 利赋",炼固丰,侥侩蜡/扁抚,SAUCE_SEASONING,曼扁抚,坷堆扁
[付南拿府X概老蜡诀] My Basic 概老 亮篮 1A 快蜡 900mL,蜡力前,快蜡/滴蜡,DAIRY,快蜡,概老
[扁夺沥] 荐力 坷鄂促 辑匡 技飘 (20g X 18俺),埃侥幅,苞磊/胶臣,SNACK,坷鄂促,扁夺沥
"旷柳候配府酒 歹候配府酒 磊滴 藕魂澜丰, 500ml, 20俺 捻迄且牢45%20,000盔 10,900盔 (100ml寸 109盔) 郴老(老) 档馒 焊厘 5 (4736) 弥措 545盔 利赋",澜丰,藕魂澜丰,BEVERAGE,藕魂荐,旷柳候配府酒
[怕快茄快] 1+ 茄快 混摹混 备捞侩 200g (趁厘),腊幅/拌鄂,家绊扁,RAW_MEAT,混摹混,怕快茄快
"惫郴魂 剧惑眠, 1烹, 1俺 2,240盔 (1俺寸 2,240盔) 郴老(老) 货寒 档馒 焊厘 4.5 (110278) 弥措 112盔 利赋",盲家/邦拱幅,盲家,RAW_PRODUCE,剧惑眠,
[加檬秦前] 角加屈 归疙鄂 330g (趁厘),荐魂拱,绢鄂,RAW_SEAFOOD,归疙鄂,加檬秦前
[秦蛮甸] 100% 惫魂绊眠厘500g,炼固丰,剧充/家胶,SAUCE_SEASONING,绊眠厘,秦蛮甸
"旷柳候配府酒 牡 藕魂荐 敲饭牢, 250ml, 30俺 11,500盔 (100ml寸 153盔) 郴老(老) 档馒 焊厘 5 (15547) 弥措 575盔 利赋",贱,扁鸥 林幅,ALCOHOL,柳,旷柳候配府酒
"CJ 归汲 备款家陛, 1kg, 1俺 捻迄且牢3%5,470盔 5,300盔 (100g寸 530盔) 郴老(老) 档馒 焊厘 4.5 (4068) 弥措 265盔 利赋",炼固丰,炼固丰,SAUCE_SEASONING,备款家陛,归汲
"惫郴魂 模券版 入寸辟, 1kg, 1俺 4,800盔 (100g寸 480盔) 郴老(老) 货寒 档馒 焊厘 4.5 (75166) 弥措 240盔 利赋",盲家/邦拱幅,盲家,RAW_PRODUCE,寸辟,
[窍覆] 摹挪胶抛捞农 促府混 320g,埃祈侥,趁悼侥前,FROZEN_MEAL,趁悼 摹挪,窍覆
[掸付农] 掸付农 窍捞 弊腐 橇肺琉 酒捞胶农覆 474g,埃侥幅,叼历飘/纳捞农,BAKERY,酒捞胶农覆,掸付农
[磊楷俊蛮] 扒货快 酒宽惫 700g,埃祈侥,饭飘肺飘,RTC_MEAL,饭飘肺飘,磊楷俊蛮
[急拱技飘] 剧魂档 剧充刮拱厘绢 技飘 (抗距老荐飞),埃祈侥,剐虐飘,RTC_MEAL,剐虐飘,剧魂档
[秦怕] 磊蜡矫埃 捻虐矩农覆 固聪 272g,埃侥幅,檬妮复/荤帕,SNACK,磊蜡矫埃,秦怕
[加檬秦前] 疙鄂粒 160g,埃祈侥,馆蛮幅,SIMPLE_PROCESSED,疙鄂粒,加檬秦前
"钱公盔基拱 积荐 公扼骇, 330ml, 40俺 9,400盔 (100ml寸 71盔) 郴老(老) 档馒 焊厘 5 (165782) 弥措 470盔 利赋",澜丰,积荐,BEVERAGE,积荐,钱公盔
[裹魂格厘] 蜡扁丑 格檬 弊腐 夸备福飘 350mL,蜡力前,夸芭飘,DAIRY,夸备福飘,裹魂格厘
[乏畴浆] 窜归捻虐 10俺涝 5辆 (琶1),埃侥幅,苞磊/胶臣,SNACK,捻虐,乏畴浆
"磅磅 茄涝 捣鳖胶 (趁悼), 1kg, 1俺 7,990盔 (100g寸 799盔) 郴老(老) 货寒 档馒 焊厘 4.5 (36866) 弥措 400盔 利赋",埃祈侥,趁悼侥前,FROZEN_MEAL,趁悼 捣鳖胶,磅磅
顶场 秦巢 揭 20kg,盲家/邦拱幅,揭/棱邦,GRAIN,揭,
[宏肺靛墨技] 农府胶付胶 捻虐 父甸扁 技飘 2辆 (琶1),埃侥幅,苞磊/胶臣,SNACK,捻虐,宏肺靛墨技
[秦淬锰] 航悼 辫摹 700g,埃祈侥,馆蛮幅,SIMPLE_PROCESSED,航悼辫摹,秦淬锰
"荤炼曼摹 混内扁 救缴蝶俺, 100g, 12俺 捻迄且牢5%15,900盔 15,030盔 (10g寸 125盔) 郴老(老) 档馒 焊厘 5 (194170) 弥措 751盔 利赋",惑柯侥前,曼摹/胶圃牡,CANNED,曼摹牡,荤炼
[磊楷角废] 公亲积力 催 拉朝俺 (豪) 500g,腊幅/拌鄂,催绊扁,RAW_MEAT,拉朝俺,磊楷角废
[厚付胶磐] 单老府 酒墨矫酒 曹胶平 (30器),炼固丰,剧充/家胶,SAUCE_SEASONING,曹,厚付胶磐
"MORN 泅固 岿巢接, 200g, 3俺 5,890盔 (100g寸 982盔) 郴老(老) 档馒 焊厘 5 (34265) 弥措 295盔 利赋",埃祈侥,馆蛮幅,SIMPLE_PROCESSED,岿巢接,MORN
[淬采] 葡漠惫荐 (2牢盒),埃祈侥,剐虐飘,RTC_MEAL,剐虐飘,淬采
[柯窍风] 货快 楞馏趁盲,埃祈侥,馆蛮幅,SIMPLE_PROCESSED,货快趁盲,柯窍风
[格快锰] 橇扼烙 混内扁擒 300g,腊幅/拌鄂,啊傍腊(擒/家矫瘤),PROCESSED_MEAT,擒,格快锰
"磅磅 抗啊眉橇 靛赋归 目乔, 8g, 36俺涝, 1俺 15%21,900盔 18,490盔 (1俺寸 514盔) 郴老(老) 档馒 焊厘 4.5 (12484) 弥措 925盔 利赋",澜丰,目乔/瞒,BEVERAGE,目乔 靛赋归,磅磅 
"惫郴魂 公, 1俺涝, 4俺 6,190盔 (1俺寸 1,548盔) 郴老(老) 货寒 档馒 焊厘 4.5 (269502) 弥措 310盔 利赋",盲家/邦拱幅,盲家,RAW_PRODUCE,公,
"其其宏风畴 竣胶飘扼滚柳 内内秤坷老, 1俺, 200ml 6,000盔 (100ml寸 3,000盔) 郴老(老) 档馒 焊厘 5 (222) 弥措 300盔 利赋",炼固丰,侥侩蜡/扁抚,SAUCE_SEASONING,内内秤 坷老,其其宏风畴
[钱公盔] 接厘 2辆,炼固丰,剧充/家胶,SAUCE_SEASONING,接厘,钱公盔
"DIAMOND 闰促府 货快混 50~59付府 (趁悼), 900g(26/30), 1蒲 17,900盔 (100g寸 1,989盔) 郴老(老) 货寒 档馒 焊厘 5 (9690) 弥措 895盔 利赋",荐魂拱,货快/霸,RAW_SEAFOOD,货快,DIAMOND
[积固僵] 厚胶哦 2辆 (琶1),埃侥幅,苞磊/胶臣,SNACK,捻虐,积固僵
泅固 2kg,盲家/邦拱幅,揭/棱邦,GRAIN,泅固,
[捞具捞具矩橇罚令] 农府胶付胶 EDT 竣胶飘扼滚柳 棵府宏坷老 500ml,炼固丰,侥侩蜡/扁抚,SAUCE_SEASONING,棵府宏坷老,捞具捞具矩橇罚令
[固令龋] 畴府付虐 季海 客荤厚 55g x 2锅甸,埃侥幅,苞磊/胶臣,SNACK,苞磊,固令龋
"瘤吝秦魂 饭阁侥檬, 900ml, 1俺 3,520盔 (10ml寸 39盔) 郴老(老) 档馒 焊厘 5 (3220) 弥措 176盔 利赋",炼固丰,剧充/家胶,SAUCE_SEASONING,饭阁 侥檬,归汲
[茄尝烹混] 帮距泅固 汉澜逛 5辆 (琶1),埃祈侥,溜籍逛,INSTANT,溜籍 汉澜逛,茄尝烹混
"惫郴魂 剧颇(家), 1kg, 1俺 2,990盔 (100g寸 299盔) 郴老(老) 货寒 档馒 焊厘 4.5 (95094) 弥措 150盔 利赋",盲家/邦拱幅,盲家,RAW_PRODUCE,剧颇,
[固飘浚炼捞] 腊氢啊垫 剧充 配矫混备捞 400g,埃祈侥,剐虐飘,RTC_MEAL,剐虐飘,固飘浚炼捞
[捞惑汗疙苞] 踌瞒户 (38g X 10俺),埃侥幅,户幅,BAKERY,踌瞒户,捞惑汗疙苞
[抛老矾] 局橇磐 钓况磐 内内俩府逛 3辆 (琶1),埃侥幅,檬妮复/荤帕,SNACK,俩府,抛老矾
蜡扁丑 埃祈 措颇 150g (趁悼),盲家/邦拱幅,盲家,RAW_PRODUCE,措颇,
[急拱技飘][CJ] 胶圃 扼捞飘 8龋,惑柯侥前,曼摹/胶圃牡,CANNED,胶圃,CJ
"坷堆扁 啊静坷 蜡何 快悼 呐, 62g, 6俺 3%6,980盔 6,750盔 (100g寸 1,815盔) 郴老(老) 档馒 焊厘 5 (15089) 弥措 338盔 利赋",埃祈侥,扼搁,INSTANT,啊静坷 快悼,坷堆扁
[急拱技飘] 措玫辫 去钦 技飘,惑柯侥前,辫/磊馆,DRIED_SEAFOOD,辫,措玫辫
[没淬固开] 啊磊固 固开惫,埃祈侥,饭飘肺飘,RTC_MEAL,饭飘肺飘,没淬固开
[付捞嘉橇] 倔奴茄 采霸帕,埃祈侥,剐虐飘,RTC_MEAL,剐虐飘,付捞嘉橇
"归汲 玫老堪 采家陛, 400g, 1俺 3,040盔 (100g寸 760盔) 郴老(老) 档馒 焊厘 5 (817) 弥措 152盔 利赋",炼固丰,炼固丰,SAUCE_SEASONING,采家陛,归汲
"钮乔 曼柄 靛饭教, 150ml, 1俺 6,250盔 (100ml寸 4,167盔) 郴老(老) 档馒 焊厘 5 (15546) 弥措 313盔 利赋",炼固丰,剧充/家胶,SAUCE_SEASONING,曼柄 靛饭教,钮乔
"磅磅 悼拱汗瘤 快蜡, 900ml, 1蒲 3,070盔 (100ml寸 341盔) 郴老(老) 货寒 档馒 焊厘 5 (7598) 弥措 154盔 利赋",蜡力前,快蜡/滴蜡,DAIRY,快蜡,磅磅
"磨癌丑魂 皑磊傈盒, 500g, 1俺 5,800盔 (100g寸 1,160盔) 郴老(老) 档馒 焊厘 5 (2703) 弥措 290盔 利赋",炼固丰,啊风盒富,SAUCE_SEASONING,皑磊傈盒,磨癌丑魂
[弊贰愁扼窍快胶] 弊贰愁扼 固聪 10俺涝 2辆(琶1),惑柯侥前,矫府倔,GRAIN,弊贰愁扼,弊贰愁扼窍快胶
[辫家屈盔规] 悼规厚氓 鉴踌侩 柳咀 30器,固殿废 墨抛绊府,扁鸥,UNKNOWN,扁鸥,辫家屈盔规
"墨穿 固聪 付老靛 肺胶飘 酒皋府墨畴 盔滴目乔胶平, 0.9g, 100俺涝, 1俺 23,260盔 (10g寸 2,584盔) 郴老(老) 档馒 焊厘 5 (180735) 弥措 1,163盔 利赋",澜丰,目乔/瞒,BEVERAGE,目乔啊风,墨穿
[空局逛惑] 角厚憋滴扁,埃祈侥,馆蛮幅,SIMPLE_PROCESSED,憋滴扁,空局逛惑
"飘客捞醋 倔弊饭捞 萍归, 2g, 25俺涝, 1俺 捻迄且牢9%6,980盔 6,320盔 (10g寸 1,264盔) 郴老(老) 货寒 档馒 焊厘 5 (1426) 弥措 316盔 利赋",澜丰,目乔/瞒,BEVERAGE,萍归,飘客捞醋
[坷府柯] 摹挪扑 65g (琶1),埃侥幅,苞磊/胶臣,SNACK,摹挪扑,坷府柯
[钱公盔] 历寸接厘 2辆,炼固丰,剧充/家胶,SAUCE_SEASONING,接厘,钱公盔
[急拱技飘] 霓厚鸥 UMF18+ 付穿墨曹 歹喉技飘,炼固丰,剧充/家胶,SAUCE_SEASONING,曹,霓厚鸥
积 居靛饭 飘府敲 农覆 摹令 200g,蜡力前,摹令,DAIRY,农覆摹令,积 居靛饭
[ISFI] 坷饭啊畴圈 12g,炼固丰,氢脚丰/倾宏,SAUCE_SEASONING,坷饭啊畴,ISFI
[肺促胶] 官匆扼 努肺萍靛 农覆 113g,蜡力前,滚磐/积农覆,DAIRY,努肺萍靛 农覆,肺促胶
[CU 侨诀] 矫皋捞硅凡槛己2023,贱,钙林,ALCOHOL,俊老,矫皋捞
"泅固 盔屈 岿巢接, 200g, 1俺 20%2,400盔 1,900盔 (100g寸 950盔) 郴老(老) 档馒 焊厘 5 (4385) 弥措 95盔 利赋",埃祈侥,馆蛮幅,SIMPLE_PROCESSED,岿巢接,
[没剧] 蜡扁丑 汉澜 烹 曼柄 120g,盲家/邦拱幅,揭/棱邦,GRAIN,曼柄,没剧
[霓厚鸥] UMF15+ 腔绢 100% 付穿墨曹 肺哩瘤 6俺涝,炼固丰,剧充/家胶,SAUCE_SEASONING,曹,霓厚鸥
[固侥雀包] 鸥内客荤厚,埃祈侥,饭飘肺飘,RTC_MEAL,饭飘肺飘,固侥雀包
[钱公盔] 脾辫 啊静坷 快悼 (2牢盒),埃祈侥,剐虐飘,RTC_MEAL,剐虐飘,钱公盔
[辆啊] 宫篮瘤 900g,埃祈侥,馆蛮幅,SIMPLE_PROCESSED,宫篮瘤,辆啊
"没沥盔 巢秦救 戈摹咀粒 榜靛, 1kg, 1俺 11%6,090盔 5,400盔 (10g寸 54盔) 郴老(老) 货寒 档馒 焊厘 5 (6546) 弥措 270盔 利赋",炼固丰,炼固丰,SAUCE_SEASONING,戈摹咀粒,没沥盔
[窍巢蹬瘤笼] 绊眠厘骂俺,埃祈侥,剐虐飘,RTC_MEAL,剐虐飘,窍巢蹬瘤笼
"康魂全绢 橇府固决 孺魂档 全绢雀 + 檬绊眠厘(趁厘), 120g, 1技飘 13,900盔 (100g寸 9,929盔) 郴老(老) 货寒 档馒 焊厘 4.5 (195) 弥措 645盔 利赋",荐魂拱,积急,RAW_SEAFOOD,全绢,康魂全绢
"胶鸥棍胶 固叼决 肺胶飘 酒皋府墨畴 盔滴目乔雇胶, 1.1g, 30俺涝, 1俺 9,790盔 (10g寸 2,967盔) 郴老(老) 档馒 焊厘 5 (20773) 弥措 490盔 利赋",澜丰,目乔/瞒,BEVERAGE,目乔雇胶,胶鸥棍胶
[抄绵咐捣] 焕殿缴 备捞侩 450g,腊幅/拌鄂,蹬瘤绊扁,RAW_MEAT,蹬瘤 殿缴,抄绵咐捣
"宏肺妮府 (趁悼), 1kg, 1俺, 1俺涝 5,400盔 (100g寸 540盔) 郴老(老) 货寒 档馒 焊厘 4.5 (696) 弥措 270盔 利赋",盲家/邦拱幅,盲家,RAW_PRODUCE,宏肺妮府,
"脚居锰 剧炼 积疙拱 埃厘, 360ml, 1俺 5,930盔 (100ml寸 1,647盔) 郴老(老) 档馒 焊厘 5 (16817) 弥措 296盔 利赋",炼固丰,剧充/家胶,SAUCE_SEASONING,剧炼埃厘,脚居锰
[乔内农] 瞒倒 芦煌帕,埃祈侥,饭飘肺飘,RTC_MEAL,饭飘肺飘,乔内农
[窍覆] 备况冈绰 摹挪 930g (趁厘),埃祈侥,趁悼侥前,FROZEN_MEAL,趁悼 摹挪,窍覆
[捻扼能] 矫坷能何 堪厘促矫付 2辆 (47g /130g),荐魂拱,固开/促矫付,DRIED_SEAFOOD,促矫付,捻扼能
[愁何焊接] 烹鉴混练惯,埃祈侥,饭飘肺飘,RTC_MEAL,饭飘肺飘,愁何焊接
"钙缴 葛墨榜靛 扼捞飘 目乔雇胶, 11.8g, 50俺涝, 1俺 9,790盔 (10g寸 166盔) 郴老(老) 档馒 焊厘 5 (23534) 弥措 490盔 利赋",澜丰,目乔/瞒,BEVERAGE,目乔雇胶,钙缴
[急拱技飘] 龋沥啊 慢揭距苞 固聪技飘 (家) (碱俏归 刘沥),埃侥幅,叼历飘/纳捞农,BAKERY,距苞,龋沥啊
"公丑距 牢刘 惫郴魂 眠何并蕾, 35g, 1蒲 2,040盔 (100g寸 5,829盔) 郴老(老) 货寒 档馒 焊厘 4.5 (10374) 弥措 102盔 利赋",盲家/邦拱幅,盲家,RAW_PRODUCE,并蕾,
"5kg 措侩樊 汉篮 秦官扼扁揪 彩令 坷府瘤澄 盔咐, 1俺 35,900盔 (100g寸 718盔) 2/20 档馒 抗沥 4.5 (295) 弥措 1,795盔 利赋",苞老/斑苞幅,斑苞幅,RAW_FRUIT,秦官扼扁揪,瞒捞全仟靛
[官促盔] 官海钮 炼固 坷隆绢 坷府瘤澄 130g,埃侥幅,苞磊/胶臣,SNACK,坷隆绢 胶臣,官促盔
[霓厚鸥] 春龙罚靛 付穿墨曹 3辆,炼固丰,剧充/家胶,SAUCE_SEASONING,曹,春龙罚靛
"辆啊 器扁辫摹, 2.3kg, 1俺 23,900盔 (100g寸 1,039盔) 郴老(老) 货寒 档馒 焊厘 4.5 (77011) 弥措 1,195盔 利赋",埃祈侥,馆蛮幅,SIMPLE_PROCESSED,硅眠辫摹,辆啊
[吩单] 力肺 矫飘矾胶 蜡磊 俩府 40g X 8俺涝,埃侥幅,檬妮复/荤帕,SNACK,俩府,吩单
[侨矩摹令] 亩府器聪酒 浇扼捞胶 摹令 7辆,蜡力前,摹令,DAIRY,摹令,侨矩摹令
[府磐胶器飘] 钮宏 檬妮复 榜电 俊叼记 148g,埃侥幅,檬妮复/荤帕,SNACK,檬妮复,府磐胶器飘
[檬内秋胶] 力肺秤明 历寸 檬妮复 250g,埃侥幅,檬妮复/荤帕,SNACK,檬妮复,檬内秋胶
[焊拱级] 惫魂 单模 傈汗雀 100g (趁厘),荐魂拱,炼俺/傈汗,RAW_SEAFOOD,傈汗,焊拱级
[炼急胆府] 炼急龋炮 喉发器饭胶飘 纳捞农 900g,埃侥幅,叼历飘/纳捞农,BAKERY,纳捞农,炼急胆府
[唱弃饭克] 蜡磊 胶迄瘤 纳捞农 430g,埃侥幅,叼历飘/纳捞农,BAKERY,纳捞农,唱弃饭克
[急拱技飘] [皑劳绰 付阑] GAP 版合 惑林 谤皑 角加技飘(15涝),埃侥幅,叼历飘/纳捞农,BAKERY,谤皑,皑劳绰 付阑
"绢聪胶飘 蜡扁丑 竣胶飘扼滚柳 内内秤坷老, 500ml, 1俺 17,500盔 (1俺寸 17,500盔) 郴老(老) 档馒 焊厘 4.5 (13121) 弥措 875盔 利赋",炼固丰,侥侩蜡/扁抚,SAUCE_SEASONING,内内秤 坷老,绢聪胶飘
"吩单墨胶鸥靛 胶模家 胶飘肺海府 夸芭飘, 2俺, 126g 且牢6%5,800盔 5,450盔 (10g寸 216盔) 郴老(老) 档馒 焊厘 5 (40) 弥措 273盔 利赋",埃侥幅,户幅,BAKERY,墨胶鸥靛,吩单
[粮念 胆府固飘] 圈赣浇 擒 100g,腊幅/拌鄂,啊傍腊(擒/家矫瘤),PROCESSED_MEAT,擒,粮念 胆府固飘
"坷府柯 客快胶臣 急拱技飘 16蒲, 器墨抹 + 部合抹 + 坷皑磊 + 倒酒柯姐抹, 1技飘 11,300盔 (1技飘寸 11,300盔) 郴老(老) 档馒 焊厘 5 (22400) 弥措 565盔 利赋",埃侥幅,苞磊/胶臣,SNACK,苞磊,坷府柯
[绊皋] 措啊 帕荐腊 390g,埃祈侥,趁悼侥前,FROZEN_MEAL,趁悼 帕荐腊,绊皋
"磅磅 备款 酒阁靛, 1kg, 1俺 20,990盔 (100g寸 2,099盔) 郴老(老) 货寒 档馒 焊厘 5 (2654) 弥措 1,050盔 利赋",苞老/斑苞幅,斑苞幅,RAW_FRUIT,酒阁靛,磅磅
[居飘福根] 俊膏呕 摹令 135g,蜡力前,摹令,DAIRY,俊膏呕 摹令,居飘福根
[固墨备配] 坷荤明档虐 绊备付抹 85g,埃侥幅,苞磊/胶臣,SNACK,绊备付抹,固墨备配
[焊福聪俊福] 圈弊饭牢 赣胶鸥靛 210g,炼固丰,剧充/家胶,SAUCE_SEASONING,赣胶鸥靛,焊福聪俊福
[HUGO&VICTOR] 胶能 4辆 (琶1),埃侥幅,户幅,BAKERY,胶能,HUGO&VICTOR
"何魔疙厘 荤克盔 茄涝 酒昏辫摹傈 (趁悼), 510g, 1俺 14%8,500盔 7,240盔 (100g寸 1,420盔) 郴老(老) 货寒 档馒 焊厘 5 (14075) 弥措 325盔 利赋",埃祈侥,趁悼侥前,FROZEN_MEAL,趁悼 辫摹傈,荤克盔
"荐康魂诀 2025斥魂 禽揭 炔配榜 炔陛 皋堆扁揭, 惑殿鞭, 1俺, 10kg 13%37,900盔 32,900盔 (100g寸 329盔) 郴老(老) 档馒 焊厘 4.5 (2512) 弥措 1,645盔 利赋",盲家/邦拱幅,揭/棱邦,GRAIN,揭,荐康魂诀
"其其宏风畴 酒焊墨档 坷老, 1L, 1俺 20%26,000盔 20,800盔 (100ml寸 2,080盔) 郴老(老) 档馒 焊厘 5 (10328) 弥措 1,040盔 利赋",炼固丰,侥侩蜡/扁抚,SAUCE_SEASONING,酒焊墨档 坷老,其其宏风畴
"官促妇 肯档 磊弗 固开, 20g, 10俺 10,900盔 (100g寸 5,450盔) 郴老(老) 档馒 焊厘 5 (14040) 弥措 545盔 利赋",荐魂拱,固开/促矫付,DRIED_SEAFOOD,固开,官促妇
[酒快抚] 措唱公 烹逛,埃祈侥,溜籍逛,INSTANT,措唱公,酒快抚
"促炼篮 厚颇鲍寸档急喊 箕牢赣胶南, 500g, 3蒲 13,110盔 (100g寸 874盔) 郴老(老) 货寒 档馒 焊厘 4.5 (32098) 弥措 655盔 利赋",苞老/斑苞幅,苞老,RAW_FRUIT,箕牢赣胶南,促炼篮
"墨穿 官府胶鸥 赣脚 傈侩 母蕉目乔 技饭聪萍巩叼墨其牢, 9.5g, 10俺涝, 1俺 6,370盔 (10g寸 671盔) 郴老(老) 档馒 焊厘 5 (507) 弥措 319盔 利赋",澜丰,目乔/瞒,BEVERAGE,目乔母蕉,墨穿
"弊赴贰壶 公丑距 牢刘 滚磐庆靛 饭磐胶, 240g, 1俺 5,990盔 (100g寸 2,496盔) 郴老(老) 货寒 档馒 焊厘 5 (1469) 弥措 300盔 利赋",盲家/邦拱幅,盲家,RAW_PRODUCE,惑眠,弊赴贰壶
[啊风急积] 鸥冈绰 积滴蜡 辑府怕 99.3  500g,蜡力前,快蜡/滴蜡,DAIRY,滴蜡,啊风急积
[没沥盔] 曼柄孺烙磊靛饭教 300g,炼固丰,剧充/家胶,SAUCE_SEASONING,曼柄 靛饭教,没沥盔
[客墨皋] 绢宫帕 技飘 (内促客府 坷掸 饶捻肺),埃祈侥,剐虐飘,RTC_MEAL,剐虐飘,客墨皋
[颇胶虐俊] 宏府坷酱 胶平 宏饭靛 2辆 (225g X 6俺涝) (琶1),埃侥幅,户幅,BAKERY,宏府坷酱,颇胶虐俊
[吩单] 橇府固决 啊唱 付墨促固酒 63g,埃侥幅,檬妮复/荤帕,SNACK,檬妮复,吩单
[CU 侨诀] 炼聪况目喉沸靛700ml,贱,扁鸥 林幅,ALCOHOL,困胶虐,炼聪况目
[盆杭扼] 喉发棵府宏 货快 墨荤饭摹酒 颇胶鸥,埃祈侥,饭飘肺飘,RTC_MEAL,饭飘肺飘,盆杭扼
[惯胶臣] 弊罚靛 皑磊抹 2弓澜 7辆 (琶1),埃侥幅,苞磊/胶臣,SNACK,皑磊抹,惯胶臣
"皑磨咐 惑林谤皑 崔霓秦 (趁悼), 350g(7~10涝), 1俺 9,730盔 (100g寸 2,780盔) 郴老(老) 货寒 档馒 焊厘 4.5 (652) 弥措 486盔 利赋",埃侥幅,叼历飘/纳捞农,BAKERY,谤皑,皑磨咐
[父急] 备捞侩 绊殿绢 320g (积拱),荐魂拱,积急,RAW_SEAFOOD,绊殿绢,父急
[傈烹林] 吝盔寸 没疙林 距林 (17档 375mL),贱,傈烹林,ALCOHOL,距林,吝盔寸
"冈怕兵 没剧付夸咐 胶臣, 60g, 4俺 5,200盔 (10g寸 217盔) 郴老(老) 档馒 焊厘 4.5 (11327) 弥措 260盔 利赋",埃侥幅,苞磊/胶臣,SNACK,冈怕兵,冈怕兵
"郴抿凡胶颇捞胶 农矾浆靛 饭靛其欺, 40g, 1俺 3,370盔 (10g寸 843盔) 郴老(老) 档馒 焊厘 5 (729) 弥措 169盔 利赋",炼固丰,氢脚丰/倾宏,SAUCE_SEASONING,饭靛其欺,郴抿凡胶颇捞胶
"坷隆绢傅 (趁悼), 1俺, 400g 6,250盔 (100g寸 1,563盔) 郴老(老) 货寒 档馒 焊厘 4.5 (593) 弥措 313盔 利赋",荐魂拱,坷隆绢/巩绢,RAW_SEAFOOD,坷隆绢,坷隆绢傅
"飘括胶 固聪胶 檬内官, 990g, 1俺 15,750盔 (10g寸 159盔) 郴老(老) 档馒 焊厘 5 (22022) 弥措 788盔 利赋",埃侥幅,檬妮复/荤帕,SNACK,飘括胶,飘括胶
[基钎] 楷滴傅 戈摹叼器府 140g(35沥),炼固丰,炼固丰,SAUCE_SEASONING,内牢腊荐,基钎
[官抚剖] 模券版 寸辟 500g,盲家/邦拱幅,盲家,RAW_PRODUCE,寸辟,官抚剖
[个局斤斤] 蜡扁丑 绢赴捞 硅档扼瘤馏 2辆 (100mL X 10器),固殿废 墨抛绊府,扁鸥,UNKNOWN,扁鸥,个局斤斤
绊备付户 积瘤 (80g X 5俺涝),埃侥幅,户幅,BAKERY,积瘤,
[歹坷淬] 辫摹尼厚瘤骂俺,埃祈侥,饭飘肺飘,RTC_MEAL,饭飘肺飘,歹坷淬
"钧努殴 汉篮 烹 曼柄, 500g, 1俺 25%7,980盔 5,980盔 (100g寸 1,196盔) 郴老(老) 货寒 档馒 焊厘 5 (2458) 弥措 299盔 利赋",盲家/邦拱幅,揭/棱邦,GRAIN,曼柄,钧努殴
[老固绢淬] 哎摹加粒 150g,埃祈侥,馆蛮幅,SIMPLE_PROCESSED,哎摹加粒,老固绢淬
[棵馆] 摹挪 单府具尝 汉澜逛 (2俺涝),埃祈侥,趁悼侥前,FROZEN_MEAL,趁悼 汉澜逛,棵馆
[沥包厘] 全伙柳劝仿 (30老盒),固殿废 墨抛绊府,扁鸥,UNKNOWN,扁鸥,沥包厘
[戎怕目胶] 固聪浇乏 农府固剐农 檬妮复 180g,埃侥幅,檬妮复/荤帕,SNACK,檬妮复,戎怕目胶
"惫郴魂 没惑眠, 1kg, 1俺 8,900盔 (100g寸 890盔) 郴老(老) 货寒 档馒 焊厘 5 (71121) 弥措 445盔 利赋",盲家/邦拱幅,盲家,RAW_PRODUCE,没惑眠,
[绊贰林规] 快府揭 茄涝 啊贰侗 500g,埃侥幅,侗,SNACK,啊贰侗,绊贰林规
"辑玫焙丑蛆 2025斥魂 禽揭 没浅疙岿 揭, 惑殿鞭, 10kg, 1俺 33,900盔 (100g寸 339盔) 郴老(老) 档馒 焊厘 4.5 (14060) 弥措 1,695盔 利赋",盲家/邦拱幅,揭/棱邦,GRAIN,揭,丑蛆
[急拱技飘] 力林 哎摹 急 技飘 1.2kg (抗距老 荐飞),荐魂拱,积急,RAW_SEAFOOD,哎摹,急拱技飘
"荤炼曼摹 混内扁 救缴蝶俺, 100g, 8俺 11,100盔 (10g寸 139盔) 郴老(老) 档馒 焊厘 5 (194170) 弥措 555盔 利赋",惑柯侥前,曼摹/胶圃牡,CANNED,曼摹牡,荤炼曼摹
[郴酒捞局] 苞老浚 夸芭飘 3辆 (琶1),蜡力前,夸芭飘,DAIRY,夸芭飘,郴酒捞局
[没坷] 蜡扁丑 惯酒 柄家陛,炼固丰,炼固丰,SAUCE_SEASONING,柄家陛,没坷
[箕福豪豪] 备抚 钾荤帕 9g X 12俺涝,埃侥幅,叼历飘/纳捞农,BAKERY,钾荤帕,箕福豪豪
[归汲] 坷邦曼柄靛饭教 240g,炼固丰,剧充/家胶,SAUCE_SEASONING,曼柄 靛饭教,归汲
[秦玫] 奔家胶 725g,炼固丰,剧充/家胶,SAUCE_SEASONING,奔家胶,秦玫
"倒眉备胶配 酒皋府墨畴 母蕉目乔, 8.3g, 30俺涝, 3俺 捻迄且牢43%70,950盔 40,290盔 (10g寸 539盔) 郴老(老) 档馒 焊厘 5 (16438) 弥措 2,015盔 利赋",澜丰,目乔/瞒,BEVERAGE,目乔母蕉,倒眉备胶配
[CU 侨诀] 款靛扼啊 抛风酒 清磐 家厚川,贱,客牢,ALCOHOL,拳捞飘 客牢,厚衬 款靛扼啊
"趁悼侥前 寸辟 盲 (趁悼), 1kg, 1俺 3,990盔 (100g寸 399盔) 郴老(老) 货寒 档馒 焊厘 4.5 (1841) 弥措 200盔 利赋",盲家/邦拱幅,盲家,RAW_PRODUCE,寸辟,
"CJ力老力寸 疙啊 犁贰辫, 64g, 2俺 29%13,960盔 9,900盔 (10g寸 773盔) 郴老(老) 档馒 焊厘 5 (4777) 弥措 495盔 利赋",惑柯侥前,辫/磊馆,DRIED_SEAFOOD,辫,CJ力老力寸
"坷堆扁 3盒 擒滚弊 胶抛捞农, 140g, 3俺 1%6,300盔 6,180盔 (100g寸 1,471盔) 郴老(老) 档馒 焊厘 4.5 (5689) 弥措 309盔 利赋",埃祈侥,饭飘肺飘,RTC_MEAL,饭飘肺飘,坷堆扁
[侨绢海捞臂] 海捞臂 113g 8辆 (琶1),埃侥幅,户幅,BAKERY,海捞臂,侨绢海捞臂
"磅磅 夸芭飘 颇快歹, 1000g, 1俺 32%9,570盔 6,480盔 郴老(老) 档馒 焊厘 5 (4558) 弥措 324盔 利赋",炼固丰,啊风盒富,SAUCE_SEASONING,夸芭飘 盒富,磅磅
[家陛笼] 绕力 海捞牧 140g (趁厘),腊幅/拌鄂,啊傍腊(擒/家矫瘤),PROCESSED_MEAT,海捞牧,家陛笼
[瘤府魂贸烦] 青汗茄 沥篮揪狼 寝哝甸扁抚 160mL,炼固丰,侥侩蜡/扁抚,SAUCE_SEASONING,甸扁抚,瘤府魂贸烦
"官促模备 辑玫 疙前辫 档矫遏辫, 4g, 15俺 39%15,900盔 9,590盔 (1技飘寸 639盔) 郴老(老) 档馒 焊厘 4.5 (1765) 弥措 460盔 利赋",惑柯侥前,辫/磊馆,DRIED_SEAFOOD,辫,官促模备
[厚厚靛虐模] 历寸 汉澜绊眠厘 300g,炼固丰,剧充/家胶,SAUCE_SEASONING,汉澜绊眠厘,厚厚靛虐模
[何魔疙厘] 拌鄂渴 涝篮 绊扁肯磊 400g,埃祈侥,趁悼侥前,FROZEN_MEAL,趁悼 绊扁肯磊,何魔疙厘
[急拱技飘] 仟讽萍 目乔 靛赋归 3辆 技飘 (21俺涝),澜丰,目乔/瞒,BEVERAGE,萍归,仟讽萍
[飘府捧官] 杭飘檬妮复 4辆 (琶1),埃侥幅,檬妮复/荤帕,SNACK,檬妮复,飘府捧官
[急拱技飘] 海虐酒俊穿焊 乔沫 颇捞 技飘,埃侥幅,叼历飘/纳捞农,BAKERY,颇捞,海虐酒俊穿焊
[器厚海捞臂] 农覆摹令 100g 5辆(琶1),蜡力前,摹令,DAIRY,农覆摹令,器厚海捞臂
"剧馆 艰绊扁磷, 287.5g, 6俺 34%15,600盔 10,150盔 (100g寸 588盔) 郴老(老) 档馒 焊厘 5 (27450) 弥措 508盔 利赋",埃祈侥,饭飘肺飘,RTC_MEAL,饭飘肺飘,剧馆磷
[CU 侨诀] 胶墨捞胶飘肺海府750ml,贱,扁鸥 林幅,ALCOHOL,焊靛墨,胶墨捞胶乔复
模券版 器扁惑眠 300g,盲家/邦拱幅,盲家,RAW_PRODUCE,惑眠,
[坷堆扁]呐逛_冕玫催哎厚丹逛(溜籍惫),埃祈侥,溜籍逛,INSTANT,溜籍 呐逛,坷堆扁
[摹令敲肺] 眉促目靛 摹令 100g,蜡力前,摹令,DAIRY,摹令,摹令敲肺
[傈烹林] 炼篮贱 技辆 鲍魂 蔓苛荐荐林 (6档 750mL),贱,傈烹林,ALCOHOL,蔓苛荐荐林,炼篮贱技辆
[扼聪俊府] 坷其扼 拳捞飘飘矾敲 竣胶飘扼滚柳 棵府宏坷老 250mL,炼固丰,侥侩蜡/扁抚,SAUCE_SEASONING,棵府宏坷老,扼聪俊府
"入措颇, 750g, 1俺 2,790盔 (100g寸 372盔) 郴老(老) 货寒 档馒 焊厘 4.5 (429199) 弥措 140盔 利赋",盲家/邦拱幅,盲家,RAW_PRODUCE,措颇,
[鸥福凭海捞目府] 农风酒惑 85g,埃侥幅,户幅,BAKERY,农风酒惑,鸥福凭海捞目府
"父傈辫 伙阿辫逛侩 辫 20概+ 府鞘 40概 + 己屈撇 1俺, 72g, 1技飘 14,900盔 郴老(老) 货寒 档馒 焊厘 5 (6497) 弥措 720盔 利赋",惑柯侥前,辫/磊馆,DRIED_SEAFOOD,辫,父傈辫
[扁扼胆府] 窍飘 胶涅绢归 檬妮复 5辆 (琶1),埃侥幅,檬妮复/荤帕,SNACK,檬妮复,扁扼胆府
没瞒炼 500g,盲家/邦拱幅,揭/棱邦,GRAIN,没瞒炼,
[坷疵焊皑] 蜡扁丑 剧硅眠馏 10器,固殿废 墨抛绊府,扁鸥,UNKNOWN,扁鸥,坷疵焊皑
[钙矫沫] 农府胶乔 刨歹&没剧付夸家胶,埃祈侥,趁悼侥前,FROZEN_MEAL,趁悼 摹挪,钙矫沫
[巢剧] 咐乐绰 快蜡 GT 2.3L,蜡力前,快蜡/滴蜡,DAIRY,快蜡,巢剧
"快府酒捞瓢瓢 逛戈摹 (趁悼), 100g, 1俺 4,300盔 (100g寸 4,300盔) 郴老(老) 货寒 档馒 焊厘 5 (1277) 弥措 215盔 利赋",荐魂拱,戈摹/扒绢拱,DRIED_SEAFOOD,戈摹,林老
[沥包厘] 全伙柳炔 (30老盒) + (焊磊扁器厘 棺 碱俏归 刘沥),固殿废 墨抛绊府,扁鸥,UNKNOWN,扁鸥,沥包厘
[Kurly's] 悼拱汗瘤 厚忽 馆槛 拌鄂厘 鉴茄咐,埃祈侥,馆蛮幅,SIMPLE_PROCESSED,拌鄂厘,Kurly's
[Kim's Butcher] 龋林魂 家绊扁 菊促府 惫芭府&阂绊扁&促咙腊,腊幅/拌鄂,家绊扁,RAW_MEAT,家 菊促府混,Kim's butcher
[棵啊] 泅固 惫魂 葛唱墨 2辆 (琶1),埃侥幅,叼历飘/纳捞农,BAKERY,葛唱墨,棵啊
[弊府胶 橇府固决 捻虐] 捻扼厚俊 拳捞飘 胶畴快 檬内 & 酒阁靛 270g,埃侥幅,苞磊/胶臣,SNACK,捻虐,弊府胶 橇府固决 捻虐
[胆府摹坷] 龋林魂 格檬 LA采哎厚 1kg(趁悼),腊幅/拌鄂,家绊扁,RAW_MEAT,LA 哎厚,胆府摹坷
[CU 侨诀] 酒荤洒积钙林485ml*24牡,贱,钙林,ALCOHOL,钙林,酒荤洒
[荐魂镑埃] 坷隆绢 钙馆籍备捞,埃侥幅,苞磊/胶臣,SNACK,坷隆绢 胶臣,荐魂镑埃
模券版 利剧硅眠 1/2俺,苞老/斑苞幅,苞老,RAW_FRUIT,利剧硅眠,
[辆啊] 汉澜辫摹 1kg,埃祈侥,馆蛮幅,SIMPLE_PROCESSED,汉澜辫摹,辆啊
[绕客府 皋捞柳] 尼啊风 葛骂 苞磊 75g (18.7g*4涝),埃侥幅,苞磊/胶臣,SNACK,尼啊风 葛骂,绕客府 皋捞柳
"官促固侥雀 混捞菜蛮 惫郴魂 颊龙采霸 2例 (趁悼), 300g, 1俺 8,380盔 (100g寸 2,793盔) 郴老(老) 货寒 档馒 焊厘 4.5 (15898) 弥措 419盔 利赋",荐魂拱,货快/霸,RAW_SEAFOOD,采霸,官促固侥雀
[其饭肺] 肺溅 窍飘 檬妮复 8俺涝,埃侥幅,檬妮复/荤帕,SNACK,檬妮复,其饭肺
"坷府柯 抗皑 摹令弊扼帕, 64g, 10俺 10,700盔 (10g寸 167盔) 郴老(老) 档馒 焊厘 5 (11628) 弥措 535盔 利赋",埃侥幅,苞磊/胶臣,SNACK,抗皑,坷府柯
[基钎] 楷滴傅 促矫付钎绊具盲 140g(35沥),炼固丰,炼固丰,SAUCE_SEASONING,内牢腊荐,基钎
[芒拳寸] 吝惫侥 腊馏 焙父滴,埃祈侥,趁悼侥前,FROZEN_MEAL,父滴,芒拳寸
[坷堆扁] 叠扁离 500g,惑柯侥前,离/胶橇饭靛,SAUCE_SEASONING,叠扁离,坷堆扁
[KF365] 公亲积力 茄捣 伙般混 备捞侩 2辆 (趁厘),腊幅/拌鄂,蹬瘤绊扁,RAW_MEAT,伙般混,KF365
"抛皋饭福 蜡扁丑 圈弊饭牢 赣胶鸥靛, 200g, 1俺 7,100盔 (100g寸 3,550盔) 郴老(老) 货寒 档馒 焊厘 5 (1161) 弥措 355盔 利赋",炼固丰,剧充/家胶,SAUCE_SEASONING,赣胶鸥靛,抛皋饭福
[舅飘窍快胶] 踌瞒 胆府蒲 20俺涝 3辆(琶1),澜丰,目乔/瞒,BEVERAGE,萍归,舅飘窍快胶
"坷堆扁烤朝 拱砍, 700g, 1俺 2,910盔 (100g寸 416盔) 郴老(老) 货寒 档馒 焊厘 5 (1127) 弥措 145盔 利赋",炼固丰,剧充/家胶,SAUCE_SEASONING,拱砍,坷堆扁
"磅磅 泅固 帮距逛, 150g, 10俺 36%25,990盔 16,600盔 (100g寸 1,107盔) 郴老(老) 档馒 焊厘 5 (2182) 弥措 830盔 利赋",埃祈侥,溜籍逛,INSTANT,帮距,磅磅
"舅蛮秦 疙鄂 (趁悼), 1俺, 300g 8,990盔 (100g寸 2,997盔) 郴老(老) 货寒 档馒 焊厘 4.5 (266) 弥措 450盔 利赋",荐魂拱,绢鄂,RAW_SEAFOOD,疙鄂,舅蛮秦
[辫固侗] 居陛例祈 技飘 (50g X 20俺) (碱俏归器窃),埃侥幅,侗,SNACK,例祈,辫固侗
[檬废盔] 蜡磊瞒 2辆,澜丰,目乔/瞒,BEVERAGE,蜡磊瞒,檬废盔
[圾矾靛魄促] 胶橇饭靛 圾矾靛 3辆,埃祈侥,圾矾靛蒲,RTC_MEAL,圾矾靛,圾矾靛魄促
"酒焊墨档 (趁悼), 2俺, 500g 14,800盔 (100g寸 1,480盔) 郴老(老) 货寒 档馒 焊厘 4.5 (2586) 弥措 661盔 利赋",苞老/斑苞幅,趁悼苞老,SIMPLE_PROCESSED,趁悼 酒焊墨档,
[My little recipe] 荤府惦灰 鉴混 催哎厚 (2牢侩),埃祈侥,剐虐飘,RTC_MEAL,剐虐飘,My little recipe
"秦钎 采家陛, 1kg, 1俺 2,100盔 (100g寸 210盔) 郴老(老) 货寒 档馒 焊厘 5 (1937) 弥措 105盔 利赋",炼固丰,炼固丰,SAUCE_SEASONING,采家陛,秦钎
[CU 侨诀] 荤配畴龋付饭公肺墨,贱,扁鸥 林幅,ALCOHOL,荤纳,荤配畴 龋付饭
[CU 侨诀] 胶内萍矫 府歹 酱橇覆,贱,扁鸥 林幅,ALCOHOL,困胶虐,胶内萍矫 府歹
[皋捞配] 肺锯 剐农萍 400g,炼固丰,啊风盒富,SAUCE_SEASONING,剐农萍 盒富,皋捞配
[Graze Cattle]磊蜡规格 龋林魂 家绊扁 格檬 混摹混 备捞侩200g,腊幅/拌鄂,家绊扁,RAW_MEAT,混摹混,Graze Cattle
"绊皋 家官官摹挪 家捞倾聪 鉴混 (趁悼), 600g, 1俺 且牢34%15,980盔 10,500盔 (100g寸 1,750盔) 郴老(老) 货寒 档馒 焊厘 5 (18524) 弥措 499盔 利赋",埃祈侥,趁悼侥前,FROZEN_MEAL,趁悼 摹挪,绊皋
[炼聪胶 弊肺辑府] 吵累 弊贰愁扼 2辆,惑柯侥前,矫府倔,GRAIN,弊贰愁扼,炼聪胶 弊肺辑府
[官福催] 农繁摹 催啊娇混 4辆,腊幅/拌鄂,催绊扁,RAW_MEAT,催啊娇混,官福催
[惑窍格厘] 蜡扁丑 靛傅欧 夸芭飘 750mL,蜡力前,夸芭飘,DAIRY,夸芭飘,惑窍格厘
"窍牢令 府掂胶靛 酱啊 配付配 纳慢, 836g, 1俺 8,930盔 (100g寸 1,068盔) 郴老(老) 档馒 焊厘 5 (34929) 弥措 446盔 利赋",炼固丰,剧充/家胶,SAUCE_SEASONING,纳慢,窍牢令
"没沥盔 溅橇狼 摹挪胶佩, 340g, 1俺 14%7,510盔 6,450盔 (100g寸 1,897盔) 郴老(老) 档馒 焊厘 5 (65107) 弥措 323盔 利赋",炼固丰,炼固丰,SAUCE_SEASONING,摹挪胶佩,没沥盔
[芒撅] 牢扁 橇府固决 牢例固 4辆 (琶 1),埃侥幅,侗,SNACK,牢例固,芒撅
"酒焊墨档 (趁悼), 500g, 1俺 6,410盔 (100g寸 1,282盔) 郴老(老) 货寒 档馒 焊厘 5 (5176) 弥措 320盔 利赋",苞老/斑苞幅,趁悼苞老,SIMPLE_PROCESSED,趁悼 酒焊墨档,
[唱弃饭克] 农风酒惑 60g,埃侥幅,户幅,BAKERY,农风酒惑,唱弃饭克
"坷饭坷坷令 矫府倔, 500g, 1俺 12%7,900盔 6,950盔 (100g寸 1,390盔) 郴老(老) 货寒 档馒 焊厘 5 (6269) 弥措 348盔 利赋",惑柯侥前,矫府倔,GRAIN,矫府倔,器胶飘
[拳苞规] 快蜡居户 急拱技飘 (碱俏归 器窃),埃侥幅,户幅,BAKERY,快蜡居户,拳苞规
"惫郴魂 GAP 颇橇府墨 去钦, 2俺涝, 1俺 4,990盔 (1俺寸 2,495盔) 郴老(老) 货寒 档馒 焊厘 5 (34675) 弥措 250盔 利赋",盲家/邦拱幅,盲家,RAW_PRODUCE,颇橇府墨,
[HBAF] 矫令醋酒阁靛 颇萍蒲 300g,苞老/斑苞幅,斑苞幅,RAW_FRUIT,酒阁靛,HBAF
[急拱技飘] 个局斤斤 楼冈绰 蜡扁丑 硅档扼瘤咀 技飘 +(碱俏归 刘沥),固殿废 墨抛绊府,扁鸥,UNKNOWN,扁鸥,个局斤斤
[力林国曹康丑炼钦过牢] 力林 国曹 2辆,炼固丰,剧充/家胶,SAUCE_SEASONING,曹,力林国曹康丑炼钦过牢
"钱公盔促稠 弊腐 敲饭牢, 400g, 1俺 3,980盔 (10g寸 100盔) 郴老(老) 货寒 档馒 焊厘 5 (12112) 弥措 199盔 利赋",蜡力前,夸芭飘,DAIRY,夸芭飘,钱公盔促稠
[掸付农] 靛傅欧 夸备福飘 器胶飘 官捞坷平胶 叠扁 750mL,蜡力前,夸芭飘,DAIRY,夸备福飘,掸付农
[老 萍弛肺 胆 惯荤固内] 拳捞飘 能叼膏配,炼固丰,剧充/家胶,SAUCE_SEASONING,拳捞飘 惯荤雇 侥檬,老 萍弛肺 胆 惯荤固内
[格快锰] 林何9窜 浇扼捞胶擒(击靛困摹擒) 100gX2俺,腊幅/拌鄂,啊傍腊(擒/家矫瘤),PROCESSED_MEAT,擒,格快锰
[何福夯] 矫琉 茄沥 舅器飘 檬妮复 根喉尔咐 2辆 (琶1),埃侥幅,檬妮复/荤帕,SNACK,檬妮复,何福夯
[瘤蜡啊坷墨 侵檬皋] 矫肺捞 纳捞农 580g,埃侥幅,叼历飘/纳捞农,BAKERY,纳捞农,瘤蜡啊坷墨 侵檬皋
[辫备盔急积] 概老 付矫绰 惫魂 辑府怕尼拱 1L,盲家/邦拱幅,尼/滴何,SIMPLE_PROCESSED,尼拱,辫备盔急积
"归汲 曼柄 靛饭教, 550g, 1俺 30%6,980盔 4,880盔 (100g寸 887盔) 郴老(老) 货寒 档馒 焊厘 5 (22497) 弥措 244盔 利赋",炼固丰,剧充/家胶,SAUCE_SEASONING,曼柄 靛饭教,归汲
[力阿阿] 剧价捞滚几 300g,盲家/邦拱幅,滚几,RAW_PRODUCE,剧价捞滚几,力阿阿
[全康狼] 河篮措霸 归埃厘 500ml,炼固丰,剧充/家胶,SAUCE_SEASONING,归埃厘,全康狼
"措覆急 何魂绢宫 绿标茄 具盲荤阿 4厘, 180g, 1俺 1,310盔 (100g寸 728盔) 郴老(老) 货寒 档馒 焊厘 5 (6037) 弥措 65盔 利赋",荐魂拱,绢腊啊傍侥前,SIMPLE_PROCESSED,绢宫,措覆急
"弊赴令 固聪 剧硅眠 (趁悼), 1kg, 1俺 6,800盔 (100g寸 680盔) 郴老(老) 货寒 档馒 焊厘 4.5 (4502) 弥措 340盔 利赋",盲家/邦拱幅,盲家,RAW_PRODUCE,剧硅眠,弊赴令
[窍捞器农] 公亲积力 茄捣 牢扁 何困 5辆 (琶1),腊幅/拌鄂,蹬瘤绊扁,RAW_MEAT,葛狄 蹬瘤绊扁,窍捞器农
"钙胶溃窍快胶 付老靛 目乔雇胶 胶平屈, 12g, 180俺涝, 1俺 21,570盔 (10g寸 100盔) 2/12(格) 档馒 抗沥 4.5 (1345) 弥措 1,079盔 利赋",澜丰,目乔/瞒,BEVERAGE,目乔雇胶,钙胶溃窍快胶
[秦烹飞] 叼器府 秦拱 促矫蒲 320g (20涝),炼固丰,炼固丰,SAUCE_SEASONING,促矫蒲,秦烹飞
[KINU] 俏农掐 虐令 捞姑 俩府 (30老盒),埃侥幅,檬妮复/荤帕,SNACK,俩府,KINU
"歹淬篮 某唱促魂 蓖府揭, 1kg, 1俺 50%4,980盔 2,490盔 (100g寸 249盔) 郴老(老) 档馒 焊厘 4.5 (4855) 弥措 125盔 利赋",盲家/邦拱幅,揭/棱邦,GRAIN,蓖府揭,歹淬篮
[农扼款] 能瘏 檬寸苛荐荐 40g x 10俺涝 (措侩樊),埃侥幅,苞磊/胶臣,SNACK,能瘏,农扼款
"迄鸥唱 历寸 历漠肺府 公瘤规 坷府浚呕 靛饭教, 235g, 1俺 12%4,480盔 3,910盔 (100g寸 1,664盔) 郴老(老) 货寒 档馒 焊厘 5 (3848) 弥措 195盔 利赋",炼固丰,剧充/家胶,SAUCE_SEASONING,坷府浚呕 靛饭教,迄鸥唱
[乔胶乔胶] 七挪颇捞 120g,埃侥幅,叼历飘/纳捞农,BAKERY,颇捞,乔胶乔胶
[窍覆] 概霓付疵 催汉澜帕侩 750g (家胶悼豪),埃祈侥,剐虐飘,RTC_MEAL,剐虐飘,窍覆
"寝混剖 措眠浇扼捞胶抹, 300g, 1俺 66%17,571盔 5,800盔 (100g寸 1,933盔) 郴老(老) 档馒 焊厘 4.5 (828) 弥措 290盔 利赋",埃侥幅,苞磊/胶臣,SNACK,措眠抹,寝混剖
[扒绢拱惑雀] 烹康 惫拱侩戈摹 300g,荐魂拱,戈摹/扒绢拱,DRIED_SEAFOOD,戈摹,扒绢拱惑雀
[付令] 捞努赋胶 陵矫雇胶 (8俺涝),埃侥幅,檬妮复/荤帕,SNACK,捞努赋胶,付令
[葫弊饭] 力肺 酒捞胶农覆 2辆 (琶1),埃侥幅,叼历飘/纳捞农,BAKERY,酒捞胶农覆,葫弊饭
"农扼款 曼揭急苞, 253g, 1俺 25%5,400盔 4,000盔 (10g寸 158盔) 郴老(老) 货寒 档馒 焊厘 5 (433) 弥措 200盔 利赋",埃侥幅,苞磊/胶臣,SNACK,揭苞磊,农扼款
"钙缴 葛墨榜靛 付老靛 盔滴目乔雇胶, 170g, 1俺涝, 1俺 8,400盔 (10g寸 494盔) 郴老(老) 货寒 档馒 焊厘 5 (952) 弥措 420盔 利赋",澜丰,目乔/瞒,BEVERAGE,目乔雇胶,钙缴
[奔府郡固] 仟臂府酒 蜡扁丑 IGP 竣胶飘扼滚柳 棵府宏坷老  500mL,炼固丰,侥侩蜡/扁抚,SAUCE_SEASONING,棵府宏坷老,奔府郡固
[碍绕格厘] 荐力 靛傅农 夸芭飘 敲饭牢 500mL,蜡力前,夸芭飘,DAIRY,夸芭飘,碍绕格厘
[皋辆骏坷] 戎扯矫俊 磊倾配福抛,埃侥幅,户幅,BAKERY,戎扯矫俊,皋辆骏坷
"[器飘'钒] 巢秦救 磊楷魂 傈汗 2付府 300g (空漂措, 积拱)",荐魂拱,炼俺/傈汗,RAW_SEAFOOD,傈汗,器飘'钒
措空丛钎 咯林揭(柳惑) 4kg,盲家/邦拱幅,揭/棱邦,GRAIN,揭,丑蛆
[辆啊] 凯公辫摹 1.5kg,埃祈侥,馆蛮幅,SIMPLE_PROCESSED,凯公辫摹,辆啊
[怕快茄快] 1+ 茄快 积哎厚 450g,腊幅/拌鄂,家绊扁,RAW_MEAT,家哎厚,怕快茄快
[Picard] 宏府坷酱 橇坊摹 配胶飘(70g*2俺涝),埃祈侥,饭飘肺飘,RTC_MEAL,饭飘肺飘,Picard
[敲扼窍馆] 坷飘侗 330g,埃侥幅,侗,SNACK,坷飘侗,敲扼窍馆
[鸥公福] 单捞明 措眠具磊 3备,苞老/斑苞幅,苞老,RAW_FRUIT,措眠,鸥公福
[念积] 坊瘤钮 历寸 肺力 侗汉捞,埃祈侥,饭飘肺飘,RTC_MEAL,饭飘肺飘,念积
[CU 侨诀] 1865 付胶磐 喉罚靛,贱,客牢,ALCOHOL,饭靛 客牢,魂 其靛肺
"付捞绢 棵靛胶鸥老 圈弊饭牢 赣胶鸥靛, 200g, 1俺 5,500盔 (100g寸 2,750盔) 郴老(老) 货寒 档馒 焊厘 5 (2055) 弥措 275盔 利赋",炼固丰,剧充/家胶,SAUCE_SEASONING,赣胶鸥靛,付捞绢
"乞芒荐 公扼骇 积荐, 2L, 12俺 20%10,600盔 8,390盔 (100ml寸 35盔) 郴老(老) 档馒 焊厘 5 (164239) 弥措 420盔 利赋",澜丰,积荐,BEVERAGE,积荐,乞芒荐
"格快锰 公亲积力 牢刘 IQF 催啊娇混 (趁悼), 1俺, 1kg 9,420盔 (100g寸 942盔) 郴老(老) 货寒 档馒 焊厘 5 (5354) 弥措 471盔 利赋",腊幅/拌鄂,催绊扁,RAW_MEAT,催啊娇混,格快锰
[CU 侨诀] 烈季 促风荤纳 1800ml,贱,扁鸥 林幅,ALCOHOL,荤纳,岿拌包
[弊府胶 橇府固决 捻虐] 捻扼厚俊 拳捞飘 胶畴快 酒阁靛 270g,埃侥幅,苞磊/胶臣,SNACK,捻扼厚俊,弊府胶 橇府固决 捻虐
[磊纳] 固聪 庆捞榴秤 宏扼快聪,埃侥幅,叼历飘/纳捞农,BAKERY,宏扼快聪,磊纳
[辣辑匡] 牢扁 甸扁抚搁 3辆 (琶1),埃祈侥,剐虐飘,RTC_MEAL,剐虐飘,辣辑匡
[宏肺靛墨技] 历寸 鉴荐 龋剐烹剐 濒狐春 360g,埃侥幅,户幅,BAKERY,濒狐春,宏肺靛墨技
[家客唱公] 酿乔胶 汗件酒 930mL,澜丰,林胶,BEVERAGE,酿乔胶,家客唱公
[促捞酒阁靛] 汉澜逛侩 积货快混 200g (趁悼),荐魂拱,货快/霸,RAW_SEAFOOD,货快,促捞酒阁靛
[啊肺迫肺] 捞呕府酒  IGP 颇胶鸥搁 8辆,盲家/邦拱幅,搁幅,GRAIN,颇胶鸥搁,啊肺迫肺
[悼巢笼] 剧瘤磅帕 600g,埃祈侥,饭飘肺飘,RTC_MEAL,饭飘肺飘,悼巢笼
"胶固饶风 皑槛空 颇牢局敲, 1.2kg, 1俺 4,000盔 (100g寸 333盔) 郴老(老) 货寒 档馒 焊厘 4.5 (9096) 弥措 200盔 利赋",苞老/斑苞幅,苞老,RAW_FRUIT,颇牢局敲,胶固饶风
[固遏] 康堡 过己器 曼奔厚 80gX6固 (趁悼),荐魂拱,戈摹/扒绢拱,DRIED_SEAFOOD,奔厚,固遏
[KF365] 催啊娇混 箕宏箕宏 倒倒富捞 400g (趁悼),腊幅/拌鄂,催绊扁,RAW_MEAT,催啊娇混,KF365
[官抚剖] 模券版 颊龙茄 寸辟 200g,盲家/邦拱幅,盲家,RAW_PRODUCE,寸辟,官抚剖
"[急拱技飘] 家龋淬 橇府固决 劝傈汗 7付府 1kg (空漂措, 积拱)(抗距老 荐飞)",荐魂拱,炼俺/傈汗,RAW_SEAFOOD,傈汗,家龋淬
[弊贰愁扼窍快胶] 弊贰愁扼 固聪 30俺涝 2辆(琶1),惑柯侥前,矫府倔,GRAIN,弊贰愁扼,弊贰愁扼窍快胶
[版林固沥寸] 揭肺 父电 绿搁 (2牢盒),埃祈侥,剐虐飘,RTC_MEAL,剐虐飘,版林固沥寸
[CU 侨诀] 锯府鳖福皋匙福,贱,客牢,ALCOHOL,饭靛 客牢,付捞器 闺府
[丑蛆浅魂辫摹] 辫厘刀咐 历柯槛己辫摹 2.5kg,埃祈侥,馆蛮幅,SIMPLE_PROCESSED,硅眠辫摹,丑蛆
[鼻康盔 家淬沥蛮] 公堪 没惫厘 250g(趁悼),炼固丰,剧充/家胶,SAUCE_SEASONING,没惫厘,鼻康盔 家淬沥蛮
[背配付喉] 烹剐 单聪浆 侥户 460g,埃侥幅,户幅,BAKERY,侥户,背配付喉
[官骂] 檬妮复 冠胶 2辆 (琶1),埃侥幅,檬妮复/荤帕,SNACK,檬妮复,官骂
[急拱技飘] 力聪捻虐 8雇胶 秤明 捻虐 460g,埃侥幅,苞磊/胶臣,SNACK,捻虐,力聪捻虐
[捞绢荐魂] 8窜拌 急喊茄 绢赴捞 戈摹 2辆 (琶1),荐魂拱,戈摹/扒绢拱,DRIED_SEAFOOD,戈摹,捞绢荐魂
"磅磅 官昏茄 何魔啊风, 1kg, 1俺 30%3,600盔 2,490盔 (100g寸 249盔) 郴老(老) 货寒 档馒 焊厘 5 (2362) 弥措 125盔 利赋",炼固丰,啊风盒富,SAUCE_SEASONING,何魔啊风,磅磅
[郡器炼] 捞海府内窍根 浇扼捞胶 60g,腊幅/拌鄂,啊傍腊(擒/家矫瘤),PROCESSED_MEAT,窍根,郡器炼
[裹魂格厘] 蜡扁丑 戈闭快蜡 (140mL X 24俺),蜡力前,快蜡/滴蜡,DAIRY,快蜡,裹魂格厘
"磅磅 滚迫肺喇豪, 700g, 1俺 11,220盔 (100g寸 1,603盔) 郴老(老) 货寒 档馒 焊厘 4.5 (5121) 弥措 561盔 利赋",埃祈侥,趁悼侥前,FROZEN_MEAL,趁悼 喇,磅磅
[掸付农] 栋冈绰 器胶飘官捞坷平胶 叠扁 夸芭飘 (85g X 8俺),蜡力前,夸芭飘,DAIRY,夸芭飘,掸付农
"敝沤 茄扼豪, 2kg(吝苞/7~9涝), 1冠胶 20,520盔 (100g寸 1,026盔) 郴老(老) 货寒 档馒 焊厘 4.5 (17740) 弥措 1,026盔 利赋",苞老/斑苞幅,苞老,RAW_FRUIT,茄扼豪,敝沤
[吩单] 酒阁靛檬内杭 46g,埃侥幅,檬妮复/荤帕,SNACK,酒阁靛檬内杭,吩单
"弊赴掸付农 酒阁靛, 950ml, 2俺 5,560盔 (100ml寸 293盔) 郴老(老) 货寒 档馒 焊厘 4.5 (2956) 弥措 278盔 利赋",蜡力前,快蜡/滴蜡,DAIRY,酒阁靛蜡,弊赴掸付农
[橇饭矫内飘] 100% 酒焊墨档 腔饭 56gx4涝,惑柯侥前,离/胶橇饭靛,SAUCE_SEASONING,酒焊墨档 腔饭,橇饭矫内飘
[坷豪笼] 帮靛饭 巩绢倡瘤 架逛虐飘(逛 器窃),埃祈侥,剐虐飘,RTC_MEAL,剐虐飘,坷豪笼
[KF365] 惫魂 颊龙 绊殿绢 3辆 (趁悼) (琶1),荐魂拱,积急,RAW_SEAFOOD,绊殿绢,KF365
"归汲 夸芭飘 靛饭教, 245g, 1俺 22%4,380盔 3,390盔 (100g寸 1,384盔) 郴老(老) 货寒 档馒 焊厘 4.5 (494) 弥措 170盔 利赋",炼固丰,剧充/家胶,SAUCE_SEASONING,夸芭飘 靛饭教,归汲
"家陛己 洒富藩具 俏农家陛 啊绰涝磊, 500g, 1俺 5,700盔 (100g寸 1,140盔) 郴老(老) 档馒 焊厘 5 (5227) 弥措 285盔 利赋",炼固丰,炼固丰,SAUCE_SEASONING,俏农家陛,家陛己
"磊楷局蛮 悼拱汗瘤 公亲积力 归祸 蜡沥鄂, 15备, 1俺 7,830盔 (1备寸 522盔) 郴老(老) 货寒 档馒 焊厘 4.5 (7150) 弥措 391盔 利赋",腊幅/拌鄂,拌鄂,RAW_MEAT,拌鄂,磊楷局蛮
[磷厘楷] 柳埃厘 250ml,炼固丰,剧充/家胶,SAUCE_SEASONING,柳埃厘,磷厘楷
[何福夯] 舅器飘 固聪 檬妮复 5辆 (琶1),埃侥幅,檬妮复/荤帕,SNACK,檬妮复,何福夯
[吩单] ABC 檬内捻虐 胶飘肺海府 & 檬内 130g,埃侥幅,苞磊/胶臣,SNACK,ABC 檬内捻虐,吩单
"归魂荐 公扼骇 积荐, 2L, 18俺 12%20,514盔 17,950盔 (100ml寸 50盔) 郴老(老) 档馒 焊厘 5 (235382) 弥措 898盔 利赋",澜丰,积荐,BEVERAGE,积荐,归魂荐
[辫犁侥秋胶仟靛] 配付配 荤苞 寸辟馏 30器,澜丰,林胶,BEVERAGE,苞盲林胶,辫犁侥秋胶仟靛
[急拱技飘] 茄伙牢 魂伙硅剧辟 30捍 +(碱俏归 刘沥),固殿废 墨抛绊府,扁鸥,UNKNOWN,扁鸥,茄伙牢
"媒胶檬内 坷邦栏肺 父电 矫府倔, 570g, 2俺 10,600盔 (100g寸 930盔) 郴老(老) 档馒 焊厘 5 (147404) 弥措 504盔 利赋",惑柯侥前,矫府倔,GRAIN,矫府倔,奶肺弊
"青汗茄尼 窜窜茄 奴滴何, 800g, 1俺 3%2,980盔 2,880盔 (100g寸 360盔) 郴老(老) 货寒 档馒 焊厘 5 (1486) 弥措 144盔 利赋",盲家/邦拱幅,尼/滴何,SIMPLE_PROCESSED,滴何,青汗茄尼
[怕快茄快] 1+ 茄快 剧瘤 惫芭府侩 200g 2辆 (趁厘),腊幅/拌鄂,家绊扁,RAW_MEAT,剧瘤,怕快茄快
[坷堆扁] 坷令虐模 枚魄皑磊帕汉澜逛 450G,埃祈侥,剐虐飘,RTC_MEAL,剐虐飘,坷堆扁
[厚厚绊] 辫富捞 500g,埃祈侥,趁悼侥前,FROZEN_MEAL,趁悼 辫富捞,厚厚绊
[羹亥侨] 弊腐胶鸥老 夸芭飘 100g 3辆 (琶1),蜡力前,夸芭飘,DAIRY,夸芭飘,羹亥侨
"棵啊圈仟靛 惯酒 焊府瞒, 500g, 1俺涝, 1俺 9,520盔 (10g寸 190盔) 郴老(老) 货寒 档馒 焊厘 5 (756) 弥措 476盔 利赋",澜丰,目乔/瞒,BEVERAGE,焊府瞒,棵啊
[沥瘤急狼 萍浚固固] 快伙般瞒快搁,埃祈侥,剐虐飘,RTC_MEAL,剐虐飘,沥瘤急狼 萍浚固固
[魂临府酒畴] 矫陛摹 储尝 颇鸥鸥 500g,埃祈侥,趁悼侥前,FROZEN_MEAL,储尝,魂临府酒畴
"魂甸 版魂 扒措眠 惑檬, 130g, 1豪 4,250盔 (100g寸 3,269盔) 郴老(老) 货寒 档馒 焊厘 4.5 (8474) 弥措 213盔 利赋",苞老/斑苞幅,苞老,RAW_FRUIT,措眠,魂甸
[春胆府 :柳茄 牢档 目府狼 咐] 摹挪 付农聪 目府,埃祈侥,饭飘肺飘,RTC_MEAL,饭飘肺飘,春胆府
"弊赴掸付农 酒阁靛, 950ml, 2俺 5,560盔 (100ml寸 293盔) 郴老(老) 货寒 档馒 焊厘 4.5 (2957) 弥措 278盔 利赋",蜡力前,快蜡/滴蜡,DAIRY,酒阁靛蜡,弊赴掸付农
[奶肺弊] 媒胶 檬内 矫府倔 570g,惑柯侥前,矫府倔,GRAIN,矫府倔,奶肺弊
[急拱技飘] 单眉内 蜡扁丑 竣胶飘扼 滚柳 技飘,炼固丰,侥侩蜡/扁抚,SAUCE_SEASONING,棵府宏坷老,单眉内
"格快锰 磺肺肺客 模备甸 厚浚唱家矫瘤, 270g, 2俺 5%8,980盔 8,530盔 (10g寸 158盔) 郴老(老) 货寒 档馒 焊厘 5 (26867) 弥措 399盔 利赋",腊幅/拌鄂,啊傍腊(擒/家矫瘤),PROCESSED_MEAT,家矫瘤,格快锰
[焙魂 捞己寸] 摹挪 绊肺纳 (100g X 4俺涝),埃侥幅,户幅,BAKERY,绊肺纳,捞己寸
[矫萍胆府] 胶困飘磨府 侵档弊,埃祈侥,趁悼侥前,FROZEN_MEAL,趁悼 侵档弊,矫萍胆府
[蜡扁基] 公丑距 扒措眠 150g,苞老/斑苞幅,苞老,RAW_FRUIT,措眠,蜡扁基
[咐狼疙怕磊] 楼冈绰 譬宏 疙鄂粒 80g (趁悼),埃祈侥,馆蛮幅,SIMPLE_PROCESSED,疙鄂粒,咐狼疙怕磊
"没沥盔 玫老堪 苯篮家陛, 2.5kg, 1俺 16%12,880盔 10,790盔 (100g寸 432盔) 郴老(老) 档馒 焊厘 5 (38811) 弥措 540盔 利赋",炼固丰,炼固丰,SAUCE_SEASONING,家陛,没沥盔
[固飘浚炼捞] 腊氢啊垫 剧充 救芒混备捞 400g,埃祈侥,剐虐飘,RTC_MEAL,剐虐飘,固飘浚炼捞
[急拱技飘] GAP 没档 馆扒矫 谤皑 技飘 1.2kg (24涝),埃侥幅,叼历飘/纳捞农,BAKERY,谤皑,
蜡扁丑 窍捞酒固 揭 2辆,盲家/邦拱幅,揭/棱邦,GRAIN,揭,
"荤炼曼摹 混内扁 救缴蝶俺, 150g, 4俺 7,230盔 (10g寸 121盔) 郴老(老) 档馒 焊厘 货 惑前, 馆前-固俺豪 (7) 弥历6,500盔 5 (194170) 弥措 361盔 利赋",惑柯侥前,曼摹/胶圃牡,CANNED,曼摹牡,荤炼曼摹
"磊楷淬篮 蜡扁丑 慢揭, 250g, 1俺 2,990盔 (100g寸 1,196盔) 郴老(老) 档馒 焊厘 5 (87) 弥措 150盔 利赋",盲家/邦拱幅,揭/棱邦,GRAIN,慢揭,
[版磊惫逛] 牢扁 惫逛 3辆 (琶1),埃祈侥,剐虐飘,RTC_MEAL,剐虐飘,版磊惫逛
[坷府柯] 侵绊贰逛 概霓剧充 118g,埃侥幅,苞磊/胶臣,SNACK,绊贰逛,坷府柯
[辆啊] 咐辫摹 500g,埃祈侥,馆蛮幅,SIMPLE_PROCESSED,硅眠辫摹,辆啊
"捞陛扁 摹挪 颇快歹, 273g, 1俺 7,430盔 (100g寸 2,722盔) 郴老(老) 档馒 焊厘 5 (22399) 弥措 371盔 利赋",炼固丰,啊风盒富,SAUCE_SEASONING,摹挪啊风,捞陛扁
[决瘤匙器厘付瞒] 部阜 公魔 2~3牢盒,埃祈侥,剐虐飘,RTC_MEAL,剐虐飘,决瘤匙器厘付瞒
[HUGO&VICTOR] 颇款靛 纳捞农 技飘 (65g X 6俺),埃侥幅,叼历飘/纳捞农,BAKERY,纳捞农,HUGO&VICTOR
怕惫 巢刀付捞 榜靛噶绊 5~6涝 1.8kg,苞老/斑苞幅,苞老,RAW_FRUIT,噶绊,
[蹿磐秤明] 历寸 促农檬妮复 斑苞 3辆,埃侥幅,檬妮复/荤帕,SNACK,檬妮复,蹿磐秤明
[没沥盔] 咐贱 积碍&概角 410ml,炼固丰,剧充/家胶,SAUCE_SEASONING,咐贱,没沥盔
"瞒坷瞒捞 付扼姬迸 家胶, 110g, 1俺 50%3,480盔 1,740盔 (100g寸 1,582盔) 郴老(老) 货寒 档馒 焊厘 4.5 (711) 弥措 87盔 利赋",炼固丰,剧充/家胶,SAUCE_SEASONING,付扼姬迸 家胶,瞒坷瞒捞
"措玫辫 犁贰辫, 22g, 10俺 且牢45%29,000盔 15,840盔 (10g寸 720盔) 郴老(老) 档馒 焊厘 4.5 (69156) 弥措 729盔 利赋",惑柯侥前,辫/磊馆,DRIED_SEAFOOD,辫,措玫辫
"坷堆扁 埃祈 拌鄂惫 5俺涝, 37.5g, 2俺 12%9,960盔 8,690盔 (100g寸 11,587盔) 郴老(老) 档馒 焊厘 5 (1149) 弥措 435盔 利赋",埃祈侥,饭飘肺飘,RTC_MEAL,饭飘肺飘,坷堆扁
[伐抛捞喉] 龋林魂 橇坊摹发 300g,腊幅/拌鄂,剧绊扁,RAW_MEAT,剧哎厚,伐抛捞喉
[酒墨其扼] 目乔 240mL 5辆 (琶1),澜丰,目乔/瞒,BEVERAGE,目乔,酒墨其扼
"公亲积力 脚急 措鄂 1.56kg, 30备, 1俺 8,390盔 (1备寸 280盔) 郴老(老) 货寒 档馒 焊厘 5 (14466) 弥措 420盔 利赋",腊幅/拌鄂,拌鄂,RAW_MEAT,拌鄂,
[府摹阁靛 苞磊痢] 饭阁纳捞农 50g,埃侥幅,叼历飘/纳捞农,BAKERY,纳捞农,府摹阁靛 苞磊痢
[绊皋] 官福伎肺唱 磨府皑官胶 乔磊,埃祈侥,趁悼侥前,FROZEN_MEAL,趁悼 乔磊,绊皋
"龋沥啊 慢揭距苞技飘, 1kg, 1俺 31%16,000盔 10,890盔 (10g寸 109盔) 郴老(老) 档馒 焊厘 4.5 (7677) 弥措 545盔 利赋",埃侥幅,叼历飘/纳捞农,BAKERY,距苞,龋沥啊
"悼辑 焊府瞒, 10g, 30俺涝, 6俺 14,880盔 (10g寸 83盔) 郴老(老) 档馒 焊厘 5 (86113) 弥措 744盔 利赋",澜丰,目乔/瞒,BEVERAGE,萍归,悼辑
[辫备盔急积] 蜡扁丑 尼唱拱 500g,盲家/邦拱幅,盲家,RAW_PRODUCE,尼唱拱,辫备盔急积
[辣绊笼] 惫郴魂 促矫付券 500g,固殿废 墨抛绊府,扁鸥,UNKNOWN,扁鸥,辣绊笼
"脚技拌仟靛 叼钒胶 颇牢局敲 漂, 1.6kg 郴寇, 2俺 12,760盔 (100g寸 399盔) 郴老(老) 货寒 档馒 焊厘 5 (1673) 弥措 638盔 利赋",苞老/斑苞幅,苞老,RAW_FRUIT,颇牢局敲,脚技拌
[急拱技飘] 过己器曼咐 橇府固决 奔厚 坷啊技飘 1.2kg,荐魂拱,戈摹/扒绢拱,DRIED_SEAFOOD,奔厚,过己器曼咐康绢炼钦
[悼辑] 萍归 6辆 (琶1),澜丰,目乔/瞒,BEVERAGE,萍归,悼辑
[坷堆扁]呐逛_辫摹曼摹丹逛(溜籍惫),埃祈侥,溜籍逛,INSTANT,溜籍 呐逛,坷堆扁
[促沥促皑] 惑林 谤皑 肚俺 200g,埃侥幅,叼历飘/纳捞农,BAKERY,谤皑,促沥促皑
"弊赴铺 埃侥侩 扒炼 措眠抹, 500g(1俺), 1俺 28%11,000盔 7,900盔 (100g寸 1,580盔) 郴老(老) 档馒 焊厘 4.5 (571) 弥措 395盔 利赋",埃侥幅,苞磊/胶臣,SNACK,措眠抹,弊赴铺
[钱公盔] 公接 3辆,埃祈侥,馆蛮幅,SIMPLE_PROCESSED,接公,钱公盔
教弊矾款 蜡矾乔救 圾矾靛雇胶 2辆,埃祈侥,圾矾靛蒲,RTC_MEAL,圾矾靛,
"捞叼具 叼墨其牢 酒皋府墨畴 盔滴目乔胶平, 1g, 30俺涝, 1俺 6,100盔 (10g寸 2,033盔) 郴老(老) 档馒 焊厘 4.5 (10898) 弥措 305盔 利赋",澜丰,目乔/瞒,BEVERAGE,目乔啊风,捞叼具
[磊烙] 寸辟荤苞 馒馏林胶 1L,澜丰,林胶,BEVERAGE,苞盲林胶,磊烙
[墨福膏矫鸥] 烹孺饶眠 弊扼牢歹,炼固丰,氢脚丰/倾宏,SAUCE_SEASONING,饶眠,墨福膏矫鸥
"归汲 墨愁扼蜡, 500ml, 1俺 37%5,500盔 3,450盔 (100ml寸 690盔) 郴老(老) 货寒 档馒 焊厘 5 (445) 弥措 173盔 利赋",炼固丰,侥侩蜡/扁抚,SAUCE_SEASONING,墨愁扼蜡,归汲
[Fairday] 傍沥公开 官弗 扒噶绊 150g,苞老/斑苞幅,苞老,RAW_FRUIT,噶绊,Fairday
[坷堆扁] 柳扼搁 概款咐 家呐 6涝,埃祈侥,扼搁,INSTANT,柳扼搁 概款咐,坷堆扁
"力虐胶 力林 辆钦 檬妮复 5辆 技飘, 175g, 1技飘 10,710盔 (10g寸 612盔) 郴老(老) 档馒 焊厘 4.5 (2066) 弥措 535盔 利赋",埃侥幅,檬妮复/荤帕,SNACK,檬妮复,力虐胶
[急拱技飘] [颇固绊] 蜡扁丑 竣胶飘扼 滚柳 棵府宏 坷老 2备 技飘,炼固丰,侥侩蜡/扁抚,SAUCE_SEASONING,棵府宏坷老,颇固绊
"海瘤剐 崔霓茄 厚 滴蜡, 190ml, 32俺 21,700盔 (100ml寸 357盔) 郴老(老) 档馒 焊厘 5 (69631) 弥措 1,085盔 利赋",蜡力前,快蜡/滴蜡,DAIRY,滴蜡,海瘤剐
[吩单溃仟靛] 困榴 历寸 府摹 官匆扼 660mL,埃侥幅,叼历飘/纳捞农,BAKERY,酒捞胶农覆,吩单
[颇胶虐俊] 俊弊 鸥福飘(敲尔) 720g,埃侥幅,叼历飘/纳捞农,BAKERY,俊弊鸥福飘,颇胶虐俊
[仟靛绢祭喉] 鉴混 国曹 买催,埃祈侥,剐虐飘,RTC_MEAL,剐虐飘,仟靛绢祭喉
[Kurly's] 1++ 茄快 救缴 胶抛捞农 250g (趁厘),腊幅/拌鄂,家绊扁,RAW_MEAT,救缴,Kurly's
[吩单龋炮] 醚阿辫摹 3kg,埃祈侥,馆蛮幅,SIMPLE_PROCESSED,醚阿辫摹,吩单龋炮
[归汲] 客敲雇胶 500g,埃祈侥,剐虐飘,RTC_MEAL,剐虐飘,归汲
[贾府阁] 饭阁馏 500ml/ 990ml  (饭阁林胶 99.9%),澜丰,林胶,BEVERAGE,饭阁林胶,贾府阁
[空局逛惑] 概款角厚辫摹 2辆 (琶1),埃祈侥,馆蛮幅,SIMPLE_PROCESSED,硅眠辫摹,空局逛惑
[焊拱级] 单模 傈汗 浇扼捞胶 2辆 (趁悼) (琶1),荐魂拱,炼俺/傈汗,RAW_SEAFOOD,傈汗,焊拱级
"磅磅 堪厘固开临扁, 300g, 1俺 2,400盔 (100g寸 800盔) 郴老(老) 货寒 档馒 焊厘 5 (14787) 弥措 120盔 利赋",荐魂拱,固开/促矫付,DRIED_SEAFOOD,固开,磅磅
[寝馆] 概老棱邦逛 210g (8涝),埃祈侥,溜籍逛,INSTANT,溜籍逛 棱邦,寝馆
[辆啊] 硅眠把例捞,埃祈侥,馆蛮幅,SIMPLE_PROCESSED,硅眠辫摹,辆啊
"扒惫蜡诀 家拳啊 祈救茄 快蜡, 900ml, 2涝 6,250盔 (100ml寸 347盔) 郴老(老) 货寒 档馒 焊厘 5 (7260) 弥措 313盔 利赋",蜡力前,快蜡/滴蜡,DAIRY,遏配橇府 快蜡,扒惫蜡诀
"磅磅 怕剧檬 啊垫茄 绊眠厘, 1kg, 1俺 45%8,000盔 4,380盔 (100g寸 438盔) 郴老(老) 货寒 档馒 焊厘 5 (687) 弥措 219盔 利赋",炼固丰,剧充/家胶,SAUCE_SEASONING,绊眠厘,磅磅 
"磅磅 坷红备捞 催促府混 (趁悼), 300g, 1俺 29%9,900盔 6,990盔 (100g寸 2,330盔) 郴老(老) 货寒 档馒 焊厘 4.5 (2821) 弥措 350盔 利赋",埃祈侥,趁悼侥前,FROZEN_MEAL,趁悼 催促府混,磅磅 
曝捞滚几 360g X 2涝,盲家/邦拱幅,滚几,RAW_PRODUCE,曝捞滚几,
[版扁侗笼] 捞萍侗 2辆 (30g X 10俺) (琶1),埃侥幅,侗,SNACK,牢例固,版扁侗笼
[急拱技飘] 农方靛付氛 何靛矾款 广离 悔鹅 (78g X 5涝),惑柯侥前,离/胶橇饭靛,SAUCE_SEASONING,广离,农方靛付氛
[茄伙牢] 全伙柳 甭单捞胶平 (60老盒),固殿废 墨抛绊府,扁鸥,UNKNOWN,扁鸥,茄伙牢
[窍覆] 乔墨抿 捣鳖胶 500g (趁悼),埃祈侥,趁悼侥前,FROZEN_MEAL,趁悼 捣鳖胶,窍覆
[浚诀] 颇况俩 迫扼萍畴胶 汗件酒 (14器),固殿废 墨抛绊府,扁鸥,UNKNOWN,扁鸥,浚诀
[Kurly's] 悼拱汗瘤 备款鄂 10备,腊幅/拌鄂,拌鄂,RAW_MEAT,备款鄂,Kurly's
[付南坷匙捞贸] 坷! 弊贰愁扼 坷飘 2辆 (琶1),惑柯侥前,矫府倔,GRAIN,弊贰愁扼,付南坷匙捞贸
"惫郴魂 模券版 蠢鸥府滚几, 200g, 1俺 1,780盔 (100g寸 890盔) 郴老(老) 货寒 档馒 焊厘 5 (230195) 弥措 89盔 利赋",盲家/邦拱幅,滚几,RAW_PRODUCE,蠢鸥府滚几,
"颇付魂 摹令 喉坊靛, 85g, 1俺, 1俺涝 4,000盔 (10g寸 471盔) 郴老(老) 货寒 档馒 焊厘 5 (901) 弥措 200盔 利赋",蜡力前,摹令,DAIRY,颇付魂 摹令,
[档府柄魔] 绊眠棱盲,埃祈侥,馆蛮幅,SIMPLE_PROCESSED,绊眠棱盲,档府柄魔
[急拱技飘] 固惫魂 橇扼烙 LA采哎厚 1.4kg(抗距老 荐飞),腊幅/拌鄂,家绊扁,RAW_MEAT,LA 哎厚,
"柯累 焕绝绰 哎厚帕, 900g, 5俺 16%45,900盔 38,300盔 (100g寸 851盔) 郴老(老) 档馒 焊厘 4.5 (11480) 弥措 1,915盔 利赋",埃祈侥,饭飘肺飘,RTC_MEAL,饭飘肺飘,柯累
"溃秤 磊楷滴饭 付墨促固酒, 500g, 1俺 18%19,900盔 16,290盔 (100g寸 3,258盔) 郴老(老) 档馒 焊厘 4.5 (429) 弥措 815盔 利赋",苞老/斑苞幅,斑苞幅,RAW_FRUIT,付墨促固酒,磊楷滴饭
"龋林魂 喉发巨芭胶 拉殿缴 备捞侩 (趁厘), 400g, 2俺 30%39,800盔 27,760盔 (100g寸 3,470盔) 郴老(老) 货寒 档馒 焊厘 4.5 (30643) 弥措 1,388盔 利赋",腊幅/拌鄂,家绊扁,RAW_MEAT,家 殿缴,
"模沥决付操矾固 兑迭 措颇 (趁悼), 500g, 1俺 4,640盔 (100g寸 928盔) 郴老(老) 货寒 档馒 焊厘 5 (25174) 弥措 205盔 利赋",盲家/邦拱幅,盲家,RAW_PRODUCE,措颇,模沥决付操矾固
[叼 官福海肺] 炕肺快 凭纳捞胶 儡滴具 檬妮复 105g,埃侥幅,檬妮复/荤帕,SNACK,檬妮复,叼 官福海肺
[钱公盔] 烹烹货快 浆覆橇墨明,埃祈侥,趁悼侥前,FROZEN_MEAL,货快墨明,钱公盔
[坷付淡] 葛惦 绢宫,荐魂拱,绢腊啊傍侥前,SIMPLE_PROCESSED,绢宫,坷付淡
[悔鹅每] 苞老俩府 夸芭俩府 奴呐 10辆 榜扼淬扁 (琶1),埃侥幅,檬妮复/荤帕,SNACK,俩府,悔鹅每
[基钎] 鉴累 蜡扁丑焊府瞒 (10g X 30俺),澜丰,目乔/瞒,BEVERAGE,焊府瞒,基钎
[歹 歹摹] 胶其既 困胶虐 摹令 150g,蜡力前,摹令,DAIRY,绊促 摹令,歹 歹摹
[措惑溃扼捞橇] 春纳绢 棵橇肺凭 20g 橇肺凭 况磐 18蒲 2辆 (琶1),固殿废 墨抛绊府,扁鸥,UNKNOWN,扁鸥,措惑溃扼捞橇
[瞒妨辰] 货快 皑磨咐 歹茄 豪榜饭颇胶鸥,埃祈侥,剐虐飘,RTC_MEAL,剐虐飘,瞒妨辰
[辑匡快蜡] 酒魔俊 滚磐 200g,蜡力前,滚磐/积农覆,DAIRY,滚磐,辑匡快蜡
"窍罢促令 颇牢飘 檬妮复 (趁悼), 473ml, 1俺涝, 1俺 34%17,900盔 11,670盔 (10ml寸 247盔) 郴老(老) 货寒 档馒 焊厘 5 (6888) 弥措 584盔 利赋",埃侥幅,檬妮复/荤帕,SNACK,檬妮复,窍罢促令
[CU 侨诀] 宏肺靛荤捞靛 箕档,贱,客牢,ALCOHOL,拳捞飘 客牢,宏肺靛荤捞靛
[急拱技飘] 辫沥券全伙 6斥辟 全伙咀,固殿废 墨抛绊府,扁鸥,UNKNOWN,扁鸥,辫沥券全伙
[Better me] 归祸 备款鄂 10备,腊幅/拌鄂,拌鄂,RAW_MEAT,备款鄂,Better me
"备备 农矾胶磐 酒捞胶农覆 (趁悼), 660ml, 1俺涝, 1俺 且牢9%5,500盔 5,000盔 (10ml寸 76盔) 郴老(老) 货寒 档馒 焊厘 5 (26123) 弥措 235盔 利赋",埃侥幅,叼历飘/纳捞农,BAKERY,酒捞胶农覆,吩单
"磅磅 磨饭魂 喉风海府, 125g, 1俺 3,000盔 (100g寸 2,400盔) 郴老(老) 货寒 档馒 焊厘 4.5 (4949) 弥措 150盔 利赋",苞老/斑苞幅,苞老,RAW_FRUIT,喉风海府,磅磅
[窍捞器农] 茄捣 格混 备捞侩 500g (趁厘),腊幅/拌鄂,蹬瘤绊扁,RAW_MEAT,格混,窍捞器农
[弊腐单捞] 敲饭牢 夸芭飘 1.8L,蜡力前,夸芭飘,DAIRY,夸芭飘,弊腐单捞
[Dole] 饶讽呐 舅肺内内,苞老/斑苞幅,苞老,RAW_FRUIT,苞老呐,Dole
[CU 侨诀] 扼技聪胶隔硅摹,贱,扁鸥 林幅,ALCOHOL,困胶虐,庆红鳃 刘幅家
"傍瞒 倾聪磊根喉发萍, 20g, 20俺涝, 1俺 6,900盔 (10g寸 173盔) 郴老(老) 档馒 焊厘 4.5 (1693) 弥措 345盔 利赋",澜丰,目乔/瞒,BEVERAGE,喉发萍,傍瞒
"啪揪 力肺 颇牢局敲氢 藕魂澜丰, 1.5L, 12俺 11%14,900盔 13,200盔 (100ml寸 73盔) 郴老(老) 档馒 焊厘 5 (9251) 弥措 660盔 利赋",澜丰,藕魂澜丰,BEVERAGE,啪揪,老拳
[歹 箕柠抛府酒] 喉风固 混扼固 鳖铆配饭 6辆,腊幅/拌鄂,啊傍腊(擒/家矫瘤),PROCESSED_MEAT,混扼固,歹 箕柠抛府酒
[檬具] 稠舅妮 蜡令酱牡 350mL,贱,扁鸥 林幅,ALCOHOL,蜡令酱牡,檬具
公丑距 趁悼 窜龋冠 500g,盲家/邦拱幅,盲家,RAW_PRODUCE,窜龋冠,
"瘤吝秦侥 圾矾靛盲家, 280g, 1俺, 1俺涝 3,290盔 (100g寸 1,175盔) 郴老(老) 货寒 档馒 焊厘 4.5 (284) 弥措 165盔 利赋",埃祈侥,圾矾靛蒲,RTC_MEAL,圾矾靛,
[归汲] 何魔 & 脾辫 啊风 2辆,炼固丰,啊风盒富,SAUCE_SEASONING,何魔啊风,归汲
[官抚剖] 模券版 快钧 300g,盲家/邦拱幅,盲家,RAW_PRODUCE,快钧,官抚剖
"惫魂 100% 厚捞明 快府尼 没惫厘啊风, 1俺, 500g 且牢52%26,900盔 12,900盔 (100g寸 2,580盔) 郴老(老) 档馒 焊厘 5 (1362) 弥措 645盔 利赋",炼固丰,啊风盒富,SAUCE_SEASONING,没惫厘 盒富,厚捞明
"淬磐 酒捞胶萍 汗件酒, 14g, 80俺涝, 1俺 12,200盔 (10g寸 109盔) 郴老(老) 档馒 焊厘 货 惑前, 馆前-固俺豪 (52) 弥历10,790盔 5 (25370) 弥措 610盔 利赋",炼固丰,啊风盒富,SAUCE_SEASONING,酒捞胶萍 盒富,淬磐
"吩单力苞 摹配胶 概霓崔霓 苞磊, 82g, 3俺 60%9,000盔 3,600盔 (10g寸 146盔) 郴老(老) 货寒 档馒 焊厘 5 (1610) 弥措 180盔 利赋",埃侥幅,苞磊/胶臣,SNACK,摹配胶,吩单
[Kim's butcher] 固惫魂 蹬瘤绊扁 箕宏箕宏 500g(趁悼),腊幅/拌鄂,蹬瘤绊扁,RAW_MEAT,箕宏箕宏侩 蹬瘤绊扁,Kim's butcher
[辑匡快蜡] 唱 100% 历瘤规 快蜡 1.8L,蜡力前,快蜡/滴蜡,DAIRY,历瘤规 快蜡,辑匡快蜡
[荐固苞] 拳盲侩 炼阿 荐冠 600g,苞老/斑苞幅,苞老,RAW_FRUIT,荐冠,荐固苞
"其捞厘宏福烹 鳖噶海福摹令, 125g, 1俺涝, 3俺 15,610盔 (10g寸 416盔) 郴老(老) 货寒 档馒 焊厘 5 (3685) 弥措 780盔 利赋",蜡力前,摹令,DAIRY,鳖噶海福 摹令,其捞厘宏福烹
[措茄力老固] 矫岿固家固 20kg,盲家/邦拱幅,揭/棱邦,GRAIN,揭,措茄力老固
[伙腊滴蜡] 八篮尼 汉篮蓖府 滴蜡 (190mL X 16俺),蜡力前,快蜡/滴蜡,DAIRY,滴蜡,伙腊滴蜡
"扼牢官轿 饭阁 公扼骇, 500ml, 20俺 29%12,000盔 8,450盔 (100ml寸 85盔) 郴老(老) 档馒 焊厘 5 (4188) 弥措 423盔 利赋",澜丰,藕魂澜丰,BEVERAGE,藕魂荐,扼牢官轿
[畴喉饭荤 胆 荐福] 蜡扁丑 俊内 唱捞飘 竣胶飘扼滚柳 坷老 500mL,炼固丰,侥侩蜡/扁抚,SAUCE_SEASONING,棵府宏坷老,畴喉饭荤 胆 荐福
[付令] 骏矩骏令 喉废 酒阁靛 45g,埃侥幅,檬妮复/荤帕,SNACK,檬妮复,付令
[坷鸥饶捻] 檬逛侩 侥檬,炼固丰,剧充/家胶,SAUCE_SEASONING,侥檬,坷鸥饶捻
[酱欺虐模] 酒昏捞绊眠等厘公魔,埃祈侥,馆蛮幅,SIMPLE_PROCESSED,绊眠 公魔,酱欺虐模
"[绢霸牢府橇饭浆] 圾矾靛 8辆 (琶1, 府春倔)",埃祈侥,圾矾靛蒲,RTC_MEAL,圾矾靛,绢霸牢府橇饭浆
[秦怕] 权繁杭 檬内 4锅甸 164g,埃侥幅,苞磊/胶臣,SNACK,权繁杭,秦怕
"概老滴蜡 99.9 敲饭牢, 950ml, 12俺 28,200盔 (100ml寸 247盔) 郴老(老) 档馒 焊厘 货 惑前, 馆前-固俺豪 (7) 弥历26,790盔 5 (35309) 弥措 1,410盔 利赋",蜡力前,快蜡/滴蜡,DAIRY,滴蜡,概老
[付聪目俊橇矩瘤] 官荤昏 摹挪 催促府 420g,埃祈侥,趁悼侥前,FROZEN_MEAL,趁悼 摹挪,付聪目俊橇矩瘤
"给抄捞 荤苞, 1.5kg(家苞, 8~10涝), 1俺 10,370盔 (100g寸 691盔) 郴老(老) 货寒 档馒 焊厘 4.5 (16456) 弥措 519盔 利赋",苞老/斑苞幅,苞老,RAW_FRUIT,荤苞,
"府瘤 泅固蜡 敲矾胶, 1L, 1俺 24%17,000盔 12,900盔 (100ml寸 1,290盔) 郴老(老) 档馒 焊厘 5 (6436) 弥措 645盔 利赋",炼固丰,侥侩蜡/扁抚,SAUCE_SEASONING,泅固蜡,府瘤
[带挪档呈明]  固聪 海捞臂 2辆 (50gX5俺涝) (琶1),埃侥幅,户幅,BAKERY,海捞臂,带挪档呈明
辑魂 腊率 付疵 100g,盲家/邦拱幅,盲家,RAW_PRODUCE,付疵,
"惫郴魂 颊龙 何眠, 100g, 1俺 1,920盔 (100g寸 1,920盔) 郴老(老) 货寒 档馒 焊厘 5 (72419) 弥措 96盔 利赋",盲家/邦拱幅,盲家,RAW_PRODUCE,何眠,
"惫郴魂 公丑距 归格捞滚几, 150g, 1俺 3,420盔 (100g寸 2,280盔) 郴老(老) 货寒 档馒 焊厘 5 (8412) 弥措 171盔 利赋",盲家/邦拱幅,滚几,RAW_PRODUCE,归格捞滚几,
[丑缴] 辫摹荤惯搁 6涝,埃祈侥,扼搁,INSTANT,辫摹荤惯搁,丑缴
"秦怕htb 哎硅荤捞促, 355ml, 24俺 12,980盔 (100ml寸 152盔) 郴老(老) 档馒 焊厘 5 (17148) 弥措 649盔 利赋",澜丰,藕魂澜丰,BEVERAGE,荤捞促,秦怕htb
"剐扼 付胶墨器匙 摹令, 250g, 1俺涝, 1俺 8,870盔 (10g寸 355盔) 郴老(老) 货寒 档馒 焊厘 5 (19133) 弥措 444盔 利赋",蜡力前,摹令,DAIRY,付胶墨器匙 摹令,剐扼
"单聪浆 宏府 摹令, 125g, 1俺涝, 1俺 5,600盔 (10g寸 448盔) 郴老(老) 货寒 档馒 焊厘 5 (293) 弥措 280盔 利赋",蜡力前,摹令,DAIRY,宏府 摹令,单聪浆
"没坷扒碍 蜡扁丑 揭啊风, 350g, 1俺 3,750盔 (100g寸 1,071盔) 郴老(老) 档馒 焊厘 5 (6483) 弥措 188盔 利赋",炼固丰,啊风盒富,SAUCE_SEASONING,揭啊风,没坷扒碍
[欺聪飘] 府倔 蜡扁丑 NFC 籍幅林胶 2捍 技飘,澜丰,林胶,BEVERAGE,籍幅林胶,欺聪飘
[评圈瓢] 坷府瘤朝 喉坊靛 颇牢 弊扼牢靛 目乔 300g,澜丰,目乔/瞒,BEVERAGE,目乔啊风,评圈瓢
[莉郊呼] 家矫瘤 3辆,腊幅/拌鄂,啊傍腊(擒/家矫瘤),PROCESSED_MEAT,家矫瘤,莉郊呼
"技固盔 货快 乔浆杭 (趁悼), 500g, 1俺 8,430盔 (100g寸 1,686盔) 郴老(老) 货寒 档馒 焊厘 4.5 (3810) 弥措 421盔 利赋",荐魂拱,绢腊啊傍侥前,SIMPLE_PROCESSED,乔浆杭,技固盔
"没沥盔 惫郴魂 尼 滴何, 340g, 2涝 4,990盔 (100g寸 734盔) 郴老(老) 货寒 档馒 焊厘 5 (3700) 弥措 250盔 利赋",盲家/邦拱幅,尼/滴何,SIMPLE_PROCESSED,滴何,没沥盔
[皋捞霖春飘府] 蔫函沁绢 瞒傈磊乔侥捞级蜡 (15老盒),炼固丰,啊风盒富,SAUCE_SEASONING,瞒傈磊乔 盒富,皋捞霖春飘府
[吩单溃仟靛] 备备 酒捞胶农覆 3辆 (琶1),埃侥幅,叼历飘/纳捞农,BAKERY,酒捞胶农覆,吩单
[寝丛付阑] 柄家陛 100g,炼固丰,炼固丰,SAUCE_SEASONING,柄家陛,寝丛付阑
"扒碍茄逛惑 惫魂 疵焊府揭, 4kg, 1俺 19,900盔 (100g寸 498盔) 郴老(老) 档馒 焊厘 4.5 (14122) 弥措 995盔 利赋",盲家/邦拱幅,揭/棱邦,GRAIN,焊府揭,扒碍茄逛惑
"辑匡快蜡 唱100% 历瘤规快蜡, 2.3L, 1俺 7,430盔 (100ml寸 323盔) 郴老(老) 货寒 档馒 焊厘 5 (180160) 弥措 371盔 利赋",蜡力前,快蜡/滴蜡,DAIRY,历瘤规 快蜡,辑匡快蜡
[龋怪胶 檬埃祈 惫拱夸府] 家绊扁 固开惫,埃祈侥,饭飘肺飘,RTC_MEAL,饭飘肺飘,龋怪胶 檬埃祈 惫拱夸府
"器胶飘 酒阁靛饶饭捞农620g, 620g, 1俺 5,700盔 (100g寸 919盔) 郴老(老) 货寒 档馒 焊厘 5 (5877) 弥措 285盔 利赋",惑柯侥前,矫府倔,GRAIN,酒阁靛 饶饭捞农,器胶飘
"秤明矩海府胶 扒喉风海府, 400g, 1俺 15,270盔 (100g寸 3,818盔) 郴老(老) 档馒 焊厘 4.5 (1478) 弥措 764盔 利赋",苞老/斑苞幅,苞老,RAW_FRUIT,喉风海府,秤明矩海府胶
[KF365] 1+殿鞭 公亲积力 檬鄂 20备,腊幅/拌鄂,拌鄂,RAW_MEAT,拌鄂,KF365
"辑匡快蜡 唱 100% 快蜡, 1L, 6俺 7%18,900盔 17,520盔 (100ml寸 292盔) 郴老(老) 货寒 档馒 焊厘 5 (80888) 弥措 876盔 利赋",蜡力前,快蜡/滴蜡,DAIRY,快蜡,辑匡快蜡
"坷堆扁 柳扼搁 距埃概款咐 120g, 20俺 23%18,320盔 13,930盔 (1俺寸 697盔) 郴老(老) 档馒 焊厘 5 (8489) 弥措 696盔 利赋",埃祈侥,扼搁,INSTANT,柳扼搁 距埃概款咐,坷堆扁
[捣矫阁] 馒馏 饭阁林胶 1L,澜丰,林胶,BEVERAGE,饭阁林胶,捣矫阁
[肺锯坷瞒靛] 角滚凭 教臂 萍归 急拱技飘 5辆 (琶1),澜丰,目乔/瞒,BEVERAGE,萍归,肺锯坷瞒靛
"磅磅 惫郴魂 曼促贰 弊赴虐困, 1kg(吝), 1蒲 6,940盔 (100g寸 694盔) 郴老(老) 货寒 档馒 焊厘 4.5 (3717) 弥措 347盔 利赋",苞老/斑苞幅,苞老,RAW_FRUIT,虐困,磅磅
[扒绢拱惑雀] 烹康 绢赴捞戈摹 200g,荐魂拱,戈摹/扒绢拱,DRIED_SEAFOOD,戈摹,扒绢拱惑雀
[风&付福伎] 刨歹 农风酒惑 积瘤 (70g X 4俺),埃侥幅,户幅,BAKERY,积瘤,风&付福伎
[辆啊] 咐辫摹 400g (80g*5ea),埃祈侥,馆蛮幅,SIMPLE_PROCESSED,硅眠辫摹,辆啊
[汲己格厘] 力林 汲己擒 200g,腊幅/拌鄂,啊傍腊(擒/家矫瘤),PROCESSED_MEAT,擒,汲己格厘
[剐饭狼傍规] 坷鄂促 2辆 (琶1),埃侥幅,苞磊/胶臣,SNACK,坷鄂促,剐饭狼傍规
"胶固饶风 皑槛空 官唱唱, 1.2kg, 1俺 4,580盔 (100g寸 382盔) 郴老(老) 货寒 档馒 焊厘 4.5 (189131) 弥措 229盔 利赋",苞老/斑苞幅,苞老,RAW_FRUIT,官唱唱,胶固饶风
[快府剐] 积积 皑磊 克缴捞 4俺涝,盲家/邦拱幅,搁幅,GRAIN,克缴捞,快府剐
"官弗固阿 绕楷 颇橇府墨 矫令醋, 60g, 1俺 44%9,800盔 5,460盔 (100g寸 9,100盔) 郴老(老) 档馒 焊厘 4.5 (1210) 弥措 273盔 利赋",炼固丰,啊风盒富,SAUCE_SEASONING,颇橇府墨 盒富,官弗固阿
"没沥盔鉴芒 檬绊眠厘, 1kg, 2俺 捻迄且牢11%6,980盔 6,180盔 (100g寸 309盔) 郴老(老) 档馒 焊厘 5 (73774) 弥措 309盔 利赋",炼固丰,剧充/家胶,SAUCE_SEASONING,檬绊眠厘,没沥盔鉴芒
"磊楷局蛮 公亲积力 1殿鞭 漂鄂, 30备, 1俺 10,500盔 (1备寸 350盔) 郴老(老) 货寒 档馒 焊厘 4.5 (4124) 弥措 525盔 利赋",腊幅/拌鄂,拌鄂,RAW_MEAT,拌鄂,磊楷局蛮
"剐府宏 泅固, 5kg, 1俺 14,900盔 (100g寸 298盔) 郴老(老) 档馒 焊厘 4.5 (388) 弥措 745盔 利赋",盲家/邦拱幅,揭/棱邦,GRAIN,泅固,剐府宏
[楷技快蜡 x 付南拿府] 傈侩格厘快蜡 900mL,蜡力前,快蜡/滴蜡,DAIRY,快蜡,楷技快蜡
模券版 措颇 250g,盲家/邦拱幅,盲家,RAW_PRODUCE,措颇,
[急拱技飘] 咐狼疙怕磊 鉴疙鄂 技飘,荐魂拱,绢鄂,RAW_SEAFOOD,疙鄂,咐狼疙怕磊
[Kurly's] 茄捣 伙般 海捞牧,腊幅/拌鄂,啊傍腊(擒/家矫瘤),PROCESSED_MEAT,海捞牧,Kurly's
"橇府固决 喉风海府 (趁悼), 2俺, 1kg 12,130盔 (100g寸 607盔) 郴老(老) 货寒 档馒 焊厘 4.5 (3774) 弥措 606盔 利赋",苞老/斑苞幅,趁悼苞老,SIMPLE_PROCESSED,趁悼 喉风海府,
[炼急胆府] 炼急龋炮 局敲颇捞 (50g X 3俺),埃侥幅,叼历飘/纳捞农,BAKERY,颇捞,炼急胆府
[老 矾胶萍内] 趁拘馒 竣胶飘扼 滚柳 棵府宏 坷老 500mL,炼固丰,侥侩蜡/扁抚,SAUCE_SEASONING,棵府宏坷老,老 矾胶萍内
蜡扁丑 措颇 500g,盲家/邦拱幅,盲家,RAW_PRODUCE,措颇,
[坷堆扁] 烤朝棱盲 4涝,埃祈侥,扼搁,INSTANT,烤朝 棱盲扼搁,坷堆扁
"剧颇傅 坷府瘤澄, 80g, 5俺 捻迄且牢13%5,800盔 5,000盔 (10g寸 125盔) 郴老(老) 档馒 焊厘 5 (20761) 弥措 250盔 利赋",埃侥幅,苞磊/胶臣,SNACK,剧颇傅,丑缴
[绷匙] 催啊娇混 积具盲 拱父滴,埃祈侥,趁悼侥前,FROZEN_MEAL,趁悼 父滴,绷匙
"丑缴 皑磊兵, 250g, 1俺 4,050盔 (10g寸 162盔) 郴老(老) 档馒 焊厘 5 (15878) 弥措 203盔 利赋",埃侥幅,苞磊/胶臣,SNACK,皑磊兵,丑缴
"巢剧蜡诀 咐乐绰 快蜡 GT, 8俺, 200ml 7,950盔 (100ml寸 497盔) 郴老(老) 货寒 档馒 焊厘 5 (504) 弥措 398盔 利赋",蜡力前,快蜡/滴蜡,DAIRY,快蜡,巢剧
[固磊攫聪匙] 概霓 吝戈摹汉澜,埃祈侥,馆蛮幅,SIMPLE_PROCESSED,戈摹汉澜,固磊攫聪匙
[炼急龋炮] 绊福帮凉扼 乔磊,埃祈侥,趁悼侥前,FROZEN_MEAL,趁悼 乔磊,炼急龋炮
[CJ] 柳茄 甸柄漠惫荐 (2牢盒),埃祈侥,剐虐飘,RTC_MEAL,剐虐飘,CJ
[丑缴] 坷府瘤澄 豪瘤 苞磊 7辆 (琶1)(吝荤捞令),埃侥幅,苞磊/胶臣,SNACK,苞磊,丑缴
"倒 海飘巢 官唱唱, 2蒲, 1.2kg 郴寇 8,240盔 (100g寸 343盔) 郴老(老) 货寒 档馒 焊厘 4.5 (10387) 弥措 412盔 利赋",苞老/斑苞幅,苞老,RAW_FRUIT,官唱唱,倒
[歹扒碍茄] 催啊娇混 鉴混 纳捞霖 100g,腊幅/拌鄂,催绊扁,RAW_MEAT,催啊娇混,歹扒碍茄
[秦钎] 墨愁扼蜡 900mL,炼固丰,侥侩蜡/扁抚,SAUCE_SEASONING,墨愁扼蜡,秦钎
"磅磅 公亲积力 磊楷规荤 蜡沥鄂, 1俺, 15备 9,990盔 (1备寸 666盔) 郴老(老) 货寒 档馒 焊厘 5 (2568) 弥措 500盔 利赋",腊幅/拌鄂,拌鄂,RAW_MEAT,拌鄂,磅磅
[没沥盔] 酒焊墨档 坷老 230mL,炼固丰,侥侩蜡/扁抚,SAUCE_SEASONING,酒焊墨档 坷老,没沥盔
[急拱技飘] 扁拳捍啊 凭纳捞胶 捻虐 内舅扼 198g,埃侥幅,苞磊/胶臣,SNACK,捻虐,扁拳捍啊
"坷府柯 传阑皑磊 胶臣, 56g, 3俺 36%7,230盔 4,570盔 (10g寸 272盔) 郴老(老) 货寒 档馒 焊厘 5 (1825) 弥措 229盔 利赋",埃侥幅,苞磊/胶臣,SNACK,传阑皑磊,坷府柯
"扒碍邦埃 惯酒泅固, 1kg, 1俺 5,900盔 (100g寸 590盔) 郴老(老) 货寒 档馒 焊厘 5 (73) 弥措 295盔 利赋",盲家/邦拱幅,揭/棱邦,GRAIN,泅固,扒碍邦埃
"坷堆扁烤朝 曼扁抚, 500ml, 3俺 18,200盔 (10ml寸 121盔) 郴老(老) 档馒 焊厘 5 (207247) 弥措 910盔 利赋",炼固丰,侥侩蜡/扁抚,SAUCE_SEASONING,曼扁抚,坷堆扁
[盔俊捞目剖] 饭靛滚磐庆靛 饭磐胶 (2涝),盲家/邦拱幅,盲家,RAW_PRODUCE,惑眠,盔俊捞目剖
[CU 侨诀] 何浆剐12斥教臂(脚),贱,扁鸥 林幅,ALCOHOL,困胶虐,棵靛 何浆剐 刘幅家
[坷惯藕] 家蚌芒傈榜 1kg,埃祈侥,饭飘肺飘,RTC_MEAL,饭飘肺飘,坷惯藕
"荤炼 疙前 辫逛犁丰 5辆 技飘, 520g, 1技飘 9,100盔 (100g寸 1,750盔) 郴老(老) 货寒 档馒 焊厘 5 (115540) 弥措 455盔 利赋",惑柯侥前,辫/磊馆,DRIED_SEAFOOD,辫,荤炼 
[秦淬家蛮] 剧颇 厘酒骂,埃祈侥,馆蛮幅,SIMPLE_PROCESSED,剧颇 厘酒骂,秦淬家蛮
"冈绰基拱魂荐 啊涵款基 公扼骇, 500ml, 60俺 21%14,700盔 11,610盔 (100ml寸 39盔) 郴老(老) 档馒 焊厘 5 (35100) 弥措 580盔 利赋",澜丰,积荐,BEVERAGE,积荐,冈绰基拱魂荐
"胶固饶风 鞘府巧魂 官唱唱, 1俺, 1kg 3,790盔 (100g寸 379盔) 郴老(老) 货寒 档馒 焊厘 4.5 (2552) 弥措 170盔 利赋",苞老/斑苞幅,苞老,RAW_FRUIT,官唱唱,胶固饶风
"磅磅 寸档急喊 荤苞客 硅 技飘 1kg, 1技飘 10,780盔 郴老(老) 货寒 档馒 焊厘 4 (2085) 弥措 539盔 利赋",苞老/斑苞幅,苞老,RAW_FRUIT,葛狄 苞老,磅磅
[CU 侨诀] 牧飘府 饭牢 贾萍靛 墨扼羔,贱,扁鸥 林幅,ALCOHOL,府钮福,牧飘府 饭牢
[辫沥硅疙牢] 力林 烹戈摹粒 2辆 (琶1),炼固丰,炼固丰,SAUCE_SEASONING,戈摹咀粒,辫沥硅疙牢
[乔磊肺后郊] 春垮 皋啊 浇扼捞胶 乔磊 付福霸府蝶,埃祈侥,趁悼侥前,FROZEN_MEAL,趁悼 乔磊,乔磊肺后郊
[荤炼措覆] 霸咐混 奴儡摹 300g,荐魂拱,绢腊啊傍侥前,SIMPLE_PROCESSED,霸咐混,荤炼措覆
蜡扁丑 棱邦 焊府 4辆,盲家/邦拱幅,揭/棱邦,GRAIN,焊府揭,
[棵付饭] 侗催档府帕,埃祈侥,剐虐飘,RTC_MEAL,剐虐飘,棵付饭
"个局炼拳 力荐侩 扒措眠 漂檬, 150g, 1俺 7,090盔 (100g寸 4,727盔) 郴老(老) 货寒 档馒 焊厘 4.5 (1547) 弥措 355盔 利赋",苞老/斑苞幅,苞老,RAW_FRUIT,措眠,个局炼拳
"海瘤剐 17邦 茄尝滴蜡, 190ml, 16俺 9,490盔 (100ml寸 312盔) 郴老(老) 档馒 焊厘 5 (23608) 弥措 475盔 利赋",蜡力前,快蜡/滴蜡,DAIRY,滴蜡,海瘤剐
[伙赋] 固聪 部付 窜葡龋户,埃侥幅,户幅,BAKERY,龋户,伙赋
[舅饭父叼] 颇胶鸥搁 7辆 (琶1),盲家/邦拱幅,搁幅,GRAIN,颇胶鸥搁,舅饭父叼
"怕堡急侥 辑府怕肺 歹宽 绊家秦柳 蓖府溅捞农, 1.2kg, 1俺 1%16,800盔 16,500盔 (100g寸 1,375盔) 郴老(老) 档馒 焊厘 4.5 (37727) 弥措 784盔 利赋",炼固丰,啊风盒富,SAUCE_SEASONING,邦拱啊风,怕堡急侥
"磅磅 柯啊练 夸备福飘, 750ml, 1俺涝, 1俺 1,820盔 (10ml寸 24盔) 郴老(老) 货寒 档馒 焊厘 5 (21388) 弥措 91盔 利赋",蜡力前,夸芭飘,DAIRY,夸备福飘,磅磅
[炼剂扑] 其欺黎&付喉黎&阁抛饭捞黎 摹令 907g,蜡力前,摹令,DAIRY,摹令,炼剂扑
磊弗 固开 30g ( 10牢盒 郴寇),荐魂拱,固开/促矫付,DRIED_SEAFOOD,固开,
"惫郴魂 寸辟 盲, 200g, 1蒲 2,440盔 (100g寸 1,220盔) 郴老(老) 货寒 档馒 焊厘 5 (10962) 弥措 122盔 利赋",盲家/邦拱幅,盲家,RAW_PRODUCE,寸辟,
[力林局岿酒狐甸] 1殿鞭 公亲积力 力林鄂 15备,腊幅/拌鄂,拌鄂,RAW_MEAT,拌鄂,力林局岿酒狐甸
[歹坷淬] 矫唱阁 泅固 扑胶平 200g,埃侥幅,苞磊/胶臣,SNACK,碍沥,歹坷淬
"秦钎 鉴饶眠, 200g, 1俺 58%12,800盔 5,350盔 (10g寸 268盔) 郴老(老) 档馒 焊厘 5 (5566) 弥措 268盔 利赋",炼固丰,氢脚丰/倾宏,SAUCE_SEASONING,饶眠,秦钎
"官弗邦拱 惫魂 慢揭, 1俺, 1kg 49%11,900盔 5,980盔 (100g寸 598盔) 郴老(老) 档馒 焊厘 4.5 (18387) 弥措 299盔 利赋",盲家/邦拱幅,揭/棱邦,GRAIN,慢揭,官弗邦拱
[教内 龋鸥胶] 捞海府内 海夸鸥 窍根,腊幅/拌鄂,啊傍腊(擒/家矫瘤),PROCESSED_MEAT,窍根,教内 龋鸥胶
[辫家康 酒萍厘狼 救窜抛] 矫俊扼 匙官促 弊贰瘤绢 啊堪 滚磐 227g,蜡力前,滚磐/积农覆,DAIRY,啊堪滚磐,辫家康 酒萍厘狼 救窜抛
[全急厘] 戈摹 漠惫荐 2牢盒,埃祈侥,剐虐飘,RTC_MEAL,剐虐飘,全急厘
[25-26寝棵府宏] [乔捻舅府酒] 橇府固决 乔捻舅 竣胶飘扼滚柳 500mL,炼固丰,侥侩蜡/扁抚,SAUCE_SEASONING,棵府宏坷老,乔捻舅府酒
"坷堆扁 烤朝 备荐茄 穿奉瘤, 300g, 1俺 5,580盔 (100g寸 1,860盔) 郴老(老) 档馒 焊厘 货 惑前, 馆前-固俺豪 (19) 弥历5,300盔 5 (12579) 弥措 279盔 利赋",埃侥幅,苞磊/胶臣,SNACK,穿奉瘤,坷堆扁
[侩滴悼且概] 倡瘤 汉澜,埃祈侥,饭飘肺飘,RTC_MEAL,饭飘肺飘,侩滴悼且概
[急拱技飘] 龋沥啊 慢揭距苞 固聪技飘 (措) (碱俏归 刘沥),埃侥幅,叼历飘/纳捞农,BAKERY,距苞,龋沥啊
"家拳啊肋登绰快蜡 历瘤规 遏配橇府 快蜡, 930ml, 2俺 7,420盔 (100ml寸 399盔) 郴老(老) 货寒 档馒 焊厘 5 (58849) 弥措 371盔 利赋",蜡力前,快蜡/滴蜡,DAIRY,遏配橇府 快蜡,家拳啊肋登绰快蜡
"寝馆 架馆 曹距逛, 210g, 2俺 捻迄且牢50%8,960盔 4,480盔 (100g寸 1,067盔) 郴老(老) 档馒 焊厘 5 (9478) 弥措 224盔 利赋",埃祈侥,饭飘肺飘,RTC_MEAL,饭飘肺飘,寝馆
[档力侥户] 帕辆 烹剐侥户 440g,埃侥幅,户幅,BAKERY,侥户,档力侥户
[胆府摹坷] 龋林魂 救缴 慢胶抛捞农 250g (趁厘),腊幅/拌鄂,家绊扁,RAW_MEAT,救缴,胆府摹坷
"胶鸥棍胶 喉沸靛 肺胶飘 酒皋府墨畴 盔滴目乔胶平, 1.1g, 30俺涝, 1俺 9,790盔 (10g寸 2,967盔) 郴老(老) 档馒 焊厘 5 (1193) 弥措 490盔 利赋",澜丰,目乔/瞒,BEVERAGE,目乔啊风,胶鸥棍胶
"惫郴魂 龋冠绊备付, 700g, 1豪 3,630盔 (100g寸 519盔) 郴老(老) 货寒 档馒 焊厘 4.5 (61106) 弥措 181盔 利赋",盲家/邦拱幅,盲家,RAW_PRODUCE,龋冠绊备付,
"惫郴魂 何眠, 150g, 2豪 3,490盔 (100g寸 1,163盔) 郴老(老) 货寒 档馒 焊厘 5 (204326) 弥措 175盔 利赋",盲家/邦拱幅,盲家,RAW_PRODUCE,何眠,
"惫郴魂 全皑磊, 1kg, 1俺 7,690盔 (100g寸 769盔) 郴老(老) 货寒 档馒 焊厘 4.5 (1597) 弥措 385盔 利赋",盲家/邦拱幅,盲家,RAW_PRODUCE,全皑磊,
[沥馒腊]春龙罚靛魂 剧哎厚 300g,腊幅/拌鄂,剧绊扁,RAW_MEAT,剧哎厚,沥馒腊
"坷堆扁 柳芦煌 呐 75g, 6俺 7%6,980盔 6,450盔 (1俺寸 1,075盔) 郴老(老) 档馒 焊厘 5 (12903) 弥措 323盔 利赋",埃祈侥,扼搁,INSTANT,柳芦煌,坷堆扁
"浅斥力苞 快府剐 荐力 檬内颇捞 坷府瘤澄 + 拳捞飘, 70g, 6俺涝, 1技飘 14,350盔 (10g寸 342盔) 郴老(老) 货寒 档馒 焊厘 4.5 (2868) 弥措 718盔 利赋",埃侥幅,苞磊/胶臣,SNACK,檬内颇捞,浅斥力苞
[没沥盔] 鉴芒 (泅固)代概款 绊眠厘 2辆 (琶1),炼固丰,剧充/家胶,SAUCE_SEASONING,绊眠厘,没沥盔
"悼盔 JUST 畴酱啊 胶困飘能, 340g, 4俺 34%9,120盔 6,000盔 (10g寸 44盔) 郴老(老) 档馒 焊厘 5 (8684) 弥措 300盔 利赋",惑柯侥前,曼摹/胶圃牡,CANNED,苛荐荐牡,悼盔
[欧贾肺阁] 揪 绝绰 捞胶扼郡魂 措眠具磊 200g (前辆: 皋靛临),苞老/斑苞幅,苞老,RAW_FRUIT,措眠具磊,欧贾肺阁
[乔浆僵] 颊龙 默抛老货快混 200g (趁悼) (31/40 荤捞令),荐魂拱,货快/霸,RAW_SEAFOOD,货快,乔浆僵
[CU 侨诀] 棵飘葛绢18斥,贱,扁鸥 林幅,ALCOHOL,困胶虐,官墨叼
[弊贰愁扼 窍快胶] 弊贰愁扼 500g 府鞘蒲 4辆 (琶1),惑柯侥前,矫府倔,GRAIN,弊贰愁扼,弊贰愁扼 窍快胶
[柯扁风] 官恩侗 (180g X 4俺),埃侥幅,侗,SNACK,官恩侗,柯扁风
"夸敲饭 喉风海府 钢萍 4p, 340g, 1俺 3,910盔 (10g寸 115盔) 郴老(老) 货寒 档馒 焊厘 5 (9387) 弥措 195盔 利赋",蜡力前,夸芭飘,DAIRY,夸芭飘,夸敲饭
[歹 歹摹] 胶葛农 摹令 2辆,蜡力前,摹令,DAIRY,绊促 摹令,歹 歹摹
"厚厚绊 绊窜归 绊殿绢备捞, 60g, 6俺 33%32,880盔 21,930盔 (10g寸 609盔) 郴老(老) 货寒 档馒 焊厘 5 (19741) 弥措 1,096盔 利赋",荐魂拱,绢腊啊傍侥前,SIMPLE_PROCESSED,积急备捞,厚厚绊
模券版 滚磐庆靛饭磐胶,盲家/邦拱幅,盲家,RAW_PRODUCE,惑眠,
"归斥丑啊 玫驱柳急氢 归固, 惑殿鞭, 1俺, 4kg 19,900盔 (100g寸 498盔) 郴老(老) 档馒 焊厘 5 (733) 弥措 995盔 利赋",盲家/邦拱幅,揭/棱邦,GRAIN,揭,归斥丑啊
[Better me] 归祸 馆槛鄂 10备,腊幅/拌鄂,拌鄂,RAW_MEAT,馆槛鄂,Better me
[羔萍农] 颇海 檬妮复 2辆,埃侥幅,檬妮复/荤帕,SNACK,檬妮复,羔萍农
[绊贰荤] 绊贰凭 绊窜归 备款摹令,蜡力前,摹令,DAIRY,摹令,绊贰荤
"积积器农 菊促府 阂绊扁 (趁厘), 500g, 1俺 9,240盔 (100g寸 1,848盔) 郴老(老) 货寒 档馒 焊厘 4.5 (26166) 弥措 462盔 利赋",腊幅/拌鄂,蹬瘤绊扁,RAW_MEAT,蹬瘤 菊促府混,积积器农
[阑瘤促遏] 概霓农覆 颇胶鸥 剐虐飘 (2牢),埃祈侥,剐虐飘,RTC_MEAL,剐虐飘,阑瘤促遏
[剧器绢厘] 睬摹 苞皋扁 柳傍器厘 260g (趁厘),荐魂拱,戈摹/扒绢拱,DRIED_SEAFOOD,苞皋扁,剧器绢厘
[Ozen] 绕力楷绢 浇扼捞胶 360g 2辆 (趁悼) (琶1),荐魂拱,绢腊啊傍侥前,SIMPLE_PROCESSED,绕力楷绢,Ozen
[捻困] 啪饶福明 俩府 5辆 (琶1),埃侥幅,檬妮复/荤帕,SNACK,俩府,捻困
[辑碍蜡诀] 伙玫器酒魔 戈摹腊荐,炼固丰,炼固丰,SAUCE_SEASONING,戈摹腊荐,辑碍蜡诀
"伙龋绢宫 CJ 沥烹绢宫帕, 336g, 2俺 捻迄且牢33%9,760盔 6,520盔 (100g寸 970盔) 郴老(老) 货寒 档馒 焊厘 5 (13202) 弥措 326盔 利赋",埃祈侥,剐虐飘,RTC_MEAL,剐虐飘,CJ
[绊贰荤] 部摹绢宫傈榜&蜡何林赣聪 (姆俏侩),埃祈侥,剐虐飘,RTC_MEAL,剐虐飘,绊贰荤
"惫郴魂 局龋冠, 1俺涝, 3俺 6,920盔 (1俺寸 2,307盔) 郴老(老) 货寒 档馒 焊厘 5 (657168) 弥措 346盔 利赋",盲家/邦拱幅,盲家,RAW_PRODUCE,局龋冠,
[倒巧] 季家 橇饭档 倔妨冈绰 酒捞胶农覆 (40mL X 60俺),埃侥幅,叼历飘/纳捞农,BAKERY,酒捞胶农覆,倒巧
"模沥决付 惫魂 单模绊荤府, 450g (绊屈樊 150g), 1俺 6,580盔 (100g寸 1,462盔) 郴老(老) 货寒 档馒 焊厘 4.5 (16331) 弥措 329盔 利赋",盲家/邦拱幅,盲家,RAW_PRODUCE,绊荤府,模沥决付
"捞叼具 葛墨喉坊靛 目乔雇胶, 11.5g, 120俺涝, 1俺 16,740盔 (10g寸 121盔) 郴老(老) 档馒 焊厘 4.5 (18790) 弥措 837盔 利赋",澜丰,目乔/瞒,BEVERAGE,目乔雇胶,捞叼具
[概老] 官捞坷 ZERO 夸备福飘 (190ml X 6俺),蜡力前,夸芭飘,DAIRY,夸备福飘,概老
[概老] 倾浆 檬妮复 靛傅农 橇肺凭 (235mL X 24俺),蜡力前,快蜡/滴蜡,DAIRY,檬内快蜡,概老
[饭牢历胶骇府] 龋林魂 孺家MB3+ 拉殿缴 胶抛捞农 200g (趁厘),腊幅/拌鄂,家绊扁,RAW_MEAT,家 殿缴,饭牢历胶骇府
"焙广侩 漠笼 距窜广, 1俺, 500g 8,990盔 (100g寸 1,798盔) 郴老(老) 货寒 档馒 焊厘 4 (221) 弥措 450盔 利赋",苞老/斑苞幅,斑苞幅,RAW_FRUIT,广,
"巢剧蜡诀 胶抛厚酒 夸备福飘, 65ml, 16俺涝, 2俺 5,780盔 (10ml寸 28盔) 郴老(老) 货寒 档馒 焊厘 5 (5660) 弥措 289盔 利赋",蜡力前,夸芭飘,DAIRY,夸备福飘,巢剧
[扼皋福钱扼福] 橇尔胶 傈烹捻虐 & 迫饭飘 6辆 (琶1),埃侥幅,苞磊/胶臣,SNACK,捻虐,扼皋福钱扼福
"惫郴魂 入寸辟, 5kg, 1俺 11,250盔 (100g寸 225盔) 郴老(老) 货寒 档馒 焊厘 4.5 (296853) 弥措 563盔 利赋",盲家/邦拱幅,盲家,RAW_PRODUCE,寸辟,
[海瘤剐] 淬归茄 A 八篮尼 滴蜡 (190mL X 24俺),蜡力前,快蜡/滴蜡,DAIRY,滴蜡,海瘤剐
[农覆辑匡] 飘矾敲 农覆 侗汉捞,埃祈侥,剐虐飘,RTC_MEAL,剐虐飘,农覆辑匡
"啊柯局 舅顶尼, 1kg, 2俺 18,700盔 (100g寸 935盔) 郴老(老) 档馒 焊厘 4.5 (18438) 弥措 935盔 利赋",苞老/斑苞幅,斑苞幅,RAW_FRUIT,顶尼,啊柯局
[荐魂镑埃] 茄涝 盟盟 坷隆绢 50g,荐魂拱,坷隆绢/巩绢,RAW_SEAFOOD,坷隆绢,荐魂镑埃
[剧乞惑雀] 岿埃 曼扁抚 200mL,炼固丰,侥侩蜡/扁抚,SAUCE_SEASONING,曼扁抚,剧乞惑雀
[Biscuiterie de Provence] [剐啊风0%] 酒阁靛&檬妮复 纳捞农 240g,埃侥幅,叼历飘/纳捞农,BAKERY,纳捞农,Biscuiterie de Provence
"坷堆扁烤朝 汉澜曼柄, 200g, 2俺 1%10,560盔 10,430盔 (10g寸 261盔) 郴老(老) 档馒 焊厘 5 (31027) 弥措 521盔 利赋",盲家/邦拱幅,揭/棱邦,GRAIN,曼柄,坷堆扁
父瞒樊 窜龋冠 1烹,盲家/邦拱幅,盲家,RAW_PRODUCE,窜龋冠,
"绊皋 烹殿缴 捣墨明 (趁悼), 450g, 2俺 13%21,960盔 18,990盔 (100g寸 2,110盔) 郴老(老) 货寒 档馒 焊厘 5 (27867) 弥措 950盔 利赋",埃祈侥,趁悼侥前,FROZEN_MEAL,捣墨明,绊皋
[柳啊匙馆蛮] 付疵滦厘酒骂,盲家/邦拱幅,盲家,RAW_PRODUCE,付疵滦 厘酒骂,柳啊匙馆蛮
[巢剧] 付矫绰 阂啊府胶 汗件酒 (150mL X 4俺),蜡力前,夸芭飘,DAIRY,夸芭飘,巢剧
[悼堡粒哎] 绢府奔粒,埃祈侥,馆蛮幅,SIMPLE_PROCESSED,奔粒哎,悼堡粒哎
"坷汲废 力林 鉴荐踌瞒, 2g, 20俺涝, 2俺 20%22,000盔 17,600盔 (10g寸 2,200盔) 郴老(老) 档馒 焊厘 5 (5909) 弥措 880盔 利赋",澜丰,目乔/瞒,BEVERAGE,萍归,坷汲废
[CJ] 青汗茄尼 葛醋滴何 3辆 (琶1),盲家/邦拱幅,尼/滴何,SIMPLE_PROCESSED,滴何,CJ
"空堆脖 辫摹 呐扼搁 110g, 10俺 9,570盔 (1俺寸 957盔) 郴老(老) 档馒 焊厘 5 (41625) 弥措 479盔 利赋",埃祈侥,扼搁,INSTANT,辫摹 空堆脖,迫档
[抗蛮盔] 拌鄂合均惫 5俺涝  (喉钒惫),埃祈侥,饭飘肺飘,RTC_MEAL,饭飘肺飘,抗蛮盔
模券版 蕾盲家 并蕾 30g,盲家/邦拱幅,盲家,RAW_PRODUCE,并蕾,
[家迫家蚌芒] 家蚌芒,埃祈侥,剐虐飘,RTC_MEAL,剐虐飘,家迫家蚌芒
[钱公盔] 漂殿鞭 惫魂尼拱 960g,盲家/邦拱幅,尼/滴何,SIMPLE_PROCESSED,尼拱,钱公盔
"惫郴魂 茄尝 利惑眠, 80g, 1俺 1,490盔 (100g寸 1,863盔) 郴老(老) 货寒 档馒 焊厘 4.5 (7028) 弥措 75盔 利赋",盲家/邦拱幅,盲家,RAW_PRODUCE,利惑眠,
[海捞虐靛能] 坷红俊 备款 焙苛荐荐 胶臣 180g,埃侥幅,苞磊/胶臣,SNACK,焙苛荐荐 胶臣,海捞虐靛能
[碍巢搁苛] 荤榜 父滴 漠惫荐  (2牢盒),埃祈侥,剐虐飘,RTC_MEAL,剐虐飘,碍巢搁苛
[钱公盔] 悼拱汗瘤 备款鄂 20备 (埃厘家胶),腊幅/拌鄂,拌鄂,RAW_MEAT,备款鄂,钱公盔
蜡扁丑 促柳 妮府敲扼况 100g,盲家/邦拱幅,盲家,RAW_PRODUCE,妮府敲扼况,蜡扁丑
"厚遏 快蜡2U 家拳啊 肋登绰 祈救茄 快蜡, 2俺, 930ml 6,980盔 (100ml寸 375盔) 郴老(老) 货寒 档馒 焊厘 5 (1341) 弥措 349盔 利赋",蜡力前,快蜡/滴蜡,DAIRY,遏配橇府 快蜡,厚遏
"没沥盔 固盔 咐家陛 95g(侩扁屈) + 250g(豪瘤屈), 1俺, 345g 5,740盔 (100g寸 1,664盔) 郴老(老) 档馒 焊厘 5 (996) 弥措 287盔 利赋",炼固丰,炼固丰,SAUCE_SEASONING,咐家陛,没沥盔
GAP 飘府骇府 颇橇府墨 400g,盲家/邦拱幅,盲家,RAW_PRODUCE,颇橇府墨,GAP
[颇胶硼福] 官弗格厘 夸备福飘 (100mL X 5俺),蜡力前,夸芭飘,DAIRY,夸备福飘,颇胶硼福
"格快锰 林何 9窜 混内扁擒, 600g, 1俺 12%8,980盔 7,840盔 (10g寸 131盔) 郴老(老) 货寒 档馒 焊厘 5 (30607) 弥措 392盔 利赋",腊幅/拌鄂,啊傍腊(擒/家矫瘤),PROCESSED_MEAT,擒,格快锰
[坷府柯] 歹磊老府喷 箔 2辆 (琶1),埃侥幅,苞磊/胶臣,SNACK,箔,坷府柯
[秦怕] 漠官 橇肺凭官鄂胶 内内酒欺瘤 266g,埃侥幅,苞磊/胶臣,SNACK,窜归龙官,秦怕
"赣芭夯 汉澜顶尼, 300g, 1俺 3,990盔 (100g寸 1,330盔) 郴老(老) 档馒 焊厘 5 (7958) 弥措 200盔 利赋",苞老/斑苞幅,斑苞幅,RAW_FRUIT,顶尼,赣芭夯
"蜡肺仟靛 蜡扁丑 饭阁林胶, 500ml, 1俺 47%12,000盔 6,300盔 (100ml寸 1,260盔) 郴老(老) 货寒 档馒 焊厘 5 (3529) 弥措 236盔 利赋",澜丰,林胶,BEVERAGE,饭阁林胶,蜡肺仟靛
[炼急胆府] 炼急龋炮 捻虐急拱技飘 448g,埃侥幅,苞磊/胶臣,SNACK,捻虐,炼急胆府
"秦讣篮仟靛 颊龙 炔怕器, 1俺, 60g 4,980盔 (100g寸 8,300盔) 郴老(老) 货寒 档馒 焊厘 5 (536) 弥措 224盔 利赋",荐魂拱,戈摹/扒绢拱,DRIED_SEAFOOD,炔怕,秦讣篮仟靛
[葛葛胶目乔] 焊儿蝴 氢扁 喉坊靛 目乔 2辆(琶1),澜丰,目乔/瞒,BEVERAGE,目乔盔滴,葛葛胶目乔
[糠笼采丛捞匙] 流拳备捞 傈厘辫 30g X 6豪 (俊内归 刘沥),惑柯侥前,辫/磊馆,DRIED_SEAFOOD,辫,糠笼采丛捞匙
[遍歧] 悔鹅 单聪浆 侥户 3辆 (琶1),埃侥幅,户幅,BAKERY,侥户,遍歧
"巢剧苞荐盔 汗件酒, 190ml, 24俺 捻迄且牢44%14,900盔 8,200盔 (100ml寸 180盔) 郴老(老) 档馒 焊厘 货 惑前, 馆前-固俺豪 (53) 弥历5,100盔 5 (26523) 弥措 410盔 利赋",澜丰,林胶,BEVERAGE,汗件酒 林胶,巢剧苞荐盔
[Kurly's] 1++ 茄快 剧瘤 250g (趁厘),腊幅/拌鄂,家绊扁,RAW_MEAT,剧瘤,Kurly's
"剧馆 歹 官昏茄 辫, 5g, 24俺 9,570盔 (10g寸 798盔) 郴老(老) 档馒 焊厘 5 (2950) 弥措 479盔 利赋",惑柯侥前,辫/磊馆,DRIED_SEAFOOD,辫,剧馆辫
"窍疵焊府 俊内 公扼骇, 1.5L, 12俺 14,450盔 (100ml寸 80盔) 郴老(老) 档馒 焊厘 5 (40020) 弥措 723盔 利赋",澜丰,目乔/瞒,BEVERAGE,焊府瞒,堡悼
[酒墨其扼] 胶其既萍 俊萍坷乔酒 抗啊眉橇 目乔 (460mL X 4俺),澜丰,目乔/瞒,BEVERAGE,目乔,酒墨其扼
[柳啊匙馆蛮] 没剧绊眠 厘酒骂,埃祈侥,馆蛮幅,SIMPLE_PROCESSED,没剧绊眠 厘酒骂,柳啊匙馆蛮
"撅父陛 芒崇焙丑蛆 2025斥 禽揭 炔陛 皋堆扁揭, 惑殿鞭, 2kg, 1俺 9%9,900盔 8,980盔 (100g寸 449盔) 郴老(老) 档馒 焊厘 4.5 (269246) 弥措 449盔 利赋",盲家/邦拱幅,揭/棱邦,GRAIN,揭,丑蛆
[海虐酒俊穿焊] 尔靛箕 2辆 (琶1),埃侥幅,苞磊/胶臣,SNACK,捻虐,海虐酒俊穿焊
[家固] 矫坷促贰 剧硅眠 家胶 320g,炼固丰,剧充/家胶,SAUCE_SEASONING,剧硅眠侩 家胶,家固
[CU 侨诀] 幂夸饶捻公胶皋岭付捞,贱,扁鸥 林幅,ALCOHOL,荤纳,捞客荤虐
[藕窜瘤] 烹 催啊娇混 4辆 (1涝/4涝),腊幅/拌鄂,催绊扁,RAW_MEAT,催啊娇混,藕窜瘤
[鸥福凭海捞目府] 饭阁颇款靛纳捞农 410g,埃侥幅,叼历飘/纳捞农,BAKERY,纳捞农,鸥福凭海捞目府
[柳啊匙馆蛮] 鉴茄 柳固盲汉澜,埃祈侥,馆蛮幅,SIMPLE_PROCESSED,柳固盲 汉澜,柳啊匙馆蛮
[辫家康 酒萍厘狼 救窜抛] 器牢飘 饭捞胶 配付,蜡力前,摹令,DAIRY,配付 摹令,辫家康 酒萍厘狼 救窜抛
[KF365] 固惫魂 蹬瘤绊扁 伙般混 备捞侩 1kg,腊幅/拌鄂,蹬瘤绊扁,RAW_MEAT,伙般混,KF365
"模券版 例窜措颇, 300g, 1俺 3,990盔 (100g寸 1,330盔) 郴老(老) 货寒 档馒 焊厘 4.5 (9631) 弥措 200盔 利赋",盲家/邦拱幅,盲家,RAW_PRODUCE,措颇,
[圾矾靛魄促] 弊赴乏 击靛困摹 3辆,埃侥幅,户幅,BAKERY,击靛困摹,圾矾靛魄促
[剐农矩倾聪] 固聪 棵府宏侥户 (127g X 3俺),埃侥幅,户幅,BAKERY,侥户,剐农矩倾聪
[KF365] 盔剧魂 颊龙坷隆绢 320g (趁厘),荐魂拱,坷隆绢/巩绢,RAW_SEAFOOD,坷隆绢,KF365
"钱公盔 磊楷扒搁 脾扁瘤 臼绰 荤府搁 460g, 10俺 5,460盔 (1俺寸 546盔) 郴老(老) 档馒 焊厘 5 (2365) 弥措 273盔 利赋",埃祈侥,扼搁,INSTANT,荤府搁,钱公盔
"辑匡快蜡 格厘狼 脚急窃捞 混酒乐绰 快蜡, 1L, 2俺 3%7,400盔 7,140盔 (100ml寸 357盔) 郴老(老) 货寒 档馒 焊厘 5 (253777) 弥措 357盔 利赋",蜡力前,快蜡/滴蜡,DAIRY,快蜡,辑匡快蜡
[鸥官沸] 酱其府绢 胶乔绢刮飘 (1.5g X15俺),澜丰,目乔/瞒,BEVERAGE,萍归,鸥官沸
"酒捞矫胶 8.0 俊内 积荐 公扼骇, 1L, 24俺 18%15,200盔 12,460盔 (100ml寸 52盔) 郴老(老) 档馒 焊厘 5 (117916) 弥措 623盔 利赋",澜丰,积荐,BEVERAGE,积荐,酒捞矫胶
[墨鞘扼畴] 腔绢曹,炼固丰,剧充/家胶,SAUCE_SEASONING,曹,墨鞘扼畴
[KF365] 广绊备付 800g,盲家/邦拱幅,盲家,RAW_PRODUCE,绊备付,KF365
[厚厚绊] 拌鄂渴 涝篮 绊扁肯磊 480G,腊幅/拌鄂,拌鄂,RAW_MEAT,拌鄂,厚厚绊
[饭坷唱福叼] 葛单唱魂 能叼膏配 拳捞飘 惯荤雇,炼固丰,剧充/家胶,SAUCE_SEASONING,拳捞飘 惯荤雇 侥檬,饭坷唱福叼
"胶府扼瞒 侵 磨府 矫令醋, 255g, 1俺 4,500盔 (100g寸 1,765盔) 郴老(老) 档馒 焊厘 5 (91482) 弥措 225盔 利赋",炼固丰,剧充/家胶,SAUCE_SEASONING,胶府扼瞒 家胶,倾捞沏
脚急茄 官瘤遏 葛澜 7辆 (积拱) (琶1),荐魂拱,炼俺/傈汗,RAW_SEAFOOD,官瘤遏,
[急拱技飘][坷邦淬] 橇府固决 胶平屈 固箭啊风 & 国曹技飘,澜丰,目乔/瞒,BEVERAGE,固箭啊风,坷邦淬
"救苛巢 磊福绊 灸绢唱柯 埃祈固开, 300g, 1俺 9,900盔 (100g寸 3,300盔) 郴老(老) 货寒 档馒 焊厘 5 (2240) 弥措 495盔 利赋",荐魂拱,固开/促矫付,DRIED_SEAFOOD,固开,救苛巢
[急拱技飘] 父傈辫 矮备款 倒辫 牡 技飘,惑柯侥前,辫/磊馆,DRIED_SEAFOOD,辫,父傈辫
[具固倔胶] 蜡扁丑 窥 俩府 237.6g (19.8g x 12涝),埃侥幅,檬妮复/荤帕,SNACK,俩府,具固倔胶
[炼瘤酒] 坷府瘤澄 牡目乔 (240mL X 6俺),澜丰,目乔/瞒,BEVERAGE,目乔,炼瘤酒
[拘备沥器瞒] IQF 滚迫肺 喇 600g (趁悼),埃祈侥,趁悼侥前,FROZEN_MEAL,趁悼 喇,拘备沥器瞒
[促淬] 等厘骂俺 剧充 530g,炼固丰,剧充/家胶,SAUCE_SEASONING,等厘骂俺 剧充,促淬
[宏肺靛墨技] 72矫埃 历寸 牧飘府 烹剐 濒狐春 680g,埃侥幅,户幅,BAKERY,濒狐春,宏肺靛墨技
[弊腐单捞] 圈 弊贰愁扼 150g,惑柯侥前,矫府倔,GRAIN,弊贰愁扼,弊腐单捞
"捻官扼 快付鸥饭 剧硅眠侩 家胶, 280g, 1俺 6,340盔 (100g寸 2,264盔) 郴老(老) 档馒 焊厘 4.5 (756) 弥措 317盔 利赋",炼固丰,剧充/家胶,SAUCE_SEASONING,剧硅眠侩 家胶,捻官扼 快付鸥饭
[辣辑匡] 积甸扁抚搁,埃祈侥,剐虐飘,RTC_MEAL,剐虐飘,辣辑匡
[咐狼疙怕磊] 疙鄂粒 230g(趁悼),埃祈侥,馆蛮幅,SIMPLE_PROCESSED,疙鄂粒,咐狼疙怕磊
"[MPARK][2豪备概矫 1豪 9,990盔] 固惫魂 喉发扼骇 匙捞喉 坷坊瘤 1kg (5~6涝)",苞老/斑苞幅,苞老,RAW_FRUIT,坷坊瘤,MPARK
"模券版 瘪剧颇, 300g, 1俺 2,930盔 (100g寸 977盔) 郴老(老) 货寒 档馒 焊厘 5 (12862) 弥措 146盔 利赋",盲家/邦拱幅,盲家,RAW_PRODUCE,剧颇,
[老惑讷家] 腊傈侩 200g (趁悼),腊幅/拌鄂,家绊扁,RAW_MEAT,快敌混,老惑讷家
"磅磅 公亲积力 脚急茄 措鄂, 60备, 1俺 15,990盔 (1备寸 267盔) 郴老(老) 货寒 档馒 焊厘 5 (451693) 弥措 800盔 利赋",腊幅/拌鄂,拌鄂,RAW_MEAT,拌鄂,磅磅
"橇饭箕牢 面林 给抄捞荤苞, 2kg, 1俺 13,830盔 (100g寸 692盔) 郴老(老) 货寒 档馒 焊厘 4.5 (85130) 弥措 691盔 利赋",苞老/斑苞幅,苞老,RAW_FRUIT,荤苞,橇饭箕牢
[粮念 胆府固飘] 姆俏 官海钮侩 葛惦 家矫瘤 410g,腊幅/拌鄂,啊傍腊(擒/家矫瘤),PROCESSED_MEAT,家矫瘤,粮念 胆府固飘
[骇瘤坷捞坷家] 府内鸥 摹令 453g,蜡力前,摹令,DAIRY,府内鸥 摹令,骇瘤坷捞坷家
"吩单 崎矫 力肺酱芭 扼烙 500ml x 20俺 诀家侩 澜丰 53%22,000盔 10,200盔 (100ml寸 102盔) 2/12(格) 档馒 抗沥 5 (6422) 弥措 510盔 利赋",澜丰,藕魂澜丰,BEVERAGE,崎矫,吩单
"钙内雇 矫历圾矾靛 靛饭教, 1kg, 1俺 9,650盔 (100g寸 965盔) 郴老(老) 档馒 焊厘 4.5 (1224) 弥措 483盔 利赋",炼固丰,剧充/家胶,SAUCE_SEASONING,矫历靛饭教,钙内雇
"丑缴 楼颇霸萍 140g, 15俺 13,970盔 (1俺寸 931盔) 郴老(老) 货寒 档馒 焊厘 5 (57674) 弥措 699盔 利赋",埃祈侥,扼搁,INSTANT,楼颇霸萍,丑缴
[老府] 努贰侥 肺胶飘 叼墨其牢 胶平目乔 3辆 (琶1),澜丰,目乔/瞒,BEVERAGE,目乔啊风,老府
"扒惫蜡诀 家拳啊 祈救茄 快蜡, 2.3L, 1俺 7,760盔 (100ml寸 337盔) 郴老(老) 货寒 档馒 焊厘 5 (9201) 弥措 388盔 利赋",蜡力前,快蜡/滴蜡,DAIRY,快蜡,扒惫蜡诀
[春飘府盔] 钙林 瓤葛 榜靛 (90沥),固殿废 墨抛绊府,扁鸥,UNKNOWN,扁鸥,春飘府盔
[郴抿凡胶颇捞胶] 烹孺饶眠 200g (角加 府鞘屈),炼固丰,氢脚丰/倾宏,SAUCE_SEASONING,饶眠,郴抿凡胶颇捞胶
[咐狼疙怕磊] 趁厘 疙鄂 120g,荐魂拱,绢鄂,RAW_SEAFOOD,疙鄂,咐狼疙怕磊
"荤固清 哎厚帕 (趁悼), 1kg, 1俺 11,700盔 (100g寸 1,170盔) 郴老(老) 货寒 档馒 焊厘 5 (29558) 弥措 585盔 利赋",埃祈侥,趁悼侥前,FROZEN_MEAL,哎厚帕,荤固清
[乔胶乔胶] 局敲颇捞 138g,埃侥幅,叼历飘/纳捞农,BAKERY,颇捞,乔胶乔胶
[秦蛮甸] 货霓崔霓 檬绊眠厘 300g,炼固丰,剧充/家胶,SAUCE_SEASONING,檬绊眠厘,秦蛮甸
"磅磅 眉促摹令 浇扼捞胶, 18g, 100俺涝, 1俺 21,980盔 (10g寸 122盔) 郴老(老) 货寒 档馒 焊厘 5 (198112) 弥措 1,099盔 利赋",蜡力前,摹令,DAIRY,眉促 摹令,磅磅
"蹿磐风袍 沥前 蜡扁丑 竣胶飘扼滚柳 棵府宏坷老 饭阁馏 峭, 14雀盒, 280ml, 1俺 14,800盔 (1沥寸 1,057盔) 郴老(老) 档馒 焊厘 货 惑前, 馆前-固俺豪 (5) 弥历11,950盔 5 (472) 弥措 629盔 利赋",澜丰,林胶,BEVERAGE,饭阁馏,蹿磐风袍
[啊丑官捞坷] 坷皋啊俊弊 公亲积力 1+殿鞭 漂鄂 20备,腊幅/拌鄂,拌鄂,RAW_MEAT,拌鄂,啊丑官捞坷
[Kurly's] 绿标绿标 荤阿 绢宫,荐魂拱,绢腊啊傍侥前,SIMPLE_PROCESSED,绢宫,Kurly's
"鸥内 踌瞒扼都 盒富, 500g, 1俺涝, 1俺 捻迄且牢5%7,170盔 6,800盔 (10g寸 136盔) 郴老(老) 档馒 焊厘 4.5 (6695) 弥措 340盔 利赋",炼固丰,啊风盒富,SAUCE_SEASONING,扼都 盒富,鸥内
"念殴 皑磊荐力厚 2~3牢盒, 400g, 1俺 1,990盔 (100g寸 498盔) 郴老(老) 货寒 档馒 焊厘 5 (1573) 弥措 100盔 利赋",盲家/邦拱幅,搁幅,GRAIN,皑磊荐力厚,念殴
[捞格] 惫郴魂 家绊扁 阂绊扁侩 200g (趁厘),腊幅/拌鄂,家绊扁,RAW_MEAT,阂绊扁侩 家绊扁,捞格
"寝混唱贰 埃祈茄 侥驱 父甸扁 砍扁抚 萍归, 240g, 2俺 8,200盔 (100g寸 1,708盔) 郴老(老) 档馒 焊厘 4.5 (1014) 弥措 410盔 利赋",澜丰,目乔/瞒,BEVERAGE,萍归,寝混唱贰
[CU 侨诀] 内付荤 柳,贱,扁鸥 林幅,ALCOHOL,柳,内付荤剧炼
"捞救 官唱唱 (趁悼), 1俺, 1kg 6,500盔 (100g寸 650盔) 郴老(老) 货寒 档馒 焊厘 5 (351) 弥措 325盔 利赋",苞老/斑苞幅,趁悼苞老,SIMPLE_PROCESSED,趁悼 官唱唱,捞救
[归汲] 腊荐俊绰 1盒傅 具盲客败匡公 4gx20俺涝,炼固丰,炼固丰,SAUCE_SEASONING,内牢腊荐,归汲
[1殿鞭 茄快] 阂绊扁侩 200g (趁厘),腊幅/拌鄂,家绊扁,RAW_MEAT,阂绊扁侩 家绊扁,1殿鞭 茄快
[妻技胶] 胶抛厚酒 窜归龙 目乔 雇胶 (9.5g X 30俺),澜丰,目乔/瞒,BEVERAGE,目乔雇胶,妻技胶
"康林付角 给抄捞 荤苞 家苞 15~21俺涝, 3kg, 1俺 19,710盔 (100g寸 657盔) 郴老(老) 货寒 档馒 焊厘 4.5 (17410) 弥措 985盔 利赋",苞老/斑苞幅,苞老,RAW_FRUIT,荤苞,康林付角
"磨饭 喉风海府, 310g, 1蒲 6,490盔 (100g寸 2,094盔) 郴老(老) 货寒 档馒 焊厘 4.5 (25255) 弥措 325盔 利赋",苞老/斑苞幅,苞老,RAW_FRUIT,喉风海府,
迫寸 坷隆绢汉澜 2辆 (趁悼) (琶1),埃祈侥,饭飘肺飘,RTC_MEAL,饭飘肺飘,
[磊楷角废] 悼拱汗瘤 茄涝 催啊娇混 2辆,腊幅/拌鄂,催绊扁,RAW_MEAT,催啊娇混,磊楷角废
归怕 1kg,盲家/邦拱幅,尼/滴何,SIMPLE_PROCESSED,归怕,
"距尼滴蜡 坷府瘤澄, 190ml, 16俺 32%21,600盔 14,680盔 (100ml寸 483盔) 郴老(老) 档馒 焊厘 货 惑前, 馆前-固俺豪 (12) 弥历13,940盔 4.5 (31068) 弥措 734盔 利赋",蜡力前,快蜡/滴蜡,DAIRY,滴蜡,距尼滴蜡
"坷堆扁 柳扼搁 距埃概款咐 120g, 5俺 18%4,580盔 3,720盔 (1俺寸 744盔) 郴老(老) 档馒 焊厘 5 (8489) 弥措 186盔 利赋",埃祈侥,扼搁,INSTANT,柳扼搁 距埃概款咐,坷堆扁
[快拱快拱] 备锋器俊辑 富赴 个烹 扒坷隆绢 90g (2~3固),荐魂拱,戈摹/扒绢拱,DRIED_SEAFOOD,扒坷隆绢,快拱快拱
"坷堆扁 辫摹扼搁 120g, 5俺 3,140盔 (1俺寸 628盔) 郴老(老) 货寒 档馒 焊厘 5 (7496) 弥措 157盔 利赋",埃祈侥,扼搁,INSTANT,辫摹扼搁,坷堆扁
"磅磅 戈闭 叠扁 快蜡, 190ml, 24俺 27%18,400盔 13,370盔 (100ml寸 293盔) 郴老(老) 档馒 焊厘 5 (17389) 弥措 669盔 利赋",蜡力前,快蜡/滴蜡,DAIRY,叠扁快蜡,磅磅
[荤摸户笼] 滚磐官 5辆 (琶1),埃侥幅,户幅,BAKERY,滚磐官,荤摸户笼
[辆啊] 矮辫摹 500g,埃祈侥,馆蛮幅,SIMPLE_PROCESSED,矮辫摹,辆啊
[急拱技飘] 泵 艰绊扁腊器技飘 420g (70g X 6EA),腊幅/拌鄂,啊傍腊(擒/家矫瘤),PROCESSED_MEAT,腊器,泵
[酱欺虐模] 公没矫贰扁等厘瘤咙,盲家/邦拱幅,盲家,RAW_PRODUCE,公,酱欺虐模
[扼后府目侨诀] 粗墨 橇芬 歹 硅凡 (困胶虐),苞老/斑苞幅,苞老,RAW_FRUIT,硅,粗墨
"鸥公福 单捞明 8p, 148g, 1俺 8%22,800盔 20,800盔 (100g寸 14,054盔) 郴老(老) 档馒 焊厘 5 (1038) 弥措 1,040盔 利赋",盲家/邦拱幅,盲家,RAW_PRODUCE,公,鸥公福
[辫家屈盔规] 柯泵柳 30器,贱,扁鸥 林幅,ALCOHOL,柳,辫家屈盔规
快府笼 扒碍茄 叠扁 夸芭飘 750mL,蜡力前,夸芭飘,DAIRY,夸芭飘,快府笼
[付动] 历寸 弊贰愁扼 3辆 (琶1),惑柯侥前,矫府倔,GRAIN,弊贰愁扼,付动
[钱公盔] 快府酒捞 全矫 憋滴扁 300g,埃祈侥,馆蛮幅,SIMPLE_PROCESSED,憋滴扁,钱公盔
[秦怕] 饶坊摹颇捞 27+3 扁裙蒲 叠扁,埃侥幅,叼历飘/纳捞农,BAKERY,颇捞,秦怕
"剐扼 付胶墨器匙 摹令, 500g, 1俺涝, 1俺 10,960盔 (10g寸 219盔) 郴老(老) 货寒 档馒 焊厘 5 (19133) 弥措 548盔 利赋",蜡力前,摹令,DAIRY,摹令,剐扼
"没沥盔 积碍 概角 咐贱, 410ml, 2俺 4,760盔 (100ml寸 580盔) 郴老(老) 档馒 焊厘 5 (212) 弥措 238盔 利赋",炼固丰,剧充/家胶,SAUCE_SEASONING,咐贱,没沥盔
"磅磅 穿甸 剐 侗汉捞侗 (趁厘), 500g, 1俺 2,650盔 (100g寸 530盔) 郴老(老) 货寒 档馒 焊厘 4.5 (7056) 弥措 133盔 利赋",埃侥幅,侗,SNACK,侗,磅磅 
[倾浆] DIY 配俏侩 檬妮复抹 2辆 (琶1),埃侥幅,檬妮复/荤帕,SNACK,檬妮复,倾浆
[瑚胶] 何盲混 慢胶抛捞农,腊幅/拌鄂,家绊扁,RAW_MEAT,何盲混,瑚胶
[瘤蜡啊坷墨] 檬内 纳捞农 DIY 技飘 600g,埃侥幅,叼历飘/纳捞农,BAKERY,纳捞农,瘤蜡啊坷墨
"磅磅 尼滴何, 500g, 4俺 6,180盔 (100g寸 309盔) 郴老(老) 货寒 档馒 焊厘 5 (340247) 弥措 309盔 利赋",盲家/邦拱幅,尼/滴何,SIMPLE_PROCESSED,滴何,磅磅
[付令] 胶聪目令 固聪 檬妮复官 侨矩雇胶 800g (40涝),埃侥幅,檬妮复/荤帕,SNACK,檬妮复,付令
[吩单] 坑蝶 某摹萍聪俏 魄冠捞 浅急箔 25俺涝,埃侥幅,苞磊/胶臣,SNACK,箔,吩单
[捞淬] 魂剧快蜡 100% 750mL,蜡力前,快蜡/滴蜡,DAIRY,快蜡,捞淬
趁悼 噶绊 1kg (海飘巢魂),苞老/斑苞幅,趁悼苞老,SIMPLE_PROCESSED,趁悼 噶绊,
"付捞麻 鞘肺快 器档 荤苞 抿雷牡叼, 720g, 1俺 35%12,000盔 7,790盔 (10g寸 108盔) 郴老(老) 档馒 焊厘 5 (18809) 弥措 390盔 利赋",埃侥幅,檬妮复/荤帕,SNACK,付捞麻,农扼款
[父摹聪] 橇府固决 颇胶鸥搁 7辆 (琶1),盲家/邦拱幅,搁幅,GRAIN,颇胶鸥搁,父摹聪
"钱公盔 腔绢 公扼骇 积荐, 2L, 18俺 8,850盔 (100ml寸 25盔) 郴老(老) 档馒 焊厘 5 (109261) 弥措 443盔 利赋",澜丰,积荐,BEVERAGE,积荐,钱公盔
"坷堆扁 鉴饶眠, 100g, 2俺 21%13,760盔 10,800盔 (10g寸 540盔) 郴老(老) 档馒 焊厘 5 (102257) 弥措 540盔 利赋",炼固丰,氢脚丰/倾宏,SAUCE_SEASONING,饶眠,坷堆扁
"掸付农 府内鸥摹令, 150g, 1俺涝, 3俺 9,890盔 (10g寸 220盔) 郴老(老) 货寒 档馒 焊厘 5 (7854) 弥措 495盔 利赋",蜡力前,摹令,DAIRY,府内鸥 摹令,掸付农
"酒捞矫胶 8.0 ECO 积荐 公扼骇, 300ml, 80俺 7%24,000盔 22,280盔 (100ml寸 93盔) 郴老(老) 档馒 焊厘 5 (117915) 弥措 1,114盔 利赋",澜丰,积荐,BEVERAGE,积荐,酒捞矫胶
"脚急窃阑 弊措肺 炕肺快雇胶 圾矾靛, 80g, 3蒲 7,500盔 (100g寸 3,125盔) 郴老(老) 货寒 档馒 焊厘 4.5 (22866) 弥措 375盔 利赋",埃祈侥,圾矾靛蒲,RTC_MEAL,圾矾靛,
[官促家府] 秦前篮 辫 22g,惑柯侥前,辫/磊馆,DRIED_SEAFOOD,辫,官促家府
[急拱技飘] 葛聪聪 10龋 (竣胶飘扼滚柳 500ml/2涝),炼固丰,侥侩蜡/扁抚,SAUCE_SEASONING,棵府宏坷老,葛聪聪
[Kim's butcher] 固惫魂 家绊扁 箕宏箕宏侩 500g (趁悼),腊幅/拌鄂,家绊扁,RAW_MEAT,箕宏箕宏侩 家绊扁,Kim's butcher
[居莆靛豪豪] 茄涝俊 斤! 蜡扁丑 茄涝 钾荤帕 3辆,埃侥幅,叼历飘/纳捞农,BAKERY,钾荤帕,居莆靛豪豪
"措惫刮 绊备付胶平, 800g, 1俺 13,480盔 (10g寸 169盔) 郴老(老) 档馒 焊厘 4.5 (5059) 弥措 674盔 利赋",埃侥幅,苞磊/胶臣,SNACK,绊备付胶臣,措惫刮
[KF365] 16brix捞惑 绊寸档 惑林 箕牢赣胶南 600g,苞老/斑苞幅,苞老,RAW_FRUIT,箕牢赣胶南,KF365
[丑蛆] 备荐茄 烤朝 穿奉瘤 450g,埃侥幅,苞磊/胶臣,SNACK,穿奉瘤,丑蛆
"归汲 快府剐 剐啊风, 750g, 1俺 3,200盔 (100g寸 427盔) 郴老(老) 档馒 焊厘 5 (318) 弥措 160盔 利赋",炼固丰,啊风盒富,SAUCE_SEASONING,剐啊风,归汲
"惫郴魂 烹付疵, 1kg, 1俺 12,900盔 (100g寸 1,290盔) 郴老(老) 货寒 档馒 焊厘 4.5 (9923) 弥措 645盔 利赋",盲家/邦拱幅,盲家,RAW_PRODUCE,付疵,
[碍豪籍 疙牢炼没] 柄裹棍 碍沥 (10g X 8俺),埃侥幅,苞磊/胶臣,SNACK,碍沥,碍豪籍 疙牢炼没
[烙角摹令付阑] 橇肺官捞坷夸芭飘 敲饭牢 900mL,蜡力前,夸芭飘,DAIRY,夸芭飘,烙角摹令付阑
[酒捞硅沉] 猖酒 俩府 3辆 (琶1),埃侥幅,檬妮复/荤帕,SNACK,俩府,酒捞硅沉
"林老 肯档 疙前 扒角固开, 500g, 1俺 11,990盔 (100g寸 2,398盔) 郴老(老) 货寒 档馒 焊厘 5 (4283) 弥措 600盔 利赋",荐魂拱,固开/促矫付,DRIED_SEAFOOD,固开,林老
"厚厚绊 拌鄂渴涝篮 绊扁肯磊 (趁悼), 480g, 1俺 20%9,980盔 7,980盔 (100g寸 1,663盔) 郴老(老) 货寒 档馒 焊厘 5 (3889) 弥措 399盔 利赋",埃祈侥,趁悼侥前,FROZEN_MEAL,趁悼 绊扁肯磊,厚厚绊
"基钎 厘酒骂 埃厘, 1.7L, 1俺 38%8,900盔 5,480盔 (100ml寸 322盔) 郴老(老) 档馒 焊厘 4.5 (7934) 弥措 274盔 利赋",炼固丰,剧充/家胶,SAUCE_SEASONING,厘酒骂埃厘,基钎
[固磊攫聪匙 厘酒骂] 并蕾 厘酒骂,埃祈侥,馆蛮幅,SIMPLE_PROCESSED,并蕾 厘酒骂,固磊攫聪匙 厘酒骂
"坷堆扁 绊家茄 榜靛 付夸匙令, 3.2kg, 1俺 13,990盔 (100g寸 437盔) 郴老(老) 档馒 焊厘 5 (159217) 弥措 700盔 利赋",炼固丰,剧充/家胶,SAUCE_SEASONING,付夸匙令,坷堆扁
"咯空狼父蛮 伙堡固 快府揭 归固, 漂殿鞭, 4kg, 1俺 22%21,900盔 16,980盔 (100g寸 425盔) 郴老(老) 档馒 焊厘 4.5 (214096) 弥措 849盔 利赋",盲家/邦拱幅,揭/棱邦,GRAIN,揭,咯空狼父蛮
"辑匡快蜡 A2敲矾胶 快蜡, 2俺, 900ml 7,330盔 (100ml寸 407盔) 郴老(老) 货寒 档馒 焊厘 5 (1356) 弥措 366盔 利赋",蜡力前,快蜡/滴蜡,DAIRY,快蜡,辑匡快蜡
[巢档2措疙啊] 秦檬 公魔 200g 2辆 (琶1),埃祈侥,馆蛮幅,SIMPLE_PROCESSED,秦檬 公魔,巢档2措疙啊
[皋辆靛炼俊] 悔鹅 捻虐 4辆 (琶1),埃侥幅,苞磊/胶臣,SNACK,捻虐,皋辆靛炼俊
[急拱技飘] 荤固清 哎厚帕 & 茄快部府磅帕 技飘 (4涝),埃祈侥,饭飘肺飘,RTC_MEAL,饭飘肺飘,荤固清
[辣浇] 闰货快混 180g (趁厘),荐魂拱,货快/霸,RAW_SEAFOOD,货快,辣浇
[钮乔] 窍橇 付夸匙令 210g,炼固丰,剧充/家胶,SAUCE_SEASONING,付夸匙令,钮乔
[茄快拱] 茄尝 电电 概霓 棱盲 (3俺涝),埃祈侥,饭飘肺飘,RTC_MEAL,饭飘肺飘,茄快拱
"没沥盔 橇饭矫 付夸匙令, 500g, 1俺 13%4,830盔 4,160盔 (100g寸 832盔) 郴老(老) 档馒 焊厘 5 (53054) 弥措 208盔 利赋",炼固丰,剧充/家胶,SAUCE_SEASONING,付夸匙令,没沥盔
"磅磅 规匡配付配, 500g, 1蒲 4,980盔 (100g寸 996盔) 郴老(老) 货寒 档馒 焊厘 4.5 (44083) 弥措 249盔 利赋",盲家/邦拱幅,盲家,RAW_PRODUCE,规匡配付配,磅磅
"磊捞墨坷 泅固蜡, 500ml, 2俺 25%13,960盔 10,400盔 (100ml寸 1,040盔) 郴老(老) 档馒 焊厘 5 (2531) 弥措 520盔 利赋",炼固丰,侥侩蜡/扁抚,SAUCE_SEASONING,泅固蜡,磊捞墨坷
"归汲 哎祸汲帕, 3kg, 2俺 14,220盔 (100g寸 237盔) 郴老(老) 档馒 焊厘 5 (69379) 弥措 711盔 利赋",炼固丰,炼固丰,SAUCE_SEASONING,孺汲帕,归汲
[官抚剖] 模券版 茄烹 剧硅眠 (800g),盲家/邦拱幅,盲家,RAW_PRODUCE,剧硅眠,官抚剖
"捞浚仟靛 固聪 剧炼 咐埃厘, 5.6ml, 186俺 5,730盔 (100ml寸 550盔) 郴老(老) 档馒 焊厘 5 (1934) 弥措 286盔 利赋",炼固丰,剧充/家胶,SAUCE_SEASONING,咐埃厘,捞浚仟靛
"钙缴 葛墨榜靛 付老靛 目乔雇胶, 12g, 50俺涝, 2俺 16,620盔 (10g寸 139盔) 郴老(老) 货寒 档馒 焊厘 5 (5118) 弥措 831盔 利赋",澜丰,目乔/瞒,BEVERAGE,目乔雇胶,钙缴
[棵拌] 蜡扁丑 催促府混 200g (趁悼),腊幅/拌鄂,催绊扁,RAW_MEAT,催促府混,棵拌
[炼牢] 悼拱汗瘤 归祸 蜡沥 备款鄂 20备,腊幅/拌鄂,拌鄂,RAW_MEAT,备款鄂,炼牢
[窍风茄尼] 绊窜归 颇官后 焙苛荐荐咐(15g*22俺),苞老/斑苞幅,斑苞幅,RAW_FRUIT,颇官后,窍风茄尼
[辆啊] 淬归茄 唱冠辫摹 1.2kg,埃祈侥,馆蛮幅,SIMPLE_PROCESSED,唱冠辫摹,辆啊
"钙胶溃窍快胶 目乔雇胶 坷府瘤朝, 11.8g, 50俺涝, 1俺 6,370盔 (10g寸 108盔) 郴老(老) 档馒 焊厘 5 (47534) 弥措 319盔 利赋",澜丰,目乔/瞒,BEVERAGE,目乔雇胶,钙胶溃窍快胶
[皋臂饭] 俊膏呕 浇扼捞胶 摹令 125g,蜡力前,摹令,DAIRY,俊膏呕 摹令,皋臂饭
"17瞒 个捞 啊涵况瘤绰 矫埃 瞒澜丰, 340ml, 20俺 7%13,000盔 12,000盔 (100ml寸 176盔) 郴老(老) 档馒 焊厘 货 惑前, 馆前-固俺豪 (122) 弥历9,100盔 5 (39278) 弥措 600盔 利赋",澜丰,目乔/瞒,BEVERAGE,17瞒,巢剧
[炼急胆府] 炼急龋炮 局敲鸥福飘 630g,埃侥幅,叼历飘/纳捞农,BAKERY,颇捞,炼急胆府
[力阿阿] 宏肺妮府 3涝,盲家/邦拱幅,盲家,RAW_PRODUCE,宏肺妮府,力阿阿
"曼农贰目 曼 舅橇胶, 295g, 1俺 4,000盔 (10g寸 136盔) 郴老(老) 档馒 焊厘 5 (425) 弥措 200盔 利赋",埃侥幅,苞磊/胶臣,SNACK,农贰目,农扼款
[KF365] 公亲积力 措鄂 馆馆蒲 20备 (归祸/哎祸),腊幅/拌鄂,拌鄂,RAW_MEAT,拌鄂,KF365
[CU 侨诀] 饭蘑10斥,贱,扁鸥 林幅,ALCOHOL,困胶虐,配滚葛府 刘幅家
"规狙埃没斥 拘仿栏肺 汉篮 焊府瞒, 500g, 1俺涝, 3俺 且牢51%28,900盔 14,020盔 (10g寸 93盔) 郴老(老) 档馒 焊厘 5 (13669) 弥措 701盔 利赋",澜丰,目乔/瞒,BEVERAGE,焊府瞒,规狙埃没斥
"坷堆扁 烤朝 固开, 150g, 1俺 5,360盔 (100g寸 3,573盔) 郴老(老) 档馒 焊厘 5 (33861) 弥措 268盔 利赋",荐魂拱,固开/促矫付,DRIED_SEAFOOD,固开,坷堆扁
[荤炼措覆] 何魂绢宫 俱篮荤阿 240g,荐魂拱,绢腊啊傍侥前,SIMPLE_PROCESSED,绢宫,荤炼措覆
[急拱技飘] 橇府固决 康堡 奔厚 技飘 2.0kg,荐魂拱,戈摹/扒绢拱,DRIED_SEAFOOD,奔厚,
[掸付农] 家拳啊 肋登绰 快蜡 (190mL X 24俺),蜡力前,快蜡/滴蜡,DAIRY,遏配橇府 快蜡,掸付农
"碍拳焙丑蛆 2025斥魂 禽揭 碍拳级揭 伙堡固敲矾胶 归固, 漂殿鞭, 4kg, 1俺 17,900盔 (100g寸 448盔) 郴老(老) 档馒 焊厘 4.5 (51038) 弥措 895盔 利赋",盲家/邦拱幅,揭/棱邦,GRAIN,揭,丑蛆
"老靛橇尔胶 固聪 宏府 摹令, 25g, 5俺涝, 1俺 10,460盔 (10g寸 837盔) 郴老(老) 货寒 档馒 焊厘 5 (3549) 弥措 523盔 利赋",蜡力前,摹令,DAIRY,宏府 摹令,老靛橇尔胶
[窍牢令] 侵档弊 芳府浆 401g,炼固丰,剧充/家胶,SAUCE_SEASONING,芳府浆,窍牢令
[兑规辨全瞒啊霸] 胶能积瘤 5辆 (4俺) (琶1),埃侥幅,户幅,BAKERY,积瘤,兑规辨全瞒啊霸
[钱公盔] 侥拱己 瘤备侥窜 滴何刨歹,埃祈侥,趁悼侥前,FROZEN_MEAL,滴何刨歹,钱公盔
"磅磅 概老概老 淬归茄 海捞牧, 1kg, 1俺 15,170盔 (10g寸 152盔) 郴老(老) 货寒 档馒 焊厘 5 (12306) 弥措 759盔 利赋",腊幅/拌鄂,啊傍腊(擒/家矫瘤),PROCESSED_MEAT,海捞牧,磅磅
"Prime Field 蜡扁丑 泅固, 1kg, 1俺 22%8,980盔 6,980盔 (100g寸 698盔) 郴老(老) 货寒 档馒 焊厘 5 (188) 弥措 349盔 利赋",盲家/邦拱幅,揭/棱邦,GRAIN,泅固,Prime Field
"铰牢侥前 弥鉴锐 傈烹疙厘捞 父电 汉篮曼柄, 200g, 1俺 6,800盔 (100g寸 3,400盔) 郴老(老) 档馒 焊厘 5 (721) 弥措 340盔 利赋",盲家/邦拱幅,揭/棱邦,GRAIN,曼柄,铰牢侥前
[庆福单令] 高矫沫 酒焊墨档 家胶,炼固丰,剧充/家胶,SAUCE_SEASONING,酒焊墨档 家胶,庆福单令
[扒绢荐扼] 腊荐侩 炔怕赣府 300g,荐魂拱,戈摹/扒绢拱,DRIED_SEAFOOD,炔怕,扒绢荐扼
[歹坷淬] 啊付架 穿奉瘤 150g (惫郴魂),埃侥幅,苞磊/胶臣,SNACK,穿奉瘤,歹坷淬
固聪 颇胶炮 檬内纳捞农 280g,埃侥幅,叼历飘/纳捞农,BAKERY,纳捞农,
[崔侗汉捞] 侗部摹,埃祈侥,剐虐飘,RTC_MEAL,剐虐飘,崔侗汉捞
"[KF365] 肯档 傈汗 5付府 260g (吝, 积拱)",荐魂拱,炼俺/傈汗,RAW_SEAFOOD,傈汗,KF365
[萍匙] 畴福傀捞 宏扼款摹令 胶橇饭靛 150g,惑柯侥前,离/胶橇饭靛,SAUCE_SEASONING,摹令 胶橇饭靛,萍匙
蜡扁丑 蔓柳 坷邦逛 500g,埃祈侥,溜籍逛,INSTANT,坷邦,
"措备丑魂 蓖府揭, 5kg, 1俺 6,980盔 (100g寸 140盔) 郴老(老) 货寒 档馒 焊厘 4.5 (652) 弥措 349盔 利赋",盲家/邦拱幅,揭/棱邦,GRAIN,揭,措备丑魂
[弃 官悸] 矫弊聪贸 喉坊靛 胶平 目乔 (2g X 5俺),澜丰,目乔/瞒,BEVERAGE,目乔啊风,弃 官悸
[戚唱幂] 摹令家胶  99gx2涝,炼固丰,剧充/家胶,SAUCE_SEASONING,摹令 家胶,戚唱幂
[FELT] 坷府瘤澄 妮靛宏风 500mL,澜丰,目乔/瞒,BEVERAGE,妮靛宏风,FELT
"钙缴 坷府瘤朝 目乔雇胶, 11.8g, 100俺涝, 1俺 15,990盔 (10g寸 136盔) 郴老(老) 档馒 焊厘 5 (19775) 弥措 800盔 利赋",澜丰,目乔/瞒,BEVERAGE,目乔雇胶,钙缴
[巢剧] 阂啊府胶 遏配橇府 敲饭牢 夸芭飘 400g,蜡力前,夸芭飘,DAIRY,夸芭飘,巢剧
[吩单擒] 狼己付疵 橇尔农 420g(210g*2),腊幅/拌鄂,啊傍腊(擒/家矫瘤),PROCESSED_MEAT,擒,吩单
[藕窜瘤] 泅固 促捞绢飘 档矫遏 5辆,埃祈侥,溜籍逛,INSTANT,溜籍 档矫遏,藕窜瘤
[钱公盔] 锯乔菜蛮 父滴 2辆 (2俺涝),埃祈侥,趁悼侥前,FROZEN_MEAL,父滴,钱公盔
[坷堆扁]呐逛_概霓倡瘤丹逛(溜籍惫),埃祈侥,溜籍逛,INSTANT,溜籍 呐逛,坷堆扁
[酒墨其扼] 荤捞令诀 目乔 RTD 350mL X 20捍 5辆 (琶1),澜丰,目乔/瞒,BEVERAGE,目乔,酒墨其扼
"橇肺葛遏 摹挪胶佩 钮宏 40p, 400g, 1俺 5,700盔 (100g寸 1,425盔) 郴老(老) 档馒 焊厘 5 (2240) 弥措 285盔 利赋",炼固丰,炼固丰,SAUCE_SEASONING,摹挪胶佩,橇肺葛遏
"厚厚绊 皑怕辫 12p, 48g, 1俺 18%8,480盔 6,950盔 (10g寸 1,448盔) 郴老(老) 档馒 焊厘 4.5 (531) 弥措 348盔 利赋",惑柯侥前,辫/磊馆,DRIED_SEAFOOD,辫,厚厚绊
[档矫镑埃] 蘑乔坊瓶尼圾矾靛,埃祈侥,圾矾靛蒲,RTC_MEAL,圾矾靛,档矫镑埃
[茄碍侥前] 催啊娇混 矫令醋 胶抛捞农 500g (趁厘),腊幅/拌鄂,催绊扁,RAW_MEAT,催啊娇混,茄碍侥前
"啊练 给抄捞 荤苞, 2kg(罚待苞), 1俺 13,830盔 (100g寸 692盔) 郴老(老) 货寒 档馒 焊厘 4.5 (8405) 弥措 691盔 利赋",苞老/斑苞幅,苞老,RAW_FRUIT,荤苞,啊练
[急拱技飘] 饭坷唱福叼 惯荤雇 涝巩技飘 (IGP俏农/拳捞飘能叼膏配),炼固丰,剧充/家胶,SAUCE_SEASONING,惯荤雇 侥檬,饭坷唱福叼
"酒魂啦覆 寝广 漂, 700g, 1俺 10,900盔 (100g寸 1,557盔) 郴老(老) 货寒 档馒 焊厘 4.5 (1187) 弥措 545盔 利赋",苞老/斑苞幅,斑苞幅,RAW_FRUIT,广,酒魂啦覆
[急拱技飘] 捞宏堆府俊 豪豪 檬妮复 8P,埃侥幅,檬妮复/荤帕,SNACK,檬妮复,捞宏堆府俊
[柳啊匙馆蛮] 坷伙阂绊扁,埃祈侥,馆蛮幅,SIMPLE_PROCESSED,坷伙阂绊扁,柳啊匙馆蛮
[HBAF] 秤明矩胶臣胶 摹令 矩 雇胶秤 190g,苞老/斑苞幅,斑苞幅,RAW_FRUIT,斑苞幅,HBAF
[父傈辫] 蜡扁 父傈蚌芒倒辫 积辫 25概,惑柯侥前,辫/磊馆,DRIED_SEAFOOD,辫,父傈辫
[Kim's butcher] 倒倒富捞 措菩 伙般混 1kg(趁悼),腊幅/拌鄂,蹬瘤绊扁,RAW_MEAT,趁悼 伙般混,Kim's butcher
[倾浆] 妻令 檬妮复 凭纳捞胶 2辆 (琶1),埃侥幅,檬妮复/荤帕,SNACK,檬妮复,倾浆
"窍覆 目敲摹挪 烹催 归槛侩 (趁厘) 2涝, 1.1kg, 1俺 10,990盔 (100g寸 1,998盔) 郴老(老) 货寒 档馒 焊厘 5 (44908) 弥措 550盔 利赋",腊幅/拌鄂,催绊扁,RAW_MEAT,积催,窍覆
[厚框馆蛮] 蠢鸥府滚几汉澜,埃祈侥,馆蛮幅,SIMPLE_PROCESSED,蠢鸥府滚几 汉澜,厚框馆蛮
[聪煌郴煌] 瞒煌 (瞒捞唱芦煌),埃祈侥,剐虐飘,RTC_MEAL,剐虐飘,聪煌郴煌
[棵覆仟胶] 弊府胶 弊腐 夸芭飘 150g 2辆 (琶1),蜡力前,夸芭飘,DAIRY,夸芭飘,棵覆仟胶
[崔费] 臂风刨橇府 揭墨胶抛扼 2辆 (琶1),埃侥幅,户幅,BAKERY,揭墨胶抛扼,崔费
"秦钎 歹 绊家茄磊馆 辫倒磊馆, 300g, 1俺 25%9,980盔 7,480盔 (10g寸 249盔) 郴老(老) 档馒 焊厘 5 (56) 弥措 374盔 利赋",惑柯侥前,辫/磊馆,DRIED_SEAFOOD,辫磊馆,秦钎
"绊鞭柳 某唱促魂 伙般混 荐腊焊接侩 (趁厘), 1俺, 1kg 16,260盔 (100g寸 1,626盔) 郴老(老) 货寒 档馒 焊厘 4.5 (7800) 弥措 813盔 利赋",腊幅/拌鄂,蹬瘤绊扁,RAW_MEAT,伙般混,
[绊贰荤] 绢宫帕 茄弊俯 200g (2俺涝),埃祈侥,剐虐飘,RTC_MEAL,剐虐飘,绊贰荤
[磊楷角废] 悼拱汗瘤 催哎厚 3辆 400g (趁厘),埃祈侥,剐虐飘,RTC_MEAL,剐虐飘,磊楷角废
"[牧叼记] 牧叼记 胶平 18g x 10器 (弊赴局敲, 磊滴, 噶绊, 牧叼记) 4辆 (琶1)",埃侥幅,檬妮复/荤帕,SNACK,俩府,牧叼记
[窍急沥] 接公(客荤厚)350g,埃祈侥,馆蛮幅,SIMPLE_PROCESSED,接公,窍急沥
"促炼篮 寸档急喊 脚绊 硅, 1kg(措, 2涝), 1蒲 7,990盔 (100g寸 799盔) 郴老(老) 货寒 档馒 焊厘 4.5 (8240) 弥措 400盔 利赋",苞老/斑苞幅,苞老,RAW_FRUIT,硅,促炼篮
[CJ] 青汗茄尼 绊家茄 锰滴何 300g,盲家/邦拱幅,尼/滴何,SIMPLE_PROCESSED,滴何,CJ
"归汲 哎祸汲帕, 3kg, 1俺 6%8,380盔 7,860盔 (100g寸 262盔) 郴老(老) 档馒 焊厘 5 (69379) 弥措 393盔 利赋",炼固丰,炼固丰,SAUCE_SEASONING,汲帕,归汲
[舅付磊扼胶] 舅付棵府官 蜡扁丑 竣胶飘扼滚柳 500mL,炼固丰,侥侩蜡/扁抚,SAUCE_SEASONING,棵府宏坷老,舅付磊扼胶
[皋辆骏坷] 居 戎扯矫俊 30g,埃侥幅,户幅,BAKERY,戎扯矫俊,皋辆骏坷
"剧馆 艰绊扁磷, 287.5g, 2俺 37%5,200盔 3,230盔 (100g寸 562盔) 郴老(老) 货寒 档馒 焊厘 5 (1759) 弥措 161盔 利赋",埃祈侥,饭飘肺飘,RTC_MEAL,饭飘肺飘,剧馆磷
"惫郴魂 瘪付疵, 80g, 2俺 3,390盔 (100g寸 2,119盔) 郴老(老) 货寒 档馒 焊厘 5 (98636) 弥措 170盔 利赋",盲家/邦拱幅,盲家,RAW_PRODUCE,付疵,
[酱欺虐模] 歹喉摹令窃冠胶抛捞农,埃祈侥,饭飘肺飘,RTC_MEAL,饭飘肺飘,酱欺虐模
[胶付老蛮] 档扼瘤檬公魔,埃祈侥,馆蛮幅,SIMPLE_PROCESSED,档扼瘤檬公魔,胶付老蛮
[皑内府酒] 阿剧阿祸 家侩樊 寝谤皑 3辆 (琶1),埃侥幅,叼历飘/纳捞农,BAKERY,谤皑,皑内府酒
[悼盔] Dole 颇牢局敲 439g,埃侥幅,叼历飘/纳捞农,BAKERY,苞老牡,悼盔
[扼后府目侨诀] 老扼捞历 农饭捞弊 胶隔硅摹 + 刘沥儡 1P (困胶虐),贱,扁鸥 林幅,ALCOHOL,困胶虐,庆红 鳃 叼胶瓶矾府
[葫弊饭] 夸备福飘 (280mL X 4俺),蜡力前,夸芭飘,DAIRY,夸备福飘,葫弊饭
[急拱技飘] 器玫捞悼哎厚 茄涝 LA哎厚 技飘 2kg,埃祈侥,剐虐飘,RTC_MEAL,剐虐飘,器玫捞悼哎厚
[CU 侨诀] 林扼21斥,贱,扁鸥 林幅,ALCOHOL,困胶虐,林扼
[柳啊匙馆蛮] 悼弊尔动,埃祈侥,馆蛮幅,SIMPLE_PROCESSED,悼弊尔动,柳啊匙馆蛮
[盆杭扼] 浆覆橇 官龙 农覆 颇胶鸥,埃祈侥,饭飘肺飘,RTC_MEAL,饭飘肺飘,盆杭扼
[胶付老蛮] 肋扼初篮 柳固盲汉澜 200g (措侩樊),埃祈侥,馆蛮幅,SIMPLE_PROCESSED,柳固盲 汉澜,胶付老蛮
[赋沛] 剐农萍 2辆 (19g X 10俺涝) (琶1),炼固丰,啊风盒富,SAUCE_SEASONING,剐农萍 盒富,赋沛
"滴风溃 2025斥 禽揭 GAP 牢刘 枚盔 坷措揭 归固, 2kg, 1俺, 惑殿鞭 8%10,900盔 9,980盔 (100g寸 499盔) 郴老(老) 档馒 焊厘 4.5 (15643) 弥措 499盔 利赋",盲家/邦拱幅,揭/棱邦,GRAIN,揭,滴风溃
[伙柳绢宫] 辆钦绢宫帕 (鉴茄咐+概款咐),埃祈侥,剐虐飘,RTC_MEAL,剐虐飘,伙柳绢宫
"媒胶檬内 坷邦栏肺 父电 付矫羔肺 矫府倔, 400g, 1俺 23%6,880盔 5,270盔 (100g寸 1,318盔) 郴老(老) 货寒 档馒 焊厘 5 (5976) 弥措 264盔 利赋",惑柯侥前,矫府倔,GRAIN,矫府倔,奶肺弊
[努夫俩] 怕喉复 檬妮复 5辆,埃侥幅,檬妮复/荤帕,SNACK,檬妮复,努夫俩
"档靛恩茄捣 1殿鞭 殿缴 墨饭侩 (趁厘), 300g, 2俺 13,230盔 (100g寸 2,205盔) 郴老(老) 货寒 档馒 焊厘 5 (17399) 弥措 661盔 利赋",腊幅/拌鄂,蹬瘤绊扁,RAW_MEAT,蹬瘤 殿缴,档靛恩茄捣
[遏萍宏] 海海&虐令 酒楷 搁开俩府 (30老盒),埃侥幅,檬妮复/荤帕,SNACK,俩府,遏萍宏
"龋林魂 家绊扁 惫芭府侩 (趁厘), 300g, 2俺 15%19,980盔 16,850盔 (100g寸 2,808盔) 郴老(老) 货寒 档馒 焊厘 4.5 (10136) 弥措 843盔 利赋",腊幅/拌鄂,家绊扁,RAW_MEAT,惫芭府侩 家绊扁,
"绊家茄 臂风刨橇府 100% 备款 酒阁靛 啊风 厚扒 海捞欧 盒富 颇快歹, 1俺 14%22,000盔 18,900盔 (100g寸 1,890盔) 郴老(老) 档馒 焊厘 5 (632) 弥措 945盔 利赋",苞老/斑苞幅,斑苞幅,RAW_FRUIT,酒阁靛,
"悼盔 固聪 捣鳖胶 (趁悼), 900g, 2俺 21%17,960盔 14,150盔 (100g寸 786盔) 郴老(老) 货寒 档馒 焊厘 5 (12090) 弥措 708盔 利赋",埃祈侥,趁悼侥前,FROZEN_MEAL,趁悼 捣鳖胶,悼盔
"灸绢唱柯 蓖府揭, 1.2kg, 1烹 4,180盔 (100g寸 348盔) 郴老(老) 货寒 档馒 焊厘 5 (14866) 弥措 209盔 利赋",盲家/邦拱幅,揭/棱邦,GRAIN,揭,
"官促隔 磊楷魂 酒福穷萍唱 河篮货快 捞瘤鞘 (趁悼), 300g(漂措), 2俺 20,830盔 (100g寸 3,472盔) 郴老(老) 货寒 档馒 焊厘 5 (3566) 弥措 1,041盔 利赋",荐魂拱,货快/霸,RAW_SEAFOOD,货快,官促隔
"Dole 磨饭魂 酒焊墨档, 1俺, 1kg 10,900盔 (100g寸 1,090盔) 郴老(老) 货寒 档馒 焊厘 4.5 (120) 弥措 545盔 利赋",苞老/斑苞幅,苞老,RAW_FRUIT,酒焊墨档,Dole
"CRYSTAL 积荐 公扼骇, 500ml, 40俺 9,350盔 (100ml寸 47盔) 郴老(老) 档馒 焊厘 5 (31977) 弥措 458盔 利赋",澜丰,积荐,BEVERAGE,积荐,CRYSTAL
[秦蛮甸] 历寸 檬绊眠厘 280g,炼固丰,剧充/家胶,SAUCE_SEASONING,檬绊眠厘,秦蛮甸
[KF365] 1+殿鞭 公亲积力 措鄂 30备 (15备*2ea),腊幅/拌鄂,拌鄂,RAW_MEAT,拌鄂,KF365
[辑匡快蜡] A2 敲矾胶 快蜡 1.7L,蜡力前,快蜡/滴蜡,DAIRY,快蜡,辑匡快蜡
"父唱促 其风魂 揪绝绰 没器档, 1俺, 600g 7,350盔 (100g寸 1,225盔) 郴老(老) 货寒 档馒 焊厘 4.5 (16) 弥措 368盔 利赋",苞老/斑苞幅,苞老,RAW_FRUIT,没器档,父唱促
[厚框馆蛮] 甸柄 楷辟 圾矾靛,埃祈侥,馆蛮幅,SIMPLE_PROCESSED,楷辟 圾矾靛,厚框馆蛮
[磨癌丑魂] 侗汉捞侩 剐侗 1kg,埃侥幅,侗,SNACK,剐侗,磨癌丑魂
[ardo] 趁悼 宏肺妮府 雇胶 2辆,盲家/邦拱幅,盲家,RAW_PRODUCE,宏肺妮府,ardo
[玫龋浚纳绢] 喉风海府 橇府固决 30蒲,澜丰,林胶,BEVERAGE,喉风海府 林胶,玫龋浚纳绢
[柯窍风] 楞 戈摹汉澜,埃祈侥,馆蛮幅,SIMPLE_PROCESSED,戈摹汉澜,柯窍风
"窍风茄尼 脾扁瘤 臼酒 淬归茄 备款 颇官后 焙苛荐荐咐, 15g, 22俺 13%14,900盔 12,900盔 (100g寸 3,909盔) 郴老(老) 档馒 焊厘 4.5 (89) 弥措 645盔 利赋",苞老/斑苞幅,斑苞幅,RAW_FRUIT,颇官后,窍风茄尼
[力林 己捞矫倒格厘] 蜡扁丑 快蜡 750mL,蜡力前,快蜡/滴蜡,DAIRY,快蜡,力林 己捞矫倒格厘
"磅磅 何咯 舅广, 1.5kg, 1蒲 14,980盔 (100g寸 999盔) 郴老(老) 货寒 档馒 焊厘 4.5 (10100) 弥措 749盔 利赋",苞老/斑苞幅,斑苞幅,RAW_FRUIT,广,磅磅
"磅磅 埃祈茄 颊龙 货快混 35固~50固(趁悼), 300g, 1俺 22%8,990盔 6,990盔 (100g寸 2,330盔) 郴老(老) 货寒 档馒 焊厘 5 (9352) 弥措 350盔 利赋",荐魂拱,货快/霸,RAW_SEAFOOD,货快,磅磅
"坷堆扁烤朝 备荐茄 产咯冈绰 穿奉瘤, 900g, 1俺 13%10,800盔 9,370盔 (100g寸 1,041盔) 郴老(老) 档馒 焊厘 4.5 (69210) 弥措 469盔 利赋",埃侥幅,苞磊/胶臣,SNACK,穿奉瘤,坷堆扁
"措备丑魂 阂副鞘夸绝绰 蓖府揭, 2kg, 1俺 44%8,900盔 4,980盔 (100g寸 249盔) 郴老(老) 档馒 焊厘 4.5 (1425) 弥措 249盔 利赋",盲家/邦拱幅,揭/棱邦,GRAIN,揭,措备丑魂
[钱公盔] 瘤备侥窜 蔓帮距 侗汉捞,埃祈侥,剐虐飘,RTC_MEAL,剐虐飘,钱公盔
烹广户 积瘤 (80g X 5俺涝),埃侥幅,户幅,BAKERY,积瘤,
[魂内力苞] 老夯 尼 苞磊 2辆 (琶1),埃侥幅,苞磊/胶臣,SNACK,邦拱 苞磊,魂内力苞
"媒胶檬内 坷邦栏肺 父电 付矫羔肺 矫府倔, 400g, 1俺 23%6,880盔 5,270盔 (100g寸 1,318盔) 郴老(老) 档馒 焊厘 5 (35149) 弥措 264盔 利赋",惑柯侥前,矫府倔,GRAIN,矫府倔,奶肺弊
"疯飘 酒捞浇鄂雕 夸芭飘 鹅农, 100g, 3俺 11,700盔 (10g寸 390盔) 郴老(老) 货寒 档馒 焊厘 5 (8826) 弥措 585盔 利赋",蜡力前,夸芭飘,DAIRY,夸芭飘,疯飘
[Dole] 蜡扁丑 官唱唱 500g,苞老/斑苞幅,苞老,RAW_FRUIT,官唱唱,Dole
"秦巢绊备付 秦巢俊辑 父电 馆矫 绊备付, 60g, 10俺 捻迄且牢3%22,700盔 21,850盔 (100g寸 3,642盔) 郴老(老) 档馒 焊厘 4.5 (8704) 弥措 1,093盔 利赋",盲家/邦拱幅,盲家,RAW_PRODUCE,绊备付,
[扼皋福钱扼福] 橇尔胶 傈烹捻虐 2辆 (琶1),埃侥幅,苞磊/胶臣,SNACK,捻虐,扼皋福钱扼福
[KF365] 公亲积力 漂鄂 40备 (20备*2ea),腊幅/拌鄂,拌鄂,RAW_MEAT,拌鄂,KF365
[俊赣捞] 概款 家绊扁 揭惫荐,埃祈侥,饭飘肺飘,RTC_MEAL,饭飘肺飘,俊赣捞
[仟叼滚叼] 何靛矾款 蜡扁丑 揭逛 3涝,埃祈侥,溜籍逛,INSTANT,溜籍逛,仟叼滚叼
"拌鄂狼沥盔 欧窜归 备款拌鄂 1260g, 1俺, 30备 12,900盔 (1备寸 430盔) 郴老(老) 货寒 档馒 焊厘 4.5 (2539) 弥措 645盔 利赋",腊幅/拌鄂,拌鄂,RAW_MEAT,备款鄂,拌鄂狼沥盔
"钙缴 拳捞飘榜靛 目乔雇胶, 11.7g, 50俺涝, 1俺 8,790盔 (10g寸 150盔) 郴老(老) 货寒 档馒 焊厘 5 (1660) 弥措 440盔 利赋",澜丰,目乔/瞒,BEVERAGE,目乔雇胶,钙缴
[伙剧格厘] 蜡扁丑快蜡 1000mL,蜡力前,快蜡/滴蜡,DAIRY,快蜡,伙剧格厘
[荤府盔] 空父滴傈榜,埃祈侥,剐虐飘,RTC_MEAL,剐虐飘,荤府盔
"颇胶硼福 官弗格厘 家拳啊 肋登绰 快蜡, 200ml, 20俺 20,010盔 (100ml寸 500盔) 郴老(老) 档馒 焊厘 5 (4673) 弥措 1,000盔 利赋",蜡力前,快蜡/滴蜡,DAIRY,遏配橇府 快蜡,颇胶硼福
"胶困萍坷 颇牢局敲 漂, 1500g, 1俺 6,540盔 (100g寸 436盔) 郴老(老) 货寒 档馒 焊厘 4.5 (5245) 弥措 327盔 利赋",苞老/斑苞幅,苞老,RAW_FRUIT,颇牢局敲,胶困萍坷
[芒撅] 备抚侗 3辆 (琶1),埃侥幅,侗,SNACK,备抚侗,芒撅
"滚磐傅 钓檬内, 155g, 1俺 14%4,400盔 3,760盔 (10g寸 243盔) 郴老(老) 货寒 档馒 焊厘 5 (1465) 弥措 169盔 利赋",埃侥幅,苞磊/胶臣,SNACK,滚磐傅,秦怕
"盔丑魂 寸档急喊 硅, 3kg(4~6涝), 1冠胶 17,990盔 (100g寸 600盔) 郴老(老) 货寒 档馒 焊厘 4.5 (24297) 弥措 900盔 利赋",苞老/斑苞幅,苞老,RAW_FRUIT,硅,盔丑魂
[农风靛] 蜡扁丑 竣胶飘扼 滚柳 棵府宏坷老 500mL,炼固丰,侥侩蜡/扁抚,SAUCE_SEASONING,棵府宏坷老,农风靛
[急拱技飘] 福鳖档靛付厚 弊尔 碱妮扼 (16俺涝),埃侥幅,檬妮复/荤帕,SNACK,檬妮复,福鳖档靛付厚
"[KF365] 肯档 傈汗 11~15付府 500g (家, 积拱)",荐魂拱,炼俺/傈汗,RAW_SEAFOOD,傈汗,KF365
[付夸扼] 目乔炼捞 351g (39g X 9俺涝),埃侥幅,苞磊/胶臣,SNACK,目乔 苞磊,付夸扼
[吩单溃仟靛] 困榴 660mL 3辆 (琶1),埃侥幅,叼历飘/纳捞农,BAKERY,酒捞胶农覆,吩单
"酒烙乔浆 啊矫官弗 滴霹茄 鉴混 哎摹 (趁悼), 600g, 1俺 5%17,900盔 16,980盔 (100g寸 2,830盔) 1,000盔 客快 啊涝 捻迄 郴老(老) 货寒 档馒 焊厘 4.5 (453) 弥措 714盔 利赋",荐魂拱,积急,RAW_SEAFOOD,哎摹,酒烙乔浆
[力肺海捞目府] 客敲 内内秤 (48g X 2俺涝),埃侥幅,叼历飘/纳捞农,BAKERY,客敲,力肺海捞目府
[巢剧] 阂啊府胶 遏配橇府 夸芭飘 敲饭牢 (85g X 8俺),蜡力前,夸芭飘,DAIRY,夸芭飘,巢剧
[PPUL] 1++(9) 茄快 堡剧侥 阂绊扁 (趁厘),埃祈侥,剐虐飘,RTC_MEAL,剐虐飘,PPUL
[辫沥券全伙] 荤苞唱公酒贰 崔霓全伙 (绢赴捞侩),固殿废 墨抛绊府,扁鸥,UNKNOWN,扁鸥,辫沥券全伙
[官坷淬] 棵府宏 沥苞 140g,埃侥幅,叼历飘/纳捞农,BAKERY,沥苞,官坷淬
[讣篮拱俊] 楷玫尼 尼拱 100% 漂鞭尼 2辆,盲家/邦拱幅,尼/滴何,SIMPLE_PROCESSED,尼拱,讣篮拱俊
"磅磅 缔促府混 阂绊扁侩 (趁厘), 1000g, 1俺 12,250盔 (100g寸 1,225盔) 郴老(老) 货寒 档馒 焊厘 4.5 (16495) 弥措 613盔 利赋",腊幅/拌鄂,蹬瘤绊扁,RAW_MEAT,缔促府混,磅磅
[肚焊摆瘤侗汉捞笼] 侗汉捞 1豪/2豪 (甘扁急琶),埃祈侥,剐虐飘,RTC_MEAL,剐虐飘,肚焊摆瘤侗汉捞笼
[钱公盔] 惑怒蜡磊 部甸公 厘酒骂 220g,埃祈侥,馆蛮幅,SIMPLE_PROCESSED,公 厘酒骂,钱公盔
[堡玫辫] 俏农掐 虐令辫磊馆 40g,惑柯侥前,辫/磊馆,DRIED_SEAFOOD,辫磊馆,堡玫辫
[罢明海捞目府] 捻虐 6辆 技飘 800g,埃侥幅,苞磊/胶臣,SNACK,捻虐,罢明海捞目府
"概老蜡诀 家拳啊 肋登绰 快蜡 窜归龙, 930ml, 2俺 8,000盔 (100ml寸 430盔) 郴老(老) 货寒 档馒 焊厘 5 (12098) 弥措 400盔 利赋",蜡力前,快蜡/滴蜡,DAIRY,遏配橇府 快蜡,概老
[染己绵蛆茄快] 1殿鞭 茄快 殿缴 200g,腊幅/拌鄂,家绊扁,RAW_MEAT,家 殿缴,染己绵蛆茄快
"趁悼 噶绊浇扼捞胶 (趁悼), 1俺, 1kg 5,830盔 (100g寸 583盔) 郴老(老) 货寒 档馒 焊厘 4.5 (674) 弥措 291盔 利赋",苞老/斑苞幅,趁悼苞老,SIMPLE_PROCESSED,趁悼 噶绊,
[固遏] 康堡 过己器 曼奔厚 180g (2固) (趁悼),荐魂拱,戈摹/扒绢拱,DRIED_SEAFOOD,奔厚,固遏
[且府胶] 胶抛厚酒 目乔雇胶 2辆 (琶1),澜丰,目乔/瞒,BEVERAGE,目乔雇胶,且府胶
"磅磅 拳捞飘 眉促摹令 浇扼捞胶, 18g, 22俺涝, 1俺 6,110盔 (10g寸 154盔) 郴老(老) 货寒 档馒 焊厘 5 (5525) 弥措 305盔 利赋",蜡力前,摹令,DAIRY,眉促 摹令,磅磅 
"橇府固决 蜡扁丑 何眠, 150g, 1俺 4,310盔 (100g寸 2,873盔) 郴老(老) 货寒 档馒 焊厘 5 (529) 弥措 215盔 利赋",盲家/邦拱幅,盲家,RAW_PRODUCE,何眠,
"墨穿 歹喉鸡 扼都 目乔雇胶 胶平, 13.5g, 50俺涝, 2俺 35,600盔 (10g寸 264盔) 郴老(老) 档馒 焊厘 5 (41605) 弥措 1,780盔 利赋",澜丰,目乔/瞒,BEVERAGE,目乔雇胶,墨穿 
"厚厚绊 档盆 悼弊尔动 (趁悼), 795g, 1俺 1%9,480盔 9,300盔 (100g寸 1,170盔) 郴老(老) 货寒 档馒 焊厘 5 (44687) 弥措 465盔 利赋",埃祈侥,馆蛮幅,SIMPLE_PROCESSED,悼弊尔动,厚厚绊
"券鸥 颇牢局敲, 350ml, 24俺 15,690盔 (100ml寸 187盔) 郴老(老) 档馒 焊厘 5 (16172) 弥措 785盔 利赋",澜丰,藕魂澜丰,BEVERAGE,券鸥 颇牢局敲,内墨妮扼
"促炼篮 厚颇鲍寸档急喊 箕牢赣胶南, 500g, 4蒲 16,960盔 (100g寸 848盔) 郴老(老) 货寒 档馒 焊厘 4.5 (32098) 弥措 848盔 利赋",苞老/斑苞幅,苞老,RAW_FRUIT,箕牢赣胶南,促炼篮
[蘑皇肺] IQF 公焕催惯 300g (趁悼),埃祈侥,剐虐飘,RTC_MEAL,剐虐飘,蘑皇肺
[KF365] 埃祈茄 6啊瘤 秦拱 葛惦,埃祈侥,趁悼侥前,FROZEN_MEAL,秦拱雇胶,KF365
[棵靛其府档秤] 其捞焊复 档秤 4辆 (2俺涝) (琶1),埃侥幅,叼历飘/纳捞农,BAKERY,档秤,棵靛其府档秤
[棵啊] 泅固 葛唱墨 3辆 急拱技飘 (13g X 36俺),埃侥幅,叼历飘/纳捞农,BAKERY,葛唱墨,棵啊
[屈力惑雀] 葛狄雀 胶其既(狞硅价/辑匡茄沥),荐魂拱,积急,RAW_SEAFOOD,葛狄雀,屈力惑雀
"秦烹飞 叼器府 秦拱 促矫蒲, 16g, 20俺涝, 1俺 且牢1%14,000盔 13,730盔 (10g寸 429盔) 郴老(老) 货寒 档馒 焊厘 5 (18178) 弥措 650盔 利赋",炼固丰,炼固丰,SAUCE_SEASONING,促矫蒲,秦烹飞
[凉府扑] 阜措荤帕 125g,埃侥幅,檬妮复/荤帕,SNACK,荤帕,凉府扑
[措茄力老固] 矫岿固家固 揭 4kg,盲家/邦拱幅,揭/棱邦,GRAIN,揭,措茄力老固
[窍覆] 曼柳 配辆催 汉澜帕侩 1kg (趁厘),腊幅/拌鄂,催绊扁,RAW_MEAT,配辆催,窍覆
蜡扁丑 剐虐凝 揭 2kg,盲家/邦拱幅,揭/棱邦,GRAIN,揭,剐虐凝
"捧单捞秤 呈飘茄淋 夸芭飘, 14俺 9,280盔 (1技飘寸 663盔) 郴老(老) 档馒 焊厘 5 (125803) 弥措 464盔 利赋",苞老/斑苞幅,斑苞幅,RAW_FRUIT,斑苞幅,捧单捞秤
[挪歹] 何俊畴 檬妮复官 3俺涝,埃侥幅,檬妮复/荤帕,SNACK,檬妮复,挪歹
[扁厘拱魂] 厚忽逛侩 秦檬圾矾靛 2辆 (琶1),埃祈侥,圾矾靛蒲,RTC_MEAL,圾矾靛,扁厘拱魂
[CJ] 嚼 甘埋捞 角厚辫摹 400g,埃祈侥,馆蛮幅,SIMPLE_PROCESSED,辫摹,CJ
[客牢矩葛绢侨诀]内畴荐福 20硅凡 鳖海福匙家厚川 ((客牢)),贱,客牢,ALCOHOL,饭靛 客牢,付捞器 闺府
One-Frozen 畴福傀捞 绊殿绢 3辆 (趁悼) (琶1),荐魂拱,积急,RAW_SEAFOOD,绊殿绢,
[辫备盔急积] 辑府怕 滴何 2俺,盲家/邦拱幅,尼/滴何,SIMPLE_PROCESSED,滴何,辫备盔急积
"海飘巢魂 闰促府货快混 (趁悼), 2俺, 200g(71 / 90) 7,520盔 (100g寸 1,880盔) 郴老(老) 货寒 档馒 焊厘 5 (548) 弥措 376盔 利赋",荐魂拱,货快/霸,RAW_SEAFOOD,货快,
[崔费] 历寸 臂风刨橇府 费纳捞农 3辆 (琶1),埃侥幅,叼历飘/纳捞农,BAKERY,费纳捞农,崔费
[没淬悼 乔剧苛] 牢扁 乞剧趁搁&父滴&踌滴傈 3辆 (琶1),埃祈侥,剐虐飘,RTC_MEAL,剐虐飘,没淬悼 乔剧苛
[纳坷胶] 酒捞府矫 皑磊抹 海胶飘敲饭捞滚 2辆 (琶1),埃侥幅,苞磊/胶臣,SNACK,皑磊抹,纳坷胶
"弊赴呈飘 扒器档, 300g, 1俺 5,490盔 (100g寸 1,830盔) 郴老(老) 货寒 档馒 焊厘 5 (2919) 弥措 275盔 利赋",苞老/斑苞幅,苞老,RAW_FRUIT,器档,弊赴呈飘
[钱公盔] 锯乔菜蛮 积 拱父滴 X 3涝,埃祈侥,趁悼侥前,FROZEN_MEAL,父滴,钱公盔
"脾辫快悼 110g, 6俺 6,960盔 (1俺寸 1,160盔) 郴老(老) 档馒 焊厘 4.5 (13938) 弥措 348盔 利赋",埃祈侥,扼搁,INSTANT,脾辫快悼,坷堆扁
[摹令巩] 备况冈绰 且风固 摹令 100g,蜡力前,摹令,DAIRY,摹令,摹令巩
"模券版 惫郴魂 曝捞滚几, 360g, 2俺 2,010盔 (100g寸 279盔) 郴老(老) 货寒 档馒 焊厘 5 (12740) 弥措 100盔 利赋",盲家/邦拱幅,滚几,RAW_PRODUCE,曝捞滚几,
"馒茄惑痢 备荐窍霸 产咯冈绰 架堆脖 穿奉瘤, 500g, 1俺 37%8,000盔 4,990盔 (100g寸 998盔) 郴老(老) 货寒 档馒 焊厘 4.5 (15766) 弥措 250盔 利赋",埃侥幅,苞磊/胶臣,SNACK,穿奉瘤,馒茄惑痢
"某唱促靛扼捞 柳历俊老 配葱, 250ml, 30俺 15,770盔 (100ml寸 210盔) 郴老(老) 档馒 焊厘 货 惑前, 馆前-固俺豪 (68) 弥历13,100盔 5 (22040) 弥措 789盔 利赋",澜丰,藕魂澜丰,BEVERAGE,藕魂荐,某唱促靛扼捞
[柳啊匙馆蛮] 催啊娇混 厘炼覆,埃祈侥,馆蛮幅,SIMPLE_PROCESSED,厘炼覆,柳啊匙馆蛮
"匙胶墨其荐橇府葛 酒皋府墨畴 喉发 盔滴目乔雇胶 颇快摹, 180g, 1俺 15,870盔 (100g寸 8,817盔) 郴老(老) 档馒 焊厘 5 (23742) 弥措 794盔 利赋",澜丰,目乔/瞒,BEVERAGE,目乔啊风,匙胶墨其荐橇府葛
[急拱技飘] 焙魂 捞己寸 檬妮复 尔弊靛箕 技飘,埃侥幅,苞磊/胶臣,SNACK,捻虐,捞己寸
"葛酒固飘 某唱促魂 焊府冈牢 亲沥混 (趁厘), 600g, 1俺 34%24,510盔 16,080盔 (100g寸 2,680盔) 郴老(老) 货寒 档馒 焊厘 5 (14716) 弥措 804盔 利赋",腊幅/拌鄂,蹬瘤绊扁,RAW_MEAT,亲沥混,葛酒固飘
"府瘤 泅固蜡, 500ml, 2俺 13,360盔 (100ml寸 1,336盔) 郴老(老) 档馒 焊厘 5 (28036) 弥措 668盔 利赋",炼固丰,侥侩蜡/扁抚,SAUCE_SEASONING,泅固蜡,府瘤
"吩单溃仟靛 备备 能 酒捞胶农覆 (趁悼), 160ml, 5俺涝, 1俺 7,000盔 (10ml寸 88盔) 郴老(老) 货寒 档馒 焊厘 5 (11252) 弥措 350盔 利赋",埃侥幅,叼历飘/纳捞农,BAKERY,酒捞胶农覆,吩单
[悼盔] 备款 辫逛辫 22g (10概),惑柯侥前,辫/磊馆,DRIED_SEAFOOD,辫逛辫,悼盔
[KF365] 茄捣 烹 亲沥混 (荐腊侩) 500g (趁厘),腊幅/拌鄂,蹬瘤绊扁,RAW_MEAT,亲沥混,KF365
[力聪捻虐] 付墨促固酒 内内酒 农府胶乔 255g,埃侥幅,苞磊/胶臣,SNACK,捻虐,力聪捻虐
"荐沥辫 堡玫 颇贰辫, 4g, 16俺, 1俺涝 6,590盔 (10g寸 1,030盔) 郴老(老) 货寒 档馒 焊厘 5 (127) 弥措 296盔 利赋",惑柯侥前,辫/磊馆,DRIED_SEAFOOD,辫,荐沥辫
[措玫辫] 固聪档矫遏辫 10豪,惑柯侥前,辫/磊馆,DRIED_SEAFOOD,辫,措玫辫
"乔弊牢歹啊电 倪 圾矾靛, 152g, 2俺 8,710盔 (100g寸 2,865盔) 郴老(老) 货寒 档馒 焊厘 4.5 (112) 弥措 435盔 利赋",埃祈侥,圾矾靛蒲,RTC_MEAL,圾矾靛,乔弊牢歹啊电
"基钎 历寸 力腊汉澜 剧充, 440g, 1俺 28%6,980盔 4,980盔 (100g寸 1,132盔) 郴老(老) 档馒 焊厘 4.5 (400) 弥措 224盔 利赋",炼固丰,剧充/家胶,SAUCE_SEASONING,力腊汉澜 剧充,基钎
"根海胶飘 困靛绢胶 公扼骇 积荐, 500ml, 80俺 21,480盔 (100ml寸 54盔) 郴老(老) 档馒 焊厘 5 (167582) 弥措 1,074盔 利赋",澜丰,积荐,BEVERAGE,积荐,根海胶飘
[官坷淬] 乔沫碍沥 130g,埃侥幅,苞磊/胶臣,SNACK,碍沥,官坷淬
[橇饭矫皋捞靛] 家绊扁 公惫,埃祈侥,饭飘肺飘,RTC_MEAL,饭飘肺飘,橇饭矫皋捞靛
[沥瘤急狼 萍浚固固] 货快肯帕搁,埃祈侥,剐虐飘,RTC_MEAL,剐虐飘,沥瘤急狼 萍浚固固
"全檬 澜侩侥檬 籍幅, 1.5L, 1俺 40%15,900盔 9,490盔 (10ml寸 63盔) 郴老(老) 档馒 焊厘 5 (87169) 弥措 475盔 利赋",炼固丰,剧充/家胶,SAUCE_SEASONING,全檬,全檬
"秦蛮甸 绊扁傈侩 接厘, 450g, 2俺 7,100盔 (100g寸 789盔) 郴老(老) 档馒 焊厘 5 (28825) 弥措 355盔 利赋",炼固丰,剧充/家胶,SAUCE_SEASONING,接厘,秦蛮甸
[坷聪胶飘]飘府敲妮扼罢 坷坊瘤 28器,固殿废 墨抛绊府,扁鸥,UNKNOWN,扁鸥,坷聪胶飘
[固磊攫聪匙] 傈 6辆 (琶1),埃祈侥,趁悼侥前,FROZEN_MEAL,傈,固磊攫聪匙
[RARE : 饭绢] 1++(8) 茄快 坷捞胶磐 胶抛捞农 300g,腊幅/拌鄂,家绊扁,RAW_MEAT,何盲混,RARE : 饭绢
[己版辫] 刀档俊叼记 犁贰 档矫遏辫 4g X 16豪,惑柯侥前,辫/磊馆,DRIED_SEAFOOD,辫,己版辫
[捞陛急疙牢] 坷隆绢 揪狙粒哎 180g (趁悼),埃祈侥,馆蛮幅,SIMPLE_PROCESSED,坷隆绢粒哎,捞陛急疙牢
[季磐目乔] No.7 胶其既萍 目乔 靛赋归 (10g X 7俺),澜丰,目乔/瞒,BEVERAGE,目乔 靛赋归,季磐目乔
"混咐唱夸 伯龙 哈变 颊龙 货快混 漂措 (趁厘), 180g, 1俺 7,890盔 (100g寸 4,383盔) 郴老(老) 货寒 档馒 焊厘 5 (1699) 弥措 395盔 利赋",荐魂拱,货快/霸,RAW_SEAFOOD,货快,混咐唱夸
[赴飘] 赴档福 檬妮复 3辆 (琶1),埃侥幅,檬妮复/荤帕,SNACK,檬妮复,赴飘
[庆捞剐] 厚扒 父滴 4辆(琶1),埃祈侥,趁悼侥前,FROZEN_MEAL,父滴,庆捞剐
"橇府固决 喉风海府 (趁悼), 1俺, 1kg 6,940盔 (100g寸 694盔) 郴老(老) 货寒 档馒 焊厘 4.5 (3777) 弥措 347盔 利赋",苞老/斑苞幅,苞老,RAW_FRUIT,喉风海府,
"墨穿 官府胶鸥 赣脚 傈侩 母蕉目乔 纳绢傅胶鸥 叼墨其牢, 9.5g, 10俺涝, 2俺 15%15,800盔 13,300盔 (10g寸 700盔) 郴老(老) 档馒 焊厘 5 (4376) 弥措 665盔 利赋",澜丰,目乔/瞒,BEVERAGE,目乔母蕉,墨穿
[没沥盔] 溅橇狼摹挪胶佩 270g(譬宏),炼固丰,炼固丰,SAUCE_SEASONING,摹挪胶佩,没沥盔
[捞格] 惫郴魂 家绊扁 腊傈侩 200g (趁悼),腊幅/拌鄂,家绊扁,RAW_MEAT,腊傈侩 家绊扁,捞格
"归汲 窍踞汲帕, 400g, 1俺 1,880盔 (100g寸 470盔) 郴老(老) 货寒 档馒 焊厘 5 (2672) 弥措 94盔 利赋",炼固丰,炼固丰,SAUCE_SEASONING,汲帕,归汲
[归汲] 蜡扁丑 哎祸汲帕 2辆 (400g/1kg),炼固丰,炼固丰,SAUCE_SEASONING,孺汲帕,归汲
"府猫 坷府瘤澄 擒烹炼覆, 200g, 4俺 46%19,920盔 10,640盔 (10g寸 133盔) 郴老(老) 货寒 档馒 焊厘 5 (2987) 弥措 532盔 利赋",惑柯侥前,曼摹/胶圃牡,CANNED,府猫,府猫
[官抚剖] 埃祈窍霸 颊龙茄 例窜 硅眠 300g,盲家/邦拱幅,盲家,RAW_PRODUCE,硅眠,官抚剖
[焊畴] 胶橇 3俺涝 5辆 (琶1),埃祈侥,剐虐飘,RTC_MEAL,剐虐飘,焊畴
"磅磅 惫郴魂 颇辫摹, 1kg, 1俺 27%21,390盔 15,540盔 (100g寸 1,554盔) 郴老(老) 货寒 档馒 焊厘 4.5 (17686) 弥措 777盔 利赋",埃祈侥,馆蛮幅,SIMPLE_PROCESSED,颇辫摹,磅磅
[茄尝烹混] 弊副靛 催啊娇混 13辆 (1涝/4涝),腊幅/拌鄂,催绊扁,RAW_MEAT,催啊娇混,茄尝烹混
"海海胶飘 贸澜 冈绰 酒捞 焊府瞒, 30g, 3俺 9,830盔 郴老(老) 档馒 焊厘 4.5 (3788) 弥措 491盔 利赋",澜丰,目乔/瞒,BEVERAGE,焊府瞒,海海胶飘
"瘤府魂贸烦 青汗茄 沥篮揪狼 绊家茄 甸柄啊风, 150g, 1俺 10,280盔 (100g寸 6,853盔) 郴老(老) 档馒 焊厘 4.5 (7859) 弥措 514盔 利赋",炼固丰,啊风盒富,SAUCE_SEASONING,甸柄啊风,瘤府魂贸烦
[倾浆] 促农檬妮复 籍幅 210g,埃侥幅,檬妮复/荤帕,SNACK,檬妮复,倾浆
"钙胶豪 摹令 15p, 525g, 1俺 30%8,480盔 5,900盔 (10g寸 112盔) 郴老(老) 档馒 焊厘 5 (8886) 弥措 295盔 利赋",腊幅/拌鄂,啊傍腊(擒/家矫瘤),PROCESSED_MEAT,家矫瘤,钙胶豪
[洒富扼具] 槛秒秦家 颇萍胶付飘 家橇飘 抿 噶绊咐 10俺涝,埃侥幅,檬妮复/荤帕,SNACK,俩府,洒富扼具
[巢剧] 咐乐绰滴蜡GT 崔霓茄咐 (190mL X 24俺),蜡力前,快蜡/滴蜡,DAIRY,滴蜡,巢剧蜡诀
[25-26 寝棵府宏][鳖荤胶 叼 饶舅档] 乔捻舅 竣胶飘扼滚柳 500mL,炼固丰,侥侩蜡/扁抚,SAUCE_SEASONING,棵府宏坷老,鳖荤胶 叼 饶舅档
[厚框馆蛮] 酒昏快钧盲汉澜,埃祈侥,馆蛮幅,SIMPLE_PROCESSED,快钧盲 汉澜,厚框馆蛮
[崔贰秦厘] 加 钱府绰 快伙般 家蚌芒傈榜,埃祈侥,剐虐飘,RTC_MEAL,剐虐飘,崔贰秦厘
[付歹匙胶飘] 橇肺弃府胶 付穿墨倾聪 滚磐膏喷 肺哩瘤 牡叼 300g,埃侥幅,檬妮复/荤帕,SNACK,牡叼,付歹匙胶飘
[坷聪胶飘] 飘府敲箕牢 器档 啊电 俊叼记 急拱技飘 2辆 28器,埃侥幅,檬妮复/荤帕,SNACK,俩府,坷聪胶飘
[空局逛惑] 角厚颇辫摹,埃祈侥,馆蛮幅,SIMPLE_PROCESSED,颇辫摹,空局逛惑
"[Non-GMO 100%] 厚捞明 瞒傈磊乔 啊风 盒富, 1俺, 400g 且牢52%20,900盔 9,900盔 (10g寸 248盔) 郴老(老) 档馒 焊厘 4.5 (244) 弥措 495盔 利赋",炼固丰,啊风盒富,SAUCE_SEASONING,瞒傈磊乔 盒富,厚捞明
"林胶侩 给抄捞 配付配, 5kg, 1冠胶 19,440盔 (100g寸 389盔) 郴老(老) 货寒 档馒 焊厘 4.5 (11238) 弥措 972盔 利赋",盲家/邦拱幅,盲家,RAW_PRODUCE,配付配,
弊矫例 溜籍备捞 辫 15概,惑柯侥前,辫/磊馆,DRIED_SEAFOOD,辫,促柯侥前
[傈烹林] 救悼家林老前 力肺酱芭 (25档 350mL),贱,傈烹林,ALCOHOL,刘幅 家林,救悼家林老前
"辑沥苛狼 蠢赴何君 蠢赴 荐沥苞, 1L, 2俺 9,060盔 (100ml寸 453盔) 郴老(老) 货寒 档馒 焊厘 5 (16054) 弥措 453盔 利赋",澜丰,目乔/瞒,BEVERAGE,荐沥苞,辑沥苛狼 蠢赴何君
"全康狼 河篮措霸 归埃厘, 500ml, 1俺 30%13,000盔 8,990盔 (100ml寸 1,798盔) 郴老(老) 货寒 档馒 焊厘 5 (1413) 弥措 450盔 利赋",炼固丰,剧充/家胶,SAUCE_SEASONING,归埃厘,全康狼
[绊皋] 官昏攀臂茄 磨府货快,埃祈侥,趁悼侥前,FROZEN_MEAL,磨府货快,绊皋
"坷官促 惫郴魂 颊龙 坷隆绢 4固 (趁悼), 700g(4固), 1俺 13%22,900盔 19,900盔 (100g寸 2,843盔) 郴老(老) 货寒 档馒 焊厘 4.5 (46066) 弥措 925盔 利赋",荐魂拱,坷隆绢/巩绢,RAW_SEAFOOD,坷隆绢,坷官促
[啊焊剖胶] 荤剧国曹 急拱技飘,炼固丰,剧充/家胶,SAUCE_SEASONING,曹,啊焊剖胶
[棵馆] 槛己 概霓茄 冕玫侥催哎厚 180gx3蒲,埃祈侥,剐虐飘,RTC_MEAL,剐虐飘,棵馆
[公拳寸] 积农覆费 (1俺涝),埃侥幅,叼历飘/纳捞农,BAKERY,费纳捞农,公拳寸
"淬磐 绊备付扼都 盒富, 18g, 40俺涝, 1俺 13%15,800盔 13,600盔 (10g寸 189盔) 郴老(老) 档馒 焊厘 4.5 (7995) 弥措 680盔 利赋",炼固丰,啊风盒富,SAUCE_SEASONING,扼都啊风,淬磐
[急拱技飘] 炔怕 急拱 技飘 漂龋,荐魂拱,戈摹/扒绢拱,DRIED_SEAFOOD,炔怕,
"惫郴魂 寸辟 盲, 200g, 2蒲 4,730盔 (100g寸 1,183盔) 郴老(老) 货寒 档馒 焊厘 5 (10962) 弥措 236盔 利赋",盲家/邦拱幅,盲家,RAW_PRODUCE,寸辟,
[官弗快蜡楷备家] 官弗 蜡扁丑 快蜡(坷府瘤澄) 900mL,蜡力前,快蜡/滴蜡,DAIRY,快蜡,官弗快蜡楷备家
[25-26 寝棵府宏] [操厩] 喉发 肺锯 竣胶飘扼滚柳 500mL,炼固丰,侥侩蜡/扁抚,SAUCE_SEASONING,棵府宏坷老,操厩
[弊贰牢胶 捻虐] 妮泛记 (50俺),埃侥幅,苞磊/胶臣,SNACK,捻虐,弊贰牢胶 捻虐
[概老] 家拳啊 肋登绰 快蜡 2辆,蜡力前,快蜡/滴蜡,DAIRY,遏配橇府 快蜡,概老
"蜡啊盔 蜡扁丑 龋滴, 200g, 1俺 20,400盔 (100g寸 10,200盔) 郴老(老) 档馒 焊厘 货 惑前, 馆前 (2) 4.5 (446) 弥措 918盔 利赋",苞老/斑苞幅,斑苞幅,RAW_FRUIT,龋滴,蜡啊盔
[QBB] 客荤厚 胶葛农 摹令 50g,蜡力前,摹令,DAIRY,摹令,QBB
"悼盔 磊楷魂 睬摹 烹炼覆, 400g, 1俺 8%5,480盔 5,000盔 (10g寸 125盔) 郴老(老) 货寒 档馒 焊厘 货 惑前, 馆前-固俺豪 (2) 弥历4,750盔 5 (5186) 弥措 250盔 利赋",惑柯侥前,曼摹/胶圃牡,CANNED,睬摹牡,悼盔
[救缴盟盟] 榜靛 摹挪刨歹 800g,埃祈侥,趁悼侥前,FROZEN_MEAL,摹挪刨歹,家龋淬
"[急拱技飘] 家龋淬 肯档 劝傈汗  11~13付府 1kg (措, 积拱)(抗距老 荐飞)",荐魂拱,炼俺/傈汗,RAW_SEAFOOD,傈汗,
[Kurly's] 1++ 茄快 阂绊扁 250g (趁厘),腊幅/拌鄂,家绊扁,RAW_MEAT,阂绊扁,Kurly's
"讣篮拱俊 曼亮篮 惫魂 槛林唱拱, 500g, 1俺 4,480盔 (100g寸 896盔) 郴老(老) 货寒 档馒 焊厘 4.5 (28435) 弥措 199盔 利赋",盲家/邦拱幅,盲家,RAW_PRODUCE,槛林唱拱,
"姬崔橇 叠扁离, 284g, 1俺 7,040盔 (100g寸 2,479盔) 郴老(老) 货寒 档馒 焊厘 5 (126) 弥措 352盔 利赋",惑柯侥前,离/胶橇饭靛,SAUCE_SEASONING,叠扁离,姬崔橇
[付夸扼] 内乔内 目乔牡叼 瘤欺归 2辆 (琶1),埃侥幅,檬妮复/荤帕,SNACK,目乔荤帕,付夸扼
[归汲] 夸府棵府绊寸 700g,炼固丰,剧充/家胶,SAUCE_SEASONING,棵府绊寸,归汲
"厚厚绊 家绊扁剧瘤腊荐, 500g, 6俺 55%20,880盔 9,200盔 (100g寸 307盔) 郴老(老) 档馒 焊厘 5 (4154) 弥措 460盔 利赋",埃祈侥,饭飘肺飘,RTC_MEAL,饭飘肺飘,厚厚绊
[怕快茄快] 1+ 茄快 救缴 胶抛捞农 200g (趁厘),腊幅/拌鄂,家绊扁,RAW_MEAT,救缴,怕快茄快
[欧] 橇府固决 泅固蜡 2辆 (琶1),炼固丰,侥侩蜡/扁抚,SAUCE_SEASONING,泅固蜡,欧
[棵啊]  柳茄 橇府固决 曼摹咀 220g,炼固丰,炼固丰,SAUCE_SEASONING,曼摹咀,棵啊
"惫郴魂 皑磊盲, 500g, 1俺 5,100盔 (100g寸 1,020盔) 郴老(老) 货寒 档馒 焊厘 4.5 (5832) 弥措 255盔 利赋",盲家/邦拱幅,盲家,RAW_PRODUCE,皑磊,
[辫痹如茄苞] 曹距苞 4辆 (琶1),埃侥幅,叼历飘/纳捞农,BAKERY,距苞,辫痹如茄苞
[冈浆捣唱] 何措侗汉捞 3牢盒,埃祈侥,剐虐飘,RTC_MEAL,剐虐飘,冈浆捣唱
[快林] 碍盔档 扒炼 何靛矾款 炔怕盲 100g,荐魂拱,戈摹/扒绢拱,DRIED_SEAFOOD,炔怕,快林
[Picard] 喉发飘矾敲 概浆靛 器抛捞配,埃祈侥,饭飘肺飘,RTC_MEAL,饭飘肺飘,Picard
[硅矾] 弊贰愁扼 橇肺凭杭 50g,惑柯侥前,矫府倔,GRAIN,弊贰愁扼,硅矾
[6促捞醋] 捞海府内 措菩 格混 400g(趁悼),腊幅/拌鄂,蹬瘤绊扁,RAW_MEAT,格混,6促捞醋
"CJ力老力寸 青汗茄尼 奴滴何, 1kg, 2俺 12%7,160盔 6,270盔 (100g寸 314盔) 郴老(老) 货寒 档馒 焊厘 5 (18542) 弥措 314盔 利赋",盲家/邦拱幅,尼/滴何,SIMPLE_PROCESSED,滴何,CJ力老力寸
[捞叼具] PET目乔 500mL 6辆 (琶1),澜丰,目乔/瞒,BEVERAGE,目乔,捞叼具
[澄淬] 酒皋府沫 捻虐 6俺涝 (100g x 6涝),埃侥幅,苞磊/胶臣,SNACK,捻虐,澄淬
[寇拌牢规狙埃] 喉发棵府宏 揭户 200g,埃侥幅,户幅,BAKERY,揭户,寇拌牢规狙埃
[窍覆 The固侥] 家绊扁固开惫 350g,埃祈侥,饭飘肺飘,RTC_MEAL,饭飘肺飘,窍覆 The固侥
[茄尝烹混] 催啊娇混 胶抛捞农 5辆 (1蒲/4蒲) (琶1),腊幅/拌鄂,催绊扁,RAW_MEAT,催啊娇混,茄尝烹混
[没沥盔] 鉴芒 绊扁傈侩 接厘 3辆 (琶1),炼固丰,剧充/家胶,SAUCE_SEASONING,接厘,没沥盔
"旷柳候配府酒 歹 候配府酒 饭阁, 500ml, 20俺 捻迄且牢49%20,000盔 10,120盔 (100ml寸 101盔) 郴老(老) 档馒 焊厘 5 (82174) 弥措 506盔 利赋",澜丰,藕魂澜丰,BEVERAGE,藕魂荐,旷柳侥前
[摹令巩] 嘛绢冈绰 摹令 钓 200g 2辆 (琶1),蜡力前,摹令,DAIRY,摹令,摹令巩
[官抚剖] 模券版 颊龙茄 蕾个 措颇 200g,盲家/邦拱幅,盲家,RAW_PRODUCE,措颇,官抚剖
[舅付磊扼胶] 傅能 胆扼 荐海萍墨 蜡扁丑 竣胶飘扼滚柳 技飘 (250mlx2涝),炼固丰,侥侩蜡/扁抚,SAUCE_SEASONING,棵府宏坷老,舅付磊扼胶
"巢剧蜡诀 阂啊府胶 敲饭牢 夸芭飘, 1.8kg, 1俺, 1俺涝 7,480盔 (10g寸 42盔) 郴老(老) 货寒 档馒 焊厘 5 (5137) 弥措 374盔 利赋",蜡力前,夸芭飘,DAIRY,夸芭飘,巢剧
[宏饭靛啊电] 悼拱 模备甸 檬妮复 父甸扁 技飘 130g,埃侥幅,檬妮复/荤帕,SNACK,檬妮复,宏饭靛啊电
"崎矫 力肺 酱芭 扼烙氢, 500ml, 20俺 48%20,000盔 10,310盔 (100ml寸 103盔) 2/10(拳) 档馒 抗沥 货 惑前, 冠胶 妊颊 (62) 弥历10,300盔 5 (98195) 弥措 515盔 利赋",澜丰,藕魂澜丰,BEVERAGE,妮扼,崎矫
[夯磷] 焕绝绰 哎厚买,埃祈侥,饭飘肺飘,RTC_MEAL,饭飘肺飘,夯磷
"厚厚绊 家绊扁 固开惫, 500g, 4俺 46%23,920盔 12,770盔 (100g寸 639盔) 郴老(老) 档馒 焊厘 5 (45887) 弥措 639盔 利赋",埃祈侥,饭飘肺飘,RTC_MEAL,饭飘肺飘,厚厚绊
扒 钎绊滚几 浇扼捞胶 100g,盲家/邦拱幅,滚几,RAW_PRODUCE,钎绊滚几,
[肺促胶] 努肺萍靛 农覆 2辆 (琶1),蜡力前,滚磐/积农覆,DAIRY,努肺萍靛 农覆,肺促胶
[钱公盔] 畴咖瘤乔磊 内府救?BBQ,埃祈侥,趁悼侥前,FROZEN_MEAL,乔磊,钱公盔
[笼馆蛮楷备家] 蠢鸥府滚几汉澜,埃祈侥,馆蛮幅,SIMPLE_PROCESSED,蠢鸥府滚几 汉澜,笼馆蛮楷备家
"模券版 历刮付疵, 50g, 1俺 2,990盔 (100g寸 5,980盔) 郴老(老) 货寒 档馒 焊厘 5 (3247) 弥措 150盔 利赋",盲家/邦拱幅,盲家,RAW_PRODUCE,付疵,
"惫郴魂 颊龙宏肺妮府, 300g, 1俺 5,070盔 (100g寸 1,690盔) 郴老(老) 货寒 档馒 焊厘 4.5 (29002) 弥措 254盔 利赋",盲家/邦拱幅,盲家,RAW_PRODUCE,宏肺妮府,
[档靛恩茄捣] 救缴 厘炼覆侩 500g (趁厘),腊幅/拌鄂,蹬瘤绊扁,RAW_MEAT,蹬瘤 救缴,档靛恩茄捣
[辆啊] 醚阿辫摹5kg,埃祈侥,馆蛮幅,SIMPLE_PROCESSED,醚阿辫摹,辆啊
[弃飘] 橇尔胶 鸥福飘 厚胶哦 2辆,埃侥幅,苞磊/胶臣,SNACK,捻虐,弃飘
[KF365] 颇橇府墨 2涝,盲家/邦拱幅,盲家,RAW_PRODUCE,颇橇府墨,KF365
[窍疵蛮] 汉澜 曼柄 200g,盲家/邦拱幅,揭/棱邦,GRAIN,曼柄,窍疵蛮
[评闺] MCT坷老 檬妮复 凭 2辆 (琶1),埃侥幅,檬妮复/荤帕,SNACK,檬妮复,评闺
"格快锰 公亲积力 牢刘 催促府混 沥腊 (趁厘), 400g, 2蒲 18,570盔 (100g寸 2,321盔) 1,150盔 客快 啊涝 捻迄 郴老(老) 货寒 档馒 焊厘 5 (2489) 弥措 871盔 利赋",腊幅/拌鄂,催绊扁,RAW_MEAT,催促府混,格快锰
"掸付农 蜡扁啊傍侥前 牢刘 楼瘤臼篮 酒扁摹令 2, 17g, 10俺涝, 1俺 4,480盔 (10g寸 264盔) 郴老(老) 货寒 档馒 焊厘 5 (953) 弥措 224盔 利赋",蜡力前,摹令,DAIRY,摹令,掸付农
蜡扁丑 剐虐凝 泅固 2kg,盲家/邦拱幅,揭/棱邦,GRAIN,泅固,檬废付阑
[惑窍摹令] 蜡扁丑 绢赴捞 绊漠椒摹令 (10概涝/20概涝) (琶1),蜡力前,摹令,DAIRY,摹令,惑窍摹令
"胶固饶风 官唱敲 官唱唱, 350g, 1俺 5,990盔 (100g寸 1,711盔) 郴老(老) 货寒 档馒 焊厘 4 (362) 弥措 300盔 利赋",苞老/斑苞幅,苞老,RAW_FRUIT,官唱唱,胶固饶风
[沥促款] 烹官海钮摹挪 600g,埃祈侥,饭飘肺飘,RTC_MEAL,饭飘肺飘,沥促款
模券版 接硅眠 1/2烹,盲家/邦拱幅,盲家,RAW_PRODUCE,硅眠,
顶场 秦巢 揭 10kg,盲家/邦拱幅,揭/棱邦,GRAIN,揭,
"邦拱阑 父唱促 慢揭, 1kg, 1俺 14%6,980盔 5,980盔 (100g寸 598盔) 郴老(老) 档馒 焊厘 4.5 (14205) 弥措 249盔 利赋",盲家/邦拱幅,揭/棱邦,GRAIN,慢揭,邦拱阑 父唱促
[傈烹林] 馒茄丑何 剐淬 (17档 360mL)  惫魂 窜荐荐 3锅 刘幅茄 烦,贱,扁鸥 林幅,ALCOHOL,烦,馒茄丑何
瘪付疵 1kg,盲家/邦拱幅,盲家,RAW_PRODUCE,付疵,
[厚官聪] 蜡扁丑 促农 檬妮复 5辆 (琶1),埃侥幅,檬妮复/荤帕,SNACK,檬妮复,厚官聪
[档力侥户] 帕辆 海捞臂 11辆 (琶1),埃侥幅,户幅,BAKERY,海捞臂,档力侥户
[版汗泵 BLACK] 剧充 家 阂绊扁 600g,埃祈侥,剐虐飘,RTC_MEAL,剐虐飘,版汗泵 BLACK
[丑蛆] 崔霓官昏 揭农奉瘤 (25g X 6俺),埃侥幅,苞磊/胶臣,SNACK,农奉瘤,丑蛆
[措玫辫] 橇府固决 蚌芒 傈厘辫 26g X 3豪,惑柯侥前,辫/磊馆,DRIED_SEAFOOD,辫,措玫辫
[秦蛮甸] 货霓崔霓 檬绊眠厘 500g,炼固丰,剧充/家胶,SAUCE_SEASONING,檬绊眠厘,秦蛮甸
"剧馆 备款积辫 蚌芒倒辫 5概 x 3豪, 45g, 1俺 27%8,980盔 6,550盔 (10g寸 1,456盔) 郴老(老) 档馒 焊厘 5 (1716) 弥措 328盔 利赋",惑柯侥前,辫/磊馆,DRIED_SEAFOOD,辫,剧馆
[CU 侨诀] 家胶焊靛墨,贱,扁鸥 林幅,ALCOHOL,焊靛墨,罢昏 扼 颇夫
[Dole] 秦陛 榜靛虐困 1kg,苞老/斑苞幅,苞老,RAW_FRUIT,虐困,Dole
[嫡备唱公] 矫贰扁 等厘惫,埃祈侥,饭飘肺飘,RTC_MEAL,饭飘肺飘,嫡备唱公
"甭哆贰 篮魂 瘪广, 1kg, 1俺 26,900盔 (100g寸 2,690盔) 郴老(老) 货寒 档馒 焊厘 4.5 (4300) 弥措 1,345盔 利赋",苞老/斑苞幅,斑苞幅,RAW_FRUIT,广,甭哆贰
"付捞畴钢 叠扁离, 320g, 1俺 39%16,500盔 9,980盔 (100g寸 3,119盔) 郴老(老) 档馒 焊厘 5 (12183) 弥措 499盔 利赋",惑柯侥前,离/胶橇饭靛,SAUCE_SEASONING,叠扁离,付捞畴钢
"措蕊拱魂 劳囚辑 冈绰 奔 (趁厘), 150g, 1俺 且牢1%5,090盔 4,990盔 (100g寸 3,327盔) 郴老(老) 货寒 档馒 焊厘 4.5 (607) 弥措 250盔 利赋",荐魂拱,炼俺/傈汗,RAW_SEAFOOD,奔,措蕊拱魂
[KF365] 疙牢 疙鄂 2辆 (琶1),荐魂拱,绢鄂,RAW_SEAFOOD,疙鄂,KF365
[坷犊喉发扼骇] 饭飘肺 何措骂俺 擒幅 6辆 榜扼淬扁,腊幅/拌鄂,啊傍腊(擒/家矫瘤),PROCESSED_MEAT,擒,坷犊喉发扼骇
[沥馒腊] 春龙罚靛魂 农扼款 橇坊摹发 胶抛捞农,腊幅/拌鄂,剧绊扁,RAW_MEAT,橇坊摹发,沥馒腊
"汲帕措脚 舅逢肺胶, 400g, 2俺 39%19,960盔 12,140盔 (100g寸 1,518盔) 郴老(老) 档馒 焊厘 5 (10242) 弥措 607盔 利赋",炼固丰,炼固丰,SAUCE_SEASONING,汲帕,
"入措颇, 750g, 1俺 2,790盔 (100g寸 372盔) 郴老(老) 货寒 档馒 焊厘 4.5 (429214) 弥措 140盔 利赋",盲家/邦拱幅,盲家,RAW_PRODUCE,措颇,入措颇
[VASAK] 辫何阿 瘤欺归 6辆 (琶1),惑柯侥前,辫/磊馆,DRIED_SEAFOOD,辫何阿,VASAK
[KF365] 蜡扁丑 泅固 2kg,盲家/邦拱幅,揭/棱邦,GRAIN,泅固,KF365
"惫郴魂 荤阿戒扁 剧硅眠, 1kg, 1俺 4,890盔 (100g寸 489盔) 郴老(老) 货寒 档馒 焊厘 5 (17880) 弥措 245盔 利赋",苞老/斑苞幅,苞老,RAW_FRUIT,硅,
[嫡备唱公] 矫贰扁 等厘惫,埃祈侥,饭飘肺飘,RTC_MEAL,饭飘肺飘,嫡备唱公
"惫郴魂 舅硅扁, 1俺涝, 1俺 2,990盔 (1俺寸 2,990盔) 郴老(老) 货寒 档馒 焊厘 4.5 (276702) 弥措 150盔 利赋",苞老/斑苞幅,苞老,RAW_FRUIT,硅,
"付捞畴钢 叠扁离, 320g, 1俺 39%16,500盔 9,980盔 (100g寸 3,119盔) 郴老(老) 档馒 焊厘 5 (12183) 弥措 499盔 利赋",惑柯侥前,离/胶橇饭靛,SAUCE_SEASONING,叠扁离,付捞畴钢
"措蕊拱魂 劳囚辑 冈绰 奔 (趁厘), 150g, 1俺 且牢1%5,090盔 4,990盔 (100g寸 3,327盔) 郴老(老) 货寒 档馒 焊厘 4.5 (607) 弥措 250盔 利赋",荐魂拱,炼俺/傈汗,RAW_SEAFOOD,奔,措蕊拱魂
[KF365] 疙牢 疙鄂 2辆 (琶1),荐魂拱,绢鄂,RAW_SEAFOOD,疙鄂,KF365
[坷犊喉发扼骇] 饭飘肺 何措骂俺 擒幅 6辆 榜扼淬扁,腊幅/拌鄂,啊傍腊(擒/家矫瘤),PROCESSED_MEAT,擒,坷犊喉发扼骇
[沥馒腊] 春龙罚靛魂 农扼款 橇坊摹发 胶抛捞农,腊幅/拌鄂,剧绊扁,RAW_MEAT,橇坊摹发,沥馒腊
"汲帕措脚 舅逢肺胶, 400g, 2俺 39%19,960盔 12,140盔 (100g寸 1,518盔) 郴老(老) 档馒 焊厘 5 (10242) 弥措 607盔 利赋",炼固丰,炼固丰,SAUCE_SEASONING,汲帕,
"入措颇, 750g, 1俺 2,790盔 (100g寸 372盔) 郴老(老) 货寒 档馒 焊厘 4.5 (429214) 弥措 140盔 利赋",盲家/邦拱幅,盲家,RAW_PRODUCE,措颇,
[VASAK] 辫何阿 瘤欺归 6辆 (琶1),惑柯侥前,辫/磊馆,DRIED_SEAFOOD,辫何阿,VASAK
[KF365] 蜡扁丑 泅固 2kg,盲家/邦拱幅,揭/棱邦,GRAIN,泅固,KF365
[茄己] 橇府固决 辫逛技飘S 440g,埃祈侥,剐虐飘,RTC_MEAL,剐虐飘,茄己
[叼绢菩剐府] 付穿墨曹 橇肺弃府胶 牡叼 300g,炼固丰,剧充/家胶,SAUCE_SEASONING,曹,叼绢菩剐府
[瘤府魂贸烦] 楼冈绰 积 甸扁抚 (10俺涝),炼固丰,侥侩蜡/扁抚,SAUCE_SEASONING,甸扁抚,瘤府魂贸烦
"茄剧侥前 采焊促 坷隆绢, 160g, 1俺 25%20,900盔 15,650盔 (100g寸 9,781盔) 郴老(老) 货寒 档馒 焊厘 5 (59239) 弥措 783盔 利赋",埃侥幅,苞磊/胶臣,SNACK,坷隆绢 胶臣,茄剧侥前
"沤荤 酒捻酒 胶颇努傅 饭阁 公扼骇, 6俺, 500ml 37%5,400盔 3,390盔 (100ml寸 113盔) 郴老(老) 货寒 档馒 焊厘 5 (1019) 弥措 170盔 利赋",澜丰,藕魂澜丰,BEVERAGE,藕魂荐,沤荤
"老府 母蕉 目乔 促农 1蒲 母蕉目乔, 18俺涝, 1俺 37%19,900盔 12,400盔 (1俺寸 689盔) 2/10(拳) 档馒 抗沥 5 (12503) 弥措 620盔 利赋",澜丰,目乔/瞒,BEVERAGE,目乔母蕉,老府
[霓厚鸥] 腔绢 付穿墨曹 喉发目繁飘 肺哩瘤 6俺涝,扁鸥,扁鸥,UNKNOWN,扁鸥,霓厚鸥
[没斥力苞] 富尔富尔 孺烙磊 曹坷尔 (26g X 10俺),埃侥幅,苞磊/胶臣,SNACK,坷鄂促,没斥力苞
[坷飘荤捞靛] 檬妮复咐 蓖府澜丰 1L,澜丰,林胶,BEVERAGE,邦拱 澜丰,坷飘荤捞靛
公亲积力 1殿鞭 茄捣 牢扁 备捞侩 3辆 (琶1),腊幅/拌鄂,家绊扁,RAW_MEAT,葛狄 家绊扁,
"钧努殴 官厚崔促 馒茄 泅固, 2kg, 1俺 42%13,900盔 7,980盔 (100g寸 399盔) 郴老(老) 档馒 焊厘 4.5 (2293) 弥措 399盔 利赋",盲家/邦拱幅,揭/棱邦,GRAIN,泅固,钧努殴
"磅钎 吝仿促格利侩 剐啊风, 1kg, 10俺 14,690盔 (1俺寸 1,469盔) 郴老(老) 档馒 焊厘 货 惑前, 馆前-固俺豪 (15) 弥历12,290盔 5 (78056) 弥措 735盔 利赋",炼固丰,啊风盒富,SAUCE_SEASONING,剐啊风,磅钎
"坷堆扁 春酱啊盒富, 60g, 2俺 5%1,040盔 980盔 (100g寸 817盔) 郴老(老) 货寒 档馒 焊厘 5 (2440) 弥措 49盔 利赋",炼固丰,啊风盒富,SAUCE_SEASONING,酱啊颇快歹,坷堆扁
"惫郴魂 舅硅扁, 1俺涝, 1俺 2,990盔 (1俺寸 2,990盔) 郴老(老) 货寒 档馒 焊厘 4.5 (276716) 弥措 150盔 利赋",盲家/邦拱幅,盲家,RAW_PRODUCE,硅眠,
"扒惫蜡诀 叠扁啊 快蜡俊 馆沁促捻, 900ml, 2俺 4,480盔 (100ml寸 249盔) 郴老(老) 货寒 档馒 焊厘 5 (23102) 弥措 224盔 利赋",蜡力前,快蜡/滴蜡,DAIRY,叠扁快蜡,扒惫蜡诀
"惫郴魂 舅硅扁, 1俺涝, 2俺 5,800盔 (1俺寸 2,900盔) 郴老(老) 货寒 档馒 焊厘 4.5 (276702) 弥措 290盔 利赋",盲家/邦拱幅,盲家,RAW_PRODUCE,硅眠,
[辑匡快蜡] 脚急窃捞 混酒乐绰 格厘 叠扁 夸芭飘 750mL,蜡力前,夸芭飘,DAIRY,夸芭飘,辑匡快蜡
[固磊攫聪匙] 官较 斑苞戈摹汉澜,埃祈侥,馆蛮幅,SIMPLE_PROCESSED,戈摹汉澜,固磊攫聪匙
[嫡备唱公] 瘤府戈摹汉澜,埃祈侥,馆蛮幅,SIMPLE_PROCESSED,戈摹汉澜,嫡备唱公
"磅磅 惫魂 慢揭啊风, 500g, 1俺 21%5,570盔 4,390盔 (100g寸 878盔) 郴老(老) 档馒 焊厘 5 (2019) 弥措 220盔 利赋",炼固丰,啊风盒富,SAUCE_SEASONING,慢揭啊风,磅磅
"惫郴魂 舅硅扁, 1俺涝, 2俺 5,800盔 (1俺寸 2,900盔) 郴老(老) 货寒 档馒 焊厘 4.5 (276716) 弥措 290盔 利赋",盲家/邦拱幅,盲家,RAW_PRODUCE,硅眠,
"钱公盔 惫魂 槛林, 260g, 2豪 4,170盔 (100g寸 802盔) 郴老(老) 货寒 档馒 焊厘 5 (75316) 弥措 209盔 利赋",盲家/邦拱幅,盲家,RAW_PRODUCE,槛林唱拱,钱公盔
"府撇胶乾 决付鳖捧府 滤垫绊备付 10p, 200g, 1俺 20%20,000盔 15,900盔 (100g寸 7,950盔) 郴老(老) 档馒 焊厘 5 (1094) 弥措 795盔 利赋",盲家/邦拱幅,盲家,RAW_PRODUCE,绊备付,府撇胶乾
"磅磅 惫郴魂 揭啊风, 1kg, 1俺 21%7,000盔 5,480盔 (100g寸 548盔) 郴老(老) 档馒 焊厘 4.5 (2349) 弥措 274盔 利赋",炼固丰,啊风盒富,SAUCE_SEASONING,揭啊风,磅磅
"概老滴蜡 绊窜归 敲饭牢 滴蜡, 190ml, 24俺 捻迄且牢42%31,200盔 17,950盔 (100ml寸 394盔) 郴老(老) 档馒 焊厘 5 (78012) 弥措 898盔 利赋",蜡力前,快蜡/滴蜡,DAIRY,滴蜡,概老
[傣拳疙鄂] 橇府固决疙鄂 200g,荐魂拱,绢鄂,RAW_SEAFOOD,疙鄂,傣拳疙鄂
"模券版 器扁惑眠, 250g, 1俺 4,400盔 (100g寸 1,760盔) 郴老(老) 货寒 档馒 焊厘 4.5 (2533) 弥措 220盔 利赋",盲家/邦拱幅,盲家,RAW_PRODUCE,惑眠,
[CU 侨诀] 叼墨捞欺滚磐胶墨摹,贱,扁鸥 林幅,ALCOHOL,府钮福,叼墨捞欺
[伙伙拱魂] 巢秦救 俺炼俺 500g,荐魂拱,炼俺/傈汗,RAW_SEAFOOD,俺炼俺,伙伙拱魂
"Prime Field 蜡扁丑 揭 归固, 1kg, 1俺, 惑 30%9,980盔 6,980盔 (100g寸 698盔) 郴老(老) 档馒 焊厘 5 (2054) 弥措 324盔 利赋",盲家/邦拱幅,揭/棱邦,GRAIN,揭,Prime Field
"惫魂 馆扒炼 刮绢 (趁悼), 2蒲, 230g 15,800盔 (100g寸 3,435盔) 郴老(老) 货寒 档馒 焊厘 4.5 (546) 弥措 710盔 利赋",荐魂拱,积急,RAW_SEAFOOD,刮绢,
"悼辑 焊府瞒, 10g, 30俺涝, 4俺 9,920盔 (10g寸 83盔) 郴老(老) 档馒 焊厘 5 (86113) 弥措 496盔 利赋",澜丰,目乔/瞒,BEVERAGE,焊府瞒,悼辑
[叼唱蹿胶] 叼唱蹿胶 俊呈瘤 10涝,扁鸥,扁鸥,UNKNOWN,扁鸥,叼唱蹿胶
