product_name,category_large,category_medium,item_type,grocery_item_name,brand_name,processed_grocery_item_name,is_augmented
"국내산 라온 미니 파프리카, 200g, 1개 3,910원 (100g당 1,955원) 내일(일) 새벽 도착 보장 5 (11261) 최대 195원 적립",채소/곡물류,채소,RAW_PRODUCE,파프리카,라온,파프리카,0
[크라운] 콘칲 군옥수수맛 148g,간식류,과자/스낵,SNACK,콘칲,크라운,옥수수칩,0
[파스키에] 살구타르트 720g,간식류,디저트/케이크,BAKERY,타르트,파스키에,타르트,0
[맥시칸] 크리스피 치킨 2종 (소스 포함)(택1),간편식,냉동식품,FROZEN_MEAL,냉동 치킨,맥시칸,냉동 치킨,0
[바샤커피] 파인 플레이버 커피 드립백 12g X 12개입 10종(택1),음료,커피/차,BEVERAGE,커피,바샤커피,커피,0
[김구원선생] 전통 두부 2개입,채소/곡물류,콩/두부,SIMPLE_PROCESSED,두부,김구원선생,두부,0
[켈로그] 콘푸로스트 시리얼바 (35g*4개입),간식류,과자/스낵,SNACK,시리얼바,켈로그,스낵바,0
[하림] 냉장 닭가슴살 4종 (3개입),육류/계란,닭고기,RAW_MEAT,닭가슴살,하림,닭가슴살,0
[위니비니] 새콤 사우어 젤리 5종 골라담기 (택1),간식류,초콜릿/사탕,SNACK,젤리,위니비니,젤리,0
[26년 설] [CU 픽업] 닛카프롬더배럴,술,기타 주류,ALCOHOL,위스키,,위스키,0
[신사동 포노 부오노] 히든 천재의 쉬림프 바질 오일 파스타,간편식,밀키트,RTC_MEAL,밀키트,신사동 포노 부오노,밀키트,0
[26년 설] [CU 픽업] 러셀리저브싱글배럴,술,기타 주류,ALCOHOL,위스키,,위스키,0
"맑은물에 아삭한 콩나물, 3.5kg, 1박스 6,500원 (100g당 186원) 내일(일) 새벽 도착 보장 4.5 (12967) 최대 295원 적립",채소/곡물류,채소,RAW_PRODUCE,콩나물,맑은물에,콩나물,0
"롯데웰푸드 셀렉션 더 싱글 초코 아이스크림 (냉동), 50ml, 10개입, 1박스 11%8,000원 7,060원 (10ml당 141원) 내일(일) 새벽 도착 보장 5 (8559) 최대 353원 적립",간식류,디저트/케이크,BAKERY,아이스크림,롯데,아이스크림,0
까테나 자파타 안젤리카 자파타 까베르네소비뇽,술,와인,ALCOHOL,레드 와인,,레드 와인,0
[26년 설] [CU 픽업] 조니워커블루500세트,술,기타 주류,ALCOHOL,위스키,조니워커,위스키,0
"유기농 오이 2개입, 1팩 4,990원 (1개당 2,495원) 내일(일) 새벽 도착 보장 4.5 (587) 최대 250원 적립",채소/곡물류,채소,RAW_PRODUCE,오이,,오이,0
[올가] 우리밀 통단팥 호빵 (90g X 4개),간식류,빵류,BAKERY,호빵,올가,호빵,0
[고메공방] 우리밀로 만든 흑미호떡 (50g X 10개),간식류,디저트/케이크,BAKERY,호떡,고메공방,기타 디저트/케이크,0
"국내산 취청오이, 3입, 1개 4,290원 (1개당 1,430원) 내일(일) 새벽 도착 보장 4.5 (50371) 최대 215원 적립",채소/곡물류,채소,RAW_PRODUCE,오이,,오이,0
[Kurly's] 동물복지 닭 아랫날개 (윙) 500g,육류/계란,닭고기,RAW_MEAT,닭날개,Kurly's,닭날개,0
"하이트진로 블랙보리 음료, 340ml, 20개 13,990원 (100ml당 206원) 내일(일) 도착 보장 5 (95301) 최대 700원 적립",음료,커피/차,BEVERAGE,보리차,하이트진로,보리차,0
[대상웰라이프] 마이밀 한입쏙쏙 프로틴바 15입,간식류,과자/스낵,SNACK,프로틴바,대상웰라이프,스낵바,0
[비달] 오션 젤리 32개입,간식류,초콜릿/사탕,SNACK,젤리,비달,젤리,0
[올가] 국산 통밀 크리스피 크래커 3종 (택1),간식류,과자/스낵,SNACK,크래커,올가,크래커,0
[25-26 햇올리브][이리아다] 얼리 하베스트 엑스트라 버진 오일 500mL,조미료,식용유/기름,SAUCE_SEASONING,올리브오일,이리아다,올리브오일,0
[하리보] 미니스 젤리 5종 (택1) (개별포장),간식류,초콜릿/사탕,SNACK,젤리,하리보,젤리,0
[마정기름집] 100% 통깨 햇참기름 2종 (택1),조미료,식용유/기름,SAUCE_SEASONING,참기름,마정기름집,참기름,0
[프로틴플러스프로젝트] 프로틴 케이크 6종 (택1),간식류,디저트/케이크,BAKERY,프로틴 케이크,프로틴 플러스 프로젝트,케이크,0
[26년 설] [CU 픽업] 조니워커블루750ml,술,기타 주류,ALCOHOL,위스키,조니워커,위스키,0
[CU 픽업] 기원배치7 CS 700ml,술,기타 주류,ALCOHOL,위스키,,위스키,0
[밀라] 마스카포네 치즈 250g,유제품,치즈,DAIRY,치즈,밀라,기타 치즈,0
[주전부리마켓] 전주가맥 바삭한 먹태채 40g (소스증정),수산물,멸치/건어물,DRIED_SEAFOOD,먹태,주전부리마켓,먹태,0
"포크밸리 등갈비 찜용 / 구이용 (냉장), 1kg, 1개 16%34,000원 28,490원 (100g당 2,849원) 내일(일) 새벽 도착 보장 5 (18853) 최대 1,425원 적립",육류/계란,돼지고기,RAW_MEAT,등갈비,포크벨리,등갈비,0
[면사랑] 조랭이떡 500g (지퍼백),간식류,떡,SNACK,조랭이떡,면사랑,조랭이떡,0
"팜에이트 파채 120g + 무침소스 30g 세트, 150g, 1세트 2,490원 (100g당 1,660원) 내일(일) 새벽 도착 보장 5 (775) 최대 125원 적립",채소/곡물류,채소,RAW_PRODUCE,파채,팜에이트,대파,0
미니오이 5입,채소/곡물류,채소,RAW_PRODUCE,오이,,오이,0
"곰표 박력 밀가루, 2.5kg, 2개 8,200원 (10g당 16원) 내일(일) 도착 보장 5 (18370) 최대 410원 적립",조미료,가루분말,SAUCE_SEASONING,밀가루,곰표,밀가루,0
[마음이가] 우리쌀 조랭이떡 500g,간식류,떡,SNACK,조랭이떡,마음이가,조랭이떡,0
[허쉬] 바나나핫초코 원컵 (30g X 4개),유제품,우유/두유,DAIRY,초코우유,허쉬,가공우유,0
"오뚜기 옛날 조청 쌀엿, 1.2kg, 1개 5,670원 (100g당 473원) 내일(일) 새벽 도착 보장 5 (1998) 최대 284원 적립",조미료,양념/소스,SAUCE_SEASONING,조청,오뚜기,조청,0
[종가] 맛김치 900g,간편식,반찬류,SIMPLE_PROCESSED,배추김치,종가,배추김치,0
[샘표] 순작 우리아이 첫 작두콩차 (2g X 15개),음료,커피/차,BEVERAGE,작두콩차,샘표,기타 음료(차),0
[BBQ] 오븐구이 닭다리살 (허브솔트) 300g,간편식,냉동식품,FROZEN_MEAL,냉동 치킨,BBQ,냉동 치킨,0
[더플랜] 목련 어묵 우동 3종 (1인분/2인분)(택1),수산물,어육가공식품,SIMPLE_PROCESSED,어묵,더플랜,어묵,0
[CU 픽업] 다카라 오키나와 파인애플,술,기타 주류,ALCOHOL,리큐르,,리큐르,0
"오뚜기 톡톡톡 진라면 스틱 매운맛 10p, 50g, 3개 10%10,140원 9,050원 (100g당 6,033원) 내일(일) 도착 보장 4.5 (115) 최대 453원 적립",간식류,과자/스낵,SNACK,진라면 스틱,오뚜기,기타 과자/스낵,0
"MYCHEF 놀부 부대찌개 밀키트 2인분, 582g, 1개 14,900원 (100g당 2,560원) 내일(일) 새벽 도착 보장 4.5 (10730) 최대 745원 적립",간편식,밀키트,RTC_MEAL,밀키트,MYCHEF,밀키트,0
[KF365] 호주산 소고기 부채살 스테이크 300g(냉장),육류/계란,소고기,RAW_MEAT,부채살,KF365,부채살,0
"농심 누룽지팝, 142g, 6개 14,640원 (10g당 172원) 내일(일) 도착 보장 5 (22983) 최대 732원 적립",간식류,과자/스낵,SNACK,누룽지,농심,누룽지,0
[풀무원] 국산콩 수제두부,채소/곡물류,콩/두부,SIMPLE_PROCESSED,두부,풀무원,두부,0
"풀무원자연건면 로스팅 서울 짜장 99g, 4개 할인24%5,450원 4,140원 (1개당 1,035원) 내일(일) 새벽 도착 보장 4.5 (151) 최대 207원 적립",간편식,라면,INSTANT,로스팅 서울 짜장,풀무원,짜장라면,0
"신선함을 그대로 엘로우믹스 샐러드, 80g, 5팩 11,900원 (100g당 2,975원) 내일(일) 새벽 도착 보장 4.5 (22866) 최대 534원 적립",간편식,샐러드팩,RTC_MEAL,샐러드,,샐러드,0
"친환경 국내산 팽이버섯, 360g, 2개 2,010원 (100g당 279원) 내일(일) 새벽 도착 보장 5 (12738) 최대 100원 적립",채소/곡물류,버섯,RAW_PRODUCE,팽이버섯,,팽이버섯,0
[쉐푸드] 묵은지 참치 김밥,간편식,즉석밥,INSTANT,즉석 김밥,쉐푸드,즉석 김밥,0
"오타후쿠 스시스 초밥용 식초, 500ml, 1개 6,260원 (10ml당 125원) 내일(일) 도착 보장 새 상품, 반품-미개봉 (19) 최저5,940원 5 (5192) 최대 313원 적립",조미료,양념/소스,SAUCE_SEASONING,식초,오타후쿠 스시스,식초,0
"커피빈 아메리카노, 1L, 1개 3,510원 (100ml당 351원) 내일(일) 새벽 도착 보장 5 (4666) 최대 175원 적립",음료,커피/차,BEVERAGE,커피,커피빈,커피,0
[하이포크] 저탄소 인증 한돈 목살 구이용 500g (냉장),육류/계란,돼지고기,RAW_MEAT,돼지 목살,하이포크,목살,0
[앤디스] 토피 크런치 초콜릿 132g,간식류,초콜릿/사탕,SNACK,초콜릿,앤디스,초콜릿,0
"청정원 조청쌀엿, 700g, 1개 3,970원 (100g당 567원) 내일(일) 도착 보장 5 (8761) 최대 199원 적립",조미료,양념/소스,SAUCE_SEASONING,조청,청정원,조청,0
"주일 완도 명품 자른다시마, 1개, 100g 3,480원 (100g당 3,480원) 내일(일) 새벽 도착 보장 5 (5892) 최대 174원 적립",수산물,미역/다시마,DRIED_SEAFOOD,다시마,주일 완도,다시마,0
[우오가시] 민물 양념장어,간편식,밀키트,RTC_MEAL,밀키트,우오가시,밀키트,0
"국내산 베이비 브로콜리, 150g, 2개 7,740원 (100g당 2,580원) 내일(일) 새벽 도착 보장 4.5 (1406) 최대 387원 적립",채소/곡물류,채소,RAW_PRODUCE,브로콜리,,브로콜리,0
"매일우유 오리지널, 900ml, 2개 5,720원 (100ml당 318원) 내일(일) 새벽 도착 보장 5 (239437) 최대 286원 적립",유제품,우유/두유,DAIRY,우유,매일,우유,0
"남양유업 우유 듬뿍 초코에몽, 6개, 200ml 9,240원 (100ml당 770원) 내일(일) 새벽 도착 보장 5 (460) 최대 462원 적립",유제품,우유/두유,DAIRY,초코우유,남양,가공우유,0
친환경 GAP 삼색 느타리버섯 1팩,채소/곡물류,버섯,RAW_PRODUCE,느타리버섯,,느타리버섯,0
[해태] 구운감자 슬림 240g,간식류,과자/스낵,SNACK,구운감자,해태,감자칩,0
[브레댄코] 얼그레이케이크 440g,간식류,디저트/케이크,BAKERY,케이크,브레댄코,케이크,0
"중앙씨푸드 국산 숨굴 (냉동), 350g, 1개 5,990원 (100g당 1,711원) 내일(일) 새벽 도착 보장 4.5 (3873) 최대 300원 적립",수산물,조개/전복,RAW_SEAFOOD,굴,중앙씨푸드,굴,0
[올리] 100% 메밀면 4입번들,채소/곡물류,면류,GRAIN,메밀면,올리,메밀면,0
[매일] 바이오 드링킹 요구르트 3종 (250mL X 4개) (택1),유제품,요거트,DAIRY,요구르트,매일,요구르트,0
[수산곳간] 국산 오징어 맥반석구이,간식류,과자/스낵,SNACK,오징어 구이,수산곳간,기타 과자/스낵,0
[시루조아] 백설기 2종(택1),간식류,떡,SNACK,백설기,시루조아,백설기,0
[자연담은] 완두콩 1kg,채소/곡물류,콩/두부,SIMPLE_PROCESSED,완두콩,자연담은,콩,0
[바오담] 수제 팥앙금 200g,조미료,양념/소스,SAUCE_SEASONING,팥앙금,바오담,기타 소스,0
[데르뜨] 허쉬 초코퍼지 마들렌&휘낭시에 2종 (택1),간식류,빵류,BAKERY,휘낭시에,데르뜨,기타 빵류,0
[파브리 셰프] 새우 레몬 크림 파스타,수산물,새우/게,RAW_SEAFOOD,새우,파브리 셰프,새우,0
[허브&스파이스마켓] 마늘분태 (마늘그래뉼)45g,조미료,가루분말,SAUCE_SEASONING,갈릭파우더,허브&스파이스마켓,갈릭파우더,0
[진가네반찬] 미역줄기 볶음,간편식,반찬류,SIMPLE_PROCESSED,미역줄기 볶음,진가네반찬,기타 반찬류,0
[베지밀] 달콤한 B 검은콩 두유 (190mL X 24개),유제품,우유/두유,DAIRY,두유,베지밀,두유,0
"갈아만든배 저칼로리, 340ml, 24개 34%19,800원 12,880원 (100ml당 158원) 내일(일) 도착 보장 5 (1922) 최대 644원 적립",음료,주스,BEVERAGE,갈아만든 배,해태,기타 주스,0
[동원] 딤섬 부추창펀 (390gX2봉),간편식,냉동식품,FROZEN_MEAL,냉동 만두,동원,냉동 만두,0
[잭스허니] MGO 83+모노플로랄 마누카꿀 레몬맛 2종 (택1) (쇼핑백 별도구매),조미료,양념/소스,SAUCE_SEASONING,꿀,잭스허니,꿀,0
"머거본 볶음땅콩, 300g, 3개 11,870원 (100g당 1,319원) 내일(일) 새벽 도착 보장 5 (809) 최대 594원 적립",간식류,과자/스낵,SNACK,볶음땅콩,머거본,기타 과자/스낵,0
"도드람한돈 무항생제 인증 미박 뒷다리 불고기용 (냉장), 1개, 500g 7,800원 (100g당 1,560원) 내일(일) 새벽 도착 보장 4.5 (140) 최대 390원 적립",육류/계란,소고기,RAW_MEAT,불고기,도드람한돈,불고기,0
[미자언니네] 시골두부조림,간편식,레트로트,RTC_MEAL,레트로트,미자언니네,레트로트,0
"설탕대신 알룰로스 메이플 시럽, 525g, 1개 22%9,980원 7,750원 (100g당 1,476원) 내일(일) 도착 보장 5 (70) 최대 349원 적립",조미료,양념/소스,SAUCE_SEASONING,메이플 시럽,,메이플시럽,0
오이맛고추 150g,채소/곡물류,채소,RAW_PRODUCE,오이고추,,오이고추,0
"고소한 내장 한입 통찜용 오징어 4~7개입 (냉동), 500g, 1개 9,500원 (100g당 1,900원) 내일(일) 새벽 도착 보장 4.5 (450) 최대 425원 적립",수산물,오징어/문어,RAW_SEAFOOD,오징어,,오징어,0
[목우촌목장] 국내산 소고기 안심 200g,육류/계란,소고기,RAW_MEAT,소 안심,목우촌목장,소 안심,0
"해표 사과식초, 1.8L, 1개 24%4,740원 3,570원 (10ml당 20원) 내일(일) 도착 보장 5 (1790) 최대 179원 적립",조미료,양념/소스,SAUCE_SEASONING,식초,해표,식초,0
"햇반 스팸 김치 주먹밥 (냉동), 500g, 1개 11%8,980원 7,980원 (100g당 1,596원) 내일(일) 새벽 도착 보장 5 (2955) 최대 399원 적립",간편식,즉석밥,INSTANT,즉석 주먹밥,햇반,즉석 주먹밥,0
[상하치즈] 리코타치즈 150g,유제품,치즈,DAIRY,리코타 치즈,상하치즈,리코타 치즈,0
"만전김 유기가공식품 인증 할아버지가 만든 김, 56g, 1개 10,590원 (10g당 1,891원) 내일(일) 도착 보장 5 (2097) 최대 530원 적립",상온식품,김/자반,DRIED_SEAFOOD,김,만전김,김,0
[CU 픽업] 디카이퍼바나나,술,기타 주류,ALCOHOL,리큐르,,리큐르,0
[경주천년한우] 1++ 한우 불고기용 200g (냉장),육류/계란,소고기,RAW_MEAT,불고기,경주천년한우,불고기,0
[미자언니네] 황태곰탕,간편식,레트로트,RTC_MEAL,레트로트,미자언니네,레트로트,0
"일리 클래식 로스트 디카페인 미니 원두커피스틱, 1g, 30개입, 2개 14,100원 (10g당 2,350원) 내일(일) 도착 보장 5 (7518) 최대 705원 적립",음료,커피/차,BEVERAGE,커피가루,일리,커피,0
[브레댄코] 레인보우케이크 680g,간식류,디저트/케이크,BAKERY,케이크,브레댄코,케이크,0
[성지농장] 저탄소/동물복지 인증 한돈 항정살 300g (냉장),육류/계란,돼지고기,RAW_MEAT,항정살,성지농장,항정살,0
"도드람한돈 1등급 등심 카레용 (냉장), 500g, 1개 10,340원 (100g당 2,068원) 내일(일) 새벽 도착 보장 5 (17399) 최대 517원 적립",육류/계란,돼지고기,RAW_MEAT,돼지 등심,도드람한돈,돼지 등심,0
[지리산처럼] 행복한 정은씨의 햇참기름 160mL,조미료,식용유/기름,SAUCE_SEASONING,참기름,지리산처럼,참기름,0
"자연애찬 동물복지 무항생제 유정란, 15구, 1개 7,990원 (1구당 533원) 내일(일) 새벽 도착 보장 4.5 (35991) 최대 400원 적립",육류/계란,계란,RAW_MEAT,계란,자연애찬,계란,0
"[농협] [25년산 햇곡] 강원 신림농협 국산 적두 (팥), 1개 18%23,000원 18,780원 (100g당 3,756원) 내일(일) 도착 보장 새 상품, 반품-미개봉 (2) 최저15,980원 4.5 (141) 최대 799원 적립",채소/곡물류,쌀/잡곡,GRAIN,팥,농협,팥,0
[오설록] 바닐라 허니 블랙티 티백 (1.5g X 20개),음료,커피/차,BEVERAGE,블랙티,오설록,홍차,0
"호우섬 홍콩 밀크티, 350ml, 6개 19%13,800원 11,100원 (100ml당 529원) 내일(일) 도착 보장 4.5 (1699) 최대 527원 적립",유제품,우유/두유,DAIRY,밀크티,호우섬,기타 유음료,0
[만토바] 비보 오가닉 엑스트라버진 스프레이 200mL,조미료,식용유/기름,SAUCE_SEASONING,올리브오일,만토바,올리브오일,0
[수산곳간] 반건조한치 70g,수산물,오징어/문어,RAW_SEAFOOD,한치,수산곳간,한치,0
[태극당] 모나카 아이스크림 3종 (60mL X 5개) (택1),간식류,디저트/케이크,BAKERY,아이스크림,태극당,아이스크림,0
[키토케토] 투투컷 혈당컷 알파CD CLA 애플사이다비니거 14포,조미료,양념/소스,SAUCE_SEASONING,애플사이다비니거,키토케토,사과식초,0
[선물세트] 자연산 왕새우 세트 1.3kg (특),수산물,새우/게,RAW_SEAFOOD,새우,,새우,0
"트레핀 커피맛 캔디, 500g, 1개 7,440원 (10g당 149원) 내일(일) 도착 보장 5 (36869) 최대 372원 적립",간식류,초콜릿/사탕,SNACK,커피사탕,트레핀,사탕(캔디),0
"스타벅스 아이스 아메리카노 캡슐커피, 5.5g, 12개입, 1개 7,990원 (10g당 1,211원) 내일(일) 도착 보장 5 (8373) 최대 400원 적립",음료,커피/차,BEVERAGE,커피캡슐,스타벅스,커피캡슐,0
[선물세트] 남도우애 무항생제 1++ 한우 프리미엄 모둠세트 1호 (예약일 수령),육류/계란,소고기,RAW_MEAT,소고기 모둠,남도우애,소고기 묶음,0
[광천해저김] 짜지않은 김 16봉,상온식품,김/자반,DRIED_SEAFOOD,김,광천해저김,김,0
"친환경 한끼 양파, 400g, 1개 2,140원 (100g당 535원) 내일(일) 새벽 도착 보장 5 (705) 최대 107원 적립",채소/곡물류,채소,RAW_PRODUCE,양파,,양파,0
[스위치온] 오붓티 붓기차 3종(택1),미등록 카테고리,기타,UNKNOWN,기타,스위치온,기타,0
"대구상회 햄프씨드, 500g, 1개 33%8,980원 5,980원 (100g당 1,196원) 내일(일) 도착 보장 4.5 (2460) 최대 299원 적립",채소/곡물류,쌀/잡곡,GRAIN,햄프씨드,대구상회,기타 잡곡,0
"해찬들 저당 쌈장, 290g, 1개 45%7,980원 4,380원 (100g당 1,510원) 내일(일) 도착 보장 5 (240) 최대 219원 적립",조미료,양념/소스,SAUCE_SEASONING,쌈장,해찬들,쌈장,0
"남양유업 불가리스 포도, 150ml, 4개입, 2개 8,810원 (10ml당 73원) 내일(일) 새벽 도착 보장 5 (15482) 최대 440원 적립",유제품,요거트,DAIRY,불가리스,남양,요구르트,0
[라비퀸] 매콤 까르보나라 떡볶이,간편식,밀키트,RTC_MEAL,밀키트,라비퀸,밀키트,0
[CU픽업] 탄타카탄시소우메슈,술,기타 주류,ALCOHOL,사케,,사케,0
"곰곰 맛술 매실&생강, 900ml, 1개 31%4,120원 2,830원 (10ml당 31원) 내일(일) 도착 보장 5 (3591) 최대 134원 적립",조미료,양념/소스,SAUCE_SEASONING,맛술,곰곰,맛술,0
[동서] 끓여먹는 차 5종 (택1),음료,커피/차,BEVERAGE,차,동서,기타 음료(차),0
"맥심 모카골드 부드러운 블랙 커피믹스, 2.7g, 100개입, 1개 4%15,900원 15,110원 (10g당 560원) 내일(일) 도착 보장 4.5 (24575) 최대 755원 적립",음료,커피/차,BEVERAGE,커피믹스,맥심,커피믹스,0
토굴 모과생강청 600g,조미료,양념/소스,SAUCE_SEASONING,모과생강청,토굴,기타 소스,0
[연경당] 피칸 강정 130g,간식류,과자/스낵,SNACK,강정,연경당,강정/한과,0
[올리타리아] 포도씨유 500mL,조미료,식용유/기름,SAUCE_SEASONING,포도씨유,올리타리아,포도씨유,0
"곰곰 신선한 저지방우유, 2.3L, 2개 9,560원 (100ml당 208원) 내일(일) 새벽 도착 보장 5 (44382) 최대 478원 적립",유제품,우유/두유,DAIRY,저지방 우유,곰곰,저지방 우유,0
[애슐리] 시그니처 등심 스테이크 200g(냉동),간편식,밀키트,RTC_MEAL,밀키트,애슐리,밀키트,0
[홈앤키즈] 구워만든 제주 유정란 쿠키 50g,간식류,과자/스낵,SNACK,쿠키,홈앤키즈,쿠키,0
"카누 바닐라 라떼 커피믹스, 17.3g, 24개입, 1개 10,570원 (10g당 255원) 내일(일) 새벽 도착 보장 5 (358) 최대 529원 적립",음료,커피/차,BEVERAGE,라떼 분말,카누 ,커피믹스,0
"이롬 황성주 박사의 국산콩 두유 검은콩 고칼슘, 190ml, 48개 50%53,800원 26,840원 (100ml당 294원) 내일(일) 도착 보장 5 (171169) 최대 1,342원 적립",유제품,우유/두유,DAIRY,두유,이롬,두유,0
[서울마님] 저당 곤약 떡볶이,간편식,밀키트,RTC_MEAL,밀키트,서울마님,밀키트,0
[데체코] 엑스트라버진 올리브 오일 2종 (택1),조미료,식용유/기름,SAUCE_SEASONING,올리브오일,데체코,올리브오일,0
[마이노멀] 방탄커피 (230mL X 6개),음료,커피/차,BEVERAGE,커피,마이노멀,커피,0
"무항생제 인증 제주 목초 우유, 750ml, 1개 4,900원 (100ml당 653원) 내일(일) 새벽 도착 보장 5 (1604) 최대 245원 적립",유제품,우유/두유,DAIRY,우유,,우유,0
[풍요한아침] 고명용 계란지단 (냉장) 350g,간편식,반찬류,SIMPLE_PROCESSED,계란지단,풍요한아침,기타 반찬류,0
[타르트팜] 버라이어티 타르트 세트 (60g X 6개입),간식류,디저트/케이크,BAKERY,타르트,타르트팜,타르트,0
[고래사] 야채가득 사각어묵 225g*2봉,수산물,어육가공식품,SIMPLE_PROCESSED,어묵,고래사,어묵,0
[하겐다즈] 아이스크림 바 5종 (80mL X 3개) (택1),간식류,디저트/케이크,BAKERY,아이스크림,하겐다즈,아이스크림,0
"설탕대신 스테비아, 400g, 1개 51%8,980원 4,400원 (100g당 1,100원) 내일(일) 도착 보장 5 (68245) 최대 220원 적립",조미료,조미료,SAUCE_SEASONING,스테비아,,스테비아,0
[바디랩] 서리태 순수두유 99.9 (190mL X 24개),유제품,우유/두유,DAIRY,두유,바디랩,두유,0
[야미요밀] 치아바타 3종 (택1),간식류,빵류,BAKERY,치아바타,야미요밀,치아바타,0
[디 바르베로] 레드 하트 틴 솔티드 카라멜 & 다크 잔두야 초콜릿 150g,간식류,초콜릿/사탕,SNACK,초콜릿,디 바르베로,초콜릿,0
[바름팜] 간편하게 손질한 깍뚝 무 300g,채소/곡물류,채소,RAW_PRODUCE,무,바름팜,무,0
"살맛나요 탱글탱글 요리하기 편한 절단 낙지 (냉장), 200g, 2개 11,460원 (10g당 287원) 내일(일) 새벽 도착 보장 4.5 (5354) 최대 573원 적립",수산물,오징어/문어,RAW_SEAFOOD,낙지,살맛나요,낙지,0
[비움반찬] 밥새우 호박씨볶음,간편식,반찬류,SIMPLE_PROCESSED,새우볶음,비움반찬,기타 반찬류,0
[진실된손맛] 한돈 육전 (냉동),간편식,반찬류,SIMPLE_PROCESSED,육전,진실된손맛,기타 반찬류,0
[지리산처럼] 행복한 정은씨의 고소한 들깨가루 150g,조미료,가루분말,SAUCE_SEASONING,들깨가루,지리산처럼,들깨가루,0
[거대곰탕] 곰탕,간편식,레트로트,RTC_MEAL,레트로트,거대곰탕,레트로트,0
[CU 픽업] 뛰느방 베이비 배드 보이,술,와인,ALCOHOL,레드 와인,,레드 와인,0
[청담동 피양옥] 이북식 만두,간편식,냉동식품,FROZEN_MEAL,냉동 만두,청담동 피양옥,냉동 만두,0
[벨로타벨로타] 이베리코 벨로타 하몽 50g (중),육류/계란,가공육(햄/소시지),PROCESSED_MEAT,하몽,벨로타벨로타,생햄,0
[스키피] 땅콩버터 462g 2종 (택1),유제품,버터/생크림,DAIRY,땅콩 버터,스키피,기타 유지류,0
"오뚜기 고소한 골드 마요네즈, 1kg, 1개 7,370원 (100g당 737원) 내일(일) 도착 보장 5 (56110) 최대 369원 적립",조미료,양념/소스,SAUCE_SEASONING,마요네즈,오뚜기,마요네즈,0
"곰곰 간편 누룽지, 30g, 12개 21%19,200원 14,990원 (100g당 4,164원) 내일(일) 도착 보장 5 (29177) 최대 750원 적립",간식류,과자/스낵,SNACK,누룽지,곰곰,누룽지,0
"미트엔조이 시즈닝 부채살 스테이크 (냉동), 1개, 150g 6,400원 (100g당 4,267원) 내일(일) 새벽 도착 보장 4.5 (585) 최대 320원 적립",간편식,밀키트,RTC_MEAL,밀키트,미트엔조이,밀키트,0
[해찬들]사계절쌈장500g,조미료,양념/소스,SAUCE_SEASONING,쌈장,해찬들,쌈장,0
"국내산 오징어슬라이스 (냉동), 300g, 1개 7,390원 (100g당 2,463원) 내일(일) 새벽 도착 보장 5 (19837) 최대 370원 적립",수산물,오징어/문어,RAW_SEAFOOD,오징어,,오징어,0
[리터스포트] 큐브 초콜릿 3종,간식류,초콜릿/사탕,SNACK,초콜릿,리터스포트,초콜릿,0
[쿠엔즈버킷] 국산 들기름 100mL (저온압착),조미료,식용유/기름,SAUCE_SEASONING,들기름,쿠엔즈버킷,들기름,0
"자연초 생율무가루, 300g, 1개 8,400원 (100g당 2,800원) 내일(일) 도착 보장 4.5 (3351) 최대 420원 적립",조미료,가루분말,SAUCE_SEASONING,율무가루,자연초,기타 가루분말,0
[CU 픽업] 라세니스몰배치,술,기타 주류,ALCOHOL,위스키,,위스키,0
[윤슬] 꼬리새우살 180g (냉장),수산물,새우/게,RAW_SEAFOOD,새우,윤슬,새우,0
[경주천년한우] 1++ 한우 안심 구이용 200g (냉장),육류/계란,소고기,RAW_MEAT,소 안심,경주천년한우,소 안심,0
"맥심 화이트골드 커피믹스 400T, 11.7g, 1개입, 400개 26%70,000원 51,170원 (10g당 109원) 2/11(수) 도착 예정 5 (302208) 최대 2,559원 적립",음료,커피/차,BEVERAGE,커피믹스,맥심,커피믹스,0
[켈로그] 프링글스 버터카라멜맛 110g,간식류,과자/스낵,SNACK,프링글스,켈로그,기타 과자/스낵,0
[바이탈뷰티] 슈퍼레티놀C 30포,기타,기타,UNKNOWN,기타,바이탈뷰티,기타,0
[CU 픽업] 러셀싱글배럴라이,술,기타 주류,ALCOHOL,위스키,,위스키,0
[집반찬연구소] 저당 양파 고추 장아찌,간편식,반찬류,SIMPLE_PROCESSED,고추장아찌,집반찬연구소,장아찌,0
[비스퀴테리 엠오] 쿠키 15입 세트 357g,간식류,과자/스낵,SNACK,쿠키,비스퀴테리 엠오,쿠키,0
[CU 픽업] 키쿠마사무네긴리치,술,기타 주류,ALCOHOL,사케,,사케,0
[선물세트] ASC인증 기장산 숙성미역,수산물,미역/다시마,DRIED_SEAFOOD,미역,,미역,0
[CU 픽업] 에반윌리엄스싱글배럴,술,기타 주류,ALCOHOL,위스키,,위스키,0
[KF365] 한돈 찜갈비 800g(냉장),육류/계란,돼지고기,RAW_MEAT,돼지갈비,KF365,돼지갈비,0
[도리깨침] 7가지 채소찜 시즌 2 (2인분/저당소스 포함),간편식,밀키트,RTC_MEAL,밀키트,도리깨침,밀키트,0
[하리보] 스타믹스 젤리 1kg (대용량),간식류,초콜릿/사탕,SNACK,젤리,하리보,젤리,0
[오뚜기] 옛날 구수한 누룽지 240g,간식류,과자/스낵,SNACK,누룽지,오뚜기,누룽지,0
[덴마크] 리코타 치즈 150g,유제품,치즈,DAIRY,리코타 치즈,덴마크,리코타 치즈,0
"곰곰 박력 밀가루, 3kg, 1개 17%6,000원 4,960원 (100g당 165원) 내일(일) 도착 보장 5 (1343) 최대 223원 적립",조미료,가루분말,SAUCE_SEASONING,밀가루,곰곰,밀가루,0
[사리원] 훈제오리 무쌈,간편식,밀키트,RTC_MEAL,밀키트,사리원,밀키트,0
"아담스 프리미엄 파마산 치즈가루 1kg, 1개 12,860원 (100g당 1,286원) 내일(일) 도착 보장 4.5 (938) 최대 643원 적립",조미료,가루분말,SAUCE_SEASONING,파마산 치즈 가루,아담스,기타 가루분말,0
[CU 픽업] 제임슨블랙배럴,술,기타 주류,ALCOHOL,위스키,,위스키,0
[팔리니] 유러피언 그레이티드 치즈 227g,유제품,치즈,DAIRY,치즈,팔리니,기타 치즈,0
"덴마크 동물복지 인증 대니쉬 우유, 750ml, 1개 3,610원 (100ml당 481원) 내일(일) 새벽 도착 보장 5 (407) 최대 180원 적립",유제품,우유/두유,DAIRY,우유,덴마크,우유,0
[풀무원] 김치 생 수제비 2인분,간편식,밀키트,RTC_MEAL,밀키트,풀무원,밀키트,0
양파 1.5kg,채소/곡물류,채소,RAW_PRODUCE,양파,,양파,0
[매일] 허쉬 초콜릿 드링크 (235mL X 4개),유제품,우유/두유,DAIRY,초코우유,매일,가공우유,0
"국내산 현미, 5kg, 1개 22%21,900원 16,900원 (100g당 338원) 내일(일) 도착 보장 4.5 (9862) 최대 845원 적립",채소/곡물류,쌀/잡곡,GRAIN,현미,,현미,0
[자연담은] 유기농 골든퀸 2호 현미 4kg,채소/곡물류,쌀/잡곡,GRAIN,현미,자연담은,현미,0
[소와나무] 쿨피스 파인애플 930mL,음료,주스,BEVERAGE,쿨피스,소와나무,기타 주스,0
[도제식빵] 트러플 식빵 180g,간식류,빵류,BAKERY,식빵,도제식빵,식빵,0
[호정가] 왕찹쌀약과 (대) (50g X 10개),간식류,디저트/케이크,BAKERY,약과,호정가,약과,0
[헬카페] 시그니처 블렌드 강배전 드립백 (12g X 14개),음료,커피/차,BEVERAGE,커피 드립백,헬카페,드립백,0
[CU 픽업] 코노수르 20배럴 샤도네이,술,와인,ALCOHOL,화이트 와인,,화이트 와인,0
[네이처오다] 달칩 초코샌드 세트 (4박스 x 4개입),간식류,과자/스낵,SNACK,초코샌드,네이처오다,기타 과자/스낵,0
[누누반] 통 닭가슴살 곤약 도시락 5종 (2개입) (택1),간편식,즉석밥,INSTANT,즉석 도시락,누누반,즉석 도시락,0
[아르토스베이커리] 통밀 모닝빵 (40g X 14개),간식류,빵류,BAKERY,모닝빵,아르토스베이커리,모닝빵,0
[몽블랑] 큐브 스낵 치즈 100g 3종 (택1),유제품,치즈,DAIRY,치즈,몽블랑,기타 치즈,0
국산 다짐 새우살 80g (냉동),수산물,새우/게,RAW_SEAFOOD,새우,,새우,0
[청정원] 순창 조개멸치된장 450g,조미료,양념/소스,SAUCE_SEASONING,된장,청정원,된장,0
[타코맨] 나쵸 토틸라칩 320g,간식류,과자/스낵,SNACK,나쵸,타코맨,기타 과자/스낵,0
[KF365] 무항생제 한돈 인기 요리용 7종 (택1)(냉장),육류/계란,돼지고기,RAW_MEAT,모둠 돼지고기,KF365,돼지고기 묶음,0
[반찬단지] 한끼 스틱 비빔낙지젓,간편식,반찬류,SIMPLE_PROCESSED,낙지젓갈,반찬단지,젓갈,0
[디핀] 단호박 크림 뇨끼,간편식,밀키트,RTC_MEAL,밀키트,디핀,밀키트,0
[밀도] 리치식빵 480g,간식류,빵류,BAKERY,식빵,밀도,식빵,0
"왕의밥상 새싹 발아현미, 4kg, 1개 17%22,900원 18,900원 (100g당 473원) 내일(일) 도착 보장 4.5 (2106) 최대 945원 적립",채소/곡물류,쌀/잡곡,GRAIN,현미,왕의밥상,현미,0
"친환경 가지, 2개입, 1개 4,690원 (1개당 2,345원) 내일(일) 새벽 도착 보장 5 (2614) 최대 235원 적립",채소/곡물류,채소,RAW_PRODUCE,가지,,가지,0
"곰곰 촉촉 반숙란 (냉장), 15구, 1개 31%10,990원 7,490원 (1구당 499원) 내일(일) 새벽 도착 보장 4.5 (155526) 최대 375원 적립",육류/계란,계란,RAW_MEAT,반숙란,곰곰 ,반숙란,0
"비비고 김치볶음, 80g, 5개 29%9,980원 6,990원 (100g당 1,748원) 내일(일) 새벽 도착 보장 5 (10270) 최대 350원 적립",간편식,반찬류,SIMPLE_PROCESSED,김치볶음,비비고,기타 반찬류,0
"파스퇴르 속편한 쾌변 저지방 플레인 요구르트, 150ml, 4개입, 1개 5,680원 (10ml당 95원) 내일(일) 새벽 도착 보장 5 (5407) 최대 284원 적립",유제품,요거트,DAIRY,요구르트,파스퇴르,요구르트,0
[마루산] 유바리멜론 스팀 케이크 (20g X 12개),간식류,디저트/케이크,BAKERY,케이크,마루산,케이크,0
[그리팅] 한우듬뿍배추탕 620g,간편식,밀키트,RTC_MEAL,밀키트,그리팅,밀키트,0
[라콩비에트] AOP 가염 버터 (15gX30개입),유제품,버터/생크림,DAIRY,버터,라콩비에트,버터,0
"롯데웰푸드 에이비씨 초콜릿, 187g, 1개 쿠폰할인4%5,230원 4,980원 (10g당 266원) 내일(일) 도착 보장 5 (31967) 최대 249원 적립",간식류,초콜릿/사탕,SNACK,초콜릿,롯데,초콜릿,0
[요와나이] 하이볼향 무알콜 (350mL X 24캔),술,기타 주류,ALCOHOL,하이볼,요와나이,하이볼,0
[삼진어묵] 간편 꼬치어묵 우동,수산물,어육가공식품,SIMPLE_PROCESSED,어묵,삼진어묵,어묵,0
"오뚜기 순후추, 100g, 1개 6,160원 (10g당 616원) 내일(일) 새벽 도착 보장 5 (15096) 최대 308원 적립",조미료,향신료/허브,SAUCE_SEASONING,후추,오뚜기,후추,0
[풀무원] 식물성 지구식단 납작 두유면 3입,채소/곡물류,면류,GRAIN,두유면,풀무원,기타 면류,0
[헤베커피] 콜드브루 500mL,음료,커피/차,BEVERAGE,커피,헤베커피,커피,0
"곰곰 버팔로윙봉, 700g, 1개 11,230원 (100g당 1,604원) 내일(일) 새벽 도착 보장 4.5 (5121) 최대 561원 적립",간편식,냉동식품,FROZEN_MEAL,냉동 치킨,곰곰,냉동 치킨,0
청양고추 80g,채소/곡물류,채소,RAW_PRODUCE,청양고추,,청양고추,0
[마이셰프] 전주식 해장 콩나물국밥,간편식,밀키트,RTC_MEAL,밀키트,마이셰프,밀키트,0
"조인 깐메추리알, 500g, 1개 5,290원 (100g당 1,058원) 내일(일) 새벽 도착 보장 5 (72467) 최대 265원 적립",육류/계란,계란,RAW_MEAT,메추리알,조인,메추리알,0
[일상味소] 국내산 소고기 등심 스테이크/구이 2종 (냉장),육류/계란,소고기,RAW_MEAT,소 등심,일상味소,소고기 묶음,0
"본죽 쇠고기죽 (냉장), 271.5g, 2개 7,850원 (100g당 1,446원) 내일(일) 새벽 도착 보장 4.5 (1199) 최대 393원 적립",간편식,레트로트,RTC_MEAL,죽,본죽,즉석죽,0
[로얄오렌지] 네덜란드 고다/에담/마스담/에멘탈 슬라이스 치즈 150g 4종 (택1),유제품,치즈,DAIRY,치즈,로얄오렌지,기타 치즈,0
[아티제] 녹차 카스텔라 200g,음료,커피/차,BEVERAGE,녹차,카스텔,녹차,0
"펩시 제로 슈거 라임 1.25L 12개 (업소용) 할인53%11,190원 5,190원 (100ml당 35원) 2/11(수) 도착 예정 5 (6422) 최대 260원 적립",음료,탄산음료,BEVERAGE,펩시 제로 라임,펩시 ,콜라,0
[롯데웰푸드] 제로 미니바이트 밀크&초코 아이스크림 (38mL X 10개입),간식류,디저트/케이크,BAKERY,아이스크림,롯데,아이스크림,0
"좋은소식 한우 1등급 칼로다진 이유식용 (냉장), 300g, 1개 22,700원 (100g당 7,567원) 내일(일) 새벽 도착 보장 4.5 (5517) 최대 1,135원 적립",육류/계란,소고기,RAW_MEAT,소 다짐육,좋은소식,소 다짐육,0
"쉐프엠 베이컨까르보나라 파스타 4인분, 230g, 4개 14,740원 (100g당 1,602원) 내일(일) 새벽 도착 보장 5 (17448) 최대 737원 적립",간편식,밀키트,RTC_MEAL,밀키트,쉐프엠,밀키트,0
[유가원] 유기농 바나나칩 230g,간식류,과자/스낵,SNACK,바나나칩,유가원,스낵,0
[CU 픽업] 코폴라다이아몬드까쇼,술,와인,ALCOHOL,레드 와인,,레드 와인,0
[정미소] 고시히카리 현미 4kg,채소/곡물류,쌀/잡곡,GRAIN,현미,정미소,현미,0
[진가네반찬] 파김치,상온식품,김/자반,DRIED_SEAFOOD,김,진가네반찬,김,0
[선물세트] 남해안 실속 멸치세트 1호,수산물,멸치/건어물,DRIED_SEAFOOD,멸치,,멸치,0
"신라면 더 레드 125g, 4개 19%5,850원 4,690원 (1개당 1,173원) 내일(일) 새벽 도착 보장 5 (1695) 최대 235원 적립",간편식,라면,INSTANT,신라면 더 레드,농심,국물라면,0
"일리 클래식 로스트 디카페인 미니 원두커피스틱, 1g, 30개입, 1개 7,500원 (10g당 2,500원) 내일(일) 도착 보장 5 (7518) 최대 375원 적립",음료,커피/차,BEVERAGE,커피가루,일리,커피,0
[CU 픽업] 포티크릭배럴셀렉트,술,기타 주류,ALCOHOL,위스키,,위스키,0
[CU 픽업] 밀크앤허니레드와인,술,와인,ALCOHOL,레드 와인,,레드 와인,0
MY FIRST 처음 만나는 식빵 424g,간식류,빵류,BAKERY,식빵,MY FIRST,식빵,0
한끼톡톡 청결미 쌀 1.5kg,채소/곡물류,쌀/잡곡,GRAIN,쌀,한끼톡톡,쌀,0
"폰타나 무지방 발사믹 저당 저칼로리 드레싱, 230g, 1개 27%4,480원 3,240원 (100g당 1,409원) 내일(일) 도착 보장 5 (182) 최대 162원 적립",조미료,양념/소스,SAUCE_SEASONING,발사믹,폰타나,발사믹 식초,0
[잇웨이브] 추억의 1999 옛날 왕돈까스 350g,간편식,밀키트,RTC_MEAL,밀키트,잇웨이브,밀키트,0
"엑스트라 버진 코코넛오일, 450ml, 1개 9,980원 (100ml당 2,218원) 내일(일) 도착 보장 4.5 (10487) 최대 499원 적립",조미료,식용유/기름,SAUCE_SEASONING,코코넛 오일,엑스트라,코코넛 오일,0
[서울우유] 딸기 우유 (200mL X 3개),유제품,우유/두유,DAIRY,딸기우유,서울우유,가공우유,0
[선물세트] 까사스 디 후알도  아르베끼나 & 피쿠알 엑스트라버진 세트 (500mlx2병),조미료,식용유/기름,SAUCE_SEASONING,올리브오일,,올리브오일,0
[복선당] 반반 족발,간편식,레트로트,RTC_MEAL,족발,복선당,기타 레트로트,0
[정관장] 홍삼진황 (30일분) + (쇼핑백증정),미등록 카테고리,기타,UNKNOWN,기타,정관장,기타,0
[키친고메] 굳지 않는 바람떡 2종,간식류,떡,SNACK,바람떡,고메,기타 떡,0
[선물세트] 조선호텔김치 타이니세트 (예약일수령),간편식,반찬류,SIMPLE_PROCESSED,배추김치,,배추김치,0
"호주산 소고기 국거리용 (냉장), 300g, 1개 13%9,990원 8,690원 (100g당 2,897원) 내일(일) 새벽 도착 보장 4.5 (10136) 최대 435원 적립",육류/계란,소고기,RAW_MEAT,국거리용 소고기,호주산,기타 소고기,0
[차합시다] 우슬두충 수제차 340g,음료,커피/차,BEVERAGE,차,차합시다,기타 음료(차),0
[드립핑크] 커피 드립백 10g X 20개 2종 (택1),음료,커피/차,BEVERAGE,커피 드립백,드립핑크,드립백,0
[에머이] 소고기 쌀국수 2종 (택1),채소/곡물류,면류,GRAIN,쌀국수면,에머이,쌀국수면,0
"백설 감자수제비 가루, 500g, 1개 쿠폰할인25%3,280원 2,450원 (100g당 490원) 내일(일) 도착 보장 5 (3988) 최대 123원 적립",조미료,가루분말,SAUCE_SEASONING,감자전분,백설,감자전분,0
[디 바르베로] 크림 틴케이스 또론 화이트 초콜릿 105g,간식류,초콜릿/사탕,SNACK,초콜릿,디 바르베로,초콜릿,0
"곰곰 월계수잎, 230g, 1개 28%9,400원 6,680원 (10g당 290원) 내일(일) 도착 보장 새 상품, 반품-미개봉 (2) 최저6,340원 4.5 (1375) 최대 334원 적립",조미료,향신료/허브,SAUCE_SEASONING,월계수잎,곰곰,월계수잎,0
"포스틱 과자, 280g, 1개 4,310원 (10g당 154원) 내일(일) 도착 보장 5 (23308) 최대 215원 적립",간식류,과자/스낵,SNACK,포스틱,,스낵,0
"자연애찬 무항생제 1+등급 대란, 10구, 1개 4,270원 (1구당 427원) 내일(일) 새벽 도착 보장 5 (2031) 최대 214원 적립",육류/계란,계란,RAW_MEAT,계란,자연애찬,계란,0
[cutie] 미국산 만다린 800g,과일/견과류,과일,RAW_FRUIT,만다린,cutie,귤,0
[라빠르쉐] 브라운 각설탕 250g,조미료,조미료,SAUCE_SEASONING,설탕,라빠르쉐,설탕,0
"엑스트라버진 올리브오일, 1개, 1L 할인40%26,600원 15,890원 (100ml당 1,589원) 내일(일) 도착 보장 4.5 (5242) 최대 795원 적립",조미료,식용유/기름,SAUCE_SEASONING,올리브오일,,올리브오일,0
[CU 픽업] 오프리16,술,기타 주류,ALCOHOL,위스키,,위스키,0
"하림 맛닭가슴살 바베큐맛, 100g, 5개입, 2개 30%27,400원 19,160원 (100g당 1,916원) 내일(일) 새벽 도착 보장 5 (5223) 최대 958원 적립",간편식,레트로트,RTC_MEAL,레트로트,하림 ,레트로트,0
"해맑은푸드 황태채, 200g, 1개 10,900원 (100g당 5,450원) 내일(일) 도착 보장 4.5 (24103) 최대 545원 적립",수산물,멸치/건어물,DRIED_SEAFOOD,황태,해맑은푸드,황태,0
"곰곰 호주산 소고기 앞다리살 국거리용 (냉장), 300g, 2개 19%19,800원 15,910원 (100g당 2,652원) 내일(일) 새벽 도착 보장 4.5 (129825) 최대 795원 적립",육류/계란,소고기,RAW_MEAT,국거리용 소고기,곰곰,기타 소고기,0
[Dole] 그린 파파야 450g (1개),과일/견과류,과일,RAW_FRUIT,파파야,Dole,파파야,0
"[라카나스타] 또띠아 3종 (통밀,옥수수,밀/택1)",간식류,빵류,BAKERY,또띠아,라카나스타,또띠아,0
[CU 픽업] 집집락샤도네이,술,와인,ALCOHOL,화이트 와인,,화이트 와인,0
[만전김] 햇살과 바람이 길러낸 유기김(무가미) 16개입,상온식품,김/자반,DRIED_SEAFOOD,김,만전김,김,0
[연안식당] 백명란젓 250g (냉동),간편식,반찬류,SIMPLE_PROCESSED,명란젓,연안식당,명란젓,0
[Dole] 스위티오 바나나 2입,과일/견과류,과일,RAW_FRUIT,바나나,Dole,바나나,0
[서울우유] 스위트 플레인 요거트 (85g X 4개),유제품,요거트,DAIRY,요거트,서울우유,요거트,0
"넛츠팜 구운땅콩, 1kg, 1개 25%15,900원 11,900원 (100g당 1,190원) 내일(일) 도착 보장 4.5 (10359) 최대 595원 적립",간식류,과자/스낵,SNACK,구운 땅콩,넛츠팜,기타 과자/스낵,0
"동원홈푸드 통항정살 미정선 원육 (냉동), 1kg, 1개 25,380원 (100g당 2,538원) 내일(일) 새벽 도착 보장 4.5 (1927) 최대 1,269원 적립",육류/계란,돼지고기,RAW_MEAT,항정살,동원,항정살,0
[영준목장] 플레인 요거트 500mL,유제품,요거트,DAIRY,요거트,영준목장,요거트,0
[한양식품] 꽃보다 오징어 소프트,간식류,과자/스낵,SNACK,꽃보다 오징어,한양식품,기타 과자/스낵,0
[법성포참맛] 실속형 영광 굴비 1kg (20미),수산물,멸치/건어물,DRIED_SEAFOOD,굴비,법성포참맛,굴비,0
[키즈다이닝] 소고기 애호박 볶음,간편식,반찬류,SIMPLE_PROCESSED,소고기 애호박 볶음,키즈다이닝,기타 반찬류,0
"gomgom 고소한 검은콩 두유, 190ml, 24개 54%22,050원 9,990원 (100ml당 219원) 내일(일) 도착 보장 4.5 (74802) 최대 500원 적립",유제품,우유/두유,DAIRY,두유,gomgom,두유,0
[룰루맘] 소중한 우리 아이엔 뽀얀 알밤 50g,간식류,과자/스낵,SNACK,맛밤,룰루맘,기타 과자/스낵,0
"대천김 재래도시락김 세트, 5g, 54개 할인43%35,000원 19,790원 (10g당 733원) 내일(일) 도착 보장 5 (26613) 최대 957원 적립",상온식품,김/자반,DRIED_SEAFOOD,김,대천김,김,0
[이즈니] 냉동 대용량 포션 버터 2종,유제품,버터/생크림,DAIRY,버터,이즈니,버터,0
"몽베스트 위드어스 무라벨 생수, 330ml, 60개 15,000원 (100ml당 76원) 내일(일) 도착 보장 5 (167582) 최대 750원 적립",음료,생수,BEVERAGE,생수,몽베스트,생수,0
[오봉집] 김치 제육볶음 400g,간편식,밀키트,RTC_MEAL,밀키트,오봉집,밀키트,0
[Dole] 스위티오 바나나 2종,과일/견과류,과일,RAW_FRUIT,바나나,Dole,과일 묶음,0
"맑은물에 촌두부 찌개용, 1개, 300g 990원 (100g당 330원) 내일(일) 새벽 도착 보장 5 (14746) 최대 50원 적립",채소/곡물류,콩/두부,SIMPLE_PROCESSED,두부,맑은물에,두부,0
"몽베스트 위드어스 무라벨 생수, 500ml, 40개 10,900원 (100ml당 55원) 내일(일) 도착 보장 5 (167582) 최대 545원 적립",음료,생수,BEVERAGE,생수,몽베스트,생수,0
"국내산 흙당근, 2개입, 1개 1,360원 (1개당 680원) 내일(일) 새벽 도착 보장 4.5 (84918) 최대 68원 적립",채소/곡물류,채소,RAW_PRODUCE,당근,,당근,0
[광령] 제주 자리돔쌈장젓 2종 (택1),조미료,양념/소스,SAUCE_SEASONING,쌈장젓,광령,기타 소스,0
[CU 픽업] 칸티브라케토,술,와인,ALCOHOL,스파클링 와인,,스파클링 와인,0
[바름팜] 간편하게 손질한 깍뚝 감자 300g,채소/곡물류,채소,RAW_PRODUCE,감자,바름팜,감자,0
[델리치오] 와규 햄버거 패티,육류/계란,가공육(햄/소시지),PROCESSED_MEAT,패티,델리치오,패티,0
[Dole] 스위티오 실속 파인애플 700g (1통),과일/견과류,과일,RAW_FRUIT,파인애플,Dole,파인애플,0
"곰곰 통밀가득한 식빵, 350g, 2개 4,440원 (10g당 63원) 내일(일) 새벽 도착 보장 5 (23230) 최대 222원 적립",간식류,빵류,BAKERY,식빵,곰곰,식빵,0
[천호엔케어] 흑염소진옥고95 50포,미등록 카테고리,기타,UNKNOWN,기타,천호엔케어,기타,0
[마즈] 트윅스 미니스 초콜릿바 픽앤믹스 600g (60입),간식류,초콜릿/사탕,SNACK,트윅스,마즈,초콜릿,0
"광천김 바삭한 줄줄이김 80p, 80g, 1개 8%13,000원 11,850원 (1세트당 11,850원) 내일(일) 도착 보장 4.5 (363) 최대 593원 적립",상온식품,김/자반,DRIED_SEAFOOD,김,광천김,김,0
[더 샤퀴테리아] 이탈리안 살라미,육류/계란,가공육(햄/소시지),PROCESSED_MEAT,살라미,더 샤퀴테리아,살라미,0
[해아람] 담백한 공주밤 설기 2종 (택1),간식류,떡,SNACK,백설기,해아람,백설기,0
"친환경 저민마늘, 50g, 1개 2,990원 (100g당 5,980원) 내일(일) 새벽 도착 보장 5 (3246) 최대 150원 적립",채소/곡물류,채소,RAW_PRODUCE,마늘,,마늘,0
"풀무원 생칼국수 4인분, 550g, 1개 4,480원 (100g당 815원) 내일(일) 새벽 도착 보장 5 (10511) 최대 224원 적립",간편식,밀키트,RTC_MEAL,밀키트,풀무원,밀키트,0
[마이하노이] 매운 고기폭탄 쌀국수,간편식,밀키트,RTC_MEAL,밀키트,마이하노이,밀키트,0
[스웰릿] 아사이볼 샤베트 100g,간식류,디저트/케이크,BAKERY,아사이볼,스웰릿,아이스크림,0
"곰곰 동물복지 구운란, 6구, 1개 3,990원 (1구당 665원) 내일(일) 새벽 도착 보장 5 (7848) 최대 200원 적립",육류/계란,계란,RAW_MEAT,구운란,곰곰,구운란,0
[할리스] 컵커피 300mL 3종(택1),음료,커피/차,BEVERAGE,커피,할리스,커피,0
[조선호텔김치] 프리미엄 깍두기 1kg,간편식,반찬류,SIMPLE_PROCESSED,깍두기,조선호텔김치,깍두기,0
"빨강 파프리카, 1개입, 4개 8,050원 (1개당 2,013원) 내일(일) 새벽 도착 보장 5 (13758) 최대 403원 적립",채소/곡물류,채소,RAW_PRODUCE,파프리카,빨강,파프리카,0
[CJ] 행복한콩 국산콩 촌두부 380G,채소/곡물류,콩/두부,SIMPLE_PROCESSED,두부,CJ,두부,0
"카누 더블샷 라떼 스틱 커피믹스, 13.5g, 50개입, 1개 19,810원 (10g당 293원) 내일(일) 도착 보장 5 (41605) 최대 990원 적립",음료,커피/차,BEVERAGE,커피믹스,카누 ,커피믹스,0
[애슐리] 시카고 딥디쉬 피자,간편식,냉동식품,FROZEN_MEAL,냉동 피자,애슐리,냉동 피자,0
[차려낸] 세 가지 해산물 토마토파스타,간편식,밀키트,RTC_MEAL,밀키트,차려낸,밀키트,0
[미자언니네] 현미 연잎밥,간편식,즉석밥,INSTANT,즉석밥 현미,미자언니네,즉석밥,0
[지미스 그래놀라] 저당 그래놀라 150g,상온식품,시리얼,GRAIN,그래놀라,지미스 그래놀라,그래놀라,0
[프루티프루티] 오렌지 자몽 수제청,조미료,양념/소스,SAUCE_SEASONING,과일청,프루티프루티,기타 소스,0
"한성기업 콤비부어스트 파티 후랑크 소시지, 330g, 1개 5,630원 (10g당 171원) 내일(일) 새벽 도착 보장 5 (7654) 최대 281원 적립",육류/계란,가공육(햄/소시지),PROCESSED_MEAT,소시지,한성기업,소세지,0
"서울에프엔비 어른우유 검은콩미숫가루, 250ml, 12개 16,110원 (100ml당 537원) 내일(일) 새벽 도착 보장 5 (3023) 최대 805원 적립",음료,커피/차,BEVERAGE,미숫가루,서울에프엔비,곡물차,0
"오뚜기 옛날 물엿, 2.45kg, 2개 24%17,360원 13,060원 (100g당 267원) 내일(일) 도착 보장 5 (46073) 최대 653원 적립",조미료,양념/소스,SAUCE_SEASONING,물엿,오뚜기,물엿,0
[풀무원] 김밥용 3색 야채절임,간편식,반찬류,SIMPLE_PROCESSED,야채절임,풀무원,장아찌,0
"갈비아저씨 제육볶음 608 (냉동), 600g, 1개 7,110원 (100g당 1,185원) 내일(일) 새벽 도착 보장 4.5 (1564) 최대 355원 적립",간편식,밀키트,RTC_MEAL,밀키트,갈비아저씨,밀키트,0
"올리에뜨 산도0.08 유기농 엑스트라버진 올리브오일 스틱, 30개, 10ml 할인42%40,000원 22,900원 (100ml당 7,633원) 내일(일) 도착 보장 5 (274) 최대 1,134원 적립",조미료,식용유/기름,SAUCE_SEASONING,올리브오일,올리에뜨,올리브오일,0
친환경 깐 양파 200g,채소/곡물류,채소,RAW_PRODUCE,양파,,양파,0
[더찹샵] 올리브 로프 100g,육류/계란,가공육(햄/소시지),PROCESSED_MEAT,햄,더찹샵,햄,0
[올가] 고칼슘 고식이섬유 양갱 3종 선물세트 (45g X 14개),간식류,디저트/케이크,BAKERY,양갱,올가,양갱,0
[여왕의 논아르] 무알콜 카베르네소비뇽 (350mL X 24캔),술,와인,ALCOHOL,레드 와인,여왕의 논아르,레드 와인,0
"해태제과 오예스 쿠키 앤 크림, 360g, 2개 7,800원 (10g당 108원) 내일(일) 도착 보장 5 (9790) 최대 390원 적립",간식류,과자/스낵,SNACK,오예스,해태제과,파이류,0
[곱창고] 푸짐한 소곱창전골,간편식,밀키트,RTC_MEAL,밀키트,곱창고,밀키트,0
[제이키친] 떡볶이 2종,간편식,밀키트,RTC_MEAL,밀키트,제이키친,밀키트,0
[설성목장] 한돈 어린이 육포,육류/계란,가공육(햄/소시지),PROCESSED_MEAT,육포,설성목장,육포,0
"스타벅스 더블샷 에스프레소&크림 커피, 12개, 200ml 14,750원 (100ml당 615원) 내일(일) 도착 보장 5 (8366) 최대 738원 적립",음료,커피/차,BEVERAGE,캔커피,스타벅스,캔커피,0
[동화약품] 부채표 배러푸룬 120ml 10입,미등록 카테고리,기타,UNKNOWN,기타,동화약품,기타,0
[엔업] 소금사탕 (500g),간식류,초콜릿/사탕,SNACK,사탕,엔업,사탕(캔디),0
[GRN] 알로에 이뮨젤리+ (14일분),미등록 카테고리,기타,UNKNOWN,기타,GRN,기타,0
[언니가 숨겨놓은 과자상자] 모둠 전 쿠키세트 330g,간식류,과자/스낵,SNACK,쿠키,언니가 숨겨놓은 과자상자,쿠키,0
[베지밀] 건강맘 두유 (190mL X 16개),유제품,우유/두유,DAIRY,두유,베지밀,두유,0
[해찬들] 저당 쌈장 290g,조미료,양념/소스,SAUCE_SEASONING,쌈장,해찬들,쌈장,0
[Dole] 스위티오 파인애플 슬라이스 540g,과일/견과류,과일,RAW_FRUIT,파인애플,Dole,파인애플,0
[흑백요리사] 술 빚는 윤주모 셰프 꽈리고추 돼지고기덮밥 264g (냉장),간편식,밀키트,RTC_MEAL,밀키트,흑백요리사,밀키트,0
[Dole] 스위티오 파인애플 청크 400g,과일/견과류,과일,RAW_FRUIT,파인애플,Dole,파인애플,0
[Dole] 유기농 바나나 500g,과일/견과류,과일,RAW_FRUIT,바나나,Dole,바나나,0
[취영루] 육즙가득 그시절 물만두,간편식,냉동식품,FROZEN_MEAL,냉동 만두,취영루,냉동 만두,0
"곰곰 온가족 요구르트, 750ml, 1개입, 2개 3,530원 (10ml당 24원) 내일(일) 새벽 도착 보장 5 (21388) 최대 176원 적립",유제품,요거트,DAIRY,요구르트,곰곰,요구르트,0
[압구정낙지] 낙지 볶음 2종 (택1),간편식,밀키트,RTC_MEAL,밀키트,압구정낙지,밀키트,0
[krikri 크리크리] 그리스 그릭 요거트 150g 2종 (택1),유제품,요거트,DAIRY,요거트,krikri 크리크리,요거트,0
[마니커에프앤지] 버팔로윙 골드,간편식,냉동식품,FROZEN_MEAL,버팔로윙,마니커에프앤지,냉동 치킨,0
[JCDM] 병아리콩 후무스 2종 (택1),상온식품,잼/스프레드,SAUCE_SEASONING,후무스,JCDM,후무스,0
김수경의 하루생식 28포,미등록 카테고리,기타,UNKNOWN,기타,,기타,0
[글루프레소] 혈당커피 (30일분),미등록 카테고리,기타,UNKNOWN,기타,글루프레소,기타,0
"매일유업 소화가잘되는우유 오리지널, 190ml, 12개 12,500원 (100ml당 548원) 내일(일) 도착 보장 5 (162164) 최대 625원 적립",유제품,우유/두유,DAIRY,우유,매일,우유,0
[연경당] 메밀 강정 125g,간식류,과자/스낵,SNACK,강정,연경당,강정/한과,0
[프레지덩] 슬라이스 치즈 3종,유제품,치즈,DAIRY,치즈,프레지덩,기타 치즈,0
[린트] 엑셀런스 다크 초콜릿 4종,간식류,초콜릿/사탕,SNACK,초콜릿,린트,초콜릿,0
"햇반 새우볶음밥 2개입 (냉동), 420g, 1개 25%6,580원 4,920원 (100g당 1,171원) 내일(일) 새벽 도착 보장 5 (13681) 최대 246원 적립",간편식,레트로트,RTC_MEAL,레트로트,햇반 ,레트로트,0
[99족발] 순살 족발,간편식,레트로트,RTC_MEAL,족발,99족발,기타 레트로트,0
[레인저스벨리] 호주산 흑소MB3+ 업진안살 구이용 200g (냉장),육류/계란,소고기,RAW_MEAT,업진살,레인저스벨리,기타 소고기,0
[이어수산] 8단계 선별한 멸치 해산물 국물팩 2종 (택1),조미료,조미료,SAUCE_SEASONING,육수팩,이어수산,육수,0
[데체코] 엑스트라버진 오일 750mL,조미료,식용유/기름,SAUCE_SEASONING,올리브오일,데체코,올리브오일,0
한끼톡톡 고시히카리  쌀 1.5kg,채소/곡물류,쌀/잡곡,GRAIN,쌀,한끼톡톡,쌀,0
"니비시 사시미 간장, 360ml, 2개 5,780원 (100ml당 803원) 내일(일) 도착 보장 5 (10103) 최대 289원 적립",조미료,양념/소스,SAUCE_SEASONING,간장,니비시,간장,0
"호텔컬렉션 에센셜 부드러운 소고기 미역국 냉장, 480g, 2개 9%10,980원 9,980원 (100g당 1,040원) 내일(일) 새벽 도착 보장 4.5 (18596) 최대 399원 적립",간편식,밀키트,RTC_MEAL,밀키트,호텔컬렉션,밀키트,0
"하림 양푼김치찌개라면 컵 102g, 3개 4%5,100원 4,870원 (1개당 1,623원) 내일(일) 도착 보장 4.5 (221) 최대 244원 적립",간편식,라면,INSTANT,양푼 김치찌개 라면,하림,사발면(컵라면),0
"린트 엑설런스 85% 코코아 다크 초콜릿, 100g, 1개 6,260원 (10g당 626원) 내일(일) 도착 보장 5 (928) 최대 313원 적립",간식류,초콜릿/사탕,SNACK,초콜릿,린트,초콜릿,0
[앵커] 비가염 버터 454g,유제품,버터/생크림,DAIRY,버터,앵커,버터,0
[램테이블] 호주산 양꼬치 250g,육류/계란,양고기,RAW_MEAT,양꼬치,램테이블,양꼬치,0
[쉐푸드] 유부초밥 (9입),간편식,즉석밥,INSTANT,즉석 유부초밥,쉐푸드,즉석밥,0
[하림] 태양초 닭볶음탕 밀키트,간편식,밀키트,RTC_MEAL,밀키트,하림,밀키트,0
[한미양행] 테이크아웃 가르시니아커피 (7일분),미등록 카테고리,기타,UNKNOWN,기타,한미양행,기타,0
[Dole] 점보 아보카도 500g (2입) (칠레산),과일/견과류,과일,RAW_FRUIT,아보카도,Dole,아보카도,0
"고래밥 핫 매콤양념맛, 56g, 1개 890원 (10g당 159원) 내일(일) 새벽 도착 보장 5 (799) 최대 45원 적립",간식류,과자/스낵,SNACK,고래밥,해태제과,스낵,0
[채선당] 샤브샤브 밀키트(2인분),간편식,밀키트,RTC_MEAL,밀키트,채선당,밀키트,0
"동원 마시는유산균 쿨피스 복숭아맛, 350ml, 24개 14,480원 (100ml당 172원) 내일(일) 도착 보장 5 (34054) 최대 724원 적립",음료,주스,BEVERAGE,쿨피스,동원,기타 주스,0
[칼노트] 치킨 스톡 250g,조미료,조미료,SAUCE_SEASONING,치킨스톡,칼노트,육수,0
[피자로빈슨] 뉴욕 메가 슬라이스 피자 5종 (택1),간편식,냉동식품,FROZEN_MEAL,냉동 피자,피자로빈슨,냉동 피자,0
"맑은물에 그리너리 GAP 인증 아삭한 콩나물, 300g, 2개 1,720원 (100g당 287원) 내일(일) 새벽 도착 보장 5 (31691) 최대 86원 적립",채소/곡물류,채소,RAW_PRODUCE,콩나물,맑은물에,콩나물,0
"삼립 발효버터 따베패스츄리, 80g, 4개입, 1개 3,620원 (10g당 113원) 내일(일) 새벽 도착 보장 5 (11036) 최대 181원 적립",유제품,버터/생크림,DAIRY,버터,삼립,버터,0
"국내산 친환경 양파, 800g, 2개 5,620원 (100g당 351원) 내일(일) 새벽 도착 보장 4.5 (24404) 최대 281원 적립",채소/곡물류,채소,RAW_PRODUCE,양파,,양파,0
"고미네 볶은 아몬드분말, 500g, 1개 9,900원 (100g당 1,980원) 내일(일) 도착 보장 4.5 (160) 최대 495원 적립",조미료,가루분말,SAUCE_SEASONING,아몬드 가루,고미네,아몬드 가루,0
[마켓오] 브라우니 바이트 2종 (택1),간식류,디저트/케이크,BAKERY,브라우니,마켓오,케이크,0
[Dole] 칠레 아보카도 1kg,과일/견과류,과일,RAW_FRUIT,아보카도,Dole,아보카도,0
[진가네반찬] 코다리간장조림,간편식,레트로트,RTC_MEAL,레트로트,진가네반찬,레트로트,0
[샘표] 국산콩 양조간장 2종 (택1),조미료,양념/소스,SAUCE_SEASONING,양조간장,샘표,간장,0
[설혜담] 제천 흑염소 진액 30포,미등록 카테고리,기타,UNKNOWN,기타,설혜담,기타,0
"곰곰 무항생제 대란, 25구, 1개 7,990원 (1구당 320원) 내일(일) 새벽 도착 보장 4.5 (2432) 최대 400원 적립",육류/계란,계란,RAW_MEAT,계란,곰곰,계란,0
"곰곰 오리지날 닭가슴살 슬라이스 (냉동), 100g, 1개입, 5개 49%19,900원 10,070원 (100g당 2,014원) 내일(일) 새벽 도착 보장 5 (36618) 최대 504원 적립",육류/계란,닭고기,RAW_MEAT,닭가슴살,곰곰,닭가슴살,0
[Sea to Table] 볶음밥용 손질 새우살 200g (냉동) (91/120 사이즈),수산물,새우/게,RAW_SEAFOOD,새우,Sea to Table,새우,0
[비움반찬] 햄감자채볶음,간편식,반찬류,SIMPLE_PROCESSED,감자채 볶음,비움반찬,기타 반찬류,0
[리얼닥터] 비타민D 5000IU (120일분),미등록 카테고리,기타,UNKNOWN,기타,,기타,0
"참프레 무화과 오리훈제 슬라이스, 500g, 1개 9,620원 (100g당 1,924원) 내일(일) 새벽 도착 보장 5 (1893) 최대 481원 적립",육류/계란,오리고기,RAW_MEAT,훈제오리,참프레,훈제오리,0
[매콤하루] 우삼겹 마라 떡볶이,간편식,밀키트,RTC_MEAL,밀키트,매콤하루,밀키트,0
[고래사] 어묵면우동,간편식,밀키트,RTC_MEAL,밀키트,고래사,밀키트,0
[Dole] 특선 바나나 550g,과일/견과류,과일,RAW_FRUIT,바나나,Dole,바나나,0
"곰곰 광천 도시락김, 5g, 32개 19%12,900원 10,420원 (10g당 651원) 내일(일) 도착 보장 새 상품, 반품-미개봉 (2) 최저9,890원 5 (254475) 최대 521원 적립",상온식품,김/자반,DRIED_SEAFOOD,김,곰곰,김,0
[뉴오리진] 이너플로라 미오이노시톨&콜린 30포,미등록 카테고리,기타,UNKNOWN,기타,뉴오리진,기타,0
[마즈] 엠앤엠즈 500g 2종 (택1),간식류,초콜릿/사탕,SNACK,엠엔엠즈,마즈,초콜릿,0
[둥구나무] 오이소박이,간편식,반찬류,SIMPLE_PROCESSED,오이소박이,둥구나무,오이소박이,0
[안국건강] 안심 비타민C (60일분),미등록 카테고리,기타,UNKNOWN,기타,안국건강,기타,0
"스타벅스 다크 로스트 아메리카노 원두커피믹스, 1.1g, 30개입, 1개 10%10,900원 9,790원 (10g당 2,967원) 내일(일) 도착 보장 5 (13814) 최대 490원 적립",음료,커피/차,BEVERAGE,커피가루,스타벅스,커피,0
[명례헌] 흑임자 인절미 1kg (한판),간식류,떡,SNACK,인절미,명례헌,인절미,0
"비비고 토종김 5호, 1세트 37%13,900원 8,650원 (1세트당 8,650원) 내일(일) 도착 보장 4.5 (1572) 최대 433원 적립",상온식품,김/자반,DRIED_SEAFOOD,김,비비고,김,0
[우리밀] 쫀득 인절미 모나카 세트,간식류,떡,SNACK,인절미,우리밀,인절미,0
[KF365] 1+ 한우 등심 300g(냉장),육류/계란,소고기,RAW_MEAT,소 등심,KF365,소 등심,0
유기농 팝콘용 옥수수 250g,채소/곡물류,채소,RAW_PRODUCE,옥수수,,옥수수,0
[오뗄블랙라벨] 전지 베이컨,육류/계란,가공육(햄/소시지),PROCESSED_MEAT,베이컨,오뗄블랙라벨,베이컨,0
"더단백 드링크 커피 A, 250ml, 18개 30%34,800원 24,320원 (100ml당 540원) 내일(일) 도착 보장 5 (12302) 최대 1,216원 적립",음료,커피/차,BEVERAGE,커피,더단백,커피,0
"해태제과 구운감자, 24g, 30개 14,890원 (10g당 207원) 내일(일) 도착 보장 5 (108318) 최대 707원 적립",간식류,과자/스낵,SNACK,구운감자,해태제과,감자칩,0
"남양유업 맛있는우유GT 고소한 락토프리, 900ml, 1개 3,780원 (100ml당 420원) 내일(일) 새벽 도착 보장 5 (192140) 최대 189원 적립",유제품,우유/두유,DAIRY,락토프리 우유,남양,락토프리 우유,0
[미자언니네 방앗간] 단호박 코코넛 인절미(200g),간식류,떡,SNACK,인절미,미자언니네 방앗간,인절미,0
"연세두유 플레인, 1L, 12개 11,640원 (100ml당 97원) 2/11(수) 도착 예정 4.5 (6673) 최대 582원 적립",유제품,우유/두유,DAIRY,두유,연세두유,두유,0
"친환경 국내산 팽이버섯, 360g, 3개 2,960원 (100g당 274원) 내일(일) 새벽 도착 보장 5 (12739) 최대 148원 적립",채소/곡물류,버섯,RAW_PRODUCE,팽이버섯,,팽이버섯,0
"국내산 이탈리안 파슬리, 30g, 3개 5,670원 (100g당 6,300원) 내일(일) 새벽 도착 보장 5 (8400) 최대 284원 적립",조미료,향신료/허브,SAUCE_SEASONING,파슬리,,파슬리,0
"크라운 고소한 땅콩샌드, 279g, 1개 36%4,600원 2,930원 (10g당 105원) 내일(일) 새벽 도착 보장 5 (1696) 최대 146원 적립",간식류,과자/스낵,SNACK,땅콩샌드,크라운,기타 과자/스낵,0
[KF365] 애호박 1개,채소/곡물류,채소,RAW_PRODUCE,애호박,KF365,애호박,0
[애슐리] 쉬림프&불고기 월남쌈,간편식,밀키트,RTC_MEAL,밀키트,애슐리,밀키트,0
[농심] 짜파게티범벅 6입,간편식,라면,INSTANT,짜파게티 범벅,농심,짜장라면,0
[진젠] 생강차 10개 3종 (택1),음료,커피/차,BEVERAGE,생강차,진젠,기타 음료(차),0
"방앗간청년 압력으로 볶은 보리차, 500g, 1개입, 3개 할인51%28,900원 14,020원 (10g당 93원) 내일(일) 도착 보장 5 (13668) 최대 701원 적립",음료,커피/차,BEVERAGE,보리차,방앗간청년,보리차,0
[군산 이성당] 쌀찐빵 (100g X 4개입),간식류,빵류,BAKERY,찐빵,군산 이성당,기타 빵류,0
[맘마밀] 안심이유식 9개월 4종 (택1),육류/계란,소고기,RAW_MEAT,소 안심,맘마밀,소고기 묶음,0
[하이트진로] 하이트 제로 포멜로 무알콜 (350mL X 6캔),술,맥주,ALCOHOL,맥주,하이트진로,맥주,0
[기장물산] 해산 산모미역,수산물,미역/다시마,DRIED_SEAFOOD,미역,기장물산,미역,0
[데체코] 바질페스토 190g,상온식품,잼/스프레드,SAUCE_SEASONING,바질페스토,데체코,페스토,0
[두유본색] 단호박 아침두유 (190mL X 10개),유제품,우유/두유,DAIRY,두유,두유본색,두유,0
"곰곰 with 덴마크 전용목장 우유, 900ml, 1개 2,780원 (100ml당 309원) 내일(일) 새벽 도착 보장 5 (52387) 최대 139원 적립",유제품,우유/두유,DAIRY,우유,덴마크,우유,0
[Dole] 파파야 1개 450g (1개),과일/견과류,과일,RAW_FRUIT,파파야,Dole,파파야,0
[ORGA] 검정콩 모닝빵 (26g X 8개입),간식류,빵류,BAKERY,모닝빵,ORGA,모닝빵,0
[시룰리] 유기농 엑스트라 버진 올리브 오일 3종 (택1),조미료,식용유/기름,SAUCE_SEASONING,올리브오일,시룰리,올리브오일,0
[풀무원] 발사믹 올리브유 드레싱 525g,조미료,양념/소스,SAUCE_SEASONING,발사믹 식초,풀무원,발사믹 식초,0
"제주삼다수 그린 무라벨, 2L, 18개 19,440원 (100ml당 54원) 내일(일) 도착 보장 5 (729952) 최대 972원 적립",음료,생수,BEVERAGE,생수,제주삼다수,생수,0
[조선호텔] 탕수육 450g,간편식,냉동식품,FROZEN_MEAL,냉동 탕수육,조선호텔,냉동 탕수육,0
[Dole] 필리핀 골드 파인애플 1.5kg (1통),과일/견과류,과일,RAW_FRUIT,파인애플,Dole,파인애플,0
"서울우유 아침에주스 사과, 950ml, 1개 3,970원 (100ml당 418원) 내일(일) 새벽 도착 보장 5 (29935) 최대 199원 적립",음료,주스,BEVERAGE,사과 주스,서울우유,사과 주스,0
"엉클탁 불릴필요없는 귀리쌀, 2kg, 1개 37%7,980원 4,980원 (100g당 249원) 내일(일) 도착 보장 4.5 (6676) 최대 249원 적립",채소/곡물류,쌀/잡곡,GRAIN,귀리쌀,엉클탁,귀리,0
[KF365] 생 등심 돈까스 1kg (냉장),간편식,밀키트,RTC_MEAL,밀키트,KF365,밀키트,0
[한끼통살] 닭가슴살 볼 5종 (1팩) (택1),간편식,레트로트,RTC_MEAL,레트로트,한끼통살,레트로트,0
"샘표 맛간장 조림볶음용, 860ml, 1개 19%8,810원 7,070원 (100ml당 822원) 내일(일) 도착 보장 5 (35622) 최대 354원 적립",조미료,양념/소스,SAUCE_SEASONING,간장,샘표,간장,0
[횡성축협한우] 1++ 한우 등심 스테이크 200g (냉장),육류/계란,소고기,RAW_MEAT,소 등심,횡성축협한우,소 등심,0
[Dole] 해금 골드키위 1kg,과일/견과류,과일,RAW_FRUIT,키위,Dole,키위,0
"남양유업 이오 요구르트, 80ml, 10개입, 1개 4,400원 (10ml당 55원) 내일(일) 새벽 도착 보장 5 (138292) 최대 220원 적립",유제품,요거트,DAIRY,요구르트,남양유업,요구르트,0
[올드페리도넛] 시그니처 도넛 3종 (2개입) (택1),간식류,디저트/케이크,BAKERY,도넛,올드페리도넛,도넛,0
[픽앤치즈] 미니 치즈 플래터 222g,유제품,치즈,DAIRY,치즈,픽앤치즈,기타 치즈,0
"오뚜기 컵밥 진짬뽕밥, 217.5g, 2개 22%6,160원 4,800원 (100g당 1,103원) 내일(일) 도착 보장 5 (3988) 최대 240원 적립",간편식,레트로트,RTC_MEAL,레트로트,오뚜기,레트로트,0
"제누 스테비아 프로틴 단백질 커피믹스, 9.8g, 60개입, 1개 44%49,900원 27,680원 (10g당 471원) 내일(일) 도착 보장 4.5 (9705) 최대 1,384원 적립",음료,커피/차,BEVERAGE,커피믹스,제누,커피믹스,0
[메종엠오] 휘낭시에 5구 세트 160g,간식류,빵류,BAKERY,휘낭시에,메종엠오,기타 빵류,0
[룩트] 아이슬란딕 요거트 100g 2종 (택1),유제품,요거트,DAIRY,요거트,룩트,요거트,0
[그녀의빵공장] 소금빵 75g,간식류,빵류,BAKERY,소금빵,그녀의빵공장,소금빵,0
[윤고집] 맥주효모환 500g,미등록 카테고리,기타,UNKNOWN,기타,윤고집,기타,0
[미주라] 담백한 크래커 2종 (택1),간식류,과자/스낵,SNACK,크래커,미주라,크래커,0
[영준목장] 마스카포네 치즈 150g,유제품,치즈,DAIRY,치즈,영준목장,기타 치즈,0
"도드람한돈 앞다리 불고기용 1등급 (냉장), 500g, 1개 9,240원 (100g당 1,848원) 내일(일) 새벽 도착 보장 4.5 (50714) 최대 462원 적립",육류/계란,돼지고기,RAW_MEAT,돼지 앞다리살,도드람한돈,앞다리살,0
[매일] 폴바셋 어메이징 오트 커피 330ml 2종 (택1),음료,커피/차,BEVERAGE,커피,매일,커피,0
[dole] 후룻볼 망고 4입팩,과일/견과류,과일,RAW_FRUIT,과일컵,Dole,기타 과일,0
"해표 꽃소금, 1kg, 2개 3,900원 (100g당 195원) 내일(일) 새벽 도착 보장 5 (1937) 최대 195원 적립",조미료,조미료,SAUCE_SEASONING,소금,해표,소금,0
[큰행복] 제주 단호박 앙금이 들어간 달떡 (45g X 8개),간식류,떡,SNACK,떡,큰행복,떡,0
"곰곰 알찬 후랑크소시지, 500g, 2개입 11,530원 (10g당 115원) 내일(일) 새벽 도착 보장 5 (26786) 최대 576원 적립",육류/계란,가공육(햄/소시지),PROCESSED_MEAT,소시지,곰곰,소세지,0
[이어수산] 8단계 선별한 볶음조림용 멸치 2종 (택1),수산물,멸치/건어물,DRIED_SEAFOOD,멸치,이어수산,멸치,0
[남다른스낵] 감태&오리지널 오란다 (33g X 6개),간식류,과자/스낵,SNACK,오란다,남다른스낵,강정/한과,0
[피자로빈슨] 뉴욕 메가 슬라이스 피자 고르곤졸라,간편식,냉동식품,FROZEN_MEAL,냉동 피자,피자로빈슨,냉동 피자,0
[서울카스테라] 카스테라 3종 (택1),간식류,빵류,BAKERY,카스테라,서울카스테라,카스텔라,0
"국내산 친환경 느타리버섯, 200g, 1개 1,780원 (100g당 890원) 내일(일) 새벽 도착 보장 5 (230187) 최대 89원 적립",채소/곡물류,버섯,RAW_PRODUCE,느타리버섯,,느타리버섯,0
"베지밀 비 달콤한 두유, 190ml, 16개 11,910원 (100ml당 392원) 내일(일) 새벽 도착 보장 새 상품, 반품-미개봉 (2) 최저11,310원 5 (19718) 최대 595원 적립",유제품,우유/두유,DAIRY,두유,베지밀,두유,0
도라지청,조미료,양념/소스,SAUCE_SEASONING,도라지청,,기타 소스,0
인기 닭가슴살 12종 (택1),육류/계란,닭고기,RAW_MEAT,닭가슴살,,닭가슴살,0
[볼제너뮬러] 유기농 시리얼 2종,상온식품,시리얼,GRAIN,시리얼,볼제너뮬러,시리얼,0
"카푸토1924 드라이 이스트, 1개, 100g 5,800원 (100g당 5,800원) 내일(일) 도착 보장 5 (1343) 최대 290원 적립",조미료,가루분말,SAUCE_SEASONING,이스트,카푸토1924,이스트,0
"해표 꽃소금, 3kg, 1개 4,900원 (100g당 163원) 내일(일) 도착 보장 5 (11031) 최대 245원 적립",조미료,조미료,SAUCE_SEASONING,소금,해표,소금,0
"곰곰 방울토마토, 500g, 2팩 9,660원 (100g당 966원) 내일(일) 새벽 도착 보장 4.5 (44082) 최대 483원 적립",채소/곡물류,채소,RAW_PRODUCE,방울토마토,곰곰,방울토마토,0
"해찬들 찍장 쌈장 튜브형, 300g, 1개 44%4,060원 2,250원 (100g당 750원) 내일(일) 새벽 도착 보장 5 (656) 최대 113원 적립",조미료,양념/소스,SAUCE_SEASONING,쌈장,해찬들,쌈장,0
"대구농산 건강한밥상 국산 현미, 2kg, 1개 46%15,900원 8,490원 (100g당 425원) 내일(일) 새벽 도착 보장 5 (4508) 최대 425원 적립",채소/곡물류,쌀/잡곡,GRAIN,현미,대구농,현미,0
[마이크고메] 화이트트러플 오일 1종 (박스포함),조미료,식용유/기름,SAUCE_SEASONING,트러플 오일,마이크고메,기타 기름,0
[건어물상회] 국물용멸치 600g,수산물,멸치/건어물,DRIED_SEAFOOD,멸치,건어물상회,멸치,0
[농협풍산김치]총각김치 3kg,간편식,반찬류,SIMPLE_PROCESSED,총각김치,농협풍산김치,총각김치,0
[Dole] 후룻컵 망고 198g,과일/견과류,과일,RAW_FRUIT,과일컵,Dole,기타 과일,0
"DIAMOND 흰다리 새우살 60~79마리 (냉동), 900g(31/40), 1개 16,950원 (100g당 1,883원) 내일(일) 새벽 도착 보장 5 (5161) 최대 848원 적립",수산물,새우/게,RAW_SEAFOOD,새우,DIAMOND,새우,0
[KF365] 미국산 돼지고기 삼겹살 구이용 2종,육류/계란,돼지고기,RAW_MEAT,돼지고기,KF365,돼지고기 묶음,0
[CU 픽업] 주라18년,술,기타 주류,ALCOHOL,위스키,,위스키,0
[전통주] 하이터치 증류소 터치진 (40도 500mL),술,기타 주류,ALCOHOL,진,전통주,진,0
"지도표성경 재래 전장김, 37g, 5개 32%17,000원 11,500원 (10g당 622원) 내일(일) 도착 보장 새 상품, 반품 (6) 최저10,150원 5 (37278) 최대 575원 적립",상온식품,김/자반,DRIED_SEAFOOD,김,지도표성경,김,0
[해태] 미니 자유시간 미니 초콜릿바 380g,간식류,초콜릿/사탕,SNACK,초콜릿,해태,초콜릿,0
[에쉬레] 프랑스 홀밀크 멸균우유 1L,유제품,우유/두유,DAIRY,우유,에쉬레,우유,0
[청춘농장] 정직한 도라지배즙 30포,미등록 카테고리,기타,UNKNOWN,기타,청춘농장,기타,0
"하림 IFF 무항생제 인증 닭가슴살 다짐육 이유식용 2단계 (냉동), 300g, 2개 10,590원 (100g당 1,765원) 내일(일) 새벽 도착 보장 5 (6297) 최대 530원 적립",육류/계란,닭고기,RAW_MEAT,닭가슴살,하림,닭가슴살,0
"못생겨도 맛있는 양송이버섯, 300g, 1개 4,540원 (100g당 1,513원) 내일(일) 새벽 도착 보장 5 (6095) 최대 227원 적립",채소/곡물류,버섯,RAW_PRODUCE,양송이버섯,,양송이버섯,0
"곰곰 동물복지 무항생제 유정란, 1개, 30구 11,950원 (1구당 398원) 내일(일) 새벽 도착 보장 4.5 (361) 최대 598원 적립",육류/계란,계란,RAW_MEAT,계란,곰곰,계란,0
[녹색한우] 한우 육포 (3개입),육류/계란,가공육(햄/소시지),PROCESSED_MEAT,육포,녹색한우,육포,0
[둥구나무] 죽순볶음,간편식,반찬류,SIMPLE_PROCESSED,죽순볶음,둥구나무,기타 반찬류,0
[선물세트] 속초 세렝게티커피 티그레 6종 세트 375g,간식류,디저트/케이크,BAKERY,티그레,,휘낭시에,0
[풀무원] 생만두 고기 시금치 400g,간편식,냉동식품,FROZEN_MEAL,냉동 만두,풀무원,냉동 만두,0
[KF365] 밥상의 진미 쌀 10kg,채소/곡물류,쌀/잡곡,GRAIN,쌀,KF365,쌀,0
[하리보] 골드베렌 젤리 1kg (대용량),간식류,초콜릿/사탕,SNACK,젤리,하리보,젤리,0
[바름팜] 친환경 세척 당근 500g,채소/곡물류,채소,RAW_PRODUCE,당근,바름팜,당근,0
렌틸콩 2KG,채소/곡물류,쌀/잡곡,GRAIN,렌틸콩,,콩,0
"IQF 냉동 닭가슴살 (냉동), 2kg, 1개 26%19,490원 14,350원 (100g당 718원) 내일(일) 새벽 도착 보장 5 (2303) 최대 718원 적립",육류/계란,닭고기,RAW_MEAT,닭가슴살,IQF,닭가슴살,0
[비첸향] 슬라이스 육포 3종,육류/계란,가공육(햄/소시지),PROCESSED_MEAT,육포,비첸향,육포,0
[팜에이트] 샐러드 3종,간편식,샐러드팩,RTC_MEAL,샐러드,팜에이트,샐러드,0
"사조참치 살코기 안심따개, 135g, 8개 11,820원 (10g당 109원) 내일(일) 도착 보장 5 (194170) 최대 591원 적립",상온식품,참치/스팸캔,CANNED,참치캔,사조참치,참치캔,0
"매일바이오 ZERO 요구르트, 190ml, 24개 47%24,000원 12,590원 (10ml당 28원) 내일(일) 도착 보장 5 (6077) 최대 630원 적립",유제품,요거트,DAIRY,요구르트,매일바이오,요구르트,0
"곰곰 돌돌말이 무연골 대패 삼겹살 (냉동), 500g, 1개 22%8,990원 6,950원 (100g당 1,390원) 내일(일) 새벽 도착 보장 4.5 (152015) 최대 348원 적립",육류/계란,돼지고기,RAW_MEAT,대패 삼겹살,곰곰,삼겹살,0
[도나스데이] 시그니처 크림도넛 4종 세트,간식류,디저트/케이크,BAKERY,도넛,도나스데이,도넛,0
조각 브로콜리 250g,채소/곡물류,채소,RAW_PRODUCE,브로콜리,,브로콜리,0
[Sea to Table] 손질 생새우살 500g (냉동),수산물,새우/게,RAW_SEAFOOD,새우,Sea to Table,새우,0
[튀김공방] 크림새우,간편식,냉동식품,FROZEN_MEAL,냉동 튀김,튀김공방,냉동 튀김,0
[폴 바셋] Nata 포르투갈 에그타르트 (오리지널),간식류,디저트/케이크,BAKERY,에그타르트,폴 바셋,타르트,0
[청정원] 리치부어스트 칼집 비엔나 소시지 300g,육류/계란,가공육(햄/소시지),PROCESSED_MEAT,소시지,청정원,소세지,0
[유기방아] 꿀떡 3종 (택1),간식류,떡,SNACK,꿀떡,유기방아,꿀떡,0
[Dole] 후룻컵 파인애플 198g,과일/견과류,과일,RAW_FRUIT,과일컵,Dole,기타 과일,0
[푸드올로지] 레드비트 진저 샷,미등록 카테고리,기타,UNKNOWN,기타,푸드올로지,기타,0
[라콩비에트] AOP 비가염 버터 (15gX30개입),유제품,버터/생크림,DAIRY,버터,라콩비에트,버터,0
"레쓰비 마일드 커피, 240ml, 30개 할인5%11,380원 10,780원 (100ml당 150원) 2/10(화) 도착 예정 5 (168331) 최대 539원 적립",음료,커피/차,BEVERAGE,캔커피,레쓰비,캔커피,0
[키움정] 키움정 멀티비타민미네랄 구미젤리 (30일분),미등록 카테고리,기타,UNKNOWN,기타,키움정,기타,0
"맥심 아라비카 100 원두 커피믹스, 150g, 1개입, 1개 8,650원 (10g당 577원) 내일(일) 도착 보장 5 (25780) 최대 433원 적립",음료,커피/차,BEVERAGE,커피믹스,맥심,커피믹스,0
"매일유업 소화가 잘되는 우유 단백질, 930ml, 2개 8,000원 (100ml당 430원) 내일(일) 새벽 도착 보장 5 (12097) 최대 400원 적립",유제품,우유/두유,DAIRY,우유,매일유업,우유,0
[비비고] 두부듬뿍 된장찌개 460g,간편식,레트로트,RTC_MEAL,레트로트,비비고,레트로트,0
"이롬 황성주 박사의 국산콩 두유 검은콩 고칼슘, 190ml, 24개 49%26,900원 13,630원 (100ml당 299원) 내일(일) 도착 보장 5 (171167) 최대 681원 적립",유제품,우유/두유,DAIRY,두유,이롬,두유,0
[해통령] 육수한알 진한 맛 (코인육수/25정),조미료,조미료,SAUCE_SEASONING,코인육수,해통령,육수,0
"동원 훈제연어 오리지널 (냉동), 180g, 1개 20%11,900원 9,450원 (100g당 5,250원) 내일(일) 새벽 도착 보장 5 (6239) 최대 425원 적립",수산물,어육가공식품,SIMPLE_PROCESSED,훈제연어,동원,훈제연어,0
[동원] 개성 왕만두 2종 1.2kg (택1),간편식,냉동식품,FROZEN_MEAL,냉동 만두,동원,냉동 만두,0
[목우촌] 주부9단 메종 콜드컷햄 비어슁켄 370g,육류/계란,가공육(햄/소시지),PROCESSED_MEAT,햄,목우촌,햄,0
[CnF] 대파&베이컨 크림치즈 100g,유제품,치즈,DAIRY,크림치즈,CnF,크림치즈,0
[샘표] 순작 유기농 통알곡 보리차 1kg,음료,커피/차,BEVERAGE,보리차,샘표,보리차,0
[비비고] 도톰 동그랑땡,간편식,레트로트,RTC_MEAL,레트로트,비비고,레트로트,0
"곰곰 동물복지 우유, 900ml, 1팩 3,070원 (100ml당 341원) 내일(일) 새벽 도착 보장 5 (7599) 최대 154원 적립",유제품,우유/두유,DAIRY,우유,곰곰,우유,0
[진실된손맛] 한돈 잡채 (냉동),간편식,반찬류,SIMPLE_PROCESSED,잡채,진실된손맛,기타 반찬류,0
[RARE : 레어] 1++(8) 한우 불고기 200g,육류/계란,소고기,RAW_MEAT,불고기용 소고기,RARE : 레어,불고기,0
[레오나르디] 화이트 트러플 발사믹 콘디멘토,조미료,양념/소스,SAUCE_SEASONING,발사믹 식초,레오나르디,발사믹 식초,0
[트와이닝] 티백 3종 (10개) (택1),음료,커피/차,BEVERAGE,티백,트와이닝,티백,0
홈파티 치즈 플래터 더블(2-3인용),유제품,치즈,DAIRY,치즈,,기타 치즈,0
[하림] 용가리 치킨 850g,간편식,냉동식품,FROZEN_MEAL,용가리치킨,하림,냉동 치킨,0
"청정원 유기농 흑설탕, 454g, 1개 4,300원 (100g당 947원) 내일(일) 도착 보장 5 (7945) 최대 215원 적립",조미료,조미료,SAUCE_SEASONING,흑설탕,청정원,흑설탕,0
"조인 무항생제 백색대란, 30구, 1개 8,690원 (1구당 290원) 내일(일) 새벽 도착 보장 5 (94574) 최대 435원 적립",육류/계란,계란,RAW_MEAT,계란,조인,계란,0
[룰루맘] 우리아이 밝은습관 당근사과 20포,미등록 카테고리,기타,UNKNOWN,기타,룰루맘,기타,0
"뚜레반 국산 쌀가루, 1kg, 2개 5%10,000원 9,500원 (100g당 475원) 내일(일) 도착 보장 4.5 (4273) 최대 475원 적립",조미료,가루분말,SAUCE_SEASONING,쌀가루,뚜레반,쌀가루,0
"일리 다크로스트 캡슐커피, 6.7g, 21개입, 1개 16,370원 (10g당 1,163원) 내일(일) 새벽 도착 보장 새 상품, 반품-미개봉 (3) 최저15,550원 5 (684) 최대 819원 적립",음료,커피/차,BEVERAGE,커피캡슐,일리,커피캡슐,0
[김구원선생] 수입 유부 슬라이스,채소/곡물류,콩/두부,SIMPLE_PROCESSED,유부,김구원선생,유부,0
"폰타나 카르니아 베이컨 앤 머쉬룸 크림 파스타 소스, 430g, 1개 43%11,980원 6,800원 (100g당 1,581원) 내일(일) 도착 보장 새 상품, 반품-미개봉 (30) 최저6,460원 5 (43356) 최대 340원 적립",간편식,밀키트,RTC_MEAL,밀키트,폰타나,밀키트,0
"CJ명가 씨제이 재래김 12p, 48g, 1개 37%5,480원 3,450원 (10g당 719원) 내일(일) 도착 보장 5 (4777) 최대 173원 적립",상온식품,김/자반,DRIED_SEAFOOD,김,CJ명가,김,0
"친환경 꼬마 양배추, 500g, 1개, 500g 2,190원 (100g당 438원) 내일(일) 새벽 도착 보장 4.5 (2888) 최대 110원 적립",채소/곡물류,채소,RAW_PRODUCE,양배추,,양배추,0
"[Extra No.1 등급] 비이츠 고소한 구운 아몬드, 1개, 500g 할인50%27,800원 13,900원 (100g당 2,780원) 내일(일) 도착 보장 5 (169) 최대 695원 적립",과일/견과류,견과류,RAW_FRUIT,아몬드,Extra No.1 등급,아몬드,0
[PPUL] 1++(9) 한우 로스 등심 150g (냉장),육류/계란,소고기,RAW_MEAT,소 등심,PPUL,소 등심,0
"프리미엄 유기농 양배추, 1kg, 1개입, 1개 6,990원 (100g당 699원) 내일(일) 새벽 도착 보장 5 (394) 최대 350원 적립",채소/곡물류,채소,RAW_PRODUCE,양배추,,양배추,0
[G7] 퓨어블랙 라이트 2종 (택1),음료,커피/차,BEVERAGE,커피가루,G7,커피,0
[자임] 배도라지 NFC 착즙주스 10포,미등록 카테고리,기타,UNKNOWN,기타,자임,기타,0
[청오건강] 유기농 쌀가루,조미료,가루분말,SAUCE_SEASONING,쌀가루,청오건강,쌀가루,0
무농약 설원버섯 400g,채소/곡물류,버섯,RAW_PRODUCE,설원버섯,,기타 버섯,0
"포스트 오곡 코코볼 시리얼, 570g, 1개 5,060원 (100g당 888원) 내일(일) 새벽 도착 보장 5 (14166) 최대 253원 적립",상온식품,시리얼,GRAIN,코코볼,포스트,시리얼,0
[고추명가] 김치찌개 소스 (150gX3팩),조미료,양념/소스,SAUCE_SEASONING,김치찌개 소스,고추명가,기타 소스,0
[Fairday] 공정무역 바른 건망고 150g,과일/견과류,과일,RAW_FRUIT,망고,Fairday,망고,0
"해의락 한겨울광천 도시락김, 5g, 16개 30%7,900원 5,500원 (10g당 688원) 내일(일) 도착 보장 5 (4541) 최대 275원 적립",상온식품,김/자반,DRIED_SEAFOOD,김,해의락,김,0
"기꼬만 사시미 간장, 150ml, 1개 30%5,000원 3,490원 (100ml당 2,327원) 내일(일) 도착 보장 4.5 (7044) 최대 175원 적립",조미료,양념/소스,SAUCE_SEASONING,간장,기꼬만,간장,0
"맥심 화이트골드 커피믹스, 11.7g, 160개입, 2개 49,700원 (10g당 133원) 내일(일) 도착 보장 5 (302208) 최대 2,485원 적립",음료,커피/차,BEVERAGE,커피믹스,맥심,커피믹스,0
"청오건강 유기농 쌀가루, 350g, 1개 3,750원 (100g당 1,071원) 내일(일) 새벽 도착 보장 5 (637) 최대 188원 적립",조미료,가루분말,SAUCE_SEASONING,쌀가루,청오건강,쌀가루,0
"미역줄기, 300g, 1개 2,530원 (100g당 843원) 내일(일) 새벽 도착 보장 5 (11527) 최대 126원 적립",수산물,미역/다시마,DRIED_SEAFOOD,미역,,미역,0
[HBAF] 군옥수수맛 아몬드 190g,과일/견과류,견과류,RAW_FRUIT,아몬드,HBAF,아몬드,0
[PPUL] 1++(9) 한우 등심 덧살 구이용 150g (냉장),육류/계란,소고기,RAW_MEAT,소 등심,PPUL,소 등심,0
[니아르] 브이케어 파인애플맛 28정,미등록 카테고리,기타,UNKNOWN,기타,니아르,기타,0
[한강식품] 닭 안창살 양념구이 300g (냉동),간편식,밀키트,RTC_MEAL,밀키트,한강식품,밀키트,0
"곰곰 촉촉 반숙란 (냉장), 20구, 1개 35%15,590원 9,980원 (1구당 499원) 내일(일) 새벽 도착 보장 4.5 (155529) 최대 499원 적립",육류/계란,계란,RAW_MEAT,반숙란,곰곰 ,반숙란,0
[해말린] 두절새우 90g,수산물,새우/게,RAW_SEAFOOD,새우,해말린,새우,0
"팜에이트 무농약 인증 스마트팜 손질 양상추, 60g, 1개입, 1개 2,390원 (100g당 3,983원) 내일(일) 새벽 도착 보장 4.5 (260) 최대 120원 적립",채소/곡물류,채소,RAW_PRODUCE,양상추,팜에이트,양상추,0
[폼포니오] 엑스트라 버진 올리브 오일 3종 (택1),조미료,식용유/기름,SAUCE_SEASONING,올리브오일,폼포니오,올리브오일,0
바나듐뿍쌀 4kg,채소/곡물류,쌀/잡곡,GRAIN,쌀,,쌀,0
[와인앤모어픽업]쌩 클레어 파이오니어 블록 소비뇽 블랑 ((와인)),술,와인,ALCOHOL,화이트 와인,,화이트 와인,0
[대흥] 서해안 갯벌에서 자란 동죽조개 1kg (생물),수산물,조개/전복,RAW_SEAFOOD,동죽조개,대흥,기타 조개류,0
[메종드조에] 큐브 쿠키 세트 162g,간식류,과자/스낵,SNACK,쿠키,메종드조에,쿠키,0
[종가] 맛김치 400g,간편식,반찬류,SIMPLE_PROCESSED,배추김치,종가,배추김치,0
[진실된손맛] 미나리 무생채,채소/곡물류,채소,RAW_PRODUCE,무,진실된손맛,무,0
"오레오오즈 시리얼, 500g, 1개 12%7,900원 6,950원 (100g당 1,390원) 내일(일) 도착 보장 5 (87862) 최대 348원 적립",상온식품,시리얼,GRAIN,오레오 오즈,,시리얼,0
[하이트진로] 하이트 제로 무알콜 (350mL X 6캔),술,맥주,ALCOHOL,맥주,하이트진로,맥주,0
[HBAF] 넛츠앤스낵스 땅콩 120g 5종 (택1),과일/견과류,견과류,RAW_FRUIT,땅콩,HBAF,땅콩,0
[천지양] 녹용홍삼 진액스틱 현 30포,미등록 카테고리,기타,UNKNOWN,기타,천지양,기타,0
[선물세트] 그래놀라가 들어간 담백견과 4종세트 3호,상온식품,시리얼,GRAIN,그래놀라,,그래놀라,0
[백설] 갈색설탕 3종,조미료,조미료,SAUCE_SEASONING,흑설탕,백설,흑설탕,0
"대림선 부산어묵 쫄깃한 야채사각 4장, 180g, 2개 2,380원 (100g당 661원) 내일(일) 새벽 도착 보장 5 (6037) 최대 119원 적립",수산물,어육가공식품,SIMPLE_PROCESSED,어묵,대림선,어묵,0
[워커힐호텔] 총각김치 3kg,상온식품,김/자반,DRIED_SEAFOOD,김,워커힐호텔,김,0
"마이산 맥반석 구운란, 30구, 2개 13%27,900원 24,200원 (1구당 403원) 내일(일) 새벽 도착 보장 4.5 (90460) 최대 1,210원 적립",육류/계란,계란,RAW_MEAT,구운란,마이산,구운란,0
"대상 종가 맛김치 PET, 300g, 1개 18%5,500원 4,490원 (100g당 1,497원) 내일(일) 새벽 도착 보장 5 (74215) 최대 225원 적립",간편식,반찬류,SIMPLE_PROCESSED,배추김치,종가,배추김치,0
[순창성가정식품] 묵은지 청국장,조미료,양념/소스,SAUCE_SEASONING,청국장,순창성가정식품,청국장,0
[RARE : 레어] 1++(8) 한우 대파 말이 150g,간편식,밀키트,RTC_MEAL,밀키트,RARE : 레어,밀키트,0
[레디블룸] 저당 프로틴 그래놀라 3종 (택1),상온식품,시리얼,GRAIN,그래놀라,레디블룸,그래놀라,0
"탐사 아쿠아 스파클링 플레인 무라벨, 6개, 500ml 39%5,400원 3,290원 (100ml당 110원) 내일(일) 새벽 도착 보장 5 (1672) 최대 165원 적립",음료,탄산음료,BEVERAGE,탄산수,탐사,탄산수,0
유기농 간편 청양고추 120g (냉동),채소/곡물류,채소,RAW_PRODUCE,청양고추,유기농,청양고추,0
[롯데] 몽쉘 생크림케이크 오리지널 408g,간식류,과자/스낵,SNACK,몽쉘,롯데,파이류,0
[마이어] 홀그레인 200ml,조미료,양념/소스,SAUCE_SEASONING,홀그레인 머스타드,마이어,머스타드,0
[비비고] 묵은지900G,간편식,반찬류,SIMPLE_PROCESSED,묵은지,비비고,배추김치,0
[선물세트] 찜부세 보리굴비 특대 세트 2.2kg (예약일 수령),수산물,멸치/건어물,DRIED_SEAFOOD,굴비,찜부세,굴비,0
"곰곰 한돈 1등급 등갈비, 1kg, 1개 28,490원 (100g당 2,849원) 내일(일) 새벽 도착 보장 5 (964) 최대 1,425원 적립",육류/계란,돼지고기,RAW_MEAT,등갈비,곰곰,등갈비,0
[사몬타나] 소르베티에라 이탈리아 아이스크림 1kg 2종,간식류,디저트/케이크,BAKERY,아이스크림,사몬타나,아이스크림,0
"못생겨도 맛있는 청양고추, 300g, 2개 8,690원 (100g당 1,448원) 내일(일) 새벽 도착 보장 4.5 (43057) 최대 435원 적립",채소/곡물류,채소,RAW_PRODUCE,청양고추,,청양고추,0
[더건강한] 직화구이햄 450g,육류/계란,가공육(햄/소시지),PROCESSED_MEAT,햄,더건강한,햄,0
[떡편] 우유 백설기,간식류,떡,SNACK,백설기,떡편,백설기,0
[HBAF] 바프 시즈닝 아몬드 세트,과일/견과류,견과류,RAW_FRUIT,아몬드,HBAF,아몬드,0
"하림 용가리 치킨 (냉동), 450g, 1개 7,920원 (100g당 1,760원) 내일(일) 새벽 도착 보장 5 (51711) 최대 396원 적립",간편식,냉동식품,FROZEN_MEAL,용가리치킨,하림,냉동 치킨,0
[정관장] 레네세 홍삼캔디 수 무가당 240g,미등록 카테고리,기타,UNKNOWN,기타,정관장,기타,0
[CU 픽업] 멜로우콘위스키잔세트,술,기타 주류,ALCOHOL,위스키,,위스키,0
[팀홀튼] 디카페인 파인 그라인드 (분쇄) 커피 300g,음료,커피/차,BEVERAGE,커피가루,팀홀튼,커피,0
"가가호호 친들쌀, 3kg, 1개, 특등급 10,400원 (100g당 347원) 내일(일) 도착 보장 새 상품, 반품-미개봉 (2) 최저10,400원 4.5 (131) 최대 520원 적립",채소/곡물류,쌀/잡곡,GRAIN,쌀,가가호호,쌀,0
"SUJIS 그릴드 닭가슴살 (냉장), 550g, 1개입, 1개 쿠폰할인3%12,900원 12,510원 (100g당 2,275원) 내일(일) 새벽 도착 보장 5 (19893) 최대 625원 적립",육류/계란,닭고기,RAW_MEAT,닭가슴살,SUJIS,닭가슴살,0
[노티드] 베어 케이크 2종 (택1),간식류,디저트/케이크,BAKERY,케이크,노티드,케이크,0
"삼육두유 달콤한 두유 B 파우치, 190ml, 30개 16,300원 (100ml당 286원) 내일(일) 도착 보장 5 (4568) 최대 815원 적립",유제품,우유/두유,DAIRY,두유,삼육두유,두유,0
"쿠킹스토리 칼레 깔리바우트 커버춰 다크 초콜릿 2815, 100g, 1개 9,750원 (10g당 975원) 내일(일) 도착 보장 5 (585) 최대 488원 적립",간식류,초콜릿/사탕,SNACK,다크 초콜릿,쿠킹스토리,다크 초콜릿,0
[고기반찬] 춘천식 양념닭갈비 600g,간편식,밀키트,RTC_MEAL,밀키트,고기반찬,밀키트,0
[켈로그] 오곡 첵스초코 매직팝핑볼 시리얼 400g,상온식품,시리얼,GRAIN,첵스초코,켈로그,시리얼,0
[백설] 명품 천일염 오천년의 신비 소금 3종 (택1),조미료,조미료,SAUCE_SEASONING,소금,백설,소금,0
[HBAF] 시즈닝아몬드 파티팩 300g,과일/견과류,견과류,RAW_FRUIT,아몬드,HBAF,아몬드,0
[블루보틀] 크래프트 인스턴트 커피 블랜드 놀라 (14g X 5개),음료,커피/차,BEVERAGE,커피믹스,블루보틀,커피믹스,0
"쉐프원 맛술, 2kg, 1개 4,310원 (10g당 22원) 내일(일) 새벽 도착 보장 5 (597) 최대 215원 적립",조미료,양념/소스,SAUCE_SEASONING,맛술,쉐프원,맛술,0
[전통주] 금이산농원 복숭아와인 (12도 375mL),술,와인,ALCOHOL,화이트 와인,전통주,화이트 와인,0
[HBAF] 와사비맛 아몬드 190g,과일/견과류,견과류,RAW_FRUIT,와사비맛 아몬드,HBAF,아몬드,0
"국내산 찰현미, 5kg, 1개 16%23,900원 19,900원 (100g당 398원) 내일(일) 도착 보장 5 (4913) 최대 995원 적립",채소/곡물류,쌀/잡곡,GRAIN,현미,,현미,0
[김구원선생] 국산콩 연두부 6입,채소/곡물류,콩/두부,SIMPLE_PROCESSED,연두부,김구원선생,연두부,0
[선물세트] 몽샹82 코인 올인원 누가 크래커 (7g X 24개),간식류,과자/스낵,SNACK,크래커,몽샹82,크래커,0
[La bocca] 아란시아 초코케이크 556g,간식류,디저트/케이크,BAKERY,케이크,La bocca,케이크,0
[백설] 맛술 생강 800ml,조미료,양념/소스,SAUCE_SEASONING,맛술,백설,맛술,0
[선물세트] 소하동고방 오리진 세트,간식류,과자/스낵,SNACK,강정,소하동고방,강정/한과,0
[풀무원] 지구식단 켄터키 프라이드 두부,간편식,냉동식품,FROZEN_MEAL,냉동 튀김,풀무원,냉동 튀김,0
[농심] 인기 봉지 과자 7종 (택1),간식류,과자/스낵,SNACK,봉지 과자,농심,기타 과자/스낵,0
[어보선] 홍합살 대 300g (냉동),수산물,조개/전복,RAW_SEAFOOD,홍합,어보선,홍합,0
[선물세트] 녹색한우 무항생제 알꼬리&꼬리반골 세트 7kg (냉동),육류/계란,소고기,RAW_MEAT,소꼬리,녹색한우,소고기 묶음,0
[HBAF] 허니버터 아몬드 190g,과일/견과류,견과류,RAW_FRUIT,허니버터 아몬드,HBAF,아몬드,0
두 마리 99치킨 (에어프라이어용),간편식,냉동식품,FROZEN_MEAL,냉동 치킨,99치킨,냉동 치킨,0
[하인즈] 굿 마요네즈 295ml,조미료,양념/소스,SAUCE_SEASONING,마요네즈,하인즈,마요네즈,0
[선물세트] 지리산 꿀 선물세트 2종,조미료,양념/소스,SAUCE_SEASONING,꿀,,꿀,0
"소화가 잘되는 편안한 우유, 190ml, 12개 12,800원 (100ml당 561원) 내일(일) 새벽 도착 보장 5 (4989) 최대 640원 적립",유제품,우유/두유,DAIRY,우유,,우유,0
[선물세트] 성경김 캔김 혼합 세트,상온식품,김/자반,DRIED_SEAFOOD,김,성경김,김,0
[베키아에누보] 남해마늘 4쪽 마늘빵 (97g X 3개),간식류,빵류,BAKERY,마늘빵,베키아에누보,바게트,0
[CU 픽업] 보테가골드,술,기타 주류,ALCOHOL,청주,,사케,0
[바다원] 두절새우 100g,수산물,새우/게,RAW_SEAFOOD,새우,바다원,새우,0
[비비고] 우리아이 한입 썰은김치,간편식,반찬류,SIMPLE_PROCESSED,배추김치,비비고,배추김치,0
[태우한우] 한우 1+ 육전용 200g (냉장/냉동),육류/계란,소고기,RAW_MEAT,육전용 소고기,태우한우,기타 소고기,0
"우리아이 튼튼 자른미역, 50g, 1개 2,390원 (100g당 4,780원) 내일(일) 새벽 도착 보장 5 (852) 최대 120원 적립",수산물,미역/다시마,DRIED_SEAFOOD,미역,,미역,0
[풀무원] 수타식 사누끼우동면 230g x 5개입 (냉동),채소/곡물류,면류,GRAIN,우동면,풀무원,우동면,0
[제로베이커리] 브라우니 샌드 40g,간식류,디저트/케이크,BAKERY,브라우니,제로베이커리,케이크,0
"올품 1등급 닭볶음탕용 절단육 진공팩 (냉장), 1kg, 1개 7,280원 (100g당 728원) 내일(일) 새벽 도착 보장 4.5 (6416) 최대 364원 적립",육류/계란,닭고기,RAW_MEAT,닭고기,올품,기타 닭고기,0
[잭스빈] 후무스 4종 (택1),상온식품,잼/스프레드,SAUCE_SEASONING,후무스,잭스빈,후무스,0
"한수위파주쌀 일편밥심 경기미 참드림, 특등급, 10kg, 1개 24%44,900원 33,900원 (100g당 339원) 내일(일) 도착 보장 5 (4427) 최대 1,695원 적립",채소/곡물류,쌀/잡곡,GRAIN,쌀,일편밥심,쌀,0
[교토마블] 데니쉬 식빵 3종 (택1),간식류,빵류,BAKERY,식빵,교토마블,식빵,0
"베지밀 에이 담백한 두유, 190ml, 32개 21,700원 (100ml당 357원) 내일(일) 도착 보장 5 (59615) 최대 1,085원 적립",유제품,우유/두유,DAIRY,두유,베지밀,두유,0
[둥구나무 : 자연그대로] 취나물,간편식,반찬류,SIMPLE_PROCESSED,취나물 무침,둥구나무,기타 반찬류,0
"국내산 친환경 양파, 1.5kg, 1개 5,430원 (100g당 362원) 내일(일) 새벽 도착 보장 4.5 (4355) 최대 271원 적립",채소/곡물류,채소,RAW_PRODUCE,양파,,양파,0
"상하치즈 후레쉬 모짜렐라 보코치니, 100g, 1개입, 1개 4,390원 (10g당 439원) 내일(일) 새벽 도착 보장 5 (2021) 최대 220원 적립",유제품,치즈,DAIRY,모짜렐라 치즈,,모짜렐라 치즈,0
[다미원] 촉촉한 반건조 오징어 330g,수산물,멸치/건어물,DRIED_SEAFOOD,반건조 오징어,다미원,건오징어,0
[슈프레발트호프] 아삭아삭한 스위트 오이피클,간편식,반찬류,SIMPLE_PROCESSED,오이 피클,슈프레발트호프,피클,0
[만선] 홍합 1kg (생물),수산물,조개/전복,RAW_SEAFOOD,홍합,만선,홍합,0
[빙그레] 메로나맛 우유 (240mL X 4개),유제품,우유/두유,DAIRY,메로나맛 우유,빙그레,가공우유,0
"청양고추 슬라이스, 100g, 1개 3,390원 (100g당 3,390원) 내일(일) 새벽 도착 보장 4.5 (1084) 최대 170원 적립",채소/곡물류,채소,RAW_PRODUCE,청양고추,,청양고추,0
"[바다원] 국물용 다시팩 90g 4종 (택1, 6입)",조미료,조미료,SAUCE_SEASONING,다시팩,바다원,육수,0
"유기농 파머스오리진 엑스트라버진 코코넛오일, 1개, 500ml 할인16%15,000원 12,510원 (100ml당 2,502원) 내일(일) 도착 보장 5 (1269) 최대 625원 적립",조미료,식용유/기름,SAUCE_SEASONING,코코넛 오일,,코코넛 오일,0
[선물세트] 브로이어 벨기에 트러플 초콜릿 6P,간식류,초콜릿/사탕,SNACK,초콜릿,브로이어,초콜릿,0
[KF365] 16brix이상 고당도 상주 샤인머스켓 600g,과일/견과류,과일,RAW_FRUIT,샤인머스켓,KF365,샤인머스켓,0
"스테비아스위트 마일드 커피믹스, 9.6g, 100개입, 1개 15,890원 (10g당 166원) 2/11(수) 도착 예정 4.5 (40366) 최대 795원 적립",음료,커피/차,BEVERAGE,커피믹스,스테비아스위트,커피믹스,0
[담터] 통파로를 담은 16곡 곡물차 (20g X 10개),음료,커피/차,BEVERAGE,곡물 차,담터,곡물차,0
"마리브리자드 사탕수수 시럽, 700ml, 1개 22%18,000원 14,000원 (100ml당 2,000원) 내일(일) 도착 보장 5 (2378) 최대 679원 적립",조미료,양념/소스,SAUCE_SEASONING,사탕수수 시럽,마리브리자드,기타 소스,0
"햇반 현미귀리곤약밥, 150g, 3개 33%8,940원 5,980원 (100g당 1,329원) 내일(일) 새벽 도착 보장 새 상품, 반품-미개봉 (2) 최저5,680원 5 (1007) 최대 299원 적립",간편식,즉석밥,INSTANT,즉석밥 곤약,햇반,즉석밥,0
[KF365] 한돈 삼겹살+목살 반반팩 700g,육류/계란,돼지고기,RAW_MEAT,돼지고기 모둠,KF365,돼지고기 묶음,0
[백설] 참치액 진 더 풍부한 맛 900g,조미료,조미료,SAUCE_SEASONING,참치액,백설,액젓,0
[선물세트] 포트'럭 바다를 품은 멍게&전복 (생물)(예약일 수령),수산물,조개/전복,RAW_SEAFOOD,멍게,포트'럭,멍게,0
[KF365] 16brix이상 고당도 적포도 500g,과일/견과류,과일,RAW_FRUIT,포도,KF365,포도,0
[포트'럭] 제주 순살 은갈치 110g (냉동),수산물,생선,RAW_SEAFOOD,갈치,포트'럭,갈치,0
"한방선생 볶은 작두콩차, 200g, 1개입, 1개 9,650원 (10g당 483원) 내일(일) 도착 보장 5 (2556) 최대 458원 적립",음료,커피/차,BEVERAGE,차,한방선생,기타 음료(차),0
"몽크슈 바닐라시럽 위드 알룰로스, 530g, 1개 8,450원 (100g당 1,594원) 내일(일) 도착 보장 4.5 (4928) 최대 401원 적립",조미료,양념/소스,SAUCE_SEASONING,바닐라 시럽,몽크슈,기타 소스,0
[창화당] 납작 왕군만두 2종,간편식,냉동식품,FROZEN_MEAL,냉동 만두,창화당,냉동 만두,0
[제주도니] 제주 흑돼지 목살 300g (냉장),육류/계란,돼지고기,RAW_MEAT,돼지 목살,제주도니,목살,0
[KF365] 16brix이상 고당도 청포도 500g,과일/견과류,과일,RAW_FRUIT,청포도,KF365,포도,0
"친환경 표고버섯, 150g, 1개 3,180원 (100g당 2,120원) 내일(일) 새벽 도착 보장 5 (18730) 최대 159원 적립",채소/곡물류,버섯,RAW_PRODUCE,표고버섯,,표고버섯,0
"붐스토리 화이트초콜릿100g, 100g, 1개 6,990원 (10g당 699원) 2/11(수) 도착 예정 4.5 (370) 최대 350원 적립",간식류,초콜릿/사탕,SNACK,화티트 초콜릿,붐스토리,초콜릿,0
[동광젓갈] 웰빙창난젓,간편식,반찬류,SIMPLE_PROCESSED,창난젓,동광젓갈,창난젓,0
"오리지널그레인 2025년산 햅쌀 백미, 상등급, 3kg, 1개 7%12,900원 11,980원 (100g당 399원) 내일(일) 새벽 도착 보장 5 (2141) 최대 574원 적립",채소/곡물류,쌀/잡곡,GRAIN,쌀,,쌀,0
"한양식품 꽃보다 오징어, 350g, 1개 26%37,900원 27,810원 (100g당 7,946원) 내일(일) 새벽 도착 보장 5 (59239) 최대 1,390원 적립",수산물,오징어/문어,RAW_SEAFOOD,오징어,한양식품,오징어,0
[KF365] 당도선별 수박 4kg 이상,과일/견과류,과일,RAW_FRUIT,수박,KF365,수박,0
[바름팜] 유기농 양파 1.5kg,채소/곡물류,채소,RAW_PRODUCE,양파,바름팜,양파,0
[이목] 국내산 소고기 부채살 스테이크 200g (냉장),육류/계란,소고기,RAW_MEAT,부채살,이목,부채살,0
"삼립 파이리의 화르륵 핫소스팡, 90g, 1개입, 2개 2,910원 (10g당 162원) 내일(일) 새벽 도착 보장 5 (9151) 최대 145원 적립",간식류,빵류,BAKERY,포켓몬 빵,삼립 ,기타 빵류,0
[고메] 빅크리스피 핫도그 520g(130gX4개입),간편식,냉동식품,FROZEN_MEAL,냉동 핫도그,고메,냉동 핫도그,0
[서울카스테라] 카스테라 러스크 70g,간식류,빵류,BAKERY,러스크,서울카스테라,기타 빵류,0
"곰곰 고소한 쌈장, 1kg, 1개 62%8,050원 2,990원 (100g당 299원) 내일(일) 도착 보장 4.5 (5298) 최대 150원 적립",조미료,양념/소스,SAUCE_SEASONING,쌈장,곰곰,쌈장,0
[닥터린] 슈퍼 글루타치온 30매,미등록 카테고리,기타,UNKNOWN,기타,닥터린,기타,0
[니블스] 초콜릿 9P,간식류,초콜릿/사탕,SNACK,초콜릿,니블스,초콜릿,0
[녹차원] 사양 벌꿀 테이블허니 1.5kg,조미료,양념/소스,SAUCE_SEASONING,꿀,녹차원,꿀,0
"비비드키친 저칼로리 스리라차소스, 275g, 1개 4,730원 (100g당 1,720원) 내일(일) 새벽 도착 보장 5 (2882) 최대 236원 적립",조미료,양념/소스,SAUCE_SEASONING,스리라차 소스,비비드키친,스리라차,0
[워커힐고메] 시그니처 만두 400g,간편식,냉동식품,FROZEN_MEAL,냉동 만두,워커힐고메,냉동 만두,0
"한음미가 2025년산 햅쌀 우리쌀 백미, 상등급, 2kg, 1개 8,780원 (100g당 439원) 내일(일) 도착 보장 4.5 (30827) 최대 439원 적립",채소/곡물류,쌀/잡곡,GRAIN,쌀,한음미가,쌀,0
"백설 멸치디포리 육수에는 1분링 50개입, 200g, 1개 57%18,980원 8,160원 (100g당 4,080원) 내일(일) 도착 보장 5 (17727) 최대 408원 적립",조미료,조미료,SAUCE_SEASONING,코인육수,백설,육수,0
[한일관 X 백년가게] 순살갈비,육류/계란,소고기,RAW_MEAT,소갈비,한일관 X 백년가게,갈비,0
"이디야커피연구소 핸드드립 커피 페르소나 블렌드, 8g, 7개입, 1개 28%7,700원 5,500원 (1개당 786원) 내일(일) 새벽 도착 보장 4.5 (206) 최대 275원 적립",음료,커피/차,BEVERAGE,커피 드립백,이디야커피연구소,드립백,0
"배대감 국산 들깨가루, 80g, 1개 40%9,990원 5,990원 (100g당 7,488원) 내일(일) 도착 보장 4.5 (13081) 최대 300원 적립",조미료,가루분말,SAUCE_SEASONING,들깨가루,배대감,들깨가루,0
[사옹원] 호떡 6종 (택1),간식류,디저트/케이크,BAKERY,호떡,사옹원,기타 디저트/케이크,0
[CU 픽업] 오모로 15년,술,기타 주류,ALCOHOL,위스키,,위스키,0
[슈퍼키친] 치즈오븐파스타,간편식,레트로트,RTC_MEAL,레트로트,슈퍼키친,레트로트,0
[더파인치즈컴퍼니] 블루 스틸턴 세라믹 팟,유제품,치즈,DAIRY,스틸턴 치즈,더파인치즈컴퍼니,기타 치즈,0
[해태] 자유시간 미니 초콜릿바 2종 (택1),간식류,초콜릿/사탕,SNACK,자유시간,해태,기타 초콜릿/사탕,0
"맛있는우유GT 멸균우유, 200ml, 24개 33%20,900원 13,980원 (100ml당 291원) 내일(일) 도착 보장 새 상품, 반품-미개봉 (20) 최저12,470원 5 (87270) 최대 699원 적립",유제품,우유/두유,DAIRY,우유,맛있는우유GT,우유,0
[메글레] 에멘탈 치즈 300g,유제품,치즈,DAIRY,에멘탈 치즈,메글레,에멘탈 치즈,0
"오뚜기 꼬리까지 가득찬 피자붕어빵 (냉동), 520g, 1개, 1개입 6,980원 (10g당 134원) 내일(일) 새벽 도착 보장 5 (456) 최대 349원 적립",간식류,디저트/케이크,BAKERY,붕어빵,오뚜기,기타 디저트/케이크,0
[KF365] 당도선별 수박 5kg 이상,과일/견과류,과일,RAW_FRUIT,수박,KF365,수박,0
[청정원] 건강생각 슬라이스햄 100g,육류/계란,가공육(햄/소시지),PROCESSED_MEAT,햄,청정원,햄,0
[포트'럭] 동해안 단새우회 120g (냉동),수산물,새우/게,RAW_SEAFOOD,새우,포트'럭,새우,0
"청정원 고소한 마요네즈, 300g, 1개 7%3,790원 3,500원 (100g당 1,167원) 내일(일) 새벽 도착 보장 5 (4675) 최대 175원 적립",조미료,양념/소스,SAUCE_SEASONING,마요네즈,청정원,마요네즈,0
"생생포크 한돈 안심 장조림용 (냉장), 800g, 1개 13%17,400원 15,090원 (100g당 1,886원) 내일(일) 새벽 도착 보장 5 (4871) 최대 755원 적립",육류/계란,돼지고기,RAW_MEAT,돼지 안심,생생포크,돼지 안심,0
"곰곰 깐계란, 1개 5,610원 내일(일) 새벽 도착 보장 5 (477) 최대 280원 적립",육류/계란,계란,RAW_MEAT,계란,곰곰,계란,0
[김구원선생] 우삼겹 순두부찌개,간편식,밀키트,RTC_MEAL,밀키트,김구원선생,밀키트,0
[KF365] 팽이버섯 2입,채소/곡물류,버섯,RAW_PRODUCE,팽이버섯,KF365,팽이버섯,0
[고래사] 프리미엄 어묵탕 360g 2종 (택1),간편식,레트로트,RTC_MEAL,레트로트,고래사,레트로트,0
"농심 매운새우깡, 400g, 2개 9,100원 (10g당 114원) 내일(일) 도착 보장 5 (37193) 최대 455원 적립",간식류,과자/스낵,SNACK,새우깡,농심,스낵,0
[사미헌] 갈비탕,간편식,레트로트,RTC_MEAL,레트로트,사미헌,레트로트,0
[선물세트][김소영 아티장의 안단테] 화이트와인과 어울리는 치즈세트,유제품,치즈,DAIRY,치즈,김소영 아티장의 안단테,기타 치즈,0
[도리깨침] 복이 한가득 떡국 세트 (2인분),간편식,밀키트,RTC_MEAL,밀키트,도리깨침,밀키트,0
"국내산 자색 양파, 1kg, 1개 4,890원 (100g당 489원) 내일(일) 새벽 도착 보장 4.5 (17619) 최대 245원 적립",채소/곡물류,채소,RAW_PRODUCE,적양파,,양파,0
[오마뎅] 순살 어묵,수산물,어육가공식품,SIMPLE_PROCESSED,어묵,오마뎅,어묵,0
[상하치즈] 뼈로가는 칼슘 치즈 270g,유제품,치즈,DAIRY,치즈,상하치즈,기타 치즈,0
"국산 최상급 해아란 햇 고춧가루 1kg . 보통맛/최근제조/양념용, 1개 할인68%78,000원 24,900원 (100g당 2,490원) 내일(일) 도착 보장 4.5 (7616) 최대 1,245원 적립",조미료,가루분말,SAUCE_SEASONING,고춧가루,해아란,고춧가루,0
[매일] 우유속에 딸기 락토프리 (300mL X 8개),유제품,우유/두유,DAIRY,딸기우유,매일,가공우유,0
[에코맘의산골이유식] 산골 떡뻥 3종 (택1),간식류,과자/스낵,SNACK,떡과자,에코맘의산골이유식,기타 과자/스낵,0
[셀렉스] 프로틴 음료 파우치 2종 (택1),미등록 카테고리,기타,UNKNOWN,기타,셀렉스,기타,0
[둥구나무] 고사리 나물,간편식,반찬류,SIMPLE_PROCESSED,고사리 무침,둥구나무,기타 반찬류,0
[삼립] 미니 꼬마 피자호빵,간식류,빵류,BAKERY,피자 호빵,삼립,호빵,0
[풀무원] 동치미냉면 2인 + 함흥냉면 2인 (총 4인분),간편식,밀키트,RTC_MEAL,밀키트,풀무원,밀키트,0
[해태] 허니버터칩 미니 박스 33g x 12개입,간식류,과자/스낵,SNACK,허니버터칩,해태,감자칩,0
[KF365] 실속 바나나 2종,과일/견과류,과일,RAW_FRUIT,바나나,KF365,과일 묶음,0
[Kim's Butcher] 호주산 홍두깨 육전용200g (냉동),육류/계란,소고기,RAW_MEAT,홍두깨살,Kim's butcher,홍두깨살,0
"농심 새우탕컵 67g, 12개 쿠폰할인4%11,370원 10,820원 (1개당 902원) 내일(일) 도착 보장 5 (65064) 최대 541원 적립",간편식,라면,INSTANT,새우탕,농심,사발면(컵라면),0
[농협풍산김치] 맛김치 800g,간편식,반찬류,SIMPLE_PROCESSED,배추김치,농협,배추김치,0
[사세] 버팔로 윙 골드 1kg,간편식,냉동식품,FROZEN_MEAL,버팔로윙,사세,냉동 치킨,0
"왕의밥상 새싹 발아현미, 2kg, 1개 34%15,000원 9,900원 (100g당 495원) 내일(일) 도착 보장 4.5 (2106) 최대 495원 적립",채소/곡물류,쌀/잡곡,GRAIN,현미,왕의밥상,현미,0
"이츠웰 쇠고기 진한다시, 1kg, 1개 6,960원 (10g당 70원) 내일(일) 도착 보장 4.5 (7558) 최대 348원 적립",조미료,조미료,SAUCE_SEASONING,쇠고기 다시다,이츠웰,다시다,0
"샘표 회간장, 200ml, 1개 16%5,380원 4,500원 (100ml당 2,250원) 내일(일) 도착 보장 5 (3882) 최대 225원 적립",조미료,양념/소스,SAUCE_SEASONING,회간장,샘표,간장,0
"유기농 100% 진도산 국산 강황 가루, 1개, 150g 쿠폰할인20%19,900원 15,800원 (10g당 1,053원) 내일(일) 도착 보장 4.5 (442) 최대 790원 적립",조미료,가루분말,SAUCE_SEASONING,강황 가루,유기농,강황 가루,0
[풀무원] 식물성 지구식단 동글떡볶이 2인분,간편식,밀키트,RTC_MEAL,밀키트,풀무원,밀키트,0
"국내산 이탈리안 파슬리, 30g, 1개 1,990원 (100g당 6,633원) 내일(일) 새벽 도착 보장 5 (8401) 최대 100원 적립",조미료,향신료/허브,SAUCE_SEASONING,파슬리,,파슬리,0
[예맛] 신안 곱창돌김 90g (30매),상온식품,김/자반,DRIED_SEAFOOD,김,예맛,김,0
[부침명장] 녹두 빈대떡 400g,간식류,떡,SNACK,떡,부침명장,떡,0
"면사랑 밀떡볶이떡, 1kg, 1개 3,910원 (100g당 391원) 내일(일) 새벽 도착 보장 5 (8140) 최대 195원 적립",간식류,떡,SNACK,밀떡,면사랑,떡,0
[소미노] 소이요 귀족 서리태 두유 (190mL X 16개),유제품,우유/두유,DAIRY,두유,소미노,두유,0
[스윗밸런스] 저당 밸런스 샐러드 5종,간편식,샐러드팩,RTC_MEAL,샐러드,스윗밸런스,샐러드,0
[바름팜] 친환경 당근채 200g,채소/곡물류,채소,RAW_PRODUCE,당근,바름팜,당근,0
"국내산 못생겨도 맛있는 당근, 700g, 1개 1,690원 (100g당 241원) 내일(일) 새벽 도착 보장 4.5 (46407) 최대 85원 적립",채소/곡물류,채소,RAW_PRODUCE,당근,,당근,0
"한돈 앞다리살 찌개용 (냉장), 500g, 1개 16%9,990원 8,310원 (100g당 1,662원) 내일(일) 새벽 도착 보장 4.5 (4681) 최대 415원 적립",육류/계란,돼지고기,RAW_MEAT,돼지 앞다리살,,앞다리살,0
"맛선생 멸치디포리 국물내기 한알, 100g, 1개 55%9,900원 4,410원 (100g당 4,410원) 내일(일) 새벽 도착 보장 5 (824) 최대 220원 적립",조미료,조미료,SAUCE_SEASONING,코인육수,맛선생,육수,0
[아티장 비스킷] 치즈를 위한 토스트 (데이츠&헤이즐넛) 100g,간식류,빵류,BAKERY,토스트,아티장 비스킷,토스트,0
[법성포참맛] 프리미엄 영광굴비 130g (냉동),수산물,멸치/건어물,DRIED_SEAFOOD,굴비,법성포참맛,굴비,0
[조선호텔김치] 오이소박이 1kg,간편식,반찬류,SIMPLE_PROCESSED,오이소박이,조선호텔김치,오이소박이,0
"LUKT 아이슬란딕 요거트 띠크, 450g, 1개 13,900원 (10g당 309원) 내일(일) 새벽 도착 보장 5 (8826) 최대 695원 적립",유제품,요거트,DAIRY,요거트,LUKT,요거트,0
[삼호] 쫄깃해서 불지않는 꼬치어묵 324g,수산물,어육가공식품,SIMPLE_PROCESSED,어묵,삼호,어묵,0
[나폴레옹] 커스터드 스폰지케이크 420g,간식류,디저트/케이크,BAKERY,케이크,나폴레옹,케이크,0
[굽네] 저당 소스듬뿍 통살 닭가슴살 2종,육류/계란,닭고기,RAW_MEAT,닭가슴살,굽네,닭가슴살,0
[청정원] 옛날 소시지 1kg,육류/계란,가공육(햄/소시지),PROCESSED_MEAT,소시지,청정원,소세지,0
딜 10g,조미료,향신료/허브,SAUCE_SEASONING,딜,,딜,0
"페이장브르통 브리치즈, 125g, 1개입, 3개 15,300원 (10g당 408원) 내일(일) 새벽 도착 보장 5 (6283) 최대 765원 적립",유제품,치즈,DAIRY,브리 치즈,페이장브르통,브리 치즈,0
[건어물상회] 멸치디포리 다시팩 150g (10입),조미료,조미료,SAUCE_SEASONING,다시팩,건어물상회,육수,0
[크렘드마롱] 부드러운 밤잼 자이언트 튜브 220g,상온식품,잼/스프레드,SAUCE_SEASONING,밤잼,크렘드마롱,기타 잼/스프레드,0
"팜에이트 무농약 인증 스마트팜 손질 양상추, 250g, 1개입, 1개 5,450원 (100g당 2,180원) 내일(일) 새벽 도착 보장 4.5 (260) 최대 273원 적립",채소/곡물류,채소,RAW_PRODUCE,양상추,팜에이트,양상추,0
"오뚜기옛날 미역, 250g, 2개 2%14,160원 13,740원 (100g당 2,748원) 내일(일) 도착 보장 5 (33861) 최대 687원 적립",수산물,미역/다시마,DRIED_SEAFOOD,미역,오뚜기,미역,0
[CU 픽업] 산미구엘병320ml24입,술,맥주,ALCOHOL,맥주,,맥주,0
[하리보] 베스트 젤리 10종 골라담기,간식류,초콜릿/사탕,SNACK,젤리,하리보,젤리,0
"올리아베 엑스트라버진 산도0.2 프랑스 아르베키나 냉압착 올리브오일, 1개, 250ml 15%12,520원 10,600원 (100ml당 4,240원) 내일(일) 도착 보장 새 상품, 반품-미개봉 (3) 최저9,860원 4.5 (1433) 최대 493원 적립",조미료,식용유/기름,SAUCE_SEASONING,올리브오일,올리아베,올리브오일,0
[KF365] 아보카도 (1개),과일/견과류,과일,RAW_FRUIT,아보카도,KF365,아보카도,0
[올림푸스] 그리스 과일 요거트 150g 2종 (택1),유제품,요거트,DAIRY,요거트,올림푸스,요거트,0
[CU 픽업] 글랜카담 아메리칸 오크 리저브 700ml,술,기타 주류,ALCOHOL,위스키,,위스키,0
[새턴버드] 콜드브루 인스턴트 커피 넘버 시리즈 3g x 24개입 6종(택1),미등록 카테고리,기타,UNKNOWN,기타,새턴버드,기타,0
"롯데웰푸드 에이비씨 초콜릿, 187g, 1개 쿠폰할인4%5,230원 4,980원 (10g당 266원) 내일(일) 새벽 도착 보장 5 (1024) 최대 249원 적립",간식류,초콜릿/사탕,SNACK,초콜릿,롯데웰푸드,초콜릿,0
[KF365] 컷팅파인애플 1kg,과일/견과류,과일,RAW_FRUIT,파인애플,KF365,파인애플,0
[하림] The미식 손만두 3종 (2개입) (택1),간편식,냉동식품,FROZEN_MEAL,냉동 만두,하림,냉동 만두,0
"큐원 갈색설탕, 3kg, 1개 6,720원 (100g당 224원) 내일(일) 도착 보장 5 (67965) 최대 336원 적립",조미료,조미료,SAUCE_SEASONING,흑설탕,큐원,흑설탕,0
"미쓰리 떡볶이소스 03단계 매콤한맛, 50g, 5개 쿠폰할인3%9,450원 9,160원 (100g당 3,664원) 내일(일) 도착 보장 4.5 (3361) 최대 458원 적립",조미료,양념/소스,SAUCE_SEASONING,떡볶이 양념,미쓰리,기타 소스,0
[더본] 만능 양념장 소스,조미료,양념/소스,SAUCE_SEASONING,양념,더본,기타 소스,0
"팜스토리 국내산 소고기 잡채용 (냉장), 300g, 1개 54%21,990원 9,950원 (100g당 3,317원) 내일(일) 새벽 도착 보장 4.5 (1975) 최대 498원 적립",육류/계란,소고기,RAW_MEAT,잡채용 소고기,팜스토리,기타 소고기,0
[KF365] 컷팅파인애플 원통 500g,과일/견과류,과일,RAW_FRUIT,파인애플,KF365,파인애플,0
[KF365] 컷팅파인애플 청크 500g,과일/견과류,과일,RAW_FRUIT,파인애플,KF365,파인애플,0
"[Kurly's] 간편하게 바삭, 새우까스",간편식,냉동식품,FROZEN_MEAL,냉동 튀김,Kurly's,냉동 튀김,0
[소금집] 잠봉뵈르 샌드위치,간식류,빵류,BAKERY,샌드위치,소금집,샌드위치,0
"무순, 60g, 1개 1,170원 (100g당 1,950원) 내일(일) 새벽 도착 보장 5 (34893) 최대 59원 적립",채소/곡물류,채소,RAW_PRODUCE,무순,,기타 채소,0
[서울마님] 쫀득한 떡구이 떡볶이 4종 (택1),간편식,밀키트,RTC_MEAL,밀키트,서울마님,밀키트,0
"카누 바리스타 머신 전용 캡슐커피 딥포레스트, 9.5g, 10개입, 6개 16%47,400원 39,410원 (10g당 691원) 내일(일) 도착 보장 5 (4642) 최대 1,970원 적립",음료,커피/차,BEVERAGE,커피캡슐,카누,커피캡슐,0
[파오리] 락토프리 버터 (12.5g X 10입),유제품,버터/생크림,DAIRY,버터,파오리,버터,0
"서울우유 목장의 신선함이 살아있는 우유 저지방, 1L, 2개 6,940원 (100ml당 347원) 내일(일) 새벽 도착 보장 5 (14833) 최대 347원 적립",유제품,우유/두유,DAIRY,저지방 우유,서울우유,저지방 우유,0
[페이장 브레통] 포켓버터 3종 (10g x 20개입),유제품,버터/생크림,DAIRY,버터,페이장 브레통,버터,0
"자유시간 쿠키앤크림 미니, 408g, 1개 8,130원 (10g당 199원) 내일(일) 도착 보장 5 (2056) 최대 406원 적립",간식류,초콜릿/사탕,SNACK,자유시간,자유시간,기타 초콜릿/사탕,0
[대한제일미] 시월미소미 쌀10kg,채소/곡물류,쌀/잡곡,GRAIN,쌀,대한제일미,쌀,0
"스팸 동그란 햄 2개입, 320g, 1개 7%5,380원 4,970원 (10g당 155원) 내일(일) 새벽 도착 보장 5 (11046) 최대 249원 적립",육류/계란,가공육(햄/소시지),PROCESSED_MEAT,스팸 동그란 햄,스팸,햄,0
"매일우유 저지방 1% 우유, 900ml, 2개 5,450원 (100ml당 303원) 내일(일) 새벽 도착 보장 5 (68678) 최대 273원 적립",유제품,우유/두유,DAIRY,저지방 우유,매일,저지방 우유,0
[서울우유 x 마켓컬리] 치즈다운 치즈 (18g X 13입),유제품,치즈,DAIRY,치즈,서울우유 x 마켓컬리,기타 치즈,0
"에치와이 헬리코박터 프로젝트 윌 마시는 요구르트, 1개, 1개입, 500ml 4,240원 (10ml당 85원) 내일(일) 새벽 도착 보장 5 (238) 최대 212원 적립",유제품,요거트,DAIRY,요구르트,에치와이,요구르트,0
릭 300g,채소/곡물류,채소,RAW_PRODUCE,릭,,기타 채소,0
[파고 발디오스] 산 카를로 풀문 엑스트라 버진 올리브 오일 200mL,조미료,식용유/기름,SAUCE_SEASONING,올리브오일,파고 발디오스,올리브오일,0
"목우촌 국내산 소고기 불고기용 (냉장), 300g, 1개 33%19,990원 13,250원 (100g당 4,417원) 내일(일) 새벽 도착 보장 4.5 (8804) 최대 663원 적립",육류/계란,소고기,RAW_MEAT,불고기용 소고기,목우촌,불고기,0
[고래사] 인기 어묵 & 간편식 선물세트 (냉동),수산물,어육가공식품,SIMPLE_PROCESSED,어묵,고래사,어묵,0
"2025년산 햅쌀 곰곰 풍요로운 우리쌀, 10kg(상등급), 1개 17%40,000원 32,890원 (100g당 329원) 내일(일) 도착 보장 4.5 (18569) 최대 1,645원 적립",채소/곡물류,쌀/잡곡,GRAIN,쌀,곰곰,쌀,0
[콜린스 다이닝] 문어 보리 샐러드,간편식,샐러드팩,RTC_MEAL,샐러드,콜린스 다이닝,샐러드,0
[MD's pick] 고당도 삼색 과일세트3.7kg(12입),과일/견과류,과일,RAW_FRUIT,모둠 과일,MD's Pick,과일 묶음,0
[Kurly's] 1++ 한우 양지 절단국거리 250g (냉장),육류/계란,소고기,RAW_MEAT,양지,Kurly's,양지,0
[선물세트] 조선호텔 갈비탕 세트 (5개입),간편식,레트로트,RTC_MEAL,레트로트,조선호텔,레트로트,0
"아름드레 국산 구기자차, 30g, 1개 2%5,100원 4,990원 (10g당 1,663원) 내일(일) 도착 보장 4.5 (255) 최대 250원 적립",음료,커피/차,BEVERAGE,구기자 차,아름드레,기타 음료(차),0
[마음이가] 콩쑥개떡 600g,간식류,떡,SNACK,쑥개떡,마음이가,떡,0
[프레지덩] 프랑스 버터 200g 2종 (택1),유제품,버터/생크림,DAIRY,버터,프레지덩,버터,0
[도드람한돈] 1등급 등심 스마트팩 카레용 600g(200g*3),육류/계란,돼지고기,RAW_MEAT,카레용 돼지고기,도드람한돈,기타 돼지고기,0
[애슐리] 베이컨 투움바 빠네 파스타,간편식,밀키트,RTC_MEAL,밀키트,애슐리,밀키트,0
[KF365] 청양고추 200g,채소/곡물류,채소,RAW_PRODUCE,청양고추,KF365,청양고추,0
[아르티지아니] 미니 트러플 오일 2종,조미료,식용유/기름,SAUCE_SEASONING,트러플 오일,아르티지아니,기타 기름,0
"피그인더가든 그린믹스 샐러드 키트 5개입, 1개, 400g 8,990원 (100g당 2,248원) 내일(일) 새벽 도착 보장 4.5 (31803) 최대 450원 적립",간편식,샐러드팩,RTC_MEAL,샐러드 키트,피그인더가든,샐러드,0
[선물세트] 일상味소 LA갈비 1.8kg (냉동),육류/계란,소고기,RAW_MEAT,LA 갈비,일상味소,소고기 묶음,0
[백설] 박력 밀가루 1kg,조미료,가루분말,SAUCE_SEASONING,밀가루,백설,밀가루,0
"비비고 차돌된장찌개, 460g, 2개 34%13,960원 9,130원 (100g당 992원) 내일(일) 도착 보장 4.5 (5027) 최대 456원 적립",간편식,레트로트,RTC_MEAL,레트로트,비비고,레트로트,0
"foodi 양꼬치시즈닝, 130g, 1개 5,300원 (10g당 408원) 내일(일) 도착 보장 5 (4571) 최대 265원 적립",조미료,조미료,SAUCE_SEASONING,양꼬치 시즈닝,foodi,기타 조미료,0
"반찬단지 무말랭이 무침, 1kg, 1개 쿠폰할인8%5,960원 5,460원 (10g당 55원) 내일(일) 새벽 도착 보장 4.5 (46568) 최대 273원 적립",간편식,반찬류,SIMPLE_PROCESSED,무말랭이 무침,반찬단지,기타 반찬류,0
"자연미가 유기농 비정제 갈색설탕, 1kg, 1개 5,280원 (100g당 528원) 내일(일) 새벽 도착 보장 새 상품, 반품 (2) 5 (1026) 최대 264원 적립",조미료,조미료,SAUCE_SEASONING,흑설탕,자연미가,흑설탕,0
[초록원] 저당 유자차 530g,음료,커피/차,BEVERAGE,유자차,초록원,유자차,0
[콤비타] UMF10+ 퓨어 100% 마누카꿀 로젠지 6개입,조미료,양념/소스,SAUCE_SEASONING,꿀,콤비타,꿀,0
[상하목장] 마이리틀 유기농 짜먹는 요거트 3종 (85g X 3개) (택1),유제품,요거트,DAIRY,요거트,상하목장,요거트,0
[포크밸리] 한돈 대패 삼겹/목살 (냉동) (택1),육류/계란,돼지고기,RAW_MEAT,대패 삼겹살,포크밸리,삼겹살,0
"비비고 고단백 순살 고등어구이, 60g, 3개 25%17,940원 13,400원 (100g당 7,444원) 내일(일) 새벽 도착 보장 5 (38506) 최대 670원 적립",간편식,레트로트,RTC_MEAL,레트로트,비비고,레트로트,0
[선물세트] [자연다움] 간편든든 고구마 말랭이/스틱 세트,간식류,과자/스낵,SNACK,고구마 스틱,다연다움,고구마칩,0
[만전김] 할아버지가 만든 유기김 (28입),상온식품,김/자반,DRIED_SEAFOOD,김,만전김,김,0
"유가네 순살 간장찜닭 (냉동), 1개, 400g 45%10,900원 5,890원 (100g당 1,473원) 내일(일) 새벽 도착 보장 4.5 (145) 최대 295원 적립",간편식,레트로트,RTC_MEAL,레트로트,유가네,레트로트,0
[덕화명란] MSC인증 백명란 100g (냉동),수산물,어란,RAW_SEAFOOD,명란,덕화명란,명란,0
"상하목장 유기농 인증 우유, 900ml, 2개 8,200원 (100ml당 456원) 내일(일) 새벽 도착 보장 5 (37584) 최대 410원 적립",유제품,우유/두유,DAIRY,우유,상하목장,우유,0
"취청오이, 2개입, 1개 3,910원 (1개당 1,955원) 내일(일) 새벽 도착 보장 4.5 (19889) 최대 195원 적립",채소/곡물류,채소,RAW_PRODUCE,오이,,오이,0
[25-26 햇올리브][피쿠알리아] 퍼스트 데이 하베스트 리미티드 에디션 피쿠알 엑스트라버진 500mL,조미료,식용유/기름,SAUCE_SEASONING,올리브오일,피쿠알리아,올리브오일,0
[김구원선생] 냉동 국산 유부 슬라이스 250g,채소/곡물류,콩/두부,SIMPLE_PROCESSED,유부,김구원선생,유부,0
[흑백요리사] 술 빚는 윤주모셰프 애호박찌개,간편식,레트로트,RTC_MEAL,레트로트,흑백요리사,레트로트,0
"매일바이오 드링킹 블루베리, 250ml, 4개입, 1개 5,250원 (10ml당 53원) 내일(일) 새벽 도착 보장 5 (5498) 최대 263원 적립",유제품,요거트,DAIRY,블루베리 요거트,매일바이오,요거트,0
[푸드렐라] 치킨텐더 2종,간편식,냉동식품,FROZEN_MEAL,치킨텐더,푸드렐라,냉동 치킨,0
[조인] 동물복지 백색 유정 반숙란 20구,육류/계란,계란,RAW_MEAT,반숙란,조인,반숙란,0
[리하베스트] 저당 통밀식빵 350g,간식류,빵류,BAKERY,식빵,리하베스트,식빵,0
[켈로그] 다크 초코 프로틴 딜라이트 그래놀라 350g,상온식품,시리얼,GRAIN,그래놀라,켈로그,그래놀라,0
[골든허니콤] 벌집꿀 200g,간식류,디저트/케이크,BAKERY,벌집꿀,골든허니콤,기타 디저트/케이크,0
[My little recipe] 해물 짬뽕 떡볶이 (2인분),간편식,밀키트,RTC_MEAL,밀키트,My little recipe,밀키트,0
[김재식헬스푸드] 포도씨 담은 포도즙 10포,음료,주스,BEVERAGE,포도즙,김재식헬스푸드,포도 주스,0
"백설 멸치디포리 육수에는 1분링 50개입, 200g, 1개 57%18,980원 8,160원 (100g당 4,080원) 내일(일) 새벽 도착 보장 5 (1913) 최대 408원 적립",조미료,조미료,SAUCE_SEASONING,코인육수,백설,육수,0
[온하루] 보리새우 파래자반,간편식,반찬류,SIMPLE_PROCESSED,새우 파래 자반,온하루,기타 반찬류,0
[고메공방] 촉촉하고 바삭한 마늘바게트 240g,간식류,빵류,BAKERY,마늘 바게트,고메공방,바게트,0
"오뚜기 사과식초, 900ml, 1개 2,940원 (10ml당 33원) 내일(일) 새벽 도착 보장 5 (8676) 최대 147원 적립",조미료,양념/소스,SAUCE_SEASONING,식초,오뚜기,식초,0
[수산곳간] 동해안 건오징어 120g (2미),수산물,멸치/건어물,DRIED_SEAFOOD,건오징어,수산곳간,건오징어,0
[선진포크한돈] 목살 구이용 400g,육류/계란,돼지고기,RAW_MEAT,돼지 목살,선진포크한돈,목살,0
[종가] 총각김치 850g,간편식,반찬류,SIMPLE_PROCESSED,총각김치,종가,총각김치,0
"곰곰 냉동 굴, 1개, 350g 37%8,990원 5,630원 (100g당 1,609원) 내일(일) 새벽 도착 보장 4.5 (549) 최대 281원 적립",수산물,조개/전복,RAW_SEAFOOD,굴,곰곰,굴,0
"포크밸리 돈뼈 감자탕용 (냉장), 1.5kg, 1팩 10,800원 (100g당 720원) 내일(일) 새벽 도착 보장 4.5 (11326) 최대 540원 적립",육류/계란,돼지고기,RAW_MEAT,돈뼈,포크밸리,기타 돼지고기,0
"요플레 블루베리 멀티 4p, 340g, 2개 7,580원 (10g당 111원) 내일(일) 새벽 도착 보장 5 (9387) 최대 379원 적립",유제품,요거트,DAIRY,블루베리 요거트,,요거트,0
[벨기에 롬바우츠] 사용이 간편한 원컵 드립 커피 7g X 10개입 5종(택1),음료,커피/차,BEVERAGE,커피 드립백,벨기에 롬바우츠,드립백,0
[선물세트] 나폴레옹 미니쿠키 6종 세트 566g,간식류,과자/스낵,SNACK,쿠키,나폴레옹,쿠키,0
[슈리어바흐] 오스트리아 유기농 미니 크림 치즈 (24g X 5개입),유제품,치즈,DAIRY,크림치즈,슈리어바흐,크림치즈,0
"후루룩 쌀국수 닭곰탕, 73g, 6개 19%10,256원 8,250원 (100g당 1,884원) 내일(일) 도착 보장 4.5 (7328) 최대 413원 적립",간편식,라면,INSTANT,후루룩 쌀국수 닭곰탕,농심,쌀국수,0
[바다해] 빠삭먹태구이세트 160g (소스증정),수산물,멸치/건어물,DRIED_SEAFOOD,먹태,바다해,먹태,0
[농심] 새우깡 400g (지퍼백),간식류,과자/스낵,SNACK,새우깡,농심,스낵,0
[올가비오] 유기농 동결건조 블루베리 분말 100g,조미료,가루분말,SAUCE_SEASONING,블루베리 분말,올가비오,기타 가루분말,0
[크라운] 빅파이 딸기 324g,간식류,과자/스낵,SNACK,빅파이,크라운,파이류,0
[창억] 시그니처 떡 3종 500g (택1),간식류,떡,SNACK,떡,창억,떡,0
[네이처앤헬스] 볶은 아몬드가루200g,조미료,가루분말,SAUCE_SEASONING,아몬드 가루,네이처앤헬스,아몬드 가루,0
"사계절 쌈장, 500g, 2개 53%9,800원 4,590원 (100g당 459원) 내일(일) 새벽 도착 보장 5 (1140) 최대 230원 적립",조미료,양념/소스,SAUCE_SEASONING,쌈장,사계절,쌈장,0
"맑은물에 그리너리 찜용통통 콩나물, 300g, 2개 2,710원 (100g당 452원) 내일(일) 새벽 도착 보장 4.5 (9829) 최대 135원 적립",채소/곡물류,채소,RAW_PRODUCE,콩나물,맑은물에,콩나물,0
"꼭곡 국산 찹쌀, 2kg, 1개 8,980원 (100g당 449원) 내일(일) 도착 보장 4.5 (771) 최대 449원 적립",채소/곡물류,쌀/잡곡,GRAIN,찹쌀,꼭곡,찹쌀,0
"무농약 인증 맑은물에 참좋은 국산콩나물, 500g, 1개 2,400원 (100g당 480원) 내일(일) 새벽 도착 보장 4.5 (98622) 최대 120원 적립",채소/곡물류,채소,RAW_PRODUCE,콩나물,맑은물에,콩나물,0
[MD's Pick] 조항현 생산자의 성환 왕 배 4.5kg,과일/견과류,과일,RAW_FRUIT,배,MD's Pick,배,0
"곰곰 맥반석 구운란, 60구, 1개 22,310원 (1구당 372원) 내일(일) 새벽 도착 보장 4.5 (143687) 최대 1,115원 적립",육류/계란,계란,RAW_MEAT,구운란,곰곰,구운란,0
[MPARK] 블랙라벨 고당도 오렌지 1.2kg (5~6입),과일/견과류,과일,RAW_FRUIT,오렌지,MPARK,오렌지,0
"남양유업 맛있는우유GT 소화가 잘되는 고소한 락토프리, 900ml, 2개 6,380원 (100ml당 354원) 내일(일) 새벽 도착 보장 5 (192140) 최대 319원 적립",유제품,우유/두유,DAIRY,락토프리 우유,남양유업,락토프리 우유,0
"카누 마일드 로스트 아메리카노 원두커피믹스, 900mg, 30개입, 1개 7,170원 (10g당 2,656원) 내일(일) 도착 보장 5 (180735) 최대 359원 적립",음료,커피/차,BEVERAGE,키피 믹스,카누 ,커피믹스,0
[안단잼] 과일함량 70% 복숭아잼 380g,상온식품,잼/스프레드,SAUCE_SEASONING,복숭아잼,안단잼,기타 잼/스프레드,0
[일드프랑스] 몽태버 슬라이스 치즈 150g,유제품,치즈,DAIRY,치즈,일드프랑스,기타 치즈,0
"대천김 재래김, 22g, 10개 할인45%29,000원 15,840원 (10g당 720원) 내일(일) 도착 보장 4.5 (69157) 최대 729원 적립",상온식품,김/자반,DRIED_SEAFOOD,김,대천김,김,0
[뉴델리 :진한 인도 커리의 맛] 인도 난 2종,간식류,빵류,BAKERY,난,뉴델리 :진한 인도 커리의 맛,난,0
[미락] 영광 법성포 참굴비 (0.9kg 10미 / 1.8kg 20미) (냉동) (택1),수산물,멸치/건어물,DRIED_SEAFOOD,굴비,미락,굴비,0
[선물세트] 법성포참맛 프리미엄 굴비 오가세트 2.0kg,수산물,멸치/건어물,DRIED_SEAFOOD,굴비,법성포참맛,굴비,0
[밀크앤허니] 생크림 크로와상 (70g X 8개),간식류,빵류,BAKERY,크로와상,밀크앤허니,크루아상,0
[선물세트] 자연산 민어굴비 세트 1.8kg,수산물,멸치/건어물,DRIED_SEAFOOD,민어굴비,,굴비,0
[고메] 소바바치킨 마쏘킥 순살 240g,간편식,냉동식품,FROZEN_MEAL,냉동 치킨,고메,냉동 치킨,0
[맹가졸리] 언필터 사과식초 500ml / 1L,조미료,양념/소스,SAUCE_SEASONING,식초,맹가졸리,식초,0
[Ozen] 훈제연어 슬라이스 180g 3종 (냉장) (택1),수산물,어육가공식품,SIMPLE_PROCESSED,훈제연어,Ozen,훈제연어,0
[KF365] 통통한 그릴 비엔나 소시지 700g,육류/계란,가공육(햄/소시지),PROCESSED_MEAT,소시지,KF365,소세지,0
[한양식품] 꽃보다 오징어 매코미 150g,간식류,과자/스낵,SNACK,오징어 스낵,한양식품,스낵,0
"[MPARK][2봉구매시 1봉 9,990원] 미국산 블랙라벨 네이블 오렌지 1kg (5~6입)",과일/견과류,과일,RAW_FRUIT,오렌지,,오렌지,0
[녹차원] 제로슈가 라떼 블렌드 (10g X 7개) 4종 (택1),음료,커피/차,BEVERAGE,라떼,녹차원,커피,0
[만토바] 선드라이드 토마토 페이스트,조미료,양념/소스,SAUCE_SEASONING,토마토 페이스트,만토바,토마토 페이스트,0
"청정원 베트남 쌀국수 소스, 370g, 1개 4,690원 (100g당 1,268원) 내일(일) 도착 보장 5 (5382) 최대 235원 적립",조미료,양념/소스,SAUCE_SEASONING,쌀국수 양념,청정원,기타 소스,0
[더오담] 고추장양념 오리불고기 200g,간편식,밀키트,RTC_MEAL,밀키트,더오담,밀키트,0
[My little recipe] 사리듬뿍 순살 닭갈비 대용량 (3~4인용),간편식,밀키트,RTC_MEAL,밀키트,My little recipe,밀키트,0
[피스피스] 레몬 러버스 파이 138g,간식류,디저트/케이크,BAKERY,파이,피스피스,파이,0
"카누 더블샷 라떼 커피믹스 스틱, 13.5g, 30개입, 1개 12,490원 (10g당 308원) 내일(일) 새벽 도착 보장 5 (293) 최대 625원 적립",음료,커피/차,BEVERAGE,커피믹스,카누,커피믹스,0
"국내산 감자(특), 1kg, 2개 12,200원 (100g당 610원) 내일(일) 새벽 도착 보장 4.5 (21699) 최대 610원 적립",채소/곡물류,채소,RAW_PRODUCE,감자,,감자,0
"선진포크한돈 미박 뒷사태 수육용 600g + 분말스프 세트 (냉장), 1세트 8,700원 (100g당 1,279원) 내일(일) 새벽 도착 보장 4.5 (997) 최대 435원 적립",육류/계란,돼지고기,RAW_MEAT,사태,선진포크한돈,돼지고기 묶음,0
"연두 요리에센스 진, 500ml, 2개 40%19,960원 11,960원 (10ml당 120원) 내일(일) 도착 보장 5 (20321) 최대 598원 적립",조미료,조미료,SAUCE_SEASONING,연두,,미원,0
"쌈다시마, 3kg, 1박스 8,900원 (100g당 297원) 내일(일) 새벽 도착 보장 4.5 (638) 최대 395원 적립",수산물,미역/다시마,DRIED_SEAFOOD,다시마,쌈다시마,다시마,0
[맹가졸리] 발사믹 모데나 식초 2종 (택1),조미료,양념/소스,SAUCE_SEASONING,발사믹 식초,맹가졸리,발사믹 식초,0
[매일] 바나나는 원래 하얗다 (190mL X 6개),유제품,우유/두유,DAIRY,바나나 우유,매일,가공우유,0
[보물섬] ASC인증 친환경 전복 2종 (생물) (택1),수산물,조개/전복,RAW_SEAFOOD,전복,보물섬,전복,0
[삼삼물산] 통영 석화굴  2kg (생물) (가열조리용),수산물,조개/전복,RAW_SEAFOOD,굴,삼삼물산,굴,0
"맛잽이식품 매운양념닭발 (냉동), 600g, 1개 17,600원 (100g당 2,933원) 내일(일) 새벽 도착 보장 4.5 (10383) 최대 880원 적립",간편식,레트로트,RTC_MEAL,레트로트,맛잽이식품,레트로트,0
[경복궁 BLACK] 칼집 LA 갈비 600g,육류/계란,소고기,RAW_MEAT,LA 갈비,경복궁 BLACK,LA 갈비,0
"덴마크 요거밀 통오트 아몬드 8개입, 85g, 8개 6,150원 (10g당 90원) 내일(일) 새벽 도착 보장 5 (234) 최대 308원 적립",유제품,요거트,DAIRY,오트 요거트,덴마크,요거트,0
[파스퇴르] 저온살균 흰우유 900mL,유제품,우유/두유,DAIRY,우유,파스퇴르,우유,0
[Kurly's] 국산콩 두부 3종 (택2),채소/곡물류,콩/두부,SIMPLE_PROCESSED,두부,Kurly's,두부,0
[비비비당] 단호박 빙수 180mL,간식류,디저트/케이크,BAKERY,빙수,비비비당,아이스크림,0
[아즈마] 무염 유기농 소립 낫또 3개입 (120g),간편식,반찬류,SIMPLE_PROCESSED,낫또,아즈마,기타 반찬류,0
[TEMOLE] 아보카도칩 3종 (택1),간식류,과자/스낵,SNACK,아보카도칩,TEMOLE,기타 과자/스낵,0
[풀무원] 밀누들 국물떡볶이 2인분,간편식,밀키트,RTC_MEAL,밀키트,풀무원,밀키트,0
[캐시밸리] 미국 전통 치즈 4종 (택1),유제품,치즈,DAIRY,치즈,캐시밸리,기타 치즈,0
[학림다방] 드립백 2종 (택1),음료,커피/차,BEVERAGE,커피 드립백,학림다방,드립백,0
"대천김 미니도시락김 G3240-K 6p, 2g, 10개 42%5,900원 3,400원 (10g당 1,700원) 내일(일) 도착 보장 5 (429) 최대 170원 적립",상온식품,김/자반,DRIED_SEAFOOD,김,대천김,김,0
[라빈리커픽업]신퀀타 꼴레지오네 (와인),술,와인,ALCOHOL,레드 와인,,레드 와인,0
[남도우애] 무항생제 1++ 한우 우둔 장조림용 200g (냉장),채소/곡물류,채소,RAW_PRODUCE,무,남도우애,무,0
봄나물 샘플러 400g,채소/곡물류,채소,RAW_PRODUCE,봄나물,,기타 채소,0
[존쿡 델리미트] 카나디언 베이컨,육류/계란,가공육(햄/소시지),PROCESSED_MEAT,베이컨,존쿡 델리미트,베이컨,0
[부산어포] 우리쌀로 만든 부산어포 4종 (택1),간식류,과자/스낵,SNACK,부산 어포,부산어포,스낵,0
[대천김] 곱창 캔김 30g,상온식품,김/자반,DRIED_SEAFOOD,김,대천김,김,0
[올가] 우리밀 카레가루 2종 (택1),조미료,가루분말,SAUCE_SEASONING,카레가루,올가,카레가루,0
[풀무원] 동물복지 한입 쏙 팝콘 치킨 500g,간편식,냉동식품,FROZEN_MEAL,냉동 팝콘치킨,풀무원,냉동 치킨,0
[이웃집통통이] 블루베리크림 쫀득빵 180g,간식류,빵류,BAKERY,쫀득빵,이웃집통통이,기타 빵류,0
[광동생활건강] 배도라지쌍화스틱 (30포)+쇼핑백,미등록 카테고리,기타,UNKNOWN,기타,광동생활건강,기타,0
[일월상단] 청 3종 (택1),조미료,양념/소스,SAUCE_SEASONING,과일청,일월상단,기타 소스,0
[광동생활건강] 배도라지쌍화스틱 100포,미등록 카테고리,기타,UNKNOWN,기타,광동생활건강,기타,0
[기장물산] 바사삭 순살 먹태 (소스 증정),수산물,멸치/건어물,DRIED_SEAFOOD,먹태,기장물산,먹태,0
[파스키에] 스트로베리 타르트 800g,간식류,디저트/케이크,BAKERY,타르트,파스키에,타르트,0
[오뚜기] UNO 사각피자 4종 (택1),간편식,냉동식품,FROZEN_MEAL,냉동 돈까스,오뚜기,냉동 돈까스,0
[선물세트] 송강당 대명공진보 +(보자기 포장 및 쇼핑백 증정),미등록 카테고리,기타,UNKNOWN,기타,송강당,기타,0
[편스토랑X온더고] 이정현의 대파크림 파스타,간편식,밀키트,RTC_MEAL,밀키트,편스토랑X온더고,밀키트,0
[귤로장생] 제주 감귤 2.5kg (비가림),과일/견과류,과일,RAW_FRUIT,귤,귤로장생,귤,0
"해태htb 갈배사이다, 210ml, 30개 12,220원 (100ml당 194원) 내일(일) 도착 보장 새 상품, 반품-미개봉 (14) 최저11,600원 5 (17148) 최대 611원 적립",음료,탄산음료,BEVERAGE,갈배 사이다,해태htb,사이다,0
[팔팔호랑이] 자연벌꿀 생강청 450g,조미료,양념/소스,SAUCE_SEASONING,생강청,팔팔호랑이,기타 소스,0
"펩시 제로슈거 라임향, 210ml, 30개 14,500원 (100ml당 230원) 내일(일) 도착 보장 5 (183064) 최대 725원 적립",음료,탄산음료,BEVERAGE,펩시 제로 라임,펩시,콜라,0
[귤로장생] 제주 하우스 감귤 1kg,과일/견과류,과일,RAW_FRUIT,귤,귤로장생,귤,0
[그레이스] 블루베리 퓨레 100 14포,미등록 카테고리,기타,UNKNOWN,기타,그레이스,기타,0
[아침엔본죽] 쇠고기죽,간편식,레트로트,RTC_MEAL,레트로트,아침엔본죽,레트로트,0
[워커힐] 곰탕,간편식,레트로트,RTC_MEAL,레트로트,워커힐,레트로트,0
[씨알로] 뽀로로 오곡 초코로핀 시리얼 520g,상온식품,시리얼,GRAIN,오곡 시리얼,씨알로,시리얼,0
[KF365] 에어프라이어용 통안심카츠 280g(70g*4ea),간편식,냉동식품,FROZEN_MEAL,냉동 돈까스,KF365,냉동 돈까스,0
[이디야]  커피믹스 4종 (택1),음료,커피/차,BEVERAGE,커피믹스,이디야,커피믹스,0
"복이네먹거리 껍질째 들깨가루 탕용, 1kg, 1개 27%12,870원 9,290원 (100g당 929원) 내일(일) 도착 보장 4.5 (281) 최대 465원 적립",조미료,가루분말,SAUCE_SEASONING,들깨가루,복이네먹거리,들깨가루,0
[이차돌] 된장찌개,간편식,레트로트,RTC_MEAL,레트로트,이차돌,레트로트,0
[Chai797] 새우 듬뿍 하가우 250g,간편식,냉동식품,FROZEN_MEAL,냉동 만두,Chai797,냉동 만두,0
"평창수 무라벨 생수, 500ml, 40개 31%15,900원 10,940원 (100ml당 55원) 내일(일) 도착 보장 5 (164239) 최대 547원 적립",음료,생수,BEVERAGE,생수,평창수,생수,0
[그린너트] 구운 아몬드 1kg,과일/견과류,견과류,RAW_FRUIT,아몬드,그린너트,아몬드,0
[오로바일렌] 엑스트라버진 올리브오일 카사델아구아 250mL,조미료,식용유/기름,SAUCE_SEASONING,올리브오일,오로바일렌,올리브오일,0
"백설 프락토 올리고당, 1.2kg, 3개 49%19,440원 9,800원 (10g당 27원) 내일(일) 도착 보장 5 (43891) 최대 490원 적립",조미료,양념/소스,SAUCE_SEASONING,올리고당,백설,올리고당,0
"국내산 절단대파, 1kg, 1개 5,290원 (100g당 529원) 내일(일) 새벽 도착 보장 4.5 (183785) 최대 265원 적립",채소/곡물류,채소,RAW_PRODUCE,대파,,대파,0
[광천김] 오가닉김 도시락김 9단,상온식품,김/자반,DRIED_SEAFOOD,김,광천김,김,0
한끼 파프리카 1입 2종,채소/곡물류,채소,RAW_PRODUCE,파프리카,한끼,파프리카,0
"100% 국산 어린꼬투리 해솔당 어린 꼬투리로 고소하게 볶은 작두콩차, 1개, 120g, 1개입 13%11,400원 9,900원 (10g당 825원) 내일(일) 도착 보장 5 (1052) 최대 495원 적립",음료,커피/차,BEVERAGE,작두콩차,해솔당,기타 음료(차),0
"목우촌 국내산 소고기 등심 구이용 (냉장), 200g, 1개 54%25,990원 11,900원 (100g당 5,950원) 내일(일) 새벽 도착 보장 4.5 (1911) 최대 545원 적립",육류/계란,소고기,RAW_MEAT,소 등심,목우촌,소 등심,0
"곰곰 냉동 흰다리 새우살, 300g(24~33미), 1개 32%10,900원 7,390원 (100g당 2,463원) 내일(일) 새벽 도착 보장 5 (114048) 최대 370원 적립",수산물,새우/게,RAW_SEAFOOD,새우,곰곰 ,새우,0
"곰곰 알뜰두부, 800g, 1팩 1,990원 (100g당 249원) 내일(일) 새벽 도착 보장 5 (62337) 최대 100원 적립",채소/곡물류,콩/두부,SIMPLE_PROCESSED,두부,곰곰,두부,0
"맥심 아라비카 100 커피믹스, 11.8g, 100개입, 2개 34,100원 (10g당 144원) 내일(일) 도착 보장 5 (20115) 최대 1,705원 적립",음료,커피/차,BEVERAGE,커피믹스,맥심,커피믹스,0
[잭링크스] 인기 육포 모아보기 5종 (택1),육류/계란,가공육(햄/소시지),PROCESSED_MEAT,육포,잭링크스,육포,0
"100% 국산 탈피 비이츠 고소함 담은 들깨가루, 1개, 200g 할인48%26,900원 13,900원 (100g당 6,950원) 내일(일) 도착 보장 5 (2831) 최대 695원 적립",조미료,가루분말,SAUCE_SEASONING,들깨가루,비이츠,들깨가루,0
[CU 픽업] 듀어스 캐리비안스무스 8년,술,기타 주류,ALCOHOL,위스키,,위스키,0
유기농 부추 150g,채소/곡물류,채소,RAW_PRODUCE,부추,,부추,0
"올계 유기농 치킨스톡, 140g, 1개 13,700원 (100g당 9,786원) 내일(일) 도착 보장 4.5 (1479) 최대 685원 적립",조미료,조미료,SAUCE_SEASONING,치킨스톡,올계,육수,0
[CU 픽업] 샴페인 마이 엑스트라 브뤼,술,와인,ALCOHOL,스파클링 와인,,스파클링 와인,0
"미원 맛소금, 2kg, 1개 6,100원 (100g당 305원) 내일(일) 도착 보장 5 (82879) 최대 305원 적립",조미료,조미료,SAUCE_SEASONING,맛소금,,맛소금,0
[그린너트] 구운 피스타치오 500g,과일/견과류,견과류,RAW_FRUIT,피스타치오,그린너트,피스타치오,0
[내츄럴스파이스]크리스피 양파,간편식,냉동식품,FROZEN_MEAL,냉동 튀김,내츄럴스파이스,냉동 튀김,0
"서울우유 초코 우유, 200ml, 24개 22%20,880원 16,190원 (100ml당 337원) 내일(일) 도착 보장 5 (25891) 최대 810원 적립",유제품,우유/두유,DAIRY,초코우유,서울우유,가공우유,0
"그린래빗 루꼴라 & 샐러드 Kit, 180g, 1개 3,690원 (100g당 2,050원) 내일(일) 새벽 도착 보장 4.5 (1636) 최대 185원 적립",간편식,샐러드팩,RTC_MEAL,샐러드 키트,그린래빗,샐러드,0
[바름팜] 친환경 고사리 300g,채소/곡물류,채소,RAW_PRODUCE,고사리,바름팜,고사리,0
"롯데웰푸드 엄마손파이, 254g, 2개 19%10,560원 8,460원 (10g당 167원) 내일(일) 도착 보장 5 (24203) 최대 423원 적립",간식류,과자/스낵,SNACK,엄마손 파이,롯데웰푸드,파이류,0
[그린너트] 껍질 없는 생 피스타치오 170g,과일/견과류,견과류,RAW_FRUIT,피스타치오,그린너트,피스타치오,0
[르 와플] 길거리 와플 3종 (2개입) (택1),간식류,디저트/케이크,BAKERY,와플,르 와플,와플,0
표고버섯 500g,채소/곡물류,버섯,RAW_PRODUCE,표고버섯,,표고버섯,0
"여수 건어물 시장 멸치 볶음용, 1개, 200g 6,540원 (100g당 3,270원) 내일(일) 새벽 도착 보장 4.5 (818) 최대 327원 적립",수산물,멸치/건어물,DRIED_SEAFOOD,멸치,여수 건어물 시장,멸치,0
[마더푸드]  쪽갈비 2종,육류/계란,돼지고기,RAW_MEAT,쪽갈비,마더푸드,돼지고기 묶음,0
"순창궁 태양초 고추장, 3kg, 1개 57%19,800원 8,480원 (100g당 283원) 내일(일) 새벽 도착 보장 4.5 (2156) 최대 424원 적립",조미료,양념/소스,SAUCE_SEASONING,고추장,순창궁,고추장,0
[롯데] 크런키 더블크런치바 미니 스트로베리 & 바나나 313.5g,간식류,과자/스낵,SNACK,크런키,롯데,스낵바,0
"백설 고소함 가득 참기름, 450ml, 1개 55%14,400원 6,370원 (10ml당 142원) 내일(일) 도착 보장 5 (42854) 최대 319원 적립",조미료,식용유/기름,SAUCE_SEASONING,참기름,백설,참기름,0
[그래놀라 하우스] 그래놀라 5종 (택1),상온식품,시리얼,GRAIN,그래놀라,그래놀라 하우스,그래놀라,0
[CU 픽업] 주라 레드와인 캐스크,술,기타 주류,ALCOHOL,위스키,,위스키,0
"햇반 잡곡밥, 130g, 6개 6,540원 (100g당 838원) 내일(일) 도착 보장 새 상품, 반품-미개봉 (2) 최저6,210원 5 (791) 최대 327원 적립",간편식,즉석밥,INSTANT,즉석밥 잡곡,햇반,즉석밥,0
"곰곰 신선한 저지방우유, 900ml, 4개 7,380원 (100ml당 205원) 내일(일) 새벽 도착 보장 5 (54675) 최대 369원 적립",유제품,우유/두유,DAIRY,저지방 우유,곰곰,저지방 우유,0
"맥심 화이트골드 커피믹스, 11.7g, 100개입, 1개 16,900원 (10g당 144원) 내일(일) 도착 보장 5 (302208) 최대 845원 적립",음료,커피/차,BEVERAGE,커피믹스,맥심,커피믹스,0
"청정원 찜닭 양념, 280g, 1개 3,200원 (100g당 1,143원) 내일(일) 새벽 도착 보장 5 (1656) 최대 160원 적립",조미료,양념/소스,SAUCE_SEASONING,찜닭 양념,청정원,기타 소스,0
[아그로수퍼] 수입산 돼지고기 구이용 5종 골라담기,육류/계란,돼지고기,RAW_MEAT,모듬 돼지고기,아그로수퍼,돼지고기 묶음,0
[포크밸리] 한돈 대패 목살 300g(냉동),육류/계란,돼지고기,RAW_MEAT,돼지 목살,포크밸리,목살,0
[여왕의 논아르] 무알콜 카베르네소비뇽 350mL,술,와인,ALCOHOL,화이트 와인,여왕의 논아르,화이트 와인,0
[남도2대명가] 색색 하루해초 샐러드 8g X 10입,간편식,샐러드팩,RTC_MEAL,샐러드,남도2대명가,샐러드,0
[언니가 숨겨놓은 과자상자] 러브베어 쿠키세트 (5개입),간식류,과자/스낵,SNACK,쿠키,언니가 숨겨놓은 과자상자,쿠키,0
[그라놀로지] 그래놀라 시그니처 패키지 7종 (택1),상온식품,시리얼,GRAIN,그래놀라,그라놀로지,그래놀라,0
[우드앤브릭] 호밀빵 3종 (택1),간식류,빵류,BAKERY,호밀빵,우드앤브릭,호밀빵,0
[Picard] 누아제뜨 감자,간식류,디저트/케이크,BAKERY,누아제뜨,Picard,휘낭시에,0
"매일유업 연유, 500g, 2개 8,850원 (100g당 885원) 내일(일) 새벽 도착 보장 5 (10083) 최대 443원 적립",유제품,우유/두유,DAIRY,연유,매일유업,연유,0
[마이셰프] 알찬 고기 마파두부,간편식,레트로트,RTC_MEAL,레트로트,마이셰프,레트로트,0
[오뚜기] 진라면 순한맛 5입,간편식,라면,INSTANT,진라면 순한맛,오뚜기,국물라면,0
[그린너트] 마르코나 아몬드 300g,과일/견과류,견과류,RAW_FRUIT,아몬드,그린너트,아몬드,0
"밀카 초콜릿 버블리, 90g, 2개 35%9,600원 6,160원 (10g당 342원) 내일(일) 도착 보장 5 (1392) 최대 293원 적립",간식류,초콜릿/사탕,SNACK,밀카 초콜릿,밀카,초콜릿,0
[CU 픽업] 휘틀리닐드라이진,술,기타 주류,ALCOHOL,진,,진,0
"아이시스 8.0 ECO 생수 무라벨, 300ml, 40개 5%12,000원 11,370원 (100ml당 95원) 내일(일) 도착 보장 5 (117916) 최대 569원 적립",음료,생수,BEVERAGE,생수,아이시스,생수,0
[자연실록] 동물복지 소스 닭가슴살 큐브 스테이크 4종,육류/계란,닭고기,RAW_MEAT,닭가슴살,자연실록,닭가슴살,0
[도스타코스] 부리또 2종 (택1),간식류,빵류,BAKERY,부리또,도스타코스,기타 빵류,0
[오뚜기] 빵가루 1KG,조미료,가루분말,SAUCE_SEASONING,빵가루,오뚜기,빵가루,0
[쉐푸드] 리코타 크랜베리 샌드위치 패밀리팩 (4입),간식류,빵류,BAKERY,샌드위치,쉐푸드,샌드위치,0
[그린너트] 마카다미아 300g,과일/견과류,견과류,RAW_FRUIT,마카다미아,그린너트,마카다미아,0
[종가] 맛김치 1.7kg,간편식,반찬류,SIMPLE_PROCESSED,배추김치,종가,배추김치,0
[그린너트] 바나나칩 500g,간식류,과자/스낵,SNACK,바나나칩,그린너트,스낵,0
"씨그램 라임 무라벨 탄산수, 450ml, 20개 11,900원 (100ml당 132원) 내일(일) 도착 보장 5 (8659) 최대 595원 적립",음료,탄산음료,BEVERAGE,탄산수,씨그램,탄산수,0
[피코크] 진한 육개장,간편식,레트로트,RTC_MEAL,레트로트,피코크,레트로트,0
[CJ] 주부초밥왕 롤 유부초밥 229g,간편식,밀키트,RTC_MEAL,밀키트,CJ,밀키트,0
[덕화명란] 인기 명란 4종 (택1),수산물,어란,RAW_SEAFOOD,명란,덕화명란,명란,0
[이금선명인] 갈치쌈젓 160g,간편식,반찬류,SIMPLE_PROCESSED,갈치쌈젓,이금선명인,젓갈,0
[오설록] 제주 유채 & 살구향 티백 (2g X 10개),음료,커피/차,BEVERAGE,티백,오설록,티백,0
[켈로그] 오곡 첵스초코 쿠키앤크림 420g,상온식품,시리얼,GRAIN,첵스초코,켈로그,시리얼,0
"백제 즉석쌀국수, 92g, 30개 21%36,000원 28,350원 (100g당 1,027원) 내일(일) 도착 보장 5 (62954) 최대 1,418원 적립",간편식,밀키트,RTC_MEAL,밀키트,백제,밀키트,0
[ISFI] 파슬리 12g,조미료,향신료/허브,SAUCE_SEASONING,파슬리,ISFI,파슬리,0
[KF365] 1+등급 무항생제 특란 20구,육류/계란,계란,RAW_MEAT,계란,KF365,계란,0
[하림] 수비드 냉장 닭가슴살 5종 (1개입/6개입),육류/계란,닭고기,RAW_MEAT,닭가슴살,하림,닭가슴살,0
"해찬들 사계절 쌈장, 500g, 1개 40%4,900원 2,920원 (100g당 584원) 내일(일) 새벽 도착 보장 5 (1140) 최대 146원 적립",조미료,양념/소스,SAUCE_SEASONING,쌈장,해찬들,쌈장,0
"[Kurly's] 간편하게 바삭, 야채 김말이",간편식,냉동식품,FROZEN_MEAL,냉동 튀김,Kurly's,냉동 튀김,0
"리프레쉬 꽃보다오징어 꾸이 오징어, 1개, 200g 34%17,500원 11,420원 (100g당 5,710원) 1,500원 와우 가입 쿠폰 내일(일) 도착 보장 4.5 (5502) 최대 496원 적립",간식류,과자/스낵,SNACK,오징어 스낵,리프레쉬,스낵,0
[커피화] 파우더 커피 10g 3종 (택1),음료,커피/차,BEVERAGE,커피가루,커피화,커피,0
"이클립스 피치, 34g, 3개 5,950원 (10g당 583원) 내일(일) 도착 보장 5 (31563) 최대 298원 적립",간식류,초콜릿/사탕,SNACK,이클립스,이클립스,기타 초콜릿/사탕,0
"워커스논서치 어쏠티드 토피스 앤드 초콜릿 에클레어, 920g, 1개 14,480원 (10g당 157원) 내일(일) 도착 보장 5 (5025) 최대 724원 적립",간식류,빵류,BAKERY,에클레어,워커스논서치,기타 빵류,0
[선물세트] 바다숲 감태 & 김 세트,상온식품,김/자반,DRIED_SEAFOOD,김,바다숲,김,0
[매일] 소화가 잘 되는 우유(190mL X 6팩),유제품,우유/두유,DAIRY,우유,매일,우유,0
"오리지널그레인 볶은 통참깨, 1kg, 1개 10,800원 (100g당 1,080원) 내일(일) 새벽 도착 보장 5 (1138) 최대 540원 적립",채소/곡물류,쌀/잡곡,GRAIN,참깨,오리지널,기타 잡곡,0
[그린너트] 볶음땅콩(분태) 500g,조미료,가루분말,SAUCE_SEASONING,땅콩 분태,그린너트,기타 가루분말,0
[조선호텔] 한우 불고기 500g(냉동),육류/계란,소고기,RAW_MEAT,불고기용 소고기,조선호텔,불고기,0
유기농 양배추 1통 (800g),채소/곡물류,채소,RAW_PRODUCE,양배추,,양배추,0
"한끼통살 닭가슴살 볼 5종 x 2개 믹스세트 (냉동), 100g, 1개입, 10개 15,900원 (100g당 1,590원) 내일(일) 새벽 도착 보장 5 (4550) 최대 795원 적립",육류/계란,가공육(햄/소시지),PROCESSED_MEAT,닭가슴살 볼,한끼통살,기타 가공육(햄/소시지),0
"사조참치 안심따개 살코기, 85g, 4개 40%8,990원 5,360원 (1세트당 1,340원) 내일(일) 새벽 도착 보장 5 (5724) 최대 268원 적립",상온식품,참치/스팸캔,CANNED,참치캔,사조참치,참치캔,0
[허쉬] 콘 아이스크림 2종 (150mL X 3개),간식류,디저트/케이크,BAKERY,아이스크림,허쉬,아이스크림,0
"유동 번데기 통조림, 280g, 6개 10,380원 (10g당 62원) 내일(일) 도착 보장 4.5 (22826) 최대 519원 적립",상온식품,참치/스팸캔,CANNED,번데기 통조림,,번데기 통조림,0
[자임] 콜라겐 젤리 2종 14포,미등록 카테고리,기타,UNKNOWN,기타,자임,기타,0
"카누 마일드 로스트 스위트 아메리카노 원두커피믹스, 2.9g, 120개입, 1개 24,490원 (10g당 704원) 내일(일) 도착 보장 5 (12778) 최대 1,225원 적립",음료,커피/차,BEVERAGE,커피가루,카누,커피,0
[고래사] 어묵말이 4종 (택1),수산물,어육가공식품,SIMPLE_PROCESSED,어묵,고래사,어묵,0
[그린너트] 아몬드분태 500g,조미료,가루분말,SAUCE_SEASONING,아몬드 분태,그린너트,아몬드 가루,0
[훕훕베이글] 시그니처 베이글 12종 (택1),간식류,빵류,BAKERY,베이글,훕훕베이글,베이글,0
[포트'럭] 국산 바지락살 150g (생물),수산물,조개/전복,RAW_SEAFOOD,바지락,포트'럭,바지락,0
"청정원 멸치 액젓 골드, 500g, 1개 3,260원 (10g당 65원) 내일(일) 새벽 도착 보장 5 (877) 최대 163원 적립",수산물,멸치/건어물,DRIED_SEAFOOD,멸치,청정원,멸치,0
[도제식빵] 탕종 모닝빵 2종 (택1),간식류,빵류,BAKERY,모닝빵,도제식빵,모닝빵,0
[Chai797] 딤섬 새우 창펀 300g,간편식,냉동식품,FROZEN_MEAL,냉동 만두,Chai797,냉동 만두,0
[오가닉스토리] 유기농 현미 롱롱스틱 4종,간식류,과자/스낵,SNACK,곡물 스틱,오가닉스토리,기타 과자/스낵,0
"담터 단호박마차, 17g, 50개입, 1개 13%15,900원 13,740원 (10g당 162원) 내일(일) 도착 보장 4.5 (18284) 최대 687원 적립",음료,커피/차,BEVERAGE,호박차,담터,기타 음료(차),0
"[팩] 밀양 깻잎, 100g, 1팩 3,590원 (100g당 3,590원) 내일(일) 새벽 도착 보장 4.5 (39591) 최대 180원 적립",채소/곡물류,채소,RAW_PRODUCE,깻잎,팩,깻잎,0
"하선정 멸치액젓 골드, 400g, 1개 3,830원 (10g당 96원) 내일(일) 도착 보장 5 (5233) 최대 191원 적립",조미료,조미료,SAUCE_SEASONING,멸치액젓,하선정,액젓,0
"더담은 2025년산 햅쌀 고시히카리 백미, 특등급, 4kg, 1개 28%27,900원 19,900원 (100g당 498원) 내일(일) 도착 보장 4.5 (3745) 최대 995원 적립",채소/곡물류,쌀/잡곡,GRAIN,쌀,더담은,쌀,0
"삼립호빵 발효미종 듬뿍피자 호빵, 95g, 4개입, 1개 4,990원 (10g당 131원) 내일(일) 새벽 도착 보장 5 (4497) 최대 250원 적립",간식류,빵류,BAKERY,호빵,삼립호빵,호빵,0
"해맑은푸드 제수용 황태포, 70g, 1개 15%5,900원 4,980원 (100g당 7,114원) 내일(일) 도착 보장 4.5 (7797) 최대 224원 적립",수산물,멸치/건어물,DRIED_SEAFOOD,황태,해맑은푸드,황태,0
[타쿠미야] 고급생식빵 788g,간식류,빵류,BAKERY,식빵,타쿠미야,식빵,0
[스웰리] 골라 먹는 샌드위치 6종 (택1),간식류,빵류,BAKERY,샌드위치,스웰리,샌드위치,0
[리얼파머스] 덴마크 브리 치즈 125g,유제품,치즈,DAIRY,치즈,리얼파머스,기타 치즈,0
"유기가공식품 인증 웰팜넷 유기농 다진단호박 (냉동), 100g, 1개 2,690원 (100g당 2,690원) 내일(일) 새벽 도착 보장 5 (3432) 최대 135원 적립",채소/곡물류,채소,RAW_PRODUCE,단호박,웰팜넷,단호박,0
[천일식품] 사누끼 우동면,채소/곡물류,면류,GRAIN,우동면,천일식품,우동면,0
[난축맛돈] 목살 구이용 300g,육류/계란,돼지고기,RAW_MEAT,돼지 목살,난축맛돈,목살,0
"매일우유 추억의 자판기 우유맛 분말 스틱, 20g, 10개입, 1개 5,100원 (10g당 255원) 내일(일) 새벽 도착 보장 5 (456) 최대 255원 적립",조미료,가루분말,SAUCE_SEASONING,우유 분말,매일우유,기타 가루분말,0
[그린너트] 점보건포도 500g,과일/견과류,견과류,RAW_FRUIT,건포도,그린너트,건포도,0
[넘버원양꼬치] 북경식 통오리 밀전병,간편식,밀키트,RTC_MEAL,밀키트,넘버원양꼬치,밀키트,0
"간편한 자른 미역, 100g, 1개 2,990원 (100g당 2,990원) 내일(일) 도착 보장 5 (969) 최대 150원 적립",수산물,미역/다시마,DRIED_SEAFOOD,미역,,미역,0
[매일] 바이오 요거트 8개입 (딸기&백도),유제품,요거트,DAIRY,요거트,매일,요거트,0
"곰곰 알뜰두부, 800g, 2팩 3,860원 (100g당 241원) 내일(일) 새벽 도착 보장 5 (62337) 최대 193원 적립",채소/곡물류,콩/두부,SIMPLE_PROCESSED,두부,곰곰,두부,0
[바로생활] 아카시아꿀 500g,조미료,양념/소스,SAUCE_SEASONING,꿀,바로생활,꿀,0
무항생제 1등급 암퇘지 삼겹(찌개용) 2종,육류/계란,돼지고기,RAW_MEAT,삼겹살,,돼지고기 묶음,0
[널담] 쿠키 6입 (50g x 6입),간식류,과자/스낵,SNACK,쿠키,널담,쿠키,0
"그릭데이 플레인 요거트 오리지널, 1.8L, 1개 7,980원 내일(일) 새벽 도착 보장 5 (20157) 최대 399원 적립",유제품,요거트,DAIRY,요거트,그릭데이,요거트,0
[이목] 국내산 소고기 국거리용 200g 2종 (냉장),육류/계란,소고기,RAW_MEAT,국거리용 소고기,이목,소고기 묶음,0
[아마틀러] 리프 초콜릿 틴 케이스 4종 (택1),간식류,초콜릿/사탕,SNACK,초콜릿,아마틀러,초콜릿,0
[풀무원] 육즙 듬뿍만두 (렌지용),간편식,냉동식품,FROZEN_MEAL,냉동 만두,풀무원,냉동 만두,0
[그린너트] 해바라기씨 1kg,과일/견과류,견과류,RAW_FRUIT,해바라기씨,그린너트,해바라기씨,0
[종가] 깍두기 750g,간편식,반찬류,SIMPLE_PROCESSED,깍두기,종가,깍두기,0
"이롬 황성주 박사의 국산콩 두유 검은콩 고칼슘, 190ml, 20개 76%48,000원 11,360원 (100ml당 299원) 내일(일) 새벽 도착 보장 5 (23097) 최대 568원 적립",유제품,우유/두유,DAIRY,두유,이롬,두유,0
[잔다리마을] 잔다리 전두부,채소/곡물류,콩/두부,SIMPLE_PROCESSED,두부,잔다리마을,두부,0
[노티드] 브라운베어 케이크 180g,간식류,디저트/케이크,BAKERY,케이크,노티드,케이크,0
"마이노멀 저당 마요네즈, 260g, 1개 37%15,900원 9,980원 (100g당 3,838원) 내일(일) 새벽 도착 보장 5 (6619) 최대 499원 적립",조미료,양념/소스,SAUCE_SEASONING,마요네즈,마이노멀,마요네즈,0
"파스퇴르 바른목장 산양프로틴 우유, 750ml, 1개 6,980원 (100ml당 931원) 내일(일) 새벽 도착 보장 5 (2672) 최대 349원 적립",유제품,우유/두유,DAIRY,우유,파스퇴르,우유,0
[그린너트] 호두 1kg,과일/견과류,견과류,RAW_FRUIT,호두,그린너트,호두,0
"하인즈 데미 돈까스 소스, 400g, 1개 4,380원 (100g당 1,095원) 내일(일) 도착 보장 새 상품, 반품-미개봉 (13) 최저4,160원 5 (2187) 최대 219원 적립",조미료,양념/소스,SAUCE_SEASONING,돈까스 소스,하인즈,돈까스 소스,0
"광천김 3대째 달인 재래 도시락김, 4g, 20개 6%9,500원 8,920원 (10g당 1,115원) 내일(일) 도착 보장 4.5 (11907) 최대 446원 적립",상온식품,김/자반,DRIED_SEAFOOD,김,광천김,김,0
[선물세트] 바다소리 해품은 김 세트,상온식품,김/자반,DRIED_SEAFOOD,김,바다소리,김,0
[라빈리커픽업] 글렌 모렌지 18년 디 인피니타 (위스키),술,기타 주류,ALCOHOL,위스키,,위스키,0
"오뚜기 진라면 매운맛 120g, 20개 18%15,680원 12,800원 (1개당 640원) 내일(일) 도착 보장 5 (516825) 최대 640원 적립",간편식,라면,INSTANT,진라면 매운맛,오뚜기,국물라면,0
[비움반찬] 고추장제육볶음,간편식,밀키트,RTC_MEAL,밀키트,비움반찬,밀키트,0
[언니가 숨겨놓은 과자상자] 하트곰돌이 쿠키세트 (16g X 6개입),간식류,과자/스낵,SNACK,쿠키,언니가 숨겨놓은 과자상자,쿠키,0
"오리온 왕고래밥 볶음양념맛, 56g, 6개 42%9,500원 5,440원 (10g당 162원) 내일(일) 도착 보장 5 (9864) 최대 272원 적립",간식류,과자/스낵,SNACK,고래밥,오리온,스낵,0
"갯푸른 간편 매생이 블럭, 2g, 10개 15,700원 (100g당 78,500원) 내일(일) 도착 보장 5 (2882) 최대 785원 적립",수산물,미역/다시마,DRIED_SEAFOOD,매생이,갯푸른,매생이,0
"빼빼로 샘플러 6종, 1세트, 257g 할인39%12,000원 7,260원 (10g당 282원) 내일(일) 도착 보장 5 (5422) 최대 363원 적립",간식류,과자/스낵,SNACK,빼빼로,롯데,기타 과자/스낵,0
[선진포크한돈] 앞다리 불고기 400g,육류/계란,소고기,RAW_MEAT,불고기용 소고기,선진포크한돈,불고기,0
"해표 압착 올리브유, 900ml, 2개 59%53,000원 21,540원 (100ml당 1,197원) 내일(일) 도착 보장 5 (65241) 최대 1,077원 적립",조미료,식용유/기름,SAUCE_SEASONING,올리브오일,해표,올리브오일,0
"백설 자일로스 설탕, 1kg, 1개 10%4,480원 4,010원 (100g당 401원) 내일(일) 새벽 도착 보장 5 (936) 최대 200원 적립",조미료,조미료,SAUCE_SEASONING,설탕,백설,설탕,0
"해맑은푸드 맛나포 튀김쥐포, 400g, 1개 8,900원 (100g당 2,225원) 내일(일) 도착 보장 5 (5613) 최대 445원 적립",수산물,어육가공식품,SIMPLE_PROCESSED,쥐포,해맑은푸드,기타 어육가공품,0
[비비고] 감태김 12봉,상온식품,김/자반,DRIED_SEAFOOD,김,비비고,김,0
[미자언니네] 세멸치볶음,간편식,반찬류,SIMPLE_PROCESSED,멸치볶음,미자언니네,기타 반찬류,0
"타무르 데이츠 14p, 260g, 1개 16%37,900원 31,760원 (100g당 12,215원) 내일(일) 도착 보장 5 (1038) 최대 1,588원 적립",간식류,디저트/케이크,BAKERY,데이츠,,기타 디저트/케이크,0
"미소한입 볶음분태땅콩 분말, 1kg, 1개 9,200원 (100g당 920원) 내일(일) 도착 보장 4.5 (241) 최대 460원 적립",조미료,가루분말,SAUCE_SEASONING,땅콩 분태,미소한입,기타 가루분말,0
[선물세트] 메종엠오 쿠키 6종 세트 580g,간식류,과자/스낵,SNACK,쿠키,메종엠오,쿠키,0
"곰표 부침가루, 1kg, 5개 9,510원 (100g당 190원) 내일(일) 도착 보장 5 (17593) 최대 475원 적립",조미료,가루분말,SAUCE_SEASONING,부침가루,곰표,부침가루,0
"배홍동 만능소스, 300g, 2개 6,810원 (100g당 1,135원) 내일(일) 도착 보장 5 (6414) 최대 340원 적립",조미료,양념/소스,SAUCE_SEASONING,만능소스,배홍동,기타 소스,0
유기농 찰현미 1.8kg,채소/곡물류,쌀/잡곡,GRAIN,찰현미,유기농,현미,0
"지리산처럼 행복한 정은씨의 고소한 들깨가루, 150g, 1개 10,280원 (100g당 6,853원) 내일(일) 새벽 도착 보장 5 (882) 최대 514원 적립",조미료,가루분말,SAUCE_SEASONING,들깨가루,지리산처럼,들깨가루,0
[진가네반찬] 겉절이 김치,간편식,반찬류,SIMPLE_PROCESSED,겉절이,진가네반찬,겉절이,0
[Kim'sbutcher] 미국산 목전지 칼집 양념구이용 1kg,육류/계란,돼지고기,RAW_MEAT,목전지,Kim'sbutcher,앞다리살,0
"푸드앤픽 곡물앤픽 국산 적두 팥, 500g, 1개 9,900원 (100g당 1,980원) 내일(일) 도착 보장 4.5 (251) 최대 495원 적립",채소/곡물류,쌀/잡곡,GRAIN,팥,푸드앤픽,팥,0
"상하목장 유기농 인증 우유, 900ml, 1개 4,490원 (100ml당 499원) 내일(일) 새벽 도착 보장 5 (37585) 최대 225원 적립",유제품,우유/두유,DAIRY,우유,상하목장,우유,0
[키즈텐] 홍삼 젤리 (30일분),미등록 카테고리,기타,UNKNOWN,기타,키즈텐,기타,0
"오뚜기 참깨라면 컵 110g, 6개 7,260원 (1개당 1,210원) 내일(일) 도착 보장 5 (54173) 최대 363원 적립",간편식,라면,INSTANT,참깨라면,오뚜기,사발면(컵라면),0
"은하수산 뽀로로와 함께먹는 순살 고등어구이 (냉동), 240g, 1개 13,300원 (100g당 5,542원) 내일(일) 새벽 도착 보장 5 (3903) 최대 615원 적립",간편식,레트로트,RTC_MEAL,레트로트,은하수산,레트로트,0
"복음자리 딸기잼, 500g, 1개 22%8,980원 7,000원 (100g당 1,400원) 내일(일) 도착 보장 새 상품, 반품-미개봉 (38) 최저6,650원 5 (136514) 최대 350원 적립",상온식품,잼/스프레드,SAUCE_SEASONING,딸기잼,복음자리,딸기잼,0
"몽베스트 위드어스 무라벨 생수, 500ml, 60개 16,110원 (100ml당 54원) 내일(일) 도착 보장 5 (167581) 최대 805원 적립",음료,생수,BEVERAGE,생수,몽베스트,생수,0
[미카구토] 코로로 과일젤리 7종 골라담기,간식류,초콜릿/사탕,SNACK,젤리,미카구토,젤리,0
[아침엔본죽] 야채죽,간편식,레트로트,RTC_MEAL,죽,아침엔본죽,즉석죽,0
미니 양배추 (브뤼셀 스프라우트) 200g,채소/곡물류,채소,RAW_PRODUCE,양배추,,양배추,0
[농심] 새우탕 소컵 6입,간편식,라면,INSTANT,새우탕,농심,사발면(컵라면),0
[그린너트] 호두 분태 500g,조미료,가루분말,SAUCE_SEASONING,호두 분태,그린너트,기타 가루분말,0
[설성목장x참이맛] 한돈감자탕,간편식,레트로트,RTC_MEAL,레트로트,설성목장x참이맛,레트로트,0
"담터 포켓몬 핫초코 팽도리의 무가당 오리지널, 20g, 10개입, 2개 33%11,800원 7,800원 (10g당 195원) 내일(일) 도착 보장 5 (312) 최대 390원 적립",유제품,우유/두유,DAIRY,핫초코,담터,기타 유음료,0
[알펜밀크] 알프스 소화가 잘되는 락토프리 우유 1L 2종 (택1),유제품,우유/두유,DAIRY,락토프리 우유,알펜밀크,락토프리 우유,0
[제각각] 깐마늘 500g,채소/곡물류,채소,RAW_PRODUCE,마늘,제각각,마늘,0
"국내산 애호박, 1개입, 3개 6,920원 (1개당 2,307원) 내일(일) 새벽 도착 보장 5 (657188) 최대 346원 적립",채소/곡물류,채소,RAW_PRODUCE,애호박,,애호박,0
[기획상품] 칠레산 블루베리 125g*3팩,과일/견과류,과일,RAW_FRUIT,블루베리,,블루베리,0
[만선] 남해안 바지락 500g (생물),수산물,조개/전복,RAW_SEAFOOD,바지락,만선,바지락,0
[베베쿡] 순떡뻥 20g 2종,간식류,떡,SNACK,떡뻥,베베쿡,기타 떡,0
"CJ제일제당 습 실비김치, 800g, 1개 13,770원 (100g당 1,721원) 내일(일) 새벽 도착 보장 4.5 (1405) 최대 689원 적립",간편식,반찬류,SIMPLE_PROCESSED,실비 김치,CJ,기타 반찬류,0
"국내산 GAP 가지, 3개입, 1개 7,030원 내일(일) 새벽 도착 보장 4.5 (7762) 최대 351원 적립",채소/곡물류,채소,RAW_PRODUCE,가지,,가지,0
[기획상품] 칠레산 블루베리 310g*2팩,과일/견과류,과일,RAW_FRUIT,블루베리,,블루베리,0
[파스퇴르] 무항생제 인증 바른목장 우유 (125mL X 24개입),유제품,우유/두유,DAIRY,우유,파스퇴르,우유,0
달콤쫀득 호박고구마 1.5kg,채소/곡물류,채소,RAW_PRODUCE,호박고구마,달콤쫀득,고구마,0
[집반찬연구소] 한우 반달오이볶음,간편식,반찬류,SIMPLE_PROCESSED,오이볶음,집반찬연구소,기타 반찬류,0
[요플레] 마시는 요거트 프로틴 2종 (210mL X 4개) (택1),유제품,요거트,DAIRY,요거트,요플레,요거트,0
[차려낸] 매콤 양념 낙곱새 전골,간편식,밀키트,RTC_MEAL,밀키트,차려낸,밀키트,0
"이어수산 통영 산지 직거래 국물용 멸치 (냉동), 500g, 1봉 12,730원 (100g당 2,546원) 내일(일) 새벽 도착 보장 4.5 (6615) 최대 636원 적립",수산물,멸치/건어물,DRIED_SEAFOOD,멸치,이어수산,멸치,0
[보난자커피] 싱글오리진 원두 250g (고고구 에티오피아),음료,커피/차,BEVERAGE,커피원두,보난자커피,원두,0
[킨더] 초콜릿바 미니 20개입,간식류,과자/스낵,SNACK,초코바,킨더,스낵바,0
[코코리코] 프랑스 프리미엄 엑스트라 버진 오일 3종 (택1),조미료,식용유/기름,SAUCE_SEASONING,올리브오일,코코리코,올리브오일,0
[강창구찹쌀진순대] 찰순대 500g (슬라이스),간편식,레트로트,RTC_MEAL,레트로트,강창구찹쌀진순대,레트로트,0
[삼진어묵] 미니 어묵꼬치 232g,수산물,어육가공식품,SIMPLE_PROCESSED,어묵,삼진어묵,어묵,0
[기획상품][Dole] 스위티오 실속 파인애플 2입,과일/견과류,과일,RAW_FRUIT,파인애플,기획상품,파인애플,0
[아우름] 수제 씨앗호떡 (100g X 5개),간식류,디저트/케이크,BAKERY,호떡,아우름,기타 디저트/케이크,0
"순창궁 태양초 골드 고추장, 500g, 1개 56%8,500원 3,720원 (100g당 744원) 내일(일) 도착 보장 5 (45657) 최대 186원 적립",조미료,양념/소스,SAUCE_SEASONING,고추장,궁,고추장,0
[스파게티스토리] 스파게티 3종 (매운까르보나라/토마토/베이컨크림) (택1),간편식,레트로트,RTC_MEAL,레트로트,스파게티스토리,레트로트,0
[피코크] 정갈한 소고기 미역국,간편식,레트로트,RTC_MEAL,레트로트,피코크,레트로트,0
[김재식헬스푸드] 포도 한송이즙 30포,미등록 카테고리,기타,UNKNOWN,기타,김재식헬스푸드,기타,0
[고래사] 사각어묵 3종 (택1),수산물,어육가공식품,SIMPLE_PROCESSED,어묵,고래사,어묵,0
[김정환홍삼] 홍삼 배도라지 30포 (+쇼핑백증정),미등록 카테고리,기타,UNKNOWN,기타,김정환홍삼,기타,0
[도드람한돈] 대패 앞다리살 300g (냉동),육류/계란,돼지고기,RAW_MEAT,돼지 앞다리살,도드람한돈,앞다리살,0
[워커힐] 명월관 갈비탕,간편식,레트로트,RTC_MEAL,레트로트,워커힐,레트로트,0
"곰곰 통후추, 200g, 1개 35%7,700원 4,990원 (10g당 250원) 내일(일) 도착 보장 5 (1441) 최대 250원 적립",조미료,향신료/허브,SAUCE_SEASONING,통후추,곰곰,통후추,0
[김정환홍삼] 홍삼배도라지 100포,미등록 카테고리,기타,UNKNOWN,기타,김정환홍삼,기타,0
[YOZM] 그릭요거트 초코소보로 그래놀라 120g,유제품,요거트,DAIRY,그릭요거트,YOZM,그릭요거트,0
[진가네반찬] 메추리알 곤약장조림,간편식,반찬류,SIMPLE_PROCESSED,메추리알 장조림,진가네반찬,장조림,0
"오뚜기 향긋한 들기름, 80ml, 1개 1%5,480원 5,390원 (10ml당 674원) 내일(일) 도착 보장 5 (18949) 최대 270원 적립",조미료,식용유/기름,SAUCE_SEASONING,들기름,오뚜기,들기름,0
[네이처빌] 국내산쌀 97% 한끼든든쌀국수 4종 (택1),간편식,밀키트,RTC_MEAL,밀키트,네이처빌,밀키트,0
"맥심 아라비카 100 원두 커피, 270g, 1개입, 1개 14,270원 (10g당 529원) 내일(일) 도착 보장 5 (25780) 최대 714원 적립",음료,커피/차,BEVERAGE,커피믹스,맥심,커피믹스,0
[비비고] 메추리알장조림170G,간편식,반찬류,SIMPLE_PROCESSED,메추리알 장조림,비비고,장조림,0
"서림식품 프리미엄 진참치액, 500ml, 1개 10,800원 (10ml당 216원) 내일(일) 도착 보장 5 (11961) 최대 540원 적립",조미료,조미료,SAUCE_SEASONING,참치액,서림식품,액젓,0
[클래식농원] 복숭아 병조림 3종 (택1),간식류,디저트/케이크,BAKERY,백도,클래식농원,기타 디저트/케이크,0
[진가네반찬] 열무잘박이,간편식,반찬류,SIMPLE_PROCESSED,열무김치,진가네반찬,열무김치,0
"매일바이오 플레인 저지방 요거트, 450g, 1개입, 1개 2,940원 (10g당 65원) 내일(일) 새벽 도착 보장 5 (61266) 최대 147원 적립",유제품,요거트,DAIRY,요거트,매일,요거트,0
[베베쿡] 처음먹는 어린이김 핑크솔트 10봉 (2단계),조미료,조미료,SAUCE_SEASONING,핑크소금,베베쿡,소금,0
"국내산 파슬리, 100g, 1개 3,080원 (100g당 3,080원) 내일(일) 새벽 도착 보장 5 (5262) 최대 154원 적립",조미료,향신료/허브,SAUCE_SEASONING,파슬리,,파슬리,0
"국내산 무, 1개입, 4개 6,190원 (1개당 1,548원) 내일(일) 새벽 도착 보장 4.5 (269495) 최대 310원 적립",채소/곡물류,채소,RAW_PRODUCE,무,,무,0
[올가] 현미 건빵 150g,간식류,빵류,BAKERY,건빵,올가,기타 빵류,0
[동원] Dole 워터젤리 사과 130ml X 10개입,간식류,초콜릿/사탕,SNACK,젤리,동원,젤리,0
[올레길] 제주 전용목장 명품우유 900mL,유제품,우유/두유,DAIRY,우유,올레길,우유,0
"국내산 감자, 5kg, 1개 16,560원 (100g당 331원) 내일(일) 새벽 도착 보장 4.5 (350333) 최대 828원 적립",채소/곡물류,채소,RAW_PRODUCE,감자,,감자,0
[피쉬쉘] 자숙 칵테일 새우살 200g (냉동) (71/90 사이즈),수산물,새우/게,RAW_SEAFOOD,새우,피쉬쉘,새우,0
[양포어장] 과메기 초무침 (냉장),수산물,멸치/건어물,DRIED_SEAFOOD,과메기,양포어장,과메기,0
[보물섬] 낙지 6미 850g (냉동),수산물,오징어/문어,RAW_SEAFOOD,낙지,보물섬,낙지,0
[오리온] 눈을감자 96g,간식류,과자/스낵,SNACK,눈을감자,오리온,감자칩,0
[건나물] 건토란대 100g,채소/곡물류,채소,RAW_PRODUCE,토란대,건나물,기타 채소,0
"곰곰 무항생제 신선한 초란, 30구, 1개 8,590원 (1구당 286원) 내일(일) 새벽 도착 보장 4.5 (12203) 최대 430원 적립",육류/계란,계란,RAW_MEAT,계란,곰곰,계란,0
[넛쏘굿] 몸에 좋은 믹스넛 2종 (택1),과일/견과류,견과류,RAW_FRUIT,견과류,넛쏘굿,견과류,0
[넛츠그린] 저당 저칼로리 블루베리잼 240g,상온식품,잼/스프레드,SAUCE_SEASONING,블루베리잼,넛츠그린,블루베리잼,0
[드시모네] 키즈 스텝1 블루베리향 유산균 50포 X 2박스 (100일분),미등록 카테고리,기타,UNKNOWN,기타,드시모네,기타,0
[델리백베이글] 뉴욕 H&H 베이글 패밀리팩 2종 (택1),간식류,빵류,BAKERY,베이글,델리백베이글,베이글,0
[한둘] 명인이 만든 포두부,채소/곡물류,콩/두부,SIMPLE_PROCESSED,포두부,한둘,포두부,0
[고래사어묵] 김치 우동 전골,간편식,레트로트,RTC_MEAL,레트로트,고래사,레트로트,0
"ISEA 갑오징어 몸통 포장횟감 20미 (냉동), 1개, 120g 5,900원 (100g당 4,917원) 내일(일) 새벽 도착 보장 4.5 (179) 최대 295원 적립",수산물,오징어/문어,RAW_SEAFOOD,갑오징어,ISEA,갑오징어,0
[넛츠앤베리스] 건블루베리 150g,과일/견과류,과일,RAW_FRUIT,블루베리,넛츠앤베리스,블루베리,0
[이어수산] 8단계 선별한 국물용 멸치 300g,수산물,멸치/건어물,DRIED_SEAFOOD,멸치,이어수산,멸치,0
[만선] 국산 미더덕 200g (생물),수산물,조개/전복,RAW_SEAFOOD,미더덕,만선,기타 조개류,0
[농심] 배홍동칼빔면 128g*4입,간편식,라면,INSTANT,배홍동 칼빔면,농심,기타 라면,0
[삼립] 초당옥수수 약과 2종 (택1),간식류,디저트/케이크,BAKERY,약과,삼립,약과,0
[영준목장] 구워먹는치즈 150g,유제품,치즈,DAIRY,구워먹는 치즈,영준목장,구워먹는 치즈,0
[CU 픽업] 라무네사와350*24캔,술,기타 주류,ALCOHOL,하이볼,,하이볼,0
[넛츠앤베리스] 프로틴믹스넛w,과일/견과류,견과류,RAW_FRUIT,견과류,넛츠앤베리스,견과류,0
[선물세트] 미락 영광 법성포 명품굴비 1호 950g,수산물,멸치/건어물,DRIED_SEAFOOD,굴비,,굴비,0
"올리타리아 엑스트라 버진 올리브오일, 250ml, 1개 44%15,900원 8,900원 (100ml당 3,560원) 내일(일) 새벽 도착 보장 5 (1700) 최대 445원 적립",조미료,식용유/기름,SAUCE_SEASONING,올리브오일,올리타리아,올리브오일,0
삼계탕용 반마리 닭 2입 (냉동)(티백 포함),육류/계란,닭고기,RAW_MEAT,생닭,,생닭,0
[만선] 모시조개 400g (생물),수산물,조개/전복,RAW_SEAFOOD,모시조개,만선,모시조개,0
[온더고] 고구마 함박스테이크 정식,간편식,레트로트,RTC_MEAL,레트로트,온더고,레트로트,0
[요루코글루] 카이막 치즈 180g,유제품,치즈,DAIRY,카이막 치즈,요루코글루,기타 치즈,0
[제일맞게컬리] 현미곤약 주먹밥 3종 (택1),간편식,즉석밥,INSTANT,즉석 주먹밥,제일맞게컬리,즉석 주먹밥,0
[로아커] 베스트 비스킷 & 초콜릿 틴 307.5g,간식류,과자/스낵,SNACK,비스킷,로아커,비스킷,0
[파스키에] 오페라 케이크 (65g X 4개입),간식류,디저트/케이크,BAKERY,케이크,파스키에,케이크,0
[도드람한돈] 항정살 구이용 500g (냉장),육류/계란,돼지고기,RAW_MEAT,항정살,도드람한돈,항정살,0
"곰곰 국산 찹쌀가루, 500g, 2개 23%11,140원 8,510원 (100g당 851원) 내일(일) 도착 보장 5 (2019) 최대 425원 적립",조미료,가루분말,SAUCE_SEASONING,찹쌀가루,곰곰,찹쌀가루,0
[HBAF] 카라멜 솔티드 프레첼 30g X 5개입,간식류,과자/스낵,SNACK,프레첼,HBAF,기타 과자/스낵,0
"알티스트 아몬드 파우더, 250g, 1개 22%10,900원 8,450원 (100g당 3,380원) 내일(일) 새벽 도착 보장 5 (2632) 최대 359원 적립",조미료,가루분말,SAUCE_SEASONING,아몬드 분말,알티스트,아몬드 가루,0
[CJ] 주부초밥왕 국산콩 유부초밥 328g,간편식,즉석밥,INSTANT,즉석 유부초밥,CJ,즉석밥,0
[Kurly's] 샌드위치용 달걀 참치 샐러드 500g,간편식,샐러드팩,RTC_MEAL,달걀 참치 샐러드,Kurly's,샐러드,0
"풀무원 유기농 인증 숙주, 300g, 1개 2,060원 (100g당 687원) 내일(일) 새벽 도착 보장 5 (14298) 최대 103원 적립",채소/곡물류,채소,RAW_PRODUCE,숙주나물,풀무원,숙주,0
"오뚜기 빵가루, 1kg, 1개 20%7,580원 6,020원 (100g당 602원) 내일(일) 새벽 도착 보장 5 (1324) 최대 301원 적립",조미료,가루분말,SAUCE_SEASONING,빵가루,오뚜기,빵가루,0
[뉴러우멘관즈] 량멘(대만식 땅콩 비빔면) 2인분,간편식,밀키트,RTC_MEAL,밀키트,뉴러우멘관즈,밀키트,0
"씨익 소반미반 찹쌀, 500g, 1개 31%5,800원 3,980원 (100g당 796원) 내일(일) 도착 보장 5 (919) 최대 199원 적립",채소/곡물류,쌀/잡곡,GRAIN,찹쌀,소반미반,찹쌀,0
[둥구나무] 미역줄기볶음,간편식,반찬류,SIMPLE_PROCESSED,미역줄기 볶음,둥구나무,기타 반찬류,0
[CU 픽업] 부쉬밀16년(싱글몰트),술,기타 주류,ALCOHOL,위스키,,위스키,0
"다비앙 유기농 캐모마일 티백, 1.5g, 20개입, 1개 8,800원 (10g당 2,933원) 내일(일) 도착 보장 5 (5375) 최대 440원 적립",음료,커피/차,BEVERAGE,티백,다비앙,티백,0
"곰곰 신선한 저지방우유, 2.3L, 1개 4,780원 (100ml당 208원) 내일(일) 새벽 도착 보장 5 (44382) 최대 239원 적립",유제품,우유/두유,DAIRY,저지방 우유,곰곰,저지방 우유,0
[백설] 중력밀가루 2.5kg,조미료,가루분말,SAUCE_SEASONING,중력분,백설,밀가루,0
"요리락 언양식 석쇠 불고기 (냉동), 1개, 400g 28%13,900원 9,900원 (100g당 2,475원) 내일(일) 새벽 도착 보장 4.5 (2744) 최대 495원 적립",간편식,밀키트,RTC_MEAL,밀키트,요리락,밀키트,0
[UCC] RTD 커피 5종(택1),음료,커피/차,BEVERAGE,커피,UCC,커피,0
[버터팬트리] 허니 바닐라 버터 100g,유제품,버터/생크림,DAIRY,허니 바닐라 버터,버터팬트리,버터,0
[건강한약속 바른] 바른 인절미효소 (30포),미등록 카테고리,기타,UNKNOWN,기타,건강한약속 바른,기타,0
"프레지덩 미니 버터, 200g, 2개 17,350원 (100g당 4,338원) 내일(일) 새벽 도착 보장 5 (41698) 최대 868원 적립",유제품,버터/생크림,DAIRY,버터,프레지덩,버터,0
"페이장브르통 빼띠 버터, 200g, 1개 10,790원 (100g당 5,395원) 내일(일) 새벽 도착 보장 5 (21579) 최대 540원 적립",유제품,버터/생크림,DAIRY,버터,페이장브르통,버터,0
"건강한밥상 국산 백태, 1kg, 1개 29%15,400원 10,800원 (100g당 1,080원) 내일(일) 도착 보장 4.5 (7888) 최대 540원 적립",채소/곡물류,콩/두부,SIMPLE_PROCESSED,백태,건강한밥상,콩,0
"모카골드 마일드 커피믹스 400T, 12g, 1개입, 400개 16%60,000원 50,290원 (10g당 105원) 2/11(수) 도착 예정 5 (177369) 최대 2,515원 적립",음료,커피/차,BEVERAGE,커피믹스,맥심,커피믹스,0
"슈퍼 사우어 웜즈 구미 60봉지입 대용량, 1개, 600g 할인38%20,000원 12,310원 (10g당 205원) 내일(일) 도착 보장 4.5 (1060) 최대 615원 적립",간식류,초콜릿/사탕,SNACK,사우어 웜즈 구미,,젤리,0
[라빈리커픽업][설 선물] 비네티 델 살렌토 졸라 네그로 아마로 (와인),술,와인,ALCOHOL,레드 와인,비네티 델 살렌토,레드 와인,0
"대천김 재래 도시락김 DC1128, 5g, 16개 42%12,000원 6,940원 (10g당 868원) 내일(일) 새벽 도착 보장 5 (364) 최대 347원 적립",상온식품,김/자반,DRIED_SEAFOOD,김,대천김,김,0
"당의신 저당지수 30곡 혼합잡곡 4kg, 1개 19,990원 (100g당 500원) 내일(일) 도착 보장 4.5 (3159) 최대 1,000원 적립",채소/곡물류,쌀/잡곡,GRAIN,잡곡,당의신,잡곡,0
[마마리] 트러플 바질페스토,상온식품,잼/스프레드,SAUCE_SEASONING,바질페스토,마마리,페스토,0
[선물세트] 몽샹82 누가 크래커 8개입 2종 (택1),간식류,과자/스낵,SNACK,크래커,,크래커,0
"우리차 작두콩차, 1g, 40개입, 1개 5,700원 (10g당 1,425원) 내일(일) 도착 보장 5 (7235) 최대 285원 적립",음료,커피/차,BEVERAGE,작두콩차,우리차,기타 음료(차),0
[닥터브라이언] 써니업 비타민D 파인애플 플레이버 (100일분),미등록 카테고리,기타,UNKNOWN,기타,닥터브라이언,기타,0
[미트엔조이] 시즈닝 안심 스테이크 150g,간편식,밀키트,RTC_MEAL,밀키트,미트엔조이,밀키트,0
[해태] 버터링 봄 시즌 한정 딥 라즈베리 155g,간식류,과자/스낵,SNACK,버터링,해태,비스킷,0
[오마뎅] 우리 사과 떡볶이 2종,간편식,밀키트,RTC_MEAL,밀키트,오마뎅,밀키트,0
[리터스포트] 너트 셀렉션 4종 (택1),간식류,초콜릿/사탕,SNACK,초콜릿,리터스포트,초콜릿,0
"칠갑농산 옥수수전분, 400g, 1개 쿠폰할인4%4,100원 3,900원 (100g당 975원) 내일(일) 도착 보장 5 (2513) 최대 195원 적립",조미료,가루분말,SAUCE_SEASONING,옥수수 전분,칠갑농산,옥수수전분,0
"햇님마을 양념이 잘 어우러지는 국산 고춧가루 보통매운맛, 110g, 1개 6,900원 (100g당 6,273원) 내일(일) 도착 보장 5 (20840) 최대 345원 적립",조미료,가루분말,SAUCE_SEASONING,고춧가루,햇님마을,고춧가루,0
"만능 옥수수 전분, 300g, 1개 24%2,100원 1,590원 (100g당 530원) 내일(일) 도착 보장 5 (1893) 최대 80원 적립",조미료,가루분말,SAUCE_SEASONING,옥수수 전분,만능,옥수수전분,0
[대천김] 곱창 전장김 20g X 3봉,상온식품,김/자반,DRIED_SEAFOOD,김,대천김,김,0
[횡성축협한우] 1++ 한우 안심 스테이크 200g (냉장),육류/계란,소고기,RAW_MEAT,소 안심,횡성축협한우,소 안심,0
[갈비아저씨] 한돈매운갈비찜 600g (냉동),간편식,레트로트,RTC_MEAL,레트로트,갈비아저씨,레트로트,0
[수산곳간] 내이름은 오징어,간식류,과자/스낵,SNACK,오징어 스낵,수산곳간,스낵,0
[비비고] 우리아이 한입 백김치,간편식,반찬류,SIMPLE_PROCESSED,백김치,비비고,백김치,0
[대상웰라이프] 뉴케어 오트아몬드맛 200mL 30팩,미등록 카테고리,기타,UNKNOWN,기타,대상웰라이프,기타,0
7일 향미 현미 4kg,채소/곡물류,쌀/잡곡,GRAIN,현미,7일,현미,0
"[덱스트로에너지] 제로칼로리 (20일분) (오렌지,베리,라임) 3종 택1",미등록 카테고리,기타,UNKNOWN,기타,덱스트로에너지,기타,0
[치즈문] HI-Five 맥앤치즈,간편식,샐러드팩,RTC_MEAL,맥앤치즈,치즈문,샐러드,0
[선물세트]온담 더커진 약용버섯 혼합세트,미등록 카테고리,기타,UNKNOWN,기타,,기타,0
"오리온 쫀득쫀득 참붕어빵 12p + 호떡 품은 참붕어빵 12p 세트, 720g, 1세트 11,110원 (10g당 154원) 내일(일) 도착 보장 5 (3843) 최대 555원 적립",간식류,과자/스낵,SNACK,참붕어빵,오리온,기타 과자/스낵,0
대관령눈마을 황태 100g 2종 (택1),수산물,멸치/건어물,DRIED_SEAFOOD,황태,대관령눈마을,황태,0
[Picard] 토마토&모짜렐라 뇨끼,간편식,레트로트,RTC_MEAL,레트로트,Picard,레트로트,0
[정관장] 에브리타임 배 플레이버 (20일분),미등록 카테고리,기타,UNKNOWN,기타,정관장,기타,0
[우리농] 고수례 유기농 현미 4kg,채소/곡물류,쌀/잡곡,GRAIN,현미,우리농,현미,0
[더오담] 국내산 현미 팝스틱 200g,간식류,과자/스낵,SNACK,곡물 스틱,더오담,기타 과자/스낵,0
"비비드키친 저칼로리 토마토 케첩, 1개, 280g 3,590원 (100g당 1,282원) 내일(일) 새벽 도착 보장 5 (16210) 최대 180원 적립",조미료,양념/소스,SAUCE_SEASONING,케첩,비비드키친,케첩,0
"일리 다크 인텐소 볼드 로스트 캡슐 커피, 18개입, 2개 38%40,000원 24,800원 (1개당 689원) 2/10(화) 도착 예정 5 (12503) 최대 1,240원 적립",음료,커피/차,BEVERAGE,커피캡슐,일리,커피캡슐,0
[덴마크] 요거밀 통오트 아몬드 (85g X 8개),유제품,요거트,DAIRY,요거트,덴마크,요거트,0
[푸드어셈블] K-투움바 파스타 밀키트 (2인),간편식,밀키트,RTC_MEAL,밀키트,푸드어셈블,밀키트,0
[애슐리] 크사삭치킨 2종 (택1),간편식,냉동식품,FROZEN_MEAL,냉동 치킨,애슐리,냉동 치킨,0
[Kim's butcher] 호주산 소고기 앞다리 불고기 300g,육류/계란,소고기,RAW_MEAT,불고기용 소고기,Kim's butcher,불고기,0
[KF365] 1+ 한우 등심 대용량 1kg (냉장),육류/계란,소고기,RAW_MEAT,소 등심,KF365,소 등심,0
[바시론] 그린 페스토 치즈 200g,유제품,치즈,DAIRY,페스토 치즈,바시론,기타 치즈,0
[도쿄바나나] 바나나 빵 (38g X 8개),간식류,빵류,BAKERY,바나나 빵,도쿄바나나,기타 빵류,0
[이즈니] 게랑드 씨솔트 처닝버터 250g,유제품,버터/생크림,DAIRY,처닝버터,이즈니,버터,0
[엄마밥상] 대파 닭개장,간편식,레트로트,RTC_MEAL,레트로트,엄마밥상,레트로트,0
[삼삼물산] 간편하게 즐기는 매생이 450g (냉동),수산물,미역/다시마,DRIED_SEAFOOD,매생이,삼삼물산,매생이,0
[동원] 미니 파인애플 234g,과일/견과류,과일,RAW_FRUIT,파인애플,동원,파인애플,0
"곰곰 무항생제 신선한 왕란, 15구, 1개 6,630원 (1구당 442원) 내일(일) 새벽 도착 보장 4.5 (44988) 최대 331원 적립",육류/계란,계란,RAW_MEAT,계란,곰곰,계란,0
[동화약품] 부채표 배러레스트 120ml 10입,미등록 카테고리,기타,UNKNOWN,기타,동화약품,기타,0
바로 데워먹는 고구마 야채찜 180g,간편식,밀키트,RTC_MEAL,밀키트,,밀키트,0
"모아미트 캐나다산 보리먹인 암퇘지 통목살 에어프라이어용 (냉장), 1kg, 1개 34%24,750원 16,260원 (100g당 1,626원) 내일(일) 새벽 도착 보장 5 (6288) 최대 813원 적립",육류/계란,돼지고기,RAW_MEAT,돼지 목살,모아미트,목살,0
[소하동고방] 현미 스낵 2종 (택1),간식류,과자/스낵,SNACK,곡물 과자,소하동고방,기타 과자/스낵,0
뽀로로가 좋아하는 튼튼우유 (140mL x 24개),유제품,우유/두유,DAIRY,우유,,우유,0
[바다양푼이동태탕] 시원 칼칼 꽃게탕,간편식,밀키트,RTC_MEAL,밀키트,바다양푼이동태탕,밀키트,0
[맑은물에] 국산 촌두부 550g,채소/곡물류,콩/두부,SIMPLE_PROCESSED,두부,맑은물에,두부,0
"오뚜기 옛날 조청 쌀엿, 1.2kg, 2개 11,340원 (100g당 473원) 내일(일) 도착 보장 5 (28250) 최대 567원 적립",조미료,양념/소스,SAUCE_SEASONING,쌀엿,오뚜기,물엿,0
"범산목장 유기가공식품인증 우유, 1L, 1개 5,900원 (100ml당 590원) 내일(일) 새벽 도착 보장 5 (6316) 최대 295원 적립",유제품,우유/두유,DAIRY,우유,범산목장,우유,0
"곰곰 동물복지 우유, 900ml, 2팩 5,950원 (100ml당 331원) 내일(일) 새벽 도착 보장 5 (7599) 최대 298원 적립",유제품,우유/두유,DAIRY,우유,곰곰,우유,0
"스팸 25% 라이트 햄통조림, 200g, 6개 51%33,960원 16,500원 (10g당 138원) 내일(일) 도착 보장 5 (64757) 최대 825원 적립",상온식품,참치/스팸캔,CANNED,스팸,스팸,스팸,0
[니비시] 사시미 간장 360mL,조미료,양념/소스,SAUCE_SEASONING,간장,니비시,간장,0
[마즈] 이클립스 쿨링 소프트 캔디 레몬민트향 585g,간식류,초콜릿/사탕,SNACK,이클립스,마즈,기타 초콜릿/사탕,0
[동화약품] 부채표 배러텐션 120ml 10입,미등록 카테고리,기타,UNKNOWN,기타,동화약품,기타,0
"친환경 흙당근, 1개입, 1개 1,490원 (1개당 1,490원) 내일(일) 새벽 도착 보장 5 (6763) 최대 75원 적립",채소/곡물류,채소,RAW_PRODUCE,당근,친환경,당근,0
"국내산 청양고추, 150g, 1개 2,320원 (100g당 1,547원) 내일(일) 새벽 도착 보장 5 (298518) 최대 116원 적립",채소/곡물류,채소,RAW_PRODUCE,청양고추,,청양고추,0
"오뚜기 진라면 컵 매운맛 65g, 6개 5%5,100원 4,840원 (1개당 807원) 내일(일) 새벽 도착 보장 5 (6958) 최대 242원 적립",간편식,라면,INSTANT,진라면 매운맛,오뚜기,사발면(컵라면),0
[백설] 육수에는 1분링 멸치디포리 4gx20개입,조미료,조미료,SAUCE_SEASONING,코인육수,백설,육수,0
[사조대림] 오븐구이 그릴햄 400g,육류/계란,가공육(햄/소시지),PROCESSED_MEAT,햄,사조대림,햄,0
[오뚜기] 오뚜기밥 잡곡 3종,간편식,즉석밥,INSTANT,즉석밥 잡곡,오뚜기,즉석밥,0
[끌레도르]더단백바 4개입 2종(택1),간식류,과자/스낵,SNACK,단백질바,끌레도르,스낵바,0
"해표 카놀라유, 900ml, 6개 63%59,400원 21,800원 (100ml당 404원) 내일(일) 도착 보장 5 (136966) 최대 1,090원 적립",조미료,식용유/기름,SAUCE_SEASONING,카놀라유,해표,카놀라유,0
"맑은물에 촌두부, 550g, 1개 1,750원 (100g당 318원) 내일(일) 새벽 도착 보장 5 (33174) 최대 88원 적립",채소/곡물류,콩/두부,SIMPLE_PROCESSED,두부,맑은물에,두부,0
[천호엔케어] 배도라지청 30팩,미등록 카테고리,기타,UNKNOWN,기타,천호엔케어,기타,0
"곰곰 아삭한 숙주나물, 1kg, 1개 3,300원 (100g당 330원) 내일(일) 새벽 도착 보장 4.5 (15483) 최대 165원 적립",채소/곡물류,채소,RAW_PRODUCE,숙주나물,곰곰,숙주,0
[로우키] 커피 드립백 2종 (택1),음료,커피/차,BEVERAGE,커피 드립백,로우키,드립백,0
[밀도] 어메이징오트 통밀식빵 350g,간식류,빵류,BAKERY,식빵,밀도,식빵,0
"광천김 3대째 달인 재래 전장김, 20g, 10개 16%15,000원 12,540원 (10g당 627원) 내일(일) 도착 보장 새 상품, 반품-미개봉 (5) 최저11,800원 4.5 (11907) 최대 621원 적립",상온식품,김/자반,DRIED_SEAFOOD,김,광천김,김,0
"국내산 친환경 고기느타리버섯, 300g, 1개 2,980원 (100g당 993원) 내일(일) 새벽 도착 보장 5 (9582) 최대 149원 적립",채소/곡물류,버섯,RAW_PRODUCE,느타리버섯,,느타리버섯,0
[도드람한돈] 훈제 족발 200g (냉장),간편식,레트로트,RTC_MEAL,레트로트,도드람한돈,레트로트,0
"던킨도너츠 에스프레소 블렌드 캡슐커피, 20개입, 1개 쿠폰할인5%9,010원 8,480원 (10g당 848원) 내일(일) 도착 보장 4.5 (7258) 최대 424원 적립",음료,커피/차,BEVERAGE,커피캡슐,던킨도너츠,커피캡슐,0
"후르트텔라 요구르트향 츄잉캔디, 590g, 1개 7,920원 (10g당 134원) 내일(일) 도착 보장 5 (60653) 최대 396원 적립",간식류,초콜릿/사탕,SNACK,츄잉 캔디,후르트텔라,사탕(캔디),0
[루솔] 굿케어키즈 홍삼면역젤리 20포,미등록 카테고리,기타,UNKNOWN,기타,루솔,기타,0
[프로메스] 프랑스 멸균우유 1L,유제품,우유/두유,DAIRY,우유,프로메스,우유,0
[비움반찬] 묵은지 들기름볶음,간편식,반찬류,SIMPLE_PROCESSED,묵은지 볶음,비움반찬,기타 반찬류,0
[바름팜] 친환경 절단대파 300g,채소/곡물류,채소,RAW_PRODUCE,대파,바름팜,대파,0
[옆집꽃님이네] 직화구이김 5g X 27봉 2종 (택1),상온식품,김/자반,DRIED_SEAFOOD,김,옆집꽃님이네,김,0
[두에비토리에] IGP 발사믹 (포도농축액80%),조미료,양념/소스,SAUCE_SEASONING,발사믹 식초,두에비토리에,발사믹 식초,0
[부침명장] 계란옷 입은 동태전 400g,간편식,반찬류,SIMPLE_PROCESSED,동태전,부침명장,기타 반찬류,0
"김구원선생 국산콩으로 만든 마파두부 2인분, 615g, 1개 8,900원 (100g당 1,447원) 내일(일) 새벽 도착 보장 5 (1244) 최대 445원 적립",간편식,레트로트,RTC_MEAL,레트로트,김구원선생,레트로트,0
[브레드가든] 슈가파우더 210g,조미료,가루분말,SAUCE_SEASONING,슈가파우더,브레드가든,슈가파우더,0
[대상웰라이프] 뉴케어 미니 바나나맛 24팩,미등록 카테고리,기타,UNKNOWN,기타,대상웰라이프,기타,0
[오모가리] 수제 김치찌개 2종,간편식,레트로트,RTC_MEAL,레트로트,오모가리,레트로트,0
[Better me] 냉장 닭가슴살 4종 (1팩/4팩) (택1),육류/계란,닭고기,RAW_MEAT,닭가슴살,Better me,닭가슴살,0
[미엘드] 벌꿀 no.2 선물세트,조미료,양념/소스,SAUCE_SEASONING,꿀,미엘드,꿀,0
[한생]  바로담아 국산 참기름 180mL,조미료,식용유/기름,SAUCE_SEASONING,참기름,한생,참기름,0
"태안군농협 2025년산 햅쌀 단일품종 삼광쌀, 상등급, 10kg, 1개 15%40,000원 33,900원 (100g당 339원) 내일(일) 도착 보장 4.5 (2362) 최대 1,695원 적립",채소/곡물류,쌀/잡곡,GRAIN,쌀,농협,쌀,0
[김재규우리떡연구소] 쑥인절미 2종 (택1),간식류,떡,SNACK,인절미,김재규우리떡연구소,인절미,0
[레스토랑 알렌 Allen] 라구 에그 생면 파스타,간편식,밀키트,RTC_MEAL,밀키트,레스토랑 알렌 Allen,밀키트,0
[종가] 시원한동치미 1.2kg,간편식,반찬류,SIMPLE_PROCESSED,동치미,종가,동치미,0
"오뚜기 화이트 식초, 1.8L, 1개 3,540원 (10ml당 20원) 내일(일) 새벽 도착 보장 5 (2952) 최대 177원 적립",조미료,양념/소스,SAUCE_SEASONING,화이트 식초,오뚜기,식초,0
오이맛고추 300g,채소/곡물류,채소,RAW_PRODUCE,오이고추,,오이고추,0
"쿠라콘 시오 콘부 염장 다시마, 1개, 130g 11,500원 (100g당 8,846원) 내일(일) 새벽 도착 보장 5 (97) 최대 575원 적립",수산물,미역/다시마,DRIED_SEAFOOD,다시마,쿠라콘,다시마,0
"오뚜기 사과식초, 900ml, 2개 22%6,360원 4,910원 (10ml당 27원) 내일(일) 도착 보장 5 (98042) 최대 245원 적립",조미료,양념/소스,SAUCE_SEASONING,식초,오뚜기,식초,0
[그릭슈바인] 닭가슴살 비엔나,육류/계란,가공육(햄/소시지),PROCESSED_MEAT,비엔나,그릭슈바인,비엔나 소세지,0
[조선호텔김치] 조선 어린이 백김치 400g,간편식,반찬류,SIMPLE_PROCESSED,백김치,조선호텔김치,백김치,0
[로아커] 버라이어티 비스킷 & 초콜릿 어쏘트팩 400g,간식류,과자/스낵,SNACK,비스킷,로아커,비스킷,0
동결건조 매생이 2g X 6입,수산물,미역/다시마,DRIED_SEAFOOD,매생이,,매생이,0
"오뚜기 진라면 매운맛 컵 65g, 15개 14%12,750원 10,850원 (1개당 723원) 내일(일) 도착 보장 새 상품, 반품-미개봉 (40) 최저9,800원 5 (133701) 최대 543원 적립",간편식,라면,INSTANT,진라면 매운맛,오뚜기,사발면(컵라면),0
[드시모네] 키즈 스텝1 블루베리향 유산균 (50일분),미등록 카테고리,기타,UNKNOWN,기타,드시모네,기타,0
"맛잽이식품 춘천닭갈비 (냉동), 800g, 1봉 13,100원 (100g당 1,638원) 내일(일) 새벽 도착 보장 4.5 (30659) 최대 655원 적립",간편식,밀키트,RTC_MEAL,밀키트,맛잽이식품,밀키트,0
"곰곰 무항생제 인증 닭안심 다짐육 (냉동), 350g, 1개 42%10,900원 6,320원 (100g당 1,806원) 내일(일) 새벽 도착 보장 5 (471) 최대 316원 적립",육류/계란,닭고기,RAW_MEAT,닭 안심,곰곰,닭 안심,0
[남양] 맛있는우유 GT 초코 우유 300mL,유제품,우유/두유,DAIRY,초코우유,남양,가공우유,0
[도리깨침] 소고기 알배추찜 (저당소스 포함),간편식,밀키트,RTC_MEAL,밀키트,도리깨침,밀키트,0
[정지선의 티엔미미] 홍소새우완탕면,간편식,밀키트,RTC_MEAL,밀키트,정지선의 티엔미미,밀키트,0
[소부당] 추억의 떡꼬치,간편식,밀키트,RTC_MEAL,밀키트,소부당,밀키트,0
[비스퀴테리 엠오] 스콘 90g,간식류,빵류,BAKERY,스콘,비스퀴테리 엠오,스콘,0
[소금집] 잠봉 프로마쥬 샌드위치,간식류,빵류,BAKERY,샌드위치,소금집,샌드위치,0
[래핑카우] 벨큐브 스페니쉬 미니 24큐브 치즈,유제품,치즈,DAIRY,치즈,래핑카우,기타 치즈,0
"시장쏙 전연화 들기름, 350ml, 1개 할인64%33,990원 11,990원 (10ml당 343원) 내일(일) 도착 보장 4.5 (19506) 최대 600원 적립",조미료,식용유/기름,SAUCE_SEASONING,들기름,시장쏙,들기름,0
[KF365] 제주토막갈치 3종 (냉동) (택1),수산물,생선,RAW_SEAFOOD,갈치,KF365,회 묶음,0
[바름팜] 간편하게 손질한 무채 300g,채소/곡물류,채소,RAW_PRODUCE,무채,바름팜,무,0
[이동삼명인] 손질 안동간고등어 150g (냉동),간편식,레트로트,RTC_MEAL,레트로트,이동삼명인,레트로트,0
[밤부] 누가 크래커 140g,간식류,과자/스낵,SNACK,크래커,밤부,크래커,0
[마이디벨] 해쉬브라운 10+10(20개입),간편식,냉동식품,FROZEN_MEAL,냉동 해쉬브라운,마이디벨,냉동 튀김,0
"곰곰 흰다리 새우, 1000g, 1개 33%29,900원 19,990원 (100g당 1,999원) 내일(일) 새벽 도착 보장 5 (4463) 최대 1,000원 적립",수산물,새우/게,RAW_SEAFOOD,새우,곰곰,새우,0
[진가네반찬] 계란말이,간편식,반찬류,SIMPLE_PROCESSED,계란말이,진가네반찬,기타 반찬류,0
[고메] 통등심 돈카츠,간편식,냉동식품,FROZEN_MEAL,냉동 돈까스,고메,냉동 돈까스,0
[종가] 백김치 3kg,간편식,반찬류,SIMPLE_PROCESSED,백김치,종가,백김치,0
[해통령] 육수한알 분말스틱형_깊고 진한맛,조미료,가루분말,SAUCE_SEASONING,육수 분말,해통령,기타 가루분말,0
[은비갈비] 칼집 양념구이 500g (냉동),육류/계란,돼지고기,RAW_MEAT,돼지갈비,은비갈비,돼지갈비,0
"미소한입 볶음분태땅콩 1/16, 1kg, 1개 7,550원 (100g당 755원) 내일(일) 도착 보장 5 (27) 최대 378원 적립",조미료,가루분말,SAUCE_SEASONING,땅콩 분태,미소한입,기타 가루분말,0
[QBB] 스모크 치즈 50g,유제품,치즈,DAIRY,스모크 치즈,QBB,기타 치즈,0
[오니스트] 케라그로우 망고 28포,미등록 카테고리,기타,UNKNOWN,기타,오니스트,기타,0
[그릭오] 띠크 그릭요거트 100g,유제품,요거트,DAIRY,그릭요거트,그릭오,그릭요거트,0
[마담로익] 크림치즈 3종 (택1),유제품,치즈,DAIRY,크림치즈,마담로익,크림치즈,0
"무항생제 신선 대란 1.56kg, 30구, 2개 16,780원 (1구당 280원) 내일(일) 새벽 도착 보장 5 (14466) 최대 839원 적립",육류/계란,계란,RAW_MEAT,계란,,계란,0
"비앙카 부라타 치즈, 125g, 1개입, 1개 6,190원 (10g당 495원) 내일(일) 새벽 도착 보장 5 (868) 최대 310원 적립",유제품,치즈,DAIRY,부라타 치즈,비앙카,부라타 치즈,0
[바이탈뷰티] NEW 슈퍼콜라겐 28앰플,미등록 카테고리,기타,UNKNOWN,기타,바이탈뷰티,기타,0
[기장물산] 미역귀다리,수산물,미역/다시마,DRIED_SEAFOOD,미역귀다리,기장물산,미역,0
[KF365] 한돈 깍둑 항정 구이용 (미박) 300g (냉장),육류/계란,돼지고기,RAW_MEAT,항정살,KF365,항정살,0
"펩시 제로 슈거 라임향 제로 카페인, 355ml, 24개 16,240원 (100ml당 191원) 내일(일) 도착 보장 5 (3033) 최대 812원 적립",음료,탄산음료,BEVERAGE,펩시 제로 라임,펩시 ,콜라,0
[자연담은] 유기농 찹쌀 삼계탕 키트,간편식,밀키트,RTC_MEAL,밀키트,자연담은,밀키트,0
[기뜬정] 수제 오란다 부산 (24개입),간식류,과자/스낵,SNACK,오란다,기뜬정,강정/한과,0
[햇살굽는집] 리얼 고구마빵 (85g X 3개입),간식류,빵류,BAKERY,고구마 빵,햇살굽는집,기타 빵류,0
"바나나킥, 75g, 6개 6,970원 (10g당 155원) 내일(일) 도착 보장 5 (14837) 최대 349원 적립",간식류,과자/스낵,SNACK,바나나킥,농심,스낵,0
[연세두유] 고소한 두유 2종 (190mL X 6개),유제품,우유/두유,DAIRY,두유,연세두유,두유,0
"샘표 맑은 조선간장, 930ml, 1개 21%10,530원 8,240원 (100ml당 886원) 내일(일) 도착 보장 5 (30508) 최대 412원 적립",조미료,양념/소스,SAUCE_SEASONING,조선간장,샘표,국간장,0
"루카스나인 시그니처 더블샷라떼 커피믹스, 14.9g, 50개입, 2개 11%39,800원 35,200원 (10g당 236원) 내일(일) 도착 보장 5 (69368) 최대 1,760원 적립",음료,커피/차,BEVERAGE,커피믹스,루카스나인,커피믹스,0
"아산시농협 2025년 햅쌀 아산맑은쌀 삼광미, 10kg, 1개, 특등급 15%43,900원 36,900원 (100g당 369원) 내일(일) 도착 보장 5 (6026) 최대 1,845원 적립",채소/곡물류,쌀/잡곡,GRAIN,쌀,농협,쌀,0
[하와이안 파라다이스] 코나커피 올인원 드립백 (10g X 5개),음료,커피/차,BEVERAGE,커피 드립백,하와이안 파라다이스,드립백,0
[VASAK] 김부각 시그니처 7종 (택1),상온식품,김/자반,DRIED_SEAFOOD,김부각,VASAK,김부각,0
[마이노멀] 국산 100% 저당 고추장 230g,조미료,양념/소스,SAUCE_SEASONING,고추장,마이노멀,고추장,0
[진가네반찬] 쥐포양념볶음,간편식,반찬류,SIMPLE_PROCESSED,쥐포볶음,진가네반찬,기타 반찬류,0
[바릴라] 파스타면 4종,채소/곡물류,면류,GRAIN,파스타면,바릴라,파스타면,0
[오설록] 유기농 가루녹차 40g,음료,커피/차,BEVERAGE,녹차,오설록,녹차,0
[한스케익] 초코 생크림 롤 380g,간식류,디저트/케이크,BAKERY,롤케이크,한스케익,롤케이크,0
"첫맛 만능 멸치육수, 1.95kg, 1개 23%17,800원 13,640원 (10g당 70원) 내일(일) 도착 보장 5 (35213) 최대 648원 적립",조미료,조미료,SAUCE_SEASONING,멸치 욱수,첫맛,육수,0
"몽크슈 헤이즐넛향 시럽 위드 알룰로스, 530g, 1개 8,900원 (100g당 1,679원) 내일(일) 도착 보장 4.5 (3360) 최대 423원 적립",조미료,양념/소스,SAUCE_SEASONING,헤이즐넛 시럽,몽크슈,기타 소스,0
[감코리아] 햇 둥시 곶감  10입 2종,간식류,디저트/케이크,BAKERY,곶감,감코리아,곶감,0
[강훈목장] 수제 드링크 요거트 플레인 1000mL,유제품,요거트,DAIRY,요거트,강훈목장,요거트,0
"한둘 명인이 국산콩으로 만든 한끼 두부 부침용, 120g, 6팩 8,270원 (100g당 1,149원) 내일(일) 새벽 도착 보장 5 (24549) 최대 414원 적립",채소/곡물류,콩/두부,SIMPLE_PROCESSED,두부,한둘,두부,0
[드시모네] 키즈 스텝2 블루베리향 유산균 (30일분),미등록 카테고리,기타,UNKNOWN,기타,드시모네,기타,0
"국산 고등어살 (냉동), 600g, 1개 8,270원 (100g당 1,378원) 내일(일) 새벽 도착 보장 4.5 (186) 최대 414원 적립",수산물,생선,RAW_SEAFOOD,고등어,,고등어,0
"꼬깔콘 롯데제과 군옥수수맛, 67g, 5개 5,900원 (10g당 176원) 내일(일) 도착 보장 5 (28360) 최대 295원 적립",간식류,과자/스낵,SNACK,꼬깔콘,롯데,스낵,0
"해맑은푸드 바베큐 조미오징어, 300g, 1개 13%14,900원 12,870원 (10g당 429원) 내일(일) 도착 보장 4.5 (8493) 최대 592원 적립",간식류,과자/스낵,SNACK,오징어 스낵,해맑은푸드,스낵,0
[전주 베테랑] 고기만두,간편식,냉동식품,FROZEN_MEAL,냉동 만두,전주 베테랑,냉동 만두,0
"해태제과 후렌치파이 사과, 384g, 1개 5,860원 (10g당 153원) 내일(일) 도착 보장 5 (6919) 최대 293원 적립",간식류,과자/스낵,SNACK,후렌치파이,해태제과,파이류,0
"혼식 국산 늘보리쌀, 4kg, 1개 11%13,500원 11,900원 (100g당 298원) 내일(일) 도착 보장 4.5 (2609) 최대 570원 적립",채소/곡물류,쌀/잡곡,GRAIN,쌀,혼식,쌀,0
[미자언니네] 오징어실채볶음,간편식,반찬류,SIMPLE_PROCESSED,오징어채 볶음,미자언니네,기타 반찬류,0
"맥심 모카골드 마일드 원두커피, 500g, 1개입, 2개 38,260원 (10g당 383원) 내일(일) 새벽 도착 보장 5 (1880) 최대 1,913원 적립",음료,커피/차,BEVERAGE,커피믹스,맥심,커피믹스,0
[KF365] 미국산 돼지고기 목전지 수육용 1kg,육류/계란,돼지고기,RAW_MEAT,목전지,KF365,앞다리살,0
"폰타나 비프 굴라쉬 토마토 스튜, 250g, 6개 쿠폰할인50%29,880원 14,940원 (100g당 996원) 내일(일) 도착 보장 5 (2842) 최대 747원 적립",간편식,레트로트,RTC_MEAL,레트로트,폰타나,레트로트,0
"에스파놀라 아보카도오일 스프레이형, 200ml, 1개 12,000원 (100ml당 6,000원) 내일(일) 도착 보장 5 (2643) 최대 600원 적립",조미료,식용유/기름,SAUCE_SEASONING,아보카도 오일,에스파놀라,아보카도 오일,0
"비비고 소고기 미역국, 500g, 3개 46%17,940원 9,580원 (100g당 639원) 내일(일) 도착 보장 5 (45887) 최대 479원 적립",간편식,레트로트,RTC_MEAL,레트로트,비비고,레트로트,0
"더건강한 닭가슴살 통살구이 페퍼, 100g, 1개입, 5개 54%22,400원 10,220원 (100g당 2,044원) 내일(일) 새벽 도착 보장 5 (1063) 최대 511원 적립",육류/계란,닭고기,RAW_MEAT,닭가슴살,더건강한,닭가슴살,0
"친환경 인증 프리미엄 절단대파, 500g, 1개 6,490원 (100g당 1,298원) 내일(일) 새벽 도착 보장 5 (205) 최대 325원 적립",채소/곡물류,채소,RAW_PRODUCE,대파,친환경,대파,0
"국내산 양파(짱아찌용), 3kg, 1개 6,990원 (100g당 233원) 내일(일) 새벽 도착 보장 4.5 (10553) 최대 350원 적립",채소/곡물류,채소,RAW_PRODUCE,양파,,양파,0
[떡미당] 밥알찹쌀떡 500g,간식류,떡,SNACK,찹쌀떡,떡미당,찹쌀떡,0
친환경 반반상추 300g,채소/곡물류,채소,RAW_PRODUCE,상추,친환경,상추,0
"오뚜기 쇠고기 미역국라면 115g, 4개 5%5,680원 5,380원 (1개당 1,345원) 내일(일) 도착 보장 4.5 (22158) 최대 269원 적립",간편식,라면,INSTANT,미역국 라면,오뚜기,국물라면,0
[라라스윗] 파인트 오렌지앤라즈베리 474mL,간식류,디저트/케이크,BAKERY,아이스크림,라라스윗,아이스크림,0
"탐사 아쿠아 스파클링 플레인 무라벨, 12개, 500ml 46%10,800원 5,790원 (100ml당 97원) 내일(일) 새벽 도착 보장 5 (1672) 최대 290원 적립",음료,탄산음료,BEVERAGE,탄산수,탐사,탄산수,0
"오뚜기 사과식초, 1.8L, 2개 1%7,560원 7,460원 (10ml당 21원) 내일(일) 새벽 도착 보장 5 (8677) 최대 373원 적립",조미료,양념/소스,SAUCE_SEASONING,식초,오뚜기,식초,0
"한미 완전두유 국산콩 검은콩 저당, 190ml, 16개 43%16,000원 9,100원 (100ml당 299원) 내일(일) 새벽 도착 보장 5 (1010) 최대 455원 적립",유제품,우유/두유,DAIRY,두유,한미,두유,0
[오넛티] 아몬드 스프레드 (카카오) 230g,상온식품,잼/스프레드,SAUCE_SEASONING,아몬드 스프레드,오넛티,기타 잼/스프레드,0
[미자언니네] 프리미엄 맛간장,조미료,양념/소스,SAUCE_SEASONING,맛간장,미자언니네,간장,0
무말랭이 200g,채소/곡물류,채소,RAW_PRODUCE,무,,무,0
[이목 무항생제] 국내산 소고기 등심 구이용 200g (냉장),육류/계란,소고기,RAW_MEAT,소 등심,이목 무항생제,소 등심,0
[매일] 아몬드 브리즈 2종 (190mL X 24팩),유제품,우유/두유,DAIRY,아몬드브리즈,매일,식물성 음료,0
"상하치즈 리코타 치즈, 1kg, 1개입, 1개 14,480원 (10g당 145원) 내일(일) 새벽 도착 보장 5 (17402) 최대 724원 적립",유제품,치즈,DAIRY,리코타 치즈,상하치즈,리코타 치즈,0
[서울우유] 서울 요구르트 오리지널 1.7L,유제품,요거트,DAIRY,요구르트,오리지널,요구르트,0
"엄마밥줘 40곡 혼합잡곡, 1개, 10kg 26,990원 (100g당 270원) 내일(일) 도착 보장 4.5 (2885) 최대 1,350원 적립",채소/곡물류,쌀/잡곡,GRAIN,잡곡,엄마밥줘,잡곡,0
"농심 신라면 120g x 5p + 안성탕면 125g x 5p + 얼큰 너구리 120g x 5p + 짜파게티 140g x 5p, 20개 17,550원 (1개당 878원) 내일(일) 도착 보장 5 (222924) 최대 878원 적립",간편식,라면,INSTANT,농심라면,농심,짜장라면,0
[라빈리커픽업] 닛카 프롬 더 배럴 (위스키),술,기타 주류,ALCOHOL,위스키,,위스키,0
[CU 픽업] 퍼플 오리지널 말벡,술,와인,ALCOHOL,레드 와인,,레드 와인,0
"오뚜기 진라면 매운맛 120g, 5개 3,950원 (1개당 790원) 내일(일) 새벽 도착 보장 5 (43544) 최대 198원 적립",간편식,라면,INSTANT,진라면 매운맛,오뚜기,국물라면,0
"하이트진로 블랙보리 오리지널, 520ml, 20개 16,370원 (100ml당 157원) 내일(일) 도착 보장 5 (95301) 최대 819원 적립",음료,커피/차,BEVERAGE,보리차,하이트진로,보리차,0
[Picard] 냉동 알감자,간편식,냉동식품,FROZEN_MEAL,냉동 알감자,Picard,냉동 감자튀김,0
[KF365] 적상추 150g,채소/곡물류,채소,RAW_PRODUCE,적상추,KF365,상추,0
[KF365] 한돈 목살 구이용 600g~ (냉장),육류/계란,돼지고기,RAW_MEAT,돼지 목살,KF365,목살,0
"타야스 엑스원 타르트, 480g, 1박스 33%7,200원 4,800원 (10g당 100원) 내일(일) 도착 보장 4.5 (3091) 최대 240원 적립",간식류,디저트/케이크,BAKERY,타르트,타야스,타르트,0
[빙그레] 뽀로로 요구르트 2종 (80mL X 10개) (택1),유제품,요거트,DAIRY,요구르트,빙그레,요구르트,0
[김정환홍삼] 홍삼배도라지 100포 (+보자기포장),미등록 카테고리,기타,UNKNOWN,기타,김정환홍삼,기타,0
"샘표 토장 찌개양념, 450g, 1개 43%9,480원 5,400원 (100g당 1,200원) 내일(일) 도착 보장 5 (8504) 최대 270원 적립",조미료,양념/소스,SAUCE_SEASONING,양념,샘표,기타 소스,0
[듀록마루] 듀록 한돈 미박 앞다리살 500g (냉장),육류/계란,돼지고기,RAW_MEAT,돼지 앞다리살,듀록마루,앞다리살,0
"오뚜기 마포식 차돌된장찌개, 500g, 2개 7,890원 (100g당 789원) 내일(일) 새벽 도착 보장 5 (688) 최대 395원 적립",음료,커피/차,BEVERAGE,차,오뚜기,기타 음료(차),0
[천호엔케어] 흑마늘프리미엄 30팩,미등록 카테고리,기타,UNKNOWN,기타,천호엔케어,기타,0
"백산수 생수 무라벨, 12개, 2L 12%13,676원 12,000원 (100ml당 50원) 내일(일) 도착 보장 4.5 (37) 최대 600원 적립",음료,생수,BEVERAGE,생수,백산수,생수,0
[사노셀] 유기농 애플사이다비니거 스틱 18ml x 20포,조미료,양념/소스,SAUCE_SEASONING,애플사이다비니거,사노셀,사과식초,0
[강성은 명과] 수제과자 8종 (택1),간식류,과자/스낵,SNACK,수제 과자,강성은 명과,기타 과자/스낵,0
[로우키] 클라시코 액상 커피 (11mL X 13개),음료,커피/차,BEVERAGE,커피액상,로우키,커피,0
[라빈리커픽업] 일라이저 크레이그 스몰배치 + 증정잔 1P (위스키),술,기타 주류,ALCOHOL,위스키,라빈리커픽업,위스키,0
"국내산 바질, 3개, 20g 5,970원 (100g당 9,950원) 내일(일) 새벽 도착 보장 4.5 (28160) 최대 299원 적립",조미료,향신료/허브,SAUCE_SEASONING,바질,,바질,0
[햇반] 라이스플랜 현미귀리곤약밥 150g*3입,간편식,즉석밥,INSTANT,즉석밥 곤약,햇반,즉석밥,0
[진가네반찬] 깍두기,간편식,반찬류,SIMPLE_PROCESSED,깍두기,진가네반찬,깍두기,0
"감칠맛 상주왕곶감 9입 (냉동), 500g, 1팩 15,710원 (100g당 3,142원) 내일(일) 새벽 도착 보장 4.5 (1737) 최대 725원 적립",간식류,디저트/케이크,BAKERY,곶감,,곶감,0
[제각각] 무 2입(1.4kg),채소/곡물류,채소,RAW_PRODUCE,무,제각각,무,0
[목우촌] 뽀로로와 친구들 비엔나소시지 270gX2개,육류/계란,가공육(햄/소시지),PROCESSED_MEAT,소시지,목우촌,소세지,0
대용량 프리미엄 손질 생새우살 800g (냉동) (26/30 사이즈),수산물,새우/게,RAW_SEAFOOD,새우,,새우,0
[CU 픽업] 알렉산더오가닉보드카,술,기타 주류,ALCOHOL,보드카,,보드카,0
[수산곳간] 추억의 오징어다리,간식류,과자/스낵,SNACK,숏다리,수산곳간,스낵,0
"동해물, 우리콩 두부 380g (2개입)",채소/곡물류,콩/두부,SIMPLE_PROCESSED,두부,동해물,두부,0
[모모스커피] 에스쇼콜라 브루백 (10g X 7개),음료,커피/차,BEVERAGE,커피 드립백,모모스커피,드립백,0
"남양유업 맛있는 우유 GT, 4개, 200ml 4,100원 (100ml당 513원) 내일(일) 새벽 도착 보장 5 (504) 최대 205원 적립",유제품,우유/두유,DAIRY,우유,남양,우유,0
"비비고 갈치구이, 70g, 1개 18%5,480원 4,480원 (100g당 6,400원) 내일(일) 새벽 도착 보장 4.5 (9116) 최대 224원 적립",간편식,레트로트,RTC_MEAL,레트로트,비비고,레트로트,0
"바다자리 국산 생물 홍합, 3kg, 1개 11,990원 (100g당 400원) 내일(일) 새벽 도착 보장 4 (944) 최대 600원 적립",수산물,조개/전복,RAW_SEAFOOD,홍합,바다자리,홍합,0
[롯데] 가나 프리미엄 랑드샤 쿠키 치즈 베리 91g,간식류,과자/스낵,SNACK,가나 랑드샤 쿠키,롯데,쿠키,0
[낫띵베럴] 럽티 호박차 (1.5g X 15개),음료,커피/차,BEVERAGE,호박차,낫띵베럴,기타 음료(차),0
[마음이가] 쑥 영양떡 300g,간식류,떡,SNACK,쑥떡,마음이가,떡,0
"김치사발면 소컵 86g, 12개 10,440원 (1개당 870원) 내일(일) 새벽 도착 보장 5 (8483) 최대 522원 적립",간편식,라면,INSTANT,김치사발면,농심,사발면(컵라면),0
[동원]김치찌개용 참치 250g,상온식품,참치/스팸캔,CANNED,참치캔,동원,참치캔,0
[임실치즈마을] 리코타치즈 150g,유제품,치즈,DAIRY,리코타 치즈,임실치즈마을,리코타 치즈,0
[디델리] 추억의 라볶이,간편식,밀키트,RTC_MEAL,밀키트,디델리,밀키트,0
"[CJ] 동치미 물냉면 1,816g (4인분)",간편식,밀키트,RTC_MEAL,밀키트,CJ,밀키트,0
"곰곰 맥반석 구운란, 6구, 1팩 3,590원 (1구당 598원) 내일(일) 새벽 도착 보장 5 (9873) 최대 180원 적립",육류/계란,계란,RAW_MEAT,구운란,곰곰,구운란,0
"맥심 모카골드 마일드 커피믹스, 12g, 50개입, 1개 8,760원 (10g당 146원) 내일(일) 새벽 도착 보장 5 (5118) 최대 438원 적립",음료,커피/차,BEVERAGE,커피믹스,맥심,커피믹스,0
"해태제과 후렌치파이 딸기, 384g, 1개 5,520원 (10g당 144원) 내일(일) 도착 보장 4.5 (11375) 최대 276원 적립",간식류,과자/스낵,SNACK,후렌치파이,해태제과,파이류,0
[발트하이젠] 네덜란드 고다/에담/체다 미니 치즈 (20g X 5입) 3종 (택1),유제품,치즈,DAIRY,치즈,발트하이젠,기타 치즈,0
[티아시아] 인도식 난 3종 (택1),간식류,빵류,BAKERY,난,티아시아,난,0
[라빈리커픽업]배비치 블랙라벨 소비뇽블랑 (와인),술,와인,ALCOHOL,화이트 와인,,화이트 와인,0
[선물세트] 미국산 프라임 LA꽃갈비 1.4kg,육류/계란,소고기,RAW_MEAT,LA 갈비,,소고기 묶음,0
[풀무원] 유기농 콩나물 270g,채소/곡물류,채소,RAW_PRODUCE,콩나물,풀무원,콩나물,0
"베지밀 달콤한 비 두유, 190ml, 32개 19%26,900원 21,700원 (100ml당 357원) 내일(일) 새벽 도착 보장 5 (19718) 최대 1,085원 적립",유제품,우유/두유,DAIRY,두유,베지밀,두유,0
[기장물산] 기장산 뿌리다시마,수산물,미역/다시마,DRIED_SEAFOOD,다시마,기장물산,다시마,0
[동원] 김치찌개용 참치 135g x 4캔,상온식품,참치/스팸캔,CANNED,참치캔,동원,참치캔,0
[26년 설] [CU 픽업] 달모어18년,술,기타 주류,ALCOHOL,위스키,,위스키,0
"오뚜기 진라면 컵 매운맛 65g, 6개 5%5,100원 4,840원 (1개당 807원) 내일(일) 도착 보장 새 상품, 반품-미개봉 (50) 최저3,000원 5 (133699) 최대 242원 적립",간편식,라면,INSTANT,진라면 매운맛,오뚜기,사발면(컵라면),0
[멘푸소] 유기농 필드 토마토 (홀 토마토)2개입/ 번들,채소/곡물류,채소,RAW_PRODUCE,토마토,멘푸소,토마토,0
"이롬 황성주 박사의 국산콩 두유 검은콩 고칼슘, 190ml, 24개 49%26,900원 13,630원 (100ml당 299원) 내일(일) 도착 보장 5 (171169) 최대 681원 적립",유제품,우유/두유,DAIRY,두유,이롬,두유,0
[선물세트] 성경김 종합김 세트,상온식품,김/자반,DRIED_SEAFOOD,김,성경김,김,0
"이디야 아이스아메리카노 스틱커피, 1g, 100개입, 1개 17%16,900원 13,900원 (10g당 1,390원) 내일(일) 도착 보장 4.5 (7423) 최대 695원 적립",음료,커피/차,BEVERAGE,커피가루,이디야,커피,0
[녹색한우] 무항생제 1+ 한우 등심 구이용 200g (냉장),육류/계란,소고기,RAW_MEAT,소 등심,녹색한우,소 등심,0
[토레온] 이베리코 베요타 하몽 핸드컷 슬라이스 60g,육류/계란,가공육(햄/소시지),PROCESSED_MEAT,하몽,토레온,생햄,0
[비움반찬] 천사채 샐러드,간편식,샐러드팩,RTC_MEAL,천사채 샐러드,비움반찬,샐러드,0
[자연에찬] 시래기 된장국 700g,간편식,레트로트,RTC_MEAL,레트로트,자연에찬,레트로트,0
[요미요미] 튼튼 시리얼 2종 (택1),상온식품,시리얼,GRAIN,시리얼,요미요미,시리얼,0
"굿프랜즈 물만두 (냉동), 2.7kg, 1개 15,950원 (100g당 591원) 내일(일) 새벽 도착 보장 5 (5765) 최대 798원 적립",간편식,냉동식품,FROZEN_MEAL,냉동 만두,굿프랜즈,냉동 만두,0
"닥터유 투바이트 에너지바 저당, 468g, 1개 10,860원 (100g당 2,321원) 내일(일) 도착 보장 5 (1825) 최대 543원 적립",간식류,과자/스낵,SNACK,에너지바,닥터유,스낵바,0
[브리델] 프랑스 브르타뉴 버터 200g 2종 (택1),유제품,버터/생크림,DAIRY,버터,브리델,버터,0
[풀무원] 지구식단 메밀두유면,채소/곡물류,면류,GRAIN,두유면,풀무원,기타 면류,0
[미미네] 대구 판밀떡볶이,간편식,밀키트,RTC_MEAL,밀키트,미미네,밀키트,0
[테라로사] 클래식 아메리칸 피칸파이 1000g,간식류,디저트/케이크,BAKERY,피칸파이,테라로사,파이,0
[로우바잇츠] 오'망고 100g,과일/견과류,과일,RAW_FRUIT,망고,로우바잇츠,망고,0
[우리두] 산양삼 두유 (190mL X 15포),유제품,우유/두유,DAIRY,두유,우리두,두유,0
[로로멜로] 두바이 쫀득 쿠키 (55g X 2개입),간식류,디저트/케이크,BAKERY,두바이 쫀득 쿠키,로로멜로,기타 디저트/케이크,0
"동원 꼬마사각 유부초밥, 150g, 2개 28%6,960원 4,980원 (100g당 1,660원) 내일(일) 새벽 도착 보장 5 (2412) 최대 249원 적립",간편식,즉석밥,INSTANT,즉석 유부초밥,동원,즉석밥,0
[청오] 국산 발아 들깨가루 200g,조미료,가루분말,SAUCE_SEASONING,들깨가루,청오,들깨가루,0
[피코크] 생크림 카스텔라 150g,간식류,빵류,BAKERY,카스텔라,카스텔,카스텔라,0
[포트'럭] 자연에 말린 영광 참굴비 50g (냉동),수산물,멸치/건어물,DRIED_SEAFOOD,굴비,포트'럭,굴비,0
[온하루] 들깨 토란대나물,간편식,반찬류,SIMPLE_PROCESSED,토란대 나물,온하루,기타 반찬류,0
[디 바르베로] 솔티드 카라멜 초콜릿 블루 틴 105g,간식류,초콜릿/사탕,SNACK,초콜릿,디 바르베로,초콜릿,0
[밀도] 스콘 4종 (택1),간식류,빵류,BAKERY,스콘,밀도,스콘,0
[해태] 프리츠 발효버터 34g,유제품,버터/생크림,DAIRY,발효 버터,해태,발효버터,0
[팜에이트] 엔다이브 보트 샐러드 키트,간편식,밀키트,RTC_MEAL,밀키트,팜에이트,밀키트,0
[KF365] 춘천식 닭갈비 2종 (냉장) (택1),간편식,밀키트,RTC_MEAL,밀키트,KF365,밀키트,0
"햇반 솥반 꿀약밥, 210g, 6개 58%26,880원 11,120원 (100g당 883원) 내일(일) 도착 보장 5 (9478) 최대 556원 적립",간편식,즉석밥,INSTANT,즉석 약밥,햇반,즉석밥,0
"국내산 흙당근, 3kg, 1개 7,260원 (100g당 242원) 내일(일) 새벽 도착 보장 4.5 (296841) 최대 363원 적립",채소/곡물류,채소,RAW_PRODUCE,당근,,당근,0
[메종엠오] 브리오슈 낭테르 360g,간식류,빵류,BAKERY,브리오슈,메종엠오,기타 빵류,0
"건국목장 1964 우유, 2개, 1L 6,400원 (100ml당 320원) 내일(일) 새벽 도착 보장 5 (251) 최대 320원 적립",유제품,우유/두유,DAIRY,우유,건국목장,우유,0
[종가] 파김치 300g,간편식,반찬류,SIMPLE_PROCESSED,파김치,종가,파김치,0
[백설] 자일로스 설탕 2종,조미료,조미료,SAUCE_SEASONING,자일로스 설탕,백설,설탕,0
[풀무원] 새콤달콤유부초밥,간편식,밀키트,RTC_MEAL,밀키트,풀무원,밀키트,0
"가농 1+등급란으로 만든 오메가 구운란, 20구, 1개 2%12,900원 12,600원 (1구당 630원) 내일(일) 새벽 도착 보장 5 (64700) 최대 630원 적립",육류/계란,계란,RAW_MEAT,구운란,가농,구운란,0
[선물세트] 히스파수르 골드 엑스트라버진 올리브오일&비네거 세트,조미료,식용유/기름,SAUCE_SEASONING,올리브오일,히스파수르,올리브오일,0
[Picard] 버섯 고르곤졸라 타르트 310g,간식류,디저트/케이크,BAKERY,타르트,Picard,타르트,0
"아이시스 8.0 ECO 생수 무라벨, 2L, 12개 14%11,200원 9,600원 (100ml당 40원) 내일(일) 도착 보장 5 (117915) 최대 480원 적립",음료,생수,BEVERAGE,생수,아이시스,생수,0
"매일우유 오리지널, 900ml, 4개 11,090원 (100ml당 308원) 내일(일) 새벽 도착 보장 5 (239437) 최대 555원 적립",유제품,우유/두유,DAIRY,우유,매일,우유,0
[상하농원] 수제 그릴드 치즈 125g,유제품,치즈,DAIRY,치즈,상하농원,기타 치즈,0
[하코야] 미니 어묵바 2종,수산물,어육가공식품,SIMPLE_PROCESSED,어묵바,하코야,어묵바,0
[덴마크] 구워먹는 치즈 오리지널 125g,유제품,치즈,DAIRY,구워먹는 치즈,덴마크,구워먹는 치즈,0
[네이처빌] 국내산 쌀 97% 한끼든든쌀국수 소컵 3종,간편식,라면,INSTANT,한끼든든 쌀국수,네이처빌,라면 묶음,0
[시루조아] 달콤한 꿀 백설기 2종 (택1),간식류,떡,SNACK,백설기,백설,백설기,0
[세미계] 소금 닭목순살 직화구이 200g,간편식,밀키트,RTC_MEAL,밀키트,세미계,밀키트,0
"요플레 라이트 슈퍼베리, 80g, 4개입, 2개 6,940원 (10g당 108원) 내일(일) 새벽 도착 보장 5 (3221) 최대 347원 적립",유제품,요거트,DAIRY,요플레,요플레,요거트,0
"VISONHO 용융소금 불순물 Zero, 250g, 1개 할인43%21,900원 12,280원 (100g당 4,912원) 내일(일) 도착 보장 4.5 (3535) 최대 614원 적립",조미료,조미료,SAUCE_SEASONING,소금,VISONHO,소금,0
[마이노멀] 저당 머스타드 소스,조미료,양념/소스,SAUCE_SEASONING,머스타드,마이노멀,머스타드,0
[한스케익] 달콤 오렌지 파운드 300g,간식류,디저트/케이크,BAKERY,파운드 케이크,한스케익,케이크,0
"곰곰 실속 스모크햄, 1kg, 1개 5,290원 (10g당 53원) 내일(일) 새벽 도착 보장 4.5 (1021) 최대 265원 적립",육류/계란,가공육(햄/소시지),PROCESSED_MEAT,스모크 햄,곰곰,햄,0
[김소형원방] 유황먹은 민물장어진액 30포,미등록 카테고리,기타,UNKNOWN,기타,김소형원방,기타,0
"혼식 국산 찰보리쌀, 4kg, 1개 12,980원 (100g당 325원) 내일(일) 도착 보장 4.5 (3598) 최대 624원 적립",채소/곡물류,쌀/잡곡,GRAIN,찰보리쌀,혼식,보리쌀,0
[풀무원] 대만식 두유 푸딩 두화 2입 (흑당소스 포함),간식류,디저트/케이크,BAKERY,푸딩,풀무원,푸딩,0
[6다이닝] 이베리코 목살 구이용 250g,육류/계란,돼지고기,RAW_MEAT,돼지 목살,6다이닝,목살,0
[올반] 김치볶음밥 (2개입),간편식,레트로트,RTC_MEAL,레트로트,올반,레트로트,0
[쉐푸드] 치즈스틱,간편식,냉동식품,FROZEN_MEAL,냉동 치즈스틱,쉐푸드,기타 냉동식품,0
[THIJS] 벨지안 와플 (55g X 10개입),간식류,디저트/케이크,BAKERY,와플,THIJS,와플,0
[Kim's butcher] 미국산 부채살 대패 돌돌말이 500g,육류/계란,소고기,RAW_MEAT,부채살,Kim's butcher,부채살,0
"팔탄농협 GAP 인증 수향미 쌀, 특등급, 5kg, 1개 27,900원 (100g당 558원) 내일(일) 도착 보장 5 (15550) 최대 1,395원 적립",채소/곡물류,쌀/잡곡,GRAIN,쌀,농협,쌀,0
"하림 치킨 스테이크 다리살 (냉장), 320g, 2개 9,600원 (100g당 1,500원) 내일(일) 새벽 도착 보장 5 (2163) 최대 480원 적립",육류/계란,닭고기,RAW_MEAT,닭다리살,하림 ,닭다리살,0
[대흥] IQF 남해안 굴 500g (냉동) (가열조리용),수산물,조개/전복,RAW_SEAFOOD,굴,대흥,굴,0
"설탕대신 스테비아, 1.2kg, 1개 22%14,900원 11,570원 (100g당 964원) 내일(일) 도착 보장 5 (68245) 최대 579원 적립",조미료,조미료,SAUCE_SEASONING,스테비아,설탕대신,스테비아,0
[선물세트] 영광 법성포 명품굴비 1호 950g (예약일 수령),수산물,멸치/건어물,DRIED_SEAFOOD,굴비,,굴비,0
[프로상] 유기농 옥수수콘,채소/곡물류,채소,RAW_PRODUCE,옥수수,프로상,옥수수,0
[상하농원] 황토고구마칩 오리지널 40g,간식류,과자/스낵,SNACK,고구마칩,오리지널,고구마칩,0
[롯데] 가나 프리미엄 마카다미아 쉐어팩 144g,과일/견과류,견과류,RAW_FRUIT,마카다미아,롯데,마카다미아,0
[녹색한우] 무항생제 1+ 한우 삼각살 구이용 200g (냉장),육류/계란,소고기,RAW_MEAT,삼각살,녹색한우,기타 소고기,0
[수산곳간] 그시절 빠삭어포튀김 200g,간식류,과자/스낵,SNACK,어포 스낵,수산곳간,스낵,0
[둥구나무] 산채나물 비빔밥 세트,간편식,밀키트,RTC_MEAL,밀키트,둥구나무,밀키트,0
"황실미가 국내산 누룽지, 3kg, 1개 15,900원 (100g당 530원) 내일(일) 도착 보장 4.5 (28488) 최대 795원 적립",간식류,과자/스낵,SNACK,누룽지,황실미가,누룽지,0
"스키피 수퍼 청크 피넛 버터, 462g, 1개 31%10,900원 7,500원 (100g당 1,623원) 내일(일) 도착 보장 5 (42203) 최대 375원 적립",유제품,버터/생크림,DAIRY,땅콩 버터,스키피,기타 유지류,0
"오설록 스틱형 찬물녹차, 2g, 20개입, 1개 27%9,500원 6,880원 (10g당 1,720원) 내일(일) 도착 보장 5 (6777) 최대 344원 적립",음료,커피/차,BEVERAGE,녹차,오설록,녹차,0
[조선델리] 조선호텔 로맨틱블라썸 케이크 750g,간식류,디저트/케이크,BAKERY,케이크,조선델리,케이크,0
[에버비키니] 커피맛 다이어트 빠질라카노 (14일분),미등록 카테고리,기타,UNKNOWN,기타,에버비키니,기타,0
저탄소 유기농 호박고구마 1kg,채소/곡물류,채소,RAW_PRODUCE,호박고구마,,고구마,0
"영양부추, 100g, 1개 4,890원 (100g당 4,890원) 내일(일) 새벽 도착 보장 5 (8666) 최대 245원 적립",채소/곡물류,채소,RAW_PRODUCE,부추,,부추,0
"국내산 저민마늘, 150g, 1개 4,590원 (100g당 3,060원) 내일(일) 새벽 도착 보장 5 (12038) 최대 230원 적립",채소/곡물류,채소,RAW_PRODUCE,마늘,,마늘,0
[롯데] 아몬드 팔각 빼빼로 132g,간식류,과자/스낵,SNACK,아몬드 빼빼로,롯데,기타 과자/스낵,0
[롯데] 아몬드초코볼 46g,간식류,과자/스낵,SNACK,초코볼,롯데,기타 과자/스낵,0
[해마루] 파주 장단콩 팥소빵 (5개입),간식류,빵류,BAKERY,팥빵,해마루,단팥빵,0
[롯데] 프리미엄 가나 마카다미아 63g,간식류,초콜릿/사탕,SNACK,가나 초콜릿,롯데,초콜릿,0
[UCC] 쇼쿠닝 커피 드립백 7gX 16개입 3종(택1),음료,커피/차,BEVERAGE,커피 드립백,UCC,드립백,0
[강봉석 명인조청] 콩범벅 강정 (10g X 8개),간식류,과자/스낵,SNACK,강정,강봉석 명인조청,강정/한과,0
"페를레디솔레 레몬 캔디, 200g, 1개 8,300원 (10g당 415원) 내일(일) 도착 보장 5 (17691) 최대 415원 적립",간식류,초콜릿/사탕,SNACK,레몬 캔디,페를레디솔레,사탕(캔디),0
"한우물 통새우 볶음밥 7개입 (냉동), 2.1kg, 1개 14,650원 (100g당 698원) 내일(일) 새벽 도착 보장 5 (629) 최대 733원 적립",간편식,레트로트,RTC_MEAL,레트로트,한우물,레트로트,0
"[Make you Healthy] 엑스트라버진 올리브오일 캡슐 (14포, 28포) 2종 (택1)",미등록 카테고리,기타,UNKNOWN,기타,Make you Healthy,기타,0
알배기 배추 1봉,채소/곡물류,채소,RAW_PRODUCE,배추,알배기,배추,0
[라벨리] 빙수 4종 (택1),간식류,디저트/케이크,BAKERY,빙수,라벨리,아이스크림,0
"참크래커, 280g, 2개 24%7,900원 6,000원 (10g당 107원) 내일(일) 새벽 도착 보장 5 (7707) 최대 300원 적립",간식류,과자/스낵,SNACK,크래커,,크래커,0
[압구정포차] IQF 닭 오도독 연골 양념구이 400g,간편식,밀키트,RTC_MEAL,밀키트,압구정포차,밀키트,0
[더브레드블루] 치아바타 2개 4종 (택1),간식류,빵류,BAKERY,치아바타,더브레드블루,치아바타,0
"농협 2025년 햅쌀 강화섬쌀 고시히카리 백미, 상등급, 10kg, 1개 8%49,900원 45,700원 (100g당 457원) 내일(일) 도착 보장 4.5 (23745) 최대 2,285원 적립",채소/곡물류,쌀/잡곡,GRAIN,쌀,농협,쌀,0
[켈로그] 담백한 현미 후레이크 550g,상온식품,시리얼,GRAIN,현미 후레이크,켈로그,콘플레이크,0
[루솔] 홍삼 배도라지즙 20포,미등록 카테고리,기타,UNKNOWN,기타,루솔,기타,0
[김수사] 국산 게로 만든 게장 4종 (택1),간편식,반찬류,SIMPLE_PROCESSED,게장,김수사,기타 반찬류,0
[고래사] 스페셜 어묵 4종 (택1),수산물,어육가공식품,SIMPLE_PROCESSED,어묵,고래사,어묵,0
"한음미가 2025년산 햅쌀 우리쌀 백미, 상등급, 1kg, 1개 4,580원 (100g당 458원) 내일(일) 도착 보장 4.5 (30827) 최대 229원 적립",채소/곡물류,쌀/잡곡,GRAIN,쌀,한음미,쌀,0
"알새우칩, 68g, 4개 5,360원 (10g당 197원) 내일(일) 도착 보장 5 (8165) 최대 268원 적립",간식류,과자/스낵,SNACK,알새우칩,알새우칩,기타 과자/스낵,0
[둥구나무 : 자연그대로] 옛날청국장,간편식,레트로트,RTC_MEAL,레트로트,둥구나무,레트로트,0
"전두유 검은콩 17곡 고칼슘, 190ml, 24개 35%15,360원 9,900원 (100ml당 217원) 내일(일) 도착 보장 5 (33426) 최대 495원 적립",유제품,우유/두유,DAIRY,두유,전두유,두유,0
[김구원선생] 콩나물국 키트 2종,간편식,밀키트,RTC_MEAL,밀키트,김구원선생,밀키트,0
[CU 픽업] 알렉산더보드카레몬,술,기타 주류,ALCOHOL,보드카,,보드카,0
[다시다] 명품 골드 쇠고기 96G,조미료,조미료,SAUCE_SEASONING,다시다,다시다,다시다,0
"오바다 국내산 손질오징어 (냉동), 700g(5~6미), 1개 17%23,900원 19,600원 (100g당 2,800원) 내일(일) 새벽 도착 보장 4.5 (46066) 최대 925원 적립",수산물,오징어/문어,RAW_SEAFOOD,오징어,오바다,오징어,0
"청정원 천일염 가는 소금, 1kg, 1개 7,210원 (100g당 721원) 내일(일) 도착 보장 5 (28340) 최대 360원 적립",조미료,조미료,SAUCE_SEASONING,천일염,청정원,소금,0
[이목] 국내산 소고기 안심 찹스테이크 200g (냉장),육류/계란,소고기,RAW_MEAT,소 안심,이목,소 안심,0
"서울우유 A2플러스 우유, 1개, 900ml 3,780원 (100ml당 420원) 내일(일) 새벽 도착 보장 5 (1356) 최대 189원 적립",유제품,우유/두유,DAIRY,우유,서울우유,우유,0
[콜린스 다이닝] 구운 채소 샐러드,간편식,샐러드팩,RTC_MEAL,샐러드,콜린스 다이닝,샐러드,0
[백설] 중력 밀가루 1kg,조미료,가루분말,SAUCE_SEASONING,밀가루,백설,밀가루,0
"조인 국내산 100% 계란 살균 전란액 1kg, 1개 9,990원 내일(일) 새벽 도착 보장 5 (75) 최대 500원 적립",육류/계란,계란,RAW_MEAT,계란,조인,계란,0
[메르바] 네덜란드 전통 쿠키 5종 (택1),간식류,과자/스낵,SNACK,쿠키,메르바,쿠키,0
"해태제과 얼초 자동차만들기 36g, 2개 5,000원 (1세트당 2,500원) 내일(일) 도착 보장 5 (44) 최대 250원 적립",간편식,밀키트,RTC_MEAL,밀키트,해태제과,밀키트,0
[룰루맘] 우리아이 맑은습관 도라지배 2종 (택1),미등록 카테고리,기타,UNKNOWN,기타,룰루맘,기타,0
"연세키짱 어린이맞춤 발효유 요구르트, 80ml, 10개입, 1박스 6,280원 (10ml당 79원) 내일(일) 새벽 도착 보장 5 (681) 최대 314원 적립",유제품,요거트,DAIRY,요구르트,연세키짱,요구르트,0
양상추 1입(200g),채소/곡물류,채소,RAW_PRODUCE,양상추,양상추,양상추,0
[부산 몽실종가] 진한 사골 돼지국밥,간편식,레트로트,RTC_MEAL,레트로트,부산 몽실종가,레트로트,0
[존쿡 델리미트] 컨츄리베이컨 120g,육류/계란,가공육(햄/소시지),PROCESSED_MEAT,베이컨,존쿡 델리미트,베이컨,0
[도제식빵] 리코타 치즈 윈터 후르츠 산도 (시즌한정),간식류,빵류,BAKERY,산도,도제식빵,기타 빵류,0
[KF365] 1+ 한우 양지 덩어리/세절 2종 300g (냉동),육류/계란,소고기,RAW_MEAT,양지,KF365,소고기 묶음,0
[마즈] 이클립스 플러스 2종 (택1),간식류,초콜릿/사탕,SNACK,이클립스,마즈,기타 초콜릿/사탕,0
[농협풍산김치] 깍두기 3kg,간편식,반찬류,SIMPLE_PROCESSED,깍두기,농협,깍두기,0
[올림푸스] 그리스 페타 치즈 150g,유제품,치즈,DAIRY,페타 치즈,올림푸스,페타 치즈,0
[하선정] 멸치 액젓 800g,조미료,조미료,SAUCE_SEASONING,멸치액젓,하선정,액젓,0
[애슐리] 대파 제육 볶음밥 (2개입),간편식,레트로트,RTC_MEAL,레트로트,애슐리,레트로트,0
[리버퀸] 스패니쉬 땅콩 368g,과일/견과류,견과류,RAW_FRUIT,땅콩,리버퀸,땅콩,0
[하림] 참진 토종닭 백숙용 1.1kg (냉장),육류/계란,닭고기,RAW_MEAT,토종닭,하림,기타 닭고기,0
[드니그리스] 유기농 사과식초 스틱형 (15gx20개입),조미료,양념/소스,SAUCE_SEASONING,식초,드니그리스,식초,0
[크놀라] 그래놀라 6종 (택1),상온식품,시리얼,GRAIN,그래놀라,크놀라,그래놀라,0
"건국유업 무항생제 인증 착한목장 우유, 750ml, 2개 6,600원 (100ml당 440원) 내일(일) 새벽 도착 보장 5 (21605) 최대 330원 적립",유제품,우유/두유,DAIRY,우유,건국유,우유,0
[김소영 아티장의 안단테] 사토리 오리지널 벨라비타노,유제품,치즈,DAIRY,벨라비타노 치즈,김소영 아티장의 안단테,기타 치즈,0
[상하목장] 유기농 우유 저지방 900mL,유제품,우유/두유,DAIRY,저지방 우유,상하목장,저지방 우유,0
[청숨] 통째로 갈아만든 청귤,조미료,양념/소스,SAUCE_SEASONING,청귤청,청숨,기타 소스,0
[농심] 신라면 더레드 4입,간편식,라면,INSTANT,신라면 더 레드,농심,국물라면,0
[건어물상회] 국민 간식 마른오징어 230g (5마리),수산물,멸치/건어물,DRIED_SEAFOOD,건오징어,건어물상회,건오징어,0
[CJ] 특등급 국산콩 친환경 콩나물 340g,채소/곡물류,채소,RAW_PRODUCE,콩나물,CJ,콩나물,0
[동원] Dole 컵젤리 200g 7종,간식류,초콜릿/사탕,SNACK,젤리,동원,젤리,0
[마이셰프] 찹스테이크,간편식,밀키트,RTC_MEAL,밀키트,마이셰프,밀키트,0
[마루산] 도쿄바나나의 연인,간식류,과자/스낵,SNACK,도쿄 바나나,마루산,기타 과자/스낵,0
"동원 롤유부초밥 고소한맛, 254g, 2개 50%15,960원 7,960원 내일(일) 새벽 도착 보장 5 (15899) 최대 398원 적립",간편식,밀키트,RTC_MEAL,밀키트,동원,밀키트,0
"유기농 인증 프리미엄 이유식용 양배추, 200g, 1개입, 1개 3,480원 (100g당 1,740원) 내일(일) 새벽 도착 보장 4.5 (427) 최대 174원 적립",채소/곡물류,채소,RAW_PRODUCE,양배추,유기농,양배추,0
[던킨도너츠] 미니 도넛 3종(택1),간식류,디저트/케이크,BAKERY,도넛,던킨도너츠,도넛,0
[룩트] 크리스프 크래커 150g,간식류,과자/스낵,SNACK,크래커,룩트,크래커,0
[슈퍼키친] 무생채,간편식,반찬류,SIMPLE_PROCESSED,무생채 나물,슈퍼키친,기타 반찬류,0
[잇츠베러] 잇츠베러 크래커 5종,간식류,과자/스낵,SNACK,크래커,잇츠베러,크래커,0
"평창수 생수 무라벨, 500ml, 60개 31%23,850원 16,410원 (100ml당 55원) 내일(일) 도착 보장 5 (164234) 최대 820원 적립",음료,생수,BEVERAGE,생수,평창수,생수,0
유기농 다진 시금치 90g x 2입,채소/곡물류,채소,RAW_PRODUCE,시금치,유기농,시금치,0
"비비고 물만두 (냉동), 315g, 2개 50%14,960원 7,480원 (100g당 1,187원) 내일(일) 새벽 도착 보장 5 (49416) 최대 374원 적립",간편식,냉동식품,FROZEN_MEAL,냉동 만두,비비고,냉동 만두,0
[홍루이젠] 대만 샌드위치 3개입 3종 (택1),간식류,빵류,BAKERY,샌드위치,홍루이젠,샌드위치,0
[젠틸레] IGP 그라냐노 숏 파스타 면 7종 (택1),채소/곡물류,면류,GRAIN,파스타면,젠틸레,파스타면,0
[Fage] 파예 요거트 150g 2종 (택1),유제품,요거트,DAIRY,요거트,Fage,요거트,0
"[참조은숯불김] 100% 숯불에 구운김 맛있는김, 5개, 30g 4%10,400원 9,900원 (10g당 660원) 2/11(수) 도착 예정 4.5 (282) 최대 495원 적립",상온식품,김/자반,DRIED_SEAFOOD,김,참조은숯불김,김,0
"스타벅스 하우스 블렌드 캡슐커피, 8.5g, 12개입, 2개 15,680원 (10g당 769원) 내일(일) 도착 보장 5 (64632) 최대 784원 적립",음료,커피/차,BEVERAGE,커피캡슐,스타벅스,커피캡슐,0
[원에이커팜] 친환경 GAP 이탈리안 파슬리 50g,조미료,향신료/허브,SAUCE_SEASONING,파슬리,원에이커팜,파슬리,0
[제이키친] 순한짜장 떡볶이 2종,간편식,밀키트,RTC_MEAL,밀키트,제이키친,밀키트,0
[쌜모네키친] 허브페퍼 생연어 스테이크 150g (냉장),간편식,밀키트,RTC_MEAL,밀키트,쌜모네키친,밀키트,0
[천호엔케어] 흑마늘 더 블랙 70mL 30포,미등록 카테고리,기타,UNKNOWN,기타,천호엔케어,기타,0
[핀카듀에르나스 X Kurly] 아르베키나 엑스트라 버진 올리브오일 500mL,조미료,식용유/기름,SAUCE_SEASONING,올리브오일,핀카듀에르나스 X Kurly,올리브오일,0
[진가네반찬] 닭가슴살 겨자소스 냉채,간편식,반찬류,SIMPLE_PROCESSED,냉채,진가네반찬,기타 반찬류,0
"풀무원 와사비 무쌈, 300g, 1개 3,020원 (100g당 1,007원) 내일(일) 새벽 도착 보장 5 (8549) 최대 151원 적립",간편식,반찬류,SIMPLE_PROCESSED,쌈무,풀무원,단무지,0
[샘표] 홍게 간장 830ml,조미료,양념/소스,SAUCE_SEASONING,해물 간장,샘표,간장,0
[마즈] 엠앤엠즈 블록 아몬드 45g,간식류,초콜릿/사탕,SNACK,엠엔엠즈,마즈,초콜릿,0
"웅진빅토리아 더빅토리아 탄산음료 자몽, 500ml, 20개 쿠폰할인45%20,000원 10,900원 (100ml당 109원) 내일(일) 도착 보장 5 (48416) 최대 545원 적립",음료,탄산음료,BEVERAGE,더빅토리아 자몽,웅진빅토리아,기타 탄산음료,0
[만나다] 사과포도방울 250g,과일/견과류,과일,RAW_FRUIT,과일컵,만나다,기타 과일,0
[풀무원다논] YoPRO 블루베리 (150g X 2개),유제품,요거트,DAIRY,블루베리 요거트,풀무원다논,요거트,0
[펄세스] 스테비아 디카페인 커피 믹스 (9g X 30개),음료,커피/차,BEVERAGE,커피믹스,펄세스,커피믹스,0
[와인앤모어픽업]에반 윌리엄스 1783 스몰배치 750mL ((미국위스키)),술,기타 주류,ALCOHOL,위스키,,위스키,0
"곰곰 동물복지 무항생제 유정란, 1개, 20구 8,820원 (1구당 441원) 내일(일) 새벽 도착 보장 4.5 (361) 최대 441원 적립",육류/계란,계란,RAW_MEAT,계란,곰곰,계란,0
[삼육두유] 검은콩 두유 파우치 (190mL X 20개),유제품,우유/두유,DAIRY,두유,삼육두유,두유,0
[CJ] 맛군밤 4개입,간식류,과자/스낵,SNACK,맛밤,CJ,기타 과자/스낵,0
[수산곳간] 오징어 맥반석 통다리,간식류,과자/스낵,SNACK,오징어 스낵,수산곳간,스낵,0
[청우] 왕찹쌀 모나카 240g,간식류,디저트/케이크,BAKERY,모나카,청우,약과,0
[포스트] 콘푸라이트 시리얼 600g,상온식품,시리얼,GRAIN,콘푸라이트,포스트,콘플레이크,0
[초록원] 유기농 딸기잼 580g,상온식품,잼/스프레드,SAUCE_SEASONING,딸기잼,초록원,딸기잼,0
"곰곰 한끼 쌈무, 150g, 1개 1,830원 (100g당 1,220원) 내일(일) 새벽 도착 보장 5 (9300) 최대 91원 적립",간편식,반찬류,SIMPLE_PROCESSED,쌈무,곰곰,단무지,0
[오뚜기] UNO 떠먹는 컵피자 3종 (택3),간편식,냉동식품,FROZEN_MEAL,컵피자,오뚜기,냉동 피자,0
[올가] 유기농 부침가루 350g,조미료,가루분말,SAUCE_SEASONING,부침가루,올가,부침가루,0
[종가] 배추속 겉절이 500g,간편식,반찬류,SIMPLE_PROCESSED,겉절이,종가,겉절이,0
[아티제] 버터 랑그드샤 10개 3종 (택1),유제품,버터/생크림,DAIRY,버터,아티제,버터,0
[바오담] 한입도라지정과 180g,간식류,디저트/케이크,BAKERY,정과,바오담,약과,0
[팝잇] 믹스젤리 150g,간식류,초콜릿/사탕,SNACK,젤리,팝잇,젤리,0
[A.C. 퍼치스] 버라이어티 티백 선물세트,음료,커피/차,BEVERAGE,티백,A.C 퍼치스,티백,0
"라라스윗 생우유 아이스밀크 (냉동), 474ml, 1개입, 1개 6,320원 (10ml당 133원) 내일(일) 새벽 도착 보장 5 (3024) 최대 316원 적립",간식류,디저트/케이크,BAKERY,아이스크림,라라스윗,아이스크림,0
[소담소담] 한돈 한입 쪽갈비 500g (냉동),육류/계란,돼지고기,RAW_MEAT,쪽갈비,소담소담,돼지갈비,0
[비비고] 김치볶음 150g,간편식,반찬류,SIMPLE_PROCESSED,볶음김치,비비고,기타 반찬류,0
무농약 냉동 연근채 300g,채소/곡물류,채소,RAW_PRODUCE,연근,,연근,0
[CU 픽업] 건파우더진오리지널,술,기타 주류,ALCOHOL,진,오리지널,진,0
"해표 카놀라유, 500ml, 1개 38%5,900원 3,610원 (100ml당 722원) 내일(일) 새벽 도착 보장 5 (1148) 최대 180원 적립",조미료,식용유/기름,SAUCE_SEASONING,카놀라유,해표,카놀라유,0
[매일유업] 바이오 요거트 딸기 400g,유제품,요거트,DAIRY,요거트,매일유업,요거트,0
[만나다] 유기농 바나나 1.3kg내외,과일/견과류,과일,RAW_FRUIT,바나나,만나다,바나나,0
[미자언니네] 녹두전 반죽 (냉동),간편식,밀키트,RTC_MEAL,밀키트,미자언니네,밀키트,0
[도제식빵] 리코타 치즈 딸기 산도 (시즌한정),유제품,치즈,DAIRY,리코타 치즈,도제식빵,리코타 치즈,0
[풍림푸드] 바로먹는 깐 반숙란 (2입x3팩),육류/계란,계란,RAW_MEAT,반숙란,풍림푸드,반숙란,0
"코다노 쫄깃 고소한 구워먹는 치즈 (냉동), 250g, 1개입, 1개 5,580원 (10g당 223원) 내일(일) 새벽 도착 보장 5 (3148) 최대 279원 적립",유제품,치즈,DAIRY,구워먹는 치즈,코다노,구워먹는 치즈,0
[비비고] 갓김치 300g,간편식,반찬류,SIMPLE_PROCESSED,갓김치,비비고,갓김치,0
[네이처빌] 우리쌀 97% 쌀소면 300g,채소/곡물류,면류,GRAIN,소면,네이처빌,소면,0
[안원당] 우거지 감자탕,간편식,레트로트,RTC_MEAL,레트로트,안원당,레트로트,0
"국내산 애호박, 1개입, 5개 11,310원 (1개당 2,262원) 내일(일) 새벽 도착 보장 5 (657168) 최대 565원 적립",채소/곡물류,채소,RAW_PRODUCE,애호박,,애호박,0
[제각각] 청상추 200g,채소/곡물류,채소,RAW_PRODUCE,청상추,제각각,상추,0
[그라나롤로] 부라타 치즈 100g (냉동),유제품,치즈,DAIRY,부라타 치즈,그라나롤로,부라타 치즈,0
[농심] 매운새우깡 400g (지퍼백),간식류,과자/스낵,SNACK,새우깡,농심,스낵,0
[만나다] 유기농 바나나 600g,과일/견과류,과일,RAW_FRUIT,바나나,만나다,바나나,0
[자연에찬] 건파래무침,간편식,반찬류,SIMPLE_PROCESSED,건파래무침,자연에찬,기타 반찬류,0
[ORGA] 검정콩 식빵 240g,간식류,빵류,BAKERY,식빵,ORGA,식빵,0
[풀무원] 동치미육수 1kg,조미료,양념/소스,SAUCE_SEASONING,동치미 육수,풀무원,기타 소스,0
[KC] 군옥수수 더블콘,채소/곡물류,채소,RAW_PRODUCE,옥수수,KC,옥수수,0
[상하목장] 마시는 유기농 요구르트 (100mL X 5개),유제품,요거트,DAIRY,요구르트,상하목장,요구르트,0
[미스티브루] 액상차 (25mL X 20개입) 2종 택1,음료,커피/차,BEVERAGE,차,미스티브루,기타 음료(차),0
[만나다] 파인포도방울 250g,과일/견과류,과일,RAW_FRUIT,과일컵,만나다,기타 과일,0
[도리깨침] 7가지 채소찜 시즌 1 (2인분/저당소스 포함),간편식,밀키트,RTC_MEAL,밀키트,도리깨침,밀키트,0
[김구원선생] 장수 콩나물 600g,채소/곡물류,채소,RAW_PRODUCE,콩나물,김구원선생,콩나물,0
[이목] 국내산 소고기 등심 구이용 200g (냉장),육류/계란,소고기,RAW_MEAT,소 등심,이목,소 등심,0
"곰곰 햄야채 볶음밥 (냉동), 300g, 6개 35%15,000원 9,690원 (100g당 538원) 내일(일) 새벽 도착 보장 4.5 (54618) 최대 485원 적립",간편식,레트로트,RTC_MEAL,레트로트,곰곰 ,레트로트,0
"글루텐 프리 비이츠 아몬드가루 100%, 1개, 300g 할인54%21,800원 9,900원 (100g당 3,300원) 내일(일) 도착 보장 5 (110) 최대 495원 적립",조미료,가루분말,SAUCE_SEASONING,아몬드 가루,비아츠,아몬드 가루,0
"풀무원 오리엔탈 드레싱, 115g, 1개 1%2,200원 2,160원 (100g당 1,878원) 내일(일) 새벽 도착 보장 5 (1344) 최대 108원 적립",조미료,양념/소스,SAUCE_SEASONING,오리엔탈 소스,풀무원,기타 소스,0
[ISFI] 핑크(레드) 페퍼홀,조미료,향신료/허브,SAUCE_SEASONING,레드페퍼,ISFI,레드페퍼,0
[듀록마루] 듀록 한돈 목살 500g (냉장),육류/계란,돼지고기,RAW_MEAT,돼지 목살,듀록마루,목살,0
[티아시아키친] 베트남 쌀국수 소스,조미료,양념/소스,SAUCE_SEASONING,쌀국수 소스,티아시아키친,기타 소스,0
"곰곰 고소한 큰두부, 1kg, 2개 4,810원 (100g당 241원) 내일(일) 새벽 도착 보장 5 (12155) 최대 240원 적립",채소/곡물류,콩/두부,SIMPLE_PROCESSED,두부,곰곰,두부,0
"만전김 어린이 공룡김 10p, 20g, 1개 38%6,500원 3,990원 (10g당 1,995원) 내일(일) 도착 보장 5 (559) 최대 200원 적립",상온식품,김/자반,DRIED_SEAFOOD,김,만전김,김,0
"카누 다크로스트 아메리카노 원두커피스틱, 1.6g, 70개입, 1개 22,300원 (10g당 1,991원) 내일(일) 새벽 도착 보장 5 (354) 최대 1,115원 적립",음료,커피/차,BEVERAGE,커피 스틱,카누 ,커피믹스,0
[만나다] 프레시 조각 오렌지 2종,과일/견과류,과일,RAW_FRUIT,오렌지,만나다,과일 묶음,0
[KF365] 1+등급 무항생제 대란 15구,육류/계란,계란,RAW_MEAT,계란,KF365,계란,0
"자연닮음 국산 건식 쌀가루, 2kg, 1개 73%32,000원 8,600원 (100g당 430원) 내일(일) 도착 보장 4.5 (732) 최대 430원 적립",조미료,가루분말,SAUCE_SEASONING,쌀가루,자연닮음,쌀가루,0
[Better me] 닭가슴살 큐브 3종 (1팩/4팩) (택1),육류/계란,가공육(햄/소시지),PROCESSED_MEAT,닭가슴살 큐브,Better me,기타 가공육(햄/소시지),0
"베지밀 비 달콤한 검은콩 두유, 145ml, 24개 17,400원 (100ml당 500원) 내일(일) 도착 보장 5 (47262) 최대 870원 적립",유제품,우유/두유,DAIRY,두유,베지밀,두유,0
"청정원 진한 토마토케찹, 930g, 1개 할인8%4,620원 4,250원 (100g당 457원) 내일(일) 도착 보장 5 (51782) 최대 213원 적립",조미료,양념/소스,SAUCE_SEASONING,케찹,청정원,케첩,0
[라티브] 클린프로틴 쉐이크 7포 2종 (택1),미등록 카테고리,기타,UNKNOWN,기타,라티브,기타,0
"제주올레길 명품우유, 2개, 900ml 5,290원 (100ml당 294원) 내일(일) 새벽 도착 보장 5 (5675) 최대 265원 적립",유제품,우유/두유,DAIRY,우유,제주올레길,우유,0
"베트남산 흰다리새우살 (냉동), 1개, 200g(71 / 90) 3,880원 (100g당 1,940원) 내일(일) 새벽 도착 보장 5 (548) 최대 194원 적립",수산물,새우/게,RAW_SEAFOOD,새우,,새우,0
[와인앤모어픽업]에반 윌리엄스 싱글 배럴 750mL ((미국위스키)),술,기타 주류,ALCOHOL,위스키,,위스키,0
"청정원 찰진 생칼국수, 450g, 1개 2,640원 (100g당 587원) 내일(일) 새벽 도착 보장 5 (30406) 최대 132원 적립",채소/곡물류,면류,GRAIN,진,청정원,기타 면류,0
[덴마크] 드링킹 요구르트 포스트 바이오틱스 베리믹스 750mL,유제품,요거트,DAIRY,요구르트,덴마크,요구르트,0
[Kurly's] 1++ 한우 안심 구이 250g (냉장),육류/계란,소고기,RAW_MEAT,소 안심,Kurly's,소 안심,0
"곰곰 1등급 국산콩 두부, 300g, 2팩 3,800원 (100g당 633원) 내일(일) 새벽 도착 보장 5 (16819) 최대 190원 적립",채소/곡물류,콩/두부,SIMPLE_PROCESSED,두부,곰곰,두부,0
[페이브] 싱글오리진 에티오피아 원두 200g,음료,커피/차,BEVERAGE,원두,페이브,원두,0
[메글레] 파인 포션버터 (10g X 20개),유제품,버터/생크림,DAIRY,버터,메글레,버터,0
[삼삼물산] 남해에서 온 바지락살 120g (생물),수산물,조개/전복,RAW_SEAFOOD,바지락,삼삼물산,바지락,0
"곰곰 한돈 1등급 갈비찜용 (냉장), 1kg, 1팩 18%19,590원 15,890원 (100g당 1,589원) 내일(일) 새벽 도착 보장 4.5 (5380) 최대 795원 적립",육류/계란,돼지고기,RAW_MEAT,갈비찜용 돼지고기,곰곰,기타 돼지고기,0
[하와이안호스트] 맥스 초콜릿 컬렉션 2종 (택1),간식류,초콜릿/사탕,SNACK,초콜릿,하와이안호스트,초콜릿,0
[스팸] 동그란 스팸 160g,육류/계란,가공육(햄/소시지),PROCESSED_MEAT,동그란 스팸,스팸,햄,0
"프리고 치즈헤드 스트링 치즈 아이스박스 포장, 1.36kg, 1개 할인4%21,440원 20,440원 (10g당 150원) 2/11(수) 도착 예정 4.5 (7683) 최대 1,022원 적립",유제품,치즈,DAIRY,스트링 치즈,프리고,스트링 치즈,0
[바름팜] 친환경 저민 마늘 50g,채소/곡물류,채소,RAW_PRODUCE,마늘,바름팜,마늘,0
"무순, 60g, 1개 1,170원 (100g당 1,950원) 내일(일) 새벽 도착 보장 5 (34892) 최대 59원 적립",채소/곡물류,채소,RAW_PRODUCE,무순,무순,기타 채소,0
"국내산 친환경 양배추, 1통, 1개 3,450원 (1개당 3,450원) 내일(일) 새벽 도착 보장 4.5 (98486) 최대 173원 적립",채소/곡물류,채소,RAW_PRODUCE,양배추,,양배추,0
"맑은물에 촌두부, 500g, 2개 3,190원 (100g당 319원) 내일(일) 새벽 도착 보장 5 (28719) 최대 160원 적립",채소/곡물류,콩/두부,SIMPLE_PROCESSED,두부,맑은물에,두부,0
[떡미당] 구슬꿀떡 500g,간식류,떡,SNACK,꿀떡,떡미당,꿀떡,0
[CU 픽업] 키쿠마사무네 준마이코우,술,기타 주류,ALCOHOL,사케,,사케,0
"인도산 흰다리 새우살 꼬리 없음 (냉동), 1개, 300g(31~50) 6,990원 (100g당 2,330원) 내일(일) 새벽 도착 보장 5 (352) 최대 350원 적립",수산물,새우/게,RAW_SEAFOOD,새우,,새우,0
[남양] 맛있는우유 GT 고소한 락토프리 900mL X 2개,유제품,우유/두유,DAIRY,락토프리 우유,남양,락토프리 우유,0
[농협풍산김치] 무말랭이 1kg,채소/곡물류,채소,RAW_PRODUCE,무말랭이,농협풍산김치,기타 채소,0
[남양] 유기농 이오 요구르트 80mL X 5입,유제품,요거트,DAIRY,요구르트,남양,요구르트,0
[KF365] IQF 닭다리살 (냉동) 1kg,육류/계란,닭고기,RAW_MEAT,닭다리살,KF365,닭다리살,0
"갈바니 리코타 치즈, 425g, 1개입, 1개 10,940원 (10g당 257원) 내일(일) 새벽 도착 보장 4.5 (21756) 최대 547원 적립",유제품,치즈,DAIRY,리코타 치즈,갈바니,리코타 치즈,0
"갓밀크 멸균우유, 1L, 12개 1%17,000원 16,800원 (100ml당 140원) 2/10(화) 도착 예정 5 (20666) 최대 840원 적립",유제품,우유/두유,DAIRY,우유,갓밀크,우유,0
"곰곰 감자전분이 99% 들어간 쫄깃한 감자가루, 550g, 1개 24%3,900원 2,930원 (100g당 533원) 내일(일) 새벽 도착 보장 5 (150) 최대 146원 적립",조미료,가루분말,SAUCE_SEASONING,감자전분,곰곰,감자전분,0
"맥심 모카골드 마일드 커피, 175g, 1개입, 1개 13,100원 (10g당 749원) 내일(일) 도착 보장 5 (17978) 최대 655원 적립",음료,커피/차,BEVERAGE,커피믹스,맥심,커피믹스,0
[SEMIWON] 새우 완탕,간편식,밀키트,RTC_MEAL,밀키트,SEMIWON,밀키트,0
"[농협] [25년산 햇곡] 강원 신림농협 국산 청차조 (차좁쌀), 1개, 500g 9%11,500원 10,430원 (100g당 2,086원) 내일(일) 도착 보장 4.5 (79) 최대 449원 적립",채소/곡물류,쌀/잡곡,GRAIN,쌀,농협,쌀,0
"햇반 컵반 치킨마요 덮밥, 233g, 2개 41%9,960원 5,800원 (100g당 1,245원) 내일(일) 새벽 도착 보장 5 (535) 최대 290원 적립",간편식,즉석밥,INSTANT,즉석 컵밥,햇반 ,즉석 컵밥,0
"스타벅스 돌체구스토 베란다 블렌드 캡슐커피, 8.5g, 12개입, 1개 7,990원 (10g당 783원) 내일(일) 도착 보장 5 (25818) 최대 400원 적립",음료,커피/차,BEVERAGE,커피캡슐,스타벅스,커피캡슐,0
[남양] 맛있는우유 GT (200mL X 24개),유제품,우유/두유,DAIRY,우유,남양,우유,0
[풀무원] 납작지짐만두 350g X 2개입,간편식,냉동식품,FROZEN_MEAL,냉동 만두,풀무원,냉동 만두,0
"코카콜라 제로 무라벨, 370ml, 6개 10%8,900원 7,980원 (100ml당 359원) 내일(일) 도착 보장 5 (11705) 최대 399원 적립",음료,탄산음료,BEVERAGE,코카콜라 제로,코카콜라,콜라,0
"카누 바리스타 머신 전용 캡슐커피 케어링스타 디카페인, 9.5g, 10개입, 1개 12%7,900원 6,900원 (10g당 726원) 내일(일) 도착 보장 5 (4376) 최대 345원 적립",음료,커피/차,BEVERAGE,커피캡슐,카누,커피캡슐,0
[동원] 그릴리 직화 델리햄?450g,육류/계란,가공육(햄/소시지),PROCESSED_MEAT,햄,동원,햄,0
"곰곰 볶음 땅콩분태, 1kg, 1개 37%13,900원 8,740원 (100g당 874원) 내일(일) 도착 보장 5 (615) 최대 437원 적립",조미료,가루분말,SAUCE_SEASONING,땅콩 분태,곰곰,기타 가루분말,0
"대림선 알뜰 어묵사각, 1kg, 1개 4,500원 (100g당 450원) 내일(일) 새벽 도착 보장 4.5 (1803) 최대 225원 적립",수산물,어육가공식품,SIMPLE_PROCESSED,어묵,대림선,어묵,0
[지리산처럼] 행복한 정은씨의 검은 볶음참깨 150g,채소/곡물류,쌀/잡곡,GRAIN,참깨,지리산처럼,기타 잡곡,0
"DIAMOND 냉동 흰다리 새우살 30마리 (냉동), 300g, 3팩 19,850원 (100g당 2,206원) 내일(일) 새벽 도착 보장 5 (6329) 최대 993원 적립",수산물,새우/게,RAW_SEAFOOD,새우,DIAMOND,새우,0
"꽃게랑 오리지널, 70g, 4개 4,800원 (10g당 171원) 내일(일) 도착 보장 5 (8050) 최대 240원 적립",간식류,과자/스낵,SNACK,꽃게랑,농심,스낵,0
[감코리아] 곶감 쏙 5종 디저트 샘플러,간식류,디저트/케이크,BAKERY,곶감,감코리아,곶감,0
"오뚜기 고소한 쌀 또띠아 지름 20cm, 40g, 6개입, 1개 3,810원 (10g당 159원) 내일(일) 새벽 도착 보장 5 (26595) 최대 190원 적립",간식류,빵류,BAKERY,또띠아,오뚜기,또띠아,0
[만나다] 프레시 조각 오렌지 600g,과일/견과류,과일,RAW_FRUIT,오렌지,만나다,오렌지,0
유기농 잡곡 서리태 500g,채소/곡물류,쌀/잡곡,GRAIN,서리태,,콩,0
"백설 중력 밀가루, 1kg, 2개 16%3,680원 3,060원 (100g당 153원) 내일(일) 도착 보장 5 (27223) 최대 153원 적립",조미료,가루분말,SAUCE_SEASONING,밀가루,백설,밀가루,0
[딥트 3일] 피치맛 번 (30일분),미등록 카테고리,기타,UNKNOWN,기타,딥트 3일,기타,0
[선물세트] 숙성도 한돈 흑돼지 구이 세트 1.4kg (갈치속젓 증정),육류/계란,돼지고기,RAW_MEAT,돼지고기 모둠,,돼지고기 묶음,0
"제주 올레길 명품 우유, 900ml, 2개 5,900원 (100ml당 328원) 내일(일) 새벽 도착 보장 5 (9855) 최대 295원 적립",유제품,우유/두유,DAIRY,우유,제주 올레길,우유,0
"해태제과 오예스 쿠키앤크림, 360g, 1개 4,400원 (10g당 122원) 내일(일) 새벽 도착 보장 5 (610) 최대 220원 적립",간식류,과자/스낵,SNACK,오예스,해태제과,파이류,0
[올레길] 제주 모짜렐라 스트링 치즈 (100g X 2개),유제품,치즈,DAIRY,스트링 치즈,올레길,스트링 치즈,0
"오뚜기 향긋한 들기름, 320ml, 1개 27%15,880원 11,450원 (10ml당 358원) 내일(일) 도착 보장 5 (18949) 최대 573원 적립",조미료,식용유/기름,SAUCE_SEASONING,들기름,오뚜기,들기름,0
"곰곰 한돈 등심 카레용 (냉장), 600g, 2팩 33%28,380원 18,770원 (100g당 1,564원) 내일(일) 새벽 도착 보장 5 (36895) 최대 939원 적립",육류/계란,돼지고기,RAW_MEAT,돼지 등심,곰곰,돼지 등심,0
"씨그램 플레인 탄산수 무라벨, 350ml, 24개 11,870원 (100ml당 141원) 내일(일) 도착 보장 5 (10239) 최대 594원 적립",음료,탄산음료,BEVERAGE,씨그램,씨그램,탄산수,0
[하이포크] 무항생제 한돈 뒷다리 제육용 300g (냉장),육류/계란,돼지고기,RAW_MEAT,뒷다리살,하이포크,뒷다리살,0
[석관동 떡볶이] 오리지널 떡볶이 1봉/2봉(택1),간편식,밀키트,RTC_MEAL,밀키트,석관동 떡볶이,밀키트,0
[닥터브라이언] 복숭아맛구미 비타민C&D 3000 (33일분),미등록 카테고리,기타,UNKNOWN,기타,닥터브라이언,기타,0
[그릭데이] 시나몬 그래놀라 150g,상온식품,시리얼,GRAIN,그래놀라,그릭데이,그래놀라,0
"고래사어묵 국탕용 종합 어묵, 450g, 1팩 8,500원 (100g당 1,889원) 내일(일) 새벽 도착 보장 5 (35146) 최대 380원 적립",간편식,레트로트,RTC_MEAL,레트로트,고래사,레트로트,0
"스팸 닭가슴살, 200g, 3개 58%16,980원 7,130원 (10g당 119원) 내일(일) 새벽 도착 보장 5 (454) 최대 356원 적립",상온식품,참치/스팸캔,CANNED,스팸 닭가슴살,스팸,스팸,0
[셰프초이스] 동그랑땡 1kg (냉장),간편식,레트로트,RTC_MEAL,레트로트,셰프초이스,레트로트,0
[브레댄코] 생제르맹 쿠키 6종 세트 640g,간식류,과자/스낵,SNACK,쿠키,브레댄코,쿠키,0
[CJ] 명가 파래김 16봉,상온식품,김/자반,DRIED_SEAFOOD,김,CJ,김,0
"한음미가 현미, 3kg, 1개 10,800원 (100g당 360원) 내일(일) 도착 보장 4.5 (2151) 최대 540원 적립",채소/곡물류,쌀/잡곡,GRAIN,현미,한음미가,현미,0
[마르티네즈] 세라노 초리조 250g,육류/계란,가공육(햄/소시지),PROCESSED_MEAT,초리조,마르티네즈,기타 가공육(햄/소시지),0
"친환경 깐양파, 300g, 1개 2,930원 (100g당 977원) 내일(일) 새벽 도착 보장 5 (12864) 최대 146원 적립",채소/곡물류,채소,RAW_PRODUCE,양파,,양파,0
[일리] 볼드 로스트 스틱커피 4종 (택1),음료,커피/차,BEVERAGE,커피가루,일리,커피,0
"농심 양파링 오리지널, 80g, 3개 3,960원 (10g당 165원) 내일(일) 새벽 도착 보장 5 (2221) 최대 198원 적립",간식류,과자/스낵,SNACK,양파링,농심,스낵,0
[베지밀] 고단백 두유 검은콩 (190mL X 16개),유제품,우유/두유,DAIRY,두유,베지밀,두유,0
[더 샤퀴테리아] 프로슈토,육류/계란,가공육(햄/소시지),PROCESSED_MEAT,프로슈토,더 샤퀴테리아,생햄,0
[CJ] 맛밤 4개입,간식류,과자/스낵,SNACK,맛밤,CJ,기타 과자/스낵,0
저탄소 유기농 하이아미 쌀 4kg,채소/곡물류,쌀/잡곡,GRAIN,쌀,,쌀,0
[오다다] 슈가컷피티 (3g X 24개),미등록 카테고리,기타,UNKNOWN,기타,오다다,기타,0
[모두의식단] 닭가슴살 가성비 대용량 통 닭가슴살 5종,육류/계란,닭고기,RAW_MEAT,닭가슴살,모두의식단,닭가슴살,0
[고래주방] 동글동글 모양 떡볶이,간편식,밀키트,RTC_MEAL,밀키트,고래주방,밀키트,0
"한양식품 오징어 숏다리, 20g, 10개 26%19,900원 14,550원 (100g당 7,275원) 내일(일) 새벽 도착 보장 5 (5396) 최대 728원 적립",간식류,과자/스낵,SNACK,숏다리,한양식품,스낵,0
[동화약품] 부채표 배러레스트 딥(Deep) 10정,미등록 카테고리,기타,UNKNOWN,기타,동화약품,기타,0
[8도포차] 대구식 매운 연탄돼지불고기,간편식,밀키트,RTC_MEAL,밀키트,8도포차,밀키트,0
"한우맘 한우 안심 1등급 구이용 (냉장), 200g, 1개 29%35,760원 25,330원 (100g당 12,665원) 1,000원 와우 가입 쿠폰 내일(일) 새벽 도착 보장 4.5 (331) 최대 1,216원 적립",육류/계란,소고기,RAW_MEAT,소 안심,한우맘,소 안심,0
[김구원선생] 장단콩으로 만든 청국장,조미료,양념/소스,SAUCE_SEASONING,청국장,김구원선생,청국장,0
"덴마크 소화가 잘되는 우유, 2.3L, 1개 6,650원 (100ml당 289원) 내일(일) 새벽 도착 보장 5 (36598) 최대 333원 적립",유제품,우유/두유,DAIRY,우유,,우유,0
[만토바] 아보카도 오일 스프레이 200mL,조미료,식용유/기름,SAUCE_SEASONING,아보카도 오일,만토바,아보카도 오일,0
[속초해품] 오징어젓 2종 (택1),간편식,반찬류,SIMPLE_PROCESSED,오징어젓갈,속초해품,오징어젓,0
"상하목장 유기농인증 우유, 750ml, 2개 9,630원 (100ml당 642원) 내일(일) 새벽 도착 보장 5 (66263) 최대 481원 적립",유제품,우유/두유,DAIRY,우유,상하목장,우유,0
"제주어부 제주 간고등어 (냉동), 5팩, 120g 14,900원 (100g당 2,483원) 내일(일) 새벽 도착 보장 4.5 (3698) 최대 695원 적립",간편식,레트로트,RTC_MEAL,레트로트,제주어부,레트로트,0
"가가호호 2025년산 햅쌀 우포 따오기쌀 백미, 3kg, 1개, 상등급 10,800원 (100g당 360원) 내일(일) 도착 보장 4.5 (20482) 최대 540원 적립",채소/곡물류,쌀/잡곡,GRAIN,쌀,가가호호,쌀,0
[진가네반찬] 참치김치찌개,간편식,레트로트,RTC_MEAL,레트로트,진가네반찬,레트로트,0
[포트'럭] 서해안 손질 동죽조개살 200g (냉동),수산물,조개/전복,RAW_SEAFOOD,동죽조개,포트'럭,기타 조개류,0
"순창궁 태양초 골드 고추장, 500g, 1개 56%8,500원 3,720원 (100g당 744원) 내일(일) 새벽 도착 보장 5 (7055) 최대 186원 적립",조미료,양념/소스,SAUCE_SEASONING,고추장,궁,고추장,0
[매일] 아몬드브리즈 950mL 2종 (택1),유제품,우유/두유,DAIRY,아몬드브리즈,매일,식물성 음료,0
"착한상점 구수하게 끓여먹는 솥뚜껑 누룽지, 3kg, 1개 14%21,000원 17,900원 (100g당 597원) 내일(일) 새벽 도착 보장 4.5 (15767) 최대 895원 적립",간식류,과자/스낵,SNACK,누룽지,착한상점,누룽지,0
[정미소] 비단쌀 2kg,채소/곡물류,쌀/잡곡,GRAIN,쌀,정미소,쌀,0
[달구지막창] 마늘훈제막창,간편식,레트로트,RTC_MEAL,레트로트,달구지막창,레트로트,0
[노아베이커리] 앙금품은 모카빵 280g,간식류,빵류,BAKERY,모카빵,노아베이커리,기타 빵류,0
"맥심 디카페인 커피믹스, 11.8g, 100개입, 1개 19,770원 (10g당 168원) 내일(일) 새벽 도착 보장 5 (1298) 최대 989원 적립",음료,커피/차,BEVERAGE,커피믹스,맥심,커피믹스,0
[스윗밸런스] 데워먹는 온샐러드 4종 (택1),간편식,샐러드팩,RTC_MEAL,샐러드,스윗밸런스,샐러드,0
[매일] 아몬드브리즈 아몬드&오트 (190mL X 24개),유제품,우유/두유,DAIRY,아몬드브리즈,매일,식물성 음료,0
"농심 누룽지팝, 142g, 2개 5,160원 (10g당 182원) 내일(일) 새벽 도착 보장 5 (1245) 최대 258원 적립",간식류,과자/스낵,SNACK,누룽지,농심,누룽지,0
[매일유업] 바나나는 원래 맛있다 (190mL X 6개),유제품,우유/두유,DAIRY,바나나 우유,매일,가공우유,0
[제주마미] 제주산 비온뒤 고사리 200g X 2입,채소/곡물류,채소,RAW_PRODUCE,고사리,제주마미,고사리,0
[올리] 명인 유기쌀조청 480g (국내산 유기농쌀),조미료,양념/소스,SAUCE_SEASONING,조청,올리,조청,0
수향미 진공미 3kg,채소/곡물류,쌀/잡곡,GRAIN,쌀,수향미,쌀,0
마 500g,채소/곡물류,채소,RAW_PRODUCE,마,,기타 채소,0
[슈퍼키친] 알마늘,채소/곡물류,채소,RAW_PRODUCE,마늘,슈퍼키친,마늘,0
[셀렉스] 프로틴 음료 2종 (택1),미등록 카테고리,기타,UNKNOWN,기타,셀렉스,기타,0
[미트엔조이] 미국산 프라임 등심 스테이크 300g(냉장),육류/계란,소고기,RAW_MEAT,소 등심,미트엔조이,소 등심,0
프리미엄 인기 육포 비첸향 모아보기 8종 (택1),육류/계란,가공육(햄/소시지),PROCESSED_MEAT,육포,,육포,0
[바다해] 자연건조 황태채 2종,수산물,멸치/건어물,DRIED_SEAFOOD,황태,바다해,황태,0
"곰곰 돌돌이 무연골 대패 삼겹살 (냉동), 500g, 1개 26%8,990원 6,590원 (100g당 1,318원) 내일(일) 새벽 도착 보장 4.5 (3460) 최대 330원 적립",육류/계란,돼지고기,RAW_MEAT,대패 삼겹살,곰곰,삼겹살,0
[오늘바다] 전복게우장 솥밥,간편식,레트로트,RTC_MEAL,레트로트,오늘바다,레트로트,0
[하코야] 오리지널 어묵 우동(2인),수산물,어육가공식품,SIMPLE_PROCESSED,어묵,하코야,어묵,0
"[선물세트] 포트'럭 완도 활전복 26~28마리 1.4kg (중,생물)(예약일 수령)",수산물,조개/전복,RAW_SEAFOOD,전복,포트'럭,전복,0
"곰곰 알뜰두부, 800g, 1팩 1,990원 (100g당 249원) 내일(일) 새벽 도착 보장 5 (62334) 최대 100원 적립",채소/곡물류,콩/두부,SIMPLE_PROCESSED,두부,곰곰,두부,0
[미자언니네] 미역줄기볶음,간편식,반찬류,SIMPLE_PROCESSED,미역줄기 볶음,미자언니네,기타 반찬류,0
[올반] 새우볶음밥 (4개입),간편식,레트로트,RTC_MEAL,레트로트,올반,레트로트,0
"더미식 오징어라면 130g, 4개 21%8,800원 6,880원 (1개당 1,720원) 내일(일) 도착 보장 4.5 (8692) 최대 344원 적립",간편식,라면,INSTANT,오징어라면,더미식,국물라면,0
[부르본] 페투치네 젤리 3종,간식류,초콜릿/사탕,SNACK,젤리,부르본,젤리,0
[자연실록] 무항생제 생닭 850g,육류/계란,닭고기,RAW_MEAT,생닭,자연실록,생닭,0
"요플레 ONLY 3 플레인 요거트 대용량, 1.8L, 1개입, 1개 18%8,980원 7,350원 (10ml당 41원) 내일(일) 새벽 도착 보장 5 (29446) 최대 368원 적립",유제품,요거트,DAIRY,요거트,요플레,요거트,0
[우주] 킹점보 생새우살 200g (냉동) (16/20 사이즈),수산물,새우/게,RAW_SEAFOOD,새우,우주,새우,0
[메디트리] 콤부 파인애플 효소 30포,미등록 카테고리,기타,UNKNOWN,기타,메디트리,기타,0
[하림] 아이로운 팝콘치킨 500g,간편식,냉동식품,FROZEN_MEAL,냉동 팝콘치킨,하림,냉동 치킨,0
[메종드조에] 크리스마스 쿠키 세트 2종 (택1),간식류,과자/스낵,SNACK,쿠키,메종드조에,쿠키,0
"미원 맛소금, 1kg, 1개 1%4,180원 4,120원 (100g당 412원) 내일(일) 도착 보장 5 (82879) 최대 206원 적립",조미료,조미료,SAUCE_SEASONING,맛소금,미원,맛소금,0
"하리보 메가파티 젤리 14개입, 250g, 1개 4,900원 (10g당 196원) 내일(일) 도착 보장 5 (2836) 최대 245원 적립",간식류,초콜릿/사탕,SNACK,젤리,하리보,젤리,0
"맥심 모카골드 라이트 커피믹스, 11.8g, 160개입, 1개 25,110원 (10g당 133원) 내일(일) 도착 보장 5 (23534) 최대 1,255원 적립",음료,커피/차,BEVERAGE,커피믹스,맥심,커피믹스,0
"오징어짬뽕 컵 67g, 6개 5,700원 (1개당 950원) 내일(일) 도착 보장 5 (35164) 최대 285원 적립",간편식,라면,INSTANT,오징어 짬뽕,농심,짬뽕라면,0
"둥지냉면 동치미 물냉면 161g, 4개 3,060원 (1개당 765원) 2/13(금) 도착 예정 5 (21073) 최대 153원 적립",간편식,밀키트,RTC_MEAL,밀키트,둥지냉면,밀키트,0
"가치지은 국내산 백옥 찹쌀, 3kg, 1개 10,800원 (100g당 360원) 내일(일) 도착 보장 4.5 (3407) 최대 540원 적립",채소/곡물류,쌀/잡곡,GRAIN,찹쌀,가치지은,찹쌀,0
[차알] 차돌 마라탕면,간편식,밀키트,RTC_MEAL,밀키트,차알,밀키트,0
[풀무원] 노엣지 페퍼로니 콤비네이션피자,간편식,냉동식품,FROZEN_MEAL,냉동 피자,풀무원,냉동 피자,0
[CU 픽업] 봄베이사파이어,술,기타 주류,ALCOHOL,진,,진,0
"사조프레시미트 수입 돈갈비 찜용 3 x 3 x 3 cm (냉동), 1kg, 3개 29,910원 (100g당 997원) 내일(일) 새벽 도착 보장 4.5 (3831) 최대 1,495원 적립",육류/계란,돼지고기,RAW_MEAT,돼지갈비,사조프레시미트,돼지갈비,0
[서울마님] 간편 떡구이 (2개입/4개입) 6종 (택1),간식류,떡,SNACK,떡구이,서울마님,기타 떡,0
[트리투바] 내츄럴 태블릿 초콜릿 5종 (택1),간식류,초콜릿/사탕,SNACK,초콜릿,트리투바,초콜릿,0
[메이준뉴트리] 파인애플효소 브로멜라인 업 80만 역가수치 30포,미등록 카테고리,기타,UNKNOWN,기타,메이준뉴트리,기타,0
[바름팜] 수분 가득 프레시 가든 샐러드 150g,간편식,샐러드팩,RTC_MEAL,샐러드,바름팜,샐러드,0
[슈퍼키친] 연근흑임자버무리,간편식,반찬류,SIMPLE_PROCESSED,연근 무침,슈퍼키친,기타 반찬류,0
[로얄오차드] 차 선물세트 3종 (택1),음료,커피/차,BEVERAGE,차,로얄오차드,기타 음료(차),0
"설성목장 한돈 고추장 제육볶음, 1개, 600g 8,900원 (100g당 1,483원) 내일(일) 새벽 도착 보장 4.5 (1130) 최대 395원 적립",간편식,밀키트,RTC_MEAL,밀키트,설성목장,밀키트,0
[엑스텐드] BCAA 글레이셜 그레이프 포도맛 30회분,미등록 카테고리,기타,UNKNOWN,기타,엑스텐드,기타,0
[햇살굽는집] 우리야채식빵 280g,간식류,빵류,BAKERY,식빵,햇살굽는집,식빵,0
"국내산 깻잎, 60g, 1팩 1,980원 (100g당 3,300원) 내일(일) 새벽 도착 보장 4.5 (30343) 최대 99원 적립",채소/곡물류,채소,RAW_PRODUCE,깻잎,,깻잎,0
"삼립 로만밀 통밀식빵, 420g, 2개입, 1세트 6,300원 (10g당 75원) 내일(일) 새벽 도착 보장 5 (209228) 최대 315원 적립",간식류,빵류,BAKERY,식빵,삼립,식빵,0
[KF365] 노르웨이 생연어회 200g (냉장),간편식,밀키트,RTC_MEAL,밀키트,KF365,밀키트,0
[페레로] 로쉐 초콜릿바 3종 (택1),간식류,초콜릿/사탕,SNACK,초콜릿,페레로,초콜릿,0
[미카쿠토] 푸쵸 쥬시미라클 젤리 후르츠믹스맛 대용량 800g,간식류,초콜릿/사탕,SNACK,젤리,미카쿠토,젤리,0
"[로이타이] 코코넛 밀크 2종 (250ml/1L, 코코넛함량 99.6%)",유제품,우유/두유,DAIRY,코코넛 밀크,로이타이,식물성 음료,0
[앙상블] 맛있는 큐브 치즈 2종 (7g X 18입),유제품,치즈,DAIRY,치즈,앙상블,기타 치즈,0
"프렌치카페 커피믹스 스틱 마일드, 11.1g, 20개입, 2개 6,400원 (10g당 144원) 내일(일) 도착 보장 5 (148550) 최대 320원 적립",음료,커피/차,BEVERAGE,커피믹스,프렌치카페,커피믹스,0
[마마리] 연근 닭강정 450g,간편식,냉동식품,FROZEN_MEAL,냉동 닭강정,마마리,냉동 치킨,0
"풀무원 무항생제 1+ 등급 대란, 25구, 1개 13,300원 (1구당 532원) 내일(일) 새벽 도착 보장 5 (13059) 최대 665원 적립",육류/계란,계란,RAW_MEAT,계란,풀무원,계란,0
"오뚜기 오쉐프 돈까스 소스, 2kg, 1개 4,390원 (100g당 220원) 내일(일) 도착 보장 5 (4748) 최대 220원 적립",조미료,양념/소스,SAUCE_SEASONING,돈까스 소스,오뚜기,돈까스 소스,0
"일리 다크 인텐소 볼드 로스트 캡슐 커피, 18개입, 3개 43,000원 (1개당 796원) 2/11(수) 도착 예정 5 (12503) 최대 2,150원 적립",음료,커피/차,BEVERAGE,커피캡슐,일리,커피캡슐,0
[워커힐고메] 고기 만두 400g,간편식,냉동식품,FROZEN_MEAL,냉동 만두,워커힐고메,냉동 만두,0
[자연담은] 국내산 유기농 누룽지 500g,간식류,과자/스낵,SNACK,누룽지,자연담은,누룽지,0
"발렌타인 스프레더블 버터, 160g, 1개 8,030원 (100g당 5,019원) 내일(일) 새벽 도착 보장 5 (11252) 최대 401원 적립",유제품,버터/생크림,DAIRY,버터,발렌타인,버터,0
[오희숙부각] 명인 찹쌀부각 2종 (택1),간식류,과자/스낵,SNACK,쌀 부각,오희숙부각,강정/한과,0
"유기농 씻어나온 찹쌀, 1.3kg, 1통 10,800원 (100g당 831원) 내일(일) 새벽 도착 보장 5 (5628) 최대 540원 적립",채소/곡물류,쌀/잡곡,GRAIN,찹쌀,유기농,찹쌀,0
[카르보넬] 엑스트라 버진 올리브 오일 2종,조미료,식용유/기름,SAUCE_SEASONING,올리브오일,카르보넬,올리브오일,0
[샘표] 명품구운소금 2종 (택1),조미료,조미료,SAUCE_SEASONING,구운소금,샘표,소금,0
[다담] 냉이된장찌개 양념 2종 (택1),조미료,양념/소스,SAUCE_SEASONING,된장찌개 양념,다담,기타 소스,0
[일일곡식] 국산 서리태로 더욱 고소해진 귀리쉐이크 1kg,유제품,우유/두유,DAIRY,곡물 쉐이크,일일곡식,기타 유음료,0
"엉클탁 씻어나온 현미, 4kg, 1통 20,800원 (100g당 520원) 내일(일) 새벽 도착 보장 5 (2384) 최대 1,040원 적립",채소/곡물류,쌀/잡곡,GRAIN,현미,엉클탁,현미,0
[풀무원] 반듯한식 1분즉석국 계란북엇국_6g*5입,간편식,레트로트,RTC_MEAL,레트로트,풀무원,레트로트,0
[선물세트] MSC인증 명란 혼합 세트,수산물,어란,RAW_SEAFOOD,명란,,명란,0
[햇살듬뿍] 양배추스틱 30포,미등록 카테고리,기타,UNKNOWN,기타,햇살듬뿍,기타,0
[배대감] 국산 감자전분 350g,조미료,가루분말,SAUCE_SEASONING,감자전분,배대감,감자전분,0
유기농 현미칩 60g,간식류,과자/스낵,SNACK,곡물 과자,유기농,기타 과자/스낵,0
[진가네반찬] 총각김치,간편식,반찬류,SIMPLE_PROCESSED,총각김치,진가네반찬,총각김치,0
[요플레] 후루츠 플레이버 요거트 3종 (85mL X 4개) (택1),유제품,요거트,DAIRY,요거트,요플레,요거트,0
[파볼] 호두가 들어있는 사과 잼 110g,상온식품,잼/스프레드,SAUCE_SEASONING,사과잼,파볼,사과잼,0
유기농 다진 단호박 100g,채소/곡물류,채소,RAW_PRODUCE,단호박,유기농,단호박,0
"네스카페 돌체구스토 캡슐커피 초코치노, 16g, 16개입, 1개 9,490원 (10g당 371원) 내일(일) 도착 보장 4.5 (6606) 최대 475원 적립",음료,커피/차,BEVERAGE,커피캡슐,네스카페,커피캡슐,0
[김소형원방] 알부민 진액스틱 30포 (+쇼핑백증정),미등록 카테고리,기타,UNKNOWN,기타,김소형원방,기타,0
[메종엠오] 땅콩 밀크초코 마들렌 35g,간식류,디저트/케이크,BAKERY,마들렌,메종엠오,마들렌,0
[바다원] 남해안 볶음용멸치 150g,수산물,멸치/건어물,DRIED_SEAFOOD,멸치,바다원,멸치,0
[리치몬드 과자점] 갈레트 데 루와 220g,간식류,디저트/케이크,BAKERY,파이,리치몬드 과자점,파이,0
"덴마크 테이크 얼라이브 블러드오렌지 주스, 120ml, 48개 14,900원 (100ml당 259원) 내일(일) 도착 보장 5 (8389) 최대 745원 적립",음료,주스,BEVERAGE,오렌지 주스,덴마크,오렌지 주스,0
[오뚜기] 사과식초 900ml,조미료,양념/소스,SAUCE_SEASONING,식초,오뚜기,식초,0
[선물세트] 나폴레옹 쿠키 3종 세트 282g,간식류,과자/스낵,SNACK,쿠키,나폴레옹,쿠키,0
"동원 슬라이스 유부 (냉동), 500g, 1개 13%9,280원 8,070원 (100g당 1,614원) 내일(일) 새벽 도착 보장 5 (20062) 최대 404원 적립",채소/곡물류,콩/두부,SIMPLE_PROCESSED,유부,동원,유부,0
[HBAF] 다크초코 프레첼 30g X 5개입,간식류,과자/스낵,SNACK,프레첼,HBAF,기타 과자/스낵,0
[테라로사 : 겨울] 윈터 드림 블렌드 커피 2종(택1),음료,커피/차,BEVERAGE,커피,테라로사 : 겨울,커피,0
"스타벅스 디카프 블론드 에스프레소 로스트 캡슐커피, 5.5g, 10개입, 1개 12%7,990원 6,990원 (10g당 1,271원) 내일(일) 도착 보장 5 (1041) 최대 350원 적립",음료,커피/차,BEVERAGE,커피캡슐,스타벅스,커피캡슐,0
"사조참치 살코기 안심따개, 135g, 4개 6,660원 (10g당 123원) 내일(일) 도착 보장 5 (194170) 최대 333원 적립",상온식품,참치/스팸캔,CANNED,참치캔,사조참치,참치캔,0
[KF365] 한돈 생 갈비 600g(냉장),육류/계란,돼지고기,RAW_MEAT,돼지갈비,KF365,돼지갈비,0
[오마뎅] 순살 어묵바,수산물,어육가공식품,SIMPLE_PROCESSED,어묵바,오마뎅,어묵바,0
[가토미작] 그릭요거트 보틀 케이크 3종 (택1),간식류,디저트/케이크,BAKERY,케이크,가토미작,케이크,0
[사미헌] 우거지 갈비탕,간편식,레트로트,RTC_MEAL,레트로트,사미헌,레트로트,0
[마마리] 바질페스토 파스타 샐러드,간편식,밀키트,RTC_MEAL,밀키트,마마리,밀키트,0
[몸애쏙쏙] 유기농 배도라지청,미등록 카테고리,기타,UNKNOWN,기타,몸애쏙쏙,기타,0
[리모데나] IGP유기농 발사믹 그린라벨 (포도농축85%),조미료,양념/소스,SAUCE_SEASONING,발사믹 식초,리모데나,발사믹 식초,0
[우리밀] 빵가루 190g,조미료,가루분말,SAUCE_SEASONING,빵가루,우리밀,빵가루,0
"잔다리 전두부, 310g, 2개 7,800원 (100g당 1,258원) 내일(일) 새벽 도착 보장 5 (5044) 최대 390원 적립",채소/곡물류,콩/두부,SIMPLE_PROCESSED,두부,잔다리,두부,0
"삼립 더블치즈 후레쉬팡, 98g, 1개입, 2개 2,710원 (10g당 138원) 내일(일) 새벽 도착 보장 5 (8730) 최대 135원 적립",간식류,빵류,BAKERY,치즈빵,삼립,기타 빵류,0
"지하암반해수로 씻어낸 가열조리용 생굴 (냉장), 500g, 1개 할인12%13,500원 11,770원 (100g당 2,354원) 내일(일) 새벽 도착 보장 4.5 (34095) 최대 589원 적립",수산물,조개/전복,RAW_SEAFOOD,굴,,굴,0
"하선정 한입쌈무 새콤한맛, 200g, 1개 1,720원 (100g당 860원) 내일(일) 새벽 도착 보장 5 (3098) 최대 86원 적립",간편식,반찬류,SIMPLE_PROCESSED,쌈무,하선정,단무지,0
[르루] 유기농 치커리 대체커피100g,음료,커피/차,BEVERAGE,커피,르루,커피,0
[락티브] 미오이노시톨 앤 콜린 4000mg 14포,미등록 카테고리,기타,UNKNOWN,기타,락티브,기타,0
[비비고] 순살고등어구이,간편식,레트로트,RTC_MEAL,레트로트,비비고,레트로트,0
[다시다] 쇠고기 다시다 300g,조미료,조미료,SAUCE_SEASONING,다시다,다시다,다시다,0
"황금이네 국내산 갈아만든 배도라지청, 600g, 1개입, 1개 43%26,200원 14,900원 (10g당 248원) 내일(일) 도착 보장 5 (1478) 최대 655원 적립",미등록 카테고리,기타,UNKNOWN,기타,황금이네,기타,0
[몸애쏙쏙] 유기농 어린이 배도라지즙 2종 (100mL X 10포),미등록 카테고리,기타,UNKNOWN,기타,몸애쏙쏙,기타,0
"복이네먹거리 탈피 들깨가루, 100g, 1개 23%4,410원 3,390원 (100g당 3,390원) 내일(일) 도착 보장 4.5 (2447) 최대 170원 적립",조미료,가루분말,SAUCE_SEASONING,들깨가루,복이네먹거리,들깨가루,0
[우주] 손질 생새우살 200g (냉동) (31/50 사이즈),수산물,새우/게,RAW_SEAFOOD,새우,우주,새우,0
[더오담] 한입 현미 강정 100g,간식류,과자/스낵,SNACK,강정,더오담,강정/한과,0
"곰곰 국산 우리콩두부, 300g, 2팩 3,980원 (100g당 663원) 내일(일) 새벽 도착 보장 5 (59329) 최대 199원 적립",채소/곡물류,콩/두부,SIMPLE_PROCESSED,두부,곰곰,두부,0
[진가네반찬] 실비 겉절이 김치,간편식,반찬류,SIMPLE_PROCESSED,실비 겉절이,진가네반찬,겉절이,0
"건강한밥상 국산 찰보리쌀, 2kg, 1개 10,500원 (100g당 525원) 내일(일) 도착 보장 4.5 (30715) 최대 525원 적립",채소/곡물류,쌀/잡곡,GRAIN,찰보리쌀,건강한밥상,보리쌀,0
[모던구루] 그래놀라 6종 (택1),상온식품,시리얼,GRAIN,그래놀라,모던구루,그래놀라,0
[이목 무항생제] 국내산 소고기 양지 국거리용 200g 2종 (냉장),육류/계란,소고기,RAW_MEAT,양지,이목 무항생제,소고기 묶음,0
"대림선 어묵 빨간 오뎅꼬치 (냉동), 409g, 1개 5,980원 (100g당 1,462원) 내일(일) 새벽 도착 보장 5 (4498) 최대 299원 적립",수산물,어육가공식품,SIMPLE_PROCESSED,어묵,대림선,어묵,0
"국내산 찹쌀, 5kg, 1개 16%23,900원 19,900원 (100g당 398원) 내일(일) 도착 보장 4.5 (11411) 최대 995원 적립",채소/곡물류,쌀/잡곡,GRAIN,찹쌀,,찹쌀,0
양송이버섯 140g,채소/곡물류,버섯,RAW_PRODUCE,양송이버섯,양송이버섯,양송이버섯,0
[곱창파는청년들] 소곱창,간편식,밀키트,RTC_MEAL,밀키트,곱창파는청년들,밀키트,0
[동원] 양반 진국 사골곰탕 500g,간편식,레트로트,RTC_MEAL,레트로트,동원,레트로트,0
"동원샘물 생수 무라벨, 1.1L, 24개 27%15,960원 11,500원 (100ml당 44원) 내일(일) 도착 보장 5 (160875) 최대 552원 적립",음료,생수,BEVERAGE,생수,동원샘물,생수,0
[쉐푸드] 디럭스 샌드위치 패밀리팩 (4입),간식류,빵류,BAKERY,샌드위치,쉐푸드,샌드위치,0
[VIP] 프리미엄 제주 은갈치 800g (냉동),수산물,생선,RAW_SEAFOOD,갈치,VIP,갈치,0
"설성목장 한돈 무항생제 목심 구이용 (냉장), 400g, 1개 41%16,800원 9,750원 (100g당 2,438원) 내일(일) 새벽 도착 보장 5 (4063) 최대 488원 적립",육류/계란,돼지고기,RAW_MEAT,돼지 목살,설성목장,목살,0
[유유제약] 아이튼 퓨어 키즈프로폴리스 젤리 (15일분),미등록 카테고리,기타,UNKNOWN,기타,유유제약,기타,0
"목우촌 국내산 소고기 양지 미절단 국거리용 (냉장), 300g, 1개 18,900원 (100g당 6,300원) 내일(일) 새벽 도착 보장 4.5 (4034) 최대 945원 적립",육류/계란,소고기,RAW_MEAT,양지,목우촌,양지,0
[CU 픽업] 그로브밀샤도네이,술,와인,ALCOHOL,화이트 와인,,화이트 와인,0
"거창군농협 2025년산 햅쌀 거창한 메뚜기쌀, 상등급, 10kg, 1개 15%39,900원 33,900원 (100g당 339원) 내일(일) 도착 보장 5 (4301) 최대 1,695원 적립",채소/곡물류,쌀/잡곡,GRAIN,쌀,농협,쌀,0
[설성목장] 한우 어린이 육포,육류/계란,가공육(햄/소시지),PROCESSED_MEAT,육포,설성목장,육포,0
[DIMES] 석류 착즙주스 1L,음료,주스,BEVERAGE,석류주스,DIMES,기타 주스,0
"하림 팝콘치킨 (냉동), 1.2kg, 1개 쿠폰할인32%16,900원 11,430원 (100g당 953원) 내일(일) 새벽 도착 보장 5 (29979) 최대 571원 적립",간편식,냉동식품,FROZEN_MEAL,냉동 팝콘치킨,하림,냉동 치킨,0
"리프레쉬 바베큐 오징어, 300g, 1개 35%19,980원 12,890원 (10g당 430원) 내일(일) 도착 보장 4.5 (8139) 최대 645원 적립",간식류,과자/스낵,SNACK,오징어 스낵,리프레쉬,스낵,0
[사조대림] 한돈 두툼 살코기햄 350g,육류/계란,가공육(햄/소시지),PROCESSED_MEAT,햄,사조대림,햄,0
"단디프레시 직접 손으로 채취한 서해안 갯벌 동죽조개, 800g, 1봉 7,500원 (100g당 938원) 내일(일) 새벽 도착 보장 4.5 (14336) 최대 375원 적립",수산물,조개/전복,RAW_SEAFOOD,동죽조개,단디프레시,기타 조개류,0
[CJ] 자메이카 Style 치킨 350g,간편식,냉동식품,FROZEN_MEAL,냉동 치킨,CJ,냉동 치킨,0
"데니그리스 유기농 사과 식초, 1L, 1개 52%22,000원 10,400원 (10ml당 104원) 내일(일) 새벽 도착 보장 5 (4623) 최대 520원 적립",조미료,양념/소스,SAUCE_SEASONING,식초,데이그리스,식초,0
[모나미] 프렌치 버터 2종 (냉동),유제품,버터/생크림,DAIRY,프렌치 버터,모나미,버터,0
[가농바이오] 비타플러스에그 무항생제 1+등급 특란 10구,육류/계란,계란,RAW_MEAT,계란,가농바이오,계란,0
"샘표 양조 간장 701, 860ml, 2개 15,720원 (100ml당 914원) 내일(일) 도착 보장 5 (33497) 최대 786원 적립",조미료,양념/소스,SAUCE_SEASONING,양조간장,샘표,간장,0
"크노르 치킨파우더 시즈닝, 120g, 2개 쿠폰할인27%11,800원 8,500원 (100g당 3,542원) 내일(일) 도착 보장 5 (2721) 최대 425원 적립",조미료,조미료,SAUCE_SEASONING,치킨파우더,크노르,육수,0
[자연에찬] 메추리알 장조림,간편식,반찬류,SIMPLE_PROCESSED,메추리알 장조림,자연에찬,장조림,0
[CU 픽업] 오프리 화이트 포트,술,와인,ALCOHOL,화이트 와인,,화이트 와인,0
"파스퇴르 건강한 저온살균 우유 후레쉬, 2.3L, 2개 16,240원 (100ml당 353원) 내일(일) 새벽 도착 보장 5 (173286) 최대 812원 적립",유제품,우유/두유,DAIRY,우유,파스퇴,우유,0
[워커힐호텔] 백김치 3kg,간편식,반찬류,SIMPLE_PROCESSED,백김치,워커힐호텔,백김치,0
[엉클베리하우스] 짜먹는 유기농 생강도라지 진액 스틱,미등록 카테고리,기타,UNKNOWN,기타,엉클베리하우스,기타,0
[Picard] 페스토 로쏘 페스츄리 타르트 310g,간식류,디저트/케이크,BAKERY,타르트,Picard,타르트,0
[밀가루대신] 아몬드 가루 250g,조미료,가루분말,SAUCE_SEASONING,아몬드 가루,밀가루대신,아몬드 가루,0
"대림선 유부 (냉동), 500g, 1개 7,230원 내일(일) 새벽 도착 보장 5 (924) 최대 361원 적립",채소/곡물류,콩/두부,SIMPLE_PROCESSED,유부,대림선,유부,0
"리솔라 멸균우유, 250ml, 12개 8,500원 (100ml당 283원) 내일(일) 도착 보장 새 상품, 반품-미개봉 (3) 최저8,070원 5 (12236) 최대 425원 적립",유제품,우유/두유,DAIRY,우유,리솔라,우유,0
[해머스] 수제 햄 레베케제 4종,육류/계란,가공육(햄/소시지),PROCESSED_MEAT,햄,해머스,햄,0
[튀김공방] 칠리새우,간편식,냉동식품,FROZEN_MEAL,냉동 튀김,튀김공방,냉동 튀김,0
[마이노멀 x YOZM] 저당 그릭요거트 애플시나몬 130g,유제품,요거트,DAIRY,그릭요거트,,그릭요거트,0
"백설 옥수수유, 1.8L, 1개 26%10,800원 7,900원 (100ml당 439원) 내일(일) 도착 보장 5 (20619) 최대 395원 적립",조미료,식용유/기름,SAUCE_SEASONING,옥수수유,백설,기타 기름,0
[KF365] 메추리알 오리지날 카츠 500g,간편식,냉동식품,FROZEN_MEAL,냉동 튀김,KF365,냉동 튀김,0
[프레지덩] 마이딥 스프레더블 치즈 125g 2종 (택1),유제품,치즈,DAIRY,치즈,프레지덩,기타 치즈,0
[유기방아] 쑥오쟁이떡 600g,간식류,떡,SNACK,오쟁이떡,유기방아,기타 떡,0
[만전김] 일회조 만전곱창돌김 도시락김 2종 (택1),상온식품,김/자반,DRIED_SEAFOOD,김,만전김,김,0
[바로생활] 유기농 양배추환 스틱 50포,미등록 카테고리,기타,UNKNOWN,기타,바로생활,기타,0
"세브란스에이투 전용목장 단백우유 딸기, 125ml, 12개 33%14,900원 9,950원 (100ml당 663원) 내일(일) 도착 보장 5 (484) 최대 498원 적립",유제품,우유/두유,DAIRY,딸기우유,세브란스에이투,가공우유,0
"오징어짬뽕 124g, 10개 9,500원 (1개당 950원) 내일(일) 도착 보장 5 (58304) 최대 475원 적립",간편식,라면,INSTANT,오징어 짬뽕,오징어짬뽕,짬뽕라면,0
"자연건조 덕장명인 용대리 황태채 (냉동), 150g, 1개 11,900원 (100g당 7,933원) 내일(일) 새벽 도착 보장 4.5 (6531) 최대 545원 적립",수산물,멸치/건어물,DRIED_SEAFOOD,황태,덕장명인 용대리,황태,0
[서울우유] 저탄소인증 우유 900mL,유제품,우유/두유,DAIRY,우유,서울우유,우유,0
[널담] 완전영양식빵 (100g X 4개),간식류,빵류,BAKERY,식빵,널담,식빵,0
[종가] 현명한주부 맛김치3kg,간편식,반찬류,SIMPLE_PROCESSED,배추김치,종가,배추김치,0
[바름팜] 가늘고 투명한 일식집 양배추채 (0.7mm),채소/곡물류,채소,RAW_PRODUCE,양배추,바름팜,양배추,0
[바름팜] 간편하게 손질한 절단 배추 300g,간편식,반찬류,SIMPLE_PROCESSED,배추김치,바름팜,배추김치,0
[신키네도] 오렌지 스타롤 2종 (택1),간식류,디저트/케이크,BAKERY,롤케이크,신키네도,롤케이크,0
[양포어장] 짜지 않은 반건조오징어 200g,수산물,멸치/건어물,DRIED_SEAFOOD,건오징어,양포어장,건오징어,0
[집반찬연구소] 애호박나물,간편식,반찬류,SIMPLE_PROCESSED,애호박 나물,집반찬연구소,기타 반찬류,0
[왕애밥상] 총각김치 2kg,간편식,반찬류,SIMPLE_PROCESSED,총각김치,왕애밥상,총각김치,0
[바름팜] 제주 양배추 1통 (900g),채소/곡물류,채소,RAW_PRODUCE,양배추,바름팜,양배추,0
"오뚜기 빵가루, 1kg, 1개 20%7,580원 6,020원 (100g당 602원) 내일(일) 도착 보장 5 (7508) 최대 301원 적립",조미료,가루분말,SAUCE_SEASONING,빵가루,오뚜기,빵가루,0
[대상웰라이프] 뉴케어 올프로틴 바나나맛 245ml (24일분),미등록 카테고리,기타,UNKNOWN,기타,대상웰라이프,기타,0
[샐러드판다] 누들 샐러드 5종 (택1),간편식,샐러드팩,RTC_MEAL,누들 샐러드,샐러드판다,샐러드,0
"마이카페라떼 원데이 로어슈거 클래식라떼, 210ml, 10개 19%13,900원 11,200원 (100ml당 533원) 내일(일) 도착 보장 새 상품, 반품-미개봉 (2) 최저10,640원 5 (2184) 최대 560원 적립",음료,커피/차,BEVERAGE,라떼,마이카페라떼,커피,0
[ISFI] 바질,조미료,향신료/허브,SAUCE_SEASONING,바질,ISFI,바질,0
"국내산 오징어슬라이스 (냉동), 300g, 2개 14,780원 (100g당 2,463원) 내일(일) 새벽 도착 보장 5 (19837) 최대 739원 적립",수산물,오징어/문어,RAW_SEAFOOD,오징어,,오징어,0
"대한다업 보성에서 자란 블랙 보리차, 1.5g, 60개입, 1개 7,980원 (10g당 887원) 내일(일) 도착 보장 4.5 (3143) 최대 399원 적립",음료,커피/차,BEVERAGE,보리차,대한다업,보리차,0
"프렌치카페 스테비아 디카페인 커피믹스, 10.3g, 20개입, 1개 5%7,580원 7,140원 (10g당 347원) 내일(일) 도착 보장 5 (53) 최대 357원 적립",음료,커피/차,BEVERAGE,커피믹스,프렌치카페,커피믹스,0
[바리스타룰스] 컵커피 250mL 5종 (택1),음료,커피/차,BEVERAGE,컵커피,바리스타룰스,캔커피,0
[KF365] 고소한 재래도시락김 16봉,상온식품,김/자반,DRIED_SEAFOOD,김,KF365,김,0
[석관동 떡볶이] 로제 떡볶이,간편식,밀키트,RTC_MEAL,밀키트,석관동 떡볶이,밀키트,0
[에밀리아] 유기농 화이트 와인 비니거,조미료,양념/소스,SAUCE_SEASONING,화이트 와인 비니거,에밀리아,기타 소스,0
[바다소리] 완도 자른미역 80g,수산물,미역/다시마,DRIED_SEAFOOD,미역,바다소리,미역,0
[칠갑농산] 감자수제비 800g,채소/곡물류,면류,GRAIN,수제비,칠갑농산,수제비,0
[롯데웰푸드] 저당 아이스크림 골라담기 6종 (택1),간식류,디저트/케이크,BAKERY,아이스크림,롯데월푸드,아이스크림,0
[동원] 양반 용기죽 7종 (택1),간편식,레트로트,RTC_MEAL,레트로트,동원,레트로트,0
[바름팜] 제주에서 온 친환경 사각 컷 양배추 300g,채소/곡물류,채소,RAW_PRODUCE,양배추,바름팜,양배추,0
[바름팜] 친환경 양배추 슬라이스 300g,채소/곡물류,채소,RAW_PRODUCE,양배추,바름팜,양배추,0
[메종조] 빠떼 드 깜빠뉴 100g (냉장),간식류,빵류,BAKERY,깜빠뉴,메종조,깜빠뉴,0
"간편한 손질 오징어 (냉동), 1개, 500g 23%12,000원 9,240원 (100g당 1,848원) 내일(일) 새벽 도착 보장 4 (1083) 최대 462원 적립",수산물,오징어/문어,RAW_SEAFOOD,오징어,,오징어,0
[마즈] 이클립스 6종 (택1),간식류,초콜릿/사탕,SNACK,이클립스,마즈,기타 초콜릿/사탕,0
[라빈리커픽업] 부쉬밀 10년 (위스키),술,기타 주류,ALCOHOL,위스키,,위스키,0
"오뎅식당 의정부 부대찌개 밀키트 2인분, 630g, 1개 13,900원 (100g당 2,206원) 내일(일) 새벽 도착 보장 4.5 (523) 최대 625원 적립",간편식,밀키트,RTC_MEAL,밀키트,오뎅식당,밀키트,0
[샘표] 국산100% 쌀소면 400g,채소/곡물류,면류,GRAIN,소면,샘표,소면,0
[동원] 동원맛참 마요참기름 90g x 4캔,상온식품,참치/스팸캔,CANNED,참치캔,동원,참치캔,0
"제주삼다수 그린 무라벨, 2L, 12개 12,960원 (100ml당 54원) 내일(일) 도착 보장 5 (729945) 최대 648원 적립",음료,생수,BEVERAGE,생수,제주삼다수,생수,0
[서울우유] 고소한 버터 450g,유제품,버터/생크림,DAIRY,버터,서울우유,버터,0
[페이장브레통] 르 까망베르 치즈 125g,유제품,치즈,DAIRY,까망베르 치즈,페이장브레통,까망베르 치즈,0
"대림선 부산 어묵 풍년마당, 1kg, 1개 5,700원 (100g당 570원) 내일(일) 새벽 도착 보장 4.5 (49737) 최대 285원 적립",수산물,어육가공식품,SIMPLE_PROCESSED,어묵,대림선,어묵,0
[빔스터] 110년 전통 고다치즈 3종,유제품,치즈,DAIRY,고다 치즈,빔스터,고다 치즈,0
"국내산 무, 1개입, 6개 9,100원 (1개당 1,517원) 내일(일) 새벽 도착 보장 4.5 (269495) 최대 455원 적립",채소/곡물류,채소,RAW_PRODUCE,무,,무,0
[조은보담] 여주 & 돼지감자 30포,채소/곡물류,채소,RAW_PRODUCE,돼지감자,조은보담,기타 채소,0
"대림선 부산어묵 쫄깃한 야채사각 4장, 180g, 2개 2,380원 (100g당 661원) 내일(일) 새벽 도착 보장 5 (6038) 최대 119원 적립",수산물,어육가공식품,SIMPLE_PROCESSED,어묵,대림선,어묵,0
"다하다 늙은 호박차, 1g, 100개입, 1개 10,900원 (10g당 1,090원) 내일(일) 도착 보장 5 (2337) 최대 545원 적립",음료,커피/차,BEVERAGE,호박차,다하다,기타 음료(차),0
[롯데웰푸드] 제로 아이스크림 스틱 바 2종 (80mL X 6개) (택1),간식류,디저트/케이크,BAKERY,아이스크림,롯데웰푸드,아이스크림,0
[Kurly's] 동물복지 비빔 반숙 계란장 매운맛,간편식,반찬류,SIMPLE_PROCESSED,계란장,Kurly's,기타 반찬류,0
[바름팜] 친환경 한통 양배추 (800g),채소/곡물류,채소,RAW_PRODUCE,양배추,바름팜,양배추,0
[참프레] 버팔로윙 1kg,간편식,냉동식품,FROZEN_MEAL,버팔로윙,참프레,냉동 치킨,0
"제주삼다수 그린 무라벨, 1L, 9개 52%13,900원 6,630원 (100ml당 74원) 내일(일) 도착 보장 5 (729945) 최대 331원 적립",음료,생수,BEVERAGE,생수,제주삼다수,생수,0
"펩시 제로슈거 라임향 제로카페인 탄산음료, 210ml, 30개 15,490원 (100ml당 246원) 내일(일) 도착 보장 새 상품, 반품-미개봉 (29) 최저10,560원 5 (3033) 최대 775원 적립",음료,탄산음료,BEVERAGE,펩시 제로 라임,펩시,콜라,0
"[유기농 생강청 1OO%] 향토미가 유기농 생강청 국산 100% 무농약, 1개, 1개입, 600g 할인52%37,900원 17,900원 (10g당 298원) 내일(일) 도착 보장 5 (601) 최대 895원 적립",조미료,양념/소스,SAUCE_SEASONING,생강청,유기농 생강청 1OO%,기타 소스,0
[오뚜기] 진라면 순한맛 큰컵 6입,간편식,라면,INSTANT,진라면 순한맛,오뚜기,사발면(컵라면),0
[존쿡 델리미트] 롱 스모크 소시지,육류/계란,가공육(햄/소시지),PROCESSED_MEAT,소시지,존쿡 델리미트,소세지,0
[비비고] 묵은지 1.5kg,간편식,반찬류,SIMPLE_PROCESSED,묵은지,비비고,배추김치,0
[랩노쉬] 단백쿠키 4종 골라담기 (택3),간식류,과자/스낵,SNACK,쿠키,랩노쉬,쿠키,0
[삼호] 부산어묵 골드 중봉 360g,수산물,어육가공식품,SIMPLE_PROCESSED,어묵,삼호,어묵,0
[삼립] 젤리뽀 제로 560g,간식류,초콜릿/사탕,SNACK,젤리,삼립,젤리,0
[풀무원] 오이지 500g,간편식,반찬류,SIMPLE_PROCESSED,오이지,풀무원,장아찌,0
[원파디] 에브리띵 베이글 시즈닝 240g,간식류,빵류,BAKERY,베이글,원파디,베이글,0
[베베쿡] 통통바나나 30g,과일/견과류,과일,RAW_FRUIT,바나나,베베쿡,바나나,0
"오뚜기 돈까스 소스, 470g, 2개 22%6,760원 5,260원 (100g당 560원) 내일(일) 도착 보장 5 (5712) 최대 263원 적립",조미료,양념/소스,SAUCE_SEASONING,돈까스 소스,오뚜기,돈까스 소스,0
"모위 노르웨이산 생연어 스테이크 (냉장), 1개, 250g 11,840원 (100g당 4,736원) 내일(일) 새벽 도착 보장 5 (112) 최대 570원 적립",수산물,생선,RAW_SEAFOOD,연어,모위 ,연어,0
[벨레이] 유기농 모데나 발사믹 비네거 브라운 (밀도 1.33/ 포도농축80%),조미료,양념/소스,SAUCE_SEASONING,발사믹 식초,벨레이,발사믹 식초,0
[가시제거연구소] 고등어밥상 핑크라벨 800g (5개입),간편식,레트로트,RTC_MEAL,레트로트,가시제거연구소,레트로트,0
[야바] 그래놀라 바이트 3종 125g,상온식품,시리얼,GRAIN,그래놀라,야바,그래놀라,0
"바른곡물 국산 찹쌀, 1kg, 1개 5,980원 (100g당 598원) 내일(일) 새벽 도착 보장 5 (3658) 최대 299원 적립",채소/곡물류,쌀/잡곡,GRAIN,찹쌀,바른곡물,찹쌀,0
"청정원순창 초고추장, 300g, 1개 21%3,800원 3,000원 (100g당 1,000원) 내일(일) 새벽 도착 보장 5 (1665) 최대 150원 적립",조미료,양념/소스,SAUCE_SEASONING,고추장,청정원순창,고추장,0
[선물세트] 포천이동갈비 한입 LA갈비 세트 2kg (예약일 수령),육류/계란,소고기,RAW_MEAT,LA 갈비,포천이동갈비,소고기 묶음,0
"목우촌 무항생제 순살 닭고기 닭볶음탕용 (냉장), 600g, 2개 24,500원 (100g당 2,042원) 1,440원 와우 가입 쿠폰 내일(일) 새벽 도착 보장 5 (6799) 최대 1,153원 적립",육류/계란,닭고기,RAW_MEAT,순살 닭고기,목우촌,기타 닭고기,0
[Kurly's] 동물복지 유정란 10구,육류/계란,계란,RAW_MEAT,계란,Kurly's,계란,0
[몸애쏙쏙] 유기농 배도라지액 스틱 10포,미등록 카테고리,기타,UNKNOWN,기타,몸애쏙쏙,기타,0
이유식 재료 친환경 양배추 1/4통,채소/곡물류,채소,RAW_PRODUCE,양배추,이유식,양배추,0
[선물세트] 프리미엄 영광 굴비 세트 2.0kg (예약일 수령),수산물,멸치/건어물,DRIED_SEAFOOD,굴비,,굴비,0
[덴마크] 대니쉬 The 건강한 우유 2.3L,유제품,우유/두유,DAIRY,우유,덴마크,우유,0
유기농 무말랭이 150g,채소/곡물류,채소,RAW_PRODUCE,무말랭이,유기농,기타 채소,0
[리틀스푼] 옥수수팡 2종,간식류,과자/스낵,SNACK,옥수수 과자,리틀스푼,옥수수칩,0
[홈앤키즈] 사르르 쏙 동결건조 요거트 4종 (택1),유제품,요거트,DAIRY,요거트,홈앤키즈,요거트,0
[티젠] 콤부차 피치 50개입,음료,커피/차,BEVERAGE,콤부차,티젠,기타 음료(차),0
[선물세트] 조선호텔 전복장 세트(예약일 수령),간편식,반찬류,SIMPLE_PROCESSED,전복장,조선호텔,기타 반찬류,0
"아이시스 8.0 ECO 생수 무라벨, 300ml, 40개 5%12,000원 11,370원 (100ml당 95원) 내일(일) 도착 보장 5 (117915) 최대 569원 적립",음료,생수,BEVERAGE,생수,아이시스,생수,0
[둥구나무] 한돈김치찜,간편식,레트로트,RTC_MEAL,레트로트,둥구나무,레트로트,0
[켈로그] 그래놀라 6종 골라담기 (택1),상온식품,시리얼,GRAIN,그래놀라,켈로그,그래놀라,0
"서울우유 딸기, 300ml, 8개 11,720원 (100ml당 488원) 내일(일) 새벽 도착 보장 5 (2615) 최대 586원 적립",유제품,우유/두유,DAIRY,딸기우유,서울우유,가공우유,0
[수산곳간] 맥반석 오징어,간식류,과자/스낵,SNACK,오징어 스낵,수산곳간,스낵,0
[CU 픽업] 디카이퍼카시스,술,기타 주류,ALCOHOL,리큐르,디카이퍼,리큐르,0
"그릴리 직화 델리햄, 300g, 1개 18%5,480원 4,480원 (10g당 149원) 내일(일) 새벽 도착 보장 5 (34200) 최대 224원 적립",육류/계란,가공육(햄/소시지),PROCESSED_MEAT,햄,그릴리,햄,0
[복음자리] 토스트용 스위트 키위소스 320g,조미료,양념/소스,SAUCE_SEASONING,키위소스,복음자리,기타 소스,0
"백설 통밀밀가루, 1kg, 2개 10%5,100원 4,580원 (100g당 229원) 내일(일) 도착 보장 5 (2666) 최대 229원 적립",조미료,가루분말,SAUCE_SEASONING,밀가루,백설,밀가루,0
"곰곰 치킨스톡, 330g, 1개 35%6,990원 4,490원 (100g당 1,361원) 내일(일) 도착 보장 4.5 (755) 최대 225원 적립",조미료,조미료,SAUCE_SEASONING,치킨스톡,곰곰,육수,0
유기농 오이맛고추 150g,채소/곡물류,채소,RAW_PRODUCE,오이고추,,오이고추,0
[Project H] 고단백 저당 모닝빵 150g,간식류,빵류,BAKERY,모닝빵,Project H,모닝빵,0
[선물세트] 겐츠베이커리 쿠키 6종 세트 260g,간식류,과자/스낵,SNACK,쿠키,겐츠베이커리,쿠키,0
임금님표 이천쌀 알찬미 쌀 4kg,채소/곡물류,쌀/잡곡,GRAIN,쌀,임금님표,쌀,0
[엄마의정성] 구수해 누룽지 2종 (국내산),간식류,과자/스낵,SNACK,누룽지,엄마의정성,누룽지,0
"국내산 감자, 1kg, 1개 4,890원 (100g당 489원) 내일(일) 새벽 도착 보장 4.5 (350333) 최대 245원 적립",채소/곡물류,채소,RAW_PRODUCE,감자,,감자,0
[메디웰] 구수한 누룽지맛 200mL 18개입,미등록 카테고리,기타,UNKNOWN,기타,메디웰,기타,0
[뉴오리진] A2 멸균우유(200mL X 6개입),유제품,우유/두유,DAIRY,우유,뉴오리진,우유,0
[KF365] 1+등급 무항생제 특란 10구,육류/계란,계란,RAW_MEAT,계란,KF365,계란,0
"냠냠바다 미역줄기, 1개, 1kg 4,280원 (100g당 428원) 내일(일) 새벽 도착 보장 4.5 (172) 최대 193원 적립",수산물,미역/다시마,DRIED_SEAFOOD,미역줄기,냠냠바다,미역,0
[하림] 닭한마리 칼국수 밀키트,간편식,밀키트,RTC_MEAL,밀키트,하림,밀키트,0
"이더스 바삭한 고구마스틱, 3개, 300g 15,000원 (10g당 167원) 내일(일) 도착 보장 4.5 (1066) 최대 750원 적립",간식류,과자/스낵,SNACK,고구마 스틱,이더스,고구마칩,0
[웨스턴베이글] 100% 통밀 화덕 베이글 85gX4개입,간식류,빵류,BAKERY,베이글,웨스턴베이글,베이글,0
"맥심 아이스 커피믹스, 13g, 110개입, 1개 20,550원 (10g당 144원) 내일(일) 도착 보장 5 (22420) 최대 1,028원 적립",음료,커피/차,BEVERAGE,커피믹스,맥심,커피믹스,0
"한끼통살 오븐 순살 닭다리 간장닭꼬치맛 (냉동), 100g, 5개 16,340원 (100g당 3,268원) 내일(일) 새벽 도착 보장 5 (598) 최대 817원 적립",간편식,레트로트,RTC_MEAL,레트로트,한끼통살,레트로트,0
[숭의가든] 옛날 소 불고기,간편식,레트로트,RTC_MEAL,레트로트,숭의가든,레트로트,0
"카누 돌체 라떼 커피믹스, 17.3g, 24개입, 1개 11,280원 (10g당 272원) 내일(일) 도착 보장 5 (31778) 최대 564원 적립",음료,커피/차,BEVERAGE,커피믹스,카누,커피믹스,0
[더본푸드] 놀부가 반해버린 쌀뻥 (2개입 박스),간식류,과자/스낵,SNACK,쌀뻥,더본푸드,강정/한과,0
[카르보넬] 엑스트라 버진 올리브 오일 스프레이 200mL,조미료,식용유/기름,SAUCE_SEASONING,올리브오일,카르보넬,올리브오일,0
"곰곰 맥반석 구운란, 60구, 1개 22,310원 (1구당 372원) 내일(일) 새벽 도착 보장 4.5 (143683) 최대 1,115원 적립",육류/계란,계란,RAW_MEAT,구운란,곰곰,구운란,0
[바름팜] 친환경 양파 1kg,채소/곡물류,채소,RAW_PRODUCE,양파,바름팜,양파,0
[본마망] 땅콩 스프레드 2종 (택1),상온식품,잼/스프레드,SAUCE_SEASONING,땅콩 스프레드,본마망,땅콩버터,0
"국내산 유기농 브로콜리, 1개입, 1개 4,200원 (1개당 4,200원) 내일(일) 새벽 도착 보장 5 (4742) 최대 210원 적립",채소/곡물류,채소,RAW_PRODUCE,브로콜리,,브로콜리,0
[브레댄코] 시그니처 티라미수케이크 500g,간식류,디저트/케이크,BAKERY,티라미수,브레댄코,케이크,0
[바다원] 칼맞은 오징어 100g,수산물,멸치/건어물,DRIED_SEAFOOD,건오징어,바다원,건오징어,0
"조인 무항생제 백색대란, 30구, 1개 8,690원 (1구당 290원) 내일(일) 새벽 도착 보장 5 (94581) 최대 435원 적립",육류/계란,계란,RAW_MEAT,계란,조인,계란,0
"인우 더맛나 파김치, 1kg, 1개 12,400원 (100g당 1,240원) 내일(일) 새벽 도착 보장 4.5 (10712) 최대 600원 적립",간편식,반찬류,SIMPLE_PROCESSED,파김치,인우 더맛나,파김치,0
[몬]현미월남쌈 200g,간편식,반찬류,SIMPLE_PROCESSED,월남쌈,몬,기타 반찬류,0
[비비고] 호두연근조림 90g,간편식,반찬류,SIMPLE_PROCESSED,연근조림,비비고,기타 반찬류,0
"르사프 드라이 이스트, 500g, 1개 할인4%7,460원 7,160원 (100g당 1,432원) 내일(일) 도착 보장 5 (8469) 최대 358원 적립",조미료,가루분말,SAUCE_SEASONING,이스트,르사프,이스트,0
[도시곳간] 들기름묵은지볶음,간편식,반찬류,SIMPLE_PROCESSED,묵은지 볶음,도시곳간,기타 반찬류,0
[청정원] 조청 쌀엿 700g,조미료,양념/소스,SAUCE_SEASONING,쌀엿,청정원,물엿,0
제주 은갈치 320g (냉동),수산물,생선,RAW_SEAFOOD,갈치,,갈치,0
[선물세트] 올리타리아 엑스트라 버진 올리브오일 & 발사믹 세트,조미료,식용유/기름,SAUCE_SEASONING,올리브오일,올리타리아,올리브오일,0
"오뚜기 고소한 참기름, 500ml, 1개 2%13,980원 13,610원 (10ml당 272원) 내일(일) 도착 보장 5 (25700) 최대 680원 적립",조미료,식용유/기름,SAUCE_SEASONING,참기름,오뚜기,참기름,0
"제주도 친환경 무, 1개입, 1개 2,750원 (1개당 2,750원) 내일(일) 새벽 도착 보장 4.5 (2215) 최대 138원 적립",채소/곡물류,채소,RAW_PRODUCE,무,제주도,무,0
"친환경 감자, 800g, 2개 8,530원 (100g당 533원) 내일(일) 새벽 도착 보장 4.5 (14517) 최대 426원 적립",채소/곡물류,채소,RAW_PRODUCE,감자,친환경,감자,0
[이어수산] 8단계 선별한 볶음용 멸치 300g,수산물,멸치/건어물,DRIED_SEAFOOD,멸치,이어수산,멸치,0
[하루한킷] 고기 듬뿍 마파두부,간편식,레트로트,RTC_MEAL,레트로트,하루한킷,레트로트,0
[딥트 3일] 애플맛 번 (15일분),미등록 카테고리,기타,UNKNOWN,기타,딥트 3일,기타,0
[면사랑] 치즈가득 통모짜 파스타 2종 (택1),간편식,레트로트,RTC_MEAL,레트로트,면사랑,레트로트,0
[진실된손맛] 뼈없는 인삼 갈비탕,간편식,레트로트,RTC_MEAL,레트로트,진실된손맛,레트로트,0
[홈메이드 피자] 화덕피자도우 8인치,간편식,냉동식품,FROZEN_MEAL,냉동 피자,홈메이드 피자,냉동 피자,0
[진미] 우리쌀 된장 2종 (글루텐 프리),조미료,양념/소스,SAUCE_SEASONING,된장,진미,된장,0
[슈퍼키친] 쉬림프바질파스타,간편식,밀키트,RTC_MEAL,밀키트,슈퍼키친,밀키트,0
[더건강한] 베이컨90g*2,육류/계란,가공육(햄/소시지),PROCESSED_MEAT,베이컨,더건강한,베이컨,0
[메디슨벨] 마시는 샐러드 14포,미등록 카테고리,기타,UNKNOWN,기타,메디슨벨,기타,0
[PPUL] 1++(9) 한우 화로 등심 구이용 150g (냉장),육류/계란,소고기,RAW_MEAT,소 등심,PPUL,소 등심,0
[에버콜라겐] 블랙 선물세트(56일분),미등록 카테고리,기타,UNKNOWN,기타,에버콜라겐,기타,0
[커피화] 캡슐 커피 5g X 9개입 2종(택1),음료,커피/차,BEVERAGE,커피캡슐,커피화,커피캡슐,0
[미미네] 서울 판밀떡볶이,간편식,밀키트,RTC_MEAL,밀키트,미미네,밀키트,0
"미원 맛소금, 1kg, 1개 4,120원 (100g당 412원) 내일(일) 새벽 도착 보장 5 (2742) 최대 206원 적립",조미료,조미료,SAUCE_SEASONING,맛소금,미원,맛소금,0
[비비고] 총각김치 900g,간편식,반찬류,SIMPLE_PROCESSED,총각김치,비비고,총각김치,0
[홈앤키즈] 맛밤 50g,간식류,과자/스낵,SNACK,맛밤,홈앤키즈,기타 과자/스낵,0
"맑은물에 촌두부, 550g, 1개 1,750원 (100g당 318원) 내일(일) 새벽 도착 보장 5 (33176) 최대 88원 적립",채소/곡물류,콩/두부,SIMPLE_PROCESSED,두부,맑은물에,두부,0
[서울미나리] 뚝배기 알곤이찜,간편식,밀키트,RTC_MEAL,밀키트,서울미나리,밀키트,0
[양산도] 나고야식 양념민물장어,간편식,레트로트,RTC_MEAL,레트로트,양산도,레트로트,0
[맑은물에] 촌두부 550g,채소/곡물류,콩/두부,SIMPLE_PROCESSED,두부,맑은물에,두부,0
[KF365] 깐 계란 700g,육류/계란,계란,RAW_MEAT,계란,KF365,계란,0
고수 50g,조미료,향신료/허브,SAUCE_SEASONING,고수,,고수,0
[효탄] 고등어 초절임 (시메사바) 120g (냉장),간편식,반찬류,SIMPLE_PROCESSED,시메사바,효탄,기타 반찬류,0
[버크셔세상] 저탄소 인증 버크셔K 흑돼지 앞다리살 400g,육류/계란,돼지고기,RAW_MEAT,돼지 앞다리살,버크셔세상,앞다리살,0
[25-26 햇올리브][르구떼] 에코 나이트 엑스트라버진 오일 500mL,조미료,식용유/기름,SAUCE_SEASONING,올리브오일,르구떼,올리브오일,0
[르까도드마비] 프리미에 쇼콜라 (8개입),간식류,디저트/케이크,BAKERY,쇼콜라,르까도드마비,케이크,0
[오뗄블랙라벨] 추억의 비엔나 소시지 800g,육류/계란,가공육(햄/소시지),PROCESSED_MEAT,비엔나 소시지,오뗄블랙라벨,비엔나 소세지,0
[대천김] 곱창 도시락김 5g X 12봉,상온식품,김/자반,DRIED_SEAFOOD,김,대천김,김,0
"17차 몸이 가벼워지는 시간, 1.5g, 80개입, 1개 6,550원 (10g당 546원) 내일(일) 도착 보장 5 (9882) 최대 328원 적립",음료,커피/차,BEVERAGE,17차,,곡물차,0
[슈퍼키친] 사천식마파두부덮밥소스,조미료,양념/소스,SAUCE_SEASONING,마파두부 소스,슈퍼키친,기타 소스,0
"청은에프엔비 들깨가루, 200g, 1개 3,470원 (100g당 1,735원) 내일(일) 도착 보장 4.5 (6225) 최대 174원 적립",조미료,가루분말,SAUCE_SEASONING,들깨가루,청은에프엔비,들깨가루,0
"주부구단 목우촌 비엔나 소시지, 700g, 1개 10%11,980원 10,670원 (10g당 152원) 내일(일) 새벽 도착 보장 5 (85121) 최대 534원 적립",육류/계란,가공육(햄/소시지),PROCESSED_MEAT,비엔나 소시지,주부구단,비엔나 소세지,0
[브로드카세] 단백질을 더한 저당 통밀빵 2종 (택1),간식류,빵류,BAKERY,통밀빵,브로드카세,기타 빵류,0
[횡성축협한우] 1등급 한우 차돌박이 200g,육류/계란,소고기,RAW_MEAT,차돌박이,횡성축협한우,차돌박이,0
[바름팜] 친환경 채소믹스 샐러드 500g(250g*2봉),간편식,샐러드팩,RTC_MEAL,샐러드,바름팜,샐러드,0
[햇반] 라이스플랜 현미귀리 곤약밥 150g*24입,간편식,즉석밥,INSTANT,즉석밥 곤약,햇반,즉석밥,0
[홍루이젠] 스위트 아몬드 샌드 3개입,간식류,디저트/케이크,BAKERY,샌드,홍루이젠,기타 디저트/케이크,0
[비비드키친] 저당 굴소스,조미료,양념/소스,SAUCE_SEASONING,굴소스,비비드키친,굴소스,0
"곰곰 국내산 백김치, 1kg, 1개 7,490원 (100g당 749원) 내일(일) 새벽 도착 보장 4.5 (6695) 최대 375원 적립",간편식,반찬류,SIMPLE_PROCESSED,백김치,곰곰,백김치,0
[오설록] 피치 블랙티 티백 (1.5g X 20개),음료,커피/차,BEVERAGE,티백,오설록,티백,0
[마니커에프앤지] 치킨텐더 플러스 450g,간편식,냉동식품,FROZEN_MEAL,치킨텐더,마니커에프앤지,냉동 치킨,0
"백설 맛술 생강, 500ml, 1개 19%3,080원 2,480원 (10ml당 50원) 내일(일) 도착 보장 5 (15248) 최대 124원 적립",조미료,양념/소스,SAUCE_SEASONING,맛술,백설,맛술,0
[풀무원] 국산 다진생강 튜브 80g,조미료,향신료/허브,SAUCE_SEASONING,다진 생강,풀무원,다진 생강,0
[LOTS OF LOVE] 풍미듬뿍 명란 시래기 볶음밥,간편식,레트로트,RTC_MEAL,레트로트,LOTS OF LOVE,레트로트,0
"백설 자일로스 설탕, 2kg, 1개 16%9,180원 7,670원 (100g당 384원) 내일(일) 도착 보장 5 (19545) 최대 384원 적립",조미료,조미료,SAUCE_SEASONING,자일로스 설탕,백설,설탕,0
[CU 픽업] 헤븐즈더블배럴,술,기타 주류,ALCOHOL,위스키,,위스키,0
[룩트] 스프레드 버터 90g 4종 (택1),유제품,버터/생크림,DAIRY,버터,룩트,버터,0
"안옥남 부드러운 간편 참미역, 100g, 1개 4,800원 (100g당 4,800원) 내일(일) 도착 보장 5 (1088) 최대 240원 적립",수산물,미역/다시마,DRIED_SEAFOOD,미역,안옥남,미역,0
[황진선의 진진] 흑후추 소고기 볶음,간편식,밀키트,RTC_MEAL,밀키트,황진선의 진진,밀키트,0
유기농 찹쌀 4kg,채소/곡물류,쌀/잡곡,GRAIN,찹쌀,유기농,찹쌀,0
[면사랑] 간편한 전통 한식잡채 305g *2개입,간편식,반찬류,SIMPLE_PROCESSED,잡채,면사랑,기타 반찬류,0
[바비엔] 낙지 볶음 2종 (택1),간편식,레트로트,RTC_MEAL,레트로트,바비엔,레트로트,0
"완도맘 생전복 (냉동), 1개, 275g(5마리) 8,890원 (100g당 3,233원) 내일(일) 새벽 도착 보장 5 (38) 최대 400원 적립",수산물,조개/전복,RAW_SEAFOOD,전복,완도맘,전복,0
[선데이잼] 오렌지 살구잼 230g,상온식품,잼/스프레드,SAUCE_SEASONING,살구잼,선데이잼,기타 잼/스프레드,0
"녹차로 씻어낸 국산 멍게 (냉장), 120g, 1개 5,490원 (100g당 4,575원) 내일(일) 새벽 도착 보장 4.5 (2479) 최대 275원 적립",수산물,조개/전복,RAW_SEAFOOD,멍게,,멍게,0
[뽀로로] DIY 하와이안 피자만들기,간편식,밀키트,RTC_MEAL,밀키트,,밀키트,0
"덴마크 하이 요구르트, 750ml, 1개입, 1개 2,680원 (10ml당 36원) 내일(일) 새벽 도착 보장 5 (1125) 최대 134원 적립",유제품,요거트,DAIRY,요구르트,덴마크,요구르트,0
"오징어짬뽕 124g, 15개 13,500원 (1개당 900원) 내일(일) 도착 보장 5 (58304) 최대 675원 적립",간편식,라면,INSTANT,오징어 짬뽕,농심,짬뽕라면,0
[조선호텔김치] 알타리김치 1kg,간편식,반찬류,SIMPLE_PROCESSED,알타리김치,조선호텔김치,총각김치,0
[바름팜] 적양파 800g,채소/곡물류,채소,RAW_PRODUCE,적양파,바름팜,양파,0
"곰곰 데일리 우유, 900ml, 6개 10,200원 (100ml당 189원) 내일(일) 새벽 도착 보장 5 (5010) 최대 510원 적립",유제품,우유/두유,DAIRY,우유,곰곰,우유,0
[동광젓갈] 비빔오징어젓,간편식,반찬류,SIMPLE_PROCESSED,오징어젓갈,동광젓갈,오징어젓,0
[선물세트] [Dole] 해금 골드키위 세트 (16입 / 2.1kg),과일/견과류,과일,RAW_FRUIT,키위,Dole,과일 묶음,0
"그랑물린데파리스 프랑스 밀가루 트레디션 T65, 2개, 1kg 8,700원 (100g당 435원) 내일(일) 도착 보장 5 (154) 최대 435원 적립",조미료,가루분말,SAUCE_SEASONING,밀가루,그랑물린데파리스,밀가루,0
"3549. 아몬드(분말95%) - 풀그린 1kg, 1개 9,950원 (100g당 995원) 2/10(화) 도착 예정 5 (3618) 최대 498원 적립",조미료,가루분말,SAUCE_SEASONING,아몬드 분말,풀그린,아몬드 가루,0
무항생제 1등급 한돈 벌집 오겹살(미박) 300g,육류/계란,돼지고기,RAW_MEAT,오겹살,,오겹살,0
"여왕의만찬 삼광미 우리쌀 백미, 특등급, 10kg, 1개 18%43,900원 35,900원 (100g당 359원) 내일(일) 도착 보장 4.5 (214096) 최대 1,795원 적립",채소/곡물류,쌀/잡곡,GRAIN,쌀,여왕의만찬,쌀,0
[롯데웰푸드] 저당 엔제리너스 아이스크림 2종 (택1),간식류,디저트/케이크,BAKERY,아이스크림,롯데,아이스크림,0
[김규흔 한과] 참깨방정 100g,간식류,과자/스낵,SNACK,강정,김규흔 한과,강정/한과,0
[리터스포트] 컬러풀 버라이어티 초콜릿 6종 (택1),간식류,초콜릿/사탕,SNACK,초콜릿,리터스포트,초콜릿,0
[면사랑] 베이컨크림스파게티 용기면 330g*3개입,간편식,레트로트,RTC_MEAL,레트로트,면사랑,레트로트,0
[광천김] 곱창돌김 5g X 16봉,상온식품,김/자반,DRIED_SEAFOOD,김,광천김,김,0
"컬러푸드 볶은 현미, 300g, 1개 4,600원 (100g당 1,533원) 내일(일) 도착 보장 5 (1259) 최대 230원 적립",채소/곡물류,쌀/잡곡,GRAIN,현미,컬러푸드,현미,0
"백설 참치액 진, 900g, 1개 56%12,980원 5,650원 (10g당 63원) 내일(일) 도착 보장 5 (4811) 최대 283원 적립",조미료,조미료,SAUCE_SEASONING,참치액,백설,액젓,0
[미식당] 등심 돈카츠 180g * 2입 (소스포함),간편식,냉동식품,FROZEN_MEAL,냉동 돈까스,미식당,냉동 돈까스,0
[라빈리커픽업] 닷사이 준마이 다이긴죠 45 (사케),술,기타 주류,ALCOHOL,사케,라빈리커픽업,사케,0
[니씬] 민트소금사탕 77g,간식류,초콜릿/사탕,SNACK,민트 소금사탕,니씬,사탕(캔디),0
[선물세트] [MPARK] 블랙라벨 고당도 오렌지 3kg (9입),과일/견과류,과일,RAW_FRUIT,오렌지,MPARK,과일 묶음,0
[마즈] 엠앤엠즈 230g 2종 (택1),간식류,초콜릿/사탕,SNACK,엠엔엠즈,마즈,초콜릿,0
[하림] 누룽지 닭백숙,간편식,밀키트,RTC_MEAL,밀키트,하림,밀키트,0
[하이포크] 그때 그 뒷고기 뽈항정살 500g (냉동),육류/계란,돼지고기,RAW_MEAT,뒷고기,하이포크,기타 돼지고기,0
"소화가잘되는우유 오리지널, 190ml, 48개 35,360원 (100ml당 388원) 내일(일) 도착 보장 5 (162165) 최대 1,768원 적립",유제품,우유/두유,DAIRY,우유,오리지널,우유,0
[김구원선생] 국산 사각 유부초밥 164g,간편식,밀키트,RTC_MEAL,밀키트,김구원선생,밀키트,0
"파워오투 오렌지레몬, 500ml, 6개 7,130원 (100ml당 238원) 내일(일) 도착 보장 5 (17710) 최대 356원 적립",음료,주스,BEVERAGE,파워오투,파워오투,기타 주스,0
[정미소] 비단쌀 4kg,채소/곡물류,쌀/잡곡,GRAIN,쌀,정미소,쌀,0
[오뚜기] 라이트 슈가 자두잼 290g,상온식품,잼/스프레드,SAUCE_SEASONING,자두잼,오뚜기,기타 잼/스프레드,0
[바다해] 실속형 황태채 250g,수산물,멸치/건어물,DRIED_SEAFOOD,황태,바다해,황태,0
[CU 픽업] 배비치블랙 소비뇽블랑,술,와인,ALCOHOL,화이트 와인,,화이트 와인,0
[그레타] 허브 크래커 2종 (택1),간식류,과자/스낵,SNACK,크래커,그레타,크래커,0
"선진포크한돈 삼겹살 1등급 이상 (냉장), 300g, 1개 10,450원 (100g당 3,483원) 내일(일) 새벽 도착 보장 4.5 (19088) 최대 523원 적립",육류/계란,돼지고기,RAW_MEAT,삼겹살,선진포,삼겹살,0
"자연애찬 동물복지 무항생제 백색 유정란, 30구, 1개 14,900원 (1구당 497원) 내일(일) 새벽 도착 보장 4.5 (7150) 최대 745원 적립",육류/계란,계란,RAW_MEAT,계란,자연애찬,계란,0
[눈꽃달콤] 스노우 큐브고구마(100g*6입) 2종,간식류,과자/스낵,SNACK,고구마 큐브,눈꽃달콤,고구마칩,0
[제로브레드] 저당 호밀 식빵 500g,간식류,빵류,BAKERY,식빵,제로브레드,식빵,0
[존쿡 델리미트] 통베이컨 (2개입),육류/계란,가공육(햄/소시지),PROCESSED_MEAT,베이컨,존쿡 델리미트,베이컨,0
[선물세트] [정미소]특별재배미 오곡세트 4kg (14분도),채소/곡물류,쌀/잡곡,GRAIN,잡곡,정미소,잡곡,0
[샘표] 쌀소면 800g,채소/곡물류,면류,GRAIN,소면,샘표,소면,0
[선물세트] 그라놀로지 그래놀라 2호(150g X 3종),상온식품,시리얼,GRAIN,그래놀라,그라놀로지,그래놀라,0
[ardo] 냉동 완두콩 400g,채소/곡물류,콩/두부,SIMPLE_PROCESSED,완두콩,ardo,콩,0
[누테이블] 에그샐러드,간편식,샐러드팩,RTC_MEAL,에그샐러드,누테이블,샐러드,0
"갈아만든배, 238ml, 12개 4%8,400원 8,000원 (100ml당 280원) 내일(일) 새벽 도착 보장 5 (2978) 최대 400원 적립",음료,주스,BEVERAGE,갈아만든 배,해태,기타 주스,0
[슈퍼키친] 들기름묵은지볶음,간편식,반찬류,SIMPLE_PROCESSED,묵은지 볶음,슈퍼키친,기타 반찬류,0
[파미고] 엑스트라 버진 올리브 오일 500mL,조미료,식용유/기름,SAUCE_SEASONING,올리브오일,파미고,올리브오일,0
"하림 용가리 치킨 (냉동), 450g, 1개 7,920원 (100g당 1,760원) 내일(일) 새벽 도착 보장 5 (51710) 최대 396원 적립",간편식,냉동식품,FROZEN_MEAL,용가리치킨,하림,냉동 치킨,0
[상하농원] 수제 스트링 치즈 50g,유제품,치즈,DAIRY,스트링 치즈,상하농원,스트링 치즈,0
[필라델피아] 치즈케익 2종 794g (택1),간식류,디저트/케이크,BAKERY,치즈 케이크,필라델피아,치즈케이크,0
[페이장브레통] 르 블루 도베르뉴 치즈 125g,유제품,치즈,DAIRY,블루 치즈,페이장브레통,블루 치즈,0
[존쿡 델리미트] 슈바인학센 650g (냉동),육류/계란,가공육(햄/소시지),PROCESSED_MEAT,슈바인학센,존쿡 델리미트,기타 가공육(햄/소시지),0
[제일맞게컬리] 매일 맛있는 총각김치 1kg,간편식,반찬류,SIMPLE_PROCESSED,총각김치,제일맞게컬리,총각김치,0
[알랭밀리아] 딸기잼 300g,상온식품,잼/스프레드,SAUCE_SEASONING,딸기잼,알랭밀리아,딸기잼,0
[더 트러플베이커리] 티슈 브레드 140g,간식류,빵류,BAKERY,티슈 브레드,더 트러플베이커리,기타 빵류,0
[라르사] 스페인 유산균 버터 250g 2종 (택1),유제품,버터/생크림,DAIRY,버터,라르사,버터,0
"베베쿡 처음 먹는 배도라지 유아 음료, 100ml, 20개 20%25,000원 20,000원 (100ml당 1,000원) 내일(일) 도착 보장 5 (14054) 최대 850원 적립",미등록 카테고리,기타,UNKNOWN,기타,베베쿡,기타,0
[한끼통살] 빠삭 콰삭 닭가슴살 380g(냉동),육류/계란,닭고기,RAW_MEAT,닭가슴살,한끼통살,닭가슴살,0
[선물세트] 나주 신고배 세트 4.5kg(6~7입),과일/견과류,과일,RAW_FRUIT,배,,과일 묶음,0
"한음미가 2025년산 햅쌀 우리쌀 백미, 상등급, 5kg, 1개 18,900원 (100g당 378원) 내일(일) 도착 보장 4.5 (30827) 최대 945원 적립",채소/곡물류,쌀/잡곡,GRAIN,쌀,한음미가,쌀,0
[GB 오늘낳은계란] 1+등급 무항생제 특란 20구,육류/계란,계란,RAW_MEAT,계란,GB 오늘낳은계란,계란,0
"맥심 오리지날 커피, 300g, 1개입, 1개 15,340원 (10g당 511원) 내일(일) 도착 보장 5 (32680) 최대 767원 적립",음료,커피/차,BEVERAGE,커피믹스,맥심,커피믹스,0
[하남돼지집] 철판삼겹살마무리볶음밥 4입,간편식,레트로트,RTC_MEAL,레트로트,하남돼지집,레트로트,0
[형제닭발] 국물 무뼈 닭발,간편식,레트로트,RTC_MEAL,레트로트,형제닭발,레트로트,0
[메이지] 블록 초콜릿 3종 (택1),간식류,초콜릿/사탕,SNACK,초콜릿,메이지,초콜릿,0
"아치카페 코코넛 카푸치노 커피, 20g, 50개입, 1개 17,890원 (10g당 179원) 내일(일) 도착 보장 5 (4171) 최대 895원 적립",음료,커피/차,BEVERAGE,카푸치노,아치카페,기타 음료(차),0
"비비고 물만두 (냉동), 315g, 1개 30%7,480원 5,230원 (100g당 1,660원) 내일(일) 새벽 도착 보장 5 (49416) 최대 261원 적립",간편식,냉동식품,FROZEN_MEAL,냉동 만두,비비고,냉동 만두,0
[알리안자] 아보카도 오일 1L,조미료,식용유/기름,SAUCE_SEASONING,아보카도 오일,알리안자,아보카도 오일,0
[베키아에누보] 수크레 크레이프케이크 950g,간식류,디저트/케이크,BAKERY,크레이프 케이크,베키아에누보,케이크,0
[낫띵베럴] 드링킷 유기농 팥물 24포,미등록 카테고리,기타,UNKNOWN,기타,낫띵베럴,기타,0
"카누 더블샷 라떼 커피믹스 스틱, 13.5g, 30개입, 2개 23,480원 (10g당 290원) 내일(일) 도착 보장 5 (41605) 최대 1,174원 적립",음료,커피/차,BEVERAGE,커피믹스,카누 ,커피믹스,0
[종가] 총각김치 2.3kg,간편식,반찬류,SIMPLE_PROCESSED,총각김치,종가,총각김치,0
[제각각] 호박고구마 3kg,채소/곡물류,채소,RAW_PRODUCE,호박고구마,제각각,고구마,0
[스타벅스] 인스턴트 커피 카페 모먼트 4종 (택1),음료,커피/차,BEVERAGE,커피,스타벅스,커피,0
"곰곰 냉동 양파슬라이스, 500g, 2개 5,430원 (100g당 543원) 내일(일) 새벽 도착 보장 5 (11831) 최대 271원 적립",채소/곡물류,채소,RAW_PRODUCE,양파,곰곰,양파,0
"매일우유 오리지널, 900ml, 6개 16,310원 (100ml당 302원) 내일(일) 새벽 도착 보장 5 (239435) 최대 815원 적립",유제품,우유/두유,DAIRY,우유,매일우유,우유,0
[풀무원] 95% 다진와사비 80g (냉장),채소/곡물류,채소,RAW_PRODUCE,와사비,풀무원,와사비,0
[펠리체티] 유기농 파스타면 4종 (택1),채소/곡물류,면류,GRAIN,파스타면,펠리체티,파스타면,0
[오가닉밸리] 미국 유기농 버터 454g 2종 (택1),유제품,버터/생크림,DAIRY,버터,오가닉밸리,버터,0
[오마뎅] 풍년방앗간 떡꼬치,간편식,밀키트,RTC_MEAL,밀키트,오마뎅,밀키트,0
[둥구나무] 깻잎순들깨볶음,간편식,반찬류,SIMPLE_PROCESSED,깻잎순 들깨볶음,둥구나무,기타 반찬류,0
"금자네 맛김치, 1kg, 1개 7,900원 (100g당 790원) 내일(일) 새벽 도착 보장 4.5 (7294) 최대 395원 적립",간편식,반찬류,SIMPLE_PROCESSED,배추김치,금자네,배추김치,0
"국내산 친환경 절단무, 400g, 1개, 2개 3,860원 (100g당 483원) 내일(일) 새벽 도착 보장 4.5 (18961) 최대 193원 적립",채소/곡물류,채소,RAW_PRODUCE,무,,무,0
"곰곰 낙지젓, 250g, 1개 6,940원 (10g당 278원) 내일(일) 새벽 도착 보장 4.5 (18813) 최대 347원 적립",간편식,반찬류,SIMPLE_PROCESSED,낙지젓갈,곰곰,젓갈,0
[훕훕베이글] 유기농 베이글 4종 (택1),간식류,빵류,BAKERY,베이글,훕훕베이글,베이글,0
[프레지덩] 스프레더블 치즈 140g,유제품,치즈,DAIRY,치즈,프레지덩,기타 치즈,0
"하리보 골드베렌 젤리 93개입, 1kg, 1개 20%15,900원 12,580원 (10g당 126원) 내일(일) 도착 보장 5 (130457) 최대 629원 적립",간식류,초콜릿/사탕,SNACK,젤리,하리보,젤리,0
"양념 칼집 돼지 왕구이, 1kg, 1개 17%16,000원 13,280원 (100g당 1,328원) 내일(일) 새벽 도착 보장 4.5 (1159) 최대 664원 적립",육류/계란,돼지고기,RAW_MEAT,돼지갈비,양념 ,돼지갈비,0
[매일] 소화가 잘되는 우유 930mL 2종(택 1),유제품,우유/두유,DAIRY,우유,매일,우유,0
"담터 메밀차, 1.5g, 150개입, 2개 16,700원 (10g당 371원) 내일(일) 도착 보장 5 (22100) 최대 835원 적립",음료,커피/차,BEVERAGE,메밀차,담터,기타 음료(차),0
"푸드랩플러스 부채살 시즈닝 스테이크, 200g, 1개 44%17,900원 9,900원 (100g당 4,950원) 내일(일) 새벽 도착 보장 4.5 (5820) 최대 444원 적립",간편식,밀키트,RTC_MEAL,밀키트,푸드랩,밀키트,0
[노아베이커리] 치아바타 3종 150g (택1),간식류,빵류,BAKERY,치아바타,노아베이커리,치아바타,0
[창억] 호박인절미 (50g X 10개입),간식류,떡,SNACK,인절미,창억,인절미,0
[남도우애] 무항생제 1++ 한우 채끝 구이용 200g (냉장),육류/계란,소고기,RAW_MEAT,채끝살,남도우애,채끝,0
"호주산 블랙앵거스 윗등심 구이용 (냉장), 400g, 1개 28%19,900원 14,310원 (100g당 3,578원) 내일(일) 새벽 도착 보장 4.5 (30643) 최대 715원 적립",육류/계란,소고기,RAW_MEAT,소 등심,,소 등심,0
[CU 픽업] 골든블루다이아몬드,술,기타 주류,ALCOHOL,위스키,,위스키,0
"한방선생 건조 통후추 열매 특품 리필용, 150g, 1개 43%8,900원 4,990원 (10g당 333원) 내일(일) 도착 보장 5 (638) 최대 250원 적립",조미료,향신료/허브,SAUCE_SEASONING,후추,한방선생,후추,0
"아이브루 헤이즐넛향 원두커피믹스, 1g, 200개입, 1개 27%27,900원 20,300원 (10g당 1,015원) 내일(일) 도착 보장 4.5 (11377) 최대 1,015원 적립",음료,커피/차,BEVERAGE,커피믹스,아이브루,커피믹스,0
[백설] 하얀설탕 1kg,조미료,조미료,SAUCE_SEASONING,설탕,백설,설탕,0
"서울우유 뼈에 쏙쏙 고칼슘우유, 930ml, 2개 19%7,340원 5,880원 (100ml당 316원) 내일(일) 새벽 도착 보장 5 (5290) 최대 294원 적립",유제품,우유/두유,DAIRY,우유,서울우유,우유,0
"양반 올리브 김, 4.5g, 12개 37%8,990원 5,660원 (10g당 1,048원) 내일(일) 새벽 도착 보장 5 (1255) 최대 283원 적립",상온식품,김/자반,DRIED_SEAFOOD,김,양반,김,0
[디 바르베로] 태블릿 초콜릿 6종,간식류,초콜릿/사탕,SNACK,초콜릿,디 바르베로,초콜릿,0
[Kiri] 끼리 딥앤크런치 블루베리 (35g X 3입),간식류,과자/스낵,SNACK,크런치바,Kiri,스낵바,0
"남양유업 요구르트, 65ml, 40개입, 1개 6,000원 (10ml당 23원) 내일(일) 새벽 도착 보장 5 (74065) 최대 300원 적립",유제품,요거트,DAIRY,요구르트,남양유업,요구르트,0
[생미쉘] 프렌치 도넛 초코마블 180g,간식류,디저트/케이크,BAKERY,도넛,생미쉘,도넛,0
[선물세트] 대천김 곱창 캔김 혼합 세트,상온식품,김/자반,DRIED_SEAFOOD,김,대천김,김,0
[KF365] 노르웨이 생연어회&스테이크 (냉장) (택1),수산물,생선,RAW_SEAFOOD,연어,KF365,연어,0
[진가네반찬] 불고기 비빔밥,간편식,밀키트,RTC_MEAL,밀키트,진가네반찬,밀키트,0
"리코스 라운드 나쵸 칩, 454g, 1개 5,970원 (10g당 131원) 내일(일) 도착 보장 4.5 (32684) 최대 299원 적립",간식류,과자/스낵,SNACK,나쵸,리코스,기타 과자/스낵,0
[더 더치] 스페셜 라벤더 치즈 200g,유제품,치즈,DAIRY,라벤더 치즈,더 더치,기타 치즈,0
"곰곰 1등급 국산콩 두부, 300g, 1팩 1,960원 (100g당 653원) 내일(일) 새벽 도착 보장 5 (16819) 최대 98원 적립",채소/곡물류,콩/두부,SIMPLE_PROCESSED,두부,곰곰,두부,0
[트레핀] 커피맛 캔디 2종 (택1),간식류,초콜릿/사탕,SNACK,캔디,트레핀,사탕(캔디),0
"돈시몬 착즙 오렌지 주스, 2L, 1개 10,880원 (100ml당 544원) 내일(일) 도착 보장 새 상품, 반품-미개봉 (14) 최저9,470원 5 (32289) 최대 544원 적립",음료,주스,BEVERAGE,오렌지 주스,돈시몬,오렌지 주스,0
"면사랑 사누끼 우동면 5개입 (냉동), 1.15kg, 2개 9,660원 (100g당 420원) 내일(일) 새벽 도착 보장 5 (8821) 최대 483원 적립",채소/곡물류,면류,GRAIN,우동면,면사랑,우동면,0
[CU 픽업] 디카이퍼멜론,술,기타 주류,ALCOHOL,리큐르,디카이퍼,리큐르,0
"백산수 무라벨 생수, 500ml, 40개 12%19,712원 17,300원 (100ml당 87원) 내일(일) 도착 보장 5 (235382) 최대 865원 적립",음료,생수,BEVERAGE,생수,백산수,생수,0
[샘표] 순작 유기농메밀차 (10g X 20개),음료,커피/차,BEVERAGE,메밀차,샘표,기타 음료(차),0
"도들샘 진미채, 90g, 1개 3,700원 (10g당 411원) 내일(일) 새벽 도착 보장 4.5 (5228) 최대 185원 적립",수산물,어육가공식품,SIMPLE_PROCESSED,진미채,도들샘,진미채,0
[위니비니] 이색 젤리 & 캔디 5종 골라담기 (택1),간식류,초콜릿/사탕,SNACK,젤리,위니비니,젤리,0
"제니베이커리 2믹스 쿠키 S, 320g, 1개 24,300원 (10g당 759원) 내일(일) 도착 보장 4.5 (1178) 최대 1,215원 적립",간식류,과자/스낵,SNACK,쿠키,제니베이커리,쿠키,0
"ORGA 깐 메추리알, 270g, 1개 6,800원 (100g당 2,519원) 내일(일) 새벽 도착 보장 5 (991) 최대 340원 적립",육류/계란,계란,RAW_MEAT,메추리알,ORGA,메추리알,0
[매일] 마이 카페라떼 파르페 (220mL X 4개),간식류,디저트/케이크,BAKERY,파르페,매일,아이스크림,0
[선물세트] 마음담은 배 세트 7.5kg,과일/견과류,과일,RAW_FRUIT,배,,과일 묶음,0
[아띠몽] 리얼 찰 옥수수빵 (87g X 6개),간식류,빵류,BAKERY,옥수수빵,아띠몽,기타 빵류,0
"쿠라콘 시오 콘부 염장 다시마, 1개, 130g 11,500원 (100g당 8,846원) 내일(일) 도착 보장 5 (958) 최대 575원 적립",수산물,미역/다시마,DRIED_SEAFOOD,다시마,쿠라콘,다시마,0
[덴마크] 유기농 자연방목 아기치즈 2종 (택1),유제품,치즈,DAIRY,치즈,덴마크,기타 치즈,0
[더브레드블루] 비건 통밀 슈톨렌 400g,간식류,디저트/케이크,BAKERY,슈톨렌,더브레드블루,케이크,0
[Project H] 프로틴 저당 테프 모닝빵 (29g X 6개입),간식류,빵류,BAKERY,모닝빵,Project H,모닝빵,0
"해양수산부품질인증 국산 가열조리용 숨굴 (냉장), 350g, 1개 6%9,900원 9,300원 (100g당 2,657원) 내일(일) 새벽 도착 보장 4.5 (8868) 최대 465원 적립",수산물,조개/전복,RAW_SEAFOOD,굴,,굴,0
"아침에주스 오렌지주스, 950ml, 2개 8,800원 (100ml당 463원) 내일(일) 새벽 도착 보장 5 (87281) 최대 440원 적립",음료,주스,BEVERAGE,오렌지 주스,아침에주스,오렌지 주스,0
"비슬산 천년지기쌀 삼광미 백미, 특등급, 10kg, 1개 31,900원 (100g당 319원) 내일(일) 도착 보장 4.5 (670) 최대 1,595원 적립",채소/곡물류,쌀/잡곡,GRAIN,쌀,비슬산,쌀,0
[바르베라] 시칠리아 PGI 오가닉 엑스트라버진 올리브오일 500mL,조미료,식용유/기름,SAUCE_SEASONING,올리브오일,바르베라,올리브오일,0
옥수수빵 생지 (70g X 5개입),간식류,빵류,BAKERY,생지,,기타 빵류,0
[그릭데이] 리얼카카오 그래놀라 150g,상온식품,시리얼,GRAIN,그래놀라,그릭데이,그래놀라,0
[Kurly's] 물만두,간편식,냉동식품,FROZEN_MEAL,냉동 만두,Kurly's,냉동 만두,0
[그라놀로지] 하루 그래놀라 10개입,상온식품,시리얼,GRAIN,그래놀라,그라놀로지,그래놀라,0
[나가타니엔] 후리카케 볶음밥 양념 4종,조미료,조미료,SAUCE_SEASONING,후리카케,나가타니엔,후리카케,0
[천호엔케어] 1005 키디 보아흑마늘 30포,미등록 카테고리,기타,UNKNOWN,기타,천호엔케어,기타,0
[제주창해] 제주 은갈치 3종 (냉동) (택1),수산물,생선,RAW_SEAFOOD,갈치,제주창해,회 묶음,0
"사조원 닭안심 (냉장), 1개, 1kg 6,550원 (100g당 655원) 내일(일) 새벽 도착 보장 5 (64) 최대 328원 적립",육류/계란,닭고기,RAW_MEAT,닭 안심,사조원,닭 안심,0
[덴마크] 생크림 500mL,유제품,버터/생크림,DAIRY,생크림,덴마크,생크림,0
[피그인더가든] 에그마요 스쿱샐러드 400g,간편식,샐러드팩,RTC_MEAL,에그마요 샐러드,피그인더가든,샐러드,0
"양반 올리브 김, 4.5g, 12개 37%8,990원 5,660원 (10g당 1,048원) 내일(일) 도착 보장 5 (11420) 최대 283원 적립",상온식품,김/자반,DRIED_SEAFOOD,김,양반김,김,0
[Biscuiterie de Provence] [밀가루0%] 아몬드&밤 케이크 240g,간식류,디저트/케이크,BAKERY,케이크,Biscuiterie de Provence,케이크,0
[모노키친] 인기 돈까스 3종,간편식,냉동식품,FROZEN_MEAL,냉동 돈까스,모노키친,냉동 돈까스,0
"맑은물에 촌두부, 550g, 2개 3,390원 (100g당 308원) 내일(일) 새벽 도착 보장 5 (33174) 최대 170원 적립",채소/곡물류,콩/두부,SIMPLE_PROCESSED,두부,맑은물에,두부,0
"롯데웰푸드 스카치캔디 세가지맛, 157g, 3개 4,750원 (10g당 101원) 내일(일) 도착 보장 5 (21114) 최대 238원 적립",간식류,초콜릿/사탕,SNACK,캔디,롯데,사탕(캔디),0
[오뚜기] 리얼 멕시칸 브리또 페페로니트리플치즈 (125G x 3개입),유제품,치즈,DAIRY,치즈,오뚜기,기타 치즈,0
"백설 요리 올리고당, 1.2kg, 1개 41%6,480원 3,760원 (100g당 313원) 내일(일) 새벽 도착 보장 5 (640) 최대 188원 적립",조미료,양념/소스,SAUCE_SEASONING,올리고당,백설,올리고당,0
[하림] 맛닭 닭가슴살 4종 100g (냉장) (1입),육류/계란,닭고기,RAW_MEAT,닭가슴살,하림,닭가슴살,0
"대천김 재래전장김 DC180, 22g, 5개 32%15,000원 10,080원 (10g당 916원) 내일(일) 도착 보장 4.5 (69157) 최대 504원 적립",상온식품,김/자반,DRIED_SEAFOOD,김,대천김,김,0
[더브레드블루] 모닝빵 (25g X 9개),간식류,빵류,BAKERY,모닝빵,더브레드블루,모닝빵,0
[서울우유] 나100% 우유 2.3L 2종 (택1),유제품,우유/두유,DAIRY,우유,서울우유,우유,0
[Kurly's] 샌드위치용 달걀감자 샐러드 500g,간편식,샐러드팩,RTC_MEAL,감자 샐러드,Kurly's,샐러드,0
[해아람] 옥수수 설기 (85g X 5개입),간식류,떡,SNACK,백설기,해아람,백설기,0
"곰곰 바쏘 엑스트라버진 올리브오일, 1L, 1개 17,990원 (100ml당 1,799원) 내일(일) 새벽 도착 보장 새 상품, 반품-미개봉 (2) 최저17,090원 5 (6228) 최대 900원 적립",조미료,식용유/기름,SAUCE_SEASONING,올리브오일,바쏘,올리브오일,0
[김구원선생] 유기농 숙주나물 500g,채소/곡물류,채소,RAW_PRODUCE,숙주나물,김구원선생,숙주,0
[목우촌] 주부9단 비엔나 소시지,육류/계란,가공육(햄/소시지),PROCESSED_MEAT,비엔나 소시지,목우촌,비엔나 소세지,0
[팜송] 감자 2kg (겨울 하우스 햇),채소/곡물류,채소,RAW_PRODUCE,감자,팜송,감자,0
[마켓오네이처] 오! 그래놀라 그래놀라팝 4종 (택1),간식류,과자/스낵,SNACK,견과류 과자,마켓오,기타 과자/스낵,0
[KF365] 무항생제 특란 30구 (15구*2ea),육류/계란,계란,RAW_MEAT,계란,KF365,계란,0
[서울우유] 딸기 요거트 (85g X 4개),유제품,요거트,DAIRY,요거트,서울우유,요거트,0
"오뚜기 뿌셔뿌셔 불고기맛, 90g, 6개 3,880원 (10g당 72원) 내일(일) 도착 보장 5 (33410) 최대 194원 적립",간식류,과자/스낵,SNACK,뿌셔뿌셔,오뚜기,스낵,0
[그래인스 쿠키] 애플시나몬 쿠키 (15개),간식류,과자/스낵,SNACK,쿠키,그래인스 쿠키,쿠키,0
[La bocca] 피칸 파이 (50g X 5개),간식류,디저트/케이크,BAKERY,파이,La bocca,파이,0
"동물복지 새하얀 유정 반숙란 15구, 1개 9,310원 (1구당 621원) 내일(일) 새벽 도착 보장 5 (1373) 최대 465원 적립",육류/계란,계란,RAW_MEAT,반숙란,,반숙란,0
[니블스] 초콜릿 10P (생일축하패키지),간식류,초콜릿/사탕,SNACK,초콜릿,니블스,초콜릿,0
[예찬원] 김칫국 5개입 (블럭국),간편식,밀키트,RTC_MEAL,밀키트,예찬원,밀키트,0
[바름팜] 유러피안 가든 샐러드 믹스 500g,간편식,샐러드팩,RTC_MEAL,샐러드,바름팜,샐러드,0
[스키니피그] 저당 파인트 아이스크림 474mL 8종(택1),간식류,디저트/케이크,BAKERY,아이스크림,스키니피그,아이스크림,0
유기농 쌈배추 1통,채소/곡물류,채소,RAW_PRODUCE,배추,,배추,0
"두보식품 바른곡물 국내산 무농약 오트밀, 800g, 1개 32%19,100원 12,800원 (100g당 1,600원) 내일(일) 도착 보장 5 (6908) 최대 640원 적립",음료,주스,BEVERAGE,곡물 음료,두보식품,기타 주스,0
[베지밀] 고단백 두유 초코 (190mL X 16개),유제품,우유/두유,DAIRY,초코 두유,베지밀,두유,0
[피그인더가든] 프레쉬믹스 베이직샐러드,간편식,샐러드팩,RTC_MEAL,샐러드,피그인더가든,샐러드,0
"영광 법성포 대용량 굴비 20미 (냉동), 1.4kg, 1팩 29,900원 (100g당 2,136원) 내일(일) 새벽 도착 보장 4.5 (17179) 최대 1,395원 적립",수산물,멸치/건어물,DRIED_SEAFOOD,굴비,영광,굴비,0
[삼진제약] 그린녹차 다이어트 리턴핏 (30일분),미등록 카테고리,기타,UNKNOWN,기타,삼진제약,기타,0
[조인] 유정 메추리알 56개입,육류/계란,계란,RAW_MEAT,메추리알,조인,메추리알,0
[더 샤퀴테리아] 이탈리안 생햄 코파,육류/계란,가공육(햄/소시지),PROCESSED_MEAT,햄,더 샤퀴테리아,햄,0
"비비고 두부듬뿍 된장찌개, 460g, 1개 36%5,980원 3,820원 (100g당 830원) 내일(일) 새벽 도착 보장 4.5 (759) 최대 191원 적립",간편식,레트로트,RTC_MEAL,레트로트,비비고,레트로트,0
[한국농협김치] 총각김치 500g,간편식,반찬류,SIMPLE_PROCESSED,총각김치,한국농협김치,총각김치,0
[베이비본죽] 한우버섯불고기,간편식,레트로트,RTC_MEAL,레트로트,베이비본죽,레트로트,0
"코피코 커피맛 캔디 블리스터 팩 12p, 384g, 2개 34%24,000원 15,660원 (10g당 204원) 내일(일) 도착 보장 5 (23901) 최대 783원 적립",간식류,초콜릿/사탕,SNACK,캔디,코피코,사탕(캔디),0
"틈새라면 빨계떡 120g, 5개 29%6,000원 4,220원 (1개당 844원) 내일(일) 새벽 도착 보장 5 (7794) 최대 211원 적립",간편식,라면,INSTANT,틈새라면 빨계떡,팔도,국물라면,0
[피쉬쉘] 자숙 새우살 200g (냉동) (100/200 사이즈),수산물,새우/게,RAW_SEAFOOD,새우,피쉬쉘,새우,0
[피에몬테] 이탈리아 유기농 사과식초/애사비 2종 애사비 (500ml/1L),조미료,양념/소스,SAUCE_SEASONING,식초,피에몬테,식초,0
[양수면옥] 한우 청국장찌개,간편식,레트로트,RTC_MEAL,레트로트,양수면옥,레트로트,0
[La bocca] 부쉬드노엘 (그린) 750g,간식류,디저트/케이크,BAKERY,부쉬드노엘,La bocca,케이크,0
[루솔] 푸룬 배도라지즙 20포,미등록 카테고리,기타,UNKNOWN,기타,루솔,기타,0
[비비드키친] 저당 쌈장 소스 300g,조미료,양념/소스,SAUCE_SEASONING,쌈장,비비드키친,쌈장,0
[바다원] 골드라벨 먹태 40g X 2봉 (소스 증정),수산물,멸치/건어물,DRIED_SEAFOOD,먹태,바다원,먹태,0
미니당근 300g,채소/곡물류,채소,RAW_PRODUCE,미니 당근,,당근,0
[맥파이앤타이거] 말차 40g 3종 (택1),음료,커피/차,BEVERAGE,말차,맥파이앤타이거,녹차,0
트리벨리 파프리카 (2~3입),채소/곡물류,채소,RAW_PRODUCE,파프리카,트리벨리,파프리카,0
"농심 멸치칼국수, 98g, 15개 13,200원 (100g당 898원) 내일(일) 도착 보장 5 (55393) 최대 660원 적립",간편식,라면,INSTANT,멸치칼국수,농심,우동/칼국수,0
[선물세트] 영광 법성포 명품굴비 3호 750g (예약일 수령),수산물,멸치/건어물,DRIED_SEAFOOD,굴비,영광,굴비,0
[자연담은] 유기농 씻어나온 밀키퀸 현미 2kg,채소/곡물류,쌀/잡곡,GRAIN,현미,자연담은,현미,0
[제주성이시돌목장] 모짜렐라 슬라이스 치즈(20g x 5개입),유제품,치즈,DAIRY,모짜렐라 치즈,제주성이시돌목장,모짜렐라 치즈,0
[농부플러스] 냉압착 생들기름 2종 (택1),조미료,식용유/기름,SAUCE_SEASONING,들기름,농부플러스,들기름,0
"청정원 프레시 마요네즈, 800g, 1개 5,550원 (100g당 694원) 내일(일) 도착 보장 5 (53054) 최대 278원 적립",조미료,양념/소스,SAUCE_SEASONING,마요네즈,청정원,마요네즈,0
"매일유업 연유, 500g, 1개 5,050원 (100g당 1,010원) 내일(일) 새벽 도착 보장 5 (10083) 최대 253원 적립",유제품,우유/두유,DAIRY,연유,매일,연유,0
[하인즈] 화이트 식초 3.785L,조미료,양념/소스,SAUCE_SEASONING,화이트 식초,하인즈,식초,0
[백설] 건강발효 사과식초,조미료,양념/소스,SAUCE_SEASONING,식초,백설,식초,0
미니오이 10입,채소/곡물류,채소,RAW_PRODUCE,미니 오이,,오이,0
[미자언니네] 꽃게 액젓 2종 (택1),조미료,양념/소스,SAUCE_SEASONING,꽃게 액젓,미자언니네,액젓,0
[선물세트] 몸애쏙쏙 유기농 배도라지즙 2종,미등록 카테고리,기타,UNKNOWN,기타,,기타,0
"진심 당면, 1kg, 1개 56%11,780원 5,160원 (100g당 516원) 내일(일) 도착 보장 4.5 (2925) 최대 258원 적립",채소/곡물류,면류,GRAIN,당면,진심,당면,0
"델몬트 스퀴즈 포도 에이드, 240ml, 30개 28%15,700원 11,170원 (100ml당 155원) 내일(일) 도착 보장 새 상품, 반품-미개봉 (24) 최저9,620원 5 (3858) 최대 559원 적립",음료,주스,BEVERAGE,포도주스,델몬트,포도 주스,0
"광천 재래 캔김 210g, 6개 29%31,000원 21,900원 (1세트당 3,650원) 내일(일) 도착 보장 4.5 (1566) 최대 1,095원 적립",상온식품,김/자반,DRIED_SEAFOOD,김,광천김,김,0
[진가네반찬] 국내산 우엉채조림 300g (대용량),간편식,반찬류,SIMPLE_PROCESSED,우엉채조림,진가네반찬,기타 반찬류,0
[설성목장] 한우 왕만두 420g,간편식,냉동식품,FROZEN_MEAL,냉동 만두,설성목장,냉동 만두,0
[아스투리아나] 포션 버터 12개입,유제품,버터/생크림,DAIRY,버터,아스투리아나,버터,0
"해찬들 물로만 끓여도 칼칼한 청양초 된장찌개양념, 450g, 1개 48%9,440원 4,900원 (100g당 1,089원) 내일(일) 도착 보장 5 (4652) 최대 245원 적립",조미료,양념/소스,SAUCE_SEASONING,양념,해찬들,기타 소스,0
[더단백] 프로틴바 3종,간식류,과자/스낵,SNACK,프로틴바,더단백,스낵바,0
[바름팜] 제주 구좌 흙당근 2종,채소/곡물류,채소,RAW_PRODUCE,당근,바름팜,당근,0
[런던베이글뮤지엄] 베이글 4개 & 크림치즈 2개,간식류,빵류,BAKERY,베이글,런던베이글뮤지엄,베이글,0
[슈퍼키친] 소고기두부조림,간편식,반찬류,SIMPLE_PROCESSED,두부조림,슈퍼키친,기타 반찬류,0
유기농 통밀쌀 500g,채소/곡물류,쌀/잡곡,GRAIN,통밀쌀,,기타 잡곡,0
[네니아] 우리밀 냉동 우동면 (230g x 5개입),채소/곡물류,면류,GRAIN,우동면,네니아,우동면,0
[Kurly's] 동물복지 유정란 40구,육류/계란,계란,RAW_MEAT,계란,Kurly's,계란,0
"곰곰 소중한 우리쌀 밥, 200g, 10개 33%13,500원 8,990원 (100g당 450원) 내일(일) 도착 보장 5 (100263) 최대 450원 적립",간편식,즉석밥,INSTANT,즉석밥,곰곰,즉석밥,0
[푸디버디] 한우 카레/짜장/불고기/토마토 덮밥소스 5개입 (택2),조미료,양념/소스,SAUCE_SEASONING,덮밥 소스,푸디버디,기타 소스,0
[브레드가든] 아몬드분말 60g,조미료,가루분말,SAUCE_SEASONING,아몬드 분말,브레드가든,아몬드 가루,0
[그릭데이] 그릭요거트 시그니처 800g,유제품,요거트,DAIRY,그릭요거트,그릭데이,그릭요거트,0
[선물세트] 몸애쏙쏙 유기농 배도라지청 2입 세트,미등록 카테고리,기타,UNKNOWN,기타,,기타,0
사바 바나나로 만든 감숙왕 바나나칩 70g,간식류,과자/스낵,SNACK,과일칩,,기타 과자/스낵,0
"마른 줄기상추(건궁채), 80g, 1개 3,170원 (10g당 396원) 내일(일) 새벽 도착 보장 4.5 (4731) 최대 159원 적립",채소/곡물류,채소,RAW_PRODUCE,궁채,,기타 채소,0
[넉넉] 듬뿍 치아바타 3종 (택1),간식류,빵류,BAKERY,치아바타,넉넉,치아바타,0
유기농 현미혼합 7곡 1.8kg,채소/곡물류,쌀/잡곡,GRAIN,잡곡,,잡곡,0
[차려낸] 구수하고 담백한 청국장 (2개입),조미료,양념/소스,SAUCE_SEASONING,청국장,차려낸,청국장,0
"디쉬프로젝트 허니버터 시즈닝, 80g, 1개 54%13,100원 5,900원 (100g당 7,375원) 내일(일) 도착 보장 5 (1445) 최대 295원 적립",조미료,양념/소스,SAUCE_SEASONING,허니버터,디쉬프로젝트,기타 소스,0
[서울우유 x 마켓컬리] 치즈다운 치즈 고칼슘&고단백 (18g X 13입),유제품,치즈,DAIRY,치즈,서울우유 x 마켓컬리,기타 치즈,0
[넛츠그린] 저당 저칼로리 딸기잼 240g,상온식품,잼/스프레드,SAUCE_SEASONING,딸기잼,넛츠그린,딸기잼,0
유기농 다진 비트 100g x 2입,채소/곡물류,채소,RAW_PRODUCE,비트,,비트,0
"곰곰 깐 메추리알, 270g, 1봉 3,680원 (100g당 1,363원) 내일(일) 새벽 도착 보장 5 (112156) 최대 184원 적립",육류/계란,계란,RAW_MEAT,메추리알,곰곰,메추리알,0
[카스테이블워터] 영국 크래커 4종 (택 1),간식류,과자/스낵,SNACK,크래커,카스테이블워터,크래커,0
"오뚜기 달콤한 케이크 시럽, 220g, 3개 4,250원 (100g당 644원) 내일(일) 도착 보장 5 (2230) 최대 213원 적립",조미료,양념/소스,SAUCE_SEASONING,케이크 시럽,오뚜기,기타 소스,0
"도드람한돈 1등급 등심 카레용 (냉장), 300g, 1개 6,820원 (100g당 2,273원) 내일(일) 새벽 도착 보장 5 (17399) 최대 341원 적립",육류/계란,돼지고기,RAW_MEAT,돼지 등심,도드람한돈,돼지 등심,0
"맛선생 멸치디포리 국물내기 한알, 160g, 2개 59%31,360원 12,600원 (100g당 3,938원) 내일(일) 도착 보장 5 (25886) 최대 630원 적립",조미료,조미료,SAUCE_SEASONING,코인육수,맛선생,육수,0
[선물세트] 몸애쏙쏙 짜먹는 유기농 배도라지액 세트 +(쇼핑백 증정),미등록 카테고리,기타,UNKNOWN,기타,,기타,0
[알비에로] 프로볼로네 돌체 치즈 200g,유제품,치즈,DAIRY,치즈,알비에로,기타 치즈,0
[99EATS] 두툼한 쯔란양꼬치 320g (40g*8ea),육류/계란,양고기,RAW_MEAT,양꼬치,99EATS,양꼬치,0
[하데거] 스위스 아펜젤러 치즈,유제품,치즈,DAIRY,아펜젤러 치즈,하데거,기타 치즈,0
[팜송] 파프리카 1kg (7-9입),채소/곡물류,채소,RAW_PRODUCE,파프리카,팜송,파프리카,0
[다보] 유기농 딸기잼 260g,상온식품,잼/스프레드,SAUCE_SEASONING,딸기잼,다보,딸기잼,0
[자케] 프랑스 미니 브라우니,간식류,디저트/케이크,BAKERY,브라우니,자케,케이크,0
"오뚜기 순후추, 100g, 2개 10,800원 (10g당 540원) 내일(일) 새벽 도착 보장 5 (15096) 최대 540원 적립",조미료,향신료/허브,SAUCE_SEASONING,후추,오뚜기,후추,0
[캐비아데일리] 바지락듬뿍칼국수,간편식,밀키트,RTC_MEAL,밀키트,캐비아데이리,밀키트,0
[청정원] 허니머스타드소스 320g,조미료,양념/소스,SAUCE_SEASONING,머스타드,청정원,머스타드,0
[크래프트] 그레이티드 파마산 치즈 80g,유제품,치즈,DAIRY,파마신 치즈,크래프트,파마산 치즈,0
상주 흑침 오이 5입,채소/곡물류,채소,RAW_PRODUCE,오이,,오이,0
[올핏] 유기농 레몬즙&올리브유 올인원 루틴팩 (7포+7포),미등록 카테고리,기타,UNKNOWN,기타,올핏,기타,0
[KF365] 무항생제 1+등급 중란 20구,육류/계란,계란,RAW_MEAT,계란,KF365,계란,0
[사세] 버팔로윙 마일드 허니맛,간편식,냉동식품,FROZEN_MEAL,버팔로윙,사세,냉동 치킨,0
[마마리] 소고기 무국,간편식,레트로트,RTC_MEAL,레트로트,마마리,레트로트,0
[합정옥] 한우양지곰탕,간편식,레트로트,RTC_MEAL,레트로트,합정옥,레트로트,0
[선물세트] 서울약사신협 배도라지 스틱 30포,미등록 카테고리,기타,UNKNOWN,기타,,기타,0
[선물세트] 아보카도 세트 1.9kg (9입),과일/견과류,과일,RAW_FRUIT,아보카도,,과일 묶음,0
[선물세트] 애플망고 세트 3.4kg (9입)  (보자기 동봉),과일/견과류,과일,RAW_FRUIT,애플망고,,과일 묶음,0
"면사랑 사누끼 우동면 5개입 (냉동), 1.15kg, 1개 4,980원 (100g당 433원) 내일(일) 새벽 도착 보장 5 (8821) 최대 249원 적립",채소/곡물류,면류,GRAIN,우동면,면사랑,우동면,0
[진가네반찬] 잡채,간편식,반찬류,SIMPLE_PROCESSED,잡채,진가네반찬,기타 반찬류,0
"프레지덩 미니 버터, 200g, 1개 9,550원 (100g당 4,775원) 내일(일) 새벽 도착 보장 5 (41698) 최대 478원 적립",유제품,버터/생크림,DAIRY,버터,프레지덩,버터,0
"상하목장 유기농 우유, 200ml, 24개 29%33,120원 23,500원 (100ml당 490원) 내일(일) 도착 보장 5 (224010) 최대 1,175원 적립",유제품,우유/두유,DAIRY,우유,상하목장,우유,0
[김소영 아티장의 안단테] 피에르자캉 염소젖 트러플 치즈 100g,유제품,치즈,DAIRY,트러플 치즈,김소영 아티장의 안단테,기타 치즈,0
"맥스봉 치즈 15p, 525g, 2개 36%16,960원 10,800원 (10g당 103원) 내일(일) 도착 보장 5 (8886) 최대 540원 적립",육류/계란,가공육(햄/소시지),PROCESSED_MEAT,맥스봉,맥스봉,소세지,0
[선물세트] 조선호텔 1+ 한우 불고기 세트 500g*6,간편식,레트로트,RTC_MEAL,레트로트,조선호텔,레트로트,0
[화과방] 지현양갱 2호세트(쇼핑백증정),간식류,디저트/케이크,BAKERY,양갱,화과방,양갱,0
[그린스] 오리지널 팬케이크 쉐이크(375g),간식류,디저트/케이크,BAKERY,팬케이크,그린스,케이크,0
국산콩 영암귀리 두유 (190mL X 16개),유제품,우유/두유,DAIRY,두유,,두유,0
[올반] 숙성 고추장돼지불백 180gx3팩,간편식,밀키트,RTC_MEAL,밀키트,올반,밀키트,0
[파스퇴르] 후레쉬 우유(200mL X 20입),유제품,우유/두유,DAIRY,우유,파스퇴르,우유,0
[오마뎅] 하얀 순살 사각어묵,수산물,어육가공식품,SIMPLE_PROCESSED,어묵,오마뎅,어묵,0
"풍요한아침 옛날 고명 계란지단, 350g, 1개 6,190원 (100g당 1,769원) 내일(일) 새벽 도착 보장 5 (7172) 최대 310원 적립",간편식,반찬류,SIMPLE_PROCESSED,계란지단,풍요한아침,기타 반찬류,0
[흑백요리사] 최강록셰프 김치우동 458g,간편식,라면,INSTANT,김치우동,흑백요리사,우동/칼국수,0
[스타벅스] 더블샷 커피 200mL X 4캔 2종(택1),음료,커피/차,BEVERAGE,커피,스타벅스,커피,0
"안옥남 자르고 씻어나온 간편미역, 300g, 1개 9,900원 (100g당 3,300원) 내일(일) 도착 보장 5 (11330) 최대 495원 적립",수산물,미역/다시마,DRIED_SEAFOOD,미역,안옥남,미역,0
[포트'럭] 다이버가 채취한 남해바다 왕바지락 500g (생물),수산물,조개/전복,RAW_SEAFOOD,바지락,포트'럭,바지락,0
[베키아에누보] 커리 치킨마크니 300g,간편식,레트로트,RTC_MEAL,레트로트,베키아에누보,레트로트,0
"다담 된장찌개양념, 840g, 1개 22%10,680원 8,240원 (100g당 981원) 내일(일) 새벽 도착 보장 5 (18712) 최대 412원 적립",조미료,양념/소스,SAUCE_SEASONING,된장찌개 양념,다담,기타 소스,0
[Sea to Table] 손질 왕 흰다리새우 300g (냉동) (16/20 사이즈),수산물,새우/게,RAW_SEAFOOD,새우,Sea to Table,새우,0
[대천김] 짜지 않은 재래김 16봉,상온식품,김/자반,DRIED_SEAFOOD,김,대천김,김,0
[선물세트] 애플망고 세트 3.4kg (9입) (예약일 수령),과일/견과류,과일,RAW_FRUIT,애플망고,,과일 묶음,0
"매일우유 저지방 2%, 200ml, 24개 16,450원 (100ml당 343원) 내일(일) 도착 보장 4.5 (36085) 최대 823원 적립",유제품,우유/두유,DAIRY,저지방 우유,매일,저지방 우유,0
"오뚜기 참깨라면 용기110g 12개 18%16,560원 13,450원 (1개당 1,121원) 내일(일) 도착 보장 5 (54173) 최대 673원 적립",간편식,라면,INSTANT,참깨라면,오뚜기,국물라면,0
유기농 백미 쌀 4kg,채소/곡물류,쌀/잡곡,GRAIN,쌀,유기농,쌀,0
[선물세트] 애플망고&태국망고 혼합 세트 3kg (보자기 동봉),과일/견과류,과일,RAW_FRUIT,애플망고,,과일 묶음,0
[CU 픽업] 안젤리카자파멜롯,술,와인,ALCOHOL,레드 와인,,레드 와인,0
"DIAMOND 흰다리 자숙 새우살 43~85미 (냉동), 200g, 1개 5,400원 (100g당 2,700원) 내일(일) 새벽 도착 보장 5 (4093) 최대 270원 적립",수산물,새우/게,RAW_SEAFOOD,새우,DIAMOND,새우,0
[참든건강] 아이달콤 도라지배즙 (20포),미등록 카테고리,기타,UNKNOWN,기타,참든건강,기타,0
"해표 카놀라유, 900ml, 3개 쿠폰할인63%29,700원 10,900원 (100ml당 404원) 내일(일) 도착 보장 5 (136966) 최대 545원 적립",조미료,식용유/기름,SAUCE_SEASONING,카놀라유,해표,카놀라유,0
"곰곰 촉촉 반숙란 (냉장), 20구, 1개 35%15,590원 9,980원 (1구당 499원) 내일(일) 새벽 도착 보장 4.5 (155532) 최대 499원 적립",육류/계란,계란,RAW_MEAT,반숙란,곰곰 ,반숙란,0
"맥심 디카페인 커피믹스, 100g, 1개입, 1개 7,980원 (10g당 798원) 내일(일) 도착 보장 5 (9865) 최대 399원 적립",음료,커피/차,BEVERAGE,커피믹스,맥심,커피믹스,0
[메종엠오] 가또 쇼콜라 드 낭시 320g,간식류,디저트/케이크,BAKERY,쇼콜라,메종엠오,케이크,0
[Project H] 고단백 저당 식빵 188g,간식류,빵류,BAKERY,식빵,Project H,식빵,0
[애슐리] 고르곤졸라 피자,간편식,냉동식품,FROZEN_MEAL,냉동 피자,애슐리,냉동 피자,0
[풀무원] 소가 크고 단단한 두부 500g,채소/곡물류,콩/두부,SIMPLE_PROCESSED,두부,풀무원,두부,0
"백년농가 상황버섯쌀 오분도미, 1kg, 1개 12,900원 (100g당 1,290원) 내일(일) 도착 보장 4.5 (490) 최대 645원 적립",채소/곡물류,쌀/잡곡,GRAIN,쌀,백년농가,쌀,0
홈파티 치즈 플래터 싱글(1-2인용),유제품,치즈,DAIRY,치즈,홈파티,기타 치즈,0
[KF365] 1+등급 무항생제 대란 10구,육류/계란,계란,RAW_MEAT,계란,KF365,계란,0
"파스퇴르 무항생제 인증 바른목장 우유, 125ml, 24개 29%25,200원 17,700원 (100ml당 590원) 내일(일) 새벽 도착 보장 5 (20693) 최대 885원 적립",유제품,우유/두유,DAIRY,우유,파스퇴르,우유,0
[영산홍어] 해미진미 한 줄 홍어회 60g,수산물,생선,RAW_SEAFOOD,홍어회,영산홍어,홍어 회,0
"트와이닝 카모마일 티백, 1g, 25개입, 1개 8,790원 (10g당 3,516원) 내일(일) 도착 보장 5 (9033) 최대 440원 적립",음료,커피/차,BEVERAGE,티백,트와이닝,티백,0
[Picard] 퐁당 오 쇼콜라 470g,간식류,디저트/케이크,BAKERY,쇼콜라,Picard,케이크,0
[아티제] 미니 베이글 3종 (택1) (50g x 6개),간식류,빵류,BAKERY,베이글,아티제,베이글,0
[굽네] 소스가 맛있는 닭가슴살 4종 (1입/4입),육류/계란,닭고기,RAW_MEAT,닭가슴살,굽네,닭가슴살,0
[횡성축협한우] 1등급 한우 불고기 200g,육류/계란,소고기,RAW_MEAT,불고기용 소고기,횡성축협한우,불고기,0
[폴스] 호주산 우유 1L,유제품,우유/두유,DAIRY,우유,폴스,우유,0
[콜린스 다이닝] 방울토마토 마리네이드 절임,간편식,샐러드팩,RTC_MEAL,토마토 절임,콜린스 다이닝,샐러드,0
[편스토랑X아워홈] 김재중의 불짬뽕 폭립 450g(냉동),간편식,레트로트,RTC_MEAL,레트로트,편스토랑X아워홈,레트로트,0
[KF365] 깻잎 30g,채소/곡물류,채소,RAW_PRODUCE,깻잎,KF365,깻잎,0
[CU 픽업] 카쿠시구라,술,기타 주류,ALCOHOL,보리 쇼츄,,기타 주류,0
[덴마크] 인포켓 치즈 오리지널 (20g X 5입),유제품,치즈,DAIRY,치즈,덴마크,기타 치즈,0
[마루사야] 간사이풍 다시팩,조미료,조미료,SAUCE_SEASONING,다시팩,마루사야,육수,0
[카페아모제] 저당 포케 샐러드 3종 (택1),간편식,샐러드팩,RTC_MEAL,포케 샐러드,카페아모제,포케,0
[모현상회] 태국산 프리미엄 생새우살 2종 (냉동) (택1),수산물,새우/게,RAW_SEAFOOD,새우,모현상회,새우,0
[도제식빵] 촉촉한 생식빵 2종 (택1),간식류,빵류,BAKERY,식빵,도제식빵,식빵,0
[맥파이앤타이거] 논카페인 잎차 4종 (택1),음료,커피/차,BEVERAGE,잎 차,맥파이앤타이거,기타 음료(차),0
[오니스트] 트리플샤인 포도 84포,미등록 카테고리,기타,UNKNOWN,기타,오니스트,기타,0
[99핫도그] 크리스피 핫도그 800g(80gX10개입) 2종 (택1),간편식,냉동식품,FROZEN_MEAL,냉동 핫도그,99핫도그,냉동 핫도그,0
[둥구나무] 시금치나물,간편식,반찬류,SIMPLE_PROCESSED,시금치 나물,둥구나무,기타 반찬류,0
"동서 결명자차, 8g, 18개입, 2개 4,480원 (10g당 156원) 내일(일) 도착 보장 5 (13689) 최대 224원 적립",음료,커피/차,BEVERAGE,결명자차,동서,기타 음료(차),0
[한팟] 치즈 부대찌개 1858g(냉장),간편식,레트로트,RTC_MEAL,레트로트,한팟,레트로트,0
[마마리] 전복미역국,간편식,레트로트,RTC_MEAL,레트로트,마마리,레트로트,0
조각 양배추 500g,채소/곡물류,채소,RAW_PRODUCE,양배추,,양배추,0
[고디바] 마스터피스 다크 카라멜 초콜릿 117g,간식류,초콜릿/사탕,SNACK,다크 초콜릿,고디바,다크 초콜릿,0
[올가] 우리밀 짜장가루 100g,조미료,가루분말,SAUCE_SEASONING,짜장가루,올가,기타 가루분말,0
"오케이 건고구마순, 1개, 100g 4,900원 (100g당 4,900원) 내일(일) 도착 보장 4.5 (79) 최대 245원 적립",채소/곡물류,채소,RAW_PRODUCE,고구마순,,기타 채소,0
[메이준뉴트리 X 이승남원장] 슈퍼 초임계 알티지 오메가3 플러스 (30일분),미등록 카테고리,기타,UNKNOWN,기타,메이준뉴트리 X 이승남원장,기타,0
"조인 깐메추리알, 270g, 1개 3,690원 (100g당 1,367원) 내일(일) 새벽 도착 보장 5 (72467) 최대 185원 적립",육류/계란,계란,RAW_MEAT,메추리알,조인,메추리알,0
"파스퇴르 건강한 저온살균 우유 후레쉬, 2.3L, 1개 8,120원 (100ml당 353원) 내일(일) 새벽 도착 보장 5 (173284) 최대 406원 적립",유제품,우유/두유,DAIRY,우유,파스퇴,우유,0
"베지밀 고단백두유 검은콩, 190ml, 32개 22,400원 (100ml당 368원) 내일(일) 새벽 도착 보장 5 (3500) 최대 1,120원 적립",유제품,우유/두유,DAIRY,두유,베지밀,두유,0
[CU 픽업] 빽라거슈퍼마일*24캔,술,맥주,ALCOHOL,맥주,,맥주,0
[트리투바] 바트 초콜릿 2종 (택1),간식류,초콜릿/사탕,SNACK,초콜릿,트리투바,초콜릿,0
[킨더] 부에노 화이트 초콜릿바 3입,간식류,초콜릿/사탕,SNACK,화이트 초콜릿,킨더,초콜릿,0
[CJ] 동치미 물냉면 (2인분),간편식,밀키트,RTC_MEAL,밀키트,CJ,밀키트,0
[다미원] 반건조 손질 통 민어 250g (냉동),수산물,생선,RAW_SEAFOOD,반건조 민어,다미원,반건조 민어,0
[빵공장띠에리] 무화과 시골빵 400g,간식류,빵류,BAKERY,무화과 빵,빵공장띠에리,기타 빵류,0
[더 더치] 스페셜 트러플 치즈 200g,유제품,치즈,DAIRY,트러플 치즈,더 더치,기타 치즈,0
[크라운] 쿠크다스 케이크 154g,간식류,디저트/케이크,BAKERY,케이크,크라운,케이크,0
추부 깻잎 30g,채소/곡물류,채소,RAW_PRODUCE,깻잎,추부,깻잎,0
[겐츠베이커리] 쿠키 3종 세트 410g,간식류,과자/스낵,SNACK,쿠키,겐츠베이커리,쿠키,0
[올가] 유기농 발아 보리차 150g (10g X 15개),음료,커피/차,BEVERAGE,보리차,올가,보리차,0
"마이노멀 저당 저칼로리 블루베리잼, 320g, 1개 40%16,900원 9,980원 (100g당 3,119원) 내일(일) 도착 보장 5 (6327) 최대 499원 적립",상온식품,잼/스프레드,SAUCE_SEASONING,블루베리잼,마이노멀,블루베리잼,0
"립톤 아이스티 믹스 분말 복숭아맛, 1.5kg, 1개입, 1개 44%22,900원 12,700원 (10g당 85원) 내일(일) 새벽 도착 보장 5 (1697) 최대 635원 적립",음료,커피/차,BEVERAGE,복숭아 아이스티,립톤,기타 음료(차),0
"카누 바닐라 라떼 커피믹스, 17.3g, 24개입, 2개 19,870원 (10g당 239원) 내일(일) 도착 보장 5 (27759) 최대 994원 적립",음료,커피/차,BEVERAGE,커피믹스,카누,커피믹스,0
[농심] 새우탕면 멀티팩 4입,간편식,라면,INSTANT,새우탕,농심,국물라면,0
[라티브] 생강 레몬진저샷 1박스(14개입),미등록 카테고리,기타,UNKNOWN,기타,라티브,기타,0
"집밥 10kg 백미 쌀 2025년햅쌀, 집밥 10kg 지대, 1개 30,800원 (100g당 308원) 내일(일) 도착 보장 4 (1792) 최대 1,540원 적립",채소/곡물류,쌀/잡곡,GRAIN,쌀,집밥,쌀,0
[선물세트] PNB 미니초코파이 선물세트,간식류,과자/스낵,SNACK,초코파이,,파이류,0
[CU 픽업] 집집락까베르네,술,와인,ALCOHOL,레드 와인,집집락,레드 와인,0
[오가닉스토리] 유기농 현미로 만든 볼 4종,간식류,과자/스낵,SNACK,곡물 과자,오가닉스토리,기타 과자/스낵,0
[제주마미] 제주 봄 취나물 100g X 2입,간편식,반찬류,SIMPLE_PROCESSED,취나물,제주마미,기타 반찬류,0
[동원] 그릴리 직화 골든 베이컨 2종 (택1),육류/계란,가공육(햄/소시지),PROCESSED_MEAT,베이컨,동원,베이컨,0
[조지아] RTD 블랙 커피 (800mL X 6개),음료,커피/차,BEVERAGE,커피,조지아,커피,0
"해표 꽃소금, 3kg, 1개 4,900원 (100g당 163원) 내일(일) 새벽 도착 보장 5 (250) 최대 245원 적립",조미료,조미료,SAUCE_SEASONING,꽃소금,해표,소금,0
[상하목장] 유기농 베이비 요구르트 3종 (85g X 4개) (택1),유제품,요거트,DAIRY,요구르트,상하목장,요구르트,0
"자연애찬 무항생제 특란, 30구, 2개 18,780원 (1구당 313원) 내일(일) 새벽 도착 보장 4.5 (248140) 최대 939원 적립",육류/계란,계란,RAW_MEAT,계란,자연애찬,계란,0
"대림선 부산어묵 얇은사각 6장, 240g, 1개 1,590원 (100g당 663원) 내일(일) 새벽 도착 보장 5 (12429) 최대 80원 적립",수산물,어육가공식품,SIMPLE_PROCESSED,어묵,대림선,어묵,0
[비움반찬] 오징어실채볶음,간편식,반찬류,SIMPLE_PROCESSED,오징어채 볶음,비움반찬,기타 반찬류,0
"국내산 손질 쌈배추, 200g, 1개 1,990원 (100g당 995원) 내일(일) 새벽 도착 보장 4.5 (17718) 최대 100원 적립",채소/곡물류,채소,RAW_PRODUCE,배추,,배추,0
"곰곰 통후추, 200g, 1개 35%7,700원 4,990원 (10g당 250원) 내일(일) 새벽 도착 보장 5 (219) 최대 250원 적립",조미료,향신료/허브,SAUCE_SEASONING,후추,곰곰,후추,0
[선물세트] 제스프리 제주 골드키위 세트 2.3kg (18입),과일/견과류,과일,RAW_FRUIT,키위,제스프리,과일 묶음,0
[니아르] 글로우틴 납작복숭아맛 (14일분),미등록 카테고리,기타,UNKNOWN,기타,니아르,기타,0
[갈비아저씨] 돼지불고기 600g (냉동),간편식,밀키트,RTC_MEAL,밀키트,갈비아저씨,밀키트,0
[횡성축협한우] 1+ 한우 불고기용 200g (냉장),육류/계란,소고기,RAW_MEAT,불고기용 소고기,횡성축협한우,불고기,0
"테메레르 유기농 홀그레인 머스타드, 200g, 1개 7,100원 (100g당 3,550원) 내일(일) 도착 보장 4.5 (9814) 최대 355원 적립",조미료,양념/소스,SAUCE_SEASONING,홀그레인 머스타드,테메레르,머스타드,0
[올더뮤] 뮤신 바운스 복숭아맛 10개입,미등록 카테고리,기타,UNKNOWN,기타,올더뮤,기타,0
[바다해] 추억의 조미오징어 다리 100g,간식류,과자/스낵,SNACK,숏다리,바다해,스낵,0
[자연실록] 무항생제 닭볶음탕용 800g,육류/계란,닭고기,RAW_MEAT,생닭,자연실록,생닭,0
[선물세트] 트리투바 바트 초콜릿 6입 세트,간식류,초콜릿/사탕,SNACK,초콜릿,트리투바,초콜릿,0
[오리온] 과일꿀꺽 왕꿈틀이 210g,간식류,초콜릿/사탕,SNACK,왕꿈틀이,오리온,젤리,0
[동원] 저스트 군밤80g,간식류,과자/스낵,SNACK,맛밤,동원,기타 과자/스낵,0
[미트빌] 미국산 소고기 초이스 척아이롤300g (냉장),육류/계란,소고기,RAW_MEAT,척아이롤,미트빌,척아이롤,0
[선물세트] 짜먹는 배도라지청 세트,미등록 카테고리,기타,UNKNOWN,기타,,기타,0
[선물세트] 참다래 그린 키위 2.3kg (18입),과일/견과류,과일,RAW_FRUIT,키위,,과일 묶음,0
[르까도드마비] 타르트 레아 (4개),간식류,디저트/케이크,BAKERY,타르트,르까도드마비,타르트,0
[덕화명란] 송알송알 반반명란 200g (냉장),수산물,어란,RAW_SEAFOOD,명란,덕화명란,명란,0
[모두의맛집] 정지선 셰프 홍콩식 간장 닭고기솥밥,간편식,밀키트,RTC_MEAL,밀키트,모두의맛집,밀키트,0
유기농 냉동 다진 청경채 100g,채소/곡물류,채소,RAW_PRODUCE,청경채,,청경채,0
[본죽] 본 뼈없는 갈비탕,간편식,레트로트,RTC_MEAL,레트로트,본죽,레트로트,0
"가농 무항생제 왕란, 15구, 1개 6,890원 (1구당 459원) 내일(일) 새벽 도착 보장 5 (10522) 최대 345원 적립",육류/계란,계란,RAW_MEAT,계란,가농,계란,0
[선물세트] 태국망고 세트 3kg (9입) (보자기 동봉),과일/견과류,과일,RAW_FRUIT,망고,,과일 묶음,0
[커피빈] 초코 무스 케익 470g,간식류,디저트/케이크,BAKERY,무스 케이크,커피빈,케이크,0
"국내산 GAP 애호박, 1개입, 1개 3,420원 (1개당 3,420원) 내일(일) 새벽 도착 보장 5 (55109) 최대 171원 적립",채소/곡물류,채소,RAW_PRODUCE,애호박,GAP,애호박,0
[뱅스] 유기농 진저샷 3종 300mL (택1),미등록 카테고리,기타,UNKNOWN,기타,뱅스,기타,0
생 파슬리 15g,조미료,향신료/허브,SAUCE_SEASONING,파슬리,생,파슬리,0
"해표 완도 미역, 100g, 2개 5,960원 (100g당 2,980원) 내일(일) 도착 보장 4.5 (1303) 최대 298원 적립",수산물,미역/다시마,DRIED_SEAFOOD,미역,해표,미역,0
[원에이커팜] 친환경 GAP 차이브 10g,채소/곡물류,채소,RAW_PRODUCE,차이브,원에이커팜,기타 채소,0
[비비드키친] 저칼로리 스리라차소스,조미료,양념/소스,SAUCE_SEASONING,스리라차 소스,비비드키친,스리라차,0
[사세] 버팔로 윙봉 골드 1kg,간편식,냉동식품,FROZEN_MEAL,버팔로윙,사세,냉동 치킨,0
[도드람한돈] 훈제 안심 200g (냉장),육류/계란,돼지고기,RAW_MEAT,돼지 안심,도드람한돈,돼지 안심,0
"농협안심한우 1등급 다짐육 (냉장), 300g, 1팩 19%15,540원 12,570원 (100g당 4,190원) 내일(일) 새벽 도착 보장 5 (5452) 최대 629원 적립",육류/계란,소고기,RAW_MEAT,소고기 다짐육,농협,소 다짐육,0
[야미요밀] 모닝빵 5종 (45g X 8개입) (택1),간식류,빵류,BAKERY,모닝빵,야미요밀,모닝빵,0
[오뚜기] 참깨라면 4입,간편식,라면,INSTANT,참깨라면,오뚜기,국물라면,0
[나폴레옹] 버터롤 (30g X 10개),간식류,빵류,BAKERY,버터롤,나폴레옹,기타 빵류,0
"오뚜기 발아흑미 즉석잡곡밥, 210g, 12개 53%29,760원 13,980원 (100g당 555원) 내일(일) 도착 보장 새 상품, 반품-미개봉 (5) 최저13,280원 5 (22902) 최대 699원 적립",간편식,즉석밥,INSTANT,즉석밥 잡곡,오뚜기,즉석밥,0
[CJ] 깐메추리알 450G,육류/계란,계란,RAW_MEAT,메추리알,CJ,메추리알,0
[종가] 열무김치 400g,간편식,반찬류,SIMPLE_PROCESSED,열무김치,종가,열무김치,0
[오다다] 슈퍼림포티 (2g X 24개),미등록 카테고리,기타,UNKNOWN,기타,오다다,기타,0
[데체코] 롱 파스타 11종 (택1),채소/곡물류,면류,GRAIN,파스타면,데체코,파스타면,0
[선물세트] 한삼인 산삼배양근 30병 +(쇼핑백 증정),미등록 카테고리,기타,UNKNOWN,기타,,기타,0
[오마뎅] 파 어묵,수산물,어육가공식품,SIMPLE_PROCESSED,어묵,오마뎅,어묵,0
[드로게리아] 통흑후추밀 (그라인더),조미료,향신료/허브,SAUCE_SEASONING,후추,드로게리아,후추,0
[선물세트] 올리 1+등급 프리미엄 꿀 세트,조미료,양념/소스,SAUCE_SEASONING,꿀,올리,꿀,0
[26년 설] [CU 픽업] 우드포드리저브버번,술,기타 주류,ALCOHOL,위스키,,위스키,0
[CU 픽업] 글랜카담10년,술,기타 주류,ALCOHOL,위스키,,위스키,0
[선물세트] 사층빵집 수제 샌드 쿠키 3종 세트,간식류,과자/스낵,SNACK,쿠키,사충빵집,쿠키,0
[부침명장] 소고기 육전 350g,간편식,반찬류,SIMPLE_PROCESSED,육전,부침명장,기타 반찬류,0
"몽고식품 구포국수 진공소면, 3kg, 1개 6,500원 (100g당 217원) 내일(일) 도착 보장 4.5 (24302) 최대 325원 적립",채소/곡물류,면류,GRAIN,소면,몽고식품,소면,0
"동우바른닭고기 IQF 닭가슴살 (냉동), 1개, 1kg 7,980원 (100g당 798원) 내일(일) 새벽 도착 보장 5 (95) 최대 349원 적립",육류/계란,닭고기,RAW_MEAT,닭가슴살,동우바른닭고기,닭가슴살,0
"맑은물에 담백 쌈두부, 100g, 1개 2,400원 (100g당 2,400원) 내일(일) 새벽 도착 보장 5 (680) 최대 120원 적립",채소/곡물류,콩/두부,SIMPLE_PROCESSED,두부,맑은물에,두부,0
[화과방] 셀프러브 키트 양갱 선물세트 (쇼핑백증정),간식류,디저트/케이크,BAKERY,양갱,화과방,양갱,0
[KF365] 1+등급 무항생제 대란 20구,육류/계란,계란,RAW_MEAT,계란,KF365,계란,0
[상하농원] 오징어젓 250g,간편식,반찬류,SIMPLE_PROCESSED,오징어젓갈,상하농원,오징어젓,0
[CU 픽업] 카라쿠치골드720ml,술,기타 주류,ALCOHOL,청주,카라쿠치,사케,0
[호랑이건강원] 호랑이 진쌍화 14포 X 3박스 (보자기포장 + 쇼핑백 증정),미등록 카테고리,기타,UNKNOWN,기타,호랑이건강원,기타,0
[노포기행] 용강동식 돼지왕구이 1kg,육류/계란,돼지고기,RAW_MEAT,돼지갈비,노포기행,돼지갈비,0
[헬카페] 콜드브루 500mL,음료,커피/차,BEVERAGE,커피,헬카페,커피,0
[비움반찬] 매콤 꽈리고추진미채볶음,간편식,반찬류,SIMPLE_PROCESSED,꽈리고추 진미채볶음,비움반찬,기타 반찬류,0
[티아시아] 쌀국수면 2종 (택1),채소/곡물류,면류,GRAIN,쌀국수면,티아시아,쌀국수면,0
"클룹 애사비소다 신비복숭아 제로 탄산음료, 24개, 500ml 56%60,000원 26,390원 (100ml당 220원) 내일(일) 도착 보장 5 (1925) 최대 1,320원 적립",음료,탄산음료,BEVERAGE,애사비소다,클룹 ,기타 탄산음료,0
[비움반찬] 아욱 된장 무침,간편식,반찬류,SIMPLE_PROCESSED,아욱 된장 무침,비움반찬,기타 반찬류,0
"지하암반해수로 씻어 깨끗한 가열조리용 생굴 (냉장), 200g, 2개 16%11,800원 9,870원 (100g당 2,468원) 내일(일) 새벽 도착 보장 4.5 (9738) 최대 484원 적립",수산물,조개/전복,RAW_SEAFOOD,굴,,굴,0
"배대감 국산 찹쌀가루, 1kg, 1개 40%14,800원 8,810원 (100g당 881원) 내일(일) 도착 보장 5 (23300) 최대 440원 적립",조미료,가루분말,SAUCE_SEASONING,찹쌀가루,배대감,찹쌀가루,0
[본 마예네] 프랑스 꺄레 치즈 200g,유제품,치즈,DAIRY,꺄레 치즈,본 마예네,기타 치즈,0
[올리타리아] 엑스트라버진 올리브 오일 500mL,조미료,식용유/기름,SAUCE_SEASONING,올리브오일,올리타리아,올리브오일,0
"오리온 눈을감자, 56g, 10개 14,760원 (10g당 264원) 내일(일) 도착 보장 5 (29832) 최대 738원 적립",간식류,과자/스낵,SNACK,눈을감자,오리온,감자칩,0
"청해명가 더 진한 육수한알 진한맛 25개입, 100g, 1개 19%10,500원 8,480원 (100g당 8,480원) 내일(일) 도착 보장 5 (6222) 최대 394원 적립",조미료,조미료,SAUCE_SEASONING,코인육수,청해명가,육수,0
"폰타나 볼로냐 베이컨 볼로네제 파스타 소스, 430g, 1개 35%9,980원 6,400원 (100g당 1,488원) 내일(일) 새벽 도착 보장 5 (2552) 최대 320원 적립",조미료,양념/소스,SAUCE_SEASONING,파스타 소스,폰타나,파스타 소스,0
[자연애찬] 비빔 반숙란 (수란) 10구,육류/계란,계란,RAW_MEAT,반숙란,자연애찬,반숙란,0
[마이노멀] 저당 저칼로리 블루베리잼 320g,상온식품,잼/스프레드,SAUCE_SEASONING,블루베리잼,마이노멀,블루베리잼,0
[소이뇽] 산양치즈 스프레더블 3종 (택1),유제품,치즈,DAIRY,치즈,소이뇽,기타 치즈,0
[마스터푸드] 민트젤리,간식류,초콜릿/사탕,SNACK,젤리,마스터푸드,젤리,0
[스위스미스] 리치 초콜릿 (37.6g X 8개),간식류,초콜릿/사탕,SNACK,초콜릿,스위스미스,초콜릿,0
[자연에찬] 무말랭이 무침,간편식,반찬류,SIMPLE_PROCESSED,무말랭이 무침,자연에찬,기타 반찬류,0
"베베쿡 처음 먹는 어린이김, 15g, 3개, 오리지널 13,970원 (10g당 3,104원) 내일(일) 도착 보장 5 (16083) 최대 699원 적립",상온식품,김/자반,DRIED_SEAFOOD,김,오리지널,김,0
[830] 곤약 국물떡볶이 310g,간편식,밀키트,RTC_MEAL,밀키트,830,밀키트,0
"친정엄마꾸러미 뚝딱 양파 (냉동), 1개, 500g 2,930원 (100g당 586원) 내일(일) 새벽 도착 보장 5 (6169) 최대 130원 적립",채소/곡물류,채소,RAW_PRODUCE,양파,친정엄마꾸러미,양파,0
[퍼시픽] 미국 블럭 치즈 4종,유제품,치즈,DAIRY,치즈,퍼시픽,기타 치즈,0
[올리] 유기농 현미 크런치롤 100g,간식류,과자/스낵,SNACK,곡물 과자,올리,기타 과자/스낵,0
[카페미뇽] 에그타르트 4구 세트,간식류,디저트/케이크,BAKERY,에그타르트,카페미뇽,타르트,0
[집반찬연구소] 동그랑땡,간편식,반찬류,SIMPLE_PROCESSED,동그랑땡,집반찬연구소,기타 반찬류,0
붉은 현미 다홍미 2kg,채소/곡물류,쌀/잡곡,GRAIN,현미,,현미,0
[마즈] 트윅스 미니스 초코바 990g,간식류,초콜릿/사탕,SNACK,트윅스,마즈,초콜릿,0
[하림 The 미식] 오징어라면 4입,간편식,라면,INSTANT,오징어라면,하림 The 미식,국물라면,0
[우주] 강원도 건조 제수용 황태포 2종 (택1),수산물,멸치/건어물,DRIED_SEAFOOD,황태,우주,황태,0
[건어수라] 제수용 황태포 80g,수산물,멸치/건어물,DRIED_SEAFOOD,황태,건어수라,황태,0
[코타니] 유기농 파슬리,조미료,향신료/허브,SAUCE_SEASONING,파슬리,코타니,파슬리,0
[횡성축협한우] 1등급 한우 양지 200g,육류/계란,소고기,RAW_MEAT,양지,횡성축협한우,양지,0
[KF365] 무항생제 한돈 인기 구이용 3종 (택1)(냉장),육류/계란,돼지고기,RAW_MEAT,모둠 돼지고기,KF365,돼지고기 묶음,0
GAP 경북 상주 곶감 250g (50g*5입 낱개포장),간식류,디저트/케이크,BAKERY,곶감,GAP,곶감,0
[스투리아] 캐비아 2종,수산물,어란,RAW_SEAFOOD,캐비아,스투리아,캐비아,0
[포천이동갈비] 이동갈비 500g,육류/계란,소고기,RAW_MEAT,소갈비,포천이동갈비,갈비,0
[선물세트] 맛의명태자 순명란 세트 (예약일수령),수산물,어란,RAW_SEAFOOD,명란,맛의명태자,명란,0
[프로상] 유기농 딸기잼 350g,상온식품,잼/스프레드,SAUCE_SEASONING,딸기잼,프로상,딸기잼,0
"한돈 뒷다리살 불고기용 (냉장), 1개, 500g 21%8,900원 6,970원 (100g당 1,394원) 내일(일) 새벽 도착 보장 5 (3610) 최대 349원 적립",육류/계란,돼지고기,RAW_MEAT,돼지 뒷다리살,한돈 ,뒷다리살,0
[선물세트] 경기떡집 프리미엄 떡 3단 세트,간식류,떡,SNACK,떡,경기떡집,떡,0
[매일] 멸균 우유 저지방(200mL X 24개입),유제품,우유/두유,DAIRY,저지방 우유,매일,저지방 우유,0
[르까도드마비] 타르트 퍼플벌룬 (16개입),간식류,디저트/케이크,BAKERY,타르트,르까도드마비,타르트,0
[서울우유] 고소하고 부드러운 고단백 치즈 (18g X 10입),유제품,치즈,DAIRY,치즈,서울우유,기타 치즈,0
"비비고 고단백 순살 고등어구이, 60g, 2개 25%11,960원 8,950원 (100g당 7,458원) 내일(일) 새벽 도착 보장 5 (38506) 최대 448원 적립",간편식,레트로트,RTC_MEAL,레트로트,비비고,레트로트,0
[비비고] 고추장 쥐포볶음 60g,간편식,레트로트,RTC_MEAL,레트로트,비비고,레트로트,0
"카누 벨베티 미디엄 로스트 네스프레소 호환 캡슐 커피, 5.7g, 10개입, 1개 20%6,790원 5,370원 (10g당 942원) 내일(일) 도착 보장 5 (3498) 최대 269원 적립",음료,커피/차,BEVERAGE,커피캡슐,네스프레소,커피캡슐,0
[설혜담] 프로폴리스 배도라지 스틱 30포,미등록 카테고리,기타,UNKNOWN,기타,설혜담,기타,0
"곡물을만나다 국산 현미, 1kg, 1개 5,080원 (100g당 508원) 내일(일) 도착 보장 새 상품, 반품-미개봉 (5) 최저4,820원 5 (6948) 최대 254원 적립",채소/곡물류,쌀/잡곡,GRAIN,현미,만나다,현미,0
[파볼] 100% 과일로 만든 무화과 잼 240g,상온식품,잼/스프레드,SAUCE_SEASONING,무화과잼,파볼,기타 잼/스프레드,0
[샐러드판다] 판다의 카프레제 샐러드,간편식,샐러드팩,RTC_MEAL,카프레제 샐러드,샐러드판다,샐러드,0
[소미] 시오다래 양배추 소스 320g,조미료,양념/소스,SAUCE_SEASONING,양배추 소스,소미,기타 소스,0
"국내산 찰기장쌀, 2kg, 1개 22,980원 (100g당 1,149원) 내일(일) 도착 보장 5 (1352) 최대 1,149원 적립",채소/곡물류,쌀/잡곡,GRAIN,쌀,,쌀,0
"이롬 황성주 박사의 국산콩 두유 검은콩 고칼슘, 190ml, 20개 45%21,000원 11,360원 (100ml당 299원) 내일(일) 도착 보장 5 (171168) 최대 568원 적립",유제품,우유/두유,DAIRY,두유,이롬,두유,0
[건강한우리집비옴] 생 아몬드 분말 300g,조미료,가루분말,SAUCE_SEASONING,아몬드 분말,건강한우리집비옴,아몬드 가루,0
[소소미담] 망고청 1kg,조미료,양념/소스,SAUCE_SEASONING,망고청,소소미담,기타 소스,0
"[농협] [25년산 햇곡] 국산 저당 현미 (혈당강하), 1개, 2kg 할인26%19,000원 13,980원 (100g당 699원) 내일(일) 도착 보장 4.5 (89) 최대 699원 적립",채소/곡물류,쌀/잡곡,GRAIN,현미,농협,현미,0
"오리온 콤보 초코파이 정 12p + 카스타드 12p, 744g, 1개 8,510원 (10g당 114원) 내일(일) 도착 보장 5 (32444) 최대 425원 적립",간식류,과자/스낵,SNACK,초코파이,오리온,파이류,0
"제주 손질 갈치 대 2마리 (해동), 1개, 450g 8,990원 (100g당 1,998원) 내일(일) 새벽 도착 보장 4.5 (190) 최대 450원 적립",수산물,생선,RAW_SEAFOOD,갈치,제주,갈치,0
[휘태커스] 미니슬랩 호키포키크런치 초콜릿 180g,간식류,초콜릿/사탕,SNACK,초콜릿,휘태커스,초콜릿,0
"오뚜기 옥수수 마아가린, 200g, 2개 4,590원 (100g당 1,148원) 내일(일) 도착 보장 5 (5172) 최대 230원 적립",유제품,버터/생크림,DAIRY,마가린,오뚜기,마가린,0
"팔레르모 엑스트라버진 올리브오일, 500ml, 1개 50%20,000원 9,980원 (100ml당 1,996원) 내일(일) 도착 보장 4.5 (1313) 최대 499원 적립",조미료,식용유/기름,SAUCE_SEASONING,올리브오일,팔레르모,올리브오일,0
[CU 픽업] 조니워커 레드 700ML,술,기타 주류,ALCOHOL,위스키,조니워커,위스키,0
[바다해] 손질 황태채 200g,수산물,멸치/건어물,DRIED_SEAFOOD,황태,바다해,황태,0
"농협100 과일친구들 방울토마토, 180g, 1개입, 1개 3,930원 (100g당 2,183원) 내일(일) 새벽 도착 보장 4.5 (789) 최대 196원 적립",채소/곡물류,채소,RAW_PRODUCE,방울토마토,농협,방울토마토,0
[램테이블] 호주산 트러플 시즈닝 양꼬치250g,육류/계란,양고기,RAW_MEAT,양꼬치,램테이블,양꼬치,0
[미트빌] 미국산 소고기 프라임 척아이롤300g (냉장),육류/계란,소고기,RAW_MEAT,척아이롤,미트빌,척아이롤,0
[일드프랑스] 쉐브르 치즈,유제품,치즈,DAIRY,치즈,일드프랑스,기타 치즈,0
신선한 남해안 봉지굴 4종 (택1) (가열조리용),수산물,조개/전복,RAW_SEAFOOD,굴,,굴,0
[마이노멀] 저당 저칼로리 딸기잼 320g,상온식품,잼/스프레드,SAUCE_SEASONING,딸기잼,마이노멀,딸기잼,0
[부엉이돈가스] 더티 치즈 돈가스,간편식,냉동식품,FROZEN_MEAL,냉동 돈까스,부엉이돈가스,냉동 돈까스,0
[LOTS OF LOVE] 한끼든든 친절한 미역국밥 (리뉴얼),간편식,레트로트,RTC_MEAL,레트로트,LOTS OF LOVE,레트로트,0
"김이가 올바른 구운 곱창돌김, 3g, 1개입, 15개 9,490원 (10g당 2,109원) 내일(일) 새벽 도착 보장 5 (2643) 최대 475원 적립",상온식품,김/자반,DRIED_SEAFOOD,김,김이가,김,0
[소소미담] 블루베리청 1kg,조미료,양념/소스,SAUCE_SEASONING,블루베리청,소소미담,기타 소스,0
[브레밀] 핫도그용빵 2종 (택1),간식류,빵류,BAKERY,핫도그 빵,브레밀,기타 빵류,0
"가농 1+등급란으로 만든 오메가 구운란, 20구, 1개 2%12,900원 12,600원 (1구당 630원) 내일(일) 새벽 도착 보장 5 (64701) 최대 630원 적립",육류/계란,계란,RAW_MEAT,구운란,가농,구운란,0
[김호윤키친] 더이탈리안클럽 안심 큐브스테이크,간편식,밀키트,RTC_MEAL,밀키트,김호윤키친,밀키트,0
[무르젤라] 이탈리아 부라타 치즈 120g (냉동),유제품,치즈,DAIRY,부라타 치즈,무르젤라,부라타 치즈,0
[맘마밀] 안심이유식 퓨레 6개월 3종 (택1),미등록 카테고리,기타,UNKNOWN,기타,맘마밀,기타,0
[ORGA] 모닝빵 (26g X 8개입),간식류,빵류,BAKERY,모닝빵,ORGA,모닝빵,0
[수미과] 조각 수박 400g,과일/견과류,과일,RAW_FRUIT,수박,수미과,수박,0
"앵커 슬라이스 온 슬라이스 체다치즈 80매입, 960g, 1개입, 1개 12,250원 (10g당 128원) 내일(일) 새벽 도착 보장 4.5 (16610) 최대 613원 적립",유제품,치즈,DAIRY,체다 치즈,앵커,체다 치즈,0
[바른생선] 절단 낙지 400g (냉동),수산물,오징어/문어,RAW_SEAFOOD,낙지,바른생선,낙지,0
무항생제 1등급 한돈 다짐육 2종,육류/계란,돼지고기,RAW_MEAT,돼지 다짐육,,돼지고기 묶음,0
"비비고 고단백 순살 고등어구이, 60g, 1개 25%5,980원 4,480원 (100g당 7,467원) 내일(일) 새벽 도착 보장 5 (38506) 최대 224원 적립",간편식,레트로트,RTC_MEAL,레트로트,비비고,레트로트,0
[선물세트] 예천에서 온 은풍준시 곶감 30입,간식류,디저트/케이크,BAKERY,곶감,,곶감,0
"유기농 씻어나온 현미, 4kg, 1통 21,900원 (100g당 548원) 내일(일) 새벽 도착 보장 5 (18829) 최대 1,095원 적립",채소/곡물류,쌀/잡곡,GRAIN,현미,,현미,0
[와인앤모어픽업]까테나 자파타 안젤리카 자파타 메를로 ((와인)),술,와인,ALCOHOL,레드 와인,,레드 와인,0
[우리농] 유기농 우리밀 밀가루 600g,조미료,가루분말,SAUCE_SEASONING,밀가루,우리농,밀가루,0
"짜파게티 만능소스, 280g, 1개 22%4,728원 3,680원 (100g당 1,314원) 내일(일) 도착 보장 5 (9502) 최대 184원 적립",조미료,양념/소스,SAUCE_SEASONING,짜파게티 소스,농심,기타 소스,0
[수미과] 화채용 조각 수박 600g,과일/견과류,과일,RAW_FRUIT,수박,수미과,수박,0
[선물세트] 남도우애 무항생제 1++ 한우 프리미엄 구이세트 1호 (예약일 수령),육류/계란,소고기,RAW_MEAT,모둠 소고기,남도우애,소고기 묶음,0
"한끼통살 닭가슴살 볼 5종 x 2개 믹스세트 (냉동), 100g, 1개입, 20개 30,840원 (100g당 1,542원) 내일(일) 새벽 도착 보장 5 (4550) 최대 1,542원 적립",육류/계란,가공육(햄/소시지),PROCESSED_MEAT,닭가슴살 볼,한끼통살,기타 가공육(햄/소시지),0
"코다노옛날돈까스 소스, 2kg, 1개 쿠폰할인8%9,070원 8,300원 (100g당 415원) 내일(일) 새벽 도착 보장 5 (4480) 최대 415원 적립",조미료,양념/소스,SAUCE_SEASONING,돈까스 소스,코다노옛날돈까스,돈까스 소스,0
[순수식품] 배도라지청 스틱 1박스(30포) (단일옵션),미등록 카테고리,기타,UNKNOWN,기타,순수식품,기타,0
"갯마을 남해안 가열조리용 봉지굴 (냉장), 280g, 1개 15%7,900원 6,680원 (100g당 2,386원) 내일(일) 새벽 도착 보장 4.5 (14465) 최대 291원 적립",수산물,조개/전복,RAW_SEAFOOD,굴,갯마을,굴,0
[KF365] 냉장 손질 오징어 2종 (택1),수산물,오징어/문어,RAW_SEAFOOD,오징어,KF365,오징어,0
[브로드카세] 부드러운 비엔나 쿠키 5종 (택1),간식류,과자/스낵,SNACK,쿠키,브로드카세,쿠키,0
[폴스] 호주산 우유 (250mL X 24개),유제품,우유/두유,DAIRY,우유,폴스,우유,0
[범산목장] 유기농 우유(200mL X 4개),유제품,우유/두유,DAIRY,우유,범산목장,우유,0
[안국건강] 안심 칼슘마그네슘디 90정 (30일분),미등록 카테고리,기타,UNKNOWN,기타,안국건강,기타,0
[미트엔조이] 호주산 목초 안심 스테이크 200g (냉장),육류/계란,소고기,RAW_MEAT,소 안심,미트엔조이,소 안심,0
[석관동 떡볶이] 석관동 모듬튀김,간편식,냉동식품,FROZEN_MEAL,냉동 튀김,석관동 떡볶이,냉동 튀김,0
"크라운 참쌀설병, 270g, 2개 39%10,800원 6,560원 (10g당 121원) 내일(일) 도착 보장 5 (51862) 최대 328원 적립",간식류,과자/스낵,SNACK,쌀과자,크라운,강정/한과,0
"마당발 애호박 (냉동), 1kg, 1개 5,130원 (100g당 513원) 내일(일) 새벽 도착 보장 4.5 (1980) 최대 256원 적립",채소/곡물류,채소,RAW_PRODUCE,애호박,마당발,애호박,0
"삼립 더블치즈 후레쉬팡, 98g, 1개입, 1개 1,400원 (10g당 143원) 내일(일) 새벽 도착 보장 5 (8730) 최대 70원 적립",간식류,빵류,BAKERY,치즈빵,삼립,기타 빵류,0
"티오피 마스터 라떼 커피음료, 380ml, 24개 28,850원 (100ml당 316원) 내일(일) 도착 보장 5 (46002) 최대 1,443원 적립",음료,커피/차,BEVERAGE,캔커피,티오피,캔커피,0
[스미후루] 감숙왕 바나나 2종,과일/견과류,과일,RAW_FRUIT,바나나,스미후루,과일 묶음,0
[KF365] 기장 미역 80g,수산물,미역/다시마,DRIED_SEAFOOD,미역,KF365,미역,0
"몬타스코 히말라야 굵은 핑크소금, 500g, 1개 6,070원 (100g당 1,214원) 내일(일) 도착 보장 5 (4710) 최대 304원 적립",조미료,조미료,SAUCE_SEASONING,핑크소금,몬타스코,소금,0
[카사노바] 모데나산 화이트 발사믹 콘디멘토 250mL (6트라바시),조미료,양념/소스,SAUCE_SEASONING,화이트 발사믹 식초,카사노바,발사믹 식초,0
[제로베이커리] 브라우니 (55g X 2개입),간식류,디저트/케이크,BAKERY,브라우니,제로베이커리,케이크,0
[풀무원] 부산어묵 2종,수산물,어육가공식품,SIMPLE_PROCESSED,어묵,풀무원,어묵,0
[비비고] 잡채,간편식,반찬류,SIMPLE_PROCESSED,잡채,비비고,기타 반찬류,0
"대림선 부산어묵 얇은사각 6장, 240g, 1개 1,590원 (100g당 663원) 내일(일) 새벽 도착 보장 5 (12428) 최대 80원 적립",수산물,어육가공식품,SIMPLE_PROCESSED,어묵,대림선,어묵,0
"하림 포켓몬 피카츄 돈까스 (냉동), 1개, 500g 18%10,480원 8,590원 (100g당 1,718원) 내일(일) 새벽 도착 보장 5 (11856) 최대 430원 적립",간편식,냉동식품,FROZEN_MEAL,피카츄 돈까스,하림,냉동 돈까스,0
[풀무원] 국산콩 생청국장 190g,조미료,양념/소스,SAUCE_SEASONING,청국장,풀무원,청국장,0
"오뚜기 오쉐프 진한라면 스프, 285g, 1개 3,650원 (100g당 1,281원) 내일(일) 도착 보장 4.5 (32546) 최대 183원 적립",조미료,조미료,SAUCE_SEASONING,라면스프,오뚜기,기타 조미료,0
"동화양봉 사양 벌꿀, 500g, 1개 37%9,900원 6,200원 (100g당 1,240원) 내일(일) 도착 보장 5 (800) 최대 310원 적립",조미료,양념/소스,SAUCE_SEASONING,꿀,동화양봉,꿀,0
"상하목장 우유 저지방, 750ml, 2개 10,560원 (100ml당 704원) 내일(일) 새벽 도착 보장 5 (16967) 최대 528원 적립",유제품,우유/두유,DAIRY,저지방 우유,상하목장,저지방 우유,0
[롯데] 가나 프리미엄 트리플 베리 쉘 초콜릿 68g,간식류,초콜릿/사탕,SNACK,초콜릿,롯데,초콜릿,0
"웰그레인 적두 팥, 2kg, 1개 5%12,600원 11,900원 (100g당 595원) 내일(일) 도착 보장 4.5 (998) 최대 595원 적립",채소/곡물류,쌀/잡곡,GRAIN,팥,웰그레인,팥,0
"호법농협 2025년 햅쌀 임금님표이천쌀 상등급, 10kg, 1개, 상 43,900원 (100g당 439원) 내일(일) 도착 보장 4.5 (64042) 최대 2,195원 적립",채소/곡물류,쌀/잡곡,GRAIN,쌀,농협,쌀,0
"햇님마을 국산 깨가 쏟아지는 우리집 볶음참깨, 200g, 1개 12%16,000원 13,990원 (100g당 6,995원) 내일(일) 도착 보장 5 (18898) 최대 700원 적립",채소/곡물류,쌀/잡곡,GRAIN,참깨,햇님마을,기타 잡곡,0
[노티드] 크림 도넛 3개 세트 7종 (택1),간식류,디저트/케이크,BAKERY,도넛,노티드,도넛,0
[치즈문] 크림치즈 200g 3종 (택1),유제품,치즈,DAIRY,크림치즈,치즈문,크림치즈,0
[모두의맛집] 정지선 셰프 마라 마파두부 덮밥,간편식,밀키트,RTC_MEAL,밀키트,모두의맛집,밀키트,0
[스미후루] 감숙왕 파인애플 1.1kg (1통),과일/견과류,과일,RAW_FRUIT,파인애플,스미후루,파인애플,0
"바른식 간편한 청국장 찌개 2인분, 770g, 1개 9,900원 (100g당 1,286원) 내일(일) 새벽 도착 보장 5 (2293) 최대 495원 적립",간편식,레트로트,RTC_MEAL,레트로트,바른식,레트로트,0
"비비수산 제주 손질 은갈치 3마리 (냉동), 520g(중), 1팩 할인8%11,930원 10,930원 (100g당 2,102원) 내일(일) 새벽 도착 보장 4.5 (7616) 최대 546원 적립",수산물,생선,RAW_SEAFOOD,갈치,비비수산,갈치,0
[스미후루] 감숙왕 허니팟 파인애플 1.2kg (1통),과일/견과류,과일,RAW_FRUIT,파인애플,스미후루,파인애플,0
[선물세트] 워커힐 명월관 갈비탕 세트 (4개입),간편식,레트로트,RTC_MEAL,레트로트,명월관,레트로트,0
"상하농원 무항생제 1+등급 대란, 15구, 1개 8,320원 (1구당 555원) 내일(일) 새벽 도착 보장 5 (22977) 최대 416원 적립",육류/계란,계란,RAW_MEAT,계란,상하농원,계란,0
[디 바르베로] 핑크 틴케이스 믹스 초콜릿 105g,간식류,초콜릿/사탕,SNACK,초콜릿,디 바르베로,초콜릿,0
[자연다움] 간편하고 든든하게 고구마스틱 10개입 박스,간식류,과자/스낵,SNACK,고구마 스틱,자연다움,고구마칩,0
[오뚜기] 1/2 하프 마요네즈 2종 (택1),조미료,양념/소스,SAUCE_SEASONING,마요네즈,오뚜기,마요네즈,0
"사조참치 안심따개 살코기, 85g, 20개 49%44,950원 22,910원 (10g당 135원) 내일(일) 도착 보장 5 (194170) 최대 1,145원 적립",상온식품,참치/스팸캔,CANNED,참치캔,사조참치,참치캔,0
[창화당] 모둠만두,간편식,냉동식품,FROZEN_MEAL,냉동 만두,창화당,냉동 만두,0
"몽베스트 위드어스 무라벨 생수, 330ml, 40개 10,000원 (100ml당 76원) 내일(일) 도착 보장 5 (167581) 최대 500원 적립",음료,생수,BEVERAGE,생수,몽베스트,생수,0
[베지밀] 담백한 A 두유 (190mL X 24개),유제품,우유/두유,DAIRY,두유,베지밀,두유,0
[남양] 불가리스 위쎈 요구르트 (150mL X 8개),유제품,요거트,DAIRY,요구르트,남양,요구르트,0
[스미후루] 감숙왕 허니팟 파인애플 2.2kg 내외,과일/견과류,과일,RAW_FRUIT,파인애플,스미후루,파인애플,0
[백설] 프락토 올리고당 700g,조미료,양념/소스,SAUCE_SEASONING,올리고당,백설,올리고당,0
[스미후루] 순 유기농 바나나 2종,과일/견과류,과일,RAW_FRUIT,바나나,스미후루,과일 묶음,0
"오뚜기 옛날 구수한 누룽지 컵형, 60g, 6개 9,840원 (100g당 2,733원) 내일(일) 도착 보장 5 (23095) 최대 492원 적립",간식류,과자/스낵,SNACK,누룽지,오뚜기,누룽지,0
[스미후루] 풍미왕 바나나 1.2kg내외,과일/견과류,과일,RAW_FRUIT,바나나,스미후루,바나나,0
[굴리엘미] 모노컬티바 코라티나 엑스트라버진 올리브오일 500mL,조미료,식용유/기름,SAUCE_SEASONING,올리브오일,굴리엘미,올리브오일,0
"국산 기름제로 현미칩, 60g, 5개 8,840원 (10g당 295원) 내일(일) 도착 보장 4.5 (24305) 최대 442원 적립",간식류,과자/스낵,SNACK,곡물 과자,,기타 과자/스낵,0
[CU 픽업] 아사히생맥주캔 24입,술,맥주,ALCOHOL,맥주,아사히,맥주,0
[동원] 그릴리 블랙퍼스트 소시지 240g*2입,육류/계란,가공육(햄/소시지),PROCESSED_MEAT,소시지,동원,소세지,0
[상하목장] 아이스크림 미니컵 3종 (택1),간식류,디저트/케이크,BAKERY,아이스크림,상하목장,아이스크림,0
[Kurly's] 데일리 그래놀라 3종 (택1),상온식품,시리얼,GRAIN,그래놀라,Kurly's,그래놀라,0
"반찬단지 알마늘 절임, 1kg, 1개 5,850원 (10g당 59원) 내일(일) 새벽 도착 보장 4.5 (13722) 최대 293원 적립",간편식,반찬류,SIMPLE_PROCESSED,마늘 절임,반찬단지,장아찌,0
"사조참치 살코기 안심따개, 150g, 12개 18,990원 (10g당 106원) 내일(일) 도착 보장 5 (194170) 최대 950원 적립",상온식품,참치/스팸캔,CANNED,참치캔,사조참치,참치캔,0
[브레드타임] 콘치즈빵 85g,간식류,빵류,BAKERY,치즈빵,브레드타임,기타 빵류,0
"오뚜기 멸치장국, 360ml, 2개 5,750원 (10ml당 80원) 내일(일) 도착 보장 5 (1239) 최대 288원 적립",간편식,레트로트,RTC_MEAL,레트로트,오뚜기,레트로트,0
무항생제 1등급 한돈 수육용 600g 4종 (냉장),육류/계란,돼지고기,RAW_MEAT,수육용 돼지고기,,돼지고기 묶음,0
[선물세트] 박준우의 오쁘띠베르 초코타르트 세트 (2개입),간식류,디저트/케이크,BAKERY,타르트,박준우의 오쁘띠베르,타르트,0
[차려낸] 오모가리 한돈김치찌개,간편식,레트로트,RTC_MEAL,레트로트,차려낸,레트로트,0
[돌아와요부산어묵] 모듬 어묵,수산물,어육가공식품,SIMPLE_PROCESSED,어묵,돌아와요부산어묵,어묵,0
[KF365] 브로콜리 1입 (250g),채소/곡물류,채소,RAW_PRODUCE,브로콜리,KF365,브로콜리,0
"곰곰 아삭한 콩나물, 500g, 2봉 2,130원 (100g당 213원) 내일(일) 새벽 도착 보장 5 (563801) 최대 106원 적립",채소/곡물류,채소,RAW_PRODUCE,콩나물,곰곰,콩나물,0
"곰곰 실속 밀 떡볶이떡, 1kg, 1개 3,880원 (100g당 388원) 내일(일) 새벽 도착 보장 5 (4643) 최대 194원 적립",간식류,떡,SNACK,밀떡,곰곰,떡,0
[ardo] 냉동 컷그린빈 400g,채소/곡물류,채소,RAW_PRODUCE,그린빈,ardo,그린빈,0
[Project H] 제로 레몬 파운드 케이크 285g,간식류,디저트/케이크,BAKERY,파운드 케이크,Project H,케이크,0
[진가네반찬] 계란장조림,간편식,반찬류,SIMPLE_PROCESSED,계란장조림,진가네반찬,장조림,0
[바름팜] 친환경 조각 브로콜리 150g,채소/곡물류,채소,RAW_PRODUCE,브로콜리,바름팜,브로콜리,0
"농협 2025년 햅쌀 임금님표 이천쌀, 특등급, 4kg, 1개 22,780원 (100g당 570원) 내일(일) 새벽 도착 보장 5 (712) 최대 1,139원 적립",채소/곡물류,쌀/잡곡,GRAIN,쌀,농협,쌀,0
[피코크] 순희네 빈대떡,간식류,떡,SNACK,떡,피코크,떡,0
"한음미가 2025년산 햅쌀 우리쌀 백미, 상등급, 1kg, 1개 4,580원 (100g당 458원) 내일(일) 새벽 도착 보장 5 (200) 최대 229원 적립",채소/곡물류,쌀/잡곡,GRAIN,쌀,한음미가,쌀,0
[델리치오] 호주산 목초육 안심 구이용 250g,육류/계란,소고기,RAW_MEAT,소 안심,델리치오,소 안심,0
"다농원 유자차, 2kg, 1개입, 1개 11,900원 (10g당 60원) 내일(일) 도착 보장 4.5 (14508) 최대 595원 적립",음료,커피/차,BEVERAGE,유자차,다농원,유자차,0
[임실치즈마을] 프로바이오요거트 3종 (120mL X 3개) (택1),유제품,요거트,DAIRY,요거트,임실치즈마을,요거트,0
[브리에뜨] 독일 브리 치즈 4종 (택1),유제품,치즈,DAIRY,치즈,브리에뜨,기타 치즈,0
[CU 픽업] 코마사 호지차,술,기타 주류,ALCOHOL,진,,진,0
"하림 닭가슴살 (냉장), 1개, 1kg 8,800원 (100g당 880원) 내일(일) 새벽 도착 보장 5 (1049) 최대 440원 적립",육류/계란,닭고기,RAW_MEAT,닭가슴살,하림,닭가슴살,0
[프레지덩] 포션 버터 가염 (10g X 20입),유제품,버터/생크림,DAIRY,가염버터,프레지덩,가염버터,0
"몽고식품 가마솥에 누룽지, 1kg, 1개 26%7,500원 5,550원 (100g당 555원) 내일(일) 도착 보장 4.5 (2564) 최대 278원 적립",간식류,과자/스낵,SNACK,누룽지,몽고식품,누룽지,0
[농심] 오징어집 260g (지퍼백),간식류,과자/스낵,SNACK,오징어집,농심,스낵,0
"복음자리 생강 앤 레몬차, 500g, 1개입, 1개 16%7,280원 6,050원 (10g당 121원) 내일(일) 도착 보장 4.5 (3004) 최대 303원 적립",음료,커피/차,BEVERAGE,레몬차,복음자리,기타 음료(차),0
"목우촌 국내산 소고기 불고기용 (냉장), 300g, 2개 35%39,980원 25,700원 (100g당 4,283원) 내일(일) 새벽 도착 보장 4.5 (8804) 최대 1,285원 적립",육류/계란,소고기,RAW_MEAT,불고기용 소고기,목우촌,불고기,0
[선물세트] 법성포참맛 프리미엄 굴비 오가세트 1.6kg,수산물,멸치/건어물,DRIED_SEAFOOD,굴비,법성포참맛,굴비,0
[담터] 아이스티 복숭아 (14g X 80개),음료,커피/차,BEVERAGE,복숭아 아이스티,담터,기타 음료(차),0
"퀵쿠킹 유기가공식품 인증 완두콩 (냉동), 1개, 600g 7,650원 (100g당 1,275원) 내일(일) 새벽 도착 보장 5 (30) 최대 383원 적립",채소/곡물류,콩/두부,SIMPLE_PROCESSED,완두콩,퀵쿠킹,콩,0
"비비카 구카 누가 필링 크래커, 400g, 1개 4,980원 (10g당 125원) 내일(일) 도착 보장 5 (6863) 최대 249원 적립",간식류,과자/스낵,SNACK,크래커,비비카,크래커,0
[진가네반찬] 우엉채조림,간편식,반찬류,SIMPLE_PROCESSED,우엉채조림,진가네반찬,기타 반찬류,0
[농협] 우리쌀 통가래떡 400g,간식류,떡,SNACK,가래떡,농협,가래떡,0
[그레인온] 골드카무트효소 선물세트 90포,미등록 카테고리,기타,UNKNOWN,기타,그레인온,기타,0
바로 데워먹는 고구마 야채찜 1kg,간편식,밀키트,RTC_MEAL,밀키트,,밀키트,0
"다하다 국산 여주차, 1g, 100개입, 1개 9,900원 (10g당 990원) 내일(일) 도착 보장 5 (374) 최대 495원 적립",음료,커피/차,BEVERAGE,여주차,다하다,기타 음료(차),0
[퀵쿠킹] 유기농 그린빈 600g (냉동),채소/곡물류,채소,RAW_PRODUCE,그린빈,퀵쿠킹,그린빈,0
[프로즌소르베] 미니 과일 아이스크림 75g 5종,간식류,디저트/케이크,BAKERY,아이스크림,프로즌소르베,아이스크림,0
[맥파이앤타이거] 티백 3종 (택1),음료,커피/차,BEVERAGE,티백,맥파이앤타이거,티백,0
"뉴트리오코 초콜릿맛 웨이퍼, 12g, 30개 29%7,800원 5,500원 (10g당 153원) 내일(일) 도착 보장 5 (9849) 최대 275원 적립",간식류,과자/스낵,SNACK,웨이퍼,뉴트리오코,웨하스,0
[덴마크] 떠먹는 요거트 플레인 450g,유제품,요거트,DAIRY,요거트,덴마크,요거트,0
[샐러드판다] 쉬라즈 샐러드 3종,간편식,샐러드팩,RTC_MEAL,쉬라즈 샐러드,샐러드판다,샐러드,0
[선물세트] 법성포참맛 프리미엄 굴비 오가세트 1.2kg (예약일 수령),수산물,멸치/건어물,DRIED_SEAFOOD,굴비,,굴비,0
[델리치오] 호주산 유기농 소고기 육전/샤브용 200g,육류/계란,소고기,RAW_MEAT,육전용 소고기,델리치오,기타 소고기,0
[선물세트] 인기 명란 선물세트 7종 (택1),수산물,어란,RAW_SEAFOOD,명란,,명란,0
[썬뷰] 점보 건포도 믹스 142g,과일/견과류,견과류,RAW_FRUIT,건포도,썬뷰,건포도,0
"곰곰 김말이 (냉동), 400g, 1개 3,860원 (100g당 965원) 내일(일) 새벽 도착 보장 4.5 (46693) 최대 193원 적립",간편식,냉동식품,FROZEN_MEAL,냉동 튀김,곰곰,냉동 튀김,0
"곰곰 1+등급 무항생제 특란, 20구, 1개 7,380원 (1구당 369원) 내일(일) 새벽 도착 보장 5 (64938) 최대 369원 적립",육류/계란,계란,RAW_MEAT,계란,곰곰,계란,0
[풀무원] 로스팅 꽃게탕면 4입,간편식,라면,INSTANT,로스팅 꽃게탕면,풀무원,국물라면,0
친환경 깻잎 100g,채소/곡물류,채소,RAW_PRODUCE,깻잎,친환경,깻잎,0
"해표 카놀라유, 900ml, 2개 57%19,800원 8,500원 (100ml당 472원) 내일(일) 새벽 도착 보장 5 (9418) 최대 425원 적립",조미료,식용유/기름,SAUCE_SEASONING,카놀라유,해표,카놀라유,0
"[위니비니] 젤리백 2종 (핑크퐁, 아기상어)",간식류,초콜릿/사탕,SNACK,젤리,위니비니,젤리,0
[루솔] 굿케어키즈 비타튼튼젤리 20포,미등록 카테고리,기타,UNKNOWN,기타,루솔,기타,0
"TBK 만능장아찌간장소스, 1.5L, 1개 12%8,590원 7,480원 (100ml당 499원) 내일(일) 도착 보장 5 (31969) 최대 355원 적립",조미료,양념/소스,SAUCE_SEASONING,장아찌간장,TBK,간장,0
"강릉초당두부 초당두부, 340g, 2개 5,900원 (100g당 868원) 내일(일) 새벽 도착 보장 5 (49) 최대 295원 적립",채소/곡물류,콩/두부,SIMPLE_PROCESSED,두부,강릉초당두부,두부,0
[이목] 국내산 소고기 대패 등심 구이 300g (냉동),육류/계란,소고기,RAW_MEAT,소 등심,이목,소 등심,0
"바른곡물 압맥 부드럽게 눌린 국산 보리쌀, 800g, 1개 19%7,400원 5,990원 (100g당 749원) 내일(일) 도착 보장 5 (1983) 최대 300원 적립",채소/곡물류,쌀/잡곡,GRAIN,보리쌀,바른곡물,보리쌀,0
[아그리폼] 파르미지아노 레지아노 스프레더블 치즈 140g,유제품,치즈,DAIRY,파르미지아노 레지아노,아그리폼,파마산 치즈,0
[보물섬] 라면용 꼬마전복 200g (냉동),수산물,조개/전복,RAW_SEAFOOD,전복,보물섬,전복,0
[아코로얄] 로얄젤리 구미 60개입,간식류,초콜릿/사탕,SNACK,젤리,아코로얄,젤리,0
율무 500g,채소/곡물류,쌀/잡곡,GRAIN,율무,율무,율무,0
[조지아] 커피 4종 (470mL X 6입) (택1),음료,커피/차,BEVERAGE,커피,조지아,커피,0
[CU 픽업] 1800 아네호,술,기타 주류,ALCOHOL,데낄라,,데킬라,0
[르갈] 브르타뉴 버터 250g 2종 (택1),유제품,버터/생크림,DAIRY,버터,르갈,버터,0
[친정갈비] LA 꽃갈비 800g (냉동),육류/계란,소고기,RAW_MEAT,LA 갈비,친정갈비,LA 갈비,0
[KF365] IQF 닭가슴살 (냉동) 2kg,육류/계란,닭고기,RAW_MEAT,닭가슴살,KF365,닭가슴살,0
"복음자리 바로 짜먹는 딸기잼, 100g, 3개 96%178,560원 6,640원 (100g당 2,213원) 내일(일) 도착 보장 5 (2678) 최대 332원 적립",상온식품,잼/스프레드,SAUCE_SEASONING,딸기잼,복음자리,딸기잼,0
[순수식품] 상쾌쾌변 차전자피 식이섬유 1박스(30포) (단일옵션),미등록 카테고리,기타,UNKNOWN,기타,순수식품,기타,0
[썬키스트] 만다린 1kg [품종 : 탱고],과일/견과류,과일,RAW_FRUIT,만다린,썬키스트,귤,0
"곰곰 무항생제 신선한 대란, 60구, 1개 15,990원 (1구당 267원) 내일(일) 새벽 도착 보장 5 (451683) 최대 800원 적립",육류/계란,계란,RAW_MEAT,계란,곰곰,계란,0
[씨투게더] 금일도 자른 다시마 200g,수산물,미역/다시마,DRIED_SEAFOOD,다시마,씨투게더,다시마,0
[아몬드브리즈] 아몬드 음료 4종 (190mL X 6개),유제품,우유/두유,DAIRY,아몬드유,아몬드브리즈,식물성 음료,0
[하겐다즈] 파인트 유러피안 디저트 아이스크림 403mL 4종 (택1),간식류,디저트/케이크,BAKERY,아이스크림,하겐다즈,아이스크림,0
[백설] 흑설탕 1kg,조미료,조미료,SAUCE_SEASONING,흑설탕,백설,흑설탕,0
[KF365] 대추방울토마토 750g,채소/곡물류,채소,RAW_PRODUCE,방울토마토,KF365,방울토마토,0
[아이농] 무농약 제주 레몬 450g,과일/견과류,과일,RAW_FRUIT,레몬,아이농,레몬,0
[이담] 산양우유 프로틴플러스 750ml,유제품,우유/두유,DAIRY,우유,이담,우유,0
[CU 픽업] 조니워커블랙1L,술,기타 주류,ALCOHOL,위스키,조니워커,위스키,0
[나폴레옹] 모닝롤 2종 (택1),간식류,빵류,BAKERY,모닝빵,나폴레옹,모닝빵,0
[아이농] 유기농 바나나 500g,과일/견과류,과일,RAW_FRUIT,바나나,아이농,바나나,0
[담터] 자판기우유맛 한잔 (22g X 10개),유제품,우유/두유,DAIRY,자판기 우유,담터,우유,0
[아이농] 유기농 신고배 1.4kg (2~3입),과일/견과류,과일,RAW_FRUIT,배,아이농,배,0
"믈레코비타 1.5% 저지방 멸균우유, 1L, 12개 19,500원 (100ml당 163원) 내일(일) 도착 보장 5 (314) 최대 975원 적립",유제품,우유/두유,DAIRY,우유,믈레코비타,우유,0
[해피카우] 오스트리아 포션 치즈 3종 (140g X 8입),유제품,치즈,DAIRY,치즈,해피카우,기타 치즈,0
"투데이넛 너트한줌 치즈퀴노아 믹스넛, 20g, 30개 10%22,200원 19,900원 (100g당 3,317원) 내일(일) 도착 보장 4.5 (8674) 최대 945원 적립",과일/견과류,견과류,RAW_FRUIT,견과류,투데이넛,견과류,0
"곰곰 신선한 1A 우유, 2.3L, 1개 4,780원 (100ml당 208원) 내일(일) 새벽 도착 보장 5 (352620) 최대 239원 적립",유제품,우유/두유,DAIRY,우유,곰곰,우유,0
[고래사] 인기 국탕용 & 간식용 어묵 세트 (냉장) (예약일 수령),수산물,어육가공식품,SIMPLE_PROCESSED,어묵,고래사,어묵,0
[기뜬정] 수제 오란다 제주 세트 (20g X 12개),간식류,과자/스낵,SNACK,오란다,기뜬정,강정/한과,0
유기농 이탈리안 파슬리 15g,조미료,향신료/허브,SAUCE_SEASONING,파슬리,유기농,파슬리,0
[영준목장] 스트링 치즈,유제품,치즈,DAIRY,스트링 치즈,영준목장,스트링 치즈,0
[청정원] 홍초 블루베리 900ml,음료,커피/차,BEVERAGE,블루베리 홍초,청정원,기타 음료(차),0
[쿠엔즈버킷] 국산 참기름 100mL (저온압착),조미료,식용유/기름,SAUCE_SEASONING,참기름,쿠엔즈버킷,참기름,0
"해표 더 고소한자반 김돌자반, 300g, 2개 32%19,960원 13,460원 (10g당 224원) 내일(일) 도착 보장 5 (56) 최대 673원 적립",상온식품,김/자반,DRIED_SEAFOOD,김자반,해표,김자반,0
[루앙] 대만 샌드위치(2개입) 3종,간식류,빵류,BAKERY,샌드위치,루앙,샌드위치,0
[파스퇴르] 저온살균 흰우유 2300mL,유제품,우유/두유,DAIRY,우유,파스퇴르,우유,0
[오마뎅] 모듬튀김 340g,간편식,냉동식품,FROZEN_MEAL,냉동 튀김,오마뎅,냉동 튀김,0
"남양유업 스테비아 요구르트, 65ml, 16개입, 1개 2,980원 (10ml당 29원) 내일(일) 새벽 도착 보장 5 (5660) 최대 149원 적립",유제품,요거트,DAIRY,요구르트,남양,요구르트,0
[진실된손맛] 한우사골 양지곰탕,간편식,레트로트,RTC_MEAL,레트로트,진실된손맛,레트로트,0
[가농바이오] 브레드이발소 구운란 20구,육류/계란,계란,RAW_MEAT,구운란,가농바이오,구운란,0
[올가] 유기농 발아 블랙보리차 500g,음료,커피/차,BEVERAGE,보리차,올가,보리차,0
"우영식품 아따꼬씨네 들깨가루, 1kg, 1개 8,900원 (100g당 890원) 내일(일) 도착 보장 5 (792) 최대 445원 적립",조미료,가루분말,SAUCE_SEASONING,들깨가루,우영식품,들깨가루,0
[콜린스 다이닝] 전복솥밥 키트,간편식,밀키트,RTC_MEAL,밀키트,콜린스 다이닝,밀키트,0
대만 누가크래커 대용량 32개입 448g,간식류,과자/스낵,SNACK,크래커,,크래커,0
"도드람한돈 1등급 안심 장조림용 (냉장), 500g, 1개 9,240원 (100g당 1,848원) 내일(일) 새벽 도착 보장 5 (2016) 최대 462원 적립",육류/계란,돼지고기,RAW_MEAT,돼지 안심,도드람한돈,돼지 안심,0
"농심 짜파게티 큰사발면, 16개 15,120원 (1개당 945원) 내일(일) 도착 보장 5 (32206) 최대 756원 적립",간편식,라면,INSTANT,짜파게티,농심,짜장라면,0
[성진] 국내산 100% 찹쌀가루,조미료,가루분말,SAUCE_SEASONING,찹쌀가루,성진,찹쌀가루,0
[네이쳐패스] 러브크런치 다크초콜릿 앤  코코넛 325g,간식류,초콜릿/사탕,SNACK,초콜릿,네이쳐패스,초콜릿,0
[종가] 전라도포기김치 900g,간편식,반찬류,SIMPLE_PROCESSED,배추김치,종가,배추김치,0
[엘카페] 드립 인스턴트 커피 솔루블 30g 3종 (택1),음료,커피/차,BEVERAGE,커피가루,엘카페,커피,0
[바름팜] 유기농 깐마늘 200g,채소/곡물류,채소,RAW_PRODUCE,마늘,바름팜,마늘,0
[선물세트] 사미헌 갈비찜 세트(전통&매운)(3개입),간편식,레트로트,RTC_MEAL,레트로트,사미헌,레트로트,0
[발로나] 초콜릿 바 3종 (택1),간식류,과자/스낵,SNACK,초코바,발로나,스낵바,0
[슈퍼키친] 베이컨까르보나라,간편식,레트로트,RTC_MEAL,레트로트,슈퍼키친,레트로트,0
[Kurly's] 1++ 한우 국거리 250g (냉장),육류/계란,소고기,RAW_MEAT,국거리용 소고기,Kurly's,기타 소고기,0
"당도선별 못난이 사과, 3kg(중과), 1개 21,290원 (100g당 710원) 내일(일) 새벽 도착 보장 4 (18633) 최대 1,065원 적립",과일/견과류,과일,RAW_FRUIT,사과,,사과,0
"백설 프락토 올리고당, 1.2kg, 1개 39%6,480원 3,930원 (100g당 328원) 내일(일) 새벽 도착 보장 5 (2159) 최대 196원 적립",조미료,양념/소스,SAUCE_SEASONING,올리고당,백설,올리고당,0
[KF365] 가지 2입,채소/곡물류,채소,RAW_PRODUCE,가지,KF365,가지,0
[종가] 깍두기 500g,간편식,반찬류,SIMPLE_PROCESSED,깍두기,종가,깍두기,0
"타야스 오리엔트 트러플 초콜릿, 1kg, 1개 26%10,000원 7,400원 (10g당 74원) 2/10(화) 도착 예정 4.5 (10603) 최대 370원 적립",간식류,초콜릿/사탕,SNACK,초콜릿,타야스,초콜릿,0
[KF365] 노르웨이 생연어 스테이크 200g (냉장),간편식,밀키트,RTC_MEAL,밀키트,KF365,밀키트,0
"곰곰 맥반석 구운란, 15구, 1개 7,370원 (1구당 491원) 내일(일) 새벽 도착 보장 4.5 (143690) 최대 369원 적립",육류/계란,계란,RAW_MEAT,구운란,곰곰,구운란,0
[아이농] 친환경 국산 그린키위 800g,과일/견과류,과일,RAW_FRUIT,키위,아이농,키위,0
[선물세트] 조선호텔 LA갈비 세트3kg (예약일 수령),육류/계란,소고기,RAW_MEAT,LA 갈비,조선호텔,소고기 묶음,0
[Kurly's] 동물복지 구운란 20구,육류/계란,계란,RAW_MEAT,구운란,Kurly's,구운란,0
[청정원] 츄앤리얼 군밤츄 80g,간식류,과자/스낵,SNACK,맛밤,청정원,기타 과자/스낵,0
[CU 픽업] 하쿠시카 토쿠베츠 혼죠조,술,기타 주류,ALCOHOL,사케,,사케,0
[지리산처럼] 행복한 정은씨의 거피한 생들깨가루 150g,조미료,가루분말,SAUCE_SEASONING,들깨가루,지리산처럼,들깨가루,0
"푸디 흑후추 그라인더, 50g, 1개 5,000원 (10g당 1,000원) 내일(일) 새벽 도착 보장 5 (163) 최대 250원 적립",조미료,향신료/허브,SAUCE_SEASONING,후추,푸디,후추,0
[안단잼] 저당 망고 스프레드 200g,상온식품,잼/스프레드,SAUCE_SEASONING,망고 스프레드,안단잼,기타 잼/스프레드,0
[알랭밀리아] 오렌지잼 300g,상온식품,잼/스프레드,SAUCE_SEASONING,오렌지잼,알랭밀리아,기타 잼/스프레드,0
"곰곰 호주산 양지 샤브용 (냉동), 500g, 1개 24%14,990원 11,390원 (100g당 2,278원) 내일(일) 새벽 도착 보장 4.5 (4073) 최대 570원 적립",육류/계란,소고기,RAW_MEAT,양지,곰곰,양지,0
"그릭데이 플레인 요거트 오리지널, 1.8L, 2개 15,960원 내일(일) 새벽 도착 보장 5 (20157) 최대 798원 적립",유제품,요거트,DAIRY,요거트,그릭데이,요거트,0
"모아미트 보리먹인 삼겹 항정살 반반팩 (냉장), 1kg, 1개 18%29,200원 23,900원 (100g당 2,390원) 내일(일) 새벽 도착 보장 5 (8756) 최대 1,195원 적립",육류/계란,돼지고기,RAW_MEAT,모둠 돼지고기,모아미트,돼지고기 묶음,0
"이디야 스페셜 골드블렌드 리치크레마 커피믹스, 11g, 170개입, 1개 24,350원 (10g당 130원) 내일(일) 새벽 도착 보장 5 (4232) 최대 1,218원 적립",음료,커피/차,BEVERAGE,커피믹스,이디야,커피믹스,0
[이디야] 라떼 30개입 3종 (택1),음료,커피/차,BEVERAGE,커피믹스,이디야,커피믹스,0
[CU 픽업] 텐손 코우린,술,기타 주류,ALCOHOL,고구마 소주,,기타 주류,0
"이어수산 볶음용 멸치 (냉동), 300g, 1개 9,300원 (100g당 3,100원) 내일(일) 새벽 도착 보장 5 (26379) 최대 465원 적립",수산물,멸치/건어물,DRIED_SEAFOOD,멸치,이어수산,멸치,0
[사조대림] 부산어묵 마당놀이 600g,수산물,어육가공식품,SIMPLE_PROCESSED,어묵,사조대림,어묵,0
"곰곰 한돈 등심 카레용 (냉장), 600g, 1팩 24%14,190원 10,650원 (100g당 1,775원) 내일(일) 새벽 도착 보장 5 (36895) 최대 533원 적립",육류/계란,돼지고기,RAW_MEAT,돼지 등심,곰곰,돼지 등심,0
[피자로빈슨] 베이컨 웨지 포테이토,간편식,냉동식품,FROZEN_MEAL,냉동 피자,피자로빈슨,냉동 피자,0
[파스퇴르] 바른목장 산양 프로틴 우유 750mL,유제품,우유/두유,DAIRY,우유,파스퇴르,우유,0
[알리안자] 아보카도 오일 500mL,조미료,식용유/기름,SAUCE_SEASONING,아보카도 오일,알리안자,아보카도 오일,0
"곰곰 5번 선별한 골드사과, 1개, 1.5kg(7~10입) 12,810원 (100g당 854원) 내일(일) 새벽 도착 보장 4.5 (376) 최대 640원 적립",과일/견과류,과일,RAW_FRUIT,사과,곰곰,사과,0
"햇님마을 양념이 잘 어우러지는 국산 고춧가루 보통매운맛, 200g, 1개 21%13,900원 10,960원 (100g당 5,480원) 내일(일) 도착 보장 5 (20840) 최대 548원 적립",조미료,가루분말,SAUCE_SEASONING,고춧가루,햇님마을,고춧가루,0
[미트빌] 미국산 소고기 초이스 살치살300g (냉장),육류/계란,소고기,RAW_MEAT,살치살,미트빌,살치살,0
[CU 픽업] 아카시시라우메우메슈,술,기타 주류,ALCOHOL,리큐르,,리큐르,0
[죠반니 레] 화이트 발사믹 콘디멘토 250mL,조미료,양념/소스,SAUCE_SEASONING,화이트 발사믹 식초,죠반니 레,발사믹 식초,0
[엔업] 파워젤 팔라티노스 청포도 (14포),미등록 카테고리,기타,UNKNOWN,기타,엔업,기타,0
"곰곰 한입 돈까스 (냉동), 1kg, 1개 7,990원 (100g당 799원) 내일(일) 새벽 도착 보장 4.5 (36865) 최대 400원 적립",간편식,냉동식품,FROZEN_MEAL,냉동 돈까스,곰곰,냉동 돈까스,0
[광천김] 이모카세 도시락김 4g X 12봉,상온식품,김/자반,DRIED_SEAFOOD,김,광천김,김,0
그린빈스 50g,채소/곡물류,채소,RAW_PRODUCE,그린빈,,그린빈,0
[카필라노] 마누카꿀 MGO 100+,조미료,양념/소스,SAUCE_SEASONING,꿀,카필라노,꿀,0
"건국유업 딸기가 우유에 반했다쿠, 900ml, 2개 4,480원 (100ml당 249원) 내일(일) 새벽 도착 보장 5 (23100) 최대 224원 적립",유제품,우유/두유,DAIRY,딸기우유,건국유업,가공우유,0
[테라로사] 초콜릿 케이크,간식류,디저트/케이크,BAKERY,케이크,테라로사,케이크,0
"하이트진로 블랙보리 라이트 음료, 175ml, 30개 8,900원 (100ml당 170원) 내일(일) 도착 보장 새 상품, 반품-미개봉 (27) 최저6,700원 5 (4251) 최대 445원 적립",음료,커피/차,BEVERAGE,보리차,하이트진로,보리차,0
[킨죠] 믹스 젤리 115g,간식류,초콜릿/사탕,SNACK,젤리,킨죠,젤리,0
[창억] 흑임자인절미 (50g X 10개입),간식류,떡,SNACK,인절미,창억,인절미,0
[발릴로] 프로벤잘레 엑스트라 버진 오일 500mL,조미료,식용유/기름,SAUCE_SEASONING,올리브오일,발릴로,올리브오일,0
"동원 올리브김 식탁 8p, 4g, 16개 27%8,990원 6,480원 (10g당 1,013원) 내일(일) 도착 보장 5 (11420) 최대 324원 적립",상온식품,김/자반,DRIED_SEAFOOD,김,동원,김,0
[삼립] 딸기 생크림 카스텔라 (90g X 6개입),간식류,빵류,BAKERY,카스텔라,카스텔,카스텔라,0
[존쿡델리미트] 잠봉뵈르 샌드위치 (2개입),간식류,빵류,BAKERY,샌드위치,존쿡델리미트,샌드위치,0
"연세두유 뼈를생각한 고칼슘두유 검은콩, 190ml, 48개 22,000원 (100ml당 241원) 내일(일) 도착 보장 5 (106514) 최대 1,100원 적립",유제품,우유/두유,DAIRY,두유,연세두유,두유,0
[더오담] 바로담은 달콤황도 복숭아 450g(국내산),간식류,디저트/케이크,BAKERY,황도,더오담,기타 디저트/케이크,0
"백설 카놀라유, 500ml, 2개 44%11,000원 6,100원 (100ml당 610원) 내일(일) 도착 보장 5 (37796) 최대 305원 적립",조미료,식용유/기름,SAUCE_SEASONING,카놀라유,백설,카놀라유,0
[청정원] 맛선생 구운대파 채소액 560g,조미료,양념/소스,SAUCE_SEASONING,채소액,청정원,기타 소스,0
[모니니] 엑스트라 버진 올리브 오일 500mL,조미료,식용유/기름,SAUCE_SEASONING,올리브오일,모니니,올리브오일,0
"CONA 마일드로스트 아메리카노 원두커피믹스, 0.9g, 150개입, 2개 25,420원 (10g당 941원) 내일(일) 도착 보장 4.5 (11890) 최대 1,271원 적립",음료,커피/차,BEVERAGE,커피가루,CONA,커피,0
[엔젯오리진] 에너지 비타민B-콤플렉스 청포도향 구미 (30일분),미등록 카테고리,기타,UNKNOWN,기타,엔젯오리진,기타,0
[CU 픽업] 단즈카커런트보드카,술,기타 주류,ALCOHOL,보드카,단즈카,보드카,0
"생생포크 한돈 무항생제 인증 앞다리 불고기 (냉장), 500g, 1팩 32%15,110원 10,160원 (100g당 2,032원) 내일(일) 새벽 도착 보장 4.5 (3292) 최대 508원 적립",육류/계란,돼지고기,RAW_MEAT,돼지 앞다리살,생생포크,앞다리살,0
[비비고] 파김치 800g,간편식,반찬류,SIMPLE_PROCESSED,파김치,비비고,파김치,0
진도 생톳 120g (냉장),수산물,미역/다시마,DRIED_SEAFOOD,톳,,톳,0
[풀무원] 야채 꼬마김밥 KIT,간편식,밀키트,RTC_MEAL,밀키트,풀무원,밀키트,0
[다미원] 영광 백굴비 3종 (2미) (냉동),수산물,멸치/건어물,DRIED_SEAFOOD,백굴비,다미원,굴비,0
오븐에 구운 고구마 말랭이 150g,간식류,과자/스낵,SNACK,고구마 말랭이,,고구마칩,0
"오뚜기옛날 참기름, 450ml, 1개 19%6,980원 5,590원 (10ml당 124원) 내일(일) 새벽 도착 보장 5 (10933) 최대 280원 적립",조미료,식용유/기름,SAUCE_SEASONING,참기름,오뚜기,참기름,0
[오리온] 눈을 감자 뿌먹찍먹 220g,간식류,과자/스낵,SNACK,눈을감자,오리온,감자칩,0
[담터] 모과 도라지차 플러스 (15g X 40개),미등록 카테고리,기타,UNKNOWN,기타,담터,기타,0
[하트티라미수] 티라미수 6종 (택1),간식류,디저트/케이크,BAKERY,티라미수,하트티라미수,케이크,0
"자연초 보리차, 1000g, 1개입, 1개 7,900원 (10g당 79원) 내일(일) 도착 보장 4.5 (6683) 최대 395원 적립",음료,커피/차,BEVERAGE,보리차,자연초,보리차,0
[골라담기] 아이스크림 4개입 2종(택1) (오레오/킷캣),간식류,디저트/케이크,BAKERY,아이스크림,,아이스크림,0
[스미스티] No.24 빅 히비스커스 허브차 (2.73g X 15개),음료,커피/차,BEVERAGE,히비스커스차,스미스티,기타 음료(차),0
"오뚜기 핫케이크 믹스, 1kg, 1개 7%5,680원 5,250원 (100g당 525원) 내일(일) 새벽 도착 보장 5 (3739) 최대 263원 적립",조미료,가루분말,SAUCE_SEASONING,핫케이크 믹스,오뚜기,기타 가루분말,0
[하이포크] 무항생제 한돈 삼겹살 구이용 300g (냉장),육류/계란,돼지고기,RAW_MEAT,삼겹살,하이포크,삼겹살,0
[칸나멜라] 소금 그라인더 2종,조미료,조미료,SAUCE_SEASONING,소금,칸나멜라,소금,0
[예찬원] 배추된장국 (블럭국),간편식,밀키트,RTC_MEAL,밀키트,예찬원,밀키트,0
[풀무원] 소가 단단한 부침두부 300g,채소/곡물류,콩/두부,SIMPLE_PROCESSED,두부,풀무원,두부,0
[드로게리아] 페퍼론치노밀 (그라인더),조미료,조미료,SAUCE_SEASONING,페퍼론치노,드로게리아,기타 조미료,0
[경복궁 BLACK] 영양갈비탕,간편식,레트로트,RTC_MEAL,레트로트,경복궁 BLACK,레트로트,0
"빙그레 요맘때바 블루베리 (냉동), 8개, 1개입, 70ml 4,800원 (10ml당 86원) 내일(일) 새벽 도착 보장 5 (2232) 최대 240원 적립",간식류,디저트/케이크,BAKERY,아이스크림,빙그레,아이스크림,0
"국내산 당근 채, 200g, 3팩 6,950원 (100g당 1,158원) 내일(일) 새벽 도착 보장 5 (10962) 최대 348원 적립",채소/곡물류,채소,RAW_PRODUCE,당근,,당근,0
[소하동고방] 힘내요 연강정,간식류,과자/스낵,SNACK,강정,소하동고방,강정/한과,0
[도드람한돈] 미트공방 후랑크 소시지 300g,육류/계란,가공육(햄/소시지),PROCESSED_MEAT,소시지,도드람한돈,소세지,0
"청원생명농협 2025년 햅쌀 왕의밥상 백미, 상등급, 10kg, 1개 11%41,900원 36,900원 (100g당 369원) 내일(일) 도착 보장 5 (236860) 최대 1,845원 적립",채소/곡물류,쌀/잡곡,GRAIN,쌀,농협,쌀,0
"청우식품 참소라형 과자, 120g, 10개 21%12,500원 9,760원 (10g당 81원) 내일(일) 도착 보장 5 (11750) 최대 488원 적립",간식류,과자/스낵,SNACK,과자,청우식품,기타 과자/스낵,0
[어반나이프] 프리미엄 소시지 2종,육류/계란,가공육(햄/소시지),PROCESSED_MEAT,소시지,어반나이프,소세지,0
[미락] 영광 법성포 참굴비 90gX6미 (냉동),수산물,멸치/건어물,DRIED_SEAFOOD,굴비,미락,굴비,0
[디어파인] 딸기 그릭요거트 100g,유제품,요거트,DAIRY,그릭요거트,디어파인,그릭요거트,0
"캐나다드라이 진저에일 토닉 제로, 300ml, 24개 14,590원 (100ml당 203원) 내일(일) 도착 보장 5 (2478) 최대 730원 적립",음료,탄산음료,BEVERAGE,진저에일,캐나다드라이,진저에일,0
[청년떡집] 저당 절편 2종 (택1),간식류,떡,SNACK,절편,청년떡집,절편,0
[상하목장] 유기농 우유 3종,유제품,우유/두유,DAIRY,우유,상하목장,우유,0
[하림] IFF 닭목살 500g (냉동),육류/계란,닭고기,RAW_MEAT,닭 목살,하림,기타 닭고기,0
[널담] 비건 브라우니 (110g X 3개),간식류,디저트/케이크,BAKERY,브라우니,널담,케이크,0
[면사랑] 멸치 잔치국수 273g * 2개입,간편식,밀키트,RTC_MEAL,밀키트,면사랑,밀키트,0
"청정원 저당 참깨 드레싱, 310g, 1개 4,600원 (100g당 1,484원) 내일(일) 도착 보장 4.5 (1064) 최대 230원 적립",조미료,양념/소스,SAUCE_SEASONING,참깨 드레싱,청정원,기타 소스,0
[잇데이] 생강 진저샷 14포,미등록 카테고리,기타,UNKNOWN,기타,잇데이,기타,0
"마켓오 오리온 구운김톡, 3개, 80g 4,600원 (10g당 192원) 내일(일) 도착 보장 5 (312) 최대 230원 적립",상온식품,김/자반,DRIED_SEAFOOD,김,마켓오,김,0
[리터스포트] 스마티스 초콜릿 2종 (택1),간식류,초콜릿/사탕,SNACK,초콜릿,리터스포트,초콜릿,0
[오넛티] 피스타치오 스프레드 2종 (택1),상온식품,잼/스프레드,SAUCE_SEASONING,피스타치오 스프레드,오넛티,기타 잼/스프레드,0
[사세] 바삭한 치킨너겟,간편식,냉동식품,FROZEN_MEAL,치킨너겟,사세,냉동 치킨,0
"완도 최고집 업소용 대용량 완도산 파지 다시마, 1kg, 1개 쿠폰할인15%14,000원 11,780원 (100g당 1,178원) 내일(일) 도착 보장 새 상품, 반품-미개봉 (2) 최저11,780원 4.5 (697) 최대 589원 적립",수산물,미역/다시마,DRIED_SEAFOOD,다시마,완도,다시마,0
[룩트] 아이슬란딕 요거트 마일드 450g,유제품,요거트,DAIRY,요거트,룩트,요거트,0
[질러] 육포 3종 30g (택1),육류/계란,가공육(햄/소시지),PROCESSED_MEAT,육포,질러,육포,0
[근대골목단팥빵] 옛날 미니맘모스빵 200g,간식류,빵류,BAKERY,맘모스빵,근대골목단팥빵,기타 빵류,0
[선물세트] 남도우애 무항생제 1++ 한우 프리미엄 구이세트 1호,육류/계란,소고기,RAW_MEAT,모둠 소고기,남도우애,소고기 묶음,0
"아이러브밀크 3.5 수입멸균우유, 12L, 1박스 25%20,000원 15,000원 (100ml당 125원) 2/10(화) 도착 예정 5 (77265) 최대 750원 적립",유제품,우유/두유,DAIRY,우유,아이러브밀크,우유,0
[스타벅스] 프라푸치노 커피 281mL X 4병 5종(택1),음료,커피/차,BEVERAGE,커피,스타벅스,커피,0
[벨베리] 딸기잼 215g,상온식품,잼/스프레드,SAUCE_SEASONING,딸기잼,벨베리,딸기잼,0
[지리산한봉영농조합] 지리산 벌집꿀 260g,간식류,디저트/케이크,BAKERY,벌집꿀,지리산한봉영농조합,기타 디저트/케이크,0
[선물세트] 김정환홍삼 홍삼농축액 에너지타임(홍삼스틱) (30일분),미등록 카테고리,기타,UNKNOWN,기타,,기타,0
"베지밀 17곡 한끼두유, 190ml, 16개 9,490원 (100ml당 312원) 내일(일) 새벽 도착 보장 5 (2262) 최대 475원 적립",유제품,우유/두유,DAIRY,두유,베지밀,두유,0
"곰곰 사탕수수 비정제 원당, 1kg, 1개 25%5,000원 3,720원 (100g당 372원) 내일(일) 도착 보장 5 (5031) 최대 186원 적립",조미료,조미료,SAUCE_SEASONING,원당,곰곰,설탕,0
[속초해품] 명란젓 400g,간편식,반찬류,SIMPLE_PROCESSED,명란젓,속초해품,명란젓,0
"돌체구스토 네스카페 룽고 디카페인 캡슐커피, 7g, 16개입, 1개 9,240원 (10g당 825원) 내일(일) 도착 보장 5 (17415) 최대 462원 적립",음료,커피/차,BEVERAGE,커피캡슐,돌체구스토,커피캡슐,0
[그랑도르] 유럽 까망베르 치즈 125g,유제품,치즈,DAIRY,까망베르 치즈,그랑도르,까망베르 치즈,0
"곰곰 국산 참 바지락, 1kg, 1개 26%12,000원 8,820원 (100g당 882원) 내일(일) 새벽 도착 보장 4.5 (5186) 최대 441원 적립",수산물,조개/전복,RAW_SEAFOOD,바지락,곰곰 ,바지락,0
"몽베스트 위드어스 무라벨 생수, 330ml, 40개 10,000원 (100ml당 76원) 내일(일) 도착 보장 5 (167582) 최대 500원 적립",음료,생수,BEVERAGE,생수,몽베스트,생수,0
"몽쉘 스트로베리, 408g, 1개 25%6,600원 4,930원 (10g당 121원) 내일(일) 도착 보장 4.5 (4827) 최대 246원 적립",간식류,과자/스낵,SNACK,몽쉘,몽쉘,파이류,0
"오뚜기 진비빔면 156g, 8개 19%8,560원 6,900원 (1개당 863원) 내일(일) 도착 보장 5 (72702) 최대 345원 적립",간편식,라면,INSTANT,진비빔면,오뚜기,비빔라면,0
[콩콩아이] 국산콩으로 만든 유기농 두유 (135mL X 10개),유제품,우유/두유,DAIRY,두유,콩콩아이,두유,0
[라라스윗] 저당 넛티 초코바 2종 (70mL X 6개입),간식류,과자/스낵,SNACK,초코바,라라스윗,스낵바,0
[동원] 맛참 고소참기름 135g x 4캔,조미료,식용유/기름,SAUCE_SEASONING,참기름,동원,참기름,0
[CU 픽업] 보테가바커진500ml,술,기타 주류,ALCOHOL,진,,진,0
[종가] 맛김치 1.2kg,간편식,반찬류,SIMPLE_PROCESSED,배추김치,종가,배추김치,0
[오늘보감] 유기농 양배추즙 10포,미등록 카테고리,기타,UNKNOWN,기타,오늘보감,기타,0
[바로담아] 들기름 350mL,조미료,식용유/기름,SAUCE_SEASONING,들기름,바로담아,들기름,0
"자연한입 더 진한 참치액, 1개, 860ml 쿠폰할인71%26,700원 7,490원 (10ml당 87원) 내일(일) 도착 보장 5 (4498) 최대 375원 적립",조미료,조미료,SAUCE_SEASONING,참치액,자연한입,액젓,0
[폰타나] 비프 굴라쉬 스튜 250g,간편식,레트로트,RTC_MEAL,레트로트,폰타나,레트로트,0
[조선델리] 조선호텔 미니브라우니세트(6입),간식류,디저트/케이크,BAKERY,브라우니,조선델리,케이크,0
[한스케익] 쇼콜라미수 550g,간식류,디저트/케이크,BAKERY,쑈콜라미수,한스케익,기타 디저트/케이크,0
"선진포크 한돈 1등급이상 삼겹살 구이용 (냉장), 500g, 1팩 12,440원 (100g당 2,488원) 내일(일) 새벽 도착 보장 4.5 (19088) 최대 622원 적립",육류/계란,돼지고기,RAW_MEAT,삼겹살,선진포크,삼겹살,0
[홍루이젠] 갓군샌 샌드위치 2개입 2종 (택1),간식류,빵류,BAKERY,샌드위치,홍루이젠,샌드위치,0
[오니스트] Holiday Edition 트리플샤인 포도 28포,미등록 카테고리,기타,UNKNOWN,기타,오니스트,기타,0
"전두유 검은콩 17곡 고칼슘, 190ml, 20개 33%12,800원 8,500원 (100ml당 224원) 내일(일) 도착 보장 새 상품, 반품-미개봉 (4) 최저8,070원 5 (33426) 최대 425원 적립",유제품,우유/두유,DAIRY,두유,전두유,두유,0
[제일맞게컬리] 전주비빔 현미곤약 주먹밥,간편식,즉석밥,INSTANT,즉석 주먹밥,제일맞게컬리,즉석 주먹밥,0
"국내산 브로콜리, 1개입, 1개 1,980원 (1개당 1,980원) 내일(일) 새벽 도착 보장 5 (204182) 최대 99원 적립",채소/곡물류,채소,RAW_PRODUCE,브로콜리,,브로콜리,0
[폴스] 크림치즈 오리지널 140g,유제품,치즈,DAIRY,크림치즈,폴스,크림치즈,0
"미역줄기, 300g, 2개 4,900원 (100g당 817원) 내일(일) 새벽 도착 보장 5 (11527) 최대 245원 적립",수산물,미역/다시마,DRIED_SEAFOOD,미역줄기,,미역,0
[오설록] 세작 티백 (2g X 10개),음료,커피/차,BEVERAGE,티백,오설록,티백,0
"곰곰 고소한 큰두부, 1kg, 1개 2,480원 (100g당 248원) 내일(일) 새벽 도착 보장 5 (12154) 최대 124원 적립",채소/곡물류,콩/두부,SIMPLE_PROCESSED,두부,곰곰,두부,0
"도정공장 씻어나온 현미, 1kg, 1개 6,980원 (100g당 698원) 내일(일) 새벽 도착 보장 5 (1782) 최대 349원 적립",채소/곡물류,쌀/잡곡,GRAIN,현미,도정공장,현미,0
[오니스트] Holiday Edition 트리플콜라겐 오렌지 28포,미등록 카테고리,기타,UNKNOWN,기타,오니스트,기타,0
"파스퇴르 건강한 저온살균 우유 후레쉬, 2.3L, 1개 8,120원 (100ml당 353원) 내일(일) 새벽 도착 보장 5 (173286) 최대 406원 적립",유제품,우유/두유,DAIRY,우유,파스퇴르,우유,0
"바리스타룰스 원데이 아메리카노 무라벨, 350ml, 20개 58%50,000원 20,810원 (100ml당 297원) 내일(일) 도착 보장 5 (4537) 최대 832원 적립",음료,커피/차,BEVERAGE,커피,바리스타룰스,커피,0
[라빈리커픽업][신년 특가] 러셀 리저브 싱글배럴 버번 (위스키),술,기타 주류,ALCOHOL,위스키,,위스키,0
[소이퀸] 두유 350mL 2종 (택1),유제품,우유/두유,DAIRY,두유,소이퀸,두유,0
[오니스트] 케라그로우 망고 14포,미등록 카테고리,기타,UNKNOWN,기타,오니스트,기타,0
"삼호어묵 부산어묵 바른사각, 240g, 2개 6%2,760원 2,580원 (100g당 538원) 내일(일) 새벽 도착 보장 5 (84141) 최대 129원 적립",수산물,어육가공식품,SIMPLE_PROCESSED,어묵,삼호어묵,어묵,0
[성수동분식] 대구식 수제 납작만두(30개입),간편식,냉동식품,FROZEN_MEAL,냉동 만두,성수동분식,냉동 만두,0
[압구정오징어] 오징어 볶음 2종 (택1),간편식,반찬류,SIMPLE_PROCESSED,오징어 볶음,압구정오징어,기타 반찬류,0
[풀무원] 반듯한식 수제식감 동그랑땡 315g,간편식,레트로트,RTC_MEAL,레트로트,풀무원,레트로트,0
"삼양제주우유 유기농 A2 우유, 900ml, 1개 4,450원 (100ml당 494원) 내일(일) 새벽 도착 보장 5 (915) 최대 223원 적립",유제품,우유/두유,DAIRY,우유,삼양제주우유,우유,0
[선물세트] 폼포니오 엑스트라 버진 올리브오일 3종세트,조미료,식용유/기름,SAUCE_SEASONING,올리브오일,폼포니오,올리브오일,0
"평창수 무라벨 생수, 500ml, 40개 31%15,900원 10,940원 (100ml당 55원) 내일(일) 도착 보장 5 (164234) 최대 547원 적립",음료,생수,BEVERAGE,생수,평창수,생수,0
[비비고] 열무김치 1.5kg,간편식,반찬류,SIMPLE_PROCESSED,열무김치,비비고,열무김치,0
[오니스트] 케라그로우 망고 84포,미등록 카테고리,기타,UNKNOWN,기타,오니스트,기타,0
[샘표] 새미네부엌 진간장 830ml,조미료,양념/소스,SAUCE_SEASONING,진간장,샘표,진간장,0
[크루돌리오] 유기농 엑스트라 버진 올리브 오일 250mL,조미료,식용유/기름,SAUCE_SEASONING,올리브오일,크루돌리오,올리브오일,0
[ardo] 냉동브로콜리 400g,채소/곡물류,채소,RAW_PRODUCE,브로콜리,ardo,브로콜리,0
[서리재] 국산 참기름 250mL,조미료,식용유/기름,SAUCE_SEASONING,참기름,서리재,참기름,0
[궁] 골든올리브 육포 100g,육류/계란,가공육(햄/소시지),PROCESSED_MEAT,육포,궁,육포,0
[CU 픽업] 리키밀맥주캔500ml*24,술,맥주,ALCOHOL,맥주,,맥주,0
[덴마크] 소화가 잘되는 우유로 만든 딸기우유 (190mL X 24개),유제품,우유/두유,DAIRY,딸기우유,덴마크,가공우유,0
[하림이닭] 소스 잘 먹은 닭가슴살 3종 110g (1입),육류/계란,닭고기,RAW_MEAT,닭가슴살,하림이닭,닭가슴살,0
유기농 백옥 찹쌀 500g,채소/곡물류,쌀/잡곡,GRAIN,찹쌀,,찹쌀,0
[그릭슈바인] 육즙가득 부어스트 소시지 2종,육류/계란,가공육(햄/소시지),PROCESSED_MEAT,소시지,그릭슈바인,소세지,0
"내츄럴스파이스 크러쉬드 레드페퍼, 40g, 1개 3,370원 (10g당 843원) 내일(일) 새벽 도착 보장 5 (70) 최대 169원 적립",조미료,향신료/허브,SAUCE_SEASONING,레드페퍼,내츄럴스파이스,레드페퍼,0
[허벌랜드] 이뮨 멀티비타민미네랄 식물성 구미젤리 (30일분),미등록 카테고리,기타,UNKNOWN,기타,허벌랜드,기타,0
"IQF 냉동 닭안심 (냉동), 1kg, 1개 35%11,990원 7,690원 (100g당 769원) 내일(일) 새벽 도착 보장 5 (1528) 최대 385원 적립",육류/계란,닭고기,RAW_MEAT,닭 안심,IQF,닭 안심,0
[청정원] 츄앤리얼 고구마츄 60g,간식류,과자/스낵,SNACK,고구마 스틱,청정원,고구마칩,0
"곰곰 신선한 저지방우유, 900ml, 6개 11,070원 (100ml당 205원) 내일(일) 새벽 도착 보장 5 (54675) 최대 554원 적립",유제품,우유/두유,DAIRY,저지방 우유,곰곰,저지방 우유,0
[자하람] 매실발효액 새우장 530g (냉장),간편식,반찬류,SIMPLE_PROCESSED,새우장,자하람,기타 반찬류,0
[쌜모네키친] 연어 스테이크 200g (냉동),수산물,생선,RAW_SEAFOOD,연어,쌜모네키친,연어,0
[오설록] 루이보스 퓨어 티백 (2g X 10개),음료,커피/차,BEVERAGE,티백,오설록,티백,0
[에머이] 소고기 쌀국수 키트 (2인분),간편식,밀키트,RTC_MEAL,밀키트,에머이,밀키트,0
[이목] 국내산 소고기 등심 스테이크 대용량 1kg (냉장),육류/계란,소고기,RAW_MEAT,소 등심,이목,소 등심,0
[플라이밀] 프로틴 그래놀라 3종 (택1),상온식품,시리얼,GRAIN,그래놀라,플라이밀,그래놀라,0
[바시론] 페스토 로쏘 치즈 200g,유제품,치즈,DAIRY,로쏘 치즈,바시론,기타 치즈,0
"풀무원다논 액티비아 병 플레인, 130ml, 8개입, 1개 8,480원 (10ml당 82원) 내일(일) 새벽 도착 보장 5 (24019) 최대 424원 적립",유제품,요거트,DAIRY,요거트,풀무원,요거트,0
[파스키에] 팬케이크 (35g X 8개입),간식류,디저트/케이크,BAKERY,팬케이크,파스키에,케이크,0
[본 마예네] 프랑스 린고 치즈 180g,유제품,치즈,DAIRY,린고 치즈,본 마예네,기타 치즈,0
"남양유업 맛있는 우유 GT, 900ml, 6개 16,050원 (100ml당 297원) 내일(일) 새벽 도착 보장 5 (588998) 최대 743원 적립",유제품,우유/두유,DAIRY,우유,남양,우유,0
[김소영 아티장의 안단테] 시에라 네바다 크림 온 탑 요거트 170g 4종 (택1),유제품,요거트,DAIRY,요거트,김소영 아티장의 안단테,요거트,0
[CU 픽업] 넘버3런던드라이진,술,기타 주류,ALCOHOL,진,,진,0
[오니스트] 트리플샤인 포도 14포,미등록 카테고리,기타,UNKNOWN,기타,오니스트,기타,0
"[농협] [25년산 햇곡] 강원 신림농협 국산 백태, 1개, 1kg 23%15,000원 11,480원 (100g당 1,148원) 내일(일) 도착 보장 5 (96) 최대 499원 적립",채소/곡물류,콩/두부,SIMPLE_PROCESSED,백태,농협,콩,0
"청정원 천일염 가는소금, 500g, 1개 4,200원 (100g당 840원) 내일(일) 도착 보장 새 상품, 반품-미개봉 (24) 최저3,500원 5 (28340) 최대 210원 적립",조미료,조미료,SAUCE_SEASONING,소금,청정원,소금,0
[아티키] 그릭허니 타임 천연 꿀 500g,조미료,양념/소스,SAUCE_SEASONING,꿀,아티키,꿀,0
[압구정오징어] 갑오징어 볶음 2종 (택1),간편식,레트로트,RTC_MEAL,레트로트,압구정오징어,레트로트,0
무농약 연근 2종,채소/곡물류,채소,RAW_PRODUCE,연근,무농약,연근,0
[빠삐용빵] 까까마루 기프트 쿠키 세트 500g,간식류,과자/스낵,SNACK,쿠키,빠삐용빵,쿠키,0
[베지밀] 5060시니어 두유 (190mL X 16개),유제품,우유/두유,DAIRY,두유,베지밀,두유,0
[아이숑] 아이스바 하트숑 딸기 & 블루베리 (72mL X 2개),간식류,디저트/케이크,BAKERY,아이스크림,아이숑,아이스크림,0
[가보팜스] 프리미엄 야생화꿀 2종 (500g/1kg),조미료,양념/소스,SAUCE_SEASONING,꿀,가보팜스,꿀,0
[하루한티] 국화차 20g,음료,커피/차,BEVERAGE,국화차,하루한티,기타 음료(차),0
[창화당] 고기궁중만두,간편식,냉동식품,FROZEN_MEAL,냉동 만두,창화당,냉동 만두,0
"대한제분 중력 밀가루 2등급, 20kg, 1개 16,500원 (100g당 83원) 내일(일) 도착 보장 5 (2283) 최대 825원 적립",조미료,가루분말,SAUCE_SEASONING,밀가루,대한제분,밀가루,0
"맥심 화이트골드 커피믹스, 11.7g, 160개입, 1개 25,600원 (10g당 137원) 내일(일) 새벽 도착 보장 5 (31063) 최대 1,280원 적립",음료,커피/차,BEVERAGE,커피믹스,맥심,커피믹스,0
[오니스트] 트리플샤인 포도 Eternal Beauty Gift Set 84포,미등록 카테고리,기타,UNKNOWN,기타,오니스트,기타,0
[리틀스페인] 문어 감바스 알 아히요,간편식,밀키트,RTC_MEAL,밀키트,리틀스페인,밀키트,0
[더 더치] 고다 X.O 24개월 숙성 치즈 250g,유제품,치즈,DAIRY,치즈,더 더치,기타 치즈,0
[팜송] 한끼 대파 250g,채소/곡물류,채소,RAW_PRODUCE,대파,팜송,대파,0
"서울우유 A2플러스 우유, 1개, 1.7L 6,940원 (100ml당 408원) 내일(일) 새벽 도착 보장 5 (18175) 최대 347원 적립",유제품,우유/두유,DAIRY,우유,서울우유,우유,0
"몽베스트 위드어스 무라벨 생수, 2L, 24개 13,970원 (100ml당 29원) 내일(일) 도착 보장 5 (167582) 최대 699원 적립",음료,생수,BEVERAGE,생수,몽베스트,생수,0
[선물세트] 올드페리도넛 고메도넛 8구세트,간식류,디저트/케이크,BAKERY,도넛,고올드페리도넛,도넛,0
[오니스트] 트리플샤인 포도 가든 에디션 선물세트 2종 28포,미등록 카테고리,기타,UNKNOWN,기타,오니스트,기타,0
[선물세트] 올리 꿀스틱 세트,조미료,양념/소스,SAUCE_SEASONING,꿀,올리,꿀,0
"웰프레쉬 복숭아 (냉동), 1kg, 1개 7,360원 (100g당 736원) 내일(일) 새벽 도착 보장 4.5 (708) 최대 308원 적립",과일/견과류,냉동과일,SIMPLE_PROCESSED,냉동 복숭아,웰프레쉬,기타 냉동과일,0
"하림 IFF 닭가슴살 (냉동), 2kg, 1개 13%22,900원 19,770원 (100g당 989원) 내일(일) 새벽 도착 보장 5 (108059) 최대 989원 적립",육류/계란,닭고기,RAW_MEAT,닭가슴살,하림 ,닭가슴살,0
[스마트푸드] 화이트 체다치즈 팝콘,간식류,과자/스낵,SNACK,팝콘,스마트푸드,팝콘,0
친환경 황금 팽이버섯 180g,채소/곡물류,버섯,RAW_PRODUCE,팽이버섯,친환경,팽이버섯,0
[돈마루] 한돈 등심 카레용 300g,육류/계란,돼지고기,RAW_MEAT,돼지 등심,돈마루,돼지 등심,0
"지도표성경 가루김, 400g, 1개 16,900원 (10g당 423원) 내일(일) 도착 보장 5 (18645) 최대 845원 적립",상온식품,김/자반,DRIED_SEAFOOD,김,지도표성경,김,0
"참프레 동물복지 인증 닭안심 (냉장), 500g, 1개 7,500원 (100g당 1,500원) 내일(일) 새벽 도착 보장 5 (535) 최대 375원 적립",육류/계란,닭고기,RAW_MEAT,닭 안심,참프레,닭 안심,0
[리코스] 나쵸 454g,간식류,과자/스낵,SNACK,나쵸,리코스,기타 과자/스낵,0
[파스키에] 노르망디 애플 타르트 750g,간식류,디저트/케이크,BAKERY,타르트,파스키에,타르트,0
[덴마크] 하이요구르트 (100mL X 10개),유제품,요거트,DAIRY,요구르트,덴마크,요구르트,0
[보물섬] 자연산 홍새우장 300g (냉장),간편식,반찬류,SIMPLE_PROCESSED,새우장,보물섬,기타 반찬류,0
햇 통마늘 1kg,채소/곡물류,채소,RAW_PRODUCE,마늘,,마늘,0
[파스키에] 라즈베리 타르트 (80g X 2개입),간식류,디저트/케이크,BAKERY,타르트,파스키에,타르트,0
[요고델리] 페스트리 샌드위치 3종,간식류,빵류,BAKERY,샌드위치,요고델리,샌드위치,0
"안성마춤농협 2025년 햅쌀 고시히카리, 특등급, 4kg, 1개 할인5%19,900원 18,900원 (100g당 473원) 내일(일) 도착 보장 4.5 (10618) 최대 945원 적립",채소/곡물류,쌀/잡곡,GRAIN,쌀,농협,쌀,0
[서울우유] 나 100% 우유 (200mL X 3개),유제품,우유/두유,DAIRY,우유,서울우유,우유,0
"풀무원샘물 생수 무라벨, 1L, 24개 17%13,200원 10,900원 (100ml당 45원) 내일(일) 도착 보장 5 (165782) 최대 518원 적립",음료,생수,BEVERAGE,생수,풀무원샘물,생수,0
[투게더] 아이스크림 4종 (택1),간식류,디저트/케이크,BAKERY,아이스크림,투게더,아이스크림,0
"상하목장 유기농 인증 우유, 900ml, 2개 8,200원 (100ml당 456원) 내일(일) 새벽 도착 보장 5 (37585) 최대 410원 적립",유제품,우유/두유,DAIRY,우유,상하목장,우유,0
"맑은물에 참좋은 국산 숙주나물, 300g, 1개 3,000원 (100g당 1,000원) 내일(일) 새벽 도착 보장 4.5 (28435) 최대 150원 적립",채소/곡물류,채소,RAW_PRODUCE,숙주나물,맑은물에,숙주,0
"[KF365] 완도 전복 3마리 260g (대, 생물)",수산물,조개/전복,RAW_SEAFOOD,전복,KF365,전복,0
"오뚜기 양조 식초, 1.8L, 1개 2,710원 (10ml당 15원) 내일(일) 새벽 도착 보장 5 (11778) 최대 135원 적립",조미료,양념/소스,SAUCE_SEASONING,양조식초,오뚜기,식초,0
[원파디] 에브리띵 스파이시 시즈닝 240g,조미료,조미료,SAUCE_SEASONING,혼합 시즈닝,원파디,기타 조미료,0
"햇님마을 국산 100% 깨가 쏟아지는 우리집 깨소금, 100g, 1개 18%9,800원 7,980원 (100g당 7,980원) 내일(일) 도착 보장 5 (570) 최대 399원 적립",조미료,조미료,SAUCE_SEASONING,깨소금,햇님마을,소금,0
[붓처스컷] 뉴욕스트립 스테이크,간편식,밀키트,RTC_MEAL,밀키트,붓처스컷,밀키트,0
"동광한방몰 리필용 통 흑후추, 200g, 1개 4,690원 (10g당 235원) 내일(일) 도착 보장 5 (2538) 최대 235원 적립",조미료,향신료/허브,SAUCE_SEASONING,후추,동광한방몰,후추,0
[갤러리아 고메이494] 유기캔김 50g,상온식품,김/자반,DRIED_SEAFOOD,김,갤러리아 고메이494,김,0
무항생제 1등급 암퇘지 삼겹 2종 (냉장),육류/계란,돼지고기,RAW_MEAT,삼겹살,,돼지고기 묶음,0
[라이틀리] 닭갈비 곤약볶음밥 (4개입),간편식,레트로트,RTC_MEAL,레트로트,라이틀리,레트로트,0
"순작 제주산 우리아이 첫 보리차, 8g, 24개입, 1개 13%6,500원 5,640원 (10g당 294원) 내일(일) 새벽 도착 보장 5 (360) 최대 282원 적립",음료,커피/차,BEVERAGE,보리차,,보리차,0
[횡성축협한우] 1+ 한우 등심 스테이크 200g (냉장),육류/계란,소고기,RAW_MEAT,소 등심,횡성축협한우,소 등심,0
[수산곳간] 크리스피 쥐포채 튀김 100g,간식류,과자/스낵,SNACK,어포 스낵,수산곳간,스낵,0
[제각각] 가지 5입,채소/곡물류,채소,RAW_PRODUCE,가지,제각각,가지,0
[이즈니] 포션 버터 가염 (10g X 20입),유제품,버터/생크림,DAIRY,가염버터,이즈니,가염버터,0
"유로포멜라 모짜렐라 부라타 치즈 (냉동), 100g, 1개 11%6,480원 5,750원 (10g당 575원) 내일(일) 새벽 도착 보장 5 (12345) 최대 288원 적립",유제품,치즈,DAIRY,모짜렐라 치즈,유로포멜라,모짜렐라 치즈,0
[오니스트] 트리플샤인 포도 가든 에디션 선물세트 2종 84포,미등록 카테고리,기타,UNKNOWN,기타,오니스트,기타,0
[오니스트] 트리플콜라겐 오렌지 14포,미등록 카테고리,기타,UNKNOWN,기타,오니스트,기타,0
"츄파춥스 미니 막대사탕, 300g, 1개 4,660원 (10g당 155원) 내일(일) 도착 보장 5 (54240) 최대 233원 적립",간식류,초콜릿/사탕,SNACK,사탕,츄파춥스,사탕(캔디),0
[오니스트]트리플샤인 포도 28포,미등록 카테고리,기타,UNKNOWN,기타,오니스트,기타,0
"곰곰 돌돌이 무연골 대패 삼겹살 (냉동), 1kg, 1개 21%14,990원 11,820원 (100g당 1,182원) 내일(일) 새벽 도착 보장 4.5 (3460) 최대 591원 적립",육류/계란,돼지고기,RAW_MEAT,대패 삼겹살,곰곰,삼겹살,0
[오가닉스토리] 유기농 쌀튀밥 80g,간식류,과자/스낵,SNACK,튀밥,오가닉스토리,강정/한과,0
[Picard] 홀밀크 케이크 (25g*6개입),간식류,디저트/케이크,BAKERY,케이크,Picard,케이크,0
[만전김] 일회조 만전곱창돌김 2종 (택1),상온식품,김/자반,DRIED_SEAFOOD,김,만전김,김,0
[메디] 지중해 샐러드 3종 (택1),간편식,샐러드팩,RTC_MEAL,지중해 샐러드,메디,샐러드,0
[채선당] 월남쌈 밀키트 2인분,간편식,밀키트,RTC_MEAL,밀키트,채선당,밀키트,0
"쿠즈락 소스담은 소떡소떡 (냉동), 135g, 10개 13,450원 (100g당 996원) 내일(일) 새벽 도착 보장 5 (11191) 최대 673원 적립",간편식,냉동식품,FROZEN_MEAL,소떡소떡,쿠즈락,기타 냉동식품,0
[CU 픽업] 호세쿠엘보플라티노,술,기타 주류,ALCOHOL,데낄라,호세쿠엘보,데킬라,0
[비락] 올바른 멸균 흰우유 (180mL X 12개),유제품,우유/두유,DAIRY,우유,비락,우유,0
[KF365] 새송이버섯 400g,채소/곡물류,버섯,RAW_PRODUCE,새송이버섯,KF365,새송이버섯,0
[태우한우] 1+ 한우 불고기용 200g (냉장) * 2팩,육류/계란,소고기,RAW_MEAT,불고기용 소고기,태우한우,불고기,0
"루카스나인 시그니처 오리지널 라떼 커피믹스, 14.9g, 50개입, 2개 3%37,800원 36,630원 (10g당 246원) 내일(일) 도착 보장 5 (55245) 최대 1,831원 적립",음료,커피/차,BEVERAGE,커피믹스,오리지널,커피믹스,0
[네니아] 유기농 딸기잼 600g,상온식품,잼/스프레드,SAUCE_SEASONING,딸기잼,네니아,딸기잼,0
[오니스트]트리플콜라겐 오렌지 28포,미등록 카테고리,기타,UNKNOWN,기타,오니스트,기타,0
[풀무원] 식물성 지구식단 플랜또 아이스크림 90mL 2종 (택1),간식류,디저트/케이크,BAKERY,아이스크림,풀무원,아이스크림,0
"국내산 깐감자, 450g, 1개 3,190원 (100g당 709원) 내일(일) 새벽 도착 보장 4.5 (20192) 최대 160원 적립",채소/곡물류,채소,RAW_PRODUCE,감자,,감자,0
"호주산 부채살 구이용 (냉장), 600g, 1개 43%29,590원 16,630원 (100g당 2,772원) 내일(일) 새벽 도착 보장 4.5 (10750) 최대 831원 적립",육류/계란,소고기,RAW_MEAT,부채살,,부채살,0
[우주] 은빛 제주 통갈치 2종 (냉동) (택1),수산물,생선,RAW_SEAFOOD,갈치,우주,회 묶음,0
[이리아다] 유기농 엑스트라버진 올리브 오일 500mL,조미료,식용유/기름,SAUCE_SEASONING,올리브오일,이리아다,올리브오일,0
[모두의식단] 통 닭가슴살 5종 (1팩/4팩) (택1),육류/계란,닭고기,RAW_MEAT,닭가슴살,모두의식단,닭가슴살,0
"립톤 제로 복숭아 아이스티, 500ml, 24개 31%26,400원 18,060원 (100ml당 151원) 내일(일) 도착 보장 5 (3938) 최대 903원 적립",음료,커피/차,BEVERAGE,복숭아 아이스티,립톤,기타 음료(차),0
[더브레드블루] 우리밀 식빵 440g,간식류,빵류,BAKERY,식빵,더브레드블루,식빵,0
[만전김X컬리] 갓구운 파래김 16봉,상온식품,김/자반,DRIED_SEAFOOD,김,만전김,김,0
[오다다] 스윗오렌지티 (1.5g X 24개),음료,커피/차,BEVERAGE,오렌지티,오다다,기타 음료(차),0
[미식회관] 바로바로 호롱낙지,수산물,오징어/문어,RAW_SEAFOOD,호롱낙지,미식회관,낙지,0
"백설 천일염꽃 구운소금, 180g, 1개 3,720원 (100g당 2,067원) 내일(일) 새벽 도착 보장 5 (43) 최대 186원 적립",조미료,조미료,SAUCE_SEASONING,구운소금,백설,소금,0
[브레댄코] 더블초코케이크 510g,간식류,디저트/케이크,BAKERY,케이크,브레댄코,케이크,0
[오리온] 골드키위 알맹이 216g,과일/견과류,과일,RAW_FRUIT,키위,오리온,키위,0
[오리온] 마이구미 포도 쉐어팩 (43.2g x 6봉지),간식류,초콜릿/사탕,SNACK,마이구미,오리온,젤리,0
[오리온] 통아몬드 90g,과일/견과류,견과류,RAW_FRUIT,아몬드,오리온,아몬드,0
[새로미어묵] 바른공식 0% 게맛살,수산물,어육가공식품,SIMPLE_PROCESSED,게맛살,새로미어묵,맛살,0
"덴마크 소화가 잘되는 우유 락토프리, 190ml, 24개 34%26,900원 17,680원 (100ml당 388원) 내일(일) 도착 보장 5 (5372) 최대 884원 적립",유제품,우유/두유,DAIRY,락토프리 우유,덴마크,락토프리 우유,0
"리프레쉬 부드럽고 고소한 철판구이 오징어 최대12마리~6마리, 1개, 최대12마리~6마리 150g 39%16,400원 9,980원 (10g당 665원) 내일(일) 도착 보장 4.5 (1128) 최대 499원 적립",수산물,오징어/문어,RAW_SEAFOOD,오징어,,오징어,0
"엉클탁 불릴필요없는 귀리쌀, 4kg, 1개 46%14,900원 7,980원 (100g당 200원) 내일(일) 도착 보장 4.5 (6676) 최대 399원 적립",채소/곡물류,쌀/잡곡,GRAIN,귀리쌀,엉클탁,귀리,0
[히요코] 병아리만쥬 (35g X 7개),간식류,빵류,BAKERY,만쥬,히요코,기타 빵류,0
[농심] 누룽지팝 142g,간식류,과자/스낵,SNACK,누룽지 스낵,농심,누룽지,0
"그린래빗 루꼴라 & 샐러드 Kit, 180g, 1개 3,690원 (100g당 2,050원) 내일(일) 새벽 도착 보장 4.5 (1637) 최대 185원 적립",간편식,밀키트,RTC_MEAL,밀키트,그린래빗,밀키트,0
[샘표] 조리볶음 양념 7종,조미료,양념/소스,SAUCE_SEASONING,양념,샘표,기타 소스,0
[오백년장어] 민물양념장어 2종 (택1),간편식,밀키트,RTC_MEAL,밀키트,오백년장어,밀키트,0
[브라잘르] 그란 모라비아 미니 치즈 (20g X 5입),유제품,치즈,DAIRY,치즈,브라잘르,기타 치즈,0
[올가] 마이스터 유기농 블루베리잼 270g,상온식품,잼/스프레드,SAUCE_SEASONING,블루베리잼,올가,블루베리잼,0
[나도하누] 한우 차돌박이 구이용 300g (냉동),육류/계란,소고기,RAW_MEAT,차돌박이,나도하누,차돌박이,0
"곰곰 이스트 분말, 90g, 1개 24%3,690원 2,800원 (10g당 311원) 내일(일) 도착 보장 5 (636) 최대 133원 적립",조미료,가루분말,SAUCE_SEASONING,이스트,곰곰,이스트,0
"롯데햄 에센 브런치 비엔나 오리지널, 180g, 2개 7,160원 (10g당 199원) 내일(일) 새벽 도착 보장 5 (3424) 최대 358원 적립",육류/계란,가공육(햄/소시지),PROCESSED_MEAT,비엔나 소시지,롯데,비엔나 소세지,0
[청산에] 생곱창김 25매,상온식품,김/자반,DRIED_SEAFOOD,김,청산에,김,0
"가나 프리미엄 트리플 베리 쉘 초콜릿, 68g, 1개 3,770원 (10g당 554원) 내일(일) 도착 보장 5 (227) 최대 189원 적립",간식류,초콜릿/사탕,SNACK,초콜릿,가나 ,초콜릿,0
[리치몬드 과자점] 까만식빵,간식류,빵류,BAKERY,식빵,리치몬드 과자점,식빵,0
[LITTLENECK] 리틀넥 비프 머쉬룸 리조또,간편식,밀키트,RTC_MEAL,밀키트,LITTLENECK,밀키트,0
[우드앤브릭] 피칸 파이,간식류,디저트/케이크,BAKERY,파이,우드앤브릭,파이,0
[KF365] 한돈 앞다리 용도별 균일가 3종 (택1),육류/계란,돼지고기,RAW_MEAT,돼지 앞다리살,KF365,돼지고기 묶음,0
"미스티브루 콜롬비아 수프리모 스틱 더치커피, 25ml, 1개입, 30개 18%13,200원 10,800원 (10ml당 144원) 내일(일) 도착 보장 4.5 (9881) 최대 540원 적립",음료,커피/차,BEVERAGE,커피,미스티브루,커피,0
"이너블릭 캐모마일 차, 1.5g, 100개입, 1개 17,400원 (10g당 1,160원) 내일(일) 도착 보장 4.5 (4089) 최대 870원 적립",음료,커피/차,BEVERAGE,캐모마일차,이너블릭,기타 음료(차),0
"녹차로 씻어낸 국산 멍게 (냉장), 120g, 2개 10,650원 (100g당 4,438원) 내일(일) 새벽 도착 보장 4.5 (2479) 최대 533원 적립",수산물,조개/전복,RAW_SEAFOOD,멍게,,멍게,0
[선물세트] HUGO&VICTOR 사브레 쿠키 3종 세트 (6개입),간식류,과자/스낵,SNACK,사브레 쿠키,HUGO&VICTOR,쿠키,0
[오마뎅] 파 미니 꼬치어묵,수산물,어육가공식품,SIMPLE_PROCESSED,어묵,오마뎅,어묵,0
"DIAMOND 냉동 흰다리 새우살 30마리 (냉동), 300g, 2팩 13,900원 (100g당 2,317원) 내일(일) 새벽 도착 보장 5 (6329) 최대 695원 적립",수산물,새우/게,RAW_SEAFOOD,새우,DIAMOND,새우,0
[석관동 떡볶이] 국물 떡볶이,간편식,밀키트,RTC_MEAL,밀키트,석관동 떡볶이,밀키트,0
"리얼 그레이티드 파마산치즈, 227g, 1개 2%7,500원 7,350원 (10g당 324원) 내일(일) 새벽 도착 보장 5 (3754) 최대 368원 적립",유제품,치즈,DAIRY,파마산 치즈,리얼,파마산 치즈,0
"비비고 군만두 (냉동), 450g, 2개입 6%9,980원 9,380원 (100g당 1,042원) 내일(일) 새벽 도착 보장 5 (23859) 최대 469원 적립",간편식,냉동식품,FROZEN_MEAL,냉동 만두,비비고,냉동 만두,0
[비비고] 순살삼치구이,간편식,레트로트,RTC_MEAL,레트로트,비비고,레트로트,0
"큐피 마요네즈, 450g, 1개 30%13,000원 9,000원 (100g당 2,000원) 내일(일) 새벽 도착 보장 5 (107) 최대 450원 적립",조미료,양념/소스,SAUCE_SEASONING,마요네즈,큐피,마요네즈,0
[올더뮤] 뮤신 아쿠아 청포도맛 10개입,미등록 카테고리,기타,UNKNOWN,기타,올더뮤,기타,0
"한강식품 IQFF 무항생제 인증 닭다리살 (냉동), 1kg, 1개 14,130원 (100g당 1,413원) 내일(일) 새벽 도착 보장 5 (1092) 최대 706원 적립",육류/계란,닭고기,RAW_MEAT,닭다리살,한강식품,닭다리살,0
[대흥] 다이버가 채취한 자연산 해삼 180g (생물),수산물,조개/전복,RAW_SEAFOOD,해삼,대흥,해삼,0
[오뗄] 오팜 소시지 700g,육류/계란,가공육(햄/소시지),PROCESSED_MEAT,소시지,오뗄,소세지,0
[만선] 남해안 왕바지락 500g (생물),수산물,조개/전복,RAW_SEAFOOD,바지락,만선,바지락,0
"햇님마을 양념이 잘 어우러지는 국산 고춧가루 보통매운맛, 110g, 1개 6,900원 (100g당 6,273원) 내일(일) 새벽 도착 보장 5 (7666) 최대 345원 적립",조미료,가루분말,SAUCE_SEASONING,고춧가루,햇님마을,고춧가루,0
"무농약 인증 맑은물에 참좋은 국산콩나물, 500g, 1개 2,400원 (100g당 480원) 내일(일) 새벽 도착 보장 4.5 (98620) 최대 120원 적립",채소/곡물류,채소,RAW_PRODUCE,콩나물,맑은물에,콩나물,0
[하인즈] 50% 슈가앤솔트 케찹 435g,조미료,양념/소스,SAUCE_SEASONING,케찹,하인즈,케첩,0
[땅끝농협] 국산 다진마늘 260g,조미료,양념/소스,SAUCE_SEASONING,다진 마늘,농협,기타 소스,0
"아쿠아시스 무라벨 생수, 500ml, 40개 8,970원 (100ml당 45원) 내일(일) 도착 보장 5 (19912) 최대 400원 적립",음료,생수,BEVERAGE,생수,아쿠아시스,생수,0
[올즙] 도라지배스틱 50포,미등록 카테고리,기타,UNKNOWN,기타,올즙,기타,0
[선물세트] Make you Healthy 엑스트라버진 올리브오일 캡슐 14포 X 2박스 (+쇼핑백 증정),미등록 카테고리,기타,UNKNOWN,기타,Make you Healthy,기타,0
[레오나르디] 모데나산 콘디멘토 로즈 화이트 발사믹,조미료,양념/소스,SAUCE_SEASONING,화이트 발사믹 식초,레오나르디,발사믹 식초,0
[비비드키친] 저당 돈까스소스,조미료,양념/소스,SAUCE_SEASONING,돈까스 소스,비비드키친,돈까스 소스,0
"노르웨이산 고등어살 (냉동), 1kg, 1개 26,120원 (100g당 2,612원) 내일(일) 새벽 도착 보장 5 (2758) 최대 1,306원 적립",수산물,생선,RAW_SEAFOOD,고등어,,고등어,0
[굽네] 볼케이노 통등심 돈카츠 280g (냉동),간편식,냉동식품,FROZEN_MEAL,냉동 돈까스,굽네,냉동 돈까스,0
[동광젓갈] 웰빙낙지젓,간편식,반찬류,SIMPLE_PROCESSED,낙지젓갈,동광젓갈,젓갈,0
[선물세트] 브로이어 벨기에 어쏘트먼트 초콜릿 16P,간식류,초콜릿/사탕,SNACK,초콜릿,브로이어,초콜릿,0
"오뚜기 순후추, 240g, 1개 9,500원 (10g당 396원) 내일(일) 도착 보장 5 (7266) 최대 475원 적립",조미료,향신료/허브,SAUCE_SEASONING,후추,오뚜기,후추,0
"아라보감 국내산 손질 홍합살 (냉동), 1개, 300g 6,500원 (100g당 2,167원) 내일(일) 새벽 도착 보장 4.5 (1002) 최대 293원 적립",수산물,조개/전복,RAW_SEAFOOD,홍합,아라보감,홍합,0
[PPUL] 1++(9) 한우 생갈비 450g,육류/계란,소고기,RAW_MEAT,소갈비,PPUL,갈비,0
"성경식품 지도표 재래식 성경식탁김 4g x 10p + 파래김 4g x 10p, 80g, 1개 8,900원 (10g당 1,113원) 내일(일) 도착 보장 5 (4912) 최대 445원 적립",상온식품,김/자반,DRIED_SEAFOOD,김,성경식품,김,0
"비비고 고단백 순살 삼치구이, 60g, 1개 25%5,980원 4,480원 (100g당 7,467원) 내일(일) 새벽 도착 보장 4.5 (12054) 최대 224원 적립",간편식,레트로트,RTC_MEAL,레트로트,비비고,레트로트,0
"햇님마을 국산 100% 깨가 쏟아지는 우리집 볶음참깨, 105g, 1개 7,980원 (100g당 7,600원) 내일(일) 새벽 도착 보장 5 (2451) 최대 399원 적립",채소/곡물류,쌀/잡곡,GRAIN,참깨,햇님마을,기타 잡곡,0
[99소시지] 삼겹 후랑크 소시지 1kg (500gX2EA),육류/계란,가공육(햄/소시지),PROCESSED_MEAT,소시지,99소시지,소세지,0
친환경 가지 2입,채소/곡물류,채소,RAW_PRODUCE,가지,친환경,가지,0
"백설 옥수수유, 1.8L, 1개 26%10,800원 7,900원 (100ml당 439원) 내일(일) 새벽 도착 보장 5 (5166) 최대 395원 적립",조미료,식용유/기름,SAUCE_SEASONING,옥수수유,백설,기타 기름,0
[진가] 삼선 해물 누룽지탕,간편식,밀키트,RTC_MEAL,밀키트,진가,밀키트,0
[CU 픽업] 더그레그라슈냉블랑,술,와인,ALCOHOL,화이트 와인,,화이트 와인,0
[덕화명란] MSC 인증 백명란 100g,수산물,어란,RAW_SEAFOOD,백명란,덕화명란,명란,0
[농협풍산김치] 맛있는 어린이 백김치,간편식,반찬류,SIMPLE_PROCESSED,백김치,농협,백김치,0
[카페마마스] 시그니처 리코타 치즈 230g,유제품,치즈,DAIRY,리코타 치즈,카페마마스,리코타 치즈,0
"오뚜기 오쉐프 진한라면 스프, 285g, 2개 1%6,760원 6,650원 (100g당 1,167원) 내일(일) 도착 보장 4.5 (32546) 최대 333원 적립",조미료,조미료,SAUCE_SEASONING,라면스프,오뚜기,기타 조미료,0
[호밍스 초간편 국물요리] 고추장 짜글이,간편식,레트로트,RTC_MEAL,레트로트,호밍스 초간편 국물요리,레트로트,0
"하림 IFF 무항생제 인증 닭가슴살 다짐육 이유식용 2단계 (냉동), 300g, 1개 5,460원 (100g당 1,820원) 내일(일) 새벽 도착 보장 5 (6297) 최대 273원 적립",육류/계란,닭고기,RAW_MEAT,닭 다짐육,하림,닭 다짐육,0
"카누 미니 디카페인 아메리카노 스틱 원두커피믹스, 0.9g, 30개입, 2개 16,780원 (10g당 3,107원) 내일(일) 도착 보장 5 (69273) 최대 839원 적립",음료,커피/차,BEVERAGE,커피가루,카누,커피,0
"곰곰 요리하기 편한 절단낙지 (냉동), 500g, 1개 16%12,990원 10,890원 (10g당 218원) 내일(일) 새벽 도착 보장 4.5 (2064) 최대 545원 적립",수산물,오징어/문어,RAW_SEAFOOD,낙지,곰곰,낙지,0
[아그리폼] 그라나 파다노 스낵 치즈 100g,유제품,치즈,DAIRY,그라노 파다노,아그리폼,그라노 파다노 치즈,0
"국내산 깐더덕, 200g, 1개 10,390원 (100g당 5,195원) 내일(일) 새벽 도착 보장 4.5 (6223) 최대 520원 적립",채소/곡물류,채소,RAW_PRODUCE,더덕,,더덕,0
[올핏] 당제로 이지어트 파인애플사이다 비니거 14포,미등록 카테고리,기타,UNKNOWN,기타,올핏,기타,0
"오설록 피치 블랙티 티백, 2g, 20개입, 1개 쿠폰할인6%10,230원 9,570원 (10g당 2,393원) 내일(일) 도착 보장 5 (167) 최대 479원 적립",음료,커피/차,BEVERAGE,블랙티,오설록,홍차,0
[오뚜기] 옛날 쌀엿(조청) 2종 (택1),조미료,양념/소스,SAUCE_SEASONING,조청,오뚜기,조청,0
[기라델리] 스퀘어백 초콜릿 6종 (택1),간식류,초콜릿/사탕,SNACK,초콜릿,기라델리,초콜릿,0
"면사랑 밀떡볶이떡, 1kg, 2개 6,900원 (100g당 345원) 내일(일) 새벽 도착 보장 5 (8140) 최대 345원 적립",간식류,떡,SNACK,밀떡,면사랑,떡,0
[올덴버거] 독일 멸균우유 1L,유제품,우유/두유,DAIRY,우유,올덴버거,우유,0
[맥파이앤타이거] 논카페인 티백 3종 (택1),음료,커피/차,BEVERAGE,티백,맥파이앤타이거,티백,0
[THE짙은] YBD 앞다리 구이용 300g (냉장),육류/계란,돼지고기,RAW_MEAT,돼지 앞다리살,THE짙은,앞다리살,0
[폰타나] 이탈리아 정통 파스타면 4종 (택1),채소/곡물류,면류,GRAIN,파스타면,폰타나,파스타면,0
[오가닉스토리] 유기농 발아 보리차 500g,음료,커피/차,BEVERAGE,보리차,오가닉스토리,보리차,0
[옳곡] 땅콩약과 (30g X 10개),간식류,디저트/케이크,BAKERY,약과,옳곡,약과,0
"우리땅 유기가공식품 인증 다진 비트 (냉동), 100g, 1개 3,700원 (100g당 3,700원) 내일(일) 새벽 도착 보장 5 (2624) 최대 185원 적립",채소/곡물류,채소,RAW_PRODUCE,비트,우리땅,비트,0
"청정원순창 쇠고기 볶음 고추장, 60g, 3개 4,800원 (100g당 2,667원) 내일(일) 새벽 도착 보장 5 (1635) 최대 240원 적립",조미료,양념/소스,SAUCE_SEASONING,볶음고추장,청정원순창,고추장,0
[PNB] 고소한 수제 전병 4종 (택1),간식류,과자/스낵,SNACK,전병,PNB,강정/한과,0
[선물세트] 법성포참맛 프리미엄 굴비 오가세트 1.4kg,수산물,멸치/건어물,DRIED_SEAFOOD,굴비,법성포참맛,굴비,0
[더브레드블루] 무화과깜빠뉴 500g,간식류,빵류,BAKERY,깜빠뉴,더브레드블루,깜빠뉴,0
"오뚜기 라이트앤조이 당을줄인 스틱딸기잼, 20g, 10개 3%4,280원 4,150원 (100g당 2,075원) 내일(일) 새벽 도착 보장 5 (465) 최대 208원 적립",상온식품,잼/스프레드,SAUCE_SEASONING,딸기잼,오뚜기,딸기잼,0
검정강낭콩 500g,채소/곡물류,쌀/잡곡,GRAIN,강낭콩,검정강낭콩,콩,0
[이어수산] 8단계 선별한 군산 꽃새우 100g,수산물,새우/게,RAW_SEAFOOD,새우,이어수산,새우,0
[옳곡] 피스타치오 웨하스 63g,간식류,과자/스낵,SNACK,웨하스,옳곡,웨하스,0
[KF365] 미국산 돼지고기 삼겹살 찌개용 300g,육류/계란,돼지고기,RAW_MEAT,삼겹살,KF365,삼겹살,0
"서울우유 A2플러스 우유, 2개, 1.7L 12,310원 (100ml당 362원) 내일(일) 새벽 도착 보장 5 (18175) 최대 615원 적립",유제품,우유/두유,DAIRY,우유,서울우유,우유,0
[마마리] 국산 돼지고기를 가득 담은 짜장소스,조미료,양념/소스,SAUCE_SEASONING,짜장소스,마마리,기타 소스,0
"오뚜기 옛날 구수한 누룽지 60G 18개 11,500원 (100g당 1,065원) 2/11(수) 도착 예정 5 (12579) 최대 575원 적립",간식류,과자/스낵,SNACK,누룽지,오뚜기,누룽지,0
"자연건조 덕장명인 용대리 황태채 (냉동), 150g, 1개 11,900원 (100g당 7,933원) 내일(일) 새벽 도착 보장 4.5 (6532) 최대 545원 적립",수산물,멸치/건어물,DRIED_SEAFOOD,황태,덕장명인 용대리,황태,0
"오뚜기 진라면 순한맛 120g, 20개 15%15,680원 13,200원 (1개당 660원) 내일(일) 도착 보장 새 상품, 반품-미개봉 (13) 최저12,010원 5 (199631) 최대 660원 적립",간편식,라면,INSTANT,진라면 순한맛,오뚜기,국물라면,0
"곰곰 비정제 유기농 사탕수수원당, 1kg, 1개 37%8,000원 5,010원 (100g당 501원) 내일(일) 새벽 도착 보장 5 (166) 최대 250원 적립",조미료,조미료,SAUCE_SEASONING,원당,곰곰 ,설탕,0
바로먹는 자숙 취나물 500g,간편식,반찬류,SIMPLE_PROCESSED,취나물,,기타 반찬류,0
[제각각] 적상추 200g,채소/곡물류,채소,RAW_PRODUCE,적상추,제각각,상추,0
"파스퇴르 저온살균 저지방 우유, 900ml, 1개 4,280원 (100ml당 476원) 내일(일) 새벽 도착 보장 5 (29444) 최대 214원 적립",유제품,우유/두유,DAIRY,저지방 우유,파스퇴르,저지방 우유,0
[꼬손] 순수 지미 명품 참기름 180mL (국산 100%),조미료,식용유/기름,SAUCE_SEASONING,참기름,꼬손,참기름,0
[KF365] 춘천식 닭갈비 (냉동) 1.2kg (300g*4ea),간편식,밀키트,RTC_MEAL,밀키트,KF365,밀키트,0
"세브란스에이투 전용목장 단백우유, 125ml, 12개 14%11,900원 10,200원 (100ml당 680원) 내일(일) 새벽 도착 보장 5 (351) 최대 510원 적립",유제품,우유/두유,DAIRY,우유,세브란스에이투,우유,0
[둥구나무] 통들깨 묵은지 들기름지짐,간편식,반찬류,SIMPLE_PROCESSED,묵은지 볶음,둥구나무,기타 반찬류,0
[바름팜] 작은 무 2종,채소/곡물류,채소,RAW_PRODUCE,무,바름팜,무,0
[폼포니오] 엑스트라 버진 올리브 오일 750mL,조미료,식용유/기름,SAUCE_SEASONING,올리브오일,폼포니오,올리브오일,0
[비움반찬] 꽈리고추중멸치조림,간편식,반찬류,SIMPLE_PROCESSED,멸치조림,비움반찬,기타 반찬류,0
"덴마크 소화가 잘되는 우유 락토프리, 190ml, 24개 34%26,900원 17,680원 (100ml당 388원) 내일(일) 새벽 도착 보장 5 (786) 최대 884원 적립",유제품,우유/두유,DAIRY,락토프리 우유,덴마크,락토프리 우유,0
"한음미가 2025년산 햅쌀 우리쌀 백미, 상등급, 5kg, 1개 18,900원 (100g당 378원) 내일(일) 새벽 도착 보장 4.5 (687) 최대 945원 적립",채소/곡물류,쌀/잡곡,GRAIN,쌀,한음미가,쌀,0
[비비고] 새우왕교자 315Gx2개입,간편식,냉동식품,FROZEN_MEAL,냉동 만두,비비고,냉동 만두,0
[비비고] 왕교자 만두 대용량 1.05kg,간편식,냉동식품,FROZEN_MEAL,냉동 만두,비비고,냉동 만두,0
"흰다리 새우살 (냉동), 900g 특대(26/30), 1개 18,800원 (100g당 2,089원) 내일(일) 새벽 도착 보장 5 (1453) 최대 890원 적립",수산물,새우/게,RAW_SEAFOOD,새우,흰다리,새우,0
[비브리브] 꼬박꼬밥 고단저당 자색고구마 7개입,채소/곡물류,채소,RAW_PRODUCE,고구마,비브리브,고구마,0
[블루보틀] 크래프트 인스턴트 커피 에스프레소 파우더 스틱 (3g X 10개),음료,커피/차,BEVERAGE,커피가루,블루보틀,커피,0
[김정환홍삼] 홍삼 쌍화 (30포) (+쇼핑백증정),미등록 카테고리,기타,UNKNOWN,기타,김정환홍삼,기타,0
[와인앤모어픽업]라세니 스몰배치 750mL ((미국위스키)),술,기타 주류,ALCOHOL,위스키,,위스키,0
[풀무원] 튜브형 쌈장 2종,조미료,양념/소스,SAUCE_SEASONING,쌈장,풀무원,쌈장,0
[남양] 떠먹는 불가리스 제로 요거트 딸기 (80g X 4개),유제품,요거트,DAIRY,요거트,남양,요거트,0
[선물세트] 콤비타 마누카꿀 UMF10+ 더블 세트,조미료,양념/소스,SAUCE_SEASONING,꿀,콤비타,꿀,0
[올리] 야생화꿀 (1+등급),조미료,양념/소스,SAUCE_SEASONING,꿀,올리,꿀,0
[올리타리아] 유기농 엑스트라버진 올리브오일,조미료,식용유/기름,SAUCE_SEASONING,올리브오일,올리타리아,올리브오일,0
[제로베이커리] 제로 스콘 5종 (2개입) (택1),간식류,빵류,BAKERY,스콘,제로베이커리,스콘,0
"프레벨롱 말랑고구마, 20g, 10개 13,900원 (100g당 6,950원) 내일(일) 새벽 도착 보장 5 (157) 최대 695원 적립",채소/곡물류,채소,RAW_PRODUCE,고구마,프레벨롱,고구마,0
[바비엔] 간편 삼치구이,간편식,레트로트,RTC_MEAL,레트로트,바비엔,레트로트,0
[우드앤브릭] 말돈 소금빵 (2개입),간식류,빵류,BAKERY,소금빵,우드앤브릭,소금빵,0
"내츄럴스파이스 페페로치노 홀, 18g, 1개 5,130원 (100g당 28,500원) 내일(일) 도착 보장 5 (25529) 최대 256원 적립",조미료,조미료,SAUCE_SEASONING,페퍼론치노,내츄럴스파이스,기타 조미료,0
[와인앤모어픽업]일라이저 크레이그 토스티드 배럴 750mL ((위스키)),술,기타 주류,ALCOHOL,위스키,,위스키,0
"궁금한공작소 대용량 새콤달콤 네가지맛 200개 개별포장 할인23%20,900원 15,900원 내일(일) 도착 보장 4.5 (1024) 최대 795원 적립",간식류,초콜릿/사탕,SNACK,새콤달콤,궁금한 공작소,사탕(캔디),0
[골라담기] 비비고 인기 김치 균일가 5종 (택1),간편식,반찬류,SIMPLE_PROCESSED,모둠 김치,비비고,기타 반찬류,0
[Graze Cattle]자유방목 호주산 소고기 목초 척아이롤 구이용200g,육류/계란,소고기,RAW_MEAT,척아이롤,Graze Cattle,척아이롤,0
[범산목장] 목초먹인 유기농 우유 1000mL,유제품,우유/두유,DAIRY,우유,범산목장,우유,0
[와인앤모어픽업]코노수르 20배럴 까베르네소비뇽 ((와인)),술,와인,ALCOHOL,레드 와인,,레드 와인,0
[쿠즈락] 휴게소 원조 소떡소떡,간편식,냉동식품,FROZEN_MEAL,소떡소떡,쿠즈락,기타 냉동식품,0
[벨지오이오소] 프로볼론 치즈 스낵팩 170g,유제품,치즈,DAIRY,치즈,벨지오이오소,기타 치즈,0
[야미얼스] 유기농 후르츠 스낵 젤리 178.2g,간식류,초콜릿/사탕,SNACK,젤리,야미얼스,젤리,0
[콤비타] 마누카꿀 UMF 20+ (+쇼핑백 증정),조미료,양념/소스,SAUCE_SEASONING,꿀,콤비타,꿀,0
"[캐나다 빵집, 불라트] 불라트 올리브 치아바타 디너롤 (45g X 12개)",간식류,빵류,BAKERY,치아바타,"캐나다 빵집, 불라트",치아바타,0
[한생]  바로담아 국산 들기름 180mL,조미료,식용유/기름,SAUCE_SEASONING,들기름,바로담아,들기름,0
[자연실록] 동물복지 매콤한 닭갈비 400g (냉장),간편식,밀키트,RTC_MEAL,밀,자연실록,밀키트,0
"청정원 순창 태양초 찰고추장, 200g, 1개 4,290원 (100g당 2,145원) 내일(일) 도착 보장 5 (194028) 최대 215원 적립",조미료,양념/소스,SAUCE_SEASONING,고추장,청정원,고추장,0
[매일] 오리지널 우유 1.5L,유제품,우유/두유,DAIRY,우유,매일,우유,0
[상하치즈] 브리 자연치즈 100g,유제품,치즈,DAIRY,치즈,상하치즈,기타 치즈,0
[목우촌목장] 국내산 소고기 불고기 200g,육류/계란,소고기,RAW_MEAT,불고기용 소고기,목우촌목장,불고기,0
[모두의식단] 냉장 닭가슴살 2종 100g (1/4/10개입),육류/계란,닭고기,RAW_MEAT,닭가슴살,모두의식단,닭가슴살,0
[그로서리서울] 찰보리 흑미 곤약밥 (4개입),간편식,즉석밥,INSTANT,즉석밥 곤약,그로서리서울,즉석밥,0
"국내산 흙당근, 1개입, 1개 980원 (1개당 980원) 내일(일) 새벽 도착 보장 4.5 (84919) 최대 49원 적립",채소/곡물류,채소,RAW_PRODUCE,당근,,당근,0
"연세우유 전용목장 흰우유, 900ml, 1개 2,780원 (100ml당 309원) 내일(일) 새벽 도착 보장 5 (32913) 최대 139원 적립",유제품,우유/두유,DAIRY,우유,연세우유,우유,0
"롯데웰푸드 크런키 초콜릿, 34g, 12개 12,460원 (10g당 305원) 내일(일) 도착 보장 5 (14853) 최대 623원 적립",간식류,초콜릿/사탕,SNACK,초콜릿,롯데,초콜릿,0
[몬테사노] 하몽 세라노 120g,육류/계란,가공육(햄/소시지),PROCESSED_MEAT,하몽,몬테사노,생햄,0
[파미고] 유기농 엑스트라 버진 올리브 오일 500mL,조미료,식용유/기름,SAUCE_SEASONING,올리브오일,파미고,올리브오일,0
[햇살굽는집] 우리야채 모닝빵 (30g X 6개입),간식류,빵류,BAKERY,모닝빵,햇살굽는집,모닝빵,0
[원더풀] 껍질없는 피스타치오 200g (무염),과일/견과류,견과류,RAW_FRUIT,피스타치오,원더풀,피스타치오,0
[본죽] 비트동치미 1kg,간편식,반찬류,SIMPLE_PROCESSED,동치미,본죽,동치미,0
"맥심 모카골드 마일드 커피믹스, 12g, 190개입, 1개 27,500원 (10g당 121원) 2/12(목) 도착 예정 5 (177369) 최대 1,375원 적립",음료,커피/차,BEVERAGE,커피믹스,맥심,커피믹스,0
"파스퇴르 무항생제 인증 바른목장 우유, 125ml, 24개 29%25,200원 17,700원 (100ml당 590원) 내일(일) 도착 보장 새 상품, 반품-미개봉 (10) 최저16,810원 5 (139116) 최대 885원 적립",유제품,우유/두유,DAIRY,우유,파스퇴르,우유,0
"안흥식품 옛날 전통 그대로 할매 안흥 쌀찐빵 혼합 1500g (냉동), 50g, 30개입, 1세트 13,500원 (10g당 90원) 내일(일) 새벽 도착 보장 4.5 (10425) 최대 675원 적립",간식류,빵류,BAKERY,찐빵,안흥식품,기타 빵류,0
[샘표] 순작 유기농 고소한 메밀차 (1.5g X 40개),음료,커피/차,BEVERAGE,메밀차,샘표,기타 음료(차),0
"마당발 알마늘 (냉동), 1kg, 1개 4,900원 (100g당 490원) 내일(일) 새벽 도착 보장 4.5 (1256) 최대 245원 적립",채소/곡물류,채소,RAW_PRODUCE,마늘,마당발,마늘,0
"곰곰 데일리 식빵, 330g, 1개 1,840원 (10g당 56원) 내일(일) 새벽 도착 보장 4.5 (11940) 최대 92원 적립",간식류,빵류,BAKERY,식빵,데일리,식빵,0
"커피빈 캡틴 아메리카노 원두커피믹스, 0.9g, 90개입, 1개 21%21,000원 16,510원 (10g당 2,038원) 내일(일) 도착 보장 5 (30532) 최대 825원 적립",음료,커피/차,BEVERAGE,커피가루,커피빈,커피,0
[벨지오이오소] 스위트 마스카포네 치즈 226g,유제품,치즈,DAIRY,치즈,벨지오이오소,기타 치즈,0
[도드람한돈] 등심 카레용 500g (냉장),육류/계란,돼지고기,RAW_MEAT,돼지 등심,도드람한돈,돼지 등심,0
[Kurly's] 쫀득한 베이글(플레인)(5개입),간식류,빵류,BAKERY,베이글,Kurly's,베이글,0
"비비고 슈크림 붕어빵 (냉동), 300g, 2개 55%19,960원 8,800원 (100g당 1,467원) 내일(일) 새벽 도착 보장 5 (3938) 최대 440원 적립",간식류,디저트/케이크,BAKERY,붕어빵,비비고,기타 디저트/케이크,0
"생율무가루, 1개, 500g 9,980원 (100g당 1,996원) 2/12(목) 도착 예정 4.5 (5953) 최대 499원 적립",조미료,가루분말,SAUCE_SEASONING,율무가루,생율무가루,기타 가루분말,0
[유가원] 유기농 구운 피스타치오 130g,과일/견과류,견과류,RAW_FRUIT,피스타치오,유가원,피스타치오,0
"해태제과 연양갱, 50g, 10개 4,520원 (10g당 90원) 내일(일) 도착 보장 5 (15583) 최대 226원 적립",간식류,디저트/케이크,BAKERY,양갱,해태제과,양갱,0
친환경 유러피안 반반 상추 200g,채소/곡물류,채소,RAW_PRODUCE,상추,,상추,0
"일리 클래식 로스트 미니 스틱원두커피, 1g, 30개입, 1개 9,100원 (10g당 3,033원) 내일(일) 도착 보장 5 (6697) 최대 455원 적립",음료,커피/차,BEVERAGE,커피가루,일리 ,커피,0
한끼 깐마늘 100g,채소/곡물류,채소,RAW_PRODUCE,마늘,한끼,마늘,0
[강훈목장] 수제 드링크 요거트 딸기 500mL,유제품,요거트,DAIRY,요거트,강훈목장,요거트,0
"농심 짜파게티 140g, 10개 9,730원 (1개당 973원) 내일(일) 도착 보장 5 (458231) 최대 486원 적립",간편식,라면,INSTANT,짜파게티,농심,짜장라면,0
[유가원] 유기농 구운아몬드 150g,과일/견과류,견과류,RAW_FRUIT,아몬드,유가원,아몬드,0
[선물세트][농부플러스] 국산 저온압착참기름 2구세트 (쇼핑백증정),조미료,식용유/기름,SAUCE_SEASONING,참기름,농부플러스,참기름,0
"풀무원 직화짜장면 4인분, 1.32kg, 1개 9,980원 (100g당 756원) 내일(일) 새벽 도착 보장 5 (27122) 최대 499원 적립",간편식,밀키트,RTC_MEAL,밀키트,풀무원,밀키트,0
[유가원] 유기농 볶음땅콩 150g,과일/견과류,견과류,RAW_FRUIT,땅콩,유가원,땅콩,0
"청정원 생크림 까르보나라 파스타소스, 1kg, 1개 11,700원 (100g당 1,170원) 내일(일) 도착 보장 새 상품, 반품-미개봉 (13) 최저11,110원 4.5 (685) 최대 585원 적립",조미료,양념/소스,SAUCE_SEASONING,파스타 소스,청정원,파스타 소스,0
[Fage] 파예 플레이버 요거트 150g 4종 (택1),유제품,요거트,DAIRY,요거트,Fage,요거트,0
[도라지청년] 수제도라지정과 250g 2종 (택1) (+쇼핑백증정),간식류,디저트/케이크,BAKERY,정과,도라지청년,약과,0
[아카페라] 사이즈업 커피 350mL 5종 (택1),음료,커피/차,BEVERAGE,커피,아카페라,커피,0
[면사랑] 밀 떡볶이떡 1kg (지퍼백),간식류,떡,SNACK,밀떡,면사랑,떡,0
"곰곰 간식 소시지 오리지널, 1kg, 1개 25%14,000원 10,490원 (10g당 105원) 내일(일) 도착 보장 4.5 (19058) 최대 525원 적립",육류/계란,가공육(햄/소시지),PROCESSED_MEAT,소시지,오리지널,소세지,0
[해통령] 이유식 육수용 다시팩 96g (8입),조미료,조미료,SAUCE_SEASONING,다시팩,해통령,육수,0
[페레로] 로쉐 초콜릿 컬렉션 9개입,간식류,초콜릿/사탕,SNACK,초콜릿,페레로,초콜릿,0
[KF365] 1+등급 무항생제 백색 대란 20구,육류/계란,계란,RAW_MEAT,계란,KF365,계란,0
[로로멜로] 아이스 브륄레 80g 4종 (택1),간식류,디저트/케이크,BAKERY,브륄레,로로멜로,푸딩,0
[마이셰프] 한우 소고기 미역국,간편식,레트로트,RTC_MEAL,레트로트,마이셰프,레트로트,0
[오뚜기]가뿐한끼_매콤닭가슴살카레 130g,간편식,레트로트,RTC_MEAL,레트로트,오뚜기,레트로트,0
[유가원] 유기농 슬라이스 아몬드 토핑 140g,과일/견과류,견과류,RAW_FRUIT,아몬드,유가원,아몬드,0
[유가원] 유기농 아몬드 크리스피 60g,과일/견과류,견과류,RAW_FRUIT,아몬드,유가원,아몬드,0
[HBAF] 페퍼로니피자맛 팝콘 80g,간식류,과자/스낵,SNACK,팝콘,HBAF,팝콘,0
[이담] 산양 우유 750mL,유제품,우유/두유,DAIRY,우유,이담,우유,0
"복이네먹거리 탈피 들깨가루, 300g, 1개 23%6,500원 4,990원 (100g당 1,663원) 내일(일) 도착 보장 4.5 (2447) 최대 250원 적립",조미료,가루분말,SAUCE_SEASONING,들깨가루,복이네먹거리,들깨가루,0
[미자언니네] 하얀콩강정,간식류,과자/스낵,SNACK,강정,미자언니네,강정/한과,0
[데르뜨] 매일유업 우유 케이크 꾸미기 세트,간편식,밀키트,RTC_MEAL,밀키트,데르뜨,밀키트,0
[워커힐호텔] 포기김치 3kg,간편식,반찬류,SIMPLE_PROCESSED,배추김치,워커힐호텔,배추김치,0
[오뚜기] 유부우동 소컵 6입,간편식,라면,INSTANT,유부우동,오뚜기,우동/칼국수,0
"넛츠베리 참식품 보리떡용가루, 3kg, 1개 12,150원 (100g당 405원) 2/11(수) 도착 예정 5 (9580) 최대 608원 적립",조미료,가루분말,SAUCE_SEASONING,보리가루,넛츠베리,기타 가루분말,0
[이목] 국내산 소고기 등심 찹스테이크 200g (냉장),육류/계란,소고기,RAW_MEAT,소 등심,이목,소 등심,0
"시골 볶음참깨, 1kg, 1개 10,720원 (100g당 1,072원) 내일(일) 도착 보장 5 (3296) 최대 536원 적립",채소/곡물류,쌀/잡곡,GRAIN,참깨,,기타 잡곡,0
[베베스트] 처음먹는 칼슘 현미팝 2종,간식류,과자/스낵,SNACK,곡물 과자,베베스트,기타 과자/스낵,0
[굽네] 바사삭 크리스피 닭가슴살 3종 (1팩) (택1),간편식,냉동식품,FROZEN_MEAL,냉동 치킨,굽네,냉동 치킨,0
"미트코리아 돼지고기 목전지 제육볶음용 3mm (냉동), 1kg, 1개 11,400원 (100g당 1,140원) 내일(일) 새벽 도착 보장 4.5 (8397) 최대 570원 적립",육류/계란,돼지고기,RAW_MEAT,돼지 목전지,미트코리아,앞다리살,0
"상하목장 유기농 인증 마이리틀 플레인 요구르트, 85g, 1개입, 12개 13,820원 (10g당 135원) 내일(일) 새벽 도착 보장 5 (4716) 최대 691원 적립",유제품,요거트,DAIRY,요구르트,상하목장,요구르트,0
[선물세트] 콤비타 UMF15+ 마누카꿀 더블세트,조미료,양념/소스,SAUCE_SEASONING,꿀,콤비타,꿀,0
[풀무원] 식물성 지구식단 크리스피 두부스틱,간식류,과자/스낵,SNACK,두부 스낵,풀무원,기타 과자/스낵,0
[벨베리] 무화과잼 215g,상온식품,잼/스프레드,SAUCE_SEASONING,무화과잼,벨베리,기타 잼/스프레드,0
"샘표 쌀 소면, 800g, 2개 35%13,760원 8,840원 (100g당 553원) 내일(일) 도착 보장 5 (25328) 최대 442원 적립",채소/곡물류,면류,GRAIN,소면,샘표,소면,0
[선물세트] 아티제 카스텔라 3종 세트 (오리지널&흑미&녹차),간식류,빵류,BAKERY,카스텔라,아티제,카스텔라,0
[미트빌] 미국산 소고기 초이스 부채살300g (냉장),육류/계란,소고기,RAW_MEAT,부채살,미트빌,부채살,0
[마이셰프] 제주식 딱새우 된장찌개,간편식,레트로트,RTC_MEAL,레트로트,마이셰프,레트로트,0
[선물세트] 사층빵집 버터바 버라이어티 6종 세트 417g,간식류,빵류,BAKERY,버터바,사층빵집,기타 빵류,0
[종가] 포기김치 4kg,간편식,반찬류,SIMPLE_PROCESSED,배추김치,종가,배추김치,0
[유가원] 유기농 컬티베이티드 건블루베리 160g,과일/견과류,과일,RAW_FRUIT,블루베리,유가원,블루베리,0
"국내산 못생겨도 맛있는 당근, 700g, 1개 1,690원 (100g당 241원) 내일(일) 새벽 도착 보장 4.5 (46405) 최대 85원 적립",채소/곡물류,채소,RAW_PRODUCE,당근,,당근,0
"CJ씨푸드 주부 초밥왕 새콤달콤 유부초밥, 320g, 1개 4,280원 (100g당 1,338원) 내일(일) 새벽 도착 보장 5 (2659) 최대 214원 적립",채소/곡물류,콩/두부,SIMPLE_PROCESSED,유부,CJ,유부,0
[농심] 감자깡 250g (지퍼백),간식류,과자/스낵,SNACK,감자깡,농심,스낵,0
[유가원] 유기농 호두 120g,과일/견과류,견과류,RAW_FRUIT,호두,유가원,호두,0
[죠스떡볶이] 국물 밀떡볶이,간편식,밀키트,RTC_MEAL,밀키트,죠스떡볶이,밀키트,0
[유가원] 유기농 호두 330g,과일/견과류,견과류,RAW_FRUIT,호두,유가원,호두,0
[도시곳간] 일본식 달걀말이,간편식,반찬류,SIMPLE_PROCESSED,계란말이,도시곳간,기타 반찬류,0
[KF365] 깐마늘 200g,채소/곡물류,채소,RAW_PRODUCE,마늘,KF365,마늘,0
[커피빈] 헤이즐넛라떼 아이스크림 (100mL X 4개),간식류,디저트/케이크,BAKERY,아이스크림,커피빈,아이스크림,0
[유가원]유기농 마카다미아 쉘,과일/견과류,견과류,RAW_FRUIT,마카다미아,유가원,마카다미아,0
"토레타 이온음료 무라벨, 340ml, 20개 14,260원 (100ml당 210원) 내일(일) 도착 보장 새 상품, 반품-미개봉 (9) 최저13,540원 5 (16737) 최대 713원 적립",음료,이온음료,BEVERAGE,토레타,코카콜라,이온음료,0
[비비고] 총각김치1.5kg,간편식,반찬류,SIMPLE_PROCESSED,총각김치,비비고,총각김치,0
유기농 밀키프린스 현미 4kg,채소/곡물류,쌀/잡곡,GRAIN,현미,밀키프린스,현미,0
"곰곰 알뜰두부, 800g, 4팩 7,330원 (100g당 229원) 내일(일) 새벽 도착 보장 5 (62334) 최대 366원 적립",채소/곡물류,콩/두부,SIMPLE_PROCESSED,두부,곰곰,두부,0
"삼립 리얼 후레쉬 치즈케익, 70g, 10개입, 1개 11,900원 (10g당 170원) 내일(일) 새벽 도착 보장 4.5 (130661) 최대 595원 적립",간식류,디저트/케이크,BAKERY,치즈 케이크,삼립 ,치즈케이크,0
[타르틴베이커리] 미니 레몬 머랭 케이크 400g,간식류,디저트/케이크,BAKERY,케이크,타르틴베이커리,케이크,0
[바다원] 쥐포튀김 25g 2종 (택1),간식류,과자/스낵,SNACK,어포 스낵,바다원,스낵,0
[DARE] 브리튼 통밀 크래커 2종 (택1),간식류,과자/스낵,SNACK,크래커,DARE,크래커,0
[본죽] 메추리알 장조림 1kg,간편식,반찬류,SIMPLE_PROCESSED,메추리알 장조림,본죽,장조림,0
"가나 빅 마일드 초콜릿, 110g, 3개 8,790원 (10g당 266원) 내일(일) 도착 보장 5 (43543) 최대 440원 적립",간식류,초콜릿/사탕,SNACK,초콜릿,가나,초콜릿,0
[G7] 퓨어 블랙커피 3종 (택1),음료,커피/차,BEVERAGE,커피,G7,커피,0
[신라명과] 호밀빵 430g,간식류,빵류,BAKERY,호밀빵,신라명과,호밀빵,0
"비비드키친 저당 돈까스 소스, 285g, 1개 3,400원 (100g당 1,193원) 내일(일) 새벽 도착 보장 5 (3132) 최대 170원 적립",조미료,양념/소스,SAUCE_SEASONING,돈까스 소스,비비드키친,돈까스 소스,0
[매일] 우유속에 코코아 락토프리 (300mL X 8개),유제품,우유/두유,DAIRY,락토프리 우유,매일,락토프리 우유,0
[스미스티] No.45 페퍼민트 리브스 허브차 (1.47g X 15개),음료,커피/차,BEVERAGE,허브차,스미스티,허브차,0
친환경 깐 감자 300g,채소/곡물류,채소,RAW_PRODUCE,감자,,감자,0
[라치나타] 스모크 파프리카 파우더 핫,조미료,조미료,SAUCE_SEASONING,파프리카 파우더,라치나타,파프리카 파우더,0
"브레드가든 착한 베이킹파우더, 155g, 1개 4,400원 (100g당 2,839원) 내일(일) 도착 보장 5 (12247) 최대 220원 적립",조미료,가루분말,SAUCE_SEASONING,베이킹파우더,브레드가든,베이킹파우더,0
[투다리] 김치 오뎅 전골,간편식,밀키트,RTC_MEAL,밀,투다리,밀키트,0
[형닭마켓] 수비드 닭목살구이 250g 2종 (냉동),간편식,레트로트,RTC_MEAL,레트로트,형닭마켓,레트로트,0
[유기샘] 국산 볶은 땅콩 200g,과일/견과류,견과류,RAW_FRUIT,땅콩,유기샘,땅콩,0
[워커힐고메] 미니컵 아이스크림 4종 120mL,간식류,디저트/케이크,BAKERY,아이스크림,고메,아이스크림,0
[유기샘] 무농약 건대추 150g,과일/견과류,과일,RAW_FRUIT,대추,유기샘,대추,0
[유기샘] 생땅콩 200g,과일/견과류,견과류,RAW_FRUIT,땅콩,유기샘,땅콩,0
"서울우유 A2플러스 우유, 2개, 710ml 6,800원 (100ml당 479원) 내일(일) 새벽 도착 보장 5 (18175) 최대 340원 적립",유제품,우유/두유,DAIRY,우유,서울우유,우유,0
[브룩클린688] 호주산 목초육 부채살 구이용 300g (냉장),육류/계란,소고기,RAW_MEAT,부채살,브룩클린688,부채살,0
[고래사] 새우볼,수산물,어육가공식품,SIMPLE_PROCESSED,새우볼,고래사,기타 어육가공품,0
[유기샘] 오븐바삭 자색땅콩 200g,과일/견과류,견과류,RAW_FRUIT,땅콩,유기샘,땅콩,0
[농심] 새우깡 미니팩 30g x 4입,간식류,과자/스낵,SNACK,새우깡,농심,스낵,0
[비움반찬] 들기름 묵은지 비빔밥 (2인분),간편식,밀키트,RTC_MEAL,밀키트,비움반찬,밀키트,0
"안동맛자반 안동 간 고등어 (냉동), 1개, 220g 3,990원 (100g당 1,814원) 내일(일) 새벽 도착 보장 4 (446) 최대 178원 적립",수산물,생선,RAW_SEAFOOD,고등어,안동맛,고등어,0
"엉클탁 완두콩, 4kg, 1개 26%10,800원 7,980원 (100g당 200원) 내일(일) 도착 보장 4.5 (2340) 최대 399원 적립",채소/곡물류,콩/두부,SIMPLE_PROCESSED,완두콩,엉클탁,콩,0
[유기샘] 유기농 깐밤 150g,과일/견과류,견과류,RAW_FRUIT,밤,유기샘,밤,0
"석수 무라벨, 500ml, 60개 12,840원 내일(일) 도착 보장 5 (59544) 최대 642원 적립",음료,생수,BEVERAGE,생수,석수,생수,0
[The : 푸짐한] 햄폭탄 부대전골,간편식,레트로트,RTC_MEAL,레트로트,The : 푸짐한,레트로트,0
[이목 무항생제] 국내산 소고기 불고기용 200g (냉장),육류/계란,소고기,RAW_MEAT,불고기용 소고기,이목 무항생제,불고기,0
"[캐나다 빵집, 불라트] 오리지날 치아바타 디너롤 (45g X 12개)",간식류,빵류,BAKERY,치아바타,"캐나다 빵집, 불라트",치아바타,0
"루토사 코티드 씬컷 프라이 엑스트라크리스피 슈스트링 (냉동), 2kg, 1개 9,400원 (100g당 470원) 내일(일) 새벽 도착 보장 5 (2319) 최대 470원 적립",간편식,냉동식품,FROZEN_MEAL,냉동 감자튀김,루토사,냉동 튀김,0
[델리만쥬] 달콤 만쥬 300g,간식류,빵류,BAKERY,만쥬,델리만쥬,기타 빵류,0
"푸드앤픽 서산농협 청풍명월 농협쌀 백미, 20kg, 1개, 상등급 63,500원 (100g당 318원) 내일(일) 도착 보장 5 (204) 최대 3,175원 적립",채소/곡물류,쌀/잡곡,GRAIN,쌀,농협,쌀,0
[블루보틀] 콜드브루 커피 RTD 236mL 2종 (택1),음료,커피/차,BEVERAGE,커피,블루보틀,커피,0
[일동후디스] 아이얌 큐브치즈 3종,유제품,치즈,DAIRY,치즈,일동후디스,기타 치즈,0
[은하수산] 연어배꼽살 회 100g (냉장),수산물,생선,RAW_SEAFOOD,연어회,은하수산,연어 회,0
[도드람한돈] 도깨비살(앞다리) 구이용 500g (냉장),육류/계란,돼지고기,RAW_MEAT,돼지 앞다리살,도드람한돈,앞다리살,0
"대구농산 불릴필요없는 귀리쌀, 4kg, 1개 49%15,900원 7,980원 (100g당 200원) 내일(일) 도착 보장 4.5 (7448) 최대 399원 적립",채소/곡물류,쌀/잡곡,GRAIN,쌀,대구농산,쌀,0
[CU 픽업] 올트모어12년,술,기타 주류,ALCOHOL,위스키,올트모어,위스키,0
"곰곰 순후추, 100g, 1개 19%5,400원 4,330원 (10g당 433원) 내일(일) 도착 보장 5 (3098) 최대 216원 적립",조미료,향신료/허브,SAUCE_SEASONING,후추,곰곰,후추,0
"햇살담은 저당 맛간장, 500ml, 1개 35%9,980원 6,450원 (100ml당 1,290원) 내일(일) 도착 보장 5 (1308) 최대 323원 적립",조미료,양념/소스,SAUCE_SEASONING,간장,햇살담은,간장,0
"탐사 샘물 무라벨, 500ml, 80개 42%25,960원 14,990원 (100ml당 37원) 내일(일) 도착 보장 5 (271873) 최대 750원 적립",음료,생수,BEVERAGE,생수,탐사,생수,0
[종가] 현명한주부 포기김치10kg,간편식,반찬류,SIMPLE_PROCESSED,배추김치,종가,배추김치,0
[상하목장] 유기농 멸균 우유 코코아 125mL 2종 (택1),유제품,우유/두유,DAIRY,코코아,상하목장,기타 유음료,0
[켈로그] 프링글스 치즈맛 110g,간식류,과자/스낵,SNACK,프링글스,켈로그,기타 과자/스낵,0
[자연원] 냉동 딸기 바나나 믹스 (600g),과일/견과류,냉동과일,SIMPLE_PROCESSED,냉동 과일믹스,자연원,냉동 과일믹스,0
[농심] 짜파게티 20입,간편식,라면,INSTANT,짜파게티,농심,짜장라면,0
"편안하게 소화되는 신선한 1A 우유, 900ml, 2개 4,990원 (100ml당 277원) 내일(일) 새벽 도착 보장 5 (62195) 최대 250원 적립",유제품,우유/두유,DAIRY,우유,편안하,우유,0
"카누 미니 디카페인 아메리카노 스틱 원두커피믹스, 0.9g, 30개입, 1개 8,590원 (10g당 3,181원) 내일(일) 새벽 도착 보장 5 (703) 최대 430원 적립",음료,커피/차,BEVERAGE,커피가루,카누,커피,0
[세이카] 껍질째 먹는 젤리 6종,간식류,초콜릿/사탕,SNACK,젤리,세이카,젤리,0
[태우한우] 한우 언양식 불고기 180g(냉동),간편식,레트로트,RTC_MEAL,레트로트,태우한우,레트로트,0
[매일] 매일우유 후레쉬팩 저지방 1% 900mL,유제품,우유/두유,DAIRY,저지방 우유,매일,저지방 우유,0
"국내산 친환경 깐마늘, 150g, 1개 3,280원 (100g당 2,187원) 내일(일) 새벽 도착 보장 4.5 (10230) 최대 164원 적립",채소/곡물류,채소,RAW_PRODUCE,마늘,,마늘,0
[오뚜기] 뿌셔뿌셔 떡볶이맛 90g,간식류,과자/스낵,SNACK,뿌셔뿌셔,오뚜기,스낵,0
"광천김 바삭바삭 파래김, 4g, 16개 36%11,000원 6,980원 (10g당 1,091원) 내일(일) 도착 보장 4.5 (4714) 최대 349원 적립",상온식품,김/자반,DRIED_SEAFOOD,김,광천김,김,0
[바다원] 홍새우 100g,수산물,새우/게,RAW_SEAFOOD,새우,바다원,새우,0
"청정원 스모크햄, 1kg, 1개 32%10,990원 7,370원 (10g당 74원) 내일(일) 새벽 도착 보장 4.5 (6630) 최대 369원 적립",육류/계란,가공육(햄/소시지),PROCESSED_MEAT,햄,청정원,햄,0
[종가] 파김치 900g,간편식,반찬류,SIMPLE_PROCESSED,파김치,종가,파김치,0
"파워에이드 마운틴블라스트 무라벨, 355ml, 20개 16,310원 (100ml당 230원) 내일(일) 도착 보장 새 상품, 반품-미개봉 (3) 최저15,490원 5 (2358) 최대 815원 적립",음료,이온음료,BEVERAGE,파워에이드,코카콜라,이온음료,0
"해야미 이카소멘 오징어소면, 100g, 1개 20%9,900원 7,900원 (100g당 7,900원) 내일(일) 도착 보장 4.5 (3536) 최대 395원 적립",수산물,어육가공식품,SIMPLE_PROCESSED,오징어 소면,해야미,기타 어육가공품,0
[자연원] 냉동 유기농 애플망고 500g,과일/견과류,냉동과일,SIMPLE_PROCESSED,냉동 망고,자연원,냉동 망고,0
[베베쿡] 쌀쿵 10개입 2종,간식류,과자/스낵,SNACK,쌀과자,베베쿡,강정/한과,0
[풀무원] 3분간편 통영멸치볶음  KIT,간편식,반찬류,SIMPLE_PROCESSED,멸치볶음,풀무원,기타 반찬류,0
[땡스오트] 리얼 그래놀라 3종 (택1),상온식품,시리얼,GRAIN,그래놀라,땡스오트,그래놀라,0
"일가집 오이피클 슬라이스, 200g, 1개 1,780원 (100g당 890원) 내일(일) 새벽 도착 보장 5 (5083) 최대 89원 적립",간편식,반찬류,SIMPLE_PROCESSED,피클,일가집,피클,0
"서울우유 나100% 저지방우유, 2.3L, 2개 14,410원 (100ml당 313원) 내일(일) 새벽 도착 보장 5 (180162) 최대 720원 적립",유제품,우유/두유,DAIRY,저지방 우유,서울우유,저지방 우유,0
[오백년장어] 나홀로 민물양념장어,간편식,밀키트,RTC_MEAL,밀키트,오백년장어,밀키트,0
[마즈] 초코 펀사이즈 믹스 3 버라이어티팩 750g,간식류,초콜릿/사탕,SNACK,초콜릿,마즈,초콜릿,0
[SOUPER] 뉴잉글랜드 클램차우더 200g,간편식,레트로트,RTC_MEAL,레트로트,SOUPER,레트로트,0
[고디바] 지큐브 다크 초콜릿 7P,간식류,초콜릿/사탕,SNACK,다크 초콜릿,고디바,다크 초콜릿,0
[해조랑] 밥에 뿌려먹고 비벼먹는 새우,조미료,조미료,SAUCE_SEASONING,후리카케,해조랑,후리카케,0
"데체코 올리오 엑스트라 버진 디 올리바, 1000ml, 1개 39%37,000원 22,300원 (100ml당 2,230원) 내일(일) 새벽 도착 보장 5 (1888) 최대 1,115원 적립",조미료,식용유/기름,SAUCE_SEASONING,올리브오일,데체코,올리브오일,0
[안주플래터] 손질 먹태 120g (소스 증정),수산물,멸치/건어물,DRIED_SEAFOOD,먹태,안주플래터,먹태,0
[쉐이크 포케] 포케 샐러드 3종,간편식,샐러드팩,RTC_MEAL,포케 샐러드,쉐이크 포케,포케,0
"국내산 고구마, 1kg(중), 1개 5,090원 (100g당 509원) 내일(일) 새벽 도착 보장 4.5 (1522) 최대 255원 적립",채소/곡물류,채소,RAW_PRODUCE,고구마,,고구마,0
[Kim's butcher] 미국산 초이스 부채살 스테이크 250g,육류/계란,소고기,RAW_MEAT,부채살,Kim's butcher,부채살,0
[풀무원] 현미 또띠아 8인치 (5입),간식류,빵류,BAKERY,또띠아,풀무원,또띠아,0
"국내산 구이용 양송이버섯, 140g, 1개 3,490원 (100g당 2,493원) 내일(일) 새벽 도착 보장 5 (37029) 최대 175원 적립",채소/곡물류,버섯,RAW_PRODUCE,송이버섯,,송이버섯,0
"스테비아스위트 마일드 스테비아 커피믹스, 9.6g, 30개입, 1개 20%10,900원 8,710원 (10g당 302원) 내일(일) 새벽 도착 보장 4.5 (759) 최대 435원 적립",음료,커피/차,BEVERAGE,커피믹스,스테비아스위트,커피믹스,0
"코카콜라 오리지널 무라벨, 370ml, 6개 10%8,900원 7,980원 (100ml당 359원) 내일(일) 도착 보장 5 (20988) 최대 399원 적립",음료,탄산음료,BEVERAGE,코카콜라,코카콜라,콜라,0
"국내산 무, 1개입, 3개 4,790원 (1개당 1,597원) 내일(일) 새벽 도착 보장 4.5 (269495) 최대 240원 적립",채소/곡물류,채소,RAW_PRODUCE,무,,무,0
[루스티켈라] 파스타면 6종 (택1),채소/곡물류,면류,GRAIN,파스타면,루스티켈라,파스타면,0
"청정원 우리쌀 크림수프, 60g, 3개 24%4,200원 3,170원 (100g당 1,761원) 내일(일) 새벽 도착 보장 5 (1108) 최대 159원 적립",간편식,레트로트,RTC_MEAL,레트로트,청정원,레트로트,0
[맑은물에] 연천콩 흑임자 콩물 500ml /1000ml,채소/곡물류,콩/두부,SIMPLE_PROCESSED,콩물,맑은물에,기타 콩/두부,0
[청정원] 고소한 마요네즈 800g,조미료,양념/소스,SAUCE_SEASONING,마요네즈,청정원,마요네즈,0
[차려낸] 순살 고등어구이 80g X 2입,간편식,레트로트,RTC_MEAL,레트로트,차려낸,레트로트,0
[백설] 100% 통들깨 들기름 320mL,조미료,식용유/기름,SAUCE_SEASONING,들기름,백설,들기름,0
[선물세트] 페이장브레통 데일리 치즈 세트,유제품,치즈,DAIRY,치즈,페이장브레통,기타 치즈,0
"남양유업 이오 요구르트, 80ml, 10개입, 3개 9,780원 (10ml당 41원) 내일(일) 새벽 도착 보장 5 (138292) 최대 489원 적립",유제품,요거트,DAIRY,요구르트,남양,요구르트,0
"청정원 베이컨 앤 크림 까르보나라 파스타 소스, 350g, 1개 7%6,950원 6,450원 (100g당 1,843원) 내일(일) 도착 보장 4.5 (14671) 최대 323원 적립",조미료,양념/소스,SAUCE_SEASONING,파스타 소스,청정원,파스타 소스,0
[창화당] 쫄비빔만두,간편식,밀키트,RTC_MEAL,밀키트,창화당,밀키트,0
"백설 숯불갈비맛 후랑크, 120g, 2개 21%3,360원 2,650원 (10g당 110원) 내일(일) 새벽 도착 보장 5 (5628) 최대 133원 적립",육류/계란,가공육(햄/소시지),PROCESSED_MEAT,핫바,백설,핫바,0
[자연원] 망고 듬뿍 냉동 망바파 믹스 (600g),과일/견과류,냉동과일,SIMPLE_PROCESSED,냉동 과일믹스,자연원,냉동 과일믹스,0
"곰곰 콩두부, 500g, 4개 6,180원 (100g당 309원) 내일(일) 새벽 도착 보장 5 (340248) 최대 309원 적립",채소/곡물류,콩/두부,SIMPLE_PROCESSED,두부,곰곰,두부,0
[오뗄두스] 사브레 쿠키 세트 (5개입),간식류,과자/스낵,SNACK,쿠키,오뗄두스,쿠키,0
[테라큐민] 슈퍼플러스 100 (60포),미등록 카테고리,기타,UNKNOWN,기타,테라큐민,기타,0
[혜인담] 홍삼정과골드 (30g x 8포),미등록 카테고리,기타,UNKNOWN,기타,혜인담,기타,0
"고메 소바바치킨 소이허니 순살 (냉동), 375g, 2개 36%19,960원 12,760원 (100g당 1,701원) 내일(일) 새벽 도착 보장 5 (18522) 최대 638원 적립",간편식,냉동식품,FROZEN_MEAL,냉동 치킨,고메,냉동 치킨,0
[CJ] 행복한콩 반모두부(150G+150G),채소/곡물류,콩/두부,SIMPLE_PROCESSED,두부,CJ,두부,0
"하루견과 믹스넛 넛츠 앤 요거트, 20g, 30개 28%24,900원 17,900원 (100g당 2,983원) 내일(일) 새벽 도착 보장 4.5 (42) 최대 895원 적립",유제품,요거트,DAIRY,요거트,하루견과,요거트,0
"빽다방 커피믹스 스틱커피, 12g, 100개입, 1개 16,520원 (10g당 138원) 내일(일) 도착 보장 4.5 (1558) 최대 826원 적립",음료,커피/차,BEVERAGE,커피믹스,빽다방,커피믹스,0
"[이금기] 치킨파우더, 1kg, 1개 21%20,880원 16,380원 (100g당 1,638원) 내일(일) 도착 보장 5 (22399) 최대 819원 적립",조미료,조미료,SAUCE_SEASONING,치킨파우더,이금기,육수,0
"토레타 제로 무라벨 이온음료, 340ml, 20개 14,720원 (100ml당 216원) 내일(일) 도착 보장 5 (3763) 최대 736원 적립",음료,이온음료,BEVERAGE,토레타,코카콜라,이온음료,0
[자연원] 망고 듬뿍 냉동 아망파 믹스 (600g),과일/견과류,냉동과일,SIMPLE_PROCESSED,냉동 과일믹스,자연원,냉동 과일믹스,0
"새우깡, 90g, 5개 5,800원 (10g당 129원) 내일(일) 도착 보장 5 (105520) 최대 290원 적립",간식류,과자/스낵,SNACK,새우깡,농심,스낵,0
[동원] Dole 워터젤리 망고 130ml X 10개입,간식류,초콜릿/사탕,SNACK,젤리,동원,젤리,0
[산수골목장] 햄이야기,육류/계란,가공육(햄/소시지),PROCESSED_MEAT,햄,산수골목장,햄,0
[KF365] 한돈 등갈비 800g(냉장),육류/계란,돼지고기,RAW_MEAT,돼지 등갈비,KF365,등갈비,0
[둥구나무] 파김치,간편식,반찬류,SIMPLE_PROCESSED,파김치,둥구나무,파김치,0
[장수엿] 장수땅콩엿 선물세트 20개입,간식류,초콜릿/사탕,SNACK,엿,장수엿,엿,0
[아이농] 친환경 방울토마토500g,채소/곡물류,채소,RAW_PRODUCE,방울토마토,아이농,방울토마토,0
[CU 픽업] 9라이브스리저브리즐링 6본,술,와인,ALCOHOL,화이트 와인,,화이트 와인,0
[델몬트] 슈퍼 스위트콘 (380g X 4),간편식,샐러드팩,RTC_MEAL,스위트콘,델몬트,샐러드,0
"집반찬연구소 미역줄기 볶음, 110g, 1개 3,800원 (10g당 345원) 내일(일) 새벽 도착 보장 4.5 (1810) 최대 190원 적립",간편식,반찬류,SIMPLE_PROCESSED,미역줄기 볶음,집반찬연구소,기타 반찬류,0
[하림] 안동식 찜닭 밀키트,간편식,밀키트,RTC_MEAL,밀키트,하림,밀키트,0
"해태아이스크림 누가바 (냉동), 70ml, 6개입, 1개 3,530원 (10ml당 84원) 내일(일) 새벽 도착 보장 5 (14622) 최대 176원 적립",간식류,디저트/케이크,BAKERY,아이스크림,해태아이스크림,아이스크림,0
[올반] 모짜체다 찰 핫도그 400g(80gX5개입),간편식,냉동식품,FROZEN_MEAL,냉동 핫도그,올반,냉동 핫도그,0
[우리밀] 야채쌀건빵 120g,간식류,빵류,BAKERY,건빵,우리밀,기타 빵류,0
[둥구나무] 쑥갓나물,간편식,반찬류,SIMPLE_PROCESSED,쑥갓나물,둥구나무,기타 반찬류,0
[기장물산] 레몬갈릭소스 해초샐러드 5입,간편식,샐러드팩,RTC_MEAL,샐러드,기장물산,샐러드,0
"곰곰 콩두부, 500g, 4개 6,180원 (100g당 309원) 내일(일) 새벽 도착 보장 5 (340234) 최대 309원 적립",채소/곡물류,콩/두부,SIMPLE_PROCESSED,두부,곰곰,두부,0
[KC] 노랑 옥수수 2종,채소/곡물류,채소,RAW_PRODUCE,옥수수,KC,옥수수,0
[성진] 국내산 감자 전분맛(용기형) 450g,조미료,가루분말,SAUCE_SEASONING,감자전분,성진,감자전분,0
"국내산 청상추, 400g, 1봉 5,500원 (100g당 1,375원) 내일(일) 새벽 도착 보장 5 (156609) 최대 275원 적립",채소/곡물류,채소,RAW_PRODUCE,청상추,,상추,0
[언더프레셔] 에스프레소 커피원액 400mL,음료,커피/차,BEVERAGE,커피,언더프레셔,커피,0
"친환경 인증 국내산 골드팽이버섯, 200g, 1개 2,760원 (100g당 1,380원) 내일(일) 새벽 도착 보장 5 (13609) 최대 138원 적립",채소/곡물류,버섯,RAW_PRODUCE,팽이버섯,친환경,팽이버섯,0
[백설] 유자샐러드소스 250g,조미료,양념/소스,SAUCE_SEASONING,유자 드레싱,백설,기타 소스,0
[얼리키친] 피칸 파이 120g,간식류,디저트/케이크,BAKERY,파이,얼리키친,파이,0
[A.C.퍼치스] 버라이어티 티백세트 & 에디션덴마크 머그,음료,커피/차,BEVERAGE,티백,덴마크,티백,0
[CU 픽업] 818데킬라블랑코,술,기타 주류,ALCOHOL,데낄라,,데킬라,0
"Arla 하바티 슬라이스치즈, 150g, 1개입, 1개 6,100원 (10g당 407원) 내일(일) 새벽 도착 보장 5 (6356) 최대 305원 적립",유제품,치즈,DAIRY,치즈,Arla,기타 치즈,0
"곰곰 김치볶음밥 (냉동), 300g, 10개 29%26,000원 18,290원 (100g당 610원) 내일(일) 새벽 도착 보장 5 (125579) 최대 915원 적립",간편식,레트로트,RTC_MEAL,레트로트,곰곰,레트로트,0
토굴 레몬생강청 600g,조미료,양념/소스,SAUCE_SEASONING,레몬청,토굴,기타 소스,0
"국내산 부추, 150g, 1봉 1,800원 (100g당 1,200원) 내일(일) 새벽 도착 보장 5 (204320) 최대 90원 적립",채소/곡물류,채소,RAW_PRODUCE,부추,,부추,0
"돌체구스토 룽고 캡슐커피, 6.5g, 30개입, 2개 29,480원 (10g당 756원) 내일(일) 도착 보장 5 (25726) 최대 1,474원 적립",음료,커피/차,BEVERAGE,커피캡슐,돌체구스토,커피캡슐,0
[제주도니] 제주 돼지 등갈비 500g (냉장),육류/계란,돼지고기,RAW_MEAT,돼지 등갈비,제주도니,등갈비,0
"주부9단 농협목우촌 슬라이스 햄, 100g, 2개 4,930원 (10g당 247원) 내일(일) 새벽 도착 보장 5 (4058) 최대 246원 적립",육류/계란,가공육(햄/소시지),PROCESSED_MEAT,햄,농협,햄,0
"카누 마일드 로스트 아메리카노 원두커피믹스, 900mg, 30개입, 2개 13,880원 (10g당 2,570원) 내일(일) 도착 보장 5 (180735) 최대 694원 적립",음료,커피/차,BEVERAGE,커피믹스,카누 ,커피믹스,0
"못생겨도 맛있는 애호박 1입, 1개입, 3개 6,530원 (1개당 2,177원) 내일(일) 새벽 도착 보장 5 (77084) 최대 326원 적립",채소/곡물류,채소,RAW_PRODUCE,애호박,,애호박,0
"촉촉한 고구마 말랭이, 12개 9,640원 내일(일) 도착 보장 4.5 (190) 최대 482원 적립",간식류,과자/스낵,SNACK,고구마 말랭이,촉촉한,고구마칩,0
[한트바커] 그릴드 냉장 닭가슴살 2종,육류/계란,닭고기,RAW_MEAT,닭가슴살,한트바커,닭가슴살,0
[하림] 치킨너겟 850g,간편식,냉동식품,FROZEN_MEAL,치킨너겟,하림,냉동 치킨,0
[오리온] 찍먹 나쵸 치폴레 마요 소스 168g,조미료,양념/소스,SAUCE_SEASONING,치폴레 소스,오리온,기타 소스,0
[선물세트] 경주천년한우 한우 육포 선물세트,육류/계란,가공육(햄/소시지),PROCESSED_MEAT,육포,경주천년한우,육포,0
[전통주] 포천일동 담은막걸리 무아스파탐 (6.5도 750mL),조미료,조미료,SAUCE_SEASONING,아스파탐,전통주,스테비아,0
[밥스누] 서울대 오리지널 약콩 두유 (190mL X 16개),유제품,우유/두유,DAIRY,두유,오리지널,두유,0
"맛있는두유GT 고소한 검은콩깨 병, 200ml, 30개 21,950원 (100ml당 366원) 내일(일) 도착 보장 5 (20980) 최대 1,098원 적립",유제품,우유/두유,DAIRY,두유,맛있는두유GT,두유,0
[데체코] 구르메 파스타면 6종,채소/곡물류,면류,GRAIN,파스타면,데체코,파스타면,0
"몽쉘 실속 오리지널 24개입, 816g, 2개 14,990원 (10g당 92원) 2/10(화) 도착 예정 5 (57195) 최대 750원 적립",간식류,과자/스낵,SNACK,몽쉘,오리지널,파이류,0
[전통주]솔티마을 오롯이 포도스파클링와인 라이트 (4.5도 330mL),술,와인,ALCOHOL,스파클링 와인,전통주,스파클링 와인,0
[선물세트] 브레드타임 파이만주 2종 (택1),간식류,빵류,BAKERY,만쥬,브레드타임,기타 빵류,0
[오뚜기]컵밥_오삼불고기덮밥(즉석국),간편식,즉석밥,INSTANT,컵밥 오삼불고기,오뚜기,즉석 컵밥,0
"오뚜기 옛날 자른 미역, 50g, 1개 2,440원 (100g당 4,880원) 내일(일) 새벽 도착 보장 5 (9827) 최대 122원 적립",수산물,미역/다시마,DRIED_SEAFOOD,미역,오뚜기,미역,0
"매일우유 오리지널, 900ml, 4개 11,090원 (100ml당 308원) 내일(일) 새벽 도착 보장 5 (239435) 최대 555원 적립",유제품,우유/두유,DAIRY,우유,매일,우유,0
[청정원]햇살담은 장조림간장소스 800ml,조미료,양념/소스,SAUCE_SEASONING,간장,청정원,간장,0
[바다원] 남해안 볶음조림용 멸치 150g,수산물,멸치/건어물,DRIED_SEAFOOD,멸치,바다원,멸치,0
"돌체구스토 네스퀵 캡슐커피, 16g, 16개입, 1개 9,490원 (10g당 371원) 내일(일) 도착 보장 4.5 (3195) 최대 475원 적립",음료,커피/차,BEVERAGE,커피캡슐,돌체구스토,커피캡슐,0
[오뚜기] 프레스코 파스타면 6종 (택1),채소/곡물류,면류,GRAIN,파스타면,오뚜기,파스타면,0
[풀무원] 비건김치,간편식,반찬류,SIMPLE_PROCESSED,배추김치,풀무원,배추김치,0
[하코야] 사각 어묵 꼬치(20개입),수산물,어육가공식품,SIMPLE_PROCESSED,어묵,하코야,어묵,0
[비바니] 유기농 초콜릿 6종,간식류,초콜릿/사탕,SNACK,초콜릿,비바니,초콜릿,0
"국내산 데친 무시래기, 300g, 1개 2,990원 (100g당 997원) 내일(일) 새벽 도착 보장 4.5 (22759) 최대 150원 적립",채소/곡물류,채소,RAW_PRODUCE,무시래기,,기타 채소,0
[해태] 후렌치파이 27+3 기획팩 사과,간식류,과자/스낵,SNACK,후렌치파이,해태,파이류,0
[미자언니네] 고등어조림,간편식,반찬류,SIMPLE_PROCESSED,고등어 조림,미자언니네,기타 반찬류,0
"백설 하얀설탕, 1kg, 6개 12%14,280원 12,540원 (100g당 209원) 내일(일) 도착 보장 5 (158269) 최대 627원 적립",조미료,조미료,SAUCE_SEASONING,설탕,백설,설탕,0
[백설] 포도씨유 900mL,조미료,식용유/기름,SAUCE_SEASONING,포도씨유,백설,포도씨유,0
"이디야 디카페인 아메리카노 원두커피스틱, 1g, 30개입, 1개 6,100원 (10g당 2,033원) 내일(일) 새벽 도착 보장 4.5 (606) 최대 305원 적립",음료,커피/차,BEVERAGE,커피가루,이디야,커피,0
[에스푸나] 하몽 세라노 보데가 2종,육류/계란,가공육(햄/소시지),PROCESSED_MEAT,하몽,에스푸나,생햄,0
[칙뽈로] 구워먹는 치킨마요 키트 400g,간편식,밀키트,RTC_MEAL,밀키트,칙뽈로,밀키트,0
"티젠 페퍼민트 티백, 1.2g, 20개입, 2개 6,100원 (10g당 1,271원) 내일(일) 도착 보장 4.5 (2778) 최대 305원 적립",음료,커피/차,BEVERAGE,티백,티젠,티백,0
[선진포크한돈] 한돈 등갈비 500g,육류/계란,돼지고기,RAW_MEAT,돼지 등갈비,선진포크한돈,등갈비,0
"스타벅스 하우스블렌드 네스프레소 캡슐커피, 5.7g, 10개입, 5개 21%39,950원 31,350원 (10g당 1,100원) 내일(일) 도착 보장 5 (47069) 최대 1,568원 적립",음료,커피/차,BEVERAGE,커피캡슐,네스프레소,커피캡슐,0
[롯데] 카스타드 스트로베리 & 요거트 126g,유제품,요거트,DAIRY,요거트,롯데,요거트,0
"올바른 수산 냉동 연어 스테이크 (냉동), 350g, 1개 16%11,900원 9,980원 (100g당 2,851원) 내일(일) 새벽 도착 보장 4.5 (3257) 최대 449원 적립",간편식,밀키트,RTC_MEAL,밀키트,올바른,밀키트,0
"표고버섯, 200g, 1개 2,990원 (100g당 1,495원) 내일(일) 새벽 도착 보장 5 (130637) 최대 150원 적립",채소/곡물류,버섯,RAW_PRODUCE,표고버섯,,표고버섯,0
"베지밀 에이 담백한 두유, 190ml, 16개 11,320원 (100ml당 372원) 내일(일) 도착 보장 새 상품, 반품-미개봉 (16) 최저10,750원 5 (59614) 최대 566원 적립",유제품,우유/두유,DAIRY,두유,베지밀,두유,0
"백설 하얀설탕, 1kg, 5개 10%11,900원 10,700원 (100g당 214원) 내일(일) 도착 보장 5 (158269) 최대 535원 적립",조미료,조미료,SAUCE_SEASONING,설탕,백설,설탕,0
"새우깡 매운새우깡, 90g, 5개 5,900원 (10g당 131원) 내일(일) 도착 보장 5 (37193) 최대 295원 적립",간식류,과자/스낵,SNACK,새우깡,농심,스낵,0
"서울우유 내 속이 편안한 우유, 900ml, 2개 20%7,340원 5,870원 (100ml당 326원) 내일(일) 새벽 도착 보장 5 (13303) 최대 294원 적립",유제품,우유/두유,DAIRY,우유,서울우유,우유,0
"해태제과 샌드에이스 우유크림, 204g, 2개 7,520원 (10g당 184원) 내일(일) 도착 보장 4.5 (756) 최대 338원 적립",간식류,과자/스낵,SNACK,샌드에이스,해태,비스킷,0
[오스테리아 꼬또] 엔젤 소프트 스콘 (65g X 4개),간식류,빵류,BAKERY,스콘,오스테리아 꼬또,스콘,0
[까사스 디 후알도] 아르베끼나 엑스트라버진 500mL,조미료,식용유/기름,SAUCE_SEASONING,올리브오일,까사스 디 후알도,올리브오일,0
[육공육] 등심 슬라이스 250g,육류/계란,소고기,RAW_MEAT,소 등심,육공육,소 등심,0
"제주 브로콜리, 1개입, 1개 2,780원 (1개당 2,780원) 내일(일) 새벽 도착 보장 4.5 (2880) 최대 139원 적립",채소/곡물류,채소,RAW_PRODUCE,브로콜리,,브로콜리,0
"백년농가 바나듐뿍 쌀, 2kg, 1개 14,980원 (100g당 749원) 내일(일) 도착 보장 4.5 (16177) 최대 749원 적립",채소/곡물류,쌀/잡곡,GRAIN,쌀,백년농가,쌀,0
[정관장] 에브리타임 망고 플레이버 20포,미등록 카테고리,기타,UNKNOWN,기타,정관장,기타,0
"쿠라콘 시오 콘부 염장 다시마, 47g, 1개 5,980원 (100g당 12,723원) 내일(일) 도착 보장 5 (2722) 최대 299원 적립",수산물,미역/다시마,DRIED_SEAFOOD,다시마,쿠라콘,다시마,0
[법성포참맛] 영광굴비 (0.6kg 10미 / 1.2kg 20미) (냉동) (택1),수산물,멸치/건어물,DRIED_SEAFOOD,굴비,법성포참맛,굴비,0
"투데이넛 너트한줌 믹스넛 치즈퀴노아, 20g, 50개 17%36,100원 29,900원 (100g당 2,990원) 내일(일) 도착 보장 4.5 (8674) 최대 1,480원 적립",과일/견과류,견과류,RAW_FRUIT,견과류,투데이넛,견과류,0
[쉐푸드] 참치마요 삼각김밥 (냉동/3개입),간편식,즉석밥,INSTANT,삼각김밥,쉐푸드,즉석 김밥,0
[오넛티] 아몬드 스프레드 (메이플) 230g,상온식품,잼/스프레드,SAUCE_SEASONING,아몬드 스프레드,오넛티,기타 잼/스프레드,0
"[골든피스] 틴케이스 찹쌀약과 약과 3종(토끼, 사슴, 붉은말)",간식류,디저트/케이크,BAKERY,약과,골든피스,약과,0
"구워져 렌지돌려 바로먹는 고등어 구이, 70g, 5개 25%18,900원 14,160원 (10g당 405원) 내일(일) 새벽 도착 보장 5 (10040) 최대 658원 적립",간편식,레트로트,RTC_MEAL,레트로트,구워져,레트로트,0
[비락] 올바른 소화가 잘되는 우유 (180mL X 12개),유제품,우유/두유,DAIRY,우유,비락,우유,0
[속초해품] 명태회무침 160g (냉장),간편식,반찬류,SIMPLE_PROCESSED,명태회무침,속초해품,기타 반찬류,0
"오리지널그레인 2025년산 햅쌀 백미, 상등급, 4kg, 1개 5%16,900원 15,900원 (100g당 398원) 내일(일) 새벽 도착 보장 5 (2141) 최대 795원 적립",채소/곡물류,쌀/잡곡,GRAIN,쌀,오리지널그레인,쌀,0
[매일] 매일두유 고단백 검은콩 (190mL X 24팩),유제품,우유/두유,DAIRY,두유,매일,두유,0
[야미요밀] 식빵 4종 (택1),간식류,빵류,BAKERY,식빵,야미요밀,식빵,0
[김소영 아티장의 안단테] 프랑스 레오 버터 250g 2종,유제품,버터/생크림,DAIRY,버터,김소영 아티장의 안단테,버터,0
[선물세트] 콤비타 마누카꿀 UMF5+ 더블 세트 +(쇼핑백 증정),조미료,양념/소스,SAUCE_SEASONING,꿀,콤비타,꿀,0
"이롬 황성주 박사의 국산콩 두유 검은콩 고칼슘, 190ml, 20개 45%21,000원 11,360원 (100ml당 299원) 내일(일) 도착 보장 5 (171169) 최대 568원 적립",유제품,우유/두유,DAIRY,두유,이롬,두유,0
"농심 짜파게티 140g, 10개 9,730원 (1개당 973원) 내일(일) 새벽 도착 보장 5 (57674) 최대 486원 적립",간편식,라면,INSTANT,짜파게티,농심,짜장라면,0
[Kim's butcher] 호주산 찜갈비 1.4kg(냉동),육류/계란,소고기,RAW_MEAT,소갈비,Kim's butcher,갈비,0
[무스] 메이플 버터 150g,유제품,버터/생크림,DAIRY,메이플 버터,무스,버터,0
[YOZM] 그래놀라 토핑큐브 3종 (택1),상온식품,시리얼,GRAIN,그래놀라,YOZM,그래놀라,0
[Kurly's] 동물복지 유정란 15구,육류/계란,계란,RAW_MEAT,계란,Kurly's,계란,0
[하루한티] 메리골드 꽃차(국산) 25g,음료,커피/차,BEVERAGE,꽃차,하루한티,기타 음료(차),0
[김소형원방] 흑염소 진액스틱 100포 + 쇼핑백증정,미등록 카테고리,기타,UNKNOWN,기타,김소형원방,기타,0
[널담] 고단백 저당스콘 3종 (100g X 3개) (택1),간식류,빵류,BAKERY,스콘,널담,스콘,0
유기농 찰진 오곡밥 800g,간편식,즉석밥,INSTANT,즉석밥 오곡,,즉석밥,0
[노시타]화이트단무지,간편식,반찬류,SIMPLE_PROCESSED,단무지,노시타,단무지,0
[목우촌] 주부9단 베이컨 270g(90g*3),육류/계란,가공육(햄/소시지),PROCESSED_MEAT,베이컨,목우촌,베이컨,0
[진실된손맛] 메추리알 장조림,간편식,반찬류,SIMPLE_PROCESSED,메추리알 장조림,진실된손맛,장조림,0
[데체코] 통밀 파스타면 5종,채소/곡물류,면류,GRAIN,파스타면,데체코,파스타면,0
[KF365] 국산 손질 꽃게 2종 (냉동),수산물,새우/게,RAW_SEAFOOD,꽃게,KF365,꽃게,0
"풀무원 실의 힘 매일아침 순생나또, 49.5g, 8개입, 1개 1%7,800원 7,650원 (100g당 1,932원) 내일(일) 새벽 도착 보장 5 (54116) 최대 383원 적립",간편식,반찬류,SIMPLE_PROCESSED,낫또,매일,기타 반찬류,0
[정미소] 유기농 특별재배 14분도미 2종,채소/곡물류,쌀/잡곡,GRAIN,쌀,정미소,쌀,0
[맥파이앤타이거] 먼슬리 티백 선물세트,음료,커피/차,BEVERAGE,티백,맥파이앤타이거,티백,0
[CJ] 닭강정 480g,간편식,냉동식품,FROZEN_MEAL,냉동 닭강정,CJ,냉동 치킨,0
한눈에 반한쌀 2종,채소/곡물류,쌀/잡곡,GRAIN,쌀,한눈에 반한쌀,쌀,0
"올가홀푸드 발아 보리차, 500g, 1개입, 1개 9,520원 (10g당 190원) 내일(일) 도착 보장 새 상품, 반품-미개봉 (8) 최저9,040원 5 (13678) 최대 476원 적립",음료,커피/차,BEVERAGE,보리차,올가,보리차,0
"큐원 하얀 설탕, 3kg, 3개 15,840원 (100g당 176원) 내일(일) 도착 보장 5 (107099) 최대 792원 적립",조미료,조미료,SAUCE_SEASONING,설탕,큐원,설탕,0
[라이스웰] 황동판에 구운 백미 누룽지,간식류,과자/스낵,SNACK,누룽지,라이스웰,누룽지,0
[매일유업] 바이오 요거트 3종 (택1),유제품,요거트,DAIRY,요거트,매일,요거트,0
"푸른빈 통흑후추, 200g, 1개 5,900원 (10g당 295원) 내일(일) 새벽 도착 보장 5 (1330) 최대 295원 적립",조미료,향신료/허브,SAUCE_SEASONING,후추,푸른빈,후추,0
"국내산 친환경 세척당근, 1kg, 1개 5,680원 (100g당 568원) 내일(일) 새벽 도착 보장 4.5 (17677) 최대 284원 적립",채소/곡물류,채소,RAW_PRODUCE,당근,,당근,0
"농협 2025년 햅쌀 임금님표 이천쌀, 4kg, 1개, 특등급 22,780원 (100g당 570원) 내일(일) 도착 보장 4.5 (64042) 최대 1,139원 적립",채소/곡물류,쌀/잡곡,GRAIN,쌀,농협,쌀,0
[La bocca] 레드벨벳케이크 680g,간식류,디저트/케이크,BAKERY,케이크,La bocca,케이크,0
"복음자리 딸기잼, 500g, 1개 22%8,980원 7,000원 (100g당 1,400원) 내일(일) 새벽 도착 보장 5 (55468) 최대 350원 적립",상온식품,잼/스프레드,SAUCE_SEASONING,딸기잼,복음자리,딸기잼,0
"성일물산 파래와 재래김이 혼합된원초를 사용하여 향긋한 파래향을 느낄수 있는 파래김1속, 200g, 1개 11,690원 (10g당 585원) 내일(일) 도착 보장 4.5 (1886) 최대 585원 적립",상온식품,김/자반,DRIED_SEAFOOD,김,성일물산,김,0
[제각각] 알배기 배추 2통,채소/곡물류,채소,RAW_PRODUCE,배추,제각각,배추,0
[울트라잇츠] 울트라 펌킨티 호박차 3종 (2g X 20개) (택1),음료,커피/차,BEVERAGE,호박차,울트라잇츠,기타 음료(차),0
"햇님마을 양념이 잘 어우러지는 국산 고춧가루 보통매운맛, 110g, 1개 6,900원 (100g당 6,273원) 내일(일) 새벽 도착 보장 5 (7667) 최대 345원 적립",조미료,가루분말,SAUCE_SEASONING,고춧가루,햇님마을,고춧가루,0
[오뚜기] 컵누들 잔치쌀국수 6입,간편식,라면,INSTANT,컵누들,오뚜기,쌀국수,0
"큐원 하얀 설탕, 5kg, 2개 17,430원 (100g당 174원) 내일(일) 도착 보장 5 (107099) 최대 871원 적립",조미료,조미료,SAUCE_SEASONING,설탕,큐원,설탕,0
[Kurly's] 국산콩 2컵두부 (150g*2컵),채소/곡물류,콩/두부,SIMPLE_PROCESSED,두부,Kurly's,두부,0
"김치사발면 큰사발면 112g, 16개 15,750원 (1개당 984원) 내일(일) 도착 보장 5 (6474) 최대 788원 적립",간편식,라면,INSTANT,김치사발면,농심,사발면(컵라면),0
[청정원] 햇살담은 맑은청간장 국찌개용 390ml,조미료,양념/소스,SAUCE_SEASONING,백간장,청정원,국간장,0
[라빈리커픽업][신년 특가] 스톨리치나야 초콜릿 코코넛 (스피릿),간식류,초콜릿/사탕,SNACK,초콜릿,스톨리치나야,초콜릿,0
"초록원 딸기잼, 1kg, 1개 22%9,900원 7,650원 (100g당 765원) 내일(일) 새벽 도착 보장 4.5 (7830) 최대 383원 적립",상온식품,잼/스프레드,SAUCE_SEASONING,딸기잼,초록원,딸기잼,0
"립톤 제로 복숭아 아이스티, 500ml, 6개 22%6,600원 5,140원 (100ml당 171원) 내일(일) 새벽 도착 보장 5 (660) 최대 257원 적립",음료,커피/차,BEVERAGE,복숭아 아이스티,립톤,기타 음료(차),0
[제각각] 작은 양배추 1통 (600g),채소/곡물류,채소,RAW_PRODUCE,양배추,제각각,양배추,0
[진가네반찬] 건새우볶음 순한맛,간편식,반찬류,SIMPLE_PROCESSED,새우볶음,진가네반찬,기타 반찬류,0
[투다리] 시그니처 김치우동 (2인분),간편식,밀키트,RTC_MEAL,밀키트,투다리,밀키트,0
[동원] 양반 파우치죽 8종 (택1),간편식,레트로트,RTC_MEAL,레트로트,동원,레트로트,0
ESG 저탄소 GAP 함양 양파 1.5kg,채소/곡물류,채소,RAW_PRODUCE,양파,,양파,0
[발로코] 펙시네 초코 쿠키 350g,간식류,과자/스낵,SNACK,쿠키,발로코,쿠키,0
[KF365] 1+등급 무항생제 백색 특란 20구,육류/계란,계란,RAW_MEAT,계란,KF365,계란,0
[오설록] 블렌디드 티백 4종 (택1),음료,커피/차,BEVERAGE,티백,오설록,티백,0
"삼립 발효미종 정통단팥 호빵, 95g, 4개입, 2개 7,720원 (10g당 102원) 내일(일) 새벽 도착 보장 5 (9664) 최대 386원 적립",간식류,빵류,BAKERY,호빵,삼립 ,호빵,0
[메종엠오] 바스크 치즈 케익 360g,간식류,디저트/케이크,BAKERY,바스크 치즈 케이크,메종엠오,치즈케이크,0
[비움브레드] 비건 프로틴 베이글 (110g X 4개),간식류,빵류,BAKERY,베이글,비움브레드,베이글,0
"탐사스파클링 플레인 무라벨, 500ml, 20개 35%13,600원 8,790원 (100ml당 88원) 내일(일) 도착 보장 5 (59680) 최대 440원 적립",음료,탄산음료,BEVERAGE,탄산수,탐사스파클링,탄산수,0
"남양유업 맛있는우유GT 고소한 저지방우유, 900ml, 2개 5,570원 (100ml당 309원) 내일(일) 새벽 도착 보장 5 (56456) 최대 279원 적립",유제품,우유/두유,DAIRY,저지방 우유,남양,저지방 우유,0
"오뚜기 사과식초, 1.8L, 2개 1%7,560원 7,460원 (10ml당 21원) 내일(일) 새벽 도착 보장 5 (8676) 최대 373원 적립",조미료,양념/소스,SAUCE_SEASONING,식초,오뚜기,식초,0
[파스키에] 크루아상 (40g X 6개입),간식류,빵류,BAKERY,크루아상,파스키에,크루아상,0
"오뚜기 뉴슈가분말, 60g, 1개 5%520원 490원 (100g당 817원) 내일(일) 새벽 도착 보장 5 (2440) 최대 25원 적립",조미료,가루분말,SAUCE_SEASONING,슈가파우더,오뚜기,슈가파우더,0
[모두의식단] 소스 가득 닭다리살 5종 (1입/4입),육류/계란,닭고기,RAW_MEAT,닭다리살,모두의식단,닭다리살,0
[KF365] 양파 1.8kg,채소/곡물류,채소,RAW_PRODUCE,양파,KF365,양파,0
[CU 픽업] 스파이밸리쇼비뇽블랑,술,와인,ALCOHOL,화이트 와인,와이호파이 밸리,화이트 와인,0
[루토사]  슈스트링 포테이토 프라이 400g,간편식,냉동식품,FROZEN_MEAL,냉동 감자튀김,루토사,냉동 튀김,0
[폰타나] 홀그레인 디종 허니머스타드 190g,조미료,양념/소스,SAUCE_SEASONING,홀그레인 머스타드,폰타나,머스타드,0
[서울우유] A2 플러스 우유 710mL,유제품,우유/두유,DAIRY,우유,서울우유,우유,0
양파 900g,채소/곡물류,채소,RAW_PRODUCE,양파,,양파,0
[선물세트] 명품 설편시 곶감 12구 (품종: 도근조생),간식류,디저트/케이크,BAKERY,곶감,,곶감,0
[말돈] 플레이크 소금 2종,조미료,조미료,SAUCE_SEASONING,소금,말돈,소금,0
[락티브] 베베&키즈 칼슘 망간 비타민D 젤리 (14일분),미등록 카테고리,기타,UNKNOWN,기타,락티브,기타,0
[피자로빈슨] 뉴욕 메가 슬라이스 피자 페퍼로니,간편식,냉동식품,FROZEN_MEAL,피자,피자로빈슨,냉동 피자,0
[제스프리] 제주 골드키위 1.1kg (8~13입),과일/견과류,과일,RAW_FRUIT,키위,제스프리,키위,0
[칸나멜라] 후추 그라인더 4종,조미료,향신료/허브,SAUCE_SEASONING,후추,칸나멜라,후추,0
[푸드올로지] 발효 진저 크리스피,미등록 카테고리,기타,UNKNOWN,기타,푸드올로지,기타,0
[제스프리] 제주 골드키위 540g (4~6입),과일/견과류,과일,RAW_FRUIT,키위,제스프리,키위,0
[바름팜] 친환경 꼭지제거한 마늘 200g,채소/곡물류,채소,RAW_PRODUCE,마늘,바름팜,마늘,0
[자임] 곤약젤리 5종,간식류,초콜릿/사탕,SNACK,곤약젤리,자임,젤리,0
"베지밀 고단백두유 검은콩, 190ml, 16개 12,410원 (100ml당 408원) 내일(일) 도착 보장 새 상품, 반품-미개봉 (17) 최저11,780원 5 (12450) 최대 620원 적립",유제품,우유/두유,DAIRY,두유,베지밀,두유,0
"황장군 일품 왕갈비탕 골드라벨 (냉동), 1kg, 1개 11,630원 (100g당 1,163원) 내일(일) 새벽 도착 보장 4.5 (2456) 최대 581원 적립",간편식,레트로트,RTC_MEAL,레트로트,황장군,레트로트,0
[제주맥주] 제주누보망고 프리미엄 논알콜 2종 (택1),술,맥주,ALCOHOL,맥주,제주맥주,맥주,0
[사세] 빠삭한 새우링,간편식,냉동식품,FROZEN_MEAL,냉동 튀김,사세,냉동 튀김,0
"풀무원 동물복지 목초란, 10구, 1개 7,980원 (1구당 798원) 내일(일) 새벽 도착 보장 5 (24254) 최대 399원 적립",육류/계란,계란,RAW_MEAT,계란,풀무원,계란,0
[졸리넛츠] 넛츠 오리진 400g (20gX20봉),과일/견과류,견과류,RAW_FRUIT,견과류,졸리넛츠,견과류,0
[종가] 배추겉절이,간편식,반찬류,SIMPLE_PROCESSED,겉절이,종가,겉절이,0
[Chai797] 블랙하가우,간편식,냉동식품,FROZEN_MEAL,냉동 만두,Chai797,냉동 만두,0
[CU 픽업] 호세쿠엘보 레포사도,술,기타 주류,ALCOHOL,데낄라,호세쿠엘보,데킬라,0
[잘식비]  양파크림소스 200g (냉장),조미료,양념/소스,SAUCE_SEASONING,크림소스,잘식비,기타 소스,0
[더다믐] 김칩스 오리지널 44g,간식류,과자/스낵,SNACK,김칩,더다믐,기타 과자/스낵,0
[지엔씨푸드] 아이스 파인애플 샤베트 150mL,간식류,디저트/케이크,BAKERY,샤베트,지엔씨푸드,아이스크림,0
[진가네반찬] 땅콩조림,간편식,반찬류,SIMPLE_PROCESSED,땅콩조림,진가네반찬,기타 반찬류,0
"곰표 밀가루 중력다목적용, 3kg, 2개 7,910원 (1개당 3,955원) 내일(일) 도착 보장 5 (78056) 최대 395원 적립",조미료,가루분말,SAUCE_SEASONING,밀가루,곰표,밀가루,0
[휘태커스] 미니슬랩 팝핑 트위츠  초콜릿 180g,간식류,초콜릿/사탕,SNACK,초콜릿,휘태커스,초콜릿,0
[선물세트] 일건식 생강진액 세트,미등록 카테고리,기타,UNKNOWN,기타,일건식,기타,0
[진가네반찬] 땅콩조림 300g (대용량),간편식,반찬류,SIMPLE_PROCESSED,땅콩조림,진가네반찬,기타 반찬류,0
"엉클탁 볶은 통 참깨, 500g, 1개 25%7,980원 5,980원 (100g당 1,196원) 내일(일) 도착 보장 4.5 (11218) 최대 299원 적립",채소/곡물류,쌀/잡곡,GRAIN,참깨,엉클탁,기타 잡곡,0
[근대골목단팥빵] 앙금 모카빵 (90g X 5개),간식류,빵류,BAKERY,모카빵,근대골목단팥빵,기타 빵류,0
[진가네반찬] 양배추쌈,간편식,반찬류,SIMPLE_PROCESSED,양배추 쌈,진가네반찬,기타 반찬류,0
"오뚜기 옛날 물엿, 2.45kg, 1개 16%8,680원 7,280원 (100g당 297원) 내일(일) 도착 보장 새 상품, 반품-미개봉 (68) 최저6,910원 5 (46073) 최대 364원 적립",조미료,양념/소스,SAUCE_SEASONING,물엿,오뚜기,물엿,0
"물하나 ECO 생수 무라벨, 2L, 12개 6,480원 (100ml당 27원) 내일(일) 도착 보장 5 (54090) 최대 324원 적립",음료,생수,BEVERAGE,생수,물하나,생수,0
"Ballantyne 스프레더블 버터 20입, 140g, 1개 7,000원 (100g당 5,000원) 내일(일) 새벽 도착 보장 5 (11252) 최대 350원 적립",유제품,버터/생크림,DAIRY,버터,Ballantyne,버터,0
[서울우유] 나 100% 우유 1.8L,유제품,우유/두유,DAIRY,우유,서울우유,우유,0
[조선호텔] 갈비탕 730g,간편식,레트로트,RTC_MEAL,레트로트,조선호텔,레트로트,0
"밀양 조림감자, 1kg, 1개 2,590원 (100g당 259원) 내일(일) 새벽 도착 보장 4.5 (8044) 최대 130원 적립",채소/곡물류,채소,RAW_PRODUCE,감자,밀양,감자,0
[진실된손맛] 남도 알배추 겉절이,간편식,반찬류,SIMPLE_PROCESSED,겉절이,진실된손맛,겉절이,0
[집반찬연구소] 저당 양배추 짜장 덮밥 소스,조미료,양념/소스,SAUCE_SEASONING,짜장소스,집반찬연구소,기타 소스,0
[김소영 아티장의 안단테] 벨레트왈 크리미 슬라이스,유제품,치즈,DAIRY,치즈,김소영 아티장의 안단테,기타 치즈,0
[파스퇴르] 바른목장 소화가 잘되는 우유 2.3L,유제품,우유/두유,DAIRY,우유,파스퇴르,우유,0
[집반찬연구소KIDS] 한우 배추볶음 110g,간편식,반찬류,SIMPLE_PROCESSED,한우 배추볶음,집반찬연구소KIDS,기타 반찬류,0
[단골식당] 부드러운 소고기 육전 200g,간편식,반찬류,SIMPLE_PROCESSED,육전,단골식당,기타 반찬류,0
[해찬미소] 깐새우장 2종 (택1),간편식,반찬류,SIMPLE_PROCESSED,새우장,해찬미소,기타 반찬류,0
[지유가오카] 당근케익 820g,간식류,디저트/케이크,BAKERY,당근 케이크,지유가오카,케이크,0
"세브란스에이투 전용목장 단백우유, 125ml, 12개 14%11,900원 10,200원 (100ml당 680원) 내일(일) 도착 보장 5 (18797) 최대 510원 적립",유제품,우유/두유,DAIRY,우유,세브란스에이투,우유,0
[KF365] 간편한 손질오징어 600g (냉동),수산물,오징어/문어,RAW_SEAFOOD,오징어,KF365,오징어,0
"곰곰 신선한 1A 우유, 900ml, 10개 18,450원 (100ml당 205원) 내일(일) 새벽 도착 보장 5 (425978) 최대 923원 적립",유제품,우유/두유,DAIRY,우유,곰곰,우유,0
[소와나무] 모짜렐라 슬라이스 치즈 15매입,유제품,치즈,DAIRY,모짜렐라 치즈,소와나무,모짜렐라 치즈,0
[YOZM] 플레인 그릭요거트 소프트 100g,유제품,요거트,DAIRY,그릭요거트,YOZM,그릭요거트,0
[베베쿡] 처음먹는 어린이김 오리지널 10봉,상온식품,김/자반,DRIED_SEAFOOD,김,베베쿡,김,0
[피그인더가든] 데일리믹스 베이직샐러드,간편식,샐러드팩,RTC_MEAL,샐러드,피그인더가든,샐러드,0
[창억] 찰떡 5종 (택1),간식류,떡,SNACK,찰떡,창억,찹쌀떡,0
[천호엔케어] 블루베리 프리미엄 30팩,과일/견과류,과일,RAW_FRUIT,블루베리,천호엔케어,블루베리,0
[천호엔케어] 양배추청 30팩,미등록 카테고리,기타,UNKNOWN,기타,천호엔케어,기타,0
[1등급 한우] 등심 구이용 200g (냉장),육류/계란,소고기,RAW_MEAT,소 등심,1등급 한우,소 등심,0
[삼진어묵] 어묵탕 모듬 어묵,수산물,어육가공식품,SIMPLE_PROCESSED,어묵,삼진어묵,어묵,0
[쉐푸드] 유부초밥 (4입),간편식,즉석밥,INSTANT,즉석 유부초밥,쉐푸드,즉석밥,0
건 표고버섯 100g,채소/곡물류,버섯,RAW_PRODUCE,표고버섯,,표고버섯,0
"무농약 인증 단호박 죽용 (냉동), 1개, 500g 6,990원 (100g당 1,398원) 내일(일) 새벽 도착 보장 4.5 (332) 최대 350원 적립",채소/곡물류,채소,RAW_PRODUCE,단호박,,단호박,0
"삼립 버터롤 클레식 21개입, 546g, 1개 4,390원 (10g당 80원) 내일(일) 새벽 도착 보장 5 (40267) 최대 220원 적립",간식류,빵류,BAKERY,버터롤,삼립,기타 빵류,0
[이어수산] 8단계 선별한 남해안 밥새우 200g,수산물,새우/게,RAW_SEAFOOD,새우,이어수산,새우,0
[하선정] 쌈무(새콤) 350g,간편식,반찬류,SIMPLE_PROCESSED,쌈무,하선정,단무지,0
"맥널티커피 스테비아 커피믹스, 9.5g, 30개입, 1개 7,450원 (10g당 261원) 내일(일) 도착 보장 5 (12661) 최대 373원 적립",음료,커피/차,BEVERAGE,커피믹스,맥널티커피,커피믹스,0
"곰표 강력 밀가루, 2.5kg, 2개 8,950원 (100g당 179원) 내일(일) 도착 보장 5 (14644) 최대 448원 적립",조미료,가루분말,SAUCE_SEASONING,밀가루,곰표,밀가루,0
[제주 성이시돌목장] 유기농 모짜렐라 블록치즈 300g,유제품,치즈,DAIRY,모짜렐라 치즈,제주 성이시돌목장,모짜렐라 치즈,0
[청정원] 담백한 올라운드 햄 2종,육류/계란,가공육(햄/소시지),PROCESSED_MEAT,햄,청정원,햄,0
"한끼통살 그릴드 닭가슴살 5종 x 2p 세트 (냉동), 100g, 1개입, 10개 21,620원 (100g당 2,162원) 내일(일) 새벽 도착 보장 5 (19734) 최대 1,081원 적립",육류/계란,닭고기,RAW_MEAT,닭가슴살,한끼통살,닭가슴살,0
"오뚜기 옛날 조청 쌀엿, 700g, 1개 4,470원 (100g당 639원) 내일(일) 도착 보장 5 (28250) 최대 224원 적립",조미료,양념/소스,SAUCE_SEASONING,조청,오뚜기,조청,0
[그로서리서울] 곤약쫀드기 옥수수 (10개입),간식류,과자/스낵,SNACK,쫀드기,그로서리서울,스낵,0
[CU 픽업] 휘틀리 닐 루바브&진저,술,기타 주류,ALCOHOL,진,휘틀리 닐,진,0
"2025년산 햅쌀 곰곰 소중한 우리쌀, 4kg, 1개 31%24,500원 16,890원 (100g당 422원) 내일(일) 새벽 도착 보장 새 상품, 반품 (2) 5 (3853) 최대 845원 적립",채소/곡물류,쌀/잡곡,GRAIN,쌀,곰곰,쌀,0
"쿠즈락 치잇데이 큐브잇 닭가슴살 훈제 (냉동), 1kg, 1개, 1개입 11,800원 (100g당 1,180원) 내일(일) 새벽 도착 보장 4.5 (397) 최대 590원 적립",육류/계란,닭고기,RAW_MEAT,닭가슴살,쿠즈락,닭가슴살,0
"하선정 한입쌈무 와사비맛, 200g, 1개 1,720원 (100g당 860원) 내일(일) 새벽 도착 보장 5 (696) 최대 86원 적립",간편식,반찬류,SIMPLE_PROCESSED,쌈무,하선정,단무지,0
[CU 픽업] 윌더니스하이라이버번,술,기타 주류,ALCOHOL,위스키,월더니스 트레일,위스키,0
[할리스] 커피 캡슐 10개입 4종(택1),음료,커피/차,BEVERAGE,커피캡슐,할리스,커피캡슐,0
"서울우유 A2플러스 우유, 2개, 1.7L 12,310원 (100ml당 362원) 내일(일) 새벽 도착 보장 5 (18171) 최대 615원 적립",유제품,우유/두유,DAIRY,우유,서울우유,우유,0
"배대감 국산 감자전분, 350g, 1개 37%7,990원 5,000원 (100g당 1,429원) 내일(일) 새벽 도착 보장 5 (597) 최대 250원 적립",조미료,가루분말,SAUCE_SEASONING,감자전분,배대감,감자전분,0
[비비고] 든든 한섬만두 384gx2개입,간편식,냉동식품,FROZEN_MEAL,냉동 만두,비비고,냉동 만두,0
[콜린스 다이닝] 파로 쉬라즈 샐러드,간편식,샐러드팩,RTC_MEAL,샐러드,콜린스 다이닝,샐러드,0
[집반찬연구소] 소고기육전과파채,간편식,밀키트,RTC_MEAL,밀키트,집반찬연구소,밀키트,0
[마이셰프] 한우 사골 떡만둣국,간편식,밀키트,RTC_MEAL,밀키트,마이셰프,밀키트,0
[고래주방] 유부주머니 어묵탕,간편식,밀키트,RTC_MEAL,밀키트,고래주방,밀키트,0
[김정배명인] 새우젓 4종 (택1),간편식,반찬류,SIMPLE_PROCESSED,새우젓,김정배명인,새우젓,0
[선물세트] GAP  상주 간편곶감세트 800g (20입),간식류,디저트/케이크,BAKERY,곶감,,곶감,0
[우리밀] 전병 모음,간식류,과자/스낵,SNACK,전병,우리밀,강정/한과,0
"농심 짜파게티 범벅 미니 컵라면 70g, 12개 9,880원 (1개당 823원) 내일(일) 도착 보장 5 (83249) 최대 494원 적립",간편식,라면,INSTANT,짜파게티 범벅,농심,짜장라면,0
[남도2대명가] 미역줄기 300g,수산물,미역/다시마,DRIED_SEAFOOD,미역,남도2대명가,미역,0
[옳곡] 피스타치오 웨하스 63g,간식류,과자/스낵,SNACK,웨하스,옳곡,웨하스,0
"봉평촌 메밀 부침가루, 800g, 1개 27%9,000원 6,570원 (100g당 821원) 내일(일) 도착 보장 4.5 (5125) 최대 329원 적립",조미료,가루분말,SAUCE_SEASONING,부침가루,봉평촌,부침가루,0
[광동생활건강] 배도라지쌍화스틱 (30포)+쇼핑백,미등록 카테고리,기타,UNKNOWN,기타,광동,기타,0
[레인코스트] 살구 무화과&레몬 150g,간식류,과자/스낵,SNACK,크래커,레인코스트,크래커,0
"국내산 청양고추, 60g, 1개 1,650원 (100g당 2,750원) 내일(일) 새벽 도착 보장 5 (298508) 최대 83원 적립",채소/곡물류,채소,RAW_PRODUCE,청양고추,,청양고추,0
[밀크앤허니] 데니쉬 미니 식빵 130g,간식류,빵류,BAKERY,식빵,밀크앤허니,식빵,0
"비비고 갈치구이, 70g, 2개 66%26,620원 8,950원 (100g당 6,393원) 내일(일) 새벽 도착 보장 4.5 (9116) 최대 448원 적립",간편식,레트로트,RTC_MEAL,레트로트,비비고,레트로트,0
[풀무원] 아임뽀끼 컵 떡볶이 3종 (택1),간편식,밀키트,RTC_MEAL,밀키트,풀무원,밀키트,0
[닥터유] 저당 에너지바 미니 202.5g,간식류,과자/스낵,SNACK,에너지바,닥터유,스낵바,0
"본사직영 제주 성이시돌 목장 유기농 우유 멸균우유 (140ml x 24개입), 140ml, 24개 4%30,000원 28,530원 (100ml당 849원) 내일(일) 도착 보장 5 (427) 최대 1,426원 적립",유제품,우유/두유,DAIRY,우유,본사직영,우유,0
[천호엔케어] 양배추청 30팩,미등록 카테고리,기타,UNKNOWN,기타,천호엔케어,기타,0
"PSK 칠레산 블루베리, 125g, 3팩 할인49%17,970원 9,000원 (100g당 2,400원) 내일(일) 새벽 도착 보장 4.5 (43006) 최대 450원 적립",과일/견과류,과일,RAW_FRUIT,블루베리,PSK,블루베리,0
[청정원] 프레시 마요네즈 300g,조미료,양념/소스,SAUCE_SEASONING,마요네즈,청정원,마요네즈,0
"베버시티 후르티 딸기스무디, 세미 딸기스무디1.8kg, 1개 9,000원 내일(일) 도착 보장 새 상품, 반품-미개봉 (39) 최저8,000원 5 (1332) 최대 450원 적립",음료,주스,BEVERAGE,딸기 주스,베버시티,딸기 주스,0
[조우] No.9 1++ 뼈없는 한우 갈비탕,간편식,레트로트,RTC_MEAL,레트로트,조우,레트로트,0
"딜리셔스마켓 월계수잎 향신료, 25g, 1개 5,000원 (100g당 20,000원) 내일(일) 도착 보장 5 (14692) 최대 250원 적립",조미료,향신료/허브,SAUCE_SEASONING,월계수잎,딜리셔스마켓,월계수잎,0
[목우촌목장] 국내산 소고기 절단 양지 200g,육류/계란,소고기,RAW_MEAT,양지,목우촌목장,양지,0
[신라명과] 골드바 휘낭시에 (28g X 9개),간식류,빵류,BAKERY,휘낭시에,신라명과,기타 빵류,0
[도드람한돈] 갈매기살 구이용 500g (냉장),육류/계란,돼지고기,RAW_MEAT,갈매기살,도드람한돈,갈매기살,0
[헬카페] 시그니처 블렌드 강배전 드립백 (12g X 7개),음료,커피/차,BEVERAGE,커피 드립백,헬카페,드립백,0
[Dole] 필리핀 골드 파인애플 1.5kg (1통),과일/견과류,과일,RAW_FRUIT,파인애플,Dole,파인애플,0
[한끼통살] 닭가슴살 볼 5종 (1팩/4팩) (택1),육류/계란,닭고기,RAW_MEAT,닭가슴살,한끼통살,닭가슴살,0
[올계] 유기농 닭가슴살 200g (냉동),육류/계란,닭고기,RAW_MEAT,닭가슴살,올계,닭가슴살,0
[푸드어셈블] 시금치 크림 뇨끼,간편식,냉동식품,FROZEN_MEAL,뇨끼,푸드어셈블,기타 냉동식품,0
"[호은] 순 볶음 참깨, 1kg, 1개 할인5%9,600원 9,060원 (100g당 906원) 내일(일) 도착 보장 4.5 (566) 최대 448원 적립",채소/곡물류,쌀/잡곡,GRAIN,참깨,호은,기타 잡곡,0
"굿뜨래 알찬 실속밤, 1kg(대), 1개 9,990원 (100g당 999원) 내일(일) 새벽 도착 보장 4 (721) 최대 500원 적립",과일/견과류,견과류,RAW_FRUIT,밤,굿뜨래,밤,0
"곰곰 중력다목적용 밀가루, 1kg, 5개 6,080원 (100g당 122원) 내일(일) 도착 보장 5 (1439) 최대 304원 적립",조미료,가루분말,SAUCE_SEASONING,밀가루,곰곰,밀가루,0
[프레스버터샌드] 플레인 버터샌드 2종 (택1),간식류,과자/스낵,SNACK,버터샌드,프레스버터샌드,비스킷,0
[크라운] 참 크래커 알프스 295g,간식류,과자/스낵,SNACK,참 크래커,크라운,크래커,0
"매일우유 오리지널, 2.3L, 1개 7,820원 (100ml당 340원) 내일(일) 새벽 도착 보장 5 (30932) 최대 391원 적립",유제품,우유/두유,DAIRY,우유,매일,우유,0
[바샤커피] 프리미엄 커피 드립백 12g X 12개입 3종(택1),음료,커피/차,BEVERAGE,커피 드립백,바샤커피,드립백,0
[CU 픽업] 크레스만레드,간식류,빵류,BAKERY,메론빵,크레스만,기타 빵류,0
[비비고] 총각김치 400g,간편식,반찬류,SIMPLE_PROCESSED,총각김치,비비고,총각김치,0
"비비고 김말이 (냉동), 500g, 1개 50%9,980원 4,980원 (100g당 996원) 내일(일) 새벽 도착 보장 5 (7229) 최대 249원 적립",간편식,냉동식품,FROZEN_MEAL,냉동 김말이,비비고,기타 냉동식품,0
[포트'럭] 제철 손질 고등어자반 2종 (생물) (택1),수산물,생선,RAW_SEAFOOD,고등어,포트'럭,회 묶음,0
"할리스 스테비아 커피믹스, 9.5g, 100개입, 1개 13,990원 (10g당 147원) 2/11(수) 도착 예정 5 (1804) 최대 700원 적립",음료,커피/차,BEVERAGE,커피믹스,할리스,커피믹스,0
"삼호어묵 부산어묵 바른사각, 240g, 6개 쿠폰할인25%8,280원 6,130원 (100g당 426원) 내일(일) 새벽 도착 보장 5 (84141) 최대 306원 적립",수산물,어육가공식품,SIMPLE_PROCESSED,어묵,삼호어묵,어묵,0
냉동 와일드 블루베리 500g (캐나다),과일/견과류,냉동과일,SIMPLE_PROCESSED,냉동 블루베리,,냉동 블루베리,0
"맥심 모카골드 마일드 커피믹스 12g x 320p + 화이트골드 커피믹스 11.7g x 20p, 1세트 53,690원 내일(일) 도착 보장 5 (45095) 최대 2,685원 적립",음료,커피/차,BEVERAGE,커피믹스,맥심,커피믹스,0
"미원 맛소금, 2kg, 2개 10,700원 (100g당 268원) 내일(일) 도착 보장 5 (82879) 최대 535원 적립",조미료,조미료,SAUCE_SEASONING,맛소금,미원,맛소금,0
[서울우유] 짜먹는 요구르트 짜요짜요 3종 (40g X 6개) (택1),유제품,요거트,DAIRY,짜요짜요,서울우유,요구르트,0
[풀무원] 모짜렐라 핫도그 320g(80gX4개입),간편식,냉동식품,FROZEN_MEAL,냉동 핫도그,풀무원,냉동 핫도그,0
"드로게리아앤알리멘타리 통흑후추밀, 45g, 1개 4,950원 (10g당 1,100원) 내일(일) 새벽 도착 보장 5 (897) 최대 248원 적립",조미료,향신료/허브,SAUCE_SEASONING,후추,드로게리아앤알리멘타리,후추,0
[종근당건강] 카무트 브랜드밀 발효효소 30포,미등록 카테고리,기타,UNKNOWN,기타,종근당건강,기타,0
"건국유업 무항생제 인증 착한목장 우유, 750ml, 2개 6,600원 (100ml당 440원) 내일(일) 새벽 도착 보장 5 (21603) 최대 330원 적립",유제품,우유/두유,DAIRY,우유,건국유업,우유,0
[호텔컬렉션 에센셜] 순두부찌개,간편식,레트로트,RTC_MEAL,레트로트,호텔컬렉션 에센셜,레트로트,0
[마이노멀] 저당 제로젤리 2종 (택1),간식류,초콜릿/사탕,SNACK,젤리,마이노멀,젤리,0
"크라운 땅콩카라멜, 324g, 2개 44%10,800원 5,980원 (10g당 92원) 내일(일) 도착 보장 5 (8286) 최대 299원 적립",간식류,초콜릿/사탕,SNACK,카라멜,크라운,카라멜,0
[덴마크] 드링킹 요구르트 4종 (275mL X 3개)(택1),유제품,요거트,DAIRY,요구르트,덴마크,요구르트,0
"썬키스트 제로 오렌지 소다, 355ml, 24개 64%36,000원 12,900원 (100ml당 151원) 내일(일) 도착 보장 5 (1957) 최대 548원 적립",음료,탄산음료,BEVERAGE,오렌지 소다,썬키스트,기타 탄산음료,0
[큐피] 오리지널 마요네즈,조미료,양념/소스,SAUCE_SEASONING,마요네즈,큐피,마요네즈,0
"CJ제일제당 행복한콩 큰두부, 1kg, 1개 1%3,580원 3,510원 (100g당 351원) 내일(일) 새벽 도착 보장 5 (18542) 최대 175원 적립",채소/곡물류,콩/두부,SIMPLE_PROCESSED,두부,CJ제일제당,두부,0
[KF365] 무항생제 대란 20구,육류/계란,계란,RAW_MEAT,계란,KF365,계란,0
"농심 멸치 칼국수, 98g, 10개 8,800원 (100g당 898원) 내일(일) 도착 보장 5 (55393) 최대 440원 적립",간편식,라면,INSTANT,멸치칼국수,농심,우동/칼국수,0
"비셰프 나초치즈 소스, 1kg, 1개 9,250원 (100g당 925원) 내일(일) 새벽 도착 보장 4.5 (1270) 최대 463원 적립",조미료,양념/소스,SAUCE_SEASONING,치즈 소스,비셰프,기타 소스,0
[매일] 바이오 요거트 4종 (85g X 4개) (택1),유제품,요거트,DAIRY,요거트,매일,요거트,0
[제주맥주] 제주누보망고 프리미엄 논알콜 2종 (택1),술,맥주,ALCOHOL,맥주,제주맥주,맥주,0
"포스틱 과자, 84g, 6개 7,800원 (10g당 155원) 내일(일) 도착 보장 5 (23308) 최대 390원 적립",간식류,과자/스낵,SNACK,포스틱,농심,스낵,0
짱구 21곡 초코바 15g x 15입,간식류,과자/스낵,SNACK,초코바,짱구,스낵바,0
[올가] 유기농 밀가루 500g,조미료,가루분말,SAUCE_SEASONING,밀가루,올가,밀가루,0
[미로식당] 국물 떡볶이 (1봉/2봉) (택1),간편식,밀키트,RTC_MEAL,밀키트,미로식당,밀키트,0
"베베쿡 처음먹는 유기농 보리차, 120ml, 20개 쿠폰할인5%17,900원 16,900원 (100ml당 704원) 내일(일) 도착 보장 5 (5586) 최대 710원 적립",음료,커피/차,BEVERAGE,보리차,베베쿡,보리차,0
[청산에] 청자채 구운 곱창 돌김(캔) 30g,상온식품,김/자반,DRIED_SEAFOOD,김,청산에,김,0
[바름팜] 창녕 양파 1.5kg,채소/곡물류,채소,RAW_PRODUCE,양파,바름팜,양파,0
[고메] 소바바치킨 순살 4종 (택1),간편식,냉동식품,FROZEN_MEAL,치킨,고메,냉동 치킨,0
[KF365] 무항생제 대란 40구 (20구*2ea),육류/계란,계란,RAW_MEAT,계란,KF365,계란,0
[곡물이야기] 가마솥 누룽지 1kg (국내산),간식류,과자/스낵,SNACK,누룽지,곡물이야기,누룽지,0
"국내산 무, 1개입, 1개 1,680원 (1개당 1,680원) 내일(일) 새벽 도착 보장 4.5 (269494) 최대 84원 적립",채소/곡물류,채소,RAW_PRODUCE,무,,무,0
[정호영셰프의 우동카덴] 명란 크림 우동,간편식,밀키트,RTC_MEAL,밀키트,정호영셰프의 우동카덴,밀키트,0
"롯데웰푸드 티코 밀크초코 아이스크림 (냉동), 34ml, 15개입, 1개 10%8,000원 7,200원 (10ml당 141원) 내일(일) 새벽 도착 보장 5 (31454) 최대 360원 적립",간식류,디저트/케이크,BAKERY,아이스크림,롯데,아이스크림,0
"자연다움 건포도, 100g, 1개 60%6,000원 2,390원 (100g당 2,390원) 내일(일) 도착 보장 4.5 (1180) 최대 120원 적립",과일/견과류,과일,RAW_FRUIT,포도,자연다움,포도,0
"곰곰 미국산 만다린, 700g, 1개 7,980원 (100g당 1,140원) 내일(일) 새벽 도착 보장 4.5 (1539) 최대 399원 적립",과일/견과류,과일,RAW_FRUIT,만다린,곰곰,귤,0
[집반찬연구소] 멸치주먹밥 재료,간편식,밀키트,RTC_MEAL,밀키트,집반찬연구소,밀키트,0
데친 고사리 200g,채소/곡물류,채소,RAW_PRODUCE,고사리,,고사리,0
[베이비벨] 미니 베이비벨 프로틴 치즈 (20g X 5입),유제품,치즈,DAIRY,치즈,베이비벨,기타 치즈,0
[농심] 농심라면 4입,간편식,라면,INSTANT,농심라면,농심,국물라면,0
[모두의맛집] 오세득의 가지 라자냐,간편식,레트로트,RTC_MEAL,레트로트,모두의맛집,레트로트,0
[바름팜] 간편하게 손질한 사각 무 300g,채소/곡물류,채소,RAW_PRODUCE,무,바름팜,무,0
[바디랩] 순수두유 99.9 (190mL X 24개),유제품,우유/두유,DAIRY,두유,바디랩,두유,0
"바른곡물 국산 현미, 1kg, 1개 44%9,200원 5,080원 (100g당 508원) 내일(일) 도착 보장 4.5 (406) 최대 254원 적립",채소/곡물류,쌀/잡곡,GRAIN,현미,바른곡물,현미,0
[나폴레옹] 얼그레이 파운드케이크 330g,간식류,디저트/케이크,BAKERY,케이크,나폴레옹,케이크,0
"덴마크 테이크 얼라이브 망고, 120ml, 48개 64%42,000원 14,900원 (100ml당 259원) 내일(일) 도착 보장 5 (24602) 최대 745원 적립",음료,주스,BEVERAGE,망고 주스,덴마크,망고 주스,0
[선데이잼] 오렌지 살구잼 230g,상온식품,잼/스프레드,SAUCE_SEASONING,오렌지 살구잼,선데이잼,기타 잼/스프레드,0
[라비퀸] 오리지널 떡볶이,간편식,밀키트,RTC_MEAL,밀키트,라비퀸,밀키트,0
[라벨리] 깨먹는 티라미수 아이스크림 120mL,간식류,디저트/케이크,BAKERY,아이스크림,라벨리,아이스크림,0
"국내산 깐감자, 450g, 2개 6,180원 (100g당 687원) 내일(일) 새벽 도착 보장 4.5 (20192) 최대 309원 적립",채소/곡물류,채소,RAW_PRODUCE,감자,,감자,0
"맑은물에 곱슬이 콩나물, 1박스, 2kg 4,800원 (100g당 240원) 내일(일) 새벽 도착 보장 4.5 (10316) 최대 240원 적립",채소/곡물류,채소,RAW_PRODUCE,콩나물,맑은물에,콩나물,0
[선물세트] 만전김 담백한 갯벌김 정성세트,상온식품,김/자반,DRIED_SEAFOOD,김,만전김,김,0
"미니멜츠 쵸코바닐라 구슬아이스크림 (냉동), 50g, 6개입, 1개 11,880원 (10g당 396원) 내일(일) 새벽 도착 보장 4.5 (3276) 최대 594원 적립",간식류,디저트/케이크,BAKERY,아이스크림,미니멜,아이스크림,0
"매일유업 바이오 요거트 백도 85g x 4개 + 딸기 85g x 4개, 8개입, 1세트 5,680원 (10g당 84원) 내일(일) 새벽 도착 보장 5 (3143) 최대 284원 적립",유제품,요거트,DAIRY,요거트,매일,요거트,0
친환경 진도 봄동,채소/곡물류,채소,RAW_PRODUCE,봄동,,기타 채소,0
"김구원선생 무농약 인증 숙주나물, 200g, 1개 2,190원 (100g당 1,095원) 내일(일) 새벽 도착 보장 4.5 (738) 최대 110원 적립",채소/곡물류,채소,RAW_PRODUCE,숙주나물,김구원선생,숙주,0
"하림 IFF 닭다리살 (냉동), 2kg, 1개 29,660원 (100g당 1,483원) 내일(일) 새벽 도착 보장 5 (5398) 최대 1,483원 적립",육류/계란,닭고기,RAW_MEAT,닭다리살,하림,닭다리살,0
[상하목장] 유기농 락토프리 멸균 우유(190mL X 6개입),유제품,우유/두유,DAIRY,락토프리 우유,상하목장,락토프리 우유,0
[새로미어묵] 바른공식 0% 모듬어묵,수산물,어육가공식품,SIMPLE_PROCESSED,어묵,새로미어묵,어묵,0
"해슬로 노르웨이 간고등어살 6~10팩 (냉동), 1kg(100-160g,6-10팩), 1개 16,480원 (100g당 1,648원) 내일(일) 새벽 도착 보장 4.5 (473) 최대 824원 적립",수산물,생선,RAW_SEAFOOD,고등어,해슬로,고등어,0
"아이시스 8.0 에코 생수 무라벨, 1L, 24개 18%15,200원 12,460원 (100ml당 52원) 내일(일) 도착 보장 5 (117915) 최대 623원 적립",음료,생수,BEVERAGE,생수,아이시스,생수,0
친환경 오이맛고추 100g,채소/곡물류,채소,RAW_PRODUCE,오이고추,,오이고추,0
"곰곰 닭 목살 (냉동), 1kg, 1개 30%12,000원 8,370원 (100g당 837원) 내일(일) 새벽 도착 보장 5 (1562) 최대 419원 적립",육류/계란,닭고기,RAW_MEAT,닭 목살,곰곰 ,기타 닭고기,0
[김재식헬스푸드] 포도 한송이즙 30포,미등록 카테고리,기타,UNKNOWN,기타,김재식헬스푸드,기타,0
"루카스나인 시그니처 바닐라 라떼 커피믹스, 16.9g, 50개입, 1개 19,160원 (10g당 227원) 내일(일) 도착 보장 5 (29422) 최대 958원 적립",음료,커피/차,BEVERAGE,커피믹스,루카스나인,커피믹스,0
[슈퍼키친] 지리멸치볶음,간편식,반찬류,SIMPLE_PROCESSED,멸치볶음,슈퍼키친,기타 반찬류,0
[고맙당] 저당 쌈장,조미료,양념/소스,SAUCE_SEASONING,쌈장,고맙당,쌈장,0
[해찬들]  100% 국산 고추장 1kg,조미료,양념/소스,SAUCE_SEASONING,고추장,해찬들,고추장,0
[지리산한봉영농조합] 지리산 꿀 2종,조미료,양념/소스,SAUCE_SEASONING,꿀,지리산한봉영농조합,꿀,0
[남도우애] 무항생제 1++ 한우 국거리용 200g 2종 (냉장),육류/계란,소고기,RAW_MEAT,국거리용 소고기,남도우애,소고기 묶음,0
"[모리나가] 문라이트, 블랙문 쿠키 2종 (택1)",간식류,과자/스낵,SNACK,쿠키,모리나가,쿠키,0
[백설다담] 옛맛 담은 우렁강된장찌개,간편식,밀키트,RTC_MEAL,밀키트,백설,밀키트,0
"제누 스테비아 단백질 커피믹스 바리스타, 9.8g, 100개입, 1개 43%69,900원 39,780원 (10g당 406원) 내일(일) 도착 보장 4.5 (12617) 최대 1,689원 적립",음료,커피/차,BEVERAGE,커피믹스,제누,커피믹스,0
"너츠브라더 구운 아몬드, 500g, 1개 할인20%13,830원 11,060원 (100g당 2,212원) 내일(일) 도착 보장 5 (826) 최대 553원 적립",과일/견과류,견과류,RAW_FRUIT,아몬드,너츠브라더,아몬드,0
[선물세트] 나주 신고배 세트 4.5kg(6~7입) (예약일 수령),과일/견과류,과일,RAW_FRUIT,배,,과일 묶음,0
"팔도 뽀로로 아기보리차, 220ml, 24개 13%19,900원 17,200원 (100ml당 326원) 내일(일) 도착 보장 5 (22999) 최대 860원 적립",음료,커피/차,BEVERAGE,보리차,팔도,보리차,0
[와인앤모어픽업]라세니 스몰배치 750mL ((미국위스키)),술,기타 주류,ALCOHOL,위스키,헤븐힐 디스틸러리,위스키,0
[조선호텔]칠리새우 500g,간편식,밀키트,RTC_MEAL,밀키트,조선호텔,밀키트,0
[셀렉스] 프로틴바 2종 (택1),간식류,과자/스낵,SNACK,프로틴바,셀렉스,스낵바,0
[사조대림] 김밥애쏘옥 462g,수산물,어육가공식품,SIMPLE_PROCESSED,맛살,사조대림,맛살,0
"파스퇴르 전용목장 우유, 200ml, 20개 16,590원 (100ml당 415원) 내일(일) 도착 보장 새 상품, 반품-미개봉 (11) 최저15,760원 5 (3335) 최대 830원 적립",유제품,우유/두유,DAIRY,우유,파스퇴르,우유,0
[까르미아노] 롱 파스타면 5종 (택1),채소/곡물류,면류,GRAIN,파스타면,까르미아노,파스타면,0
"뉴뜨레 냉동 망고 다이스 베트남산, 1kg, 6개 34,300원 (100g당 572원) 내일(일) 새벽 도착 보장 5 (1109) 최대 1,500원 적립",과일/견과류,냉동과일,SIMPLE_PROCESSED,냉동 망고,뉴뜨레,냉동 망고,0
[미트엔조이] 호주산 꽃갈비/늑간 반반팩,육류/계란,소고기,RAW_MEAT,갈비,미트엔조이,갈비,0
[유기샘] 국산 볶은 땅콩 200g,과일/견과류,견과류,RAW_FRUIT,땅콩,유기샘,땅콩,0
[건어물상회] 한입에 쏙 치즈 오징어 40g,간식류,과자/스낵,SNACK,오징어 스낵,건어물상회,스낵,0
[브로드카세] 고소한 사브레 쿠키 2종 (택1),간식류,과자/스낵,SNACK,쿠키,브로드카세,쿠키,0
"국내산 통마늘 3개입, 1개 2,480원 내일(일) 새벽 도착 보장 5 (683) 최대 124원 적립",채소/곡물류,채소,RAW_PRODUCE,마늘,,마늘,0
[앙투어솔레] 아이리쉬 그릴링 치즈 300g,유제품,치즈,DAIRY,치즈,앙투어솔레,기타 치즈,0
[크라운] 크림블 크림브륄레 320g,간식류,과자/스낵,SNACK,크림블,크라운,쿠키,0
"크라운레스 디럭스 파인애플 점보 2통, 3.5kg, 1개 16,720원 (100g당 478원) 내일(일) 새벽 도착 보장 4.5 (2884) 최대 836원 적립",과일/견과류,과일,RAW_FRUIT,파인애플,크라운,파인애플,0
"국내산 브로콜리, 2개입, 2개 7,680원 (1개당 1,920원) 내일(일) 새벽 도착 보장 5 (204182) 최대 384원 적립",채소/곡물류,채소,RAW_PRODUCE,브로콜리,,브로콜리,0
[유가원]유기농 마카다미아 쉘,과일/견과류,견과류,RAW_FRUIT,마카다미아,유가원,마카다미아,0
냉동 허니 블루베리 500g (칠레산),과일/견과류,냉동과일,SIMPLE_PROCESSED,냉동 블루베리,,냉동 블루베리,0
"아이시스 8.0 ECO 생수 무라벨, 2L, 12개 13%11,200원 9,690원 (100ml당 40원) 내일(일) 도착 보장 5 (117916) 최대 485원 적립",음료,생수,BEVERAGE,생수,아이시스,생수,0
[도제식빵] 통새우산도,간식류,빵류,BAKERY,새우산도,도제식빵,기타 빵류,0
유기농 달수 고구마 1.5kg,채소/곡물류,채소,RAW_PRODUCE,고구마,,고구마,0
[벤슨] 미니컵 아이스크림 100mL 4종,간식류,디저트/케이크,BAKERY,아이스크림,벤슨,아이스크림,0
[창억] 이북식 인절미 360g 2종 (택1),간식류,떡,SNACK,인절미,창억,인절미,0
[드시모네] 키즈 스텝1 블루베리향 유산균 (50일분),미등록 카테고리,기타,UNKNOWN,기타,드시모네,기타,0
[Kurly's] 돈육햄 200g,육류/계란,가공육(햄/소시지),PROCESSED_MEAT,햄,Kurly's,햄,0
"국내산 양상추, 1통, 1개 2,240원 (1개당 2,240원) 내일(일) 새벽 도착 보장 4.5 (110263) 최대 112원 적립",채소/곡물류,채소,RAW_PRODUCE,양상추,,양상추,0
[바른식] 부산 조방낙지 낙곱새 (2인분),간편식,밀키트,RTC_MEAL,밀키트,바른식,밀키트,0
[선물세트] 녹색한우 무항생제 1+ 한우 로인 세트 (냉장),육류/계란,소고기,RAW_MEAT,소고기 모둠,녹색한우,소고기 묶음,0
[유가원] 유기농 아몬드 크리스피 60g,과일/견과류,견과류,RAW_FRUIT,아몬드,유가원,아몬드,0
"오뚜기 양조식초, 1.8L, 2개 4,600원 (10ml당 13원) 내일(일) 새벽 도착 보장 5 (11778) 최대 230원 적립",조미료,양념/소스,SAUCE_SEASONING,양조식초,오뚜기,식초,0
"믈레코비타 아이러브밀크 멸균 우유 3.5%, 1L, 36개 14%62,400원 53,660원 (100ml당 149원) 내일(일) 도착 보장 5 (77265) 최대 2,683원 적립",유제품,우유/두유,DAIRY,우유,아이러브밀크,우유,0
[아몬드브리즈] 아몬드 음료 4종 (190mL X 6개),유제품,우유/두유,DAIRY,아몬드유,아몬드브리즈,식물성 음료,0
[복음자리] 딸기잼 500g,상온식품,잼/스프레드,SAUCE_SEASONING,딸기잼,복음자리,딸기잼,0
"국내산 양파(소), 1kg, 1개 2,990원 (100g당 299원) 내일(일) 새벽 도착 보장 4.5 (95092) 최대 150원 적립",채소/곡물류,채소,RAW_PRODUCE,양파,,양파,0
"국내산 청양고추, 60g, 3개 2,780원 (100g당 1,544원) 내일(일) 새벽 도착 보장 5 (298518) 최대 139원 적립",채소/곡물류,채소,RAW_PRODUCE,청양고추,,청양고추,0
[은하수산] 연어배꼽살 회 100g (냉장),수산물,생선,RAW_SEAFOOD,연어,은하수산,연어,0
"롯데웰푸드 키스틱 소시지, 800g, 2개 15,890원 (10g당 99원) 내일(일) 도착 보장 4.5 (45929) 최대 795원 적립",육류/계란,가공육(햄/소시지),PROCESSED_MEAT,소시지,롯데,소세지,0
[그로서리서울] 곤약쫀드기 인절미 (10개입),간식류,떡,SNACK,인절미,그로서리서울,인절미,0
[도드람한돈] 미트공방 비엔나 소시지 250g,육류/계란,가공육(햄/소시지),PROCESSED_MEAT,소시지,도드람한돈,소세지,0
[선물세트] 아티장비스킷 커피 앤 티 페어링 비스킷 2종 (택1),간식류,과자/스낵,SNACK,쿠키,아티장비스킷,쿠키,0
"오뚜기옛날 참기름, 350ml, 1개 5,700원 (10ml당 163원) 내일(일) 새벽 도착 보장 5 (1663) 최대 285원 적립",조미료,식용유/기름,SAUCE_SEASONING,참기름,오뚜기,참기름,0
[마켓컬리X매일유업] My Basic 매일 좋은 1A 우유 900mL,유제품,우유/두유,DAIRY,우유,매일,우유,0
[기뜬정] 수제 오란다 서울 세트 (20g X 18개),간식류,과자/스낵,SNACK,오란다,기뜬정,강정/한과,0
"웅진빅토리아 더빅토리아 자두 탄산음료, 500ml, 20개 쿠폰할인45%20,000원 10,900원 (100ml당 109원) 내일(일) 도착 보장 5 (4736) 최대 545원 적립",음료,탄산음료,BEVERAGE,탄산수,웅진빅토리아,탄산수,0
[태우한우] 1+ 한우 살치살 구이용 200g (냉장),육류/계란,소고기,RAW_MEAT,살치살,태우한우,살치살,0
"국내산 양상추, 1통, 1개 2,240원 (1개당 2,240원) 내일(일) 새벽 도착 보장 4.5 (110278) 최대 112원 적립",채소/곡물류,채소,RAW_PRODUCE,양상추,,양상추,0
[속초해품] 실속형 백명란 330g (냉장),수산물,어란,RAW_SEAFOOD,백명란,속초해품,명란,0
[해찬들] 100% 국산고추장500g,조미료,양념/소스,SAUCE_SEASONING,고추장,해찬들,고추장,0
"웅진빅토리아 캔 탄산수 플레인, 250ml, 30개 11,500원 (100ml당 153원) 내일(일) 도착 보장 5 (15547) 최대 575원 적립",술,기타 주류,ALCOHOL,진,웅진빅토리아,진,0
"CJ 백설 구운소금, 1kg, 1개 쿠폰할인3%5,470원 5,300원 (100g당 530원) 내일(일) 도착 보장 4.5 (4068) 최대 265원 적립",조미료,조미료,SAUCE_SEASONING,구운소금,백설,소금,0
"국내산 친환경 흙당근, 1kg, 1개 4,800원 (100g당 480원) 내일(일) 새벽 도착 보장 4.5 (75166) 최대 240원 적립",채소/곡물류,채소,RAW_PRODUCE,당근,,당근,0
[하림] 치킨스테이크 다리살 320g,간편식,냉동식품,FROZEN_MEAL,냉동 치킨,하림,냉동 치킨,0
[덴마크] 덴마크 하이 그릭 프로즌 아이스크림 474g,간식류,디저트/케이크,BAKERY,아이스크림,덴마크,아이스크림,0
[자연에찬] 건새우 아욱국 700g,간편식,레트로트,RTC_MEAL,레트로트,자연에찬,레트로트,0
[선물세트] 양산도 양념민물장어 세트 (예약일수령),간편식,밀키트,RTC_MEAL,밀키트,양산도,밀키트,0
[해태] 자유시간 쿠키앤크림 미니 272g,간식류,초콜릿/사탕,SNACK,자유시간,해태,기타 초콜릿/사탕,0
[속초해품] 명란젓 160g,간편식,반찬류,SIMPLE_PROCESSED,명란젓,속초해품,명란젓,0
"풀무원샘물 생수 무라벨, 330ml, 40개 9,400원 (100ml당 71원) 내일(일) 도착 보장 5 (165782) 최대 470원 적립",음료,생수,BEVERAGE,생수,풀무원,생수,0
[범산목장] 유기농 목초 그릭 요구르트 350mL,유제품,요거트,DAIRY,요구르트,범산목장,요구르트,0
[랩노쉬] 단백쿠키 10개입 5종 (택1),간식류,과자/스낵,SNACK,쿠키,랩노쉬,쿠키,0
"곰곰 한입 돈까스 (냉동), 1kg, 1개 7,990원 (100g당 799원) 내일(일) 새벽 도착 보장 4.5 (36866) 최대 400원 적립",간편식,냉동식품,FROZEN_MEAL,냉동 돈까스,곰곰,냉동 돈까스,0
땅끝 해남 쌀 20kg,채소/곡물류,쌀/잡곡,GRAIN,쌀,,쌀,0
[브로드카세] 크리스마스 쿠키 만들기 세트 2종 (택1),간식류,과자/스낵,SNACK,쿠키,브로드카세,쿠키,0
[해담촌] 봄동 김치 700g,간편식,반찬류,SIMPLE_PROCESSED,봄동김치,해담촌,기타 반찬류,0
"사조참치 살코기 안심따개, 100g, 12개 쿠폰할인5%15,900원 15,030원 (10g당 125원) 내일(일) 도착 보장 5 (194170) 최대 751원 적립",상온식품,참치/스팸캔,CANNED,참치캔,사조,참치캔,0
[자연실록] 무항생제 닭 윗날개 (봉) 500g,육류/계란,닭고기,RAW_MEAT,윗날개,자연실록,닭날개,0
[비마스터] 데일리 아카시아 꿀스틱 (30포),조미료,양념/소스,SAUCE_SEASONING,꿀,비마스터,꿀,0
"MORN 현미 월남쌈, 200g, 3개 5,890원 (100g당 982원) 내일(일) 도착 보장 5 (34265) 최대 295원 적립",간편식,반찬류,SIMPLE_PROCESSED,월남쌈,MORN,기타 반찬류,0
[담꽃] 팥칼국수 (2인분),간편식,밀키트,RTC_MEAL,밀키트,담꽃,밀키트,0
[온하루] 새우 잣즙냉채,간편식,반찬류,SIMPLE_PROCESSED,새우냉채,온하루,기타 반찬류,0
[목우촌] 프라임 살코기햄 300g,육류/계란,가공육(햄/소시지),PROCESSED_MEAT,햄,목우촌,햄,0
"곰곰 예가체프 드립백 커피, 8g, 36개입, 1개 15%21,900원 18,490원 (1개당 514원) 내일(일) 도착 보장 4.5 (12484) 최대 925원 적립",음료,커피/차,BEVERAGE,커피 드립백,곰곰 ,드립백,0
"국내산 무, 1개입, 4개 6,190원 (1개당 1,548원) 내일(일) 새벽 도착 보장 4.5 (269502) 최대 310원 적립",채소/곡물류,채소,RAW_PRODUCE,무,,무,0
"페페브루노 엑스트라버진 코코넛오일, 1개, 200ml 6,000원 (100ml당 3,000원) 내일(일) 도착 보장 5 (222) 최대 300원 적립",조미료,식용유/기름,SAUCE_SEASONING,코코넛 오일,페페브루노,코코넛 오일,0
[풀무원] 쌈장 2종,조미료,양념/소스,SAUCE_SEASONING,쌈장,풀무원,쌈장,0
"DIAMOND 흰다리 새우살 50~59마리 (냉동), 900g(26/30), 1팩 17,900원 (100g당 1,989원) 내일(일) 새벽 도착 보장 5 (9690) 최대 895원 적립",수산물,새우/게,RAW_SEAFOOD,새우,DIAMOND,새우,0
[생미쉘] 비스킷 2종 (택1),간식류,과자/스낵,SNACK,쿠키,생미쉘,쿠키,0
현미 2kg,채소/곡물류,쌀/잡곡,GRAIN,현미,,현미,0
[이야이야앤프랜즈] 크리스마스 EDT 엑스트라버진 올리브오일 500ml,조미료,식용유/기름,SAUCE_SEASONING,올리브오일,이야이야앤프랜즈,올리브오일,0
[미즈호] 노리마키 센베 와사비 55g x 2번들,간식류,과자/스낵,SNACK,과자,미즈호,기타 과자/스낵,0
"지중해산 레몬식초, 900ml, 1개 3,520원 (10ml당 39원) 내일(일) 도착 보장 5 (3220) 최대 176원 적립",조미료,양념/소스,SAUCE_SEASONING,레몬 식초,백설,식초,0
[한끼통살] 곤약현미 볶음밥 5종 (택1),간편식,즉석밥,INSTANT,즉석 볶음밥,한끼통살,즉석 볶음밥,0
"국내산 양파(소), 1kg, 1개 2,990원 (100g당 299원) 내일(일) 새벽 도착 보장 4.5 (95094) 최대 150원 적립",채소/곡물류,채소,RAW_PRODUCE,양파,,양파,0
[미트엔조이] 육향가득 양념 토시살구이 400g,간편식,밀키트,RTC_MEAL,밀키트,미트엔조이,밀키트,0
[이상복명과] 녹차빵 (38g X 10개),간식류,빵류,BAKERY,녹차빵,이상복명과,기타 빵류,0
[테일러] 애프터 딥워터 코코젤리밥 3종 (택1),간식류,초콜릿/사탕,SNACK,젤리,테일러,젤리,0
유기농 간편 대파 150g (냉동),채소/곡물류,채소,RAW_PRODUCE,대파,,대파,0
[선물세트][CJ] 스팸 라이트 8호,상온식품,참치/스팸캔,CANNED,스팸,CJ,스팸,0
"오뚜기 가쓰오 유부 우동 컵, 62g, 6개 3%6,980원 6,750원 (100g당 1,815원) 내일(일) 도착 보장 5 (15089) 최대 338원 적립",간편식,라면,INSTANT,가쓰오 우동,오뚜기,우동/칼국수,0
[선물세트] 대천김 혼합 세트,상온식품,김/자반,DRIED_SEAFOOD,김,대천김,김,0
[청담미역] 가자미 미역국,간편식,레트로트,RTC_MEAL,레트로트,청담미역,레트로트,0
[마이셰프] 얼큰한 꽃게탕,간편식,밀키트,RTC_MEAL,밀키트,마이셰프,밀키트,0
"백설 천일염 꽃소금, 400g, 1개 3,040원 (100g당 760원) 내일(일) 도착 보장 5 (817) 최대 152원 적립",조미료,조미료,SAUCE_SEASONING,꽃소금,백설,소금,0
"큐피 참깨 드레싱, 150ml, 1개 6,250원 (100ml당 4,167원) 내일(일) 도착 보장 5 (15546) 최대 313원 적립",조미료,양념/소스,SAUCE_SEASONING,참깨 드레싱,큐피,기타 소스,0
"곰곰 동물복지 우유, 900ml, 1팩 3,070원 (100ml당 341원) 내일(일) 새벽 도착 보장 5 (7598) 최대 154원 적립",유제품,우유/두유,DAIRY,우유,곰곰,우유,0
"칠갑농산 감자전분, 500g, 1개 5,800원 (100g당 1,160원) 내일(일) 도착 보장 5 (2703) 최대 290원 적립",조미료,가루분말,SAUCE_SEASONING,감자전분,칠갑농산,감자전분,0
[그래놀라하우스] 그래놀라 미니 10개입 2종(택1),상온식품,시리얼,GRAIN,그래놀라,그래놀라하우스,그래놀라,0
[김소형원방] 동방비책 순녹용 진액 30포,미등록 카테고리,기타,UNKNOWN,기타,김소형원방,기타,0
"카누 미니 마일드 로스트 아메리카노 원두커피스틱, 0.9g, 100개입, 1개 23,260원 (10g당 2,584원) 내일(일) 도착 보장 5 (180735) 최대 1,163원 적립",음료,커피/차,BEVERAGE,커피가루,카누,커피,0
[왕애밥상] 실비깍두기,간편식,반찬류,SIMPLE_PROCESSED,깍두기,왕애밥상,깍두기,0
"트와이닝 얼그레이 티백, 2g, 25개입, 1개 쿠폰할인9%6,980원 6,320원 (10g당 1,264원) 내일(일) 새벽 도착 보장 5 (1426) 최대 316원 적립",음료,커피/차,BEVERAGE,티백,트와이닝,티백,0
[오리온] 치킨팝 65g (택1),간식류,과자/스낵,SNACK,치킨팝,오리온,스낵,0
[풀무원] 저당쌈장 2종,조미료,양념/소스,SAUCE_SEASONING,쌈장,풀무원,쌈장,0
[선물세트] 콤비타 UMF18+ 마누카꿀 더블세트,조미료,양념/소스,SAUCE_SEASONING,꿀,콤비타,꿀,0
생 앙드레 트리플 크림 치즈 200g,유제품,치즈,DAIRY,크림치즈,생 앙드레,크림치즈,0
[ISFI] 오레가노홀 12g,조미료,향신료/허브,SAUCE_SEASONING,오레가노,ISFI,오레가노,0
[로다스] 바닐라 클로티드 크림 113g,유제품,버터/생크림,DAIRY,클로티드 크림,로다스,생크림,0
[CU 픽업] 시메이배럴숙성2023,술,맥주,ALCOHOL,에일,시메이,에일,0
"현미 원형 월남쌈, 200g, 1개 20%2,400원 1,900원 (100g당 950원) 내일(일) 도착 보장 5 (4385) 최대 95원 적립",간편식,반찬류,SIMPLE_PROCESSED,월남쌈,,기타 반찬류,0
[청양] 유기농 볶음 통 참깨 120g,채소/곡물류,쌀/잡곡,GRAIN,참깨,청양,기타 잡곡,0
[콤비타] UMF15+ 퓨어 100% 마누카꿀 로젠지 6개입,조미료,양념/소스,SAUCE_SEASONING,꿀,콤비타,꿀,0
[미식회관] 타코와사비,간편식,레트로트,RTC_MEAL,레트로트,미식회관,레트로트,0
[풀무원] 튀김 가쓰오 우동 (2인분),간편식,밀키트,RTC_MEAL,밀키트,풀무원,밀키트,0
[종가] 묵은지 900g,간편식,반찬류,SIMPLE_PROCESSED,묵은지,종가,배추김치,0
"청정원 남해안 멸치액젓 골드, 1kg, 1개 11%6,090원 5,400원 (10g당 54원) 내일(일) 새벽 도착 보장 5 (6546) 최대 270원 적립",조미료,조미료,SAUCE_SEASONING,멸치액젓,청정원,액젓,0
[하남돼지집] 고추장찌개,간편식,밀키트,RTC_MEAL,밀키트,하남돼지집,밀키트,0
"영산홍어 프리미엄 흑산도 홍어회 + 초고추장(냉장), 120g, 1세트 13,900원 (100g당 9,929원) 내일(일) 새벽 도착 보장 4.5 (195) 최대 645원 적립",수산물,생선,RAW_SEAFOOD,홍어,영산홍어,회 묶음,0
"스타벅스 미디엄 로스트 아메리카노 원두커피믹스, 1.1g, 30개입, 1개 9,790원 (10g당 2,967원) 내일(일) 도착 보장 5 (20773) 최대 490원 적립",음료,커피/차,BEVERAGE,커피믹스,스타벅스,커피믹스,0
[난축맛돈] 뼈등심 구이용 450g,육류/계란,돼지고기,RAW_MEAT,돼지 등심,난축맛돈,돼지 등심,0
"브로콜리 (냉동), 1kg, 1개, 1개입 5,400원 (100g당 540원) 내일(일) 새벽 도착 보장 4.5 (696) 최대 270원 적립",채소/곡물류,채소,RAW_PRODUCE,브로콜리,,브로콜리,0
"신앙촌 양조 생명물 간장, 360ml, 1개 5,930원 (100ml당 1,647원) 내일(일) 도착 보장 5 (16817) 최대 296원 적립",조미료,양념/소스,SAUCE_SEASONING,양조간장,신앙촌,간장,0
[피코크] 차돌 짬뽕탕,간편식,레트로트,RTC_MEAL,레트로트,피코크,레트로트,0
[하림] 구워먹는 치킨 930g (냉장),간편식,냉동식품,FROZEN_MEAL,냉동 치킨,하림,냉동 치킨,0
[쿠라콘] 시오콘부 염장다시마 2종 (47g /130g),수산물,미역/다시마,DRIED_SEAFOOD,다시마,쿠라콘,다시마,0
[놀부보쌈] 통순살족발,간편식,레트로트,RTC_MEAL,레트로트,놀부보쌈,레트로트,0
"맥심 모카골드 라이트 커피믹스, 11.8g, 50개입, 1개 9,790원 (10g당 166원) 내일(일) 도착 보장 5 (23534) 최대 490원 적립",음료,커피/차,BEVERAGE,커피믹스,맥심,커피믹스,0
[선물세트] 호정가 찹쌀약과 미니세트 (소) (쇼핑백 증정),간식류,디저트/케이크,BAKERY,약과,호정가,약과,0
"무농약 인증 국내산 추부깻잎, 35g, 1팩 2,040원 (100g당 5,829원) 내일(일) 새벽 도착 보장 4.5 (10374) 최대 102원 적립",채소/곡물류,채소,RAW_PRODUCE,깻잎,,깻잎,0
"5kg 대용량 볶은 해바라기씨 꽈즈 오리지널 원맛, 1개 35,900원 (100g당 718원) 2/20 도착 예정 4.5 (295) 최대 1,795원 적립",과일/견과류,견과류,RAW_FRUIT,해바라기씨,차이홍푸드,해바라기씨,0
[바다원] 바베큐 조미 오징어 오리지널 130g,간식류,과자/스낵,SNACK,오징어 스낵,바다원,스낵,0
[콤비타] 뉴질랜드 마누카꿀 3종,조미료,양념/소스,SAUCE_SEASONING,꿀,뉴질랜드,꿀,0
"종가 포기김치, 2.3kg, 1개 23,900원 (100g당 1,039원) 내일(일) 새벽 도착 보장 4.5 (77011) 최대 1,195원 적립",간편식,반찬류,SIMPLE_PROCESSED,배추김치,종가,배추김치,0
[롯데] 제로 시트러스 유자 젤리 40g X 8개입,간식류,초콜릿/사탕,SNACK,젤리,롯데,젤리,0
[픽앤치즈] 캘리포니아 슬라이스 치즈 7종,유제품,치즈,DAIRY,치즈,픽앤치즈,기타 치즈,0
[리터스포트] 큐브 초콜릿 골든 에디션 148g,간식류,초콜릿/사탕,SNACK,초콜릿,리터스포트,초콜릿,0
[초코헬스] 제로넛츠 저당 초콜릿 250g,간식류,초콜릿/사탕,SNACK,초콜릿,초코헬스,초콜릿,0
[보물섬] 국산 데친 전복회 100g (냉장),수산물,조개/전복,RAW_SEAFOOD,전복,보물섬,전복,0
[조선델리] 조선호텔 블랙포레스트 케이크 900g,간식류,디저트/케이크,BAKERY,케이크,조선델리,케이크,0
[나폴레옹] 유자 스폰지 케이크 430g,간식류,디저트/케이크,BAKERY,케이크,나폴레옹,케이크,0
[선물세트] [감익는 마을] GAP 경북 상주 곶감 실속세트(15입),간식류,디저트/케이크,BAKERY,곶감,감익는 마을,곶감,0
"어니스트 유기농 엑스트라버진 코코넛오일, 500ml, 1개 17,500원 (1개당 17,500원) 내일(일) 도착 보장 4.5 (13121) 최대 875원 적립",조미료,식용유/기름,SAUCE_SEASONING,코코넛 오일,어니스트,코코넛 오일,0
"롯데카스타드 스친소 스트로베리 요거트, 2개, 126g 할인6%5,800원 5,450원 (10g당 216원) 내일(일) 도착 보장 5 (40) 최대 273원 적립",간식류,빵류,BAKERY,카스타드,롯데,기타 빵류,0
[존쿡 델리미트] 홀머슬 햄 100g,육류/계란,가공육(햄/소시지),PROCESSED_MEAT,햄,존쿡 델리미트,햄,0
"오리온 와우스낵 선물세트 16팩, 포카칩 + 꼬북칩 + 오감자 + 돌아온썬칩, 1세트 11,300원 (1세트당 11,300원) 내일(일) 도착 보장 5 (22400) 최대 565원 적립",간식류,과자/스낵,SNACK,과자,오리온,기타 과자/스낵,0
[고메] 대가 탕수육 390g,간편식,냉동식품,FROZEN_MEAL,냉동 탕수육,고메,냉동 탕수육,0
"곰곰 구운 아몬드, 1kg, 1개 20,990원 (100g당 2,099원) 내일(일) 새벽 도착 보장 5 (2654) 최대 1,050원 적립",과일/견과류,견과류,RAW_FRUIT,아몬드,곰곰,아몬드,0
[앙트르몽] 에멘탈 치즈 135g,유제품,치즈,DAIRY,에멘탈 치즈,앙트르몽,에멘탈 치즈,0
[미카구토] 오사츠도키 고구마칩 85g,간식류,과자/스낵,SNACK,고구마칩,미카구토,고구마칩,0
[보르니에르] 홀그레인 머스타드 210g,조미료,양념/소스,SAUCE_SEASONING,머스타드,보르니에르,머스타드,0
[HUGO&VICTOR] 스콘 4종 (택1),간식류,빵류,BAKERY,스콘,HUGO&VICTOR,스콘,0
"부침명장 사옹원 한입 아삭김치전 (냉동), 510g, 1개 14%8,500원 7,240원 (100g당 1,420원) 내일(일) 새벽 도착 보장 5 (14075) 최대 325원 적립",간편식,냉동식품,FROZEN_MEAL,냉동 김치전,사옹원,기타 냉동식품,0
"수영산업 2025년산 햅쌀 황토골 황금 메뚜기쌀, 상등급, 1개, 10kg 13%37,900원 32,900원 (100g당 329원) 내일(일) 도착 보장 4.5 (2512) 최대 1,645원 적립",채소/곡물류,쌀/잡곡,GRAIN,쌀,수영산업,쌀,0
"페페브루노 아보카도 오일, 1L, 1개 20%26,000원 20,800원 (100ml당 2,080원) 내일(일) 도착 보장 5 (10328) 최대 1,040원 적립",조미료,식용유/기름,SAUCE_SEASONING,아보카도 오일,페페브루노,아보카도 오일,0
"바다맘 완도 자른 미역, 20g, 10개 10,900원 (100g당 5,450원) 내일(일) 도착 보장 5 (14040) 최대 545원 적립",수산물,미역/다시마,DRIED_SEAFOOD,미역,바다맘,미역,0
[아우름] 대나무 통밥,간편식,즉석밥,INSTANT,대나무 밥,아우름,즉석밥,0
"다조은 비파괴당도선별 샤인머스켓, 500g, 3팩 13,110원 (100g당 874원) 내일(일) 새벽 도착 보장 4.5 (32098) 최대 655원 적립",과일/견과류,과일,RAW_FRUIT,샤인머스켓,다조은,샤인머스켓,0
"카누 바리스타 머신 전용 캡슐커피 세레니티문디카페인, 9.5g, 10개입, 1개 6,370원 (10g당 671원) 내일(일) 도착 보장 5 (507) 최대 319원 적립",음료,커피/차,BEVERAGE,커피캡슐,카누,커피캡슐,0
"그린래빗 무농약 인증 버터헤드 레터스, 240g, 1개 5,990원 (100g당 2,496원) 내일(일) 새벽 도착 보장 5 (1469) 최대 300원 적립",채소/곡물류,채소,RAW_PRODUCE,상추,그린래빗,상추,0
[가루선생] 타먹는 생두유 서리태 99.3  500g,유제품,우유/두유,DAIRY,두유,가루선생,두유,0
[청정원] 참깨흑임자드레싱 300g,조미료,양념/소스,SAUCE_SEASONING,참깨 드레싱,청정원,기타 소스,0
[와카메] 어묵탕 세트 (코다와리 오덴 후쿠로),간편식,밀키트,RTC_MEAL,밀키트,와카메,밀키트,0
[파스키에] 브리오슈 스틱 브레드 2종 (225g X 6개입) (택1),간식류,빵류,BAKERY,브리오슈,파스키에,기타 빵류,0
[롯데] 프리미엄 가나 마카다미아 63g,간식류,초콜릿/사탕,SNACK,초콜릿,롯데,초콜릿,0
[CU 픽업] 조니워커블론드700ml,술,기타 주류,ALCOHOL,위스키,조니워커,위스키,0
[톰볼라] 블랙올리브 새우 카사레치아 파스타,간편식,레트로트,RTC_MEAL,레트로트,톰볼라,레트로트,0
[발스낵] 그랜드 감자칩 2묶음 7종 (택1),간식류,과자/스낵,SNACK,감자칩,발스낵,감자칩,0
"감칠맛 상주곶감 달콤해 (냉동), 350g(7~10입), 1개 9,730원 (100g당 2,780원) 내일(일) 새벽 도착 보장 4.5 (652) 최대 486원 적립",간식류,디저트/케이크,BAKERY,곶감,감칠맛,곶감,0
[만선] 구이용 고등어 320g (생물),수산물,생선,RAW_SEAFOOD,고등어,만선,고등어,0
"먹태깡 청양마요맛 스낵, 60g, 4개 5,200원 (10g당 217원) 내일(일) 도착 보장 4.5 (11327) 최대 260원 적립",간식류,과자/스낵,SNACK,먹태깡,먹태깡,스낵,0
"내츄럴스파이스 크러쉬드 레드페퍼, 40g, 1개 3,370원 (10g당 843원) 내일(일) 도착 보장 5 (729) 최대 169원 적립",조미료,향신료/허브,SAUCE_SEASONING,레드페퍼,내츄럴스파이스,레드페퍼,0
"오징어링 (냉동), 1개, 400g 6,250원 (100g당 1,563원) 내일(일) 새벽 도착 보장 4.5 (593) 최대 313원 적립",수산물,오징어/문어,RAW_SEAFOOD,오징어,오징어링,오징어,0
"트윅스 미니스 초코바, 990g, 1개 15,750원 (10g당 159원) 내일(일) 도착 보장 5 (22022) 최대 788원 적립",간식류,초콜릿/사탕,SNACK,트윅스,트윅스,초콜릿,0
[샘표] 연두링 멸치디포리 140g(35정),조미료,조미료,SAUCE_SEASONING,코인육수,샘표,육수,0
[바름팜] 친환경 당근 500g,채소/곡물류,채소,RAW_PRODUCE,당근,바름팜,당근,0
[몸애쏙쏙] 유기농 어린이 배도라지즙 2종 (100mL X 10포),미등록 카테고리,기타,UNKNOWN,기타,몸애쏙쏙,기타,0
고구마빵 생지 (80g X 5개입),간식류,빵류,BAKERY,생지,,기타 빵류,0
[더오담] 김치콩비지찌개,간편식,레트로트,RTC_MEAL,레트로트,더오담,레트로트,0
"엉클탁 볶은 통 참깨, 500g, 1개 25%7,980원 5,980원 (100g당 1,196원) 내일(일) 새벽 도착 보장 5 (2458) 최대 299원 적립",채소/곡물류,쌀/잡곡,GRAIN,참깨,엉클탁,기타 잡곡,0
[일미어담] 갈치속젓 150g,간편식,반찬류,SIMPLE_PROCESSED,갈치속젓,일미어담,젓갈,0
[올반] 치킨 데리야끼 볶음밥 (2개입),간편식,냉동식품,FROZEN_MEAL,냉동 볶음밥,올반,냉동 볶음밥,0
[정관장] 홍삼진활력 (30일분),미등록 카테고리,기타,UNKNOWN,기타,정관장,기타,0
[휘태커스] 미니슬랩 크리미밀크 초콜릿 180g,간식류,초콜릿/사탕,SNACK,초콜릿,휘태커스,초콜릿,0
"국내산 청상추, 1kg, 1개 8,900원 (100g당 890원) 내일(일) 새벽 도착 보장 5 (71121) 최대 445원 적립",채소/곡물류,채소,RAW_PRODUCE,청상추,,상추,0
[고래주방] 우리쌀 한입 가래떡 500g,간식류,떡,SNACK,가래떡,고래주방,가래떡,0
"서천군농협 2025년산 햅쌀 청풍명월 쌀, 상등급, 10kg, 1개 33,900원 (100g당 339원) 내일(일) 도착 보장 4.5 (14060) 최대 1,695원 적립",채소/곡물류,쌀/잡곡,GRAIN,쌀,농협,쌀,0
[선물세트] 제주 갈치 선 세트 1.2kg (예약일 수령),수산물,생선,RAW_SEAFOOD,갈치,선물세트,회 묶음,0
"사조참치 살코기 안심따개, 100g, 8개 11,100원 (10g당 139원) 내일(일) 도착 보장 5 (194170) 최대 555원 적립",상온식품,참치/스팸캔,CANNED,참치캔,사조참치,참치캔,0
[내아이애] 과일엔 요거트 3종 (택1),유제품,요거트,DAIRY,요거트,내아이애,요거트,0
[청오] 유기농 발아 깨소금,조미료,조미료,SAUCE_SEASONING,깨소금,청오,소금,0
[샤르봉봉] 구름 솜사탕 9g X 12개입,간식류,디저트/케이크,BAKERY,솜사탕,샤르봉봉,기타 디저트/케이크,0
[백설] 오곡참깨드레싱 240g,조미료,양념/소스,SAUCE_SEASONING,참깨 드레싱,백설,기타 소스,0
[해천] 굴소스 725g,조미료,양념/소스,SAUCE_SEASONING,굴소스,해천,굴소스,0
"돌체구스토 아메리카노 캡슐커피, 8.3g, 30개입, 3개 쿠폰할인43%70,950원 40,290원 (10g당 539원) 내일(일) 도착 보장 5 (16438) 최대 2,015원 적립",음료,커피/차,BEVERAGE,커피캡슐,돌체구스토,커피캡슐,0
[CU 픽업] 운드라가 테루아 헌터 소비뇽,술,와인,ALCOHOL,화이트 와인,비냐 운드라가,화이트 와인,0
"냉동식품 당근 채 (냉동), 1kg, 1개 3,990원 (100g당 399원) 내일(일) 새벽 도착 보장 4.5 (1841) 최대 200원 적립",채소/곡물류,채소,RAW_PRODUCE,당근,,당근,0
"CJ제일제당 명가 재래김, 64g, 2개 29%13,960원 9,900원 (10g당 773원) 내일(일) 도착 보장 5 (4777) 최대 495원 적립",상온식품,김/자반,DRIED_SEAFOOD,김,CJ제일제당,김,0
"오뚜기 3분 햄버그 스테이크, 140g, 3개 1%6,300원 6,180원 (100g당 1,471원) 내일(일) 도착 보장 4.5 (5689) 최대 309원 적립",간편식,레트로트,RTC_MEAL,레트로트,오뚜기,레트로트,0
[픽어베이글] 베이글 113g 8종 (택1),간식류,빵류,BAKERY,베이글,픽어베이글,베이글,0
"곰곰 요거트 파우더, 1000g, 1개 32%9,570원 6,480원 내일(일) 도착 보장 5 (4558) 최대 324원 적립",조미료,가루분말,SAUCE_SEASONING,요거트 분말,곰곰,기타 가루분말,0
[소금집] 훈제 베이컨 140g (냉장),육류/계란,가공육(햄/소시지),PROCESSED_MEAT,베이컨,소금집,베이컨,0
[지리산처럼] 행복한 정은씨의 햇生들기름 160mL,조미료,식용유/기름,SAUCE_SEASONING,들기름,지리산처럼,들기름,0
"바다친구 서천 명품김 도시락김, 4g, 15개 39%15,900원 9,590원 (1세트당 639원) 내일(일) 도착 보장 4.5 (1765) 최대 460원 적립",상온식품,김/자반,DRIED_SEAFOOD,김,바다친구,김,0
[비비드키친] 저당 볶음고추장 300g,조미료,양념/소스,SAUCE_SEASONING,볶음고추장,비비드키친,고추장,0
[부침명장] 계란옷 입은 고기완자 400g,간편식,냉동식품,FROZEN_MEAL,냉동 고기완자,부침명장,기타 냉동식품,0
[선물세트] 푸룻티 커피 드립백 3종 세트 (21개입),음료,커피/차,BEVERAGE,티백,푸룻티,티백,0
[트리투바] 볼트초콜릿 4종 (택1),간식류,초콜릿/사탕,SNACK,초콜릿,트리투바,초콜릿,0
[선물세트] 베키아에누보 피칸 파이 세트,간식류,디저트/케이크,BAKERY,파이,베키아에누보,파이,0
[포비베이글] 크림치즈 100g 5종(택1),유제품,치즈,DAIRY,크림치즈,포비베이글,크림치즈,0
"양반 쇠고기죽, 287.5g, 6개 34%15,600원 10,150원 (100g당 588원) 내일(일) 도착 보장 5 (27450) 최대 508원 적립",간편식,레트로트,RTC_MEAL,레트로트,양반죽,레트로트,0
[CU 픽업] 스카이스트로베리750ml,술,기타 주류,ALCOHOL,보드카,스카이스피릿,보드카,0
친환경 포기상추 300g,채소/곡물류,채소,RAW_PRODUCE,상추,,상추,0
[오뚜기]컵밥_춘천닭갈비덮밥(즉석국),간편식,즉석밥,INSTANT,즉석 컵밥,오뚜기,즉석 컵밥,0
[치즈플로] 체다커드 치즈 100g,유제품,치즈,DAIRY,치즈,치즈플로,기타 치즈,0
[라니에리] 오페라 화이트트러플 엑스트라버진 올리브오일 250mL,조미료,식용유/기름,SAUCE_SEASONING,올리브오일,라니에리,올리브오일,0
"흙대파, 750g, 1개 2,790원 (100g당 372원) 내일(일) 새벽 도착 보장 4.5 (429199) 최대 140원 적립",채소/곡물류,채소,RAW_PRODUCE,대파,,대파,0
[타르틴베이커리] 크루아상 85g,간식류,빵류,BAKERY,크루아상,타르틴베이커리,크루아상,0
"만전김 삼각김밥용 김 20매+ 리필 40매 + 성형틀 1개, 72g, 1세트 14,900원 내일(일) 새벽 도착 보장 5 (6497) 최대 720원 적립",상온식품,김/자반,DRIED_SEAFOOD,김,만전김,김,0
[기라델리] 하트 스퀘어백 초콜릿 5종 (택1),간식류,초콜릿/사탕,SNACK,초콜릿,기라델리,초콜릿,0
청차조 500g,채소/곡물류,쌀/잡곡,GRAIN,청차조,,잡곡,0
[오늘보감] 유기농 양배추즙 10포,미등록 카테고리,기타,UNKNOWN,기타,오늘보감,기타,0
[맥시칸] 크리스피 텐더&청양마요소스,간편식,냉동식품,FROZEN_MEAL,냉동 치킨,맥시칸,냉동 치킨,0
[남양] 맛있는 우유 GT 2.3L,유제품,우유/두유,DAIRY,우유,남양,우유,0
"우리아이튼튼 밥멸치 (냉동), 100g, 1개 4,300원 (100g당 4,300원) 내일(일) 새벽 도착 보장 5 (1277) 최대 215원 적립",수산물,멸치/건어물,DRIED_SEAFOOD,멸치,주일,멸치,0
[정관장] 홍삼진황 (30일분) + (보자기포장 및 쇼핑백 증정),미등록 카테고리,기타,UNKNOWN,기타,정관장,기타,0
[Kurly's] 동물복지 비빔 반숙 계란장 순한맛,간편식,반찬류,SIMPLE_PROCESSED,계란장,Kurly's,기타 반찬류,0
[Kim's Butcher] 호주산 소고기 앞다리 국거리&불고기&다짐육,육류/계란,소고기,RAW_MEAT,소 앞다리살,Kim's butcher,기타 소고기,0
[올가] 현미 국산 모나카 2종 (택1),간식류,디저트/케이크,BAKERY,모나카,올가,약과,0
[그리스 프리미엄 쿠키] 쿠라비에 화이트 스노우 초코 & 아몬드 270g,간식류,과자/스낵,SNACK,쿠키,그리스 프리미엄 쿠키,쿠키,0
[델리치오] 호주산 목초 LA꽃갈비 1kg(냉동),육류/계란,소고기,RAW_MEAT,LA 갈비,델리치오,LA 갈비,0
[CU 픽업] 아사히생맥주485ml*24캔,술,맥주,ALCOHOL,맥주,아사히,맥주,0
[수산곳간] 오징어 맥반석구이,간식류,과자/스낵,SNACK,오징어 스낵,수산곳간,스낵,0
친환경 적양배추 1/2개,채소/곡물류,채소,RAW_PRODUCE,적양배추,,양배추,0
[종가] 볶음김치 1kg,간편식,반찬류,SIMPLE_PROCESSED,볶음김치,종가,기타 반찬류,0
[훈와리 메이진] 콩가루 모찌 과자 75g (18.7g*4입),간식류,과자/스낵,SNACK,콩가루 모찌,훈와리 메이진,기타 과자/스낵,0
"바다미식회 살이꽉찬 국내산 손질꽃게 2절 (냉동), 300g, 1개 8,380원 (100g당 2,793원) 내일(일) 새벽 도착 보장 4.5 (15898) 최대 419원 적립",수산물,새우/게,RAW_SEAFOOD,꽃게,바다미식회,꽃게,0
[페레로] 로쉐 하트 초콜릿 8개입,간식류,초콜릿/사탕,SNACK,초콜릿,페레로,초콜릿,0
"오리온 예감 치즈그라탕, 64g, 10개 10,700원 (10g당 167원) 내일(일) 도착 보장 5 (11628) 최대 535원 적립",간식류,과자/스낵,SNACK,예감,오리온,감자칩,0
[샘표] 연두링 다시마표고야채 140g(35정),조미료,조미료,SAUCE_SEASONING,코인육수,샘표,육수,0
[창화당] 중국식 육즙 군만두,간편식,냉동식품,FROZEN_MEAL,만두,창화당,냉동 만두,0
[오뚜기] 딸기잼 500g,상온식품,잼/스프레드,SAUCE_SEASONING,딸기잼,오뚜기,딸기잼,0
[KF365] 무항생제 한돈 삼겹살 구이용 2종 (냉장),육류/계란,돼지고기,RAW_MEAT,삼겹살,KF365,돼지고기 묶음,0
"테메레르 유기농 홀그레인 머스타드, 200g, 1개 7,100원 (100g당 3,550원) 내일(일) 새벽 도착 보장 5 (1161) 최대 355원 적립",조미료,양념/소스,SAUCE_SEASONING,머스타드,테메레르,머스타드,0
[알트하우스] 녹차 델리팩 20개입 3종(택1),음료,커피/차,BEVERAGE,티백,알트하우스,티백,0
"오뚜기옛날 물엿, 700g, 1개 2,910원 (100g당 416원) 내일(일) 새벽 도착 보장 5 (1127) 최대 145원 적립",조미료,양념/소스,SAUCE_SEASONING,물엿,오뚜기,물엿,0
"곰곰 현미 곤약밥, 150g, 10개 36%25,990원 16,600원 (100g당 1,107원) 내일(일) 도착 보장 5 (2182) 최대 830원 적립",간편식,즉석밥,INSTANT,즉석밥 곤약,곰곰,즉석밥,0
"알찬해 명란 (냉동), 1개, 300g 8,990원 (100g당 2,997원) 내일(일) 새벽 도착 보장 4.5 (266) 최대 450원 적립",수산물,어란,RAW_SEAFOOD,명란,알찬해,명란,0
[김미떡] 앙금절편 세트 (50g X 20개) (쇼핑백포함),간식류,떡,SNACK,절편,김미떡,절편,0
[초록원] 유자차 2종,음료,커피/차,BEVERAGE,유자차,초록원,유자차,0
[샐러드판다] 스프레드 샐러드 3종,간편식,샐러드팩,RTC_MEAL,샐러드,샐러드판다,샐러드,0
"아보카도 (냉동), 2개, 500g 14,800원 (100g당 1,480원) 내일(일) 새벽 도착 보장 4.5 (2586) 최대 661원 적립",과일/견과류,냉동과일,SIMPLE_PROCESSED,냉동 아보카도,,냉동 아보카도,0
[My little recipe] 사리듬뿍 순살 닭갈비 (2인용),간편식,밀키트,RTC_MEAL,밀키트,My little recipe,밀키트,0
"해표 꽃소금, 1kg, 1개 2,100원 (100g당 210원) 내일(일) 새벽 도착 보장 5 (1937) 최대 105원 적립",조미료,조미료,SAUCE_SEASONING,꽃소금,해표,소금,0
[CU 픽업] 사토노호마레무로카,술,기타 주류,ALCOHOL,사케,사토노 호마레,사케,0
[CU 픽업] 스코티시 리더 슈프림,술,기타 주류,ALCOHOL,위스키,스코티시 리더,위스키,0
[메이토] 로얄 밀크티 400g,조미료,가루분말,SAUCE_SEASONING,밀크티 분말,메이토,기타 가루분말,0
[Graze Cattle]자유방목 호주산 소고기 목초 살치살 구이용200g,육류/계란,소고기,RAW_MEAT,살치살,Graze Cattle,살치살,0
"고메 소바바치킨 소이허니 순살 (냉동), 600g, 1개 할인34%15,980원 10,500원 (100g당 1,750원) 내일(일) 새벽 도착 보장 5 (18524) 최대 499원 적립",간편식,냉동식품,FROZEN_MEAL,냉동 치킨,고메,냉동 치킨,0
[조니스 그로서리] 납작 그래놀라 2종,상온식품,시리얼,GRAIN,그래놀라,조니스 그로서리,그래놀라,0
[바르닭] 크런치 닭가슴살 4종,육류/계란,닭고기,RAW_MEAT,닭가슴살,바르닭,닭가슴살,0
[상하목장] 유기농 드링킹 요거트 750mL,유제품,요거트,DAIRY,요거트,상하목장,요거트,0
"하인즈 리듀스드 슈가 토마토 케찹, 836g, 1개 8,930원 (100g당 1,068원) 내일(일) 도착 보장 5 (34929) 최대 446원 적립",조미료,양념/소스,SAUCE_SEASONING,케찹,하인즈,케첩,0
"청정원 쉐프의 치킨스톡, 340g, 1개 14%7,510원 6,450원 (100g당 1,897원) 내일(일) 도착 보장 5 (65107) 최대 323원 적립",조미료,조미료,SAUCE_SEASONING,치킨스톡,청정원,육수,0
[창억] 인기 프리미엄 인절미 4종 (택 1),간식류,떡,SNACK,인절미,창억,인절미,0
"아보카도 (냉동), 500g, 1개 6,410원 (100g당 1,282원) 내일(일) 새벽 도착 보장 5 (5176) 최대 320원 적립",과일/견과류,냉동과일,SIMPLE_PROCESSED,냉동 아보카도,,냉동 아보카도,0
[나폴레옹] 크루아상 60g,간식류,빵류,BAKERY,크루아상,나폴레옹,크루아상,0
"오레오오즈 시리얼, 500g, 1개 12%7,900원 6,950원 (100g당 1,390원) 내일(일) 새벽 도착 보장 5 (6269) 최대 348원 적립",상온식품,시리얼,GRAIN,시리얼,포스트,시리얼,0
[화과방] 우유앙빵 선물세트 (쇼핑백 포함),간식류,빵류,BAKERY,우유앙빵,화과방,단팥빵,0
"국내산 GAP 파프리카 혼합, 2개입, 1개 4,990원 (1개당 2,495원) 내일(일) 새벽 도착 보장 5 (34675) 최대 250원 적립",채소/곡물류,채소,RAW_PRODUCE,파프리카,,파프리카,0
[HBAF] 시즈닝아몬드 파티팩 300g,과일/견과류,견과류,RAW_FRUIT,아몬드,HBAF,아몬드,0
[선물세트] 몸애쏙쏙 짜먹는 유기농 배도라지액 세트 +(쇼핑백 증정),미등록 카테고리,기타,UNKNOWN,기타,몸애쏙쏙,기타,0
[제주벌꿀영농조합법인] 제주 벌꿀 2종,조미료,양념/소스,SAUCE_SEASONING,꿀,제주벌꿀영농조합법인,꿀,0
"풀무원다논 그릭 플레인, 400g, 1개 3,980원 (10g당 100원) 내일(일) 새벽 도착 보장 5 (12112) 최대 199원 적립",유제품,요거트,DAIRY,요거트,풀무원다논,요거트,0
[덴마크] 드링킹 요구르트 포스트 바이오틱스 딸기 750mL,유제품,요거트,DAIRY,요구르트,덴마크,요구르트,0
[일 티넬로 델 발사미코] 화이트 콘디멘토,조미료,양념/소스,SAUCE_SEASONING,화이트 발사믹 식초,일 티넬로 델 발사미코,발사믹 식초,0
[목우촌] 주부9단 슬라이스햄(샌드위치햄) 100gX2개,육류/계란,가공육(햄/소시지),PROCESSED_MEAT,햄,목우촌,햄,0
[부르본] 시즌 한정 알포트 초콜릿 몽블랑맛 2종 (택1),간식류,초콜릿/사탕,SNACK,초콜릿,부르본,초콜릿,0
[지유가오카 핫초메] 시로이 케이크 580g,간식류,디저트/케이크,BAKERY,케이크,지유가오카 핫초메,케이크,0
[김구원선생] 매일 마시는 국산 서리태콩물 1L,채소/곡물류,콩/두부,SIMPLE_PROCESSED,콩물,김구원선생,기타 콩/두부,0
"백설 참깨 드레싱, 550g, 1개 30%6,980원 4,880원 (100g당 887원) 내일(일) 새벽 도착 보장 5 (22497) 최대 244원 적립",조미료,양념/소스,SAUCE_SEASONING,참깨 드레싱,백설,기타 소스,0
[제각각] 양송이버섯 300g,채소/곡물류,버섯,RAW_PRODUCE,양송이버섯,제각각,양송이버섯,0
[홍영의] 붉은대게 백간장 500ml,조미료,양념/소스,SAUCE_SEASONING,백간장,홍영의,국간장,0
"대림선 부산어묵 쫄깃한 야채사각 4장, 180g, 1개 1,310원 (100g당 728원) 내일(일) 새벽 도착 보장 5 (6037) 최대 65원 적립",수산물,어육가공식품,SIMPLE_PROCESSED,어묵,대림선,어묵,0
"그린즈 미니 양배추 (냉동), 1kg, 1개 6,800원 (100g당 680원) 내일(일) 새벽 도착 보장 4.5 (4502) 최대 340원 적립",채소/곡물류,채소,RAW_PRODUCE,양배추,그린즈,양배추,0
[하이포크] 무항생제 한돈 인기 부위 5종 (택1),육류/계란,돼지고기,RAW_MEAT,모둠 돼지고기,하이포크,돼지고기 묶음,0
"맥스웰하우스 마일드 커피믹스 스틱형, 12g, 180개입, 1개 21,570원 (10g당 100원) 2/12(목) 도착 예정 4.5 (1345) 최대 1,079원 적립",음료,커피/차,BEVERAGE,커피믹스,맥스웰하우스,커피믹스,0
[해통령] 디포리 해물 다시팩 320g (20입),조미료,조미료,SAUCE_SEASONING,다시팩,해통령,육수,0
[KINU] 핑크퐁 키즈 이뮨 젤리 (30일분),간식류,초콜릿/사탕,SNACK,젤리,KINU,젤리,0
"더담은 캐나다산 귀리쌀, 1kg, 1개 50%4,980원 2,490원 (100g당 249원) 내일(일) 도착 보장 4.5 (4855) 최대 125원 적립",채소/곡물류,쌀/잡곡,GRAIN,귀리쌀,더담은,귀리,0
[크라운] 콘칲 초당옥수수 40g x 10개입 (대용량),간식류,과자/스낵,SNACK,콘칲,크라운,옥수수칩,0
"폰타나 저당 저칼로리 무지방 오리엔탈 드레싱, 235g, 1개 12%4,480원 3,910원 (100g당 1,664원) 내일(일) 새벽 도착 보장 5 (3848) 최대 195원 적립",조미료,양념/소스,SAUCE_SEASONING,오리엔탈 드레싱,폰타나,기타 소스,0
[피스피스] 펌킨파이 120g,간식류,디저트/케이크,BAKERY,파이,피스피스,파이,0
[하림] 매콤마늘 닭볶음탕용 750g (소스동봉),간편식,밀키트,RTC_MEAL,밀키트,하림,밀키트,0
"햇살팜 대추슬라이스칩, 300g, 1개 66%17,571원 5,800원 (100g당 1,933원) 내일(일) 도착 보장 4.5 (828) 최대 290원 적립",간식류,과자/스낵,SNACK,대추칩,햇살팜,기타 과자/스낵,0
[건어물상회] 통영 국물용멸치 300g,수산물,멸치/건어물,DRIED_SEAFOOD,멸치,건어물상회,멸치,0
[마즈] 이클립스 쥬시믹스 (8개입),간식류,초콜릿/사탕,SNACK,이클립스,마즈,기타 초콜릿/사탕,0
[빙그레] 제로 아이스크림 2종 (택1),간식류,디저트/케이크,BAKERY,아이스크림,빙그레,아이스크림,0
"크라운 참쌀선과, 253g, 1개 25%5,400원 4,000원 (10g당 158원) 내일(일) 새벽 도착 보장 5 (433) 최대 200원 적립",간식류,과자/스낵,SNACK,쌀과자,크라운,강정/한과,0
"맥심 모카골드 마일드 원두커피믹스, 170g, 1개입, 1개 8,400원 (10g당 494원) 내일(일) 새벽 도착 보장 5 (952) 최대 420원 적립",음료,커피/차,BEVERAGE,커피믹스,맥심,커피믹스,0
[굴리엘미] 푸글리아 유기농 IGP 엑스트라버진 올리브오일  500mL,조미료,식용유/기름,SAUCE_SEASONING,올리브오일,굴리엘미,올리브오일,0
[강훈목장] 수제 드링크 요거트 플레인 500mL,유제품,요거트,DAIRY,요거트,강훈목장,요거트,0
[메종엠오] 휘낭시에 자허토르테,간식류,빵류,BAKERY,휘낭시에,메종엠오,기타 빵류,0
"[포트'럭] 남해안 자연산 전복 2마리 300g (왕특대, 생물)",수산물,조개/전복,RAW_SEAFOOD,전복,포트'럭,전복,0
대왕님표 여주쌀(진상) 4kg,채소/곡물류,쌀/잡곡,GRAIN,쌀,농협,쌀,0
[종가] 열무김치 1.5kg,간편식,반찬류,SIMPLE_PROCESSED,열무김치,종가,열무김치,0
[태우한우] 1+ 한우 생갈비 450g,육류/계란,소고기,RAW_MEAT,소갈비,태우한우,갈비,0
[Picard] 브리오슈 프렌치 토스트(70g*2개입),간편식,레트로트,RTC_MEAL,레트로트,Picard,레트로트,0
[플라하반] 오트떡 330g,간식류,떡,SNACK,오트떡,플라하반,기타 떡,0
[타무르] 데이츠 대추야자 3구,과일/견과류,과일,RAW_FRUIT,대추,타무르,대추,0
[쿡생] 렌지큐 저당 로제 떡볶이,간편식,레트로트,RTC_MEAL,레트로트,쿡생,레트로트,0
[CU 픽업] 1865 마스터 블랜드,술,와인,ALCOHOL,레드 와인,산 페드로,레드 와인,0
"마이어 올드스타일 홀그레인 머스타드, 200g, 1개 5,500원 (100g당 2,750원) 내일(일) 새벽 도착 보장 5 (2055) 최대 275원 적립",조미료,양념/소스,SAUCE_SEASONING,머스타드,마이어,머스타드,0
"평창수 무라벨 생수, 2L, 12개 20%10,600원 8,390원 (100ml당 35원) 내일(일) 도착 보장 5 (164239) 최대 420원 적립",음료,생수,BEVERAGE,생수,평창수,생수,0
"목우촌 무항생제 인증 IQF 닭가슴살 (냉동), 1개, 1kg 9,420원 (100g당 942원) 내일(일) 새벽 도착 보장 5 (5354) 최대 471원 적립",육류/계란,닭고기,RAW_MEAT,닭가슴살,목우촌,닭가슴살,0
[CU 픽업] 죠센 다루사케 1800ml,술,기타 주류,ALCOHOL,사케,월계관,사케,0
[그리스 프리미엄 쿠키] 쿠라비에 화이트 스노우 아몬드 270g,간식류,과자/스낵,SNACK,쿠라비에,그리스 프리미엄 쿠키,쿠키,0
[자케] 미니 헤이즐넛 브라우니,간식류,디저트/케이크,BAKERY,브라우니,자케,케이크,0
[윤서울] 인기 들기름면 3종 (택1),간편식,밀키트,RTC_MEAL,밀키트,윤서울,밀키트,0
[브로드카세] 저당 순수 호밀통밀 깜빠뉴 360g,간식류,빵류,BAKERY,깜빠뉴,브로드카세,깜빠뉴,0
[소와나무] 쿨피스 복숭아 930mL,음료,주스,BEVERAGE,쿨피스,소와나무,기타 주스,0
[다이아몬드] 볶음밥용 생새우살 200g (냉동),수산물,새우/게,RAW_SEAFOOD,새우,다이아몬드,새우,0
[가로팔로] 이탈리아  IGP 파스타면 8종,채소/곡물류,면류,GRAIN,파스타면,가로팔로,파스타면,0
[동남집] 양지곰탕 600g,간편식,레트로트,RTC_MEAL,레트로트,동남집,레트로트,0
"스미후루 감숙왕 파인애플, 1.2kg, 1개 4,000원 (100g당 333원) 내일(일) 새벽 도착 보장 4.5 (9096) 최대 200원 적립",과일/견과류,과일,RAW_FRUIT,파인애플,스미후루,파인애플,0
[미락] 영광 법성포 참굴비 80gX6미 (냉동),수산물,멸치/건어물,DRIED_SEAFOOD,굴비,미락,굴비,0
[KF365] 닭가슴살 샤브샤브 돌돌말이 400g (냉동),육류/계란,닭고기,RAW_MEAT,닭가슴살,KF365,닭가슴살,0
[바름팜] 친환경 손질한 당근 200g,채소/곡물류,채소,RAW_PRODUCE,당근,바름팜,당근,0
"[선물세트] 소호好담 프리미엄 활전복 7마리 1kg (왕특대, 생물)(예약일 수령)",수산물,조개/전복,RAW_SEAFOOD,전복,소호好담,전복,0
[그래놀라하우스] 그래놀라 미니 30개입 2종(택1),상온식품,시리얼,GRAIN,그래놀라,그래놀라하우스,그래놀라,0
[경주미정당] 쌀로 만든 쫄면 (2인분),간편식,밀키트,RTC_MEAL,밀키트,경주미정당,밀키트,0
[CU 픽업] 얄리까르메네르,술,와인,ALCOHOL,레드 와인,마이포 밸리,레드 와인,0
[농협풍산김치] 김장독맛 저온숙성김치 2.5kg,간편식,반찬류,SIMPLE_PROCESSED,배추김치,농협,배추김치,0
[권영원 소담정찬] 무염 청국장 250g(냉동),조미료,양념/소스,SAUCE_SEASONING,청국장,권영원 소담정찬,청국장,0
[교토마블] 통밀 데니쉬 식빵 460g,간식류,빵류,BAKERY,식빵,교토마블,식빵,0
[바찌] 초콜릿 박스 2종 (택1),간식류,초콜릿/사탕,SNACK,초콜릿,바찌,초콜릿,0
[선물세트] 제니쿠키 8믹스 넛츠 쿠키 460g,간식류,과자/스낵,SNACK,쿠키,제니쿠키,쿠키,0
[이어수산] 8단계 선별한 어린이 멸치 2종 (택1),수산물,멸치/건어물,DRIED_SEAFOOD,멸치,이어수산,멸치,0
"곰곰 바삭한 부침가루, 1kg, 1개 30%3,600원 2,490원 (100g당 249원) 내일(일) 새벽 도착 보장 5 (2362) 최대 125원 적립",조미료,가루분말,SAUCE_SEASONING,부침가루,곰곰,부침가루,0
[엘포조] 이베리코하몽 슬라이스 60g,육류/계란,가공육(햄/소시지),PROCESSED_MEAT,하몽,엘포조,생햄,0
[범산목장] 유기농 멸균우유 (140mL X 24개),유제품,우유/두유,DAIRY,우유,범산목장,우유,0
"곰곰 버팔로윙봉, 700g, 1개 11,220원 (100g당 1,603원) 내일(일) 새벽 도착 보장 4.5 (5121) 최대 561원 적립",간편식,냉동식품,FROZEN_MEAL,냉동 윙,곰곰,냉동 치킨,0
[덴마크] 떠먹는 포스트바이오틱스 딸기 요거트 (85g X 8개),유제품,요거트,DAIRY,요거트,덴마크,요거트,0
"귤탐 한라봉, 2kg(중과/7~9입), 1박스 20,520원 (100g당 1,026원) 내일(일) 새벽 도착 보장 4.5 (17740) 최대 1,026원 적립",과일/견과류,과일,RAW_FRUIT,한라봉,귤탐,귤,0
[롯데] 아몬드초코볼 46g,간식류,초콜릿/사탕,SNACK,아몬드초코볼,롯데,초콜릿,0
"그린덴마크 아몬드, 950ml, 2개 5,560원 (100ml당 293원) 내일(일) 새벽 도착 보장 4.5 (2956) 최대 278원 적립",유제품,우유/두유,DAIRY,아몬드유,그린덴마크,식물성 음료,0
[프레시코트] 100% 아보카도 퓨레 56gx4입,상온식품,잼/스프레드,SAUCE_SEASONING,아보카도 퓨레,프레시코트,기타 잼/스프레드,0
[오봉집] 곤드레 문어낙지 솥밥키트(밥 포함),간편식,밀키트,RTC_MEAL,밀키트,오봉집,밀키트,0
[KF365] 국산 손질 고등어 3종 (냉동) (택1),수산물,생선,RAW_SEAFOOD,고등어,KF365,회 묶음,0
"백설 요거트 드레싱, 245g, 1개 22%4,380원 3,390원 (100g당 1,384원) 내일(일) 새벽 도착 보장 4.5 (494) 최대 170원 적립",조미료,양념/소스,SAUCE_SEASONING,요거트 드레싱,백설,기타 소스,0
"소금성 히말랴야 핑크소금 가는입자, 500g, 1개 5,700원 (100g당 1,140원) 내일(일) 도착 보장 5 (5227) 최대 285원 적립",조미료,조미료,SAUCE_SEASONING,핑크소금,소금성,소금,0
"자연애찬 동물복지 무항생제 백색 유정란, 15구, 1개 7,830원 (1구당 522원) 내일(일) 새벽 도착 보장 4.5 (7150) 최대 391원 적립",육류/계란,계란,RAW_MEAT,계란,자연애찬,계란,0
[죽장연] 진간장 250ml,조미료,양념/소스,SAUCE_SEASONING,진간장,죽장연,진간장,0
[부르본] 알포트 미니 초콜릿 5종 (택1),간식류,초콜릿/사탕,SNACK,초콜릿,부르본,초콜릿,0
[롯데] ABC 초코쿠키 스트로베리 & 초코 130g,간식류,과자/스낵,SNACK,ABC 초코쿠키,롯데,쿠키,0
"백산수 무라벨 생수, 2L, 18개 12%20,514원 17,950원 (100ml당 50원) 내일(일) 도착 보장 5 (235382) 최대 898원 적립",음료,생수,BEVERAGE,생수,백산수,생수,0
[김재식헬스푸드] 토마토 사과 당근즙 30포,음료,주스,BEVERAGE,과채주스,김재식헬스푸드,혼합과채주스,0
[선물세트] 한삼인 산삼배양근 30병 +(쇼핑백 증정),미등록 카테고리,기타,UNKNOWN,기타,한삼인,기타,0
"첵스초코 오곡으로 만든 시리얼, 570g, 2개 10,600원 (100g당 930원) 내일(일) 도착 보장 5 (147404) 최대 504원 적립",상온식품,시리얼,GRAIN,시리얼,켈로그,시리얼,0
"행복한콩 단단한 큰두부, 800g, 1개 3%2,980원 2,880원 (100g당 360원) 내일(일) 새벽 도착 보장 5 (1486) 최대 144원 적립",채소/곡물류,콩/두부,SIMPLE_PROCESSED,두부,행복한콩,두부,0
[태우한우] 1+ 한우 양지 국거리용 200g 2종 (냉장),육류/계란,소고기,RAW_MEAT,양지,태우한우,소고기 묶음,0
[오뚜기] 오즈키친 철판감자탕볶음밥 450G,간편식,밀키트,RTC_MEAL,밀키트,오뚜기,밀키트,0
[비비고] 김말이 500g,간편식,냉동식품,FROZEN_MEAL,냉동 김말이,비비고,기타 냉동식품,0
[뫼벤픽] 그릭스타일 요거트 100g 3종 (택1),유제품,요거트,DAIRY,요거트,뫼벤픽,요거트,0
"올가홀푸드 발아 보리차, 500g, 1개입, 1개 9,520원 (10g당 190원) 내일(일) 새벽 도착 보장 5 (756) 최대 476원 적립",음료,커피/차,BEVERAGE,보리차,올가,보리차,0
[정지선의 티엔미미] 우삼겹차우면,간편식,밀키트,RTC_MEAL,밀키트,정지선의 티엔미미,밀키트,0
[산줄리아노] 시금치 뇨끼 파타타 500g,간편식,냉동식품,FROZEN_MEAL,뇨끼,산줄리아노,기타 냉동식품,0
"산들 경산 건대추 상초, 130g, 1봉 4,250원 (100g당 3,269원) 내일(일) 새벽 도착 보장 4.5 (8474) 최대 213원 적립",과일/견과류,과일,RAW_FRUIT,대추,산들,대추,0
[뉴델리 :진한 인도 커리의 맛] 치킨 마크니 커리,간편식,레트로트,RTC_MEAL,레트로트,뉴델리,레트로트,0
"그린덴마크 아몬드, 950ml, 2개 5,560원 (100ml당 293원) 내일(일) 새벽 도착 보장 4.5 (2957) 최대 278원 적립",유제품,우유/두유,DAIRY,아몬드유,그린덴마크,식물성 음료,0
[켈로그] 첵스 초코 시리얼 570g,상온식품,시리얼,GRAIN,시리얼,켈로그,시리얼,0
[선물세트] 데체코 유기농 엑스트라 버진 세트,조미료,식용유/기름,SAUCE_SEASONING,올리브오일,데체코,올리브오일,0
"목우촌 뽀로로와 친구들 비엔나소시지, 270g, 2개 5%8,980원 8,530원 (10g당 158원) 내일(일) 새벽 도착 보장 5 (26867) 최대 399원 적립",육류/계란,가공육(햄/소시지),PROCESSED_MEAT,소시지,목우촌,소세지,0
[군산 이성당] 치킨 고로케 (100g X 4개입),간식류,빵류,BAKERY,고로케,이성당,기타 빵류,0
[시티델리] 스위트칠리 핫도그,간편식,냉동식품,FROZEN_MEAL,냉동 핫도그,시티델리,냉동 핫도그,0
[유기샘] 무농약 건대추 150g,과일/견과류,과일,RAW_FRUIT,대추,유기샘,대추,0
[맛의명태자] 짜먹는 튜브 명란젓 80g (냉동),간편식,반찬류,SIMPLE_PROCESSED,명란젓,맛의명태자,명란젓,0
"청정원 천일염 굵은소금, 2.5kg, 1개 16%12,880원 10,790원 (100g당 432원) 내일(일) 도착 보장 5 (38811) 최대 540원 적립",조미료,조미료,SAUCE_SEASONING,소금,청정원,소금,0
[미트엔조이] 육향가득 양념 안창살구이 400g,간편식,밀키트,RTC_MEAL,밀키트,미트엔조이,밀키트,0
[선물세트] GAP 청도 반건시 곶감 세트 1.2kg (24입),간식류,디저트/케이크,BAKERY,곶감,,곶감,0
유기농 하이아미 쌀 2종,채소/곡물류,쌀/잡곡,GRAIN,쌀,,쌀,0
"사조참치 살코기 안심따개, 150g, 4개 7,230원 (10g당 121원) 내일(일) 도착 보장 새 상품, 반품-미개봉 (7) 최저6,500원 5 (194170) 최대 361원 적립",상온식품,참치/스팸캔,CANNED,참치캔,사조참치,참치캔,0
"자연담은 유기농 찹쌀, 250g, 1개 2,990원 (100g당 1,196원) 내일(일) 도착 보장 5 (87) 최대 150원 적립",채소/곡물류,쌀/잡곡,GRAIN,찹쌀,,찹쌀,0
[경자국밥] 인기 국밥 3종 (택1),간편식,밀키트,RTC_MEAL,밀키트,경자국밥,밀키트,0
[오리온] 핫고래밥 매콤양념 118g,간식류,과자/스낵,SNACK,고래밥,오리온,스낵,0
[종가] 맛김치 500g,간편식,반찬류,SIMPLE_PROCESSED,배추김치,종가,배추김치,0
"이금기 치킨 파우더, 273g, 1개 7,430원 (100g당 2,722원) 내일(일) 도착 보장 5 (22399) 최대 371원 적립",조미료,가루분말,SAUCE_SEASONING,치킨가루,이금기,기타 가루분말,0
[엄지네포장마차] 꼬막 무침 2~3인분,간편식,밀키트,RTC_MEAL,밀키트,엄지네포장마차,밀키트,0
[HUGO&VICTOR] 파운드 케이크 세트 (65g X 6개),간식류,디저트/케이크,BAKERY,케이크,HUGO&VICTOR,케이크,0
태국 남독마이 골드망고 5~6입 1.8kg,과일/견과류,과일,RAW_FRUIT,망고,,망고,0
[닥터넛츠] 저당 다크초콜릿 견과 3종,간식류,초콜릿/사탕,SNACK,초콜릿,닥터넛츠,초콜릿,0
[청정원] 맛술 생강&매실 410ml,조미료,양념/소스,SAUCE_SEASONING,맛술,청정원,맛술,0
"차오차이 마라샹궈 소스, 110g, 1개 50%3,480원 1,740원 (100g당 1,582원) 내일(일) 새벽 도착 보장 4.5 (711) 최대 87원 적립",조미료,양념/소스,SAUCE_SEASONING,마라샹궈 소스,차오차이,기타 소스,0
"대천김 재래김, 22g, 10개 할인45%29,000원 15,840원 (10g당 720원) 내일(일) 도착 보장 4.5 (69156) 최대 729원 적립",상온식품,김/자반,DRIED_SEAFOOD,김,대천김,김,0
"오뚜기 간편 계란국 5개입, 37.5g, 2개 12%9,960원 8,690원 (100g당 11,587원) 내일(일) 도착 보장 5 (1149) 최대 435원 적립",간편식,레트로트,RTC_MEAL,레트로트,오뚜기,레트로트,0
[램테이블] 호주산 프렌치랙 300g,육류/계란,양고기,RAW_MEAT,양갈비,램테이블,양갈비,0
[아카페라] 커피 240mL 5종 (택1),음료,커피/차,BEVERAGE,커피,아카페라,커피,0
"무항생제 신선 대란 1.56kg, 30구, 1개 8,390원 (1구당 280원) 내일(일) 새벽 도착 보장 5 (14466) 최대 420원 적립",육류/계란,계란,RAW_MEAT,계란,,계란,0
[리치몬드 과자점] 레몬케이크 50g,간식류,디저트/케이크,BAKERY,케이크,리치몬드 과자점,케이크,0
[고메] 바르셀로나 칠리감바스 피자,간편식,냉동식품,FROZEN_MEAL,냉동 피자,고메,냉동 피자,0
"호정가 찹쌀약과세트, 1kg, 1개 31%16,000원 10,890원 (10g당 109원) 내일(일) 도착 보장 4.5 (7677) 최대 545원 적립",간식류,디저트/케이크,BAKERY,약과,호정가,약과,0
"동서 보리차, 10g, 30개입, 6개 14,880원 (10g당 83원) 내일(일) 도착 보장 5 (86113) 최대 744원 적립",음료,커피/차,BEVERAGE,티백,동서,티백,0
[김구원선생] 유기농 콩나물 500g,채소/곡물류,채소,RAW_PRODUCE,콩나물,김구원선생,콩나물,0
[윤고집] 국내산 다시마환 500g,미등록 카테고리,기타,UNKNOWN,기타,윤고집,기타,0
"신세계푸드 디럭스 파인애플 특, 1.6kg 내외, 2개 12,760원 (100g당 399원) 내일(일) 새벽 도착 보장 5 (1673) 최대 638원 적립",과일/견과류,과일,RAW_FRUIT,파인애플,신세계,파인애플,0
[선물세트] 법성포참맛 프리미엄 굴비 오가세트 1.2kg,수산물,멸치/건어물,DRIED_SEAFOOD,굴비,법성포참맛영어조합,굴비,0
[동서] 티백 6종 (택1),음료,커피/차,BEVERAGE,티백,동서,티백,0
[오뚜기]컵밥_김치참치덮밥(즉석국),간편식,즉석밥,INSTANT,즉석 컵밥,오뚜기,즉석 컵밥,0
[다정다감] 상주 곶감 또개 200g,간식류,디저트/케이크,BAKERY,곶감,다정다감,곶감,0
"그린팟 간식용 건조 대추칩, 500g(1개), 1개 28%11,000원 7,900원 (100g당 1,580원) 내일(일) 도착 보장 4.5 (571) 최대 395원 적립",간식류,과자/스낵,SNACK,대추칩,그린팟,기타 과자/스낵,0
[풀무원] 무쌈 3종,간편식,반찬류,SIMPLE_PROCESSED,쌈무,풀무원,단무지,0
싱그러운 유러피안 샐러드믹스 2종,간편식,샐러드팩,RTC_MEAL,샐러드,,샐러드,0
"이디야 디카페인 아메리카노 원두커피스틱, 1g, 30개입, 1개 6,100원 (10g당 2,033원) 내일(일) 도착 보장 4.5 (10898) 최대 305원 적립",음료,커피/차,BEVERAGE,커피가루,이디야,커피,0
[자임] 당근사과 착즙주스 1L,음료,주스,BEVERAGE,과채주스,자임,혼합과채주스,0
[카르멘시타] 통흑후추 그라인더,조미료,향신료/허브,SAUCE_SEASONING,후추,카르멘시타,후추,0
"백설 카놀라유, 500ml, 1개 37%5,500원 3,450원 (100ml당 690원) 내일(일) 새벽 도착 보장 5 (445) 최대 173원 적립",조미료,식용유/기름,SAUCE_SEASONING,카놀라유,백설,카놀라유,0
[Fairday] 공정무역 바른 건망고 150g,과일/견과류,과일,RAW_FRUIT,망고,Fairday,망고,0
[오뚜기] 진라면 매운맛 소컵 6입,간편식,라면,INSTANT,진라면 매운맛,오뚜기,사발면(컵라면),0
"제키스 제주 종합 초콜릿 5종 세트, 175g, 1세트 10,710원 (10g당 612원) 내일(일) 도착 보장 4.5 (2066) 최대 535원 적립",간식류,초콜릿/사탕,SNACK,초콜릿,제키스,초콜릿,0
[선물세트] [파미고] 유기농 엑스트라 버진 올리브 오일 2구 세트,조미료,식용유/기름,SAUCE_SEASONING,올리브오일,파미고,올리브오일,0
"베지밀 달콤한 비 두유, 190ml, 32개 21,700원 (100ml당 357원) 내일(일) 도착 보장 5 (69631) 최대 1,085원 적립",유제품,우유/두유,DAIRY,두유,베지밀,두유,0
[롯데웰푸드] 위즐 저당 리치 바닐라 660mL,간식류,디저트/케이크,BAKERY,아이스크림,롯데,아이스크림,0
[파스키에] 에그 타르트(플랑) 720g,간식류,디저트/케이크,BAKERY,에그타르트,파스키에,타르트,0
[푸드어셈블] 순살 벌꿀 찜닭,간편식,밀키트,RTC_MEAL,밀키트,푸드어셈블,밀키트,0
[Kurly's] 1++ 한우 안심 스테이크 250g (냉장),육류/계란,소고기,RAW_MEAT,안심,Kurly's,소 안심,0
[롯데호텔] 총각김치 3kg,간편식,반찬류,SIMPLE_PROCESSED,총각김치,롯데호텔,총각김치,0
[백설] 와플믹스 500g,간편식,밀키트,RTC_MEAL,밀키트,백설,밀키트,0
[솔리몬] 레몬즙 500ml/ 990ml  (레몬주스 99.9%),음료,주스,BEVERAGE,레몬주스,솔리몬,기타 주스,0
[왕애밥상] 매운실비김치 2종 (택1),간편식,반찬류,SIMPLE_PROCESSED,배추김치,왕애밥상,배추김치,0
[보물섬] 데친 전복 슬라이스 2종 (냉동) (택1),수산물,조개/전복,RAW_SEAFOOD,전복,보물섬,전복,0
"곰곰 염장미역줄기, 300g, 1개 2,400원 (100g당 800원) 내일(일) 새벽 도착 보장 5 (14787) 최대 120원 적립",수산물,미역/다시마,DRIED_SEAFOOD,미역,곰곰,미역,0
[햇반] 매일잡곡밥 210g (8입),간편식,즉석밥,INSTANT,즉석밥 잡곡,햇반,즉석밥,0
[종가] 배추겉절이,간편식,반찬류,SIMPLE_PROCESSED,배추김치,종가,배추김치,0
"건국유업 소화가 편안한 우유, 900ml, 2입 6,250원 (100ml당 347원) 내일(일) 새벽 도착 보장 5 (7260) 최대 313원 적립",유제품,우유/두유,DAIRY,락토프리 우유,건국유업,락토프리 우유,0
"곰곰 태양초 가득한 고추장, 1kg, 1개 45%8,000원 4,380원 (100g당 438원) 내일(일) 새벽 도착 보장 5 (687) 최대 219원 적립",조미료,양념/소스,SAUCE_SEASONING,고추장,곰곰 ,고추장,0
"곰곰 오븐구이 닭다리살 (냉동), 300g, 1개 29%9,900원 6,990원 (100g당 2,330원) 내일(일) 새벽 도착 보장 4.5 (2821) 최대 350원 적립",간편식,냉동식품,FROZEN_MEAL,냉동 닭다리살,곰곰 ,기타 냉동식품,0
팽이버섯 360g X 2입,채소/곡물류,버섯,RAW_PRODUCE,팽이버섯,,팽이버섯,0
[경기떡집] 이티떡 2종 (30g X 10개) (택1),간식류,떡,SNACK,인절미,경기떡집,인절미,0
[선물세트] 크렘드마롱 부드러운 밤잼 쁘띠 (78g X 5입),상온식품,잼/스프레드,SAUCE_SEASONING,밤잼,크렘드마롱,기타 잼/스프레드,0
[한삼인] 홍삼진 굿데이스틱 (60일분),미등록 카테고리,기타,UNKNOWN,기타,한삼인,기타,0
[하림] 피카츄 돈까스 500g (냉동),간편식,냉동식품,FROZEN_MEAL,냉동 돈까스,하림,냉동 돈까스,0
[엔업] 파워젤 팔라티노스 복숭아 (14포),미등록 카테고리,기타,UNKNOWN,기타,엔업,기타,0
[Kurly's] 동물복지 구운란 10구,육류/계란,계란,RAW_MEAT,구운란,Kurly's,구운란,0
[마켓오네이처] 오! 그래놀라 오트 2종 (택1),상온식품,시리얼,GRAIN,그래놀라,마켓오네이처,그래놀라,0
"국내산 친환경 느타리버섯, 200g, 1개 1,780원 (100g당 890원) 내일(일) 새벽 도착 보장 5 (230195) 최대 89원 적립",채소/곡물류,버섯,RAW_PRODUCE,느타리버섯,,느타리버섯,0
"파마산 치즈 블렌드, 85g, 1개, 1개입 4,000원 (10g당 471원) 내일(일) 새벽 도착 보장 5 (901) 최대 200원 적립",유제품,치즈,DAIRY,파마산 치즈,,파마산 치즈,0
[도리깨침] 고추잡채,간편식,반찬류,SIMPLE_PROCESSED,고추잡채,도리깨침,기타 반찬류,0
[선물세트] 미국산 프라임 LA꽃갈비 1.4kg(예약일 수령),육류/계란,소고기,RAW_MEAT,LA 갈비,,소고기 묶음,0
"온작 뼈없는 갈비탕, 900g, 5개 16%45,900원 38,300원 (100g당 851원) 내일(일) 도착 보장 4.5 (11480) 최대 1,915원 적립",간편식,레트로트,RTC_MEAL,레트로트,온작,레트로트,0
"웰넛 자연두레 마카다미아, 500g, 1개 18%19,900원 16,290원 (100g당 3,258원) 내일(일) 도착 보장 4.5 (429) 최대 815원 적립",과일/견과류,견과류,RAW_FRUIT,마카다미아,자연두레,마카다미아,0
"호주산 블랙앵거스 윗등심 구이용 (냉장), 400g, 2개 30%39,800원 27,760원 (100g당 3,470원) 내일(일) 새벽 도착 보장 4.5 (30643) 최대 1,388원 적립",육류/계란,소고기,RAW_MEAT,소 등심,,소 등심,0
"친정엄마꾸러미 뚝딱 대파 (냉동), 500g, 1개 4,640원 (100g당 928원) 내일(일) 새벽 도착 보장 5 (25174) 최대 205원 적립",채소/곡물류,채소,RAW_PRODUCE,대파,친정엄마꾸러미,대파,0
[디 바르베로] 옐로우 틴케이스 잔두야 초콜릿 105g,간식류,초콜릿/사탕,SNACK,초콜릿,디 바르베로,초콜릿,0
[풀무원] 통통새우 쉬림프카츠,간편식,냉동식품,FROZEN_MEAL,새우카츠,풀무원,냉동 돈까스,0
[오마뎅] 모듬 어묵,수산물,어육가공식품,SIMPLE_PROCESSED,어묵,오마뎅,어묵,0
[쁘띠첼] 과일젤리 요거젤리 큰컵 10종 골라담기 (택1),간식류,초콜릿/사탕,SNACK,젤리,쁘띠첼,젤리,0
[샘표] 순작 유기농보리차 (10g X 30개),음료,커피/차,BEVERAGE,보리차,샘표,보리차,0
[더 더치] 스페셜 위스키 치즈 150g,유제품,치즈,DAIRY,고다 치즈,더 더치,고다 치즈,0
[대상웰라이프] 뉴케어 올프로틴 20g 프로틴 워터 18팩 2종 (택1),미등록 카테고리,기타,UNKNOWN,기타,대상웰라이프,기타,0
[차려낸] 새우 감칠맛 더한 봉골레파스타,간편식,밀키트,RTC_MEAL,밀키트,차려낸,밀키트,0
[서울우유] 아침에 버터 200g,유제품,버터/생크림,DAIRY,버터,서울우유,버터,0
"하겐다즈 파인트 초콜릿 (냉동), 473ml, 1개입, 1개 34%17,900원 11,670원 (10ml당 247원) 내일(일) 새벽 도착 보장 5 (6888) 최대 584원 적립",간식류,초콜릿/사탕,SNACK,초콜릿,하겐다즈,초콜릿,0
[CU 픽업] 브로드사이드 샤도,술,와인,ALCOHOL,화이트 와인,브로드사이드,화이트 와인,0
[선물세트] 김정환홍삼 6년근 홍삼액,미등록 카테고리,기타,UNKNOWN,기타,김정환홍삼,기타,0
[Better me] 백색 구운란 10구,육류/계란,계란,RAW_MEAT,구운란,Better me,구운란,0
"구구 크러스터 아이스크림 (냉동), 660ml, 1개입, 1개 할인9%5,500원 5,000원 (10ml당 76원) 내일(일) 새벽 도착 보장 5 (26123) 최대 235원 적립",간식류,디저트/케이크,BAKERY,아이스크림,롯데,아이스크림,0
"곰곰 칠레산 블루베리, 125g, 1개 3,000원 (100g당 2,400원) 내일(일) 새벽 도착 보장 4.5 (4949) 최대 150원 적립",과일/견과류,과일,RAW_FRUIT,블루베리,곰곰,블루베리,0
[하이포크] 한돈 목살 구이용 500g (냉장),육류/계란,돼지고기,RAW_MEAT,목살,하이포크,목살,0
[그릭데이] 플레인 요거트 1.8L,유제품,요거트,DAIRY,요거트,그릭데이,요거트,0
[Dole] 후룻컵 알로코코,과일/견과류,과일,RAW_FRUIT,과일컵,Dole,기타 과일,0
[CU 픽업] 라세니스몰배치,술,기타 주류,ALCOHOL,위스키,헤븐힐 증류소,위스키,0
"공차 허니자몽블랙티, 20g, 20개입, 1개 6,900원 (10g당 173원) 내일(일) 도착 보장 4.5 (1693) 최대 345원 적립",음료,커피/차,BEVERAGE,블랙티,공차,홍차,0
"탑씨 제로 파인애플향 탄산음료, 1.5L, 12개 11%14,900원 13,200원 (100ml당 73원) 내일(일) 도착 보장 5 (9251) 최대 660원 적립",음료,탄산음료,BEVERAGE,탑씨,일화,기타 탄산음료,0
[더 샤퀴테리아] 블루미 살라미 까챠토레 6종,육류/계란,가공육(햄/소시지),PROCESSED_MEAT,살라미,더 샤퀴테리아,살라미,0
[초야] 논알콜 유즈슈캔 350mL,술,기타 주류,ALCOHOL,유즈슈캔,초야,기타 주류,0
무농약 냉동 단호박 500g,채소/곡물류,채소,RAW_PRODUCE,단호박,,단호박,0
"지중해식 샐러드채소, 280g, 1개, 1개입 3,290원 (100g당 1,175원) 내일(일) 새벽 도착 보장 4.5 (284) 최대 165원 적립",간편식,샐러드팩,RTC_MEAL,샐러드,,샐러드,0
[백설] 부침 & 튀김 가루 2종,조미료,가루분말,SAUCE_SEASONING,부침가루,백설,부침가루,0
[바름팜] 친환경 우엉 300g,채소/곡물류,채소,RAW_PRODUCE,우엉,바름팜,우엉,0
"국산 100% 비이츠 우리콩 청국장가루, 1개, 500g 할인52%26,900원 12,900원 (100g당 2,580원) 내일(일) 도착 보장 5 (1362) 최대 645원 적립",조미료,가루분말,SAUCE_SEASONING,청국장 분말,비이츠,기타 가루분말,0
"담터 아이스티 복숭아, 14g, 80개입, 1개 12,200원 (10g당 109원) 내일(일) 도착 보장 새 상품, 반품-미개봉 (52) 최저10,790원 5 (25370) 최대 610원 적립",조미료,가루분말,SAUCE_SEASONING,아이스티 분말,담터,기타 가루분말,0
"롯데제과 치토스 매콤달콤 과자, 82g, 3개 60%9,000원 3,600원 (10g당 146원) 내일(일) 새벽 도착 보장 5 (1610) 최대 180원 적립",간식류,과자/스낵,SNACK,치토스,롯데,스낵,0
[Kim's butcher] 미국산 돼지고기 샤브샤브 500g(냉동),육류/계란,돼지고기,RAW_MEAT,샤브샤브용 돼지고기,Kim's butcher,기타 돼지고기,0
[서울우유] 나 100% 저지방 우유 1.8L,유제품,우유/두유,DAIRY,저지방 우유,서울우유,저지방 우유,0
[수미과] 화채용 조각 수박 600g,과일/견과류,과일,RAW_FRUIT,수박,수미과,수박,0
"페이장브르통 까망베르치즈, 125g, 1개입, 3개 15,610원 (10g당 416원) 내일(일) 새벽 도착 보장 5 (3685) 최대 780원 적립",유제품,치즈,DAIRY,까망베르 치즈,페이장브르통,까망베르 치즈,0
[대한제일미] 시월미소미 20kg,채소/곡물류,쌀/잡곡,GRAIN,쌀,대한제일미,쌀,0
[삼육두유] 검은콩 볶은귀리 두유 (190mL X 16개),유제품,우유/두유,DAIRY,두유,삼육두유,두유,0
"라인바싸 레몬 무라벨, 500ml, 20개 29%12,000원 8,450원 (100ml당 85원) 내일(일) 도착 보장 5 (4188) 최대 423원 적립",음료,탄산음료,BEVERAGE,탄산수,라인바싸,탄산수,0
[노블레사 델 수르] 유기농 에코 나이트 엑스트라버진 오일 500mL,조미료,식용유/기름,SAUCE_SEASONING,올리브오일,노블레사 델 수르,올리브오일,0
[마즈] 엠앤엠즈 블록 아몬드 45g,간식류,초콜릿/사탕,SNACK,초콜릿,마즈,초콜릿,0
[오타후쿠] 초밥용 식초,조미료,양념/소스,SAUCE_SEASONING,식초,오타후쿠,식초,0
[슈퍼키친] 아삭이고추된장무침,간편식,반찬류,SIMPLE_PROCESSED,고추 무침,슈퍼키친,기타 반찬류,0
"[어게인리프레쉬] 샐러드 8종 (택1, 리뉴얼)",간편식,샐러드팩,RTC_MEAL,샐러드,어게인리프레쉬,샐러드,0
[해태] 홈런볼 초코 4번들 164g,간식류,과자/스낵,SNACK,홈런볼,해태,파이류,0
"매일두유 99.9 플레인, 950ml, 12개 28,200원 (100ml당 247원) 내일(일) 도착 보장 새 상품, 반품-미개봉 (7) 최저26,790원 5 (35309) 최대 1,410원 적립",유제품,우유/두유,DAIRY,두유,매일,두유,0
[마니커에프앤지] 바사삭 치킨 닭다리 420g,간편식,냉동식품,FROZEN_MEAL,냉동 치킨,마니커에프앤지,냉동 치킨,0
"못난이 사과, 1.5kg(소과, 8~10입), 1개 10,370원 (100g당 691원) 내일(일) 새벽 도착 보장 4.5 (16456) 최대 519원 적립",과일/견과류,과일,RAW_FRUIT,사과,,사과,0
"리지 현미유 플러스, 1L, 1개 24%17,000원 12,900원 (100ml당 1,290원) 내일(일) 도착 보장 5 (6436) 최대 645원 적립",조미료,식용유/기름,SAUCE_SEASONING,현미유,리지,현미유,0
[던킨도너츠]  미니 베이글 2종 (50gX5개입) (택1),간식류,빵류,BAKERY,베이글,던킨도너츠,베이글,0
서산 육쪽 마늘 100g,채소/곡물류,채소,RAW_PRODUCE,마늘,,마늘,0
"국내산 손질 부추, 100g, 1개 1,920원 (100g당 1,920원) 내일(일) 새벽 도착 보장 5 (72419) 최대 96원 적립",채소/곡물류,채소,RAW_PRODUCE,부추,,부추,0
"국내산 무농약 백목이버섯, 150g, 1개 3,420원 (100g당 2,280원) 내일(일) 새벽 도착 보장 5 (8412) 최대 171원 적립",채소/곡물류,버섯,RAW_PRODUCE,백목이버섯,,기타 버섯,0
[농심] 김치사발면 6입,간편식,라면,INSTANT,김치사발면,농심,사발면(컵라면),0
"해태htb 갈배사이다, 355ml, 24개 12,980원 (100ml당 152원) 내일(일) 도착 보장 5 (17148) 최대 649원 적립",음료,탄산음료,BEVERAGE,사이다,해태htb,사이다,0
"밀라 마스카포네 치즈, 250g, 1개입, 1개 8,870원 (10g당 355원) 내일(일) 새벽 도착 보장 5 (19133) 최대 444원 적립",유제품,치즈,DAIRY,마스카포네 치즈,밀라,마스카포네 치즈,0
"데니쉬 브리 치즈, 125g, 1개입, 1개 5,600원 (10g당 448원) 내일(일) 새벽 도착 보장 5 (293) 최대 280원 적립",유제품,치즈,DAIRY,브리 치즈,데니쉬,브리 치즈,0
"청오건강 유기농 쌀가루, 350g, 1개 3,750원 (100g당 1,071원) 내일(일) 도착 보장 5 (6483) 최대 188원 적립",조미료,가루분말,SAUCE_SEASONING,쌀가루,청오건강,쌀가루,0
[퍼니트] 리얼 유기농 NFC 석류주스 2병 세트,음료,주스,BEVERAGE,석류주스,퍼니트,기타 주스,0
[팀홀튼] 오리지날 블렌드 파인 그라인드 커피 300g,음료,커피/차,BEVERAGE,커피가루,팀홀튼,커피,0
[쟌슨빌] 소시지 3종,육류/계란,가공육(햄/소시지),PROCESSED_MEAT,소시지,쟌슨빌,소세지,0
"세미원 새우 피쉬볼 (냉동), 500g, 1개 8,430원 (100g당 1,686원) 내일(일) 새벽 도착 보장 4.5 (3810) 최대 421원 적립",수산물,어육가공식품,SIMPLE_PROCESSED,피쉬볼,세미원,피쉬볼,0
"청정원 국내산 콩 두부, 340g, 2입 4,990원 (100g당 734원) 내일(일) 새벽 도착 보장 5 (3700) 최대 250원 적립",채소/곡물류,콩/두부,SIMPLE_PROCESSED,두부,청정원,두부,0
[메이준뉴트리] 쾌변했어 차전자피식이섬유 (15일분),조미료,가루분말,SAUCE_SEASONING,차전자피 분말,메이준뉴트리,기타 가루분말,0
[롯데웰푸드] 구구 아이스크림 3종 (택1),간식류,디저트/케이크,BAKERY,아이스크림,롯데,아이스크림,0
[햇님마을] 깨소금 100g,조미료,조미료,SAUCE_SEASONING,깨소금,햇님마을,소금,0
"건강한밥상 국산 늘보리쌀, 4kg, 1개 19,900원 (100g당 498원) 내일(일) 도착 보장 4.5 (14122) 최대 995원 적립",채소/곡물류,쌀/잡곡,GRAIN,보리쌀,건강한밥상,보리쌀,0
"서울우유 나100% 저지방우유, 2.3L, 1개 7,430원 (100ml당 323원) 내일(일) 새벽 도착 보장 5 (180160) 최대 371원 적립",유제품,우유/두유,DAIRY,저지방 우유,서울우유,저지방 우유,0
[호밍스 초간편 국물요리] 소고기 미역국,간편식,레트로트,RTC_MEAL,레트로트,호밍스 초간편 국물요리,레트로트,0
"포스트 아몬드후레이크620g, 620g, 1개 5,700원 (100g당 919원) 내일(일) 새벽 도착 보장 5 (5877) 최대 285원 적립",상온식품,시리얼,GRAIN,아몬드 후레이크,포스트,콘플레이크,0
"넛츠앤베리스 건블루베리, 400g, 1개 15,270원 (100g당 3,818원) 내일(일) 도착 보장 4.5 (1478) 최대 764원 적립",과일/견과류,과일,RAW_FRUIT,블루베리,넛츠앤베리스,블루베리,0
[KF365] 1+등급 무항생제 초란 20구,육류/계란,계란,RAW_MEAT,계란,KF365,계란,0
"서울우유 나 100% 우유, 1L, 6개 7%18,900원 17,520원 (100ml당 292원) 내일(일) 새벽 도착 보장 5 (80888) 최대 876원 적립",유제품,우유/두유,DAIRY,우유,서울우유,우유,0
"오뚜기 진라면 약간매운맛 120g, 20개 23%18,320원 13,930원 (1개당 697원) 내일(일) 도착 보장 5 (8489) 최대 696원 적립",간편식,라면,INSTANT,진라면 약간매운맛,오뚜기,국물라면,0
[돈시몬] 착즙 레몬주스 1L,음료,주스,BEVERAGE,레몬주스,돈시몬,기타 주스,0
[로얄오차드] 실버틴 싱글 티백 선물세트 5종 (택1),음료,커피/차,BEVERAGE,티백,로얄오차드,티백,0
"곰곰 국내산 참다래 그린키위, 1kg(중), 1팩 6,940원 (100g당 694원) 내일(일) 새벽 도착 보장 4.5 (3717) 최대 347원 적립",과일/견과류,과일,RAW_FRUIT,키위,곰곰,키위,0
[건어물상회] 통영 어린이멸치 200g,수산물,멸치/건어물,DRIED_SEAFOOD,멸치,건어물상회,멸치,0
[루&마르셀] 텐더 크루아상 생지 (70g X 4개),간식류,빵류,BAKERY,생지,루&마르셀,기타 빵류,0
[종가] 맛김치 400g (80g*5ea),간편식,반찬류,SIMPLE_PROCESSED,배추김치,종가,배추김치,0
[설성목장] 제주 설성햄 200g,육류/계란,가공육(햄/소시지),PROCESSED_MEAT,햄,설성목장,햄,0
[밀레의공방] 오란다 2종 (택1),간식류,과자/스낵,SNACK,오란다,밀레의공방,강정/한과,0
"스미후루 감숙왕 바나나, 1.2kg, 1개 4,580원 (100g당 382원) 내일(일) 새벽 도착 보장 4.5 (189131) 최대 229원 적립",과일/견과류,과일,RAW_FRUIT,바나나,스미후루,바나나,0
[우리밀] 생생 감자 옹심이 4개입,채소/곡물류,면류,GRAIN,옹심이,우리밀,기타 면류,0
"바른미각 훈연 파프리카 시즈닝, 60g, 1개 44%9,800원 5,460원 (100g당 9,100원) 내일(일) 도착 보장 4.5 (1210) 최대 273원 적립",조미료,가루분말,SAUCE_SEASONING,파프리카 분말,바른미각,기타 가루분말,0
"청정원순창 초고추장, 1kg, 2개 쿠폰할인11%6,980원 6,180원 (100g당 309원) 내일(일) 도착 보장 5 (73774) 최대 309원 적립",조미료,양념/소스,SAUCE_SEASONING,초고추장,청정원순창,초고추장,0
"자연애찬 무항생제 1등급 특란, 30구, 1개 10,500원 (1구당 350원) 내일(일) 새벽 도착 보장 4.5 (4124) 최대 525원 적립",육류/계란,계란,RAW_MEAT,계란,자연애찬,계란,0
"밀리브 현미, 5kg, 1개 14,900원 (100g당 298원) 내일(일) 도착 보장 4.5 (388) 최대 745원 적립",채소/곡물류,쌀/잡곡,GRAIN,현미,밀리브,현미,0
[연세우유 x 마켓컬리] 전용목장우유 900mL,유제품,우유/두유,DAIRY,우유,연세우유,우유,0
친환경 대파 250g,채소/곡물류,채소,RAW_PRODUCE,대파,,대파,0
[선물세트] 맛의명태자 순명란 세트,수산물,어란,RAW_SEAFOOD,명란,맛의명태자,명란,0
[Kurly's] 한돈 삼겹 베이컨,육류/계란,가공육(햄/소시지),PROCESSED_MEAT,베이컨,Kurly's,베이컨,0
"프리미엄 블루베리 (냉동), 2개, 1kg 12,130원 (100g당 607원) 내일(일) 새벽 도착 보장 4.5 (3774) 최대 606원 적립",과일/견과류,냉동과일,SIMPLE_PROCESSED,냉동 블루베리,,냉동 블루베리,0
[조선델리] 조선호텔 애플파이 (50g X 3개),간식류,디저트/케이크,BAKERY,파이,조선델리,파이,0
[일 러스티코] 냉압착 엑스트라 버진 올리브 오일 500mL,조미료,식용유/기름,SAUCE_SEASONING,올리브오일,일 러스티코,올리브오일,0
유기농 대파 500g,채소/곡물류,채소,RAW_PRODUCE,대파,,대파,0
[오뚜기] 옛날잡채 4입,간편식,라면,INSTANT,옛날 잡채라면,오뚜기,국물라면,0
"양파링 오리지널, 80g, 5개 쿠폰할인13%5,800원 5,000원 (10g당 125원) 내일(일) 도착 보장 5 (20761) 최대 250원 적립",간식류,과자/스낵,SNACK,양파링,농심,스낵,0
[굽네] 닭가슴살 생야채 물만두,간편식,냉동식품,FROZEN_MEAL,냉동 만두,굽네,냉동 만두,0
"농심 감자깡, 250g, 1개 4,050원 (10g당 162원) 내일(일) 도착 보장 5 (15878) 최대 203원 적립",간식류,과자/스낵,SNACK,감자깡,농심,스낵,0
"남양유업 맛있는 우유 GT, 8개, 200ml 7,950원 (100ml당 497원) 내일(일) 새벽 도착 보장 5 (504) 최대 398원 적립",유제품,우유/두유,DAIRY,우유,남양,우유,0
[미자언니네] 매콤 중멸치볶음,간편식,반찬류,SIMPLE_PROCESSED,멸치볶음,미자언니네,기타 반찬류,0
[조선호텔] 고르곤졸라 피자,간편식,냉동식품,FROZEN_MEAL,냉동 피자,조선호텔,냉동 피자,0
[CJ] 진한 들깨칼국수 (2인분),간편식,밀키트,RTC_MEAL,밀키트,CJ,밀키트,0
[농심] 오리지널 봉지 과자 7종 (택1)(중사이즈),간식류,과자/스낵,SNACK,과자,농심,기타 과자/스낵,0
"돌 베트남 바나나, 2팩, 1.2kg 내외 8,240원 (100g당 343원) 내일(일) 새벽 도착 보장 4.5 (10387) 최대 412원 적립",과일/견과류,과일,RAW_FRUIT,바나나,돌,바나나,0
[더건강한] 닭가슴살 순살 케이준 100g,육류/계란,닭고기,RAW_MEAT,닭가슴살,더건강한,닭가슴살,0
[해표] 카놀라유 900mL,조미료,식용유/기름,SAUCE_SEASONING,카놀라유,해표,카놀라유,0
"곰곰 무항생제 자연방사 유정란, 1개, 15구 9,990원 (1구당 666원) 내일(일) 새벽 도착 보장 5 (2568) 최대 500원 적립",육류/계란,계란,RAW_MEAT,계란,곰곰,계란,0
[청정원] 아보카도 오일 230mL,조미료,식용유/기름,SAUCE_SEASONING,아보카도 오일,청정원,아보카도 오일,0
[선물세트] 기화병가 틴케이스 쿠키 코알라 198g,간식류,과자/스낵,SNACK,쿠키,기화병가,쿠키,0
"오리온 눈을감자 스낵, 56g, 3개 36%7,230원 4,570원 (10g당 272원) 내일(일) 새벽 도착 보장 5 (1825) 최대 229원 적립",간식류,과자/스낵,SNACK,눈을감자,오리온,감자칩,0
"건강곡간 발아현미, 1kg, 1개 5,900원 (100g당 590원) 내일(일) 새벽 도착 보장 5 (73) 최대 295원 적립",채소/곡물류,쌀/잡곡,GRAIN,현미,건강곡간,현미,0
"오뚜기옛날 참기름, 500ml, 3개 18,200원 (10ml당 121원) 내일(일) 도착 보장 5 (207247) 최대 910원 적립",조미료,식용유/기름,SAUCE_SEASONING,참기름,오뚜기,참기름,0
[원에이커팜] 레드버터헤드 레터스 (2입),채소/곡물류,채소,RAW_PRODUCE,상추,원에이커팜,상추,0
[CU 픽업] 부쉬밀12년싱글(신),술,기타 주류,ALCOHOL,위스키,올드 부쉬밀 증류소,위스키,0
[오발탄] 소곱창전골 1kg,간편식,레트로트,RTC_MEAL,레트로트,오발탄,레트로트,0
"사조 명품 김밥재료 5종 세트, 520g, 1세트 9,100원 (100g당 1,750원) 내일(일) 새벽 도착 보장 5 (115540) 최대 455원 적립",상온식품,김/자반,DRIED_SEAFOOD,김,사조 ,김,0
[해담소찬] 양파 장아찌,간편식,반찬류,SIMPLE_PROCESSED,양파 장아찌,해담소찬,장아찌,0
"먹는샘물산수 가벼운샘 무라벨, 500ml, 60개 21%14,700원 11,610원 (100ml당 39원) 내일(일) 도착 보장 5 (35100) 최대 580원 적립",음료,생수,BEVERAGE,생수,먹는샘물산수,생수,0
"스미후루 필리핀산 바나나, 1개, 1kg 3,790원 (100g당 379원) 내일(일) 새벽 도착 보장 4.5 (2552) 최대 170원 적립",과일/견과류,과일,RAW_FRUIT,바나나,스미후루,바나나,0
"곰곰 당도선별 사과와 배 세트 1kg, 1세트 10,780원 내일(일) 새벽 도착 보장 4 (2085) 최대 539원 적립",과일/견과류,과일,RAW_FRUIT,모둠 과일,곰곰,과일 묶음,0
[CU 픽업] 컨트리 레인 솔티드 카라멜,술,기타 주류,ALCOHOL,리큐르,컨트리 레인,리큐르,0
[김정배명인] 제주 통멸치젓 2종 (택1),조미료,조미료,SAUCE_SEASONING,멸치액젓,김정배명인,액젓,0
[피자로빈슨] 뉴욕 메가 슬라이스 피자 마르게리따,간편식,냉동식품,FROZEN_MEAL,냉동 피자,피자로빈슨,냉동 피자,0
[사조대림] 게맛살 큰잔치 300g,수산물,어육가공식품,SIMPLE_PROCESSED,게맛살,사조대림,맛살,0
유기농 잡곡 보리 4종,채소/곡물류,쌀/잡곡,GRAIN,보리쌀,,보리쌀,0
[올마레] 떡닭도리탕,간편식,밀키트,RTC_MEAL,밀키트,올마레,밀키트,0
"몸애조화 제수용 건대추 특초, 150g, 1개 7,090원 (100g당 4,727원) 내일(일) 새벽 도착 보장 4.5 (1547) 최대 355원 적립",과일/견과류,과일,RAW_FRUIT,대추,몸애조화,대추,0
"베지밀 17곡 한끼두유, 190ml, 16개 9,490원 (100ml당 312원) 내일(일) 도착 보장 5 (23608) 최대 475원 적립",유제품,우유/두유,DAIRY,두유,베지밀,두유,0
[삼립] 미니 꼬마 단팥호빵,간식류,빵류,BAKERY,호빵,삼립,호빵,0
[알레만디] 파스타면 7종 (택1),채소/곡물류,면류,GRAIN,파스타면,알레만디,파스타면,0
"태광선식 서리태로 더욱 고소해진 귀리쉐이크, 1.2kg, 1개 1%16,800원 16,500원 (100g당 1,375원) 내일(일) 도착 보장 4.5 (37727) 최대 784원 적립",조미료,가루분말,SAUCE_SEASONING,곡물가루,태광선식,기타 가루분말,0
"곰곰 온가족 요구르트, 750ml, 1개입, 1개 1,820원 (10ml당 24원) 내일(일) 새벽 도착 보장 5 (21388) 최대 91원 적립",유제품,요거트,DAIRY,요구르트,곰곰,요구르트,0
[조셉팝] 페퍼잭&마블잭&몬테레이잭 치즈 907g,유제품,치즈,DAIRY,치즈,조셉팝,기타 치즈,0
자른 미역 30g ( 10인분 내외),수산물,미역/다시마,DRIED_SEAFOOD,미역,,미역,0
"국내산 당근 채, 200g, 1팩 2,440원 (100g당 1,220원) 내일(일) 새벽 도착 보장 5 (10962) 최대 122원 적립",채소/곡물류,채소,RAW_PRODUCE,당근,,당근,0
[제주애월아빠들] 1등급 무항생제 제주란 15구,육류/계란,계란,RAW_MEAT,계란,제주애월아빠들,계란,0
[더오담] 시나몬 현미 팝스틱 200g,간식류,과자/스낵,SNACK,강정,더오담,강정/한과,0
"해표 순후추, 200g, 1개 58%12,800원 5,350원 (10g당 268원) 내일(일) 도착 보장 5 (5566) 최대 268원 적립",조미료,향신료/허브,SAUCE_SEASONING,후추,해표,후추,0
"바른곡물 국산 찹쌀, 1개, 1kg 49%11,900원 5,980원 (100g당 598원) 내일(일) 도착 보장 4.5 (18387) 최대 299원 적립",채소/곡물류,쌀/잡곡,GRAIN,찹쌀,바른곡물,찹쌀,0
[싱코 호타스] 이베리코 베요타 하몽,육류/계란,가공육(햄/소시지),PROCESSED_MEAT,하몽,싱코 호타스,생햄,0
[김소영 아티장의 안단테] 시에라 네바다 그래지어 가염 버터 227g,유제품,버터/생크림,DAIRY,가염버터,김소영 아티장의 안단테,가염버터,0
[홍선장] 멸치 칼국수 2인분,간편식,밀키트,RTC_MEAL,밀키트,홍선장,밀키트,0
[25-26햇올리브] [피쿠알리아] 프리미엄 피쿠알 엑스트라버진 500mL,조미료,식용유/기름,SAUCE_SEASONING,올리브오일,피쿠알리아,올리브오일,0
"오뚜기 옛날 구수한 누룽지, 300g, 1개 5,580원 (100g당 1,860원) 내일(일) 도착 보장 새 상품, 반품-미개봉 (19) 최저5,300원 5 (12579) 최대 279원 적립",간식류,과자/스낵,SNACK,누룽지,오뚜기,누룽지,0
[용두동할매] 낙지 볶음,간편식,레트로트,RTC_MEAL,레트로트,용두동할매,레트로트,0
[선물세트] 호정가 찹쌀약과 미니세트 (대) (쇼핑백 증정),간식류,디저트/케이크,BAKERY,약과,호정가,약과,0
"소화가잘되는우유 저지방 락토프리 우유, 930ml, 2개 7,420원 (100ml당 399원) 내일(일) 새벽 도착 보장 5 (58849) 최대 371원 적립",유제품,우유/두유,DAIRY,락토프리 우유,소화가잘되는우유,락토프리 우유,0
"햇반 솥반 꿀약밥, 210g, 2개 쿠폰할인50%8,960원 4,480원 (100g당 1,067원) 내일(일) 도착 보장 5 (9478) 최대 224원 적립",간편식,레트로트,RTC_MEAL,레트로트,햇반,레트로트,0
[도제식빵] 탕종 통밀식빵 440g,간식류,빵류,BAKERY,식빵,도제식빵,식빵,0
[델리치오] 호주산 안심 찹스테이크 250g (냉장),육류/계란,소고기,RAW_MEAT,안심,델리치오,소 안심,0
"스타벅스 블론드 로스트 아메리카노 원두커피스틱, 1.1g, 30개입, 1개 9,790원 (10g당 2,967원) 내일(일) 도착 보장 5 (1193) 최대 490원 적립",음료,커피/차,BEVERAGE,커피가루,스타벅스,커피,0
"국내산 호박고구마, 700g, 1봉 3,630원 (100g당 519원) 내일(일) 새벽 도착 보장 4.5 (61106) 최대 181원 적립",채소/곡물류,채소,RAW_PRODUCE,호박고구마,,고구마,0
"국내산 부추, 150g, 2봉 3,490원 (100g당 1,163원) 내일(일) 새벽 도착 보장 5 (204326) 최대 175원 적립",채소/곡물류,채소,RAW_PRODUCE,부추,,부추,0
"국내산 홍감자, 1kg, 1개 7,690원 (100g당 769원) 내일(일) 새벽 도착 보장 4.5 (1597) 최대 385원 적립",채소/곡물류,채소,RAW_PRODUCE,홍감자,,감자,0
[정착육]뉴질랜드산 양갈비 300g,육류/계란,양고기,RAW_MEAT,양갈비,정착육,양갈비,0
"오뚜기 진짬뽕 컵 75g, 6개 7%6,980원 6,450원 (1개당 1,075원) 내일(일) 도착 보장 5 (12903) 최대 323원 적립",간편식,라면,INSTANT,진짬뽕,오뚜기,짬뽕라면,0
"풍년제과 우리밀 수제 초코파이 오리지널 + 화이트, 70g, 6개입, 1세트 14,350원 (10g당 342원) 내일(일) 새벽 도착 보장 4.5 (2868) 최대 718원 적립",간식류,과자/스낵,SNACK,초코파이,풍년제과,파이류,0
[청정원] 순창 (현미)덜매운 고추장 2종 (택1),조미료,양념/소스,SAUCE_SEASONING,고추장,청정원,고추장,0
"동원 JUST 노슈가 스위트콘, 340g, 4개 34%9,120원 6,000원 (10g당 44원) 내일(일) 도착 보장 5 (8684) 최대 300원 적립",상온식품,참치/스팸캔,CANNED,옥수수캔,동원,옥수수캔,0
[킹솔로몬] 씨 없는 이스라엘산 대추야자 200g (품종: 메드줄),과일/견과류,과일,RAW_FRUIT,대추야자,킹솔로몬,대추,0
[피쉬쉘] 손질 칵테일새우살 200g (냉동) (31/40 사이즈),수산물,새우/게,RAW_SEAFOOD,새우,피쉬쉘,새우,0
[CU 픽업] 올트모어18년,술,기타 주류,ALCOHOL,위스키,바카디,위스키,0
[그래놀라 하우스] 그래놀라 500g 리필팩 4종 (택1),상온식품,시리얼,GRAIN,그래놀라,그래놀라 하우스,그래놀라,0
[온기루] 바람떡 (180g X 4개),간식류,떡,SNACK,바람떡,온기루,기타 떡,0
"요플레 블루베리 멀티 4p, 340g, 1개 3,910원 (10g당 115원) 내일(일) 새벽 도착 보장 5 (9387) 최대 195원 적립",유제품,요거트,DAIRY,요거트,요플레,요거트,0
[더 더치] 스모크 치즈 2종,유제품,치즈,DAIRY,고다 치즈,더 더치,고다 치즈,0
"비비고 고단백 고등어구이, 60g, 6개 33%32,880원 21,930원 (10g당 609원) 내일(일) 새벽 도착 보장 5 (19741) 최대 1,096원 적립",수산물,어육가공식품,SIMPLE_PROCESSED,생선구이,비비고,기타 어육가공품,0
친환경 버터헤드레터스,채소/곡물류,채소,RAW_PRODUCE,상추,,상추,0
"백년농가 천혜진선향 백미, 상등급, 1개, 4kg 19,900원 (100g당 498원) 내일(일) 도착 보장 5 (733) 최대 995원 적립",채소/곡물류,쌀/잡곡,GRAIN,쌀,백년농가,쌀,0
[Better me] 백색 반숙란 10구,육류/계란,계란,RAW_MEAT,반숙란,Better me,반숙란,0
[멜티크] 파베 초콜릿 2종,간식류,초콜릿/사탕,SNACK,초콜릿,멜티크,초콜릿,0
[고래사] 고래틴 고단백 구운치즈,유제품,치즈,DAIRY,치즈,고래사,기타 치즈,0
"생생포크 앞다리 불고기 (냉장), 500g, 1개 9,240원 (100g당 1,848원) 내일(일) 새벽 도착 보장 4.5 (26166) 최대 462원 적립",육류/계란,돼지고기,RAW_MEAT,돼지 앞다리살,생생포크,앞다리살,0
[을지다락] 매콤크림 파스타 밀키트 (2인),간편식,밀키트,RTC_MEAL,밀키트,을지다락,밀키트,0
[양포어장] 꽁치 과메기 진공포장 260g (냉장),수산물,멸치/건어물,DRIED_SEAFOOD,과메기,양포어장,과메기,0
[Ozen] 훈제연어 슬라이스 360g 2종 (냉동) (택1),수산물,어육가공식품,SIMPLE_PROCESSED,훈제연어,Ozen,훈제연어,0
[쿠위] 탑후르츠 젤리 5종 (택1),간식류,초콜릿/사탕,SNACK,젤리,쿠위,젤리,0
[서강유업] 삼천포아침 멸치육수,조미료,조미료,SAUCE_SEASONING,멸치육수,서강유업,육수,0
"삼호어묵 CJ 정통어묵탕, 336g, 2개 쿠폰할인33%9,760원 6,520원 (100g당 970원) 내일(일) 새벽 도착 보장 5 (13202) 최대 326원 적립",간편식,밀키트,RTC_MEAL,밀키트,CJ,밀키트,0
[고래사] 꼬치어묵전골&유부주머니 (캠핑용),간편식,밀키트,RTC_MEAL,밀키트,고래사,밀키트,0
"국내산 애호박, 1개입, 3개 6,920원 (1개당 2,307원) 내일(일) 새벽 도착 보장 5 (657168) 최대 346원 적립",채소/곡물류,채소,RAW_PRODUCE,애호박,,애호박,0
[돌핀] 센소 프레도 얼려먹는 아이스크림 (40mL X 60개),간식류,디저트/케이크,BAKERY,아이스크림,돌핀,아이스크림,0
"친정엄마 국산 데친고사리, 450g (고형량 150g), 1개 6,580원 (100g당 1,462원) 내일(일) 새벽 도착 보장 4.5 (16331) 최대 329원 적립",채소/곡물류,채소,RAW_PRODUCE,고사리,친정엄마,고사리,0
"이디야 모카블렌드 커피믹스, 11.5g, 120개입, 1개 16,740원 (10g당 121원) 내일(일) 도착 보장 4.5 (18790) 최대 837원 적립",음료,커피/차,BEVERAGE,커피믹스,이디야,커피믹스,0
[매일] 바이오 ZERO 요구르트 (190ml X 6개),유제품,요거트,DAIRY,요구르트,매일,요구르트,0
[매일] 허쉬 초콜릿 드링크 프로틴 (235mL X 24개),유제품,우유/두유,DAIRY,초코우유,매일,가공우유,0
[레인저스벨리] 호주산 흑소MB3+ 윗등심 스테이크 200g (냉장),육류/계란,소고기,RAW_MEAT,소 등심,레인저스벨리,소 등심,0
"군밤용 칼집 약단밤, 1개, 500g 8,990원 (100g당 1,798원) 내일(일) 새벽 도착 보장 4 (221) 최대 450원 적립",과일/견과류,견과류,RAW_FRUIT,밤,,밤,0
"남양유업 스테비아 요구르트, 65ml, 16개입, 2개 5,780원 (10ml당 28원) 내일(일) 새벽 도착 보장 5 (5660) 최대 289원 적립",유제품,요거트,DAIRY,요구르트,남양,요구르트,0
[라메르풀라르] 프랑스 전통쿠키 & 팔레트 6종 (택1),간식류,과자/스낵,SNACK,쿠키,라메르풀라르,쿠키,0
"국내산 흙당근, 5kg, 1개 11,250원 (100g당 225원) 내일(일) 새벽 도착 보장 4.5 (296853) 최대 563원 적립",채소/곡물류,채소,RAW_PRODUCE,당근,,당근,0
[베지밀] 담백한 A 검은콩 두유 (190mL X 24개),유제품,우유/두유,DAIRY,두유,베지밀,두유,0
[크림서울] 트러플 크림 떡볶이,간편식,밀키트,RTC_MEAL,밀키트,크림서울,밀키트,0
"가온애 알땅콩, 1kg, 2개 18,700원 (100g당 935원) 내일(일) 도착 보장 4.5 (18438) 최대 935원 적립",과일/견과류,견과류,RAW_FRUIT,땅콩,가온애,땅콩,0
[수산곳간] 한입 촉촉 오징어 50g,수산물,오징어/문어,RAW_SEAFOOD,오징어,수산곳간,오징어,0
[양평상회] 월간 참기름 200mL,조미료,식용유/기름,SAUCE_SEASONING,참기름,양평상회,참기름,0
[Biscuiterie de Provence] [밀가루0%] 아몬드&초콜릿 케이크 240g,간식류,디저트/케이크,BAKERY,케이크,Biscuiterie de Provence,케이크,0
"오뚜기옛날 볶음참깨, 200g, 2개 1%10,560원 10,430원 (10g당 261원) 내일(일) 도착 보장 5 (31027) 최대 521원 적립",채소/곡물류,쌀/잡곡,GRAIN,참깨,오뚜기,기타 잡곡,0
만차량 단호박 1통,채소/곡물류,채소,RAW_PRODUCE,단호박,,단호박,0
"고메 통등심 돈카츠 (냉동), 450g, 2개 13%21,960원 18,990원 (100g당 2,110원) 내일(일) 새벽 도착 보장 5 (27867) 최대 950원 적립",간편식,냉동식품,FROZEN_MEAL,돈카츠,고메,냉동 돈까스,0
[진가네반찬] 마늘쫑장아찌,채소/곡물류,채소,RAW_PRODUCE,마늘쫑 장아찌,진가네반찬,기타 채소,0
[남양] 마시는 불가리스 복숭아 (150mL X 4개),유제품,요거트,DAIRY,요거트,남양,요거트,0
[동광젓갈] 어리굴젓,간편식,반찬류,SIMPLE_PROCESSED,굴젓갈,동광젓갈,젓갈,0
"오설록 제주 순수녹차, 2g, 20개입, 2개 20%22,000원 17,600원 (10g당 2,200원) 내일(일) 도착 보장 5 (5909) 최대 880원 적립",음료,커피/차,BEVERAGE,티백,오설록,티백,0
[CJ] 행복한콩 모닝두부 3종 (택1),채소/곡물류,콩/두부,SIMPLE_PROCESSED,두부,CJ,두부,0
"왕뚜껑 김치 컵라면 110g, 10개 9,570원 (1개당 957원) 내일(일) 도착 보장 5 (41625) 최대 479원 적립",간편식,라면,INSTANT,김치 왕뚜껑,팔도,사발면(컵라면),0
[예찬원] 계란북엇국 5개입  (블럭국),간편식,레트로트,RTC_MEAL,레트로트,예찬원,레트로트,0
친환경 잎채소 깻잎 30g,채소/곡물류,채소,RAW_PRODUCE,깻잎,,깻잎,0
[소팔소곱창] 소곱창,간편식,밀키트,RTC_MEAL,밀키트,소팔소곱창,밀키트,0
[풀무원] 특등급 국산콩물 960g,채소/곡물류,콩/두부,SIMPLE_PROCESSED,콩물,풀무원,기타 콩/두부,0
"국내산 한끼 적상추, 80g, 1개 1,490원 (100g당 1,863원) 내일(일) 새벽 도착 보장 4.5 (7028) 최대 75원 적립",채소/곡물류,채소,RAW_PRODUCE,적상추,,상추,0
[베이키드콘] 오븐에 구운 군옥수수 스낵 180g,간식류,과자/스낵,SNACK,군옥수수 스낵,베이키드콘,옥수수칩,0
[강남면옥] 사골 만두 칼국수  (2인분),간편식,밀키트,RTC_MEAL,밀키트,강남면옥,밀키트,0
[풀무원] 동물복지 구운란 20구 (간장소스),육류/계란,계란,RAW_MEAT,구운란,풀무원,구운란,0
유기농 다진 콜리플라워 100g,채소/곡물류,채소,RAW_PRODUCE,콜리플라워,유기농,콜리플라워,0
"비락 우유2U 소화가 잘되는 편안한 우유, 2개, 930ml 6,980원 (100ml당 375원) 내일(일) 새벽 도착 보장 5 (1341) 최대 349원 적립",유제품,우유/두유,DAIRY,락토프리 우유,비락,락토프리 우유,0
"청정원 미원 맛소금 95g(용기형) + 250g(봉지형), 1개, 345g 5,740원 (100g당 1,664원) 내일(일) 도착 보장 5 (996) 최대 287원 적립",조미료,조미료,SAUCE_SEASONING,맛소금,청정원,맛소금,0
GAP 트리벨리 파프리카 400g,채소/곡물류,채소,RAW_PRODUCE,파프리카,GAP,파프리카,0
[파스퇴르] 바른목장 요구르트 (100mL X 5개),유제품,요거트,DAIRY,요구르트,파스퇴르,요구르트,0
"목우촌 주부 9단 살코기햄, 600g, 1개 12%8,980원 7,840원 (10g당 131원) 내일(일) 새벽 도착 보장 5 (30607) 최대 392원 적립",육류/계란,가공육(햄/소시지),PROCESSED_MEAT,햄,목우촌,햄,0
[오리온] 더자일리톨 껌 2종 (택1),간식류,과자/스낵,SNACK,껌,오리온,스낵,0
[해태] 칼바 프로틴바란스 코코아퍼지 266g,간식류,과자/스낵,SNACK,단백질바,해태,스낵바,0
"머거본 볶음땅콩, 300g, 1개 3,990원 (100g당 1,330원) 내일(일) 도착 보장 5 (7958) 최대 200원 적립",과일/견과류,견과류,RAW_FRUIT,땅콩,머거본,땅콩,0
"유로푸드 유기농 레몬주스, 500ml, 1개 47%12,000원 6,300원 (100ml당 1,260원) 내일(일) 새벽 도착 보장 5 (3529) 최대 236원 적립",음료,주스,BEVERAGE,레몬주스,유로푸드,기타 주스,0
[조선델리] 조선호텔 쿠키선물세트 448g,간식류,과자/스낵,SNACK,쿠키,조선델리,쿠키,0
"해맑은푸드 손질 황태포, 1개, 60g 4,980원 (100g당 8,300원) 내일(일) 새벽 도착 보장 5 (536) 최대 224원 적립",수산물,멸치/건어물,DRIED_SEAFOOD,황태,해맑은푸드,황태,0
[모모스커피] 보랏빛 향기 블렌드 커피 2종(택1),음료,커피/차,BEVERAGE,커피원두,모모스커피,원두,0
[옆집꽃님이네] 직화구이 전장김 30g X 6봉 (에코백 증정),상온식품,김/자반,DRIED_SEAFOOD,김,옆집꽃님이네,김,0
[깁펠] 쁘띠 데니쉬 식빵 3종 (택1),간식류,빵류,BAKERY,식빵,깁펠,식빵,0
"남양과수원 복숭아, 190ml, 24개 쿠폰할인44%14,900원 8,200원 (100ml당 180원) 내일(일) 도착 보장 새 상품, 반품-미개봉 (53) 최저5,100원 5 (26523) 최대 410원 적립",음료,주스,BEVERAGE,복숭아 주스,남양과수원,기타 주스,0
[Kurly's] 1++ 한우 양지 250g (냉장),육류/계란,소고기,RAW_MEAT,양지,Kurly's,양지,0
"양반 더 바삭한 김, 5g, 24개 9,570원 (10g당 798원) 내일(일) 도착 보장 5 (2950) 최대 479원 적립",상온식품,김/자반,DRIED_SEAFOOD,김,양반김,김,0
"하늘보리 에코 무라벨, 1.5L, 12개 14,450원 (100ml당 80원) 내일(일) 도착 보장 5 (40020) 최대 723원 적립",음료,커피/차,BEVERAGE,보리차,광동,보리차,0
[아카페라] 스페셜티 에티오피아 예가체프 커피 (460mL X 4개),음료,커피/차,BEVERAGE,커피,아카페라,커피,0
[진가네반찬] 청양고추 장아찌,간편식,반찬류,SIMPLE_PROCESSED,청양고추 장아찌,진가네반찬,장아찌,0
"억만금 창녕군농협 2025년 햅쌀 황금 메뚜기쌀, 상등급, 2kg, 1개 9%9,900원 8,980원 (100g당 449원) 내일(일) 도착 보장 4.5 (269246) 최대 449원 적립",채소/곡물류,쌀/잡곡,GRAIN,쌀,농협,쌀,0
[베키아에누보] 랑드샤 2종 (택1),간식류,과자/스낵,SNACK,쿠키,베키아에누보,쿠키,0
[소미] 시오다래 양배추 소스 320g,조미료,양념/소스,SAUCE_SEASONING,양배추용 소스,소미,기타 소스,0
[CU 픽업] 쵸요후쿠무스메쥰마이,술,기타 주류,ALCOHOL,사케,이와사키,사케,0
[탄단지] 통 닭가슴살 4종 (1입/4입),육류/계란,닭고기,RAW_MEAT,닭가슴살,탄단지,닭가슴살,0
[타르틴베이커리] 레몬파운드케이크 410g,간식류,디저트/케이크,BAKERY,케이크,타르틴베이커리,케이크,0
[진가네반찬] 순한 진미채볶음,간편식,반찬류,SIMPLE_PROCESSED,진미채 볶음,진가네반찬,기타 반찬류,0
[김소영 아티장의 안단테] 포인트 레이스 토마,유제품,치즈,DAIRY,토마 치즈,김소영 아티장의 안단테,기타 치즈,0
[KF365] 미국산 돼지고기 삼겹살 구이용 1kg,육류/계란,돼지고기,RAW_MEAT,삼겹살,KF365,삼겹살,0
"친환경 절단대파, 300g, 1개 3,990원 (100g당 1,330원) 내일(일) 새벽 도착 보장 4.5 (9631) 최대 200원 적립",채소/곡물류,채소,RAW_PRODUCE,대파,,대파,0
[샐러드판다] 그린랩 샌드위치 3종,간식류,빵류,BAKERY,샌드위치,샐러드판다,샌드위치,0
[밀크앤허니] 미니 올리브식빵 (127g X 3개),간식류,빵류,BAKERY,식빵,밀크앤허니,식빵,0
[KF365] 원양산 손질오징어 320g (냉장),수산물,오징어/문어,RAW_SEAFOOD,오징어,KF365,오징어,0
"풀무원 자연건면 튀기지 않는 사리면 460g, 10개 5,460원 (1개당 546원) 내일(일) 도착 보장 5 (2365) 최대 273원 적립",간편식,라면,INSTANT,사리면,풀무원,기타 라면,0
"서울우유 목장의 신선함이 살아있는 우유, 1L, 2개 3%7,400원 7,140원 (100ml당 357원) 내일(일) 새벽 도착 보장 5 (253777) 최대 357원 적립",유제품,우유/두유,DAIRY,우유,서울우유,우유,0
[타바론] 슈페리어 스피어민트 (1.5g X15개),음료,커피/차,BEVERAGE,티백,타바론,티백,0
"아이시스 8.0 에코 생수 무라벨, 1L, 24개 18%15,200원 12,460원 (100ml당 52원) 내일(일) 도착 보장 5 (117916) 최대 623원 적립",음료,생수,BEVERAGE,생수,아이시스,생수,0
[카필라노] 퓨어꿀,조미료,양념/소스,SAUCE_SEASONING,꿀,카필라노,꿀,0
[KF365] 밤고구마 800g,채소/곡물류,채소,RAW_PRODUCE,고구마,KF365,고구마,0
[비비고] 계란옷 입은 고기완자 480G,육류/계란,계란,RAW_MEAT,계란,비비고,계란,0
[레오나르디] 모데나산 콘디멘토 화이트 발사믹,조미료,양념/소스,SAUCE_SEASONING,화이트 발사믹 식초,레오나르디,발사믹 식초,0
"스리라차 핫 칠리 시즈닝, 255g, 1개 4,500원 (100g당 1,765원) 내일(일) 도착 보장 5 (91482) 최대 225원 적립",조미료,양념/소스,SAUCE_SEASONING,스리라차 소스,허이펑,스리라차,0
신선한 바지락 모음 7종 (생물) (택1),수산물,조개/전복,RAW_SEAFOOD,바지락,,바지락,0
[선물세트][오곡담] 프리미엄 스틱형 미숫가루 & 벌꿀세트,음료,커피/차,BEVERAGE,미숫가루,오곡담,곡물차,0
"안옥남 자르고 씻어나온 간편미역, 300g, 1개 9,900원 (100g당 3,300원) 내일(일) 새벽 도착 보장 5 (2240) 최대 495원 적립",수산물,미역/다시마,DRIED_SEAFOOD,미역,안옥남,미역,0
[선물세트] 만전김 갓구운 돌김 캔 세트,상온식품,김/자반,DRIED_SEAFOOD,김,만전김,김,0
[야미얼스] 유기농 웜 젤리 237.6g (19.8g x 12입),간식류,초콜릿/사탕,SNACK,젤리,야미얼스,젤리,0
[조지아] 오리지널 캔커피 (240mL X 6개),음료,커피/차,BEVERAGE,커피,조지아,커피,0
[압구정포차] IQF 버팔로 윙 600g (냉동),간편식,냉동식품,FROZEN_MEAL,냉동 윙,압구정포차,냉동 치킨,0
[다담] 된장찌개 양념 530g,조미료,양념/소스,SAUCE_SEASONING,된장찌개 양념,다담,기타 소스,0
[브로드카세] 72시간 저당 컨트리 통밀 깜빠뉴 680g,간식류,빵류,BAKERY,깜빠뉴,브로드카세,깜빠뉴,0
[그릭데이] 홀 그래놀라 150g,상온식품,시리얼,GRAIN,그래놀라,그릭데이,그래놀라,0
"쿠바라 우마타레 양배추용 소스, 280g, 1개 6,340원 (100g당 2,264원) 내일(일) 도착 보장 4.5 (756) 최대 317원 적립",조미료,양념/소스,SAUCE_SEASONING,양배추용 소스,쿠바라 우마타레,기타 소스,0
[윤서울] 생들기름면,간편식,밀키트,RTC_MEAL,밀키트,윤서울,밀키트,0
[맛의명태자] 명란젓 230g(냉동),간편식,반찬류,SIMPLE_PROCESSED,명란젓,맛의명태자,명란젓,0
"[MPARK][2봉구매시 1봉 9,990원] 미국산 블랙라벨 네이블 오렌지 1kg (5~6입)",과일/견과류,과일,RAW_FRUIT,오렌지,MPARK,오렌지,0
"친환경 깐양파, 300g, 1개 2,930원 (100g당 977원) 내일(일) 새벽 도착 보장 5 (12862) 최대 146원 적립",채소/곡물류,채소,RAW_PRODUCE,양파,,양파,0
[일상味소] 육전용 200g (냉동),육류/계란,소고기,RAW_MEAT,우둔살,일상味소,우둔살,0
"곰곰 무항생제 신선한 대란, 60구, 1개 15,990원 (1구당 267원) 내일(일) 새벽 도착 보장 5 (451693) 최대 800원 적립",육류/계란,계란,RAW_MEAT,계란,곰곰,계란,0
"프레샤인 충주 못난이사과, 2kg, 1개 13,830원 (100g당 692원) 내일(일) 새벽 도착 보장 4.5 (85130) 최대 691원 적립",과일/견과류,과일,RAW_FRUIT,사과,프레샤인,사과,0
[존쿡 델리미트] 캠핑 바베큐용 모듬 소시지 410g,육류/계란,가공육(햄/소시지),PROCESSED_MEAT,소시지,존쿡 델리미트,소세지,0
[벨지오이오소] 리코타 치즈 453g,유제품,치즈,DAIRY,리코타 치즈,벨지오이오소,리코타 치즈,0
"롯데 펩시 제로슈거 라임 500ml x 20개 업소용 음료 53%22,000원 10,200원 (100ml당 102원) 2/12(목) 도착 예정 5 (6422) 최대 510원 적립",음료,탄산음료,BEVERAGE,펩시 제로 라임,롯데,콜라,0
"맥코믹 시저샐러드 드레싱, 1kg, 1개 9,650원 (100g당 965원) 내일(일) 도착 보장 4.5 (1224) 최대 483원 적립",조미료,양념/소스,SAUCE_SEASONING,시저드레싱,맥코믹,기타 소스,0
"농심 짜파게티 140g, 15개 13,970원 (1개당 931원) 내일(일) 새벽 도착 보장 5 (57674) 최대 699원 적립",간편식,라면,INSTANT,짜파게티,농심,짜장라면,0
[일리] 클래식 로스트 디카페인 스틱커피 3종 (택1),음료,커피/차,BEVERAGE,커피가루,일리,커피,0
"건국유업 소화가 편안한 우유, 2.3L, 1개 7,760원 (100ml당 337원) 내일(일) 새벽 도착 보장 5 (9201) 최대 388원 적립",유제품,우유/두유,DAIRY,우유,건국유업,우유,0
[뉴트리원] 맥주 효모 골드 (90정),미등록 카테고리,기타,UNKNOWN,기타,뉴트리원,기타,0
[내츄럴스파이스] 통흑후추 200g (실속 리필형),조미료,향신료/허브,SAUCE_SEASONING,후추,내츄럴스파이스,후추,0
[맛의명태자] 냉장 명란 120g,수산물,어란,RAW_SEAFOOD,명란,맛의명태자,명란,0
"사미헌 갈비탕 (냉동), 1kg, 1개 11,700원 (100g당 1,170원) 내일(일) 새벽 도착 보장 5 (29558) 최대 585원 적립",간편식,레트로트,RTC_MEAL,레트로트,사미헌,레트로트,0
[피스피스] 애플파이 138g,간식류,디저트/케이크,BAKERY,파이,피스피스,파이,0
[해찬들] 새콤달콤 초고추장 300g,조미료,양념/소스,SAUCE_SEASONING,초고추장,해찬들,초고추장,0
"곰곰 체다치즈 슬라이스, 18g, 100개입, 1개 21,980원 (10g당 122원) 내일(일) 새벽 도착 보장 5 (198112) 최대 1,099원 적립",유제품,치즈,DAIRY,체다 치즈,곰곰,체다 치즈,0
"닥터루템 정품 유기농 엑스트라버진 올리브오일 레몬즙 핏, 14회분, 280ml, 1개 14,800원 (1정당 1,057원) 내일(일) 도착 보장 새 상품, 반품-미개봉 (5) 최저11,950원 5 (472) 최대 629원 적립",음료,주스,BEVERAGE,레몬즙,닥터루템,기타 주스,0
[가농바이오] 오메가에그 무항생제 1+등급 특란 20구,육류/계란,계란,RAW_MEAT,계란,가농바이오,계란,0
[Kurly's] 쫄깃쫄깃 사각 어묵,수산물,어육가공식품,SIMPLE_PROCESSED,어묵,Kurly's,어묵,0
"타코 녹차라떼 분말, 500g, 1개입, 1개 쿠폰할인5%7,170원 6,800원 (10g당 136원) 내일(일) 도착 보장 4.5 (6695) 최대 340원 적립",음료,커피/차,BEVERAGE,라떼 분말,타코,커피믹스,0
"쿡탁 감자수제비 2~3인분, 400g, 1개 1,990원 (100g당 498원) 내일(일) 새벽 도착 보장 5 (1573) 최대 100원 적립",채소/곡물류,면류,GRAIN,감자수제비,쿡탁,수제비,0
[이목] 국내산 소고기 불고기용 200g (냉장),육류/계란,소고기,RAW_MEAT,불고기용 소고기,이목,불고기,0
"햇살나래 간편한 식혜 만들기 엿기름 티백, 240g, 2개 8,200원 (100g당 1,708원) 내일(일) 도착 보장 4.5 (1014) 최대 410원 적립",음료,커피/차,BEVERAGE,티백,햇살나래,티백,0
[CU 픽업] 코마사 진,술,기타 주류,ALCOHOL,진,코마사양조,진,0
"이안 바나나 (냉동), 1개, 1kg 6,500원 (100g당 650원) 내일(일) 새벽 도착 보장 5 (351) 최대 325원 적립",과일/견과류,냉동과일,SIMPLE_PROCESSED,냉동 바나나,이안,냉동 바나나,0
[백설] 육수에는 1분링 야채와겨울무 4gx20개입,조미료,조미료,SAUCE_SEASONING,코인육수,백설,육수,0
[1등급 한우] 불고기용 200g (냉장),육류/계란,소고기,RAW_MEAT,불고기용 소고기,1등급 한우,불고기,0
[펄세스] 스테비아 단백질 커피 믹스 (9.5g X 30개),음료,커피/차,BEVERAGE,커피믹스,펄세스,커피믹스,0
"영주마실 못난이 사과 소과 15~21개입, 3kg, 1개 19,710원 (100g당 657원) 내일(일) 새벽 도착 보장 4.5 (17410) 최대 985원 적립",과일/견과류,과일,RAW_FRUIT,사과,영주마실,사과,0
"칠레 블루베리, 310g, 1팩 6,490원 (100g당 2,094원) 내일(일) 새벽 도착 보장 4.5 (25255) 최대 325원 적립",과일/견과류,과일,RAW_FRUIT,블루베리,,블루베리,0
팔당 오징어볶음 2종 (냉동) (택1),간편식,레트로트,RTC_MEAL,레트로트,,레트로트,0
[자연실록] 동물복지 한입 닭가슴살 2종,육류/계란,닭고기,RAW_MEAT,닭가슴살,자연실록,닭가슴살,0
백태 1kg,채소/곡물류,콩/두부,SIMPLE_PROCESSED,백태,,콩,0
"약콩두유 오리지널, 190ml, 16개 32%21,600원 14,680원 (100ml당 483원) 내일(일) 도착 보장 새 상품, 반품-미개봉 (12) 최저13,940원 4.5 (31068) 최대 734원 적립",유제품,우유/두유,DAIRY,두유,약콩두유,두유,0
"오뚜기 진라면 약간매운맛 120g, 5개 18%4,580원 3,720원 (1개당 744원) 내일(일) 도착 보장 5 (8489) 최대 186원 적립",간편식,라면,INSTANT,진라면 약간매운맛,오뚜기,국물라면,0
[우물우물] 구룡포에서 말린 몸통 건오징어 90g (2~3미),수산물,멸치/건어물,DRIED_SEAFOOD,건오징어,우물우물,건오징어,0
"오뚜기 김치라면 120g, 5개 3,140원 (1개당 628원) 내일(일) 새벽 도착 보장 5 (7496) 최대 157원 적립",간편식,라면,INSTANT,김치라면,오뚜기,국물라면,0
"곰곰 멸균 딸기 우유, 190ml, 24개 27%18,400원 13,370원 (100ml당 293원) 내일(일) 도착 보장 5 (17389) 최대 669원 적립",유제품,우유/두유,DAIRY,딸기우유,곰곰,가공우유,0
[사층빵집] 버터바 5종 (택1),간식류,빵류,BAKERY,버터바,사층빵집,기타 빵류,0
[종가] 갓김치 500g,간편식,반찬류,SIMPLE_PROCESSED,갓김치,종가,갓김치,0
[선물세트] 궁 쇠고기육포세트 420g (70g X 6EA),육류/계란,가공육(햄/소시지),PROCESSED_MEAT,육포,궁,육포,0
[슈퍼키친] 무청시래기된장지짐,채소/곡물류,채소,RAW_PRODUCE,무,슈퍼키친,무,0
[라빈리커픽업] 닛카 프롬 더 배럴 (위스키),과일/견과류,과일,RAW_FRUIT,배,닛카,배,0
"타무르 데이츠 8p, 148g, 1개 8%22,800원 20,800원 (100g당 14,054원) 내일(일) 도착 보장 5 (1038) 최대 1,040원 적립",채소/곡물류,채소,RAW_PRODUCE,무,타무르,무,0
[김소형원방] 온궁진 30포,미등록 카테고리,기타,UNKNOWN,기타,김소형원방,기타,0
우리집 건강한 딸기 요거트 750mL,유제품,요거트,DAIRY,요거트,우리집,요거트,0
[마땡] 저당 그래놀라 3종 (택1),상온식품,시리얼,GRAIN,그래놀라,마땡,그래놀라,0
[풀무원] 우리아이 홍시 깍두기 300g,간편식,반찬류,SIMPLE_PROCESSED,깍두기,풀무원,깍두기,0
[해태] 후렌치파이 27+3 기획팩 딸기,간식류,디저트/케이크,BAKERY,파이,해태,파이,0
"밀라 마스카포네 치즈, 500g, 1개입, 1개 10,960원 (10g당 219원) 내일(일) 새벽 도착 보장 5 (19133) 최대 548원 적립",유제품,치즈,DAIRY,치즈,밀라,기타 치즈,0
"청정원 생강 매실 맛술, 410ml, 2개 4,760원 (100ml당 580원) 내일(일) 도착 보장 5 (212) 최대 238원 적립",조미료,양념/소스,SAUCE_SEASONING,맛술,청정원,맛술,0
"곰곰 누들 밀 떡볶이떡 (냉장), 500g, 1개 2,650원 (100g당 530원) 내일(일) 새벽 도착 보장 4.5 (7056) 최대 133원 적립",간식류,떡,SNACK,떡,곰곰 ,떡,0
[허쉬] DIY 토핑용 초콜릿칩 2종 (택1),간식류,초콜릿/사탕,SNACK,초콜릿,허쉬,초콜릿,0
[빕스] 부채살 찹스테이크,육류/계란,소고기,RAW_MEAT,부채살,빕스,부채살,0
[지유가오카] 초코 케이크 DIY 세트 600g,간식류,디저트/케이크,BAKERY,케이크,지유가오카,케이크,0
"곰곰 콩두부, 500g, 4개 6,180원 (100g당 309원) 내일(일) 새벽 도착 보장 5 (340247) 최대 309원 적립",채소/곡물류,콩/두부,SIMPLE_PROCESSED,두부,곰곰,두부,0
[마즈] 스니커즈 미니 초콜릿바 픽앤믹스 800g (40입),간식류,초콜릿/사탕,SNACK,초콜릿,마즈,초콜릿,0
[롯데] 왓따 캐치티니핑 판박이 풍선껌 25개입,간식류,과자/스낵,SNACK,껌,롯데,스낵,0
[이담] 산양우유 100% 750mL,유제품,우유/두유,DAIRY,우유,이담,우유,0
냉동 망고 1kg (베트남산),과일/견과류,냉동과일,SIMPLE_PROCESSED,냉동 망고,,냉동 망고,0
"마이쮸 필로우 포도 사과 츄잉캔디, 720g, 1개 35%12,000원 7,790원 (10g당 108원) 내일(일) 도착 보장 5 (18809) 최대 390원 적립",간식류,초콜릿/사탕,SNACK,마이쮸,크라운,사탕(캔디),0
[만치니] 프리미엄 파스타면 7종 (택1),채소/곡물류,면류,GRAIN,파스타면,만치니,파스타면,0
"풀무원 퓨어 무라벨 생수, 2L, 18개 8,850원 (100ml당 25원) 내일(일) 도착 보장 5 (109261) 최대 443원 적립",음료,생수,BEVERAGE,생수,풀무원,생수,0
"오뚜기 순후추, 100g, 2개 21%13,760원 10,800원 (10g당 540원) 내일(일) 도착 보장 5 (102257) 최대 540원 적립",조미료,향신료/허브,SAUCE_SEASONING,후추,오뚜기,후추,0
"덴마크 리코타치즈, 150g, 1개입, 3개 9,890원 (10g당 220원) 내일(일) 새벽 도착 보장 5 (7854) 최대 495원 적립",유제품,치즈,DAIRY,리코타 치즈,덴마크,리코타 치즈,0
"아이시스 8.0 ECO 생수 무라벨, 300ml, 80개 7%24,000원 22,280원 (100ml당 93원) 내일(일) 도착 보장 5 (117915) 최대 1,114원 적립",음료,생수,BEVERAGE,생수,아이시스,생수,0
"신선함을 그대로 옐로우믹스 샐러드, 80g, 3팩 7,500원 (100g당 3,125원) 내일(일) 새벽 도착 보장 4.5 (22866) 최대 375원 적립",간편식,샐러드팩,RTC_MEAL,샐러드,,샐러드,0
[바다소리] 해품은 김 22g,상온식품,김/자반,DRIED_SEAFOOD,김,바다소리,김,0
[선물세트] 모니니 10호 (엑스트라버진 500ml/2입),조미료,식용유/기름,SAUCE_SEASONING,올리브오일,모니니,올리브오일,0
[Kim's butcher] 미국산 소고기 샤브샤브용 500g (냉동),육류/계란,소고기,RAW_MEAT,샤브샤브용 소고기,Kim's butcher,기타 소고기,0
[앙팡드봉봉] 한입에 쏙! 유기농 한입 솜사탕 3종,간식류,디저트/케이크,BAKERY,솜사탕,앙팡드봉봉,기타 디저트/케이크,0
"대국민 고구마스틱, 800g, 1개 13,480원 (10g당 169원) 내일(일) 도착 보장 4.5 (5059) 최대 674원 적립",간식류,과자/스낵,SNACK,고구마스낵,대국민,고구마칩,0
[KF365] 16brix이상 고당도 상주 샤인머스켓 600g,과일/견과류,과일,RAW_FRUIT,샤인머스켓,KF365,샤인머스켓,0
[농협] 구수한 옛날 누룽지 450g,간식류,과자/스낵,SNACK,누룽지,농협,누룽지,0
"백설 우리밀 밀가루, 750g, 1개 3,200원 (100g당 427원) 내일(일) 도착 보장 5 (318) 최대 160원 적립",조미료,가루분말,SAUCE_SEASONING,밀가루,백설,밀가루,0
"국내산 통마늘, 1kg, 1개 12,900원 (100g당 1,290원) 내일(일) 새벽 도착 보장 4.5 (9923) 최대 645원 적립",채소/곡물류,채소,RAW_PRODUCE,마늘,,마늘,0
[강봉석 명인조청] 깨범벅 강정 (10g X 8개),간식류,과자/스낵,SNACK,강정,강봉석 명인조청,강정/한과,0
[임실치즈마을] 프로바이오요거트 플레인 900mL,유제품,요거트,DAIRY,요거트,임실치즈마을,요거트,0
[아이배냇] 끙아 젤리 3종 (택1),간식류,초콜릿/사탕,SNACK,젤리,아이배냇,젤리,0
"주일 완도 명품 건실미역, 500g, 1개 11,990원 (100g당 2,398원) 내일(일) 새벽 도착 보장 5 (4283) 최대 600원 적립",수산물,미역/다시마,DRIED_SEAFOOD,미역,주일,미역,0
"비비고 계란옷입은 고기완자 (냉동), 480g, 1개 20%9,980원 7,980원 (100g당 1,663원) 내일(일) 새벽 도착 보장 5 (3889) 최대 399원 적립",간편식,냉동식품,FROZEN_MEAL,냉동 고기완자,비비고,기타 냉동식품,0
"샘표 장아찌 간장, 1.7L, 1개 38%8,900원 5,480원 (100ml당 322원) 내일(일) 도착 보장 4.5 (7934) 최대 274원 적립",조미료,양념/소스,SAUCE_SEASONING,장아찌간장,샘표,간장,0
[미자언니네 장아찌] 깻잎 장아찌,간편식,반찬류,SIMPLE_PROCESSED,깻잎 장아찌,미자언니네 장아찌,장아찌,0
"오뚜기 고소한 골드 마요네즈, 3.2kg, 1개 13,990원 (100g당 437원) 내일(일) 도착 보장 5 (159217) 최대 700원 적립",조미료,양념/소스,SAUCE_SEASONING,마요네즈,오뚜기,마요네즈,0
"여왕의만찬 삼광미 우리쌀 백미, 특등급, 4kg, 1개 22%21,900원 16,980원 (100g당 425원) 내일(일) 도착 보장 4.5 (214096) 최대 849원 적립",채소/곡물류,쌀/잡곡,GRAIN,쌀,여왕의만찬,쌀,0
"서울우유 A2플러스 우유, 2개, 900ml 7,330원 (100ml당 407원) 내일(일) 새벽 도착 보장 5 (1356) 최대 366원 적립",유제품,우유/두유,DAIRY,우유,서울우유,우유,0
[남도2대명가] 해초 무침 200g 2종 (택1),간편식,반찬류,SIMPLE_PROCESSED,해초 무침,남도2대명가,기타 반찬류,0
[메종드조에] 쁘띠 쿠키 4종 (택1),간식류,과자/스낵,SNACK,쿠키,메종드조에,쿠키,0
[선물세트] 사미헌 갈비탕 & 한우꼬리곰탕 세트 (4입),간편식,레트로트,RTC_MEAL,레트로트,사미헌,레트로트,0
[윤슬] 흰새우살 180g (냉장),수산물,새우/게,RAW_SEAFOOD,새우,윤슬,새우,0
[큐피] 하프 마요네즈 210g,조미료,양념/소스,SAUCE_SEASONING,마요네즈,큐피,마요네즈,0
[한우물] 한끼 든든 매콤 잡채 (3개입),간편식,레트로트,RTC_MEAL,레트로트,한우물,레트로트,0
"청정원 프레시 마요네즈, 500g, 1개 13%4,830원 4,160원 (100g당 832원) 내일(일) 도착 보장 5 (53054) 최대 208원 적립",조미료,양념/소스,SAUCE_SEASONING,마요네즈,청정원,마요네즈,0
"곰곰 방울토마토, 500g, 1팩 4,980원 (100g당 996원) 내일(일) 새벽 도착 보장 4.5 (44083) 최대 249원 적립",채소/곡물류,채소,RAW_PRODUCE,방울토마토,곰곰,방울토마토,0
"자이카오 현미유, 500ml, 2개 25%13,960원 10,400원 (100ml당 1,040원) 내일(일) 도착 보장 5 (2531) 최대 520원 적립",조미료,식용유/기름,SAUCE_SEASONING,현미유,자이카오,현미유,0
"백설 갈색설탕, 3kg, 2개 14,220원 (100g당 237원) 내일(일) 도착 보장 5 (69379) 최대 711원 적립",조미료,조미료,SAUCE_SEASONING,흑설탕,백설,흑설탕,0
[바름팜] 친환경 한통 양배추 (800g),채소/곡물류,채소,RAW_PRODUCE,양배추,바름팜,양배추,0
"이엔푸드 미니 양조 맛간장, 5.6ml, 186개 5,730원 (100ml당 550원) 내일(일) 도착 보장 5 (1934) 최대 286원 적립",조미료,양념/소스,SAUCE_SEASONING,맛간장,이엔푸드,간장,0
"맥심 모카골드 마일드 커피믹스, 12g, 50개입, 2개 16,620원 (10g당 139원) 내일(일) 새벽 도착 보장 5 (5118) 최대 831원 적립",음료,커피/차,BEVERAGE,커피믹스,맥심,커피믹스,0
[올계] 유기농 닭다리살 200g (냉동),육류/계란,닭고기,RAW_MEAT,닭다리살,올계,닭다리살,0
[조인] 동물복지 백색 유정 구운란 20구,육류/계란,계란,RAW_MEAT,구운란,조인,구운란,0
[하루한콩] 고단백 파바빈 군옥수수맛(15g*22개),과일/견과류,견과류,RAW_FRUIT,파바빈,하루한콩,기타 견과류,0
[종가] 담백한 나박김치 1.2kg,간편식,반찬류,SIMPLE_PROCESSED,나박김치,종가,기타 반찬류,0
"맥스웰하우스 커피믹스 오리지날, 11.8g, 50개입, 1개 6,370원 (10g당 108원) 내일(일) 도착 보장 5 (47534) 최대 319원 적립",음료,커피/차,BEVERAGE,커피믹스,맥스웰하우스,커피믹스,0
[메글레] 에멘탈 슬라이스 치즈 125g,유제품,치즈,DAIRY,에멘탈 치즈,메글레,에멘탈 치즈,0
"17차 몸이 가벼워지는 시간 차음료, 340ml, 20개 7%13,000원 12,000원 (100ml당 176원) 내일(일) 도착 보장 새 상품, 반품-미개봉 (122) 최저9,100원 5 (39278) 최대 600원 적립",음료,커피/차,BEVERAGE,17차,남양,곡물차,0
[조선델리] 조선호텔 애플타르트 630g,간식류,디저트/케이크,BAKERY,파이,조선델리,파이,0
[제각각] 브로콜리 3입,채소/곡물류,채소,RAW_PRODUCE,브로콜리,제각각,브로콜리,0
"참크래커 참 알프스, 295g, 1개 4,000원 (10g당 136원) 내일(일) 도착 보장 5 (425) 최대 200원 적립",간식류,과자/스낵,SNACK,크래커,크라운,크래커,0
[KF365] 무항생제 대란 반반팩 20구 (백색/갈색),육류/계란,계란,RAW_MEAT,계란,KF365,계란,0
[CU 픽업] 레칙10년,술,기타 주류,ALCOHOL,위스키,토버모리 증류소,위스키,0
"방앗간청년 압력으로 볶은 보리차, 500g, 1개입, 3개 할인51%28,900원 14,020원 (10g당 93원) 내일(일) 도착 보장 5 (13669) 최대 701원 적립",음료,커피/차,BEVERAGE,보리차,방앗간청년,보리차,0
"오뚜기 옛날 미역, 150g, 1개 5,360원 (100g당 3,573원) 내일(일) 도착 보장 5 (33861) 최대 268원 적립",수산물,미역/다시마,DRIED_SEAFOOD,미역,오뚜기,미역,0
[사조대림] 부산어묵 얇은사각 240g,수산물,어육가공식품,SIMPLE_PROCESSED,어묵,사조대림,어묵,0
[선물세트] 프리미엄 영광 굴비 세트 2.0kg,수산물,멸치/건어물,DRIED_SEAFOOD,굴비,,굴비,0
[덴마크] 소화가 잘되는 우유 (190mL X 24개),유제품,우유/두유,DAIRY,락토프리 우유,덴마크,락토프리 우유,0
"강화군농협 2025년산 햅쌀 강화섬쌀 삼광미플러스 백미, 특등급, 4kg, 1개 17,900원 (100g당 448원) 내일(일) 도착 보장 4.5 (51038) 최대 895원 적립",채소/곡물류,쌀/잡곡,GRAIN,쌀,농협,쌀,0
"일드프랑스 미니 브리 치즈, 25g, 5개입, 1개 10,460원 (10g당 837원) 내일(일) 새벽 도착 보장 5 (3549) 최대 523원 적립",유제품,치즈,DAIRY,브리 치즈,일드프랑스,브리 치즈,0
[하인즈] 핫도그 렐리쉬 401g,조미료,양념/소스,SAUCE_SEASONING,렐리쉬,하인즈,기타 소스,0
[뚝방길홍차가게] 스콘생지 5종 (4개) (택1),간식류,빵류,BAKERY,생지,뚝방길홍차가게,기타 빵류,0
[풀무원] 식물성 지구식단 두부텐더,간편식,냉동식품,FROZEN_MEAL,두부텐더,풀무원,냉동 치킨,0
"곰곰 매일매일 담백한 베이컨, 1kg, 1개 15,170원 (10g당 152원) 내일(일) 새벽 도착 보장 5 (12306) 최대 759원 적립",육류/계란,가공육(햄/소시지),PROCESSED_MEAT,베이컨,곰곰,베이컨,0
"Prime Field 유기농 현미, 1kg, 1개 22%8,980원 6,980원 (100g당 698원) 내일(일) 새벽 도착 보장 5 (188) 최대 349원 적립",채소/곡물류,쌀/잡곡,GRAIN,현미,Prime Field,현미,0
"승인식품 최순희 전통명장이 만든 볶은참깨, 200g, 1개 6,800원 (100g당 3,400원) 내일(일) 도착 보장 5 (721) 최대 340원 적립",채소/곡물류,쌀/잡곡,GRAIN,참깨,승인식품,기타 잡곡,0
[헤르데즈] 멕시칸 아보카도 소스,조미료,양념/소스,SAUCE_SEASONING,아보카도 소스,헤르데즈,기타 소스,0
[건어수라] 육수용 황태머리 300g,수산물,멸치/건어물,DRIED_SEAFOOD,황태,건어수라,황태,0
[더오담] 가마솥 누룽지 150g (국내산),간식류,과자/스낵,SNACK,누룽지,더오담,누룽지,0
미니 파스텔 초코케이크 280g,간식류,디저트/케이크,BAKERY,케이크,,케이크,0
[달떡볶이] 떡꼬치,간편식,밀키트,RTC_MEAL,밀키트,달떡볶이,밀키트,0
"[KF365] 완도 전복 5마리 260g (중, 생물)",수산물,조개/전복,RAW_SEAFOOD,전복,KF365,전복,0
[티네] 노르웨이 브라운치즈 스프레드 150g,상온식품,잼/스프레드,SAUCE_SEASONING,치즈 스프레드,티네,기타 잼/스프레드,0
유기농 찰진 오곡밥 500g,간편식,즉석밥,INSTANT,즉석밥 오곡,,즉석밥,0
"대구농산 귀리쌀, 5kg, 1개 6,980원 (100g당 140원) 내일(일) 새벽 도착 보장 4.5 (652) 최대 349원 적립",채소/곡물류,쌀/잡곡,GRAIN,쌀,대구농산,쌀,0
[폴 바셋] 시그니처 블렌드 스틱 커피 (2g X 5개),음료,커피/차,BEVERAGE,커피가루,폴 바셋,커피,0
[펀나쵸] 치즈소스  99gx2입,조미료,양념/소스,SAUCE_SEASONING,치즈 소스,펀나쵸,기타 소스,0
[FELT] 오리지널 콜드브루 500mL,음료,커피/차,BEVERAGE,콜드브루,FELT,콜드브루,0
"맥심 오리지날 커피믹스, 11.8g, 100개입, 1개 15,990원 (10g당 136원) 내일(일) 도착 보장 5 (19775) 최대 800원 적립",음료,커피/차,BEVERAGE,커피믹스,맥심,커피믹스,0
[남양] 불가리스 락토프리 플레인 요거트 400g,유제품,요거트,DAIRY,요거트,남양,요거트,0
[롯데햄] 의성마늘 프랑크 420g(210g*2),육류/계란,가공육(햄/소시지),PROCESSED_MEAT,햄,롯데,햄,0
[탄단지] 현미 다이어트 도시락 5종,간편식,즉석밥,INSTANT,즉석 도시락,탄단지,즉석 도시락,0
[풀무원] 얄피꽉찬 만두 2종 (2개입),간편식,냉동식품,FROZEN_MEAL,만두,풀무원,냉동 만두,0
[오뚜기]컵밥_매콤낙지덮밥(즉석국),간편식,즉석밥,INSTANT,즉석 컵밥,오뚜기,즉석 컵밥,0
[아카페라] 사이즈업 커피 RTD 350mL X 20병 5종 (택1),음료,커피/차,BEVERAGE,커피,아카페라,커피,0
"프로모락 치킨스톡 큐브 40p, 400g, 1개 5,700원 (100g당 1,425원) 내일(일) 도착 보장 5 (2240) 최대 285원 적립",조미료,조미료,SAUCE_SEASONING,치킨스톡,프로모락,육수,0
"비비고 감태김 12p, 48g, 1개 18%8,480원 6,950원 (10g당 1,448원) 내일(일) 도착 보장 4.5 (531) 최대 348원 적립",상온식품,김/자반,DRIED_SEAFOOD,김,비비고,김,0
[도시곳간] 칙피렌틸콩샐러드,간편식,샐러드팩,RTC_MEAL,샐러드,도시곳간,샐러드,0
[한강식품] 닭가슴살 시즈닝 스테이크 500g (냉장),육류/계란,닭고기,RAW_MEAT,닭가슴살,한강식품,닭가슴살,0
"가족 못난이 사과, 2kg(랜덤과), 1개 13,830원 (100g당 692원) 내일(일) 새벽 도착 보장 4.5 (8405) 최대 691원 적립",과일/견과류,과일,RAW_FRUIT,사과,가족,사과,0
[선물세트] 레오나르디 발사믹 입문세트 (IGP핑크/화이트콘디멘토),조미료,양념/소스,SAUCE_SEASONING,발사믹 식초,레오나르디,발사믹 식초,0
"아산율림 햇밤 특, 700g, 1개 10,900원 (100g당 1,557원) 내일(일) 새벽 도착 보장 4.5 (1187) 최대 545원 적립",과일/견과류,견과류,RAW_FRUIT,밤,아산율림,밤,0
[선물세트] 이브뚜리에 봉봉 초콜릿 8P,간식류,초콜릿/사탕,SNACK,초콜릿,이브뚜리에,초콜릿,0
[진가네반찬] 오삼불고기,간편식,반찬류,SIMPLE_PROCESSED,오삼불고기,진가네반찬,기타 반찬류,0
[HBAF] 넛츠앤스낵스 치즈 앤 믹스넛 190g,과일/견과류,견과류,RAW_FRUIT,견과류,HBAF,견과류,0
[만전김] 유기 만전곱창돌김 생김 25매,상온식품,김/자반,DRIED_SEAFOOD,김,만전김,김,0
[Kim's butcher] 돌돌말이 대패 삼겹살 1kg(냉동),육류/계란,돼지고기,RAW_MEAT,냉동 삼겹살,Kim's butcher,삼겹살,0
[허쉬] 펄즈 초콜릿 틴케이스 2종 (택1),간식류,초콜릿/사탕,SNACK,초콜릿,허쉬,초콜릿,0
"하림 커플치킨 통닭 백숙용 (냉장) 2입, 1.1kg, 1개 10,990원 (100g당 1,998원) 내일(일) 새벽 도착 보장 5 (44908) 최대 550원 적립",육류/계란,닭고기,RAW_MEAT,생닭,하림,생닭,0
[비움반찬] 느타리버섯볶음,간편식,반찬류,SIMPLE_PROCESSED,느타리버섯 볶음,비움반찬,기타 반찬류,0
[니뽕내뽕] 차뽕 (차이나짬뽕),간편식,밀키트,RTC_MEAL,밀키트,니뽕내뽕,밀키트,0
[올림푸스] 그리스 그릭 요거트 150g 2종 (택1),유제품,요거트,DAIRY,요거트,올림푸스,요거트,0
[달롤] 글루텐프리 쌀카스테라 2종 (택1),간식류,빵류,BAKERY,쌀카스테라,달롤,카스텔라,0
"해표 더 고소한자반 김돌자반, 300g, 1개 25%9,980원 7,480원 (10g당 249원) 내일(일) 도착 보장 5 (56) 최대 374원 적립",상온식품,김/자반,DRIED_SEAFOOD,김자반,해표,김자반,0
"고급진 캐나다산 삼겹살 수육보쌈용 (냉장), 1개, 1kg 16,260원 (100g당 1,626원) 내일(일) 새벽 도착 보장 4.5 (7800) 최대 813원 적립",육류/계란,돼지고기,RAW_MEAT,삼겹살,,삼겹살,0
[고래사] 어묵탕 한그릇 200g (2개입),간편식,밀키트,RTC_MEAL,밀키트,고래사,밀키트,0
[자연실록] 동물복지 닭갈비 3종 400g (냉장),간편식,밀키트,RTC_MEAL,밀키트,자연실록,밀키트,0
"[컨디션] 컨디션 스틱 18g x 10포 (그린애플, 자두, 망고, 컨디션) 4종 (택1)",간식류,초콜릿/사탕,SNACK,젤리,컨디션,젤리,0
[하선정] 쌈무(와사비)350g,간편식,반찬류,SIMPLE_PROCESSED,쌈무,하선정,단무지,0
"다조은 당도선별 신고 배, 1kg(대, 2입), 1팩 7,990원 (100g당 799원) 내일(일) 새벽 도착 보장 4.5 (8240) 최대 400원 적립",과일/견과류,과일,RAW_FRUIT,배,다조은,배,0
[CJ] 행복한콩 고소한 촌두부 300g,채소/곡물류,콩/두부,SIMPLE_PROCESSED,두부,CJ,두부,0
"백설 갈색설탕, 3kg, 1개 6%8,380원 7,860원 (100g당 262원) 내일(일) 도착 보장 5 (69379) 최대 393원 적립",조미료,조미료,SAUCE_SEASONING,설탕,백설,설탕,0
[알마자라스] 알마올리바 유기농 엑스트라버진 500mL,조미료,식용유/기름,SAUCE_SEASONING,올리브오일,알마자라스,올리브오일,0
[메종엠오] 앙 휘낭시에 30g,간식류,빵류,BAKERY,휘낭시에,메종엠오,기타 빵류,0
"양반 쇠고기죽, 287.5g, 2개 37%5,200원 3,230원 (100g당 562원) 내일(일) 새벽 도착 보장 5 (1759) 최대 161원 적립",간편식,레트로트,RTC_MEAL,레트로트,양반죽,레트로트,0
"국내산 깐마늘, 80g, 2개 3,390원 (100g당 2,119원) 내일(일) 새벽 도착 보장 5 (98636) 최대 170원 적립",채소/곡물류,채소,RAW_PRODUCE,마늘,,마늘,0
[슈퍼키친] 더블치즈함박스테이크,간편식,레트로트,RTC_MEAL,레트로트,슈퍼키친,레트로트,0
[스마일찬] 도라지초무침,간편식,반찬류,SIMPLE_PROCESSED,도라지초무침,스마일찬,기타 반찬류,0
[감코리아] 각양각색 소용량 햇곶감 3종 (택1),간식류,디저트/케이크,BAKERY,곶감,감코리아,곶감,0
[동원] Dole 파인애플 439g,간식류,디저트/케이크,BAKERY,과일캔,동원,기타 디저트/케이크,0
[라빈리커픽업] 일라이저 크레이그 스몰배치 + 증정잔 1P (위스키),술,기타 주류,ALCOHOL,위스키,헤븐 힐 디스틸러리,위스키,0
[빙그레] 요구르트 (280mL X 4개),유제품,요거트,DAIRY,요구르트,빙그레,요구르트,0
[선물세트] 포천이동갈비 한입 LA갈비 세트 2kg,간편식,밀키트,RTC_MEAL,밀키트,포천이동갈비,밀키트,0
[CU 픽업] 주라21년,술,기타 주류,ALCOHOL,위스키,주라,위스키,0
[진가네반찬] 동그랑땡,간편식,반찬류,SIMPLE_PROCESSED,동그랑땡,진가네반찬,기타 반찬류,0
[톰볼라] 쉬림프 바질 크림 파스타,간편식,레트로트,RTC_MEAL,레트로트,톰볼라,레트로트,0
[스마일찬] 잘라놓은 진미채볶음 200g (대용량),간편식,반찬류,SIMPLE_PROCESSED,진미채 볶음,스마일찬,기타 반찬류,0
[립톤] 밀크티 2종 (19g X 10개입) (택1),조미료,가루분말,SAUCE_SEASONING,밀크티 분말,립톤,기타 가루분말,0
"두루웰 2025년 햅쌀 GAP 인증 철원 오대쌀 백미, 2kg, 1개, 상등급 8%10,900원 9,980원 (100g당 499원) 내일(일) 도착 보장 4.5 (15643) 최대 499원 적립",채소/곡물류,쌀/잡곡,GRAIN,쌀,두루웰,쌀,0
[삼진어묵] 종합어묵탕 (순한맛+매운맛),간편식,밀키트,RTC_MEAL,밀키트,삼진어묵,밀키트,0
"첵스초코 오곡으로 만든 마시멜로 시리얼, 400g, 1개 23%6,880원 5,270원 (100g당 1,318원) 내일(일) 새벽 도착 보장 5 (5976) 최대 264원 적립",상온식품,시리얼,GRAIN,시리얼,켈로그,시리얼,0
[클뤼젤] 태블릿 초콜릿 5종,간식류,초콜릿/사탕,SNACK,초콜릿,클뤼젤,초콜릿,0
"도드람한돈 1등급 등심 카레용 (냉장), 300g, 2개 13,230원 (100g당 2,205원) 내일(일) 새벽 도착 보장 5 (17399) 최대 661원 적립",육류/계란,돼지고기,RAW_MEAT,돼지 등심,도드람한돈,돼지 등심,0
[락티브] 베베&키즈 아연 면역젤리 (30일분),간식류,초콜릿/사탕,SNACK,젤리,락티브,젤리,0
"호주산 소고기 국거리용 (냉장), 300g, 2개 15%19,980원 16,850원 (100g당 2,808원) 내일(일) 새벽 도착 보장 4.5 (10136) 최대 843원 적립",육류/계란,소고기,RAW_MEAT,국거리용 소고기,,기타 소고기,0
"고소한 글루텐프리 100% 구운 아몬드 가루 비건 베이킹 분말 파우더, 1개 14%22,000원 18,900원 (100g당 1,890원) 내일(일) 도착 보장 5 (632) 최대 945원 적립",과일/견과류,견과류,RAW_FRUIT,아몬드,,아몬드,0
"동원 미니 돈까스 (냉동), 900g, 2개 21%17,960원 14,150원 (100g당 786원) 내일(일) 새벽 도착 보장 5 (12090) 최대 708원 적립",간편식,냉동식품,FROZEN_MEAL,냉동 돈까스,동원,냉동 돈까스,0
"씻어나온 귀리쌀, 1.2kg, 1통 4,180원 (100g당 348원) 내일(일) 새벽 도착 보장 5 (14866) 최대 209원 적립",채소/곡물류,쌀/잡곡,GRAIN,쌀,,쌀,0
"바다몰 자연산 아르헨티나 붉은새우 이지필 (냉동), 300g(특대), 2개 20,830원 (100g당 3,472원) 내일(일) 새벽 도착 보장 5 (3566) 최대 1,041원 적립",수산물,새우/게,RAW_SEAFOOD,새우,바다몰,새우,0
"Dole 칠레산 아보카도, 1개, 1kg 10,900원 (100g당 1,090원) 내일(일) 새벽 도착 보장 4.5 (120) 최대 545원 적립",과일/견과류,과일,RAW_FRUIT,아보카도,Dole,아보카도,0
"CRYSTAL 생수 무라벨, 500ml, 40개 9,350원 (100ml당 47원) 내일(일) 도착 보장 5 (31977) 최대 458원 적립",음료,생수,BEVERAGE,생수,CRYSTAL,생수,0
[해찬들] 저당 초고추장 280g,조미료,양념/소스,SAUCE_SEASONING,초고추장,해찬들,초고추장,0
[KF365] 1+등급 무항생제 대란 30구 (15구*2ea),육류/계란,계란,RAW_MEAT,계란,KF365,계란,0
[서울우유] A2 플러스 우유 1.7L,유제품,우유/두유,DAIRY,우유,서울우유,우유,0
"만나다 페루산 씨없는 청포도, 1개, 600g 7,350원 (100g당 1,225원) 내일(일) 새벽 도착 보장 4.5 (16) 최대 368원 적립",과일/견과류,과일,RAW_FRUIT,청포도,만나다,포도,0
[비움반찬] 들깨 연근 샐러드,간편식,반찬류,SIMPLE_PROCESSED,연근 샐러드,비움반찬,기타 반찬류,0
[칠갑농산] 떡볶이용 밀떡 1kg,간식류,떡,SNACK,밀떡,칠갑농산,떡,0
[ardo] 냉동 브로콜리 믹스 2종,채소/곡물류,채소,RAW_PRODUCE,브로콜리,ardo,브로콜리,0
[천호엔케어] 블루베리 프리미엄 30팩,음료,주스,BEVERAGE,블루베리 주스,천호엔케어,기타 주스,0
[온하루] 잣 멸치볶음,간편식,반찬류,SIMPLE_PROCESSED,멸치볶음,온하루,기타 반찬류,0
"하루한콩 튀기지 않아 담백한 구운 파바빈 군옥수수맛, 15g, 22개 13%14,900원 12,900원 (100g당 3,909원) 내일(일) 도착 보장 4.5 (89) 최대 645원 적립",과일/견과류,견과류,RAW_FRUIT,파바빈,하루한콩,기타 견과류,0
[제주 성이시돌목장] 유기농 우유 750mL,유제품,우유/두유,DAIRY,우유,제주 성이시돌목장,우유,0
"곰곰 부여 알밤, 1.5kg, 1팩 14,980원 (100g당 999원) 내일(일) 새벽 도착 보장 4.5 (10100) 최대 749원 적립",과일/견과류,견과류,RAW_FRUIT,밤,곰곰,밤,0
"곰곰 간편한 손질 새우살 35미~50미(냉동), 300g, 1개 22%8,990원 6,990원 (100g당 2,330원) 내일(일) 새벽 도착 보장 5 (9352) 최대 350원 적립",수산물,새우/게,RAW_SEAFOOD,새우,곰곰,새우,0
"오뚜기옛날 구수한 끓여먹는 누룽지, 900g, 1개 13%10,800원 9,370원 (100g당 1,041원) 내일(일) 도착 보장 4.5 (69210) 최대 469원 적립",간식류,과자/스낵,SNACK,누룽지,오뚜기,누룽지,0
"대구농산 불릴필요없는 귀리쌀, 2kg, 1개 44%8,900원 4,980원 (100g당 249원) 내일(일) 도착 보장 4.5 (1425) 최대 249원 적립",채소/곡물류,쌀/잡곡,GRAIN,쌀,대구농산,쌀,0
[풀무원] 지구식단 찰곤약 떡볶이,간편식,밀키트,RTC_MEAL,밀키트,풀무원,밀키트,0
통밤빵 생지 (80g X 5개입),간식류,빵류,BAKERY,생지,,기타 빵류,0
[산코제과] 일본 콩 과자 2종 (택1),간식류,과자/스낵,SNACK,곡물 과자,산코제과,기타 과자/스낵,0
"첵스초코 오곡으로 만든 마시멜로 시리얼, 400g, 1개 23%6,880원 5,270원 (100g당 1,318원) 내일(일) 도착 보장 5 (35149) 최대 264원 적립",상온식품,시리얼,GRAIN,시리얼,켈로그,시리얼,0
"룩트 아이슬란딕 요거트 띠크, 100g, 3개 11,700원 (10g당 390원) 내일(일) 새벽 도착 보장 5 (8826) 최대 585원 적립",유제품,요거트,DAIRY,요거트,룩트,요거트,0
[Dole] 유기농 바나나 500g,과일/견과류,과일,RAW_FRUIT,바나나,Dole,바나나,0
"해남고구마 해남에서 만든 반시 고구마, 60g, 10개 쿠폰할인3%22,700원 21,850원 (100g당 3,642원) 내일(일) 도착 보장 4.5 (8704) 최대 1,093원 적립",채소/곡물류,채소,RAW_PRODUCE,고구마,,고구마,0
[라메르풀라르] 프랑스 전통쿠키 2종 (택1),간식류,과자/스낵,SNACK,쿠키,라메르풀라르,쿠키,0
[KF365] 무항생제 특란 40구 (20구*2ea),육류/계란,계란,RAW_MEAT,계란,KF365,계란,0
[에머이] 매운 소고기 쌀국수,간편식,레트로트,RTC_MEAL,레트로트,에머이,레트로트,0
[푸디버디] 부드러운 유기농 쌀밥 3입,간편식,즉석밥,INSTANT,즉석밥,푸디버디,즉석밥,0
"계란의정원 킹단백 구운계란 1260g, 1개, 30구 12,900원 (1구당 430원) 내일(일) 새벽 도착 보장 4.5 (2539) 최대 645원 적립",육류/계란,계란,RAW_MEAT,구운란,계란의정원,구운란,0
"맥심 화이트골드 커피믹스, 11.7g, 50개입, 1개 8,790원 (10g당 150원) 내일(일) 새벽 도착 보장 5 (1660) 최대 440원 적립",음료,커피/차,BEVERAGE,커피믹스,맥심,커피믹스,0
[삼양목장] 유기농우유 1000mL,유제품,우유/두유,DAIRY,우유,삼양목장,우유,0
[사리원] 왕만두전골,간편식,밀키트,RTC_MEAL,밀키트,사리원,밀키트,0
"파스퇴르 바른목장 소화가 잘되는 우유, 200ml, 20개 20,010원 (100ml당 500원) 내일(일) 도착 보장 5 (4673) 최대 1,000원 적립",유제품,우유/두유,DAIRY,락토프리 우유,파스퇴르,락토프리 우유,0
"스위티오 파인애플 특, 1500g, 1개 6,540원 (100g당 436원) 내일(일) 새벽 도착 보장 4.5 (5245) 최대 327원 적립",과일/견과류,과일,RAW_FRUIT,파인애플,스위티오,파인애플,0
[창억] 구름떡 3종 (택1),간식류,떡,SNACK,구름떡,창억,떡,0
"버터링 딥초코, 155g, 1개 14%4,400원 3,760원 (10g당 243원) 내일(일) 새벽 도착 보장 5 (1465) 최대 169원 적립",간식류,과자/스낵,SNACK,버터링,해태,비스킷,0
"원농산 당도선별 배, 3kg(4~6입), 1박스 17,990원 (100g당 600원) 내일(일) 새벽 도착 보장 4.5 (24297) 최대 900원 적립",과일/견과류,과일,RAW_FRUIT,배,원농산,배,0
[크루드] 유기농 엑스트라 버진 올리브오일 500mL,조미료,식용유/기름,SAUCE_SEASONING,올리브오일,크루드,올리브오일,0
[선물세트] 르까도드마비 그랑 쇼콜라 (16개입),간식류,초콜릿/사탕,SNACK,초콜릿,르까도드마비,초콜릿,0
"[KF365] 완도 전복 11~15마리 500g (소, 생물)",수산물,조개/전복,RAW_SEAFOOD,전복,KF365,전복,0
[마요라] 커피조이 351g (39g X 9개입),간식류,과자/스낵,SNACK,커피 과자,마요라,기타 과자/스낵,0
[롯데웰푸드] 위즐 660mL 3종 (택1),간식류,디저트/케이크,BAKERY,아이스크림,롯데,아이스크림,0
"아임피쉬 가시바른 두툼한 순살 갈치 (냉동), 600g, 1개 5%17,900원 16,980원 (100g당 2,830원) 1,000원 와우 가입 쿠폰 내일(일) 새벽 도착 보장 4.5 (453) 최대 714원 적립",수산물,생선,RAW_SEAFOOD,갈치,아임피쉬,갈치,0
[제로베이커리] 와플 코코넛 (48g X 2개입),간식류,디저트/케이크,BAKERY,와플,제로베이커리,와플,0
[남양] 불가리스 락토프리 요거트 플레인 (85g X 8개),유제품,요거트,DAIRY,요거트,남양,요거트,0
[PPUL] 1++(9) 한우 광양식 불고기 (냉장),간편식,밀키트,RTC_MEAL,밀키트,PPUL,밀키트,0
[김정환홍삼] 사과나무아래 달콤홍삼 (어린이용),미등록 카테고리,기타,UNKNOWN,기타,김정환홍삼,기타,0
[바오담] 올리브 정과 140g,간식류,디저트/케이크,BAKERY,정과,바오담,약과,0
[맑은물에] 연천콩 콩물 100% 특급콩 2종,채소/곡물류,콩/두부,SIMPLE_PROCESSED,콩물,맑은물에,기타 콩/두부,0
"곰곰 뒷다리살 불고기용 (냉장), 1000g, 1개 12,250원 (100g당 1,225원) 내일(일) 새벽 도착 보장 4.5 (16495) 최대 613원 적립",육류/계란,돼지고기,RAW_MEAT,뒷다리살,곰곰,뒷다리살,0
[또보겠지떡볶이집] 떡볶이 1봉/2봉 (맵기선택),간편식,밀키트,RTC_MEAL,밀키트,또보겠지떡볶이집,밀키트,0
[풀무원] 상큼유자 꼬들무 장아찌 220g,간편식,반찬류,SIMPLE_PROCESSED,무 장아찌,풀무원,장아찌,0
[광천김] 핑크퐁 키즈김자반 40g,상온식품,김/자반,DRIED_SEAFOOD,김자반,광천김,김자반,0
[겐츠베이커리] 쿠키 6종 세트 800g,간식류,과자/스낵,SNACK,쿠키,겐츠베이커리,쿠키,0
"매일유업 소화가 잘되는 우유 단백질, 930ml, 2개 8,000원 (100ml당 430원) 내일(일) 새벽 도착 보장 5 (12098) 최대 400원 적립",유제품,우유/두유,DAIRY,락토프리 우유,매일,락토프리 우유,0
[횡성축협한우] 1등급 한우 등심 200g,육류/계란,소고기,RAW_MEAT,소 등심,횡성축협한우,소 등심,0
"냉동 망고슬라이스 (냉동), 1개, 1kg 5,830원 (100g당 583원) 내일(일) 새벽 도착 보장 4.5 (674) 최대 291원 적립",과일/견과류,냉동과일,SIMPLE_PROCESSED,냉동 망고,,냉동 망고,0
[미락] 영광 법성포 참굴비 180g (2미) (냉동),수산물,멸치/건어물,DRIED_SEAFOOD,굴비,미락,굴비,0
[할리스] 스테비아 커피믹스 2종 (택1),음료,커피/차,BEVERAGE,커피믹스,할리스,커피믹스,0
"곰곰 화이트 체다치즈 슬라이스, 18g, 22개입, 1개 6,110원 (10g당 154원) 내일(일) 새벽 도착 보장 5 (5525) 최대 305원 적립",유제품,치즈,DAIRY,체다 치즈,곰곰 ,체다 치즈,0
"프리미엄 유기농 부추, 150g, 1개 4,310원 (100g당 2,873원) 내일(일) 새벽 도착 보장 5 (529) 최대 215원 적립",채소/곡물류,채소,RAW_PRODUCE,부추,,부추,0
"카누 더블샷 라떼 커피믹스 스틱, 13.5g, 50개입, 2개 35,600원 (10g당 264원) 내일(일) 도착 보장 5 (41605) 최대 1,780원 적립",음료,커피/차,BEVERAGE,커피믹스,카누 ,커피믹스,0
"비비고 도톰 동그랑땡 (냉동), 795g, 1개 1%9,480원 9,300원 (100g당 1,170원) 내일(일) 새벽 도착 보장 5 (44687) 최대 465원 적립",간편식,반찬류,SIMPLE_PROCESSED,동그랑땡,비비고,기타 반찬류,0
"환타 파인애플, 350ml, 24개 15,690원 (100ml당 187원) 내일(일) 도착 보장 5 (16172) 최대 785원 적립",음료,탄산음료,BEVERAGE,환타 파인애플,코카콜라,기타 탄산음료,0
"다조은 비파괴당도선별 샤인머스켓, 500g, 4팩 16,960원 (100g당 848원) 내일(일) 새벽 도착 보장 4.5 (32098) 최대 848원 적립",과일/견과류,과일,RAW_FRUIT,샤인머스켓,다조은,샤인머스켓,0
[칙뽈로] IQF 무뼈닭발 300g (냉동),간편식,밀키트,RTC_MEAL,밀키트,칙뽈로,밀키트,0
[KF365] 간편한 6가지 해물 모듬,간편식,냉동식품,FROZEN_MEAL,해물믹스,KF365,기타 냉동식품,0
[올드페리도넛] 페이보릿 도넛 4종 (2개입) (택1),간식류,디저트/케이크,BAKERY,도넛,올드페리도넛,도넛,0
[올가] 현미 모나카 3종 선물세트 (13g X 36개),간식류,디저트/케이크,BAKERY,모나카,올가,약과,0
[형제상회] 모둠회 스페셜(퀵배송/서울한정),수산물,생선,RAW_SEAFOOD,모둠회,형제상회,회 묶음,0
"해통령 디포리 해물 다시팩, 16g, 20개입, 1개 할인1%14,000원 13,730원 (10g당 429원) 내일(일) 새벽 도착 보장 5 (18178) 최대 650원 적립",조미료,조미료,SAUCE_SEASONING,다시팩,해통령,육수,0
[졸리팝] 막대사탕 125g,간식류,초콜릿/사탕,SNACK,사탕,졸리팝,사탕(캔디),0
[대한제일미] 시월미소미 쌀 4kg,채소/곡물류,쌀/잡곡,GRAIN,쌀,대한제일미,쌀,0
[하림] 참진 토종닭 볶음탕용 1kg (냉장),육류/계란,닭고기,RAW_MEAT,토종닭,하림,기타 닭고기,0
유기농 밀키퀸 쌀 2kg,채소/곡물류,쌀/잡곡,GRAIN,쌀,밀키퀸,쌀,0
"투데이넛 너트한줌 요거트, 14개 9,280원 (1세트당 663원) 내일(일) 도착 보장 5 (125803) 최대 464원 적립",과일/견과류,견과류,RAW_FRUIT,견과류,투데이넛,견과류,0
[킨더] 부에노 초콜릿바 3개입,간식류,초콜릿/사탕,SNACK,초콜릿,킨더,초콜릿,0
[기장물산] 비빔밥용 해초샐러드 2종 (택1),간편식,샐러드팩,RTC_MEAL,샐러드,기장물산,샐러드,0
[CJ] 습 맵찔이 실비김치 400g,간편식,반찬류,SIMPLE_PROCESSED,김치,CJ,배추김치,0
[와인앤모어픽업]코노수르 20배럴 까베르네소비뇽 ((와인)),술,와인,ALCOHOL,레드 와인,마이포 밸리,레드 와인,0
One-Frozen 노르웨이 고등어 3종 (냉동) (택1),수산물,생선,RAW_SEAFOOD,고등어,,회 묶음,0
[김구원선생] 서리태 두부 2개,채소/곡물류,콩/두부,SIMPLE_PROCESSED,두부,김구원선생,두부,0
"베트남산 흰다리새우살 (냉동), 2개, 200g(71 / 90) 7,520원 (100g당 1,880원) 내일(일) 새벽 도착 보장 5 (548) 최대 376원 적립",수산물,새우/게,RAW_SEAFOOD,새우,,새우,0
[달롤] 저당 글루텐프리 롤케이크 3종 (택1),간식류,디저트/케이크,BAKERY,롤케이크,달롤,롤케이크,0
[청담동 피양옥] 인기 평양냉면&만두&녹두전 3종 (택1),간편식,밀키트,RTC_MEAL,밀키트,청담동 피양옥,밀키트,0
[케오스] 아이리시 감자칩 베스트플레이버 2종 (택1),간식류,과자/스낵,SNACK,감자칩,케오스,감자칩,0
"그린너트 건포도, 300g, 1개 5,490원 (100g당 1,830원) 내일(일) 새벽 도착 보장 5 (2919) 최대 275원 적립",과일/견과류,과일,RAW_FRUIT,포도,그린너트,포도,0
[풀무원] 얄피꽉찬 생 물만두 X 3입,간편식,냉동식품,FROZEN_MEAL,만두,풀무원,냉동 만두,0
"튀김우동 110g, 6개 6,960원 (1개당 1,160원) 내일(일) 도착 보장 4.5 (13938) 최대 348원 적립",간편식,라면,INSTANT,튀김우동,오뚜기,우동/칼국수,0
[치즈문] 구워먹는 할루미 치즈 100g,유제품,치즈,DAIRY,치즈,치즈문,기타 치즈,0
"친환경 국내산 팽이버섯, 360g, 2개 2,010원 (100g당 279원) 내일(일) 새벽 도착 보장 5 (12740) 최대 100원 적립",채소/곡물류,버섯,RAW_PRODUCE,팽이버섯,,팽이버섯,0
"착한상점 구수하게 끓여먹는 솥뚜껑 누룽지, 500g, 1개 37%8,000원 4,990원 (100g당 998원) 내일(일) 새벽 도착 보장 4.5 (15766) 최대 250원 적립",간식류,과자/스낵,SNACK,누룽지,착한상점,누룽지,0
"캐나다드라이 진저에일 토닉, 250ml, 30개 15,770원 (100ml당 210원) 내일(일) 도착 보장 새 상품, 반품-미개봉 (68) 최저13,100원 5 (22040) 최대 789원 적립",음료,탄산음료,BEVERAGE,탄산수,캐나다드라이,탄산수,0
[진가네반찬] 닭가슴살 장조림,간편식,반찬류,SIMPLE_PROCESSED,장조림,진가네반찬,장조림,0
"네스카페수프리모 아메리카노 블랙 원두커피믹스 파우치, 180g, 1개 15,870원 (100g당 8,817원) 내일(일) 도착 보장 5 (23742) 최대 794원 적립",음료,커피/차,BEVERAGE,커피가루,네스카페수프리모,커피,0
[선물세트] 군산 이성당 초콜릿 랑그드샤 세트,간식류,과자/스낵,SNACK,쿠키,이성당,쿠키,0
"모아미트 캐나다산 보리먹인 항정살 (냉장), 600g, 1개 34%24,510원 16,080원 (100g당 2,680원) 내일(일) 새벽 도착 보장 5 (14716) 최대 804원 적립",육류/계란,돼지고기,RAW_MEAT,항정살,모아미트,항정살,0
"리지 현미유, 500ml, 2개 13,360원 (100ml당 1,336원) 내일(일) 도착 보장 5 (28036) 최대 668원 적립",조미료,식용유/기름,SAUCE_SEASONING,현미유,리지,현미유,0
"롯데웰푸드 구구 콘 아이스크림 (냉동), 160ml, 5개입, 1개 7,000원 (10ml당 88원) 내일(일) 새벽 도착 보장 5 (11252) 최대 350원 적립",간식류,디저트/케이크,BAKERY,아이스크림,롯데,아이스크림,0
[동원] 구운 김밥김 22g (10매),상온식품,김/자반,DRIED_SEAFOOD,김밥김,동원,김밥김,0
[KF365] 한돈 통 항정살 (수육용) 500g (냉장),육류/계란,돼지고기,RAW_MEAT,항정살,KF365,항정살,0
[제니쿠키] 마카다미아 코코아 크리스피 255g,간식류,과자/스낵,SNACK,쿠키,제니쿠키,쿠키,0
"수정김 광천 파래김, 4g, 16개, 1개입 6,590원 (10g당 1,030원) 내일(일) 새벽 도착 보장 5 (127) 최대 296원 적립",상온식품,김/자반,DRIED_SEAFOOD,김,수정김,김,0
[대천김] 미니도시락김 10봉,상온식품,김/자반,DRIED_SEAFOOD,김,대천김,김,0
"피그인더가든 콥 샐러드, 152g, 2개 8,710원 (100g당 2,865원) 내일(일) 새벽 도착 보장 4.5 (112) 최대 435원 적립",간편식,샐러드팩,RTC_MEAL,샐러드,피그인더가든,샐러드,0
"샘표 저당 제육볶음 양념, 440g, 1개 28%6,980원 4,980원 (100g당 1,132원) 내일(일) 도착 보장 4.5 (400) 최대 224원 적립",조미료,양념/소스,SAUCE_SEASONING,제육볶음 양념,샘표,기타 소스,0
"몽베스트 위드어스 무라벨 생수, 500ml, 80개 21,480원 (100ml당 54원) 내일(일) 도착 보장 5 (167582) 최대 1,074원 적립",음료,생수,BEVERAGE,생수,몽베스트,생수,0
[바오담] 피칸강정 130g,간식류,과자/스낵,SNACK,강정,바오담,강정/한과,0
[프레시메이드] 소고기 무국,간편식,레트로트,RTC_MEAL,레트로트,프레시메이드,레트로트,0
[정지선의 티엔미미] 새우완탕면,간편식,밀키트,RTC_MEAL,밀키트,정지선의 티엔미미,밀키트,0
"홍초 음용식초 석류, 1.5L, 1개 40%15,900원 9,490원 (10ml당 63원) 내일(일) 도착 보장 5 (87169) 최대 475원 적립",조미료,양념/소스,SAUCE_SEASONING,홍초,홍초,기타 소스,0
"해찬들 고기전용 쌈장, 450g, 2개 7,100원 (100g당 789원) 내일(일) 도착 보장 5 (28825) 최대 355원 적립",조미료,양념/소스,SAUCE_SEASONING,쌈장,해찬들,쌈장,0
[오니스트]트리플콜라겐 오렌지 28포,미등록 카테고리,기타,UNKNOWN,기타,오니스트,기타,0
[미자언니네] 전 6종 (택1),간편식,냉동식품,FROZEN_MEAL,전,미자언니네,기타 냉동식품,0
[RARE : 레어] 1++(8) 한우 오이스터 스테이크 300g,육류/계란,소고기,RAW_MEAT,부채살,RARE : 레어,부채살,0
[성경김] 독도에디션 재래 도시락김 4g X 16봉,상온식품,김/자반,DRIED_SEAFOOD,김,성경김,김,0
[이금선명인] 오징어 씨앗젓갈 180g (냉동),간편식,반찬류,SIMPLE_PROCESSED,오징어젓갈,이금선명인,오징어젓,0
[센터커피] No.7 스페셜티 커피 드립백 (10g X 7개),음료,커피/차,BEVERAGE,커피 드립백,센터커피,드립백,0
"살맛나요 껍질 벗긴 손질 새우살 특대 (냉장), 180g, 1개 7,890원 (100g당 4,383원) 내일(일) 새벽 도착 보장 5 (1699) 최대 395원 적립",수산물,새우/게,RAW_SEAFOOD,새우,살맛나요,새우,0
[린트] 린도르 초콜릿 3종 (택1),간식류,초콜릿/사탕,SNACK,초콜릿,린트,초콜릿,0
[헤이밀] 비건 만두 4종(택1),간편식,냉동식품,FROZEN_MEAL,만두,헤이밀,냉동 만두,0
"프리미엄 블루베리 (냉동), 1개, 1kg 6,940원 (100g당 694원) 내일(일) 새벽 도착 보장 4.5 (3777) 최대 347원 적립",과일/견과류,과일,RAW_FRUIT,블루베리,,블루베리,0
"카누 바리스타 머신 전용 캡슐커피 케어링스타 디카페인, 9.5g, 10개입, 2개 15%15,800원 13,300원 (10g당 700원) 내일(일) 도착 보장 5 (4376) 최대 665원 적립",음료,커피/차,BEVERAGE,커피캡슐,카누,커피캡슐,0
[청정원] 쉐프의치킨스톡 270g(튜브),조미료,조미료,SAUCE_SEASONING,치킨스톡,청정원,육수,0
[이목] 국내산 소고기 육전용 200g (냉동),육류/계란,소고기,RAW_MEAT,육전용 소고기,이목,기타 소고기,0
"백설 하얀설탕, 400g, 1개 1,880원 (100g당 470원) 내일(일) 새벽 도착 보장 5 (2672) 최대 94원 적립",조미료,조미료,SAUCE_SEASONING,설탕,백설,설탕,0
[백설] 유기농 갈색설탕 2종 (400g/1kg),조미료,조미료,SAUCE_SEASONING,흑설탕,백설,흑설탕,0
"리챔 오리지널 햄통조림, 200g, 4개 46%19,920원 10,640원 (10g당 133원) 내일(일) 새벽 도착 보장 5 (2987) 최대 532원 적립",상온식품,참치/스팸캔,CANNED,리챔,리챔,스팸,0
[바름팜] 간편하게 손질한 절단 배추 300g,채소/곡물류,채소,RAW_PRODUCE,배추,바름팜,배추,0
[보노] 스프 3개입 5종 (택1),간편식,밀키트,RTC_MEAL,밀키트,보노,밀키트,0
"곰곰 국내산 파김치, 1kg, 1개 27%21,390원 15,540원 (100g당 1,554원) 내일(일) 새벽 도착 보장 4.5 (17686) 최대 777원 적립",간편식,반찬류,SIMPLE_PROCESSED,파김치,곰곰,파김치,0
[한끼통살] 그릴드 닭가슴살 13종 (1입/4입),육류/계란,닭고기,RAW_MEAT,닭가슴살,한끼통살,닭가슴살,0
"베베스트 처음 먹는 아이 보리차, 30g, 3개 9,830원 내일(일) 도착 보장 4.5 (3788) 최대 491원 적립",음료,커피/차,BEVERAGE,보리차,베베스트,보리차,0
"지리산처럼 행복한 정은씨의 고소한 들깨가루, 150g, 1개 10,280원 (100g당 6,853원) 내일(일) 도착 보장 4.5 (7859) 최대 514원 적립",조미료,가루분말,SAUCE_SEASONING,들깨가루,지리산처럼,들깨가루,0
[허쉬] 다크초콜릿 석류 210g,간식류,초콜릿/사탕,SNACK,초콜릿,허쉬,초콜릿,0
"맥스봉 치즈 15p, 525g, 1개 30%8,480원 5,900원 (10g당 112원) 내일(일) 도착 보장 5 (8886) 최대 295원 적립",육류/계란,가공육(햄/소시지),PROCESSED_MEAT,소시지,맥스봉,소세지,0
[히말라야] 숙취해소 파티스마트 소프트 츄 망고맛 10개입,간식류,초콜릿/사탕,SNACK,젤리,히말라야,젤리,0
[남양] 맛있는두유GT 달콤한맛 (190mL X 24개),유제품,우유/두유,DAIRY,두유,남양유업,두유,0
[25-26 햇올리브][까사스 디 후알도] 피쿠알 엑스트라버진 500mL,조미료,식용유/기름,SAUCE_SEASONING,올리브오일,까사스 디 후알도,올리브오일,0
[비움반찬] 아삭우엉채볶음,간편식,반찬류,SIMPLE_PROCESSED,우엉채 볶음,비움반찬,기타 반찬류,0
[달래해장] 속 풀리는 우삼겹 소곱창전골,간편식,밀키트,RTC_MEAL,밀키트,달래해장,밀키트,0
[마더네스트] 프로폴리스 마누카허니 버터멘톨 로젠지 캔디 300g,간식류,초콜릿/사탕,SNACK,캔디,마더네스트,사탕(캔디),0
[오니스트] 트리플샤인 포도 가든 에디션 선물세트 2종 28포,간식류,초콜릿/사탕,SNACK,젤리,오니스트,젤리,0
[왕애밥상] 실비파김치,간편식,반찬류,SIMPLE_PROCESSED,파김치,왕애밥상,파김치,0
"[Non-GMO 100%] 비이츠 차전자피 가루 분말, 1개, 400g 할인52%20,900원 9,900원 (10g당 248원) 내일(일) 도착 보장 4.5 (244) 최대 495원 적립",조미료,가루분말,SAUCE_SEASONING,차전자피 분말,비이츠,기타 가루분말,0
"주스용 못난이 토마토, 5kg, 1박스 19,440원 (100g당 389원) 내일(일) 새벽 도착 보장 4.5 (11238) 최대 972원 적립",채소/곡물류,채소,RAW_PRODUCE,토마토,,토마토,0
그시절 즉석구이 김 15매,상온식품,김/자반,DRIED_SEAFOOD,김,다온식품,김,0
"서정옥의 느린부엌 느린 수정과, 1L, 2개 9,060원 (100ml당 453원) 내일(일) 새벽 도착 보장 5 (16054) 최대 453원 적립",음료,커피/차,BEVERAGE,수정과,서정옥의 느린부엌,기타 음료(차),0
"홍영의 붉은대게 백간장, 500ml, 1개 30%13,000원 8,990원 (100ml당 1,798원) 내일(일) 새벽 도착 보장 5 (1413) 최대 450원 적립",조미료,양념/소스,SAUCE_SEASONING,백간장,홍영의,국간장,0
[고메] 바삭탱글한 칠리새우,간편식,냉동식품,FROZEN_MEAL,칠리새우,고메,기타 냉동식품,0
"오바다 국내산 손질 오징어 4미 (냉동), 700g(4미), 1개 13%22,900원 19,900원 (100g당 2,843원) 내일(일) 새벽 도착 보장 4.5 (46066) 최대 925원 적립",수산물,오징어/문어,RAW_SEAFOOD,오징어,오바다,오징어,0
[가보팜스] 사양벌꿀 선물세트,조미료,양념/소스,SAUCE_SEASONING,꿀,가보팜스,꿀,0
[올반] 숙성 매콤한 춘천식닭갈비 180gx3팩,간편식,밀키트,RTC_MEAL,밀키트,올반,밀키트,0
[무화당] 생크림롤 (1개입),간식류,디저트/케이크,BAKERY,롤케이크,무화당,롤케이크,0
"담터 고구마라떼 분말, 18g, 40개입, 1개 13%15,800원 13,600원 (10g당 189원) 내일(일) 도착 보장 4.5 (7995) 최대 680원 적립",음료,커피/차,BEVERAGE,라떼 분말,담터,커피믹스,0
[선물세트] 황태 선물 세트 특호,수산물,멸치/건어물,DRIED_SEAFOOD,황태,,황태,0
"국내산 당근 채, 200g, 2팩 4,730원 (100g당 1,183원) 내일(일) 새벽 도착 보장 5 (10962) 최대 236원 적립",채소/곡물류,채소,RAW_PRODUCE,당근,,당근,0
[바른우유연구소] 바른 유기농 우유(오리지널) 900mL,유제품,우유/두유,DAIRY,우유,바른우유연구소,우유,0
[25-26 햇올리브] [꾸악] 블랙 로얄 엑스트라버진 500mL,조미료,식용유/기름,SAUCE_SEASONING,올리브오일,꾸악,올리브오일,0
[그래인스 쿠키] 콜렉션 (50개),간식류,과자/스낵,SNACK,쿠키,그래인스 쿠키,쿠키,0
[매일] 소화가 잘되는 우유 2종,유제품,우유/두유,DAIRY,락토프리 우유,매일,락토프리 우유,0
"유가원 유기농 호두, 200g, 1개 20,400원 (100g당 10,200원) 내일(일) 도착 보장 새 상품, 반품 (2) 4.5 (446) 최대 918원 적립",과일/견과류,견과류,RAW_FRUIT,호두,유가원,호두,0
[QBB] 와사비 스모크 치즈 50g,유제품,치즈,DAIRY,치즈,QBB,기타 치즈,0
"동원 자연산 꽁치 통조림, 400g, 1개 8%5,480원 5,000원 (10g당 125원) 내일(일) 새벽 도착 보장 새 상품, 반품-미개봉 (2) 최저4,750원 5 (5186) 최대 250원 적립",상온식품,참치/스팸캔,CANNED,꽁치캔,동원,꽁치캔,0
[안심촉촉] 골드 치킨텐더 800g,간편식,냉동식품,FROZEN_MEAL,치킨텐더,소호담,냉동 치킨,0
"[선물세트] 소호好담 완도 활전복  11~13마리 1kg (대, 생물)(예약일 수령)",수산물,조개/전복,RAW_SEAFOOD,전복,,전복,0
[Kurly's] 1++ 한우 불고기 250g (냉장),육류/계란,소고기,RAW_MEAT,불고기,Kurly's,불고기,0
"맑은물에 참좋은 국산 숙주나물, 500g, 1개 4,480원 (100g당 896원) 내일(일) 새벽 도착 보장 4.5 (28435) 최대 199원 적립",채소/곡물류,채소,RAW_PRODUCE,숙주나물,,숙주,0
"샹달프 딸기잼, 284g, 1개 7,040원 (100g당 2,479원) 내일(일) 새벽 도착 보장 5 (126) 최대 352원 적립",상온식품,잼/스프레드,SAUCE_SEASONING,딸기잼,샹달프,딸기잼,0
[마요라] 코피코 커피캔디 지퍼백 2종 (택1),간식류,초콜릿/사탕,SNACK,커피사탕,마요라,사탕(캔디),0
[백설] 요리올리고당 700g,조미료,양념/소스,SAUCE_SEASONING,올리고당,백설,올리고당,0
"비비고 소고기양지육수, 500g, 6개 55%20,880원 9,200원 (100g당 307원) 내일(일) 도착 보장 5 (4154) 최대 460원 적립",간편식,레트로트,RTC_MEAL,레트로트,비비고,레트로트,0
[태우한우] 1+ 한우 안심 스테이크 200g (냉장),육류/계란,소고기,RAW_MEAT,안심,태우한우,소 안심,0
[킹] 프리미엄 현미유 2종 (택1),조미료,식용유/기름,SAUCE_SEASONING,현미유,킹,현미유,0
[올가]  진한 프리미엄 참치액 220g,조미료,조미료,SAUCE_SEASONING,참치액,올가,액젓,0
"국내산 감자채, 500g, 1개 5,100원 (100g당 1,020원) 내일(일) 새벽 도착 보장 4.5 (5832) 최대 255원 적립",채소/곡물류,채소,RAW_PRODUCE,감자,,감자,0
[김규흔한과] 꿀약과 4종 (택1),간식류,디저트/케이크,BAKERY,약과,김규흔한과,약과,0
[먹쉬돈나] 부대떡볶이 3인분,간편식,밀키트,RTC_MEAL,밀키트,먹쉬돈나,밀키트,0
[우주] 강원도 건조 부드러운 황태채 100g,수산물,멸치/건어물,DRIED_SEAFOOD,황태,우주,황태,0
[Picard] 블랙트러플 매쉬드 포테이토,간편식,레트로트,RTC_MEAL,레트로트,Picard,레트로트,0
[배러] 그래놀라 프로틴볼 50g,상온식품,시리얼,GRAIN,그래놀라,배러,그래놀라,0
[6다이닝] 이베리코 대패 목살 400g(냉동),육류/계란,돼지고기,RAW_MEAT,목살,6다이닝,목살,0
"CJ제일제당 행복한콩 큰두부, 1kg, 2개 12%7,160원 6,270원 (100g당 314원) 내일(일) 새벽 도착 보장 5 (18542) 최대 314원 적립",채소/곡물류,콩/두부,SIMPLE_PROCESSED,두부,CJ제일제당,두부,0
[이디야] PET커피 500mL 6종 (택1),음료,커피/차,BEVERAGE,커피,이디야,커피,0
[널담] 아메리칸 쿠키 6개입 (100g x 6입),간식류,과자/스낵,SNACK,쿠키,널담,쿠키,0
[외계인방앗간] 블랙올리브 쌀빵 200g,간식류,빵류,BAKERY,쌀빵,외계인방앗간,기타 빵류,0
[하림 The미식] 소고기미역국 350g,간편식,레트로트,RTC_MEAL,레트로트,하림 The미식,레트로트,0
[한끼통살] 닭가슴살 스테이크 5종 (1팩/4팩) (택1),육류/계란,닭고기,RAW_MEAT,닭가슴살,한끼통살,닭가슴살,0
[청정원] 순창 고기전용 쌈장 3종 (택1),조미료,양념/소스,SAUCE_SEASONING,쌈장,청정원,쌈장,0
"웅진빅토리아 더 빅토리아 레몬, 500ml, 20개 쿠폰할인49%20,000원 10,120원 (100ml당 101원) 내일(일) 도착 보장 5 (82174) 최대 506원 적립",음료,탄산음료,BEVERAGE,탄산수,웅진식품,탄산수,0
[치즈문] 찍어먹는 치즈 딥 200g 2종 (택1),유제품,치즈,DAIRY,치즈,치즈문,기타 치즈,0
[바름팜] 친환경 손질한 잎몸 대파 200g,채소/곡물류,채소,RAW_PRODUCE,대파,바름팜,대파,0
[알마자라스] 링콘 델라 수베티카 유기농 엑스트라버진 세트 (250mlx2입),조미료,식용유/기름,SAUCE_SEASONING,올리브오일,알마자라스,올리브오일,0
"남양유업 불가리스 플레인 요거트, 1.8kg, 1개, 1개입 7,480원 (10g당 42원) 내일(일) 새벽 도착 보장 5 (5137) 최대 374원 적립",유제품,요거트,DAIRY,요거트,남양,요거트,0
[브레드가든] 동물 친구들 초콜릿 만들기 세트 130g,간식류,초콜릿/사탕,SNACK,초콜릿,브레드가든,초콜릿,0
"펩시 제로 슈거 라임향, 500ml, 20개 48%20,000원 10,310원 (100ml당 103원) 2/10(화) 도착 예정 새 상품, 박스 훼손 (62) 최저10,300원 5 (98195) 최대 515원 적립",음료,탄산음료,BEVERAGE,펩시 제로 라임,펩시,콜라,0
[본죽] 뼈없는 갈비찜,간편식,레트로트,RTC_MEAL,레트로트,본죽,레트로트,0
"비비고 소고기 미역국, 500g, 4개 46%23,920원 12,770원 (100g당 639원) 내일(일) 도착 보장 5 (45887) 최대 639원 적립",간편식,레트로트,RTC_MEAL,레트로트,비비고,레트로트,0
건 표고버섯 슬라이스 100g,채소/곡물류,버섯,RAW_PRODUCE,표고버섯,,표고버섯,0
[로다스] 클로티드 크림 2종 (택1),유제품,버터/생크림,DAIRY,클로티드 크림,로다스,생크림,0
[풀무원] 노엣지피자 코리안?BBQ,간편식,냉동식품,FROZEN_MEAL,피자,풀무원,냉동 피자,0
[집반찬연구소] 느타리버섯볶음,간편식,반찬류,SIMPLE_PROCESSED,느타리버섯 볶음,집반찬연구소,기타 반찬류,0
"친환경 저민마늘, 50g, 1개 2,990원 (100g당 5,980원) 내일(일) 새벽 도착 보장 5 (3247) 최대 150원 적립",채소/곡물류,채소,RAW_PRODUCE,마늘,,마늘,0
"국내산 손질브로콜리, 300g, 1개 5,070원 (100g당 1,690원) 내일(일) 새벽 도착 보장 4.5 (29002) 최대 254원 적립",채소/곡물류,채소,RAW_PRODUCE,브로콜리,,브로콜리,0
[도드람한돈] 안심 장조림용 500g (냉장),육류/계란,돼지고기,RAW_MEAT,돼지 안심,도드람한돈,돼지 안심,0
[종가] 총각김치5kg,간편식,반찬류,SIMPLE_PROCESSED,총각김치,종가,총각김치,0
[폴트] 프랑스 타르트 비스킷 2종,간식류,과자/스낵,SNACK,쿠키,폴트,쿠키,0
[KF365] 파프리카 2입,채소/곡물류,채소,RAW_PRODUCE,파프리카,KF365,파프리카,0
[하늘찬] 볶음 참깨 200g,채소/곡물류,쌀/잡곡,GRAIN,참깨,하늘찬,기타 잡곡,0
[팀밸] MCT오일 초콜릿 틴 2종 (택1),간식류,초콜릿/사탕,SNACK,초콜릿,팀밸,초콜릿,0
"목우촌 무항생제 인증 닭다리살 정육 (냉장), 400g, 2팩 18,570원 (100g당 2,321원) 1,150원 와우 가입 쿠폰 내일(일) 새벽 도착 보장 5 (2489) 최대 871원 적립",육류/계란,닭고기,RAW_MEAT,닭다리살,목우촌,닭다리살,0
"덴마크 유기가공식품 인증 짜지않은 아기치즈 2, 17g, 10개입, 1개 4,480원 (10g당 264원) 내일(일) 새벽 도착 보장 5 (953) 최대 224원 적립",유제품,치즈,DAIRY,치즈,덴마크,기타 치즈,0
유기농 밀키퀸 현미 2kg,채소/곡물류,쌀/잡곡,GRAIN,현미,초록마을,현미,0
[상하치즈] 유기농 어린이 고칼슘치즈 (10매입/20매입) (택1),유제품,치즈,DAIRY,치즈,상하치즈,기타 치즈,0
"스미후루 바나플 바나나, 350g, 1개 5,990원 (100g당 1,711원) 내일(일) 새벽 도착 보장 4 (362) 최대 300원 적립",과일/견과류,과일,RAW_FRUIT,바나나,스미후루,바나나,0
[정다운] 통바베큐치킨 600g,간편식,레트로트,RTC_MEAL,레트로트,정다운,레트로트,0
친환경 쌈배추 1/2통,채소/곡물류,채소,RAW_PRODUCE,배추,,배추,0
땅끝 해남 쌀 10kg,채소/곡물류,쌀/잡곡,GRAIN,쌀,,쌀,0
"곡물을 만나다 찹쌀, 1kg, 1개 14%6,980원 5,980원 (100g당 598원) 내일(일) 도착 보장 4.5 (14205) 최대 249원 적립",채소/곡물류,쌀/잡곡,GRAIN,찹쌀,곡물을 만나다,찹쌀,0
[전통주] 착한농부 밀담 (17도 360mL)  국산 단수수 3번 증류한 럼,술,기타 주류,ALCOHOL,럼,착한농부,럼,0
깐마늘 1kg,채소/곡물류,채소,RAW_PRODUCE,마늘,,마늘,0
[비바니] 유기농 다크 초콜릿 5종 (택1),간식류,초콜릿/사탕,SNACK,초콜릿,비바니,초콜릿,0
[도제식빵] 탕종 베이글 11종 (택1),간식류,빵류,BAKERY,베이글,도제식빵,베이글,0
[경복궁 BLACK] 양념 소 불고기 600g,간편식,밀키트,RTC_MEAL,밀키트,경복궁 BLACK,밀키트,0
[농협] 달콤바삭 쌀크룽지 (25g X 6개),간식류,과자/스낵,SNACK,크룽지,농협,누룽지,0
[대천김] 프리미엄 곱창 전장김 26g X 3봉,상온식품,김/자반,DRIED_SEAFOOD,김,대천김,김,0
[해찬들] 새콤달콤 초고추장 500g,조미료,양념/소스,SAUCE_SEASONING,초고추장,해찬들,초고추장,0
"양반 구운생김 곱창돌김 5매 x 3봉, 45g, 1개 27%8,980원 6,550원 (10g당 1,456원) 내일(일) 도착 보장 5 (1716) 최대 328원 적립",상온식품,김/자반,DRIED_SEAFOOD,김,양반,김,0
[CU 픽업] 소스보드카,술,기타 주류,ALCOHOL,보드카,겐삭 라 파뤼,보드카,0
[Dole] 해금 골드키위 1kg,과일/견과류,과일,RAW_FRUIT,키위,Dole,키위,0
[둥구나무] 시래기 된장국,간편식,레트로트,RTC_MEAL,레트로트,둥구나무,레트로트,0
"굿뜨래 은산 깐밤, 1kg, 1개 26,900원 (100g당 2,690원) 내일(일) 새벽 도착 보장 4.5 (4300) 최대 1,345원 적립",과일/견과류,견과류,RAW_FRUIT,밤,굿뜨래,밤,0
"마이노멀 딸기잼, 320g, 1개 39%16,500원 9,980원 (100g당 3,119원) 내일(일) 도착 보장 5 (12183) 최대 499원 적립",상온식품,잼/스프레드,SAUCE_SEASONING,딸기잼,마이노멀,딸기잼,0
"대흥물산 익혀서 먹는 굴 (냉장), 150g, 1개 할인1%5,090원 4,990원 (100g당 3,327원) 내일(일) 새벽 도착 보장 4.5 (607) 최대 250원 적립",수산물,조개/전복,RAW_SEAFOOD,굴,대흥물산,굴,0
[KF365] 명인 명란 2종 (택1),수산물,어란,RAW_SEAFOOD,명란,KF365,명란,0
[오뗄블랙라벨] 레트로 부대찌개 햄류 6종 골라담기,육류/계란,가공육(햄/소시지),PROCESSED_MEAT,햄,오뗄블랙라벨,햄,0
[정착육] 뉴질랜드산 크라운 프렌치랙 스테이크,육류/계란,양고기,RAW_MEAT,프렌치랙,정착육,프렌치랙,0
"설탕대신 알룰로스, 400g, 2개 39%19,960원 12,140원 (100g당 1,518원) 내일(일) 도착 보장 5 (10242) 최대 607원 적립",조미료,조미료,SAUCE_SEASONING,설탕,,설탕,0
"흙대파, 750g, 1개 2,790원 (100g당 372원) 내일(일) 새벽 도착 보장 4.5 (429214) 최대 140원 적립",채소/곡물류,채소,RAW_PRODUCE,대파,흙대파,대파,0
[VASAK] 김부각 지퍼백 6종 (택1),상온식품,김/자반,DRIED_SEAFOOD,김부각,VASAK,김부각,0
[KF365] 유기농 현미 2kg,채소/곡물류,쌀/잡곡,GRAIN,현미,KF365,현미,0
"국내산 사각썰기 양배추, 1kg, 1개 4,890원 (100g당 489원) 내일(일) 새벽 도착 보장 5 (17880) 최대 245원 적립",과일/견과류,과일,RAW_FRUIT,배,,배,0
[둥구나무] 시래기 된장국,간편식,레트로트,RTC_MEAL,레트로트,둥구나무,레트로트,0
"국내산 알배기, 1개입, 1개 2,990원 (1개당 2,990원) 내일(일) 새벽 도착 보장 4.5 (276702) 최대 150원 적립",과일/견과류,과일,RAW_FRUIT,배,,배,0
"마이노멀 딸기잼, 320g, 1개 39%16,500원 9,980원 (100g당 3,119원) 내일(일) 도착 보장 5 (12183) 최대 499원 적립",상온식품,잼/스프레드,SAUCE_SEASONING,딸기잼,마이노멀,딸기잼,0
"대흥물산 익혀서 먹는 굴 (냉장), 150g, 1개 할인1%5,090원 4,990원 (100g당 3,327원) 내일(일) 새벽 도착 보장 4.5 (607) 최대 250원 적립",수산물,조개/전복,RAW_SEAFOOD,굴,대흥물산,굴,0
[KF365] 명인 명란 2종 (택1),수산물,어란,RAW_SEAFOOD,명란,KF365,명란,0
[오뗄블랙라벨] 레트로 부대찌개 햄류 6종 골라담기,육류/계란,가공육(햄/소시지),PROCESSED_MEAT,햄,오뗄블랙라벨,햄,0
[정착육] 뉴질랜드산 크라운 프렌치랙 스테이크,육류/계란,양고기,RAW_MEAT,프렌치랙,정착육,프렌치랙,0
"설탕대신 알룰로스, 400g, 2개 39%19,960원 12,140원 (100g당 1,518원) 내일(일) 도착 보장 5 (10242) 최대 607원 적립",조미료,조미료,SAUCE_SEASONING,설탕,,설탕,0
"흙대파, 750g, 1개 2,790원 (100g당 372원) 내일(일) 새벽 도착 보장 4.5 (429214) 최대 140원 적립",채소/곡물류,채소,RAW_PRODUCE,대파,,대파,0
[VASAK] 김부각 지퍼백 6종 (택1),상온식품,김/자반,DRIED_SEAFOOD,김부각,VASAK,김부각,0
[KF365] 유기농 현미 2kg,채소/곡물류,쌀/잡곡,GRAIN,현미,KF365,현미,0
[한성] 프리미엄 김밥세트S 440g,간편식,밀키트,RTC_MEAL,밀키트,한성,밀키트,0
[디어패밀리] 마누카꿀 프로폴리스 캔디 300g,조미료,양념/소스,SAUCE_SEASONING,꿀,디어패밀리,꿀,0
[지리산처럼] 짜먹는 생 들기름 (10개입),조미료,식용유/기름,SAUCE_SEASONING,들기름,지리산처럼,들기름,0
"한양식품 꽃보다 오징어, 160g, 1개 25%20,900원 15,650원 (100g당 9,781원) 내일(일) 새벽 도착 보장 5 (59239) 최대 783원 적립",간식류,과자/스낵,SNACK,오징어 스낵,한양식품,스낵,0
"탐사 아쿠아 스파클링 레몬 무라벨, 6개, 500ml 37%5,400원 3,390원 (100ml당 113원) 내일(일) 새벽 도착 보장 5 (1019) 최대 170원 적립",음료,탄산음료,BEVERAGE,탄산수,탐사,탄산수,0
"일리 캡슐 커피 다크 1팩 캡슐커피, 18개입, 1개 37%19,900원 12,400원 (1개당 689원) 2/10(화) 도착 예정 5 (12503) 최대 620원 적립",음료,커피/차,BEVERAGE,커피캡슐,일리,커피캡슐,0
[콤비타] 퓨어 마누카꿀 블랙커런트 로젠지 6개입,기타,기타,UNKNOWN,기타,콤비타,기타,0
[청년제과] 말랑말랑 흑임자 꿀오랑 (26g X 10개),간식류,과자/스낵,SNACK,오란다,청년제과,강정/한과,0
[오트사이드] 초콜릿맛 귀리음료 1L,음료,주스,BEVERAGE,곡물 음료,오트사이드,기타 주스,0
무항생제 1등급 한돈 인기 구이용 3종 (택1),육류/계란,소고기,RAW_MEAT,모둠 소고기,,소고기 묶음,0
"엉클탁 바비달다 착한 현미, 2kg, 1개 42%13,900원 7,980원 (100g당 399원) 내일(일) 도착 보장 4.5 (2293) 최대 399원 적립",채소/곡물류,쌀/잡곡,GRAIN,현미,엉클탁,현미,0
"곰표 중력다목적용 밀가루, 1kg, 10개 14,690원 (1개당 1,469원) 내일(일) 도착 보장 새 상품, 반품-미개봉 (15) 최저12,290원 5 (78056) 최대 735원 적립",조미료,가루분말,SAUCE_SEASONING,밀가루,곰표,밀가루,0
"오뚜기 뉴슈가분말, 60g, 2개 5%1,040원 980원 (100g당 817원) 내일(일) 새벽 도착 보장 5 (2440) 최대 49원 적립",조미료,가루분말,SAUCE_SEASONING,슈가파우더,오뚜기,슈가파우더,0
"국내산 알배기, 1개입, 1개 2,990원 (1개당 2,990원) 내일(일) 새벽 도착 보장 4.5 (276716) 최대 150원 적립",채소/곡물류,채소,RAW_PRODUCE,배추,,배추,0
"건국유업 딸기가 우유에 반했다쿠, 900ml, 2개 4,480원 (100ml당 249원) 내일(일) 새벽 도착 보장 5 (23102) 최대 224원 적립",유제품,우유/두유,DAIRY,딸기우유,건국유업,가공우유,0
"국내산 알배기, 1개입, 2개 5,800원 (1개당 2,900원) 내일(일) 새벽 도착 보장 4.5 (276702) 최대 290원 적립",채소/곡물류,채소,RAW_PRODUCE,배추,,배추,0
[서울우유] 신선함이 살아있는 목장 딸기 요거트 750mL,유제품,요거트,DAIRY,요거트,서울우유,요거트,0
[미자언니네] 바싹 견과멸치볶음,간편식,반찬류,SIMPLE_PROCESSED,멸치볶음,미자언니네,기타 반찬류,0
[둥구나무] 지리멸치볶음,간편식,반찬류,SIMPLE_PROCESSED,멸치볶음,둥구나무,기타 반찬류,0
"곰곰 국산 찹쌀가루, 500g, 1개 21%5,570원 4,390원 (100g당 878원) 내일(일) 도착 보장 5 (2019) 최대 220원 적립",조미료,가루분말,SAUCE_SEASONING,찹쌀가루,곰곰,찹쌀가루,0
"국내산 알배기, 1개입, 2개 5,800원 (1개당 2,900원) 내일(일) 새벽 도착 보장 4.5 (276716) 최대 290원 적립",채소/곡물류,채소,RAW_PRODUCE,배추,,배추,0
"풀무원 국산 숙주, 260g, 2봉 4,170원 (100g당 802원) 내일(일) 새벽 도착 보장 5 (75316) 최대 209원 적립",채소/곡물류,채소,RAW_PRODUCE,숙주나물,풀무원,숙주,0
"리틀스푼 엄마까투리 쫀득고구마 10p, 200g, 1개 20%20,000원 15,900원 (100g당 7,950원) 내일(일) 도착 보장 5 (1094) 최대 795원 적립",채소/곡물류,채소,RAW_PRODUCE,고구마,리틀스푼,고구마,0
"곰곰 국내산 쌀가루, 1kg, 1개 21%7,000원 5,480원 (100g당 548원) 내일(일) 도착 보장 4.5 (2349) 최대 274원 적립",조미료,가루분말,SAUCE_SEASONING,쌀가루,곰곰,쌀가루,0
"매일두유 고단백 플레인 두유, 190ml, 24개 쿠폰할인42%31,200원 17,950원 (100ml당 394원) 내일(일) 도착 보장 5 (78012) 최대 898원 적립",유제품,우유/두유,DAIRY,두유,매일,두유,0
[덕화명란] 프리미엄명란 200g,수산물,어란,RAW_SEAFOOD,명란,덕화명란,명란,0
"친환경 포기상추, 250g, 1개 4,400원 (100g당 1,760원) 내일(일) 새벽 도착 보장 4.5 (2533) 최대 220원 적립",채소/곡물류,채소,RAW_PRODUCE,상추,,상추,0
[CU 픽업] 디카이퍼버터스카치,술,기타 주류,ALCOHOL,리큐르,디카이퍼,리큐르,0
[삼삼물산] 남해안 개조개 500g,수산물,조개/전복,RAW_SEAFOOD,개조개,삼삼물산,기타 조개류,0
"Prime Field 유기농 쌀 백미, 1kg, 1개, 상 30%9,980원 6,980원 (100g당 698원) 내일(일) 도착 보장 5 (2054) 최대 324원 적립",채소/곡물류,쌀/잡곡,GRAIN,쌀,Prime Field,쌀,0
"국산 반건조 민어 (냉동), 2팩, 230g 15,800원 (100g당 3,435원) 내일(일) 새벽 도착 보장 4.5 (546) 최대 710원 적립",수산물,생선,RAW_SEAFOOD,민어,,민어,0
"동서 보리차, 10g, 30개입, 4개 9,920원 (10g당 83원) 내일(일) 도착 보장 5 (86113) 최대 496원 적립",음료,커피/차,BEVERAGE,보리차,동서,보리차,0
[디나닥스] 디나닥스 에너지 10입,기타,기타,UNKNOWN,기타,디나닥스,기타,0
"목우촌 허브갈릭 훈제오리 슬라이스, 210g, 4개",육류/계란,오리고기,RAW_MEAT,훈제오리,목우촌,훈제오리,0
"싱싱연구소 무항생제 1등급 유황오리 생 오리고기 오리로스(냉장), 1kg, 1개",육류/계란,오리고기,RAW_MEAT,생 오리고기,싱싱연구소,생 오리고기,0
"팜스제임 [무항생제] 생 오리 통 가슴살 (냉장) 오리고기 다이어트 식단 저칼로리 고기 스테이크, 1개, 500g",육류/계란,오리고기,RAW_MEAT,오리 가슴살,팜스제임,오리 가슴살,0
[창억] 호박인절미 (50g X 10개입),간식류,떡,SNACK,인절미,창억,인절미,0
[경기떡집] 이티떡 2종 (30g X 10개),간식류,떡,SNACK,이티떡,경기떡집,기타 떡,0
[창억] 찰떡 5종 (택1),간식류,떡,SNACK,찰떡,창억,찹쌀떡,0
[조선마켓] 조선향미 유기농 떡 2종 (택1),간식류,떡,SNACK,떡,조선마켓,떡,0
[면사랑] 우리쌀 떡국떡 1kg,간식류,떡,SNACK,떡국떡,면사랑,떡국떡,0
[칠갑농산] 우리쌀 떡국떡 800g,간식류,떡,SNACK,떡국떡,칠갑농산,떡국떡,0
[릿치스밀] 버터떡 (25g X 6개),간식류,떡,SNACK,버터떡,랏치스밀,기타 떡,0
인기 떡국떡 2종 (택1),간식류,떡,SNACK,떡국떡,,떡국떡,0
[청년떡집] 저당 절편 2종 (택1),간식류,떡,SNACK,절편,청년떡집,절편,0
[김미떡] 흑임자 가래떡 480g,간식류,떡,SNACK,가래떡,김미떡,가래떡,0
[칠갑농산] 떡볶이용 밀떡 1kg,간식류,떡,SNACK,밀떡,칠갑농산,떡,0
[창억] 설기 3종 (택1),간식류,떡,SNACK,설기,창억,백설기,0
[풀무원] 치즈 떡볶이떡,간식류,떡,SNACK,치즈떡,풀무원,떡,0
[아리울떡공방] 굳지않는 모듬 꿀떡 350g,간식류,떡,SNACK,꿀떡,아리울떡공방,꿀떡,0
[경기떡집] 이티찹쌀떡 (50g X 8개),간식류,떡,SNACK,찹쌀떡,경기떡집,찹쌀떡,0
[창억] 구름떡 3종 (택1),간식류,떡,SNACK,구름떡,창억,떡,0
[마음이가] 모듬 바람떡 350g,간식류,떡,SNACK,바람떡,마음이가,기타 떡,0
[쌀집아줌마] 통통 블루밍 꽃떡 400g,간식류,떡,SNACK,꽃떡,쌀집아줌마,기타 떡,0
[김미떡] 나이스투미츄 매콤치즈떡 400g,간식류,떡,SNACK,치즈떡,김미떡,떡,0
[농협] 우리쌀 조랭이떡 400g,간식류,떡,SNACK,조랭이떡,농협,조랭이떡,0
[칠갑농산] 누들 떡볶이용 밀떡 360g,간식류,떡,SNACK,밀떡,칠갑농산,떡,0
[해아람] 봄 시즌 한정 햇쑥과 밤을 넣어 만든 쑥버무리 250g,간식류,떡,SNACK,쑥버무리,해아람,기타 떡,0
[온기루] 완두 팥시루떡 (70g x 6개),간식류,떡,SNACK,팥시루떡,온기루,시루떡,0
[스윗밸런스] 오늘의 샐러드 10종 (택1),간편식,샐러드팩,RTC_MEAL,샐러드,스윗밸런스,샐러드,0
[카페아모제] 저당 포케 샐러드 5종 (택1),간편식,샐러드팩,RTC_MEAL,포케 샐러드,카페아모제,포케,0
[저스트그린] 데일리 샐러드 4종,간편식,샐러드팩,RTC_MEAL,샐러드,저스트그린,샐러드,0
[Kurly's] 샌드위치용 달걀듬뿍 샐러드 500g,간편식,샐러드팩,RTC_MEAL,에그 샐러드,Kurly's,샐러드,0
[샐러드판다] 그레인 볼 샐러드 4종 (택1),간편식,샐러드팩,RTC_MEAL,볼 샐러드,샐러드판다,샐러드,0
[피그인더가든] 시그니처 보울 샐러드 6종 (택1),간편식,샐러드팩,RTC_MEAL,볼 샐러드,피그인더가든,샐러드,0
[스윗밸런스] 데워먹는 온샐러드 4종 (택1),간편식,샐러드팩,RTC_MEAL,온샐러드,스윗밸런스,샐러드,0
[샐러드판다] 슬로우 샐러드 4종 (택1),간편식,샐러드팩,RTC_MEAL,슬로우 샐러드,샐러드판다,샐러드,0
[Kurly's] 샌드위치용 달걀 참치 샐러드 500g,간편식,샐러드팩,RTC_MEAL,달걀 참치 샐러드,Kurly's,샐러드,0
[바름팜] 사과&루꼴라 샐러드 150g,간편식,샐러드팩,RTC_MEAL,샐러드,바름팜,샐러드,0
양배추 샐러드 300g,간편식,샐러드팩,RTC_MEAL,양배추 샐러드,,샐러드,0
[샐러드판다] 판다의 카프레제 샐러드,간편식,샐러드팩,RTC_MEAL,카프레제,샐러드판다,샐러드,0
[쉐이크 포케] 포케 샐러드 3종,간편식,샐러드팩,RTC_MEAL,포케 샐러드,쉐이크 포케,포케,0
[비움반찬] 천사채 샐러드,간편식,샐러드팩,RTC_MEAL,천사채 샐러드,비움반찬,샐러드,0
[피그인더가든] 에그마요 스쿱샐러드 400g,간편식,샐러드팩,RTC_MEAL,에그마요 샐러드,피그인더가든,샐러드,0
[콜린스 다이닝] 후무스 샐러드 2종,간편식,샐러드팩,RTC_MEAL,후무스 샐러드,콜린스 다이닝,샐러드,0
[집반찬연구소] 저당 양파 마요 닭가슴살 샐러드,간편식,샐러드팩,RTC_MEAL,닭가슴살 샐러드,집반찬연구소,샐러드,0
[오뚜기] 오뚜기밥 잡곡 3종,간편식,즉석밥,INSTANT,즉석밥 잡곡,오뚜기,즉석밥,0
[동원] 양반100밥 현미밥 130g＊24입,간편식,즉석밥,INSTANT,즉석밥 현미,동원,즉석밥,0
[햇반] 잡곡밥 130G ＊ 6입,간편식,즉석밥,INSTANT,즉석밥 잡곡,햇반,즉석밥,0
[미자언니네] 연잎밥,간편식,즉석밥,INSTANT,연잎밥,미자언니네,즉석밥,0
[오뚜기]오뚜기밥 210G＊6개입,간편식,즉석밥,INSTANT,즉석밥,오뚜기,즉석밥,0
[오뚜기] 오뚜기밥 큰밥 (300gX4),간편식,즉석밥,INSTANT,즉석밥 큰밥,오뚜기,즉석밥,0
[햇반] 백미밥 210g＊24입 (2박스),간편식,즉석밥,INSTANT,즉석밥,햇반,즉석밥,0
[햇반] 백미밥 210G ＊ 12입,간편식,즉석밥,INSTANT,즉석밥,햇반,즉석밥,0
[햇반] 솥반 9종,간편식,즉석밥,INSTANT,즉석 솥밥,햇반,즉석밥,0
[햇반] 컵반 국밥 시리즈 5종,간편식,즉석밥,INSTANT,즉석 컵밥,햇반,즉석 컵밥,0
[햇반] 컵반 비빔밥 시리즈 3종 (택1),간편식,즉석밥,INSTANT,즉석 컵밥,햇반,즉석 컵밥,0
[햇반] 컵반 덮밥 시리즈 10종,간편식,즉석밥,INSTANT,즉석 컵밥,햇반,즉석 컵밥,0
[오뚜기]컵밥_톡톡김치알밥(즉석국),간편식,즉석밥,INSTANT,즉석 컵밥,오뚜기,즉석 컵밥,0
[오뚜기]컵밥_전주식돌솥비빔밥(즉석국),간편식,즉석밥,INSTANT,즉석 컵밥,오뚜기,즉석 컵밥,0
[오뚜기]컵밥_참기름김치볶음밥(즉석국),간편식,즉석밥,INSTANT,즉석 컵밥,오뚜기,즉석 컵밥,0
[햇반] 흑미밥 210g (8입),간편식,즉석밥,INSTANT,즉석밥 흑미,햇반,즉석밥,0
[햇반] 매일 찰잡곡밥 210g (8입),간편식,즉석밥,INSTANT,즉석밥 잡곡,햇반,즉석밥,0
[햇반] 발아현미밥 210g＊36입,간편식,즉석밥,INSTANT,즉석밥 현미,햇반,즉석밥,0
[햇반] 라이스플랜 렌틸콩퀴노아곤약밥 150g＊3입,간편식,즉석밥,INSTANT,즉석밥 곤약,햇반,즉석밥,0
[오뚜기] 오뚜기밥 잡곡 3종,간편식,즉석밥,INSTANT,즉석밥 잡곡,오뚜기,즉석밥,0
[오뚜기]가뿐한끼 곤약밥 130g＊18개입 2종,간편식,즉석밥,INSTANT,즉석밥 곤약,오뚜기,즉석밥,0
[오뚜기] 오뚜기밥,간편식,즉석밥,INSTANT,즉석밥,오뚜기,즉석밥,0
[햇반] 햇반 큰밥 (8입),간편식,즉석밥,INSTANT,즉석밥 큰밥,햇반,즉석밥,0
냉동 아보카도 500g (페루산) 2종,과일/견과류,냉동과일,SIMPLE_PROCESSED,냉동 아보카도,,냉동 아보카도,0
냉동 애플망고 1kg,과일/견과류,냉동과일,SIMPLE_PROCESSED,냉동 애플망고,,기타 냉동과일,0
유명산지 국산 냉동 딸기 1kg,과일/견과류,냉동과일,SIMPLE_PROCESSED,냉동 딸기,,냉동 딸기,0
냉동 망고 1kg,과일/견과류,냉동과일,SIMPLE_PROCESSED,냉동 망고,,냉동 망고,0
[자연원] 냉동 블루베리 바나나 믹스 (600g),과일/견과류,냉동과일,SIMPLE_PROCESSED,냉동 과일믹스,,냉동 과일믹스,0
냉동 트리플 베리 1kg,과일/견과류,냉동과일,SIMPLE_PROCESSED,냉동 과일믹스,,냉동 과일믹스,0
냉동 골드키위 1kg (국내산),과일/견과류,냉동과일,SIMPLE_PROCESSED,냉동 골드키위,,기타 냉동과일,0
냉동 파이브베리 믹스 (500g),과일/견과류,냉동과일,SIMPLE_PROCESSED,냉동 과일믹스,,냉동 과일믹스,0
냉동 복숭아 700g?,과일/견과류,냉동과일,SIMPLE_PROCESSED,냉동 복숭아,,기타 냉동과일,0
[자연원] 망고 듬뿍 냉동 아망파 믹스,과일/견과류,냉동과일,SIMPLE_PROCESSED,냉동 과일믹스,,냉동 과일믹스,0
냉동 무화과 500g,과일/견과류,냉동과일,SIMPLE_PROCESSED,냉동 무화과,,기타 냉동과일,0
냉동 석류 1kg,과일/견과류,냉동과일,SIMPLE_PROCESSED,냉동 석류,,기타 냉동과일,0
[네니아] 아이스 홍시 240g (60g X 4개),과일/견과류,냉동과일,SIMPLE_PROCESSED,냉동 홍시,,기타 냉동과일,0
냉동 한라봉 1kg (국내산),과일/견과류,냉동과일,SIMPLE_PROCESSED,냉동 한라봉,,기타 냉동과일,0
냉동 라임 슬라이스 600g (200gX3봉)?,과일/견과류,냉동과일,SIMPLE_PROCESSED,냉동 라임,,기타 냉동과일,0
냉동 오디 300g (국산),과일/견과류,냉동과일,SIMPLE_PROCESSED,냉동 오디,,기타 냉동과일,0
냉동 오렌지 슬라이스 500g,과일/견과류,냉동과일,SIMPLE_PROCESSED,냉동 오렌지,,기타 냉동과일,0
냉동 허니 블루베리 500g,과일/견과류,냉동과일,SIMPLE_PROCESSED,냉동 블루베리,,냉동 블루베리,0
냉동 라즈베리 500g,과일/견과류,냉동과일,SIMPLE_PROCESSED,냉동 라즈베리,,기타 냉동과일,0
[대용량] 완두콩 300g,채소/곡물류,콩/두부,SIMPLE_PROCESSED,,,콩,1
"농심 강낭콩 5,500원 택1",채소/곡물류,콩/두부,SIMPLE_PROCESSED,,,콩,1
"매일 백태, 3입",채소/곡물류,콩/두부,SIMPLE_PROCESSED,,,콩,1
서리태 1봉 쿠폰할인,채소/곡물류,콩/두부,SIMPLE_PROCESSED,,,콩,1
[롯데] 완두콩 1L 새벽배송,채소/곡물류,콩/두부,SIMPLE_PROCESSED,,,콩,1
"농심 강낭콩 500ml, 2,500원",채소/곡물류,콩/두부,SIMPLE_PROCESSED,,,콩,1
"풀무원 백태 9,900원 (100g당 1,955원) 2+1",채소/곡물류,콩/두부,SIMPLE_PROCESSED,,,콩,1
"오뚜기 서리태 500ml, 12,900원",채소/곡물류,콩/두부,SIMPLE_PROCESSED,,,콩,1
"[대상] 완두콩, 6개입",채소/곡물류,콩/두부,SIMPLE_PROCESSED,,,콩,1
"[빙그레] 사각유부 20입 1,980원, 행사상품",채소/곡물류,콩/두부,SIMPLE_PROCESSED,,,유부,1
"초밥용 유부 1봉 5,500원",채소/곡물류,콩/두부,SIMPLE_PROCESSED,,,유부,1
[무료배송] 유부주머니,채소/곡물류,콩/두부,SIMPLE_PROCESSED,,,유부,1
사각유부 200g,채소/곡물류,콩/두부,SIMPLE_PROCESSED,,,유부,1
"[농심] 초밥용 유부 1,980원 새벽배송",채소/곡물류,콩/두부,SIMPLE_PROCESSED,,,유부,1
"[롯데] 유부주머니 1kg 3,910원",채소/곡물류,콩/두부,SIMPLE_PROCESSED,,,유부,1
[곰곰] 사각유부 150ml,채소/곡물류,콩/두부,SIMPLE_PROCESSED,,,유부,1
"곰곰 초밥용 유부 400g 9,900원 (100g당 1,955원)",채소/곡물류,콩/두부,SIMPLE_PROCESSED,,,유부,1
"[1+1] 유부주머니 400g 1,980원, 무료배송",채소/곡물류,콩/두부,SIMPLE_PROCESSED,,,유부,1
피코크 사각유부 20입,채소/곡물류,콩/두부,SIMPLE_PROCESSED,,,유부,1
"[무료배송] 초밥용 유부 1L 5,500원 오늘출발",채소/곡물류,콩/두부,SIMPLE_PROCESSED,,,유부,1
찌개용 연두부 낱개,채소/곡물류,콩/두부,SIMPLE_PROCESSED,,,연두부,1
"곰곰 연두부 500ml 29,800원",채소/곡물류,콩/두부,SIMPLE_PROCESSED,,,연두부,1
"[무료배송] 풀무원 연두부 500ml 19,900원",채소/곡물류,콩/두부,SIMPLE_PROCESSED,,,연두부,1
찌개용 연두부 1kg,채소/곡물류,콩/두부,SIMPLE_PROCESSED,,,연두부,1
연두부 250g 새벽배송,채소/곡물류,콩/두부,SIMPLE_PROCESSED,,,연두부,1
"노브랜드 풀무원 연두부 200g 9,900원 (100g당 1,955원)",채소/곡물류,콩/두부,SIMPLE_PROCESSED,,,연두부,1
농심 찌개용 연두부 200g,채소/곡물류,콩/두부,SIMPLE_PROCESSED,,,연두부,1
"연두부 300g 9,900원 (100g당 1,955원), 택1",채소/곡물류,콩/두부,SIMPLE_PROCESSED,,,연두부,1
오뚜기 풀무원 연두부 1kg,채소/곡물류,콩/두부,SIMPLE_PROCESSED,,,연두부,1
[오뚜기] 찌개용 연두부 100g,채소/곡물류,콩/두부,SIMPLE_PROCESSED,,,연두부,1
연두부 100g,채소/곡물류,콩/두부,SIMPLE_PROCESSED,,,연두부,1
[해태] 풀무원 연두부 1+1,채소/곡물류,콩/두부,SIMPLE_PROCESSED,,,연두부,1
롯데 찌개용 연두부 1L 2+1,채소/곡물류,콩/두부,SIMPLE_PROCESSED,,,연두부,1
"농심 연두부 5,500원, 2+1",채소/곡물류,콩/두부,SIMPLE_PROCESSED,,,연두부,1
포두부 150ml,채소/곡물류,콩/두부,SIMPLE_PROCESSED,,,포두부,1
두부면 포두부 3입,채소/곡물류,콩/두부,SIMPLE_PROCESSED,,,포두부,1
"동원 포두부 200g 29,800원, 당일발송",채소/곡물류,콩/두부,SIMPLE_PROCESSED,,,포두부,1
"[행사] 두부면 포두부 낱개 19,900원 HACCP",채소/곡물류,콩/두부,SIMPLE_PROCESSED,,,포두부,1
"[프레시지] 포두부 500ml, 최대 195원 적립",채소/곡물류,콩/두부,SIMPLE_PROCESSED,,,포두부,1
[노브랜드] 두부면 포두부 12개,채소/곡물류,콩/두부,SIMPLE_PROCESSED,,,포두부,1
"오뚜기 포두부 낱개, 1,980원",채소/곡물류,콩/두부,SIMPLE_PROCESSED,,,포두부,1
[프레시지] 두부면 포두부 6개입,채소/곡물류,콩/두부,SIMPLE_PROCESSED,,,포두부,1
[곰곰] 포두부 1L,채소/곡물류,콩/두부,SIMPLE_PROCESSED,,,포두부,1
"[매일] 두부면 포두부 1kg, 2,500원",채소/곡물류,콩/두부,SIMPLE_PROCESSED,,,포두부,1
풀무원 포두부 2+1,채소/곡물류,콩/두부,SIMPLE_PROCESSED,,,포두부,1
"[국내산] 두부면 포두부 250g 12,900원 무료배송",채소/곡물류,콩/두부,SIMPLE_PROCESSED,,,포두부,1
노브랜드 포두부 330ml,채소/곡물류,콩/두부,SIMPLE_PROCESSED,,,포두부,1
"CJ 두부면 포두부 300g, 행사상품",채소/곡물류,콩/두부,SIMPLE_PROCESSED,,,포두부,1
두부면 400g 행사상품,채소/곡물류,콩/두부,SIMPLE_PROCESSED,,,기타 콩/두부,1
풀무원 콩비지 330ml,채소/곡물류,콩/두부,SIMPLE_PROCESSED,,,기타 콩/두부,1
[곰곰] 두부스킨(유바) 250g,채소/곡물류,콩/두부,SIMPLE_PROCESSED,,,기타 콩/두부,1
[행사] 흑임자두부 300g,채소/곡물류,콩/두부,SIMPLE_PROCESSED,,,기타 콩/두부,1
프레시지 검은콩두부 330ml 1+1,채소/곡물류,콩/두부,SIMPLE_PROCESSED,,,기타 콩/두부,1
"연두부 10개입 9,900원 (100g당 1,955원)",채소/곡물류,콩/두부,SIMPLE_PROCESSED,,,기타 콩/두부,1
[1+1] 두유포두부 500g 무료배송,채소/곡물류,콩/두부,SIMPLE_PROCESSED,,,기타 콩/두부,1
[국내산] 낫토 500ml,채소/곡물류,콩/두부,SIMPLE_PROCESSED,,,기타 콩/두부,1
"[1+1] 손두부 300g 2,500원",채소/곡물류,콩/두부,SIMPLE_PROCESSED,,,기타 콩/두부,1
"[피코크] 두부면 2kg 29,800원 새벽배송",채소/곡물류,콩/두부,SIMPLE_PROCESSED,,,기타 콩/두부,1
[무료배송] 콩비지,채소/곡물류,콩/두부,SIMPLE_PROCESSED,,,기타 콩/두부,1
"[CJ] 두부스킨(유바) 330ml 19,900원",채소/곡물류,콩/두부,SIMPLE_PROCESSED,,,기타 콩/두부,1
"흑임자두부 400g, 3,910원",채소/곡물류,콩/두부,SIMPLE_PROCESSED,,,기타 콩/두부,1
"[농심] 검은콩두부 250g 2,500원, 온라인전용",채소/곡물류,콩/두부,SIMPLE_PROCESSED,,,기타 콩/두부,1
매일 팽이버섯 100g 택1,채소/곡물류,버섯,RAW_PRODUCE,,,팽이버섯,1
[CJ] 국산 팽이버섯,채소/곡물류,버섯,RAW_PRODUCE,,,팽이버섯,1
오뚜기 팽이버섯 2팩,채소/곡물류,버섯,RAW_PRODUCE,,,팽이버섯,1
[농심] 국산 팽이버섯 250g,채소/곡물류,버섯,RAW_PRODUCE,,,팽이버섯,1
[노브랜드] 팽이버섯 6개입 새벽배송,채소/곡물류,버섯,RAW_PRODUCE,,,팽이버섯,1
"프레시지 국산 팽이버섯 1봉 5,500원 산지직송",채소/곡물류,버섯,RAW_PRODUCE,,,팽이버섯,1
[매일] 팽이버섯 200g 산지직송,채소/곡물류,버섯,RAW_PRODUCE,,,팽이버섯,1
"[행사] 국산 팽이버섯 20입 3,910원",채소/곡물류,버섯,RAW_PRODUCE,,,팽이버섯,1
"[곰곰] 팽이버섯 1kg, 택1",채소/곡물류,버섯,RAW_PRODUCE,,,팽이버섯,1
"[오뚜기] 국산 팽이버섯 20입 3,910원",채소/곡물류,버섯,RAW_PRODUCE,,,팽이버섯,1
롯데 팽이버섯,채소/곡물류,버섯,RAW_PRODUCE,,,팽이버섯,1
롯데 건표고버섯 낱개,채소/곡물류,버섯,RAW_PRODUCE,,,표고버섯,1
"CJ 생표고버섯 2kg 2,500원",채소/곡물류,버섯,RAW_PRODUCE,,,표고버섯,1
롯데 표고채 2+1,채소/곡물류,버섯,RAW_PRODUCE,,,표고버섯,1
[오뚜기] 건표고버섯 12개,채소/곡물류,버섯,RAW_PRODUCE,,,표고버섯,1
농심 생표고버섯 1L 쿠폰할인,채소/곡물류,버섯,RAW_PRODUCE,,,표고버섯,1
[무료배송] 표고채 2+1,채소/곡물류,버섯,RAW_PRODUCE,,,표고버섯,1
건표고버섯 330ml,채소/곡물류,버섯,RAW_PRODUCE,,,표고버섯,1
"[행사] 생표고버섯, 2팩",채소/곡물류,버섯,RAW_PRODUCE,,,표고버섯,1
[국내산] 표고채,채소/곡물류,버섯,RAW_PRODUCE,,,표고버섯,1
[CJ] 건표고버섯 150ml,채소/곡물류,버섯,RAW_PRODUCE,,,표고버섯,1
오뚜기 생표고버섯 10개입,채소/곡물류,버섯,RAW_PRODUCE,,,표고버섯,1
동원 표고채 1kg,채소/곡물류,버섯,RAW_PRODUCE,,,표고버섯,1
"[오뚜기] 건표고버섯, 5,500원",채소/곡물류,버섯,RAW_PRODUCE,,,표고버섯,1
"동원 국산 느타리 1L 29,800원 행사상품",채소/곡물류,버섯,RAW_PRODUCE,,,느타리버섯,1
"곰곰 느타리버섯 100g 29,800원",채소/곡물류,버섯,RAW_PRODUCE,,,느타리버섯,1
[농심] 국산 느타리 1L,채소/곡물류,버섯,RAW_PRODUCE,,,느타리버섯,1
"[노브랜드] 느타리버섯 20입 29,800원",채소/곡물류,버섯,RAW_PRODUCE,,,느타리버섯,1
[피코크] 국산 느타리 330ml 행사상품,채소/곡물류,버섯,RAW_PRODUCE,,,느타리버섯,1
[국내산] 느타리버섯 1+1,채소/곡물류,버섯,RAW_PRODUCE,,,느타리버섯,1
"[노브랜드] 국산 느타리, 행사상품",채소/곡물류,버섯,RAW_PRODUCE,,,느타리버섯,1
"곰곰 느타리버섯 20입 12,900원",채소/곡물류,버섯,RAW_PRODUCE,,,느타리버섯,1
"국산 느타리 12,900원 당일발송",채소/곡물류,버섯,RAW_PRODUCE,,,느타리버섯,1
[CJ] 느타리버섯,채소/곡물류,버섯,RAW_PRODUCE,,,느타리버섯,1
"빙그레 국산 느타리, 500g",채소/곡물류,버섯,RAW_PRODUCE,,,느타리버섯,1
해태 느타리버섯 100g 무료배송,채소/곡물류,버섯,RAW_PRODUCE,,,느타리버섯,1
"국산 느타리 3입 5,500원",채소/곡물류,버섯,RAW_PRODUCE,,,느타리버섯,1
"[동원] 양송이버섯 500ml 5,500원 HACCP",채소/곡물류,버섯,RAW_PRODUCE,,,양송이버섯,1
[매일] 슬라이스 양송이 박스,채소/곡물류,버섯,RAW_PRODUCE,,,양송이버섯,1
"매일 양송이버섯, 3입",채소/곡물류,버섯,RAW_PRODUCE,,,양송이버섯,1
[무료배송] 슬라이스 양송이 330ml,채소/곡물류,버섯,RAW_PRODUCE,,,양송이버섯,1
"[풀무원] 양송이버섯 1kg 12,900원",채소/곡물류,버섯,RAW_PRODUCE,,,양송이버섯,1
"노브랜드 슬라이스 양송이 3입 29,800원",채소/곡물류,버섯,RAW_PRODUCE,,,양송이버섯,1
"[오뚜기] 양송이버섯 낱개, 쿠폰할인",채소/곡물류,버섯,RAW_PRODUCE,,,양송이버섯,1
매일 슬라이스 양송이 500g,채소/곡물류,버섯,RAW_PRODUCE,,,양송이버섯,1
"[1+1] 양송이버섯 250g, 9,900원 (100g당 1,955원)",채소/곡물류,버섯,RAW_PRODUCE,,,양송이버섯,1
"슬라이스 양송이 20입, 29,800원",채소/곡물류,버섯,RAW_PRODUCE,,,양송이버섯,1
"풀무원 양송이버섯 12개 12,900원",채소/곡물류,버섯,RAW_PRODUCE,,,양송이버섯,1
[곰곰] 슬라이스 양송이 2팩,채소/곡물류,버섯,RAW_PRODUCE,,,양송이버섯,1
[행사] 양송이버섯 20입,채소/곡물류,버섯,RAW_PRODUCE,,,양송이버섯,1
[곰곰] 슬라이스 양송이,채소/곡물류,버섯,RAW_PRODUCE,,,양송이버섯,1
"새송이버섯 500ml, 온라인전용",채소/곡물류,버섯,RAW_PRODUCE,,,새송이버섯,1
피코크 국산 새송이 500ml,채소/곡물류,버섯,RAW_PRODUCE,,,새송이버섯,1
곰곰 새송이버섯,채소/곡물류,버섯,RAW_PRODUCE,,,새송이버섯,1
[빙그레] 국산 새송이 250g,채소/곡물류,버섯,RAW_PRODUCE,,,새송이버섯,1
[곰곰] 새송이버섯 2팩,채소/곡물류,버섯,RAW_PRODUCE,,,새송이버섯,1
노브랜드 국산 새송이 3입 2+1,채소/곡물류,버섯,RAW_PRODUCE,,,새송이버섯,1
CJ 새송이버섯 3입 쿠폰할인,채소/곡물류,버섯,RAW_PRODUCE,,,새송이버섯,1
"농심 국산 새송이 1봉, 2,500원",채소/곡물류,버섯,RAW_PRODUCE,,,새송이버섯,1
"오뚜기 새송이버섯 2팩 12,900원",채소/곡물류,버섯,RAW_PRODUCE,,,새송이버섯,1
[롯데] 국산 새송이 6개입,채소/곡물류,버섯,RAW_PRODUCE,,,새송이버섯,1
[1+1] 새송이버섯 1.5L 쿠폰할인,채소/곡물류,버섯,RAW_PRODUCE,,,새송이버섯,1
매일 국산 새송이 2팩,채소/곡물류,버섯,RAW_PRODUCE,,,새송이버섯,1
"새송이버섯 1.5L 9,900원 (100g당 1,955원)",채소/곡물류,버섯,RAW_PRODUCE,,,새송이버섯,1
[대용량] 국산 새송이 1L,채소/곡물류,버섯,RAW_PRODUCE,,,새송이버섯,1
[국내산] 새송이버섯 1.5L,채소/곡물류,버섯,RAW_PRODUCE,,,새송이버섯,1
[무료배송] 국산 새송이 300g,채소/곡물류,버섯,RAW_PRODUCE,,,새송이버섯,1
"피코크 송이버섯 29,800원 산지직송",채소/곡물류,버섯,RAW_PRODUCE,,,송이버섯,1
"[CJ] 양양 송이 400g 29,800원",채소/곡물류,버섯,RAW_PRODUCE,,,송이버섯,1
"동원 자연산 송이 10개입 3,910원",채소/곡물류,버섯,RAW_PRODUCE,,,송이버섯,1
풀무원 송이버섯,채소/곡물류,버섯,RAW_PRODUCE,,,송이버섯,1
피코크 양양 송이,채소/곡물류,버섯,RAW_PRODUCE,,,송이버섯,1
[행사] 자연산 송이 낱개,채소/곡물류,버섯,RAW_PRODUCE,,,송이버섯,1
[해태] 송이버섯,채소/곡물류,버섯,RAW_PRODUCE,,,송이버섯,1
"[피코크] 양양 송이 3입 5,500원, 온라인전용",채소/곡물류,버섯,RAW_PRODUCE,,,송이버섯,1
"빙그레 자연산 송이 2kg, 새벽배송",채소/곡물류,버섯,RAW_PRODUCE,,,송이버섯,1
"[무료배송] 송이버섯, 2kg",채소/곡물류,버섯,RAW_PRODUCE,,,송이버섯,1
풀무원 양양 송이 1봉,채소/곡물류,버섯,RAW_PRODUCE,,,송이버섯,1
"[해태] 자연산 송이 200g, 당일발송",채소/곡물류,버섯,RAW_PRODUCE,,,송이버섯,1
[대상] 송이버섯 10개입 HACCP,채소/곡물류,버섯,RAW_PRODUCE,,,송이버섯,1
"[매일] 양양 송이 1L, 2+1",채소/곡물류,버섯,RAW_PRODUCE,,,송이버섯,1
"매일 자연산 송이 박스, 1+1",채소/곡물류,버섯,RAW_PRODUCE,,,송이버섯,1
매일 송이버섯 1kg 행사상품,채소/곡물류,버섯,RAW_PRODUCE,,,송이버섯,1
[대용량] 표고버섯 슬라이스 1L,채소/곡물류,버섯,RAW_PRODUCE,,,기타 버섯,1
오뚜기 만가닥버섯 12개 오늘출발,채소/곡물류,버섯,RAW_PRODUCE,,,기타 버섯,1
[매일] 백만송이버섯 2kg,채소/곡물류,버섯,RAW_PRODUCE,,,기타 버섯,1
롯데 석이버섯 1L,채소/곡물류,버섯,RAW_PRODUCE,,,기타 버섯,1
[동원] 노루궁뎅이버섯 500ml 택1,채소/곡물류,버섯,RAW_PRODUCE,,,기타 버섯,1
CJ 능이버섯 200g,채소/곡물류,버섯,RAW_PRODUCE,,,기타 버섯,1
꽃송이버섯 1kg,채소/곡물류,버섯,RAW_PRODUCE,,,기타 버섯,1
곰곰 아위버섯 1.5L,채소/곡물류,버섯,RAW_PRODUCE,,,기타 버섯,1
롯데 건표고버섯,채소/곡물류,버섯,RAW_PRODUCE,,,기타 버섯,1
"롯데 표고버섯 슬라이스 1,980원",채소/곡물류,버섯,RAW_PRODUCE,,,기타 버섯,1
"[오뚜기] 만가닥버섯 10개입 1,980원 HACCP",채소/곡물류,버섯,RAW_PRODUCE,,,기타 버섯,1
"대상 백만송이버섯 1kg 2,500원",채소/곡물류,버섯,RAW_PRODUCE,,,기타 버섯,1
[대용량] 석이버섯 2팩,채소/곡물류,버섯,RAW_PRODUCE,,,기타 버섯,1
"[동원] 노루궁뎅이버섯, 10개입",채소/곡물류,버섯,RAW_PRODUCE,,,기타 버섯,1
[CJ] 펜네,채소/곡물류,면류,GRAIN,,,파스타면,1
[풀무원] 우동사리,채소/곡물류,면류,GRAIN,,,우동면,1
"CJ 생우동면 10개입 3,910원",채소/곡물류,면류,GRAIN,,,우동면,1
[대용량] 우동사리 2팩 HACCP,채소/곡물류,면류,GRAIN,,,우동면,1
"롯데 생우동면 1.5L 5,500원",채소/곡물류,면류,GRAIN,,,우동면,1
"[곰곰] 우동사리 150ml, 최대 195원 적립",채소/곡물류,면류,GRAIN,,,우동면,1
"[1+1] 생우동면 3입, 오늘출발",채소/곡물류,면류,GRAIN,,,우동면,1
"노브랜드 우동사리 박스 5,500원",채소/곡물류,면류,GRAIN,,,우동면,1
"[롯데] 생우동면 20입, 오늘출발",채소/곡물류,면류,GRAIN,,,우동면,1
"[무료배송] 우동사리 100g, 산지직송",채소/곡물류,면류,GRAIN,,,우동면,1
"[농심] 소면 500ml 19,900원 무료배송",채소/곡물류,면류,GRAIN,,,소면,1
"[롯데] 세면 2팩 9,900원 (100g당 1,955원)",채소/곡물류,면류,GRAIN,,,소면,1
"[국내산] 소면 330ml 3,910원, 오늘출발",채소/곡물류,면류,GRAIN,,,소면,1
"곰곰 세면 10개입, 오늘출발",채소/곡물류,면류,GRAIN,,,소면,1
매일 소면 2kg,채소/곡물류,면류,GRAIN,,,소면,1
"[국내산] 세면 400g, 1+1",채소/곡물류,면류,GRAIN,,,소면,1
"[대상] 소면 1.5L, 2+1",채소/곡물류,면류,GRAIN,,,소면,1
"롯데 세면 10개입, 당일발송",채소/곡물류,면류,GRAIN,,,소면,1
"대상 소면, 100g",채소/곡물류,면류,GRAIN,,,소면,1
"대상 쌀국수면 330ml, 쿠폰할인",채소/곡물류,면류,GRAIN,,,쌀국수면,1
"[대용량] 분짜면 2팩, 쿠폰할인",채소/곡물류,면류,GRAIN,,,쌀국수면,1
노브랜드 팟타이면 낱개 산지직송,채소/곡물류,면류,GRAIN,,,쌀국수면,1
"[대용량] 쌀국수면 200g 1,980원",채소/곡물류,면류,GRAIN,,,쌀국수면,1
"[대용량] 분짜면, 20입",채소/곡물류,면류,GRAIN,,,쌀국수면,1
"오뚜기 팟타이면 1L 1,980원",채소/곡물류,면류,GRAIN,,,쌀국수면,1
"[행사] 쌀국수면 1봉 1,980원 산지직송",채소/곡물류,면류,GRAIN,,,쌀국수면,1
곰곰 분짜면 1.5L 택1,채소/곡물류,면류,GRAIN,,,쌀국수면,1
"[국내산] 팟타이면 200g 19,900원",채소/곡물류,면류,GRAIN,,,쌀국수면,1
"[곰곰] 쌀국수면 20입, 2,500원",채소/곡물류,면류,GRAIN,,,쌀국수면,1
[행사] 분짜면 250g,채소/곡물류,면류,GRAIN,,,쌀국수면,1
팟타이면,채소/곡물류,면류,GRAIN,,,쌀국수면,1
[무료배송] 감자수제비 낱개,채소/곡물류,면류,GRAIN,,,수제비,1
"[국내산] 손수제비, 500g",채소/곡물류,면류,GRAIN,,,수제비,1
수제비반죽 400g,채소/곡물류,면류,GRAIN,,,수제비,1
[대용량] 감자수제비 500g 산지직송,채소/곡물류,면류,GRAIN,,,수제비,1
"[대용량] 손수제비 12개 19,900원 2+1",채소/곡물류,면류,GRAIN,,,수제비,1
매일 수제비반죽 100g 당일발송,채소/곡물류,면류,GRAIN,,,수제비,1
대상 감자수제비 10개입 오늘출발,채소/곡물류,면류,GRAIN,,,수제비,1
"[행사] 손수제비 20입, 2,500원",채소/곡물류,면류,GRAIN,,,수제비,1
[곰곰] 수제비반죽 330ml 2+1,채소/곡물류,면류,GRAIN,,,수제비,1
롯데 감자수제비 1L 온라인전용,채소/곡물류,면류,GRAIN,,,수제비,1
[동원] 손수제비 100g,채소/곡물류,면류,GRAIN,,,수제비,1
"풀무원 수제비반죽 1L 29,800원",채소/곡물류,면류,GRAIN,,,수제비,1
"롯데 막국수면 300g, 2,500원",채소/곡물류,면류,GRAIN,,,메밀면,1
[CJ] 메밀면 10개입,채소/곡물류,면류,GRAIN,,,메밀면,1
오뚜기 막국수면 새벽배송,채소/곡물류,면류,GRAIN,,,메밀면,1
"해태 메밀면 200g 29,800원",채소/곡물류,면류,GRAIN,,,메밀면,1
CJ 막국수면 3입,채소/곡물류,면류,GRAIN,,,메밀면,1
[오뚜기] 메밀면,채소/곡물류,면류,GRAIN,,,메밀면,1
CJ 막국수면 150ml 당일발송,채소/곡물류,면류,GRAIN,,,메밀면,1
대상 메밀면 1봉,채소/곡물류,면류,GRAIN,,,메밀면,1
"매일 막국수면 200g 2,500원",채소/곡물류,면류,GRAIN,,,메밀면,1
[대용량] 메밀면,채소/곡물류,면류,GRAIN,,,메밀면,1
"[대용량] 막국수면 1L 2,500원",채소/곡물류,면류,GRAIN,,,메밀면,1
[국내산] 메밀면 낱개,채소/곡물류,면류,GRAIN,,,메밀면,1
"롯데 막국수면 2kg 12,900원 산지직송",채소/곡물류,면류,GRAIN,,,메밀면,1
[대용량] 고구마당면 400g,채소/곡물류,면류,GRAIN,,,당면,1
"[해태] 잡채당면, 박스",채소/곡물류,면류,GRAIN,,,당면,1
[프레시지] 당면 1.5L HACCP,채소/곡물류,면류,GRAIN,,,당면,1
"[동원] 고구마당면 박스 3,910원",채소/곡물류,면류,GRAIN,,,당면,1
"[국내산] 잡채당면 박스, 새벽배송",채소/곡물류,면류,GRAIN,,,당면,1
당면 300g,채소/곡물류,면류,GRAIN,,,당면,1
[농심] 고구마당면 1.5L,채소/곡물류,면류,GRAIN,,,당면,1
"[프레시지] 잡채당면 6개입, 19,900원",채소/곡물류,면류,GRAIN,,,당면,1
CJ 당면,채소/곡물류,면류,GRAIN,,,당면,1
"풀무원 고구마당면 6개입, 당일발송",채소/곡물류,면류,GRAIN,,,당면,1
[무료배송] 잡채당면 12개,채소/곡물류,면류,GRAIN,,,당면,1
"동원 당면, 20입",채소/곡물류,면류,GRAIN,,,당면,1
고구마당면 당일발송,채소/곡물류,면류,GRAIN,,,당면,1
"[노브랜드] 비빔국수면 500ml 1,980원",채소/곡물류,면류,GRAIN,,,기타 면류,1
"대상 라자냐면 1kg 2,500원",채소/곡물류,면류,GRAIN,,,기타 면류,1
"[농심] 파스타 펜네 2,500원",채소/곡물류,면류,GRAIN,,,기타 면류,1
"풀무원 곤약면, 10개입",채소/곡물류,면류,GRAIN,,,기타 면류,1
[매일] 중면 오늘출발,채소/곡물류,면류,GRAIN,,,기타 면류,1
대상 파스타 푸실리 2팩,채소/곡물류,면류,GRAIN,,,기타 면류,1
"[1+1] 막국수면 500g, 오늘출발",채소/곡물류,면류,GRAIN,,,기타 면류,1
[빙그레] 글루텐프리 현미면 330ml HACCP,채소/곡물류,면류,GRAIN,,,기타 면류,1
[행사] 두부면 2+1,채소/곡물류,면류,GRAIN,,,기타 면류,1
[무료배송] 수제비 최대 195원 적립,채소/곡물류,면류,GRAIN,,,기타 면류,1
쫄면 400g 새벽배송,채소/곡물류,면류,GRAIN,,,기타 면류,1
매일 버미첼리 2팩,채소/곡물류,면류,GRAIN,,,기타 면류,1
대상 비빔국수면 200g,채소/곡물류,면류,GRAIN,,,기타 면류,1
[풀무원] 라자냐면 박스 산지직송,채소/곡물류,면류,GRAIN,,,기타 면류,1
"[대상] 파스타 펜네 박스 9,900원 (100g당 1,955원)",채소/곡물류,면류,GRAIN,,,기타 면류,1
"곤약면 19,900원",채소/곡물류,면류,GRAIN,,,기타 면류,1
롯데 중면 150ml,채소/곡물류,면류,GRAIN,,,기타 면류,1
"대상 파스타 푸실리 1,980원",채소/곡물류,면류,GRAIN,,,기타 면류,1
"막국수면 29,800원",채소/곡물류,면류,GRAIN,,,기타 면류,1
[대상] 백설기 500ml,간식류,떡,SNACK,,,백설기,1
피코크 백설기 400g HACCP,간식류,떡,SNACK,,,백설기,1
해태 모찌 100g,간식류,떡,SNACK,,,찹쌀떡,1
"풀무원 찹쌀떡 400g 5,500원",간식류,떡,SNACK,,,찹쌀떡,1
"[1+1] 모찌 3,910원",간식류,떡,SNACK,,,찹쌀떡,1
"프레시지 찹쌀떡 박스 29,800원 당일발송",간식류,떡,SNACK,,,찹쌀떡,1
"조랭이떡 12,900원",간식류,떡,SNACK,,,조랭이떡,1
"조랭이떡 29,800원",간식류,떡,SNACK,,,조랭이떡,1
풀무원 조랭이떡 2kg,간식류,떡,SNACK,,,조랭이떡,1
"[피코크] 조랭이떡 300g 3,910원 당일발송",간식류,떡,SNACK,,,조랭이떡,1
해태 조랭이떡 100g,간식류,떡,SNACK,,,조랭이떡,1
[롯데] 꿀떡 20입,간식류,떡,SNACK,,,꿀떡,1
"[프레시지] 꿀떡 12개 1,980원",간식류,떡,SNACK,,,꿀떡,1
"대상 꿀떡 20입 1,980원",간식류,떡,SNACK,,,꿀떡,1
[무료배송] 꿀떡 10개입,간식류,떡,SNACK,,,꿀떡,1
"해태 꿀떡 6개입, 2,500원",간식류,떡,SNACK,,,꿀떡,1
"[노브랜드] 구이용 가래떡 10개입 19,900원 최대 195원 적립",간식류,떡,SNACK,,,가래떡,1
"매일 가래떡 250g 29,800원 택1",간식류,떡,SNACK,,,가래떡,1
"CJ 구이용 가래떡, 500g",간식류,떡,SNACK,,,가래떡,1
"풀무원 가래떡, 400g",간식류,떡,SNACK,,,가래떡,1
"CJ 절편 3입, 행사상품",간식류,떡,SNACK,,,절편,1
[대상] 쑥절편 3입,간식류,떡,SNACK,,,절편,1
절편 500g,간식류,떡,SNACK,,,절편,1
쑥절편 400g,간식류,떡,SNACK,,,절편,1
[프레시지] 조랭이 떡국떡 400g,간식류,떡,SNACK,,,떡국떡,1
"오뚜기 떡국떡, 300g",간식류,떡,SNACK,,,떡국떡,1
"오뚜기 조랭이 떡국떡, 250g",간식류,떡,SNACK,,,떡국떡,1
"[국내산] 떡국떡 9,900원 (100g당 1,955원) 산지직송",간식류,떡,SNACK,,,떡국떡,1
"팥시루떡 150ml 3,910원",간식류,떡,SNACK,,,시루떡,1
[풀무원] 팥시루떡 박스 산지직송,간식류,떡,SNACK,,,시루떡,1
[행사] 팥시루떡 1L,간식류,떡,SNACK,,,시루떡,1
"해태 팥시루떡 박스 5,500원",간식류,떡,SNACK,,,시루떡,1
[오뚜기] 팥시루떡 1.5L 1+1,간식류,떡,SNACK,,,시루떡,1
[해태] 팥시루떡 박스,간식류,떡,SNACK,,,시루떡,1
"노브랜드 수수부꾸미 3,910원, 최대 195원 적립",간식류,떡,SNACK,,,기타 떡,1
현미떡국떡,간식류,떡,SNACK,,,기타 떡,1
"프레시지 약밥 2팩 19,900원",간식류,떡,SNACK,,,기타 떡,1
대상 증편,간식류,떡,SNACK,,,기타 떡,1
[매일] 흑미가래떡 100g 1+1,간식류,떡,SNACK,,,기타 떡,1
"[농심] 쑥개떡, 6개입",간식류,떡,SNACK,,,기타 떡,1
"매일 호박설기, 2,500원",간식류,떡,SNACK,,,기타 떡,1
[농심] 모듬떡 박스,간식류,떡,SNACK,,,기타 떡,1
[1+1] 경단 500ml 오늘출발,간식류,떡,SNACK,,,기타 떡,1
"[무료배송] 두텁떡 박스 1,980원",간식류,떡,SNACK,,,기타 떡,1
"[농심] 꿀떡세트 100g, 5,500원",간식류,떡,SNACK,,,기타 떡,1
"[노브랜드] 송편, 29,800원",간식류,떡,SNACK,,,기타 떡,1
"[풀무원] 바람떡 6개입, 12,900원",간식류,떡,SNACK,,,기타 떡,1
"무지개떡 150ml, 12,900원",간식류,떡,SNACK,,,기타 떡,1
[대용량] 수수부꾸미 330ml HACCP,간식류,떡,SNACK,,,기타 떡,1
[국내산] 현미떡국떡 1kg,간식류,떡,SNACK,,,기타 떡,1
"[대용량] 약밥 500g, 29,800원",간식류,떡,SNACK,,,기타 떡,1
"동원 증편 500ml 9,900원 (100g당 1,955원), HACCP",간식류,떡,SNACK,,,기타 떡,1
"[1+1] 육개장사발면, 200g",간편식,라면,INSTANT,,,사발면(컵라면),1
"[행사] 짜파게티 400g 19,900원",간편식,라면,INSTANT,,,짜장라면,1
[CJ] 짜장범벅 6개입 새벽배송,간편식,라면,INSTANT,,,짜장라면,1
대상 짜왕 당일발송,간편식,라면,INSTANT,,,짜장라면,1
[국내산] 간짬뽕짜장,간편식,라면,INSTANT,,,짜장라면,1
"[빙그레] 짜파게티 낱개 1,980원",간편식,라면,INSTANT,,,짜장라면,1
멸치칼국수,간편식,라면,INSTANT,,,우동/칼국수,1
동원 생생우동 낱개,간편식,라면,INSTANT,,,우동/칼국수,1
"[노브랜드] 틈새우동 1kg, 2,500원",간편식,라면,INSTANT,,,우동/칼국수,1
대상 멸치칼국수 250g,간편식,라면,INSTANT,,,우동/칼국수,1
"[무료배송] 생생우동 6개입 1,980원, 행사상품",간편식,라면,INSTANT,,,우동/칼국수,1
[매일] 틈새우동 1.5L,간편식,라면,INSTANT,,,우동/칼국수,1
"[행사] 멸치칼국수 9,900원 (100g당 1,955원)",간편식,라면,INSTANT,,,우동/칼국수,1
[매일] 생생우동 330ml,간편식,라면,INSTANT,,,우동/칼국수,1
"피코크 진짬뽕 2,500원",간편식,라면,INSTANT,,,짬뽕라면,1
오징어짬뽕 최대 195원 적립,간편식,라면,INSTANT,,,짬뽕라면,1
"오뚜기 불짬뽕 12개 2,500원",간편식,라면,INSTANT,,,짬뽕라면,1
[오뚜기] 나가사키짬뽕 2팩,간편식,라면,INSTANT,,,짬뽕라면,1
"[농심] 진짬뽕 6개입 3,910원",간편식,라면,INSTANT,,,짬뽕라면,1
"대상 오징어짬뽕, 1봉",간편식,라면,INSTANT,,,짬뽕라면,1
"대상 불짬뽕 6개입 1,980원 오늘출발",간편식,라면,INSTANT,,,짬뽕라면,1
"나가사키짬뽕 500ml, 3,910원",간편식,라면,INSTANT,,,짬뽕라면,1
"프레시지 진짬뽕 12개 5,500원",간편식,라면,INSTANT,,,짬뽕라면,1
오징어짬뽕 1L 산지직송,간편식,라면,INSTANT,,,짬뽕라면,1
"[대상] 베트남쌀국수 400g 19,900원",간편식,라면,INSTANT,,,쌀국수,1
피코크 고수쌀국수 10개입,간편식,라면,INSTANT,,,쌀국수,1
[대용량] 베트남쌀국수 1kg HACCP,간편식,라면,INSTANT,,,쌀국수,1
"[무료배송] 고수쌀국수 250g, 29,800원",간편식,라면,INSTANT,,,쌀국수,1
[대용량] 베트남쌀국수 2kg,간편식,라면,INSTANT,,,쌀국수,1
"고수쌀국수 250g, 2,500원",간편식,라면,INSTANT,,,쌀국수,1
[해태] 베트남쌀국수 3입 HACCP,간편식,라면,INSTANT,,,쌀국수,1
오뚜기 고수쌀국수 10개입 오늘출발,간편식,라면,INSTANT,,,쌀국수,1
[빙그레] 베트남쌀국수 2kg 당일발송,간편식,라면,INSTANT,,,쌀국수,1
해태 고수쌀국수 1kg 온라인전용,간편식,라면,INSTANT,,,쌀국수,1
[대상] 베트남쌀국수,간편식,라면,INSTANT,,,쌀국수,1
"빙그레 고수쌀국수, 1봉",간편식,라면,INSTANT,,,쌀국수,1
"[오뚜기] 팔도비빔면 330ml, 쿠폰할인",간편식,라면,INSTANT,,,비빔라면,1
"[1+1] 배홍동비빔면 낱개 19,900원 택1",간편식,라면,INSTANT,,,비빔라면,1
[1+1] 진비빔면 택1,간편식,라면,INSTANT,,,비빔라면,1
"[국내산] 팔도비빔면 19,900원 오늘출발",간편식,라면,INSTANT,,,비빔라면,1
"노브랜드 배홍동비빔면, 250g",간편식,라면,INSTANT,,,비빔라면,1
"[대용량] 진비빔면 250g 1,980원 HACCP",간편식,라면,INSTANT,,,비빔라면,1
"풀무원 팔도비빔면, 500g",간편식,라면,INSTANT,,,비빔라면,1
풀무원 배홍동비빔면,간편식,라면,INSTANT,,,비빔라면,1
"풀무원 진비빔면 9,900원 (100g당 1,955원)",간편식,라면,INSTANT,,,비빔라면,1
팔도비빔면 1.5L,간편식,라면,INSTANT,,,비빔라면,1
[무료배송] 배홍동비빔면 6개입 행사상품,간편식,라면,INSTANT,,,비빔라면,1
해태 진비빔면 20입,간편식,라면,INSTANT,,,비빔라면,1
[CJ] 팔도비빔면 1kg,간편식,라면,INSTANT,,,비빔라면,1
"[피코크] 삿포로이치방 500g, 9,900원 (100g당 1,955원)",간편식,라면,INSTANT,,,기타 라면,1
"[국내산] 불닭볶음면, 100g",간편식,라면,INSTANT,,,기타 라면,1
[노브랜드] 사천탕면,간편식,라면,INSTANT,,,기타 라면,1
"[대용량] 열라면 1L, 당일발송",간편식,라면,INSTANT,,,기타 라면,1
"해태 나가사키짬뽕 3입 12,900원",간편식,라면,INSTANT,,,기타 라면,1
[무료배송] 꼬꼬면 12개,간편식,라면,INSTANT,,,기타 라면,1
틈새라면 500g,간편식,라면,INSTANT,,,기타 라면,1
기스면 100g,간편식,라면,INSTANT,,,기타 라면,1
육개장사발면 150ml,간편식,라면,INSTANT,,,기타 라면,1
[대용량] 삿포로이치방 2kg,간편식,라면,INSTANT,,,기타 라면,1
"[1+1] 불닭볶음면, 2팩",간편식,라면,INSTANT,,,기타 라면,1
사천탕면 100g,간편식,라면,INSTANT,,,기타 라면,1
열라면 2kg,간편식,라면,INSTANT,,,기타 라면,1
"롯데 나가사키짬뽕 150ml 19,900원 2+1",간편식,라면,INSTANT,,,기타 라면,1
"동원 리코타 샐러드 1.5L 29,800원 택1",간편식,샐러드팩,RTC_MEAL,,,샐러드,1
"풀무원 연어포케 300g 9,900원 (100g당 1,955원)",간편식,샐러드팩,RTC_MEAL,,,포케,1
"[풀무원] 참치포케 9,900원 (100g당 1,955원)",간편식,샐러드팩,RTC_MEAL,,,포케,1
[무료배송] 연어포케 12개 1+1,간편식,샐러드팩,RTC_MEAL,,,포케,1
참치포케 250g,간편식,샐러드팩,RTC_MEAL,,,포케,1
매일 연어포케 낱개 2+1,간편식,샐러드팩,RTC_MEAL,,,포케,1
[대용량] 참치포케 박스,간편식,샐러드팩,RTC_MEAL,,,포케,1
"[해태] 연어포케, 250g",간편식,샐러드팩,RTC_MEAL,,,포케,1
"[CJ] 참치포케 200g 12,900원",간편식,샐러드팩,RTC_MEAL,,,포케,1
"동원 연어포케 1봉 29,800원",간편식,샐러드팩,RTC_MEAL,,,포케,1
"빙그레 참치포케 150ml, 19,900원",간편식,샐러드팩,RTC_MEAL,,,포케,1
CJ 연어포케 10개입,간편식,샐러드팩,RTC_MEAL,,,포케,1
"참치포케 1L 5,500원",간편식,샐러드팩,RTC_MEAL,,,포케,1
"[대용량] 연어포케, 500ml",간편식,샐러드팩,RTC_MEAL,,,포케,1
"풀무원 참치포케 1kg 1,980원 최대 195원 적립",간편식,샐러드팩,RTC_MEAL,,,포케,1
"[동원] 연어포케, 1.5L",간편식,샐러드팩,RTC_MEAL,,,포케,1
"해태 참치포케 100g 9,900원 (100g당 1,955원)",간편식,샐러드팩,RTC_MEAL,,,포케,1
"연어포케 3입, 최대 195원 적립",간편식,샐러드팩,RTC_MEAL,,,포케,1
피코크 참치포케 1봉,간편식,샐러드팩,RTC_MEAL,,,포케,1
"매일 연어포케 12개 2,500원, 1+1",간편식,샐러드팩,RTC_MEAL,,,포케,1
CJ 참치포케 150ml 2+1,간편식,샐러드팩,RTC_MEAL,,,포케,1
[무료배송] 연어포케 1봉,간편식,샐러드팩,RTC_MEAL,,,포케,1
빙그레 참치포케 400g,간편식,샐러드팩,RTC_MEAL,,,포케,1
"곰곰 월남쌈 키트 6개입 5,500원 오늘출발",간편식,샐러드팩,RTC_MEAL,,,샐러드,1
"[풀무원] 시저샐러드 키트 400g, 1+1",간편식,샐러드팩,RTC_MEAL,,,샐러드,1
[농심] 샐러드 키트 2팩,간편식,샐러드팩,RTC_MEAL,,,샐러드,1
[무료배송] 월남쌈 키트 1L 무료배송,간편식,샐러드팩,RTC_MEAL,,,샐러드,1
"CJ 시저샐러드 키트 1,980원 1+1",간편식,샐러드팩,RTC_MEAL,,,샐러드,1
오뚜기 샐러드 키트 1+1,간편식,샐러드팩,RTC_MEAL,,,샐러드,1
오뚜기 월남쌈 키트 3입 새벽배송,간편식,샐러드팩,RTC_MEAL,,,샐러드,1
"동원 시저샐러드 키트 낱개 9,900원 (100g당 1,955원)",간편식,샐러드팩,RTC_MEAL,,,샐러드,1
곰곰 샐러드 키트 1kg 쿠폰할인,간편식,샐러드팩,RTC_MEAL,,,샐러드,1
[1+1] 월남쌈 키트 1kg HACCP,간편식,샐러드팩,RTC_MEAL,,,샐러드,1
시저샐러드 키트 HACCP,간편식,샐러드팩,RTC_MEAL,,,샐러드,1
동원 샐러드 키트 10개입,간편식,샐러드팩,RTC_MEAL,,,샐러드,1
"월남쌈 키트 250g 2,500원 무료배송",간편식,샐러드팩,RTC_MEAL,,,샐러드,1
동원 시저샐러드 키트 12개 행사상품,간편식,샐러드팩,RTC_MEAL,,,샐러드,1
프레시지 샐러드 키트,간편식,샐러드팩,RTC_MEAL,,,샐러드,1
빙그레 월남쌈 키트 100g,간편식,샐러드팩,RTC_MEAL,,,샐러드,1
시저샐러드 키트 산지직송,간편식,샐러드팩,RTC_MEAL,,,샐러드,1
[1+1] 샐러드 키트 2팩 행사상품,간편식,샐러드팩,RTC_MEAL,,,샐러드,1
[행사] 월남쌈 키트 온라인전용,간편식,샐러드팩,RTC_MEAL,,,샐러드,1
"[무료배송] 시저샐러드 키트 6개입 3,910원",간편식,샐러드팩,RTC_MEAL,,,샐러드,1
CJ 샐러드 키트 박스,간편식,샐러드팩,RTC_MEAL,,,샐러드,1
"롯데 월남쌈 키트, 2kg",간편식,샐러드팩,RTC_MEAL,,,샐러드,1
시저샐러드 키트 낱개 온라인전용,간편식,샐러드팩,RTC_MEAL,,,샐러드,1
"CJ 과일 샐러드 300g 5,500원",간편식,샐러드팩,RTC_MEAL,,,샐러드,1
"풀무원 단호박 샐러드 150ml 19,900원",간편식,샐러드팩,RTC_MEAL,,,샐러드,1
"닭가슴살 샐러드 5,500원",간편식,샐러드팩,RTC_MEAL,,,샐러드,1
[무료배송] 쉬림프 샐러드 2팩 새벽배송,간편식,샐러드팩,RTC_MEAL,,,샐러드,1
"동원 두부 샐러드, 2kg",간편식,샐러드팩,RTC_MEAL,,,샐러드,1
리코타치즈 샐러드 500ml,간편식,샐러드팩,RTC_MEAL,,,샐러드,1
[오뚜기] 오리 훈제 샐러드,간편식,샐러드팩,RTC_MEAL,,,샐러드,1
"해태 연어 샐러드 100g 29,800원",간편식,샐러드팩,RTC_MEAL,,,샐러드,1
"[매일] 불고기 샐러드 500ml 29,800원",간편식,샐러드팩,RTC_MEAL,,,샐러드,1
매일 파스타 샐러드 100g,간편식,샐러드팩,RTC_MEAL,,,샐러드,1
[노브랜드] 그린 샐러드 300g 쿠폰할인,간편식,샐러드팩,RTC_MEAL,,,샐러드,1
"노브랜드 콥 샐러드 12개, 온라인전용",간편식,샐러드팩,RTC_MEAL,,,샐러드,1
"[오뚜기] 과일 샐러드, 1봉",간편식,샐러드팩,RTC_MEAL,,,샐러드,1
[오뚜기] 단호박 샐러드 330ml,간편식,샐러드팩,RTC_MEAL,,,샐러드,1
"프레시지 닭가슴살 샐러드 2kg 1,980원",간편식,샐러드팩,RTC_MEAL,,,샐러드,1
"피코크 쉬림프 샐러드, 20입",간편식,샐러드팩,RTC_MEAL,,,샐러드,1
"두부 샐러드 1L, 최대 195원 적립",간편식,샐러드팩,RTC_MEAL,,,샐러드,1
"[롯데] 리코타치즈 샐러드 12,900원",간편식,샐러드팩,RTC_MEAL,,,샐러드,1
"농심 오리 훈제 샐러드, 2kg",간편식,샐러드팩,RTC_MEAL,,,샐러드,1
[매일] 컵밥 제육 330ml,간편식,즉석밥,INSTANT,,,즉석 컵밥,1
"[1+1] 컵밥 불고기 1L, HACCP",간편식,즉석밥,INSTANT,,,즉석 컵밥,1
"농심 컵밥 제육 300g 5,500원 쿠폰할인",간편식,즉석밥,INSTANT,,,즉석 컵밥,1
[풀무원] 컵밥 불고기 2kg,간편식,즉석밥,INSTANT,,,즉석 컵밥,1
[오뚜기] 컵밥 제육 1봉 HACCP,간편식,즉석밥,INSTANT,,,즉석 컵밥,1
[국내산] 컵밥 불고기 1.5L,간편식,즉석밥,INSTANT,,,즉석 컵밥,1
"[동원] 주먹밥, 1+1",간편식,즉석밥,INSTANT,,,즉석 주먹밥,1
[곰곰] 주먹밥 400g,간편식,즉석밥,INSTANT,,,즉석 주먹밥,1
피코크 주먹밥 1kg 쿠폰할인,간편식,즉석밥,INSTANT,,,즉석 주먹밥,1
"[행사] 주먹밥 100g 9,900원 (100g당 1,955원) 최대 195원 적립",간편식,즉석밥,INSTANT,,,즉석 주먹밥,1
"오뚜기 주먹밥 300g 19,900원 새벽배송",간편식,즉석밥,INSTANT,,,즉석 주먹밥,1
풀무원 주먹밥 12개,간편식,즉석밥,INSTANT,,,즉석 주먹밥,1
[대용량] 주먹밥 박스,간편식,즉석밥,INSTANT,,,즉석 주먹밥,1
"빙그레 주먹밥 500g, 29,800원",간편식,즉석밥,INSTANT,,,즉석 주먹밥,1
"해태 주먹밥 1.5L 19,900원",간편식,즉석밥,INSTANT,,,즉석 주먹밥,1
"[노브랜드] 주먹밥, 1.5L",간편식,즉석밥,INSTANT,,,즉석 주먹밥,1
"곰곰 주먹밥 3입 12,900원 쿠폰할인",간편식,즉석밥,INSTANT,,,즉석 주먹밥,1
롯데 주먹밥,간편식,즉석밥,INSTANT,,,즉석 주먹밥,1
"[1+1] 주먹밥 6개입 2,500원, 2+1",간편식,즉석밥,INSTANT,,,즉석 주먹밥,1
"[행사] 주먹밥 3,910원",간편식,즉석밥,INSTANT,,,즉석 주먹밥,1
"[행사] 참치김밥 2kg 29,800원",간편식,즉석밥,INSTANT,,,즉석 김밥,1
"[무료배송] 즉석김밥 500g, 산지직송",간편식,즉석밥,INSTANT,,,즉석 김밥,1
매일 삼각김밥 20입,간편식,즉석밥,INSTANT,,,즉석 김밥,1
[해태] 참치김밥 500g,간편식,즉석밥,INSTANT,,,즉석 김밥,1
"CJ 즉석김밥 2팩 5,500원 온라인전용",간편식,즉석밥,INSTANT,,,즉석 김밥,1
매일 삼각김밥 200g 무료배송,간편식,즉석밥,INSTANT,,,즉석 김밥,1
참치김밥 250g,간편식,즉석밥,INSTANT,,,즉석 김밥,1
[무료배송] 즉석김밥 1kg,간편식,즉석밥,INSTANT,,,즉석 김밥,1
노브랜드 삼각김밥 3입 택1,간편식,즉석밥,INSTANT,,,즉석 김밥,1
"[대용량] 참치김밥 20입 19,900원",간편식,즉석밥,INSTANT,,,즉석 김밥,1
즉석김밥,간편식,즉석밥,INSTANT,,,즉석 김밥,1
"매일 삼각김밥 2kg 3,910원, 새벽배송",간편식,즉석밥,INSTANT,,,즉석 김밥,1
참치김밥 330ml,간편식,즉석밥,INSTANT,,,즉석 김밥,1
프레시지 즉석김밥 330ml,간편식,즉석밥,INSTANT,,,즉석 김밥,1
"[빙그레] 삼각김밥 12,900원",간편식,즉석밥,INSTANT,,,즉석 김밥,1
"피코크 도시락 400g 19,900원",간편식,즉석밥,INSTANT,,,즉석 도시락,1
"[무료배송] 도시락 20입 19,900원 1+1",간편식,즉석밥,INSTANT,,,즉석 도시락,1
[프레시지] 도시락 20입,간편식,즉석밥,INSTANT,,,즉석 도시락,1
[1+1] 도시락 1.5L,간편식,즉석밥,INSTANT,,,즉석 도시락,1
[동원] 도시락 330ml 1+1,간편식,즉석밥,INSTANT,,,즉석 도시락,1
도시락 200g,간편식,즉석밥,INSTANT,,,즉석 도시락,1
"CJ 도시락 200g 19,900원",간편식,즉석밥,INSTANT,,,즉석 도시락,1
"[프레시지] 도시락 400g 5,500원",간편식,즉석밥,INSTANT,,,즉석 도시락,1
도시락 100g 산지직송,간편식,즉석밥,INSTANT,,,즉석 도시락,1
노브랜드 도시락 500g,간편식,즉석밥,INSTANT,,,즉석 도시락,1
피코크 도시락,간편식,즉석밥,INSTANT,,,즉석 도시락,1
대상 도시락 박스,간편식,즉석밥,INSTANT,,,즉석 도시락,1
"도시락 150ml 5,500원 산지직송",간편식,즉석밥,INSTANT,,,즉석 도시락,1
"프레시지 도시락 1,980원",간편식,즉석밥,INSTANT,,,즉석 도시락,1
[곰곰] 김치볶음밥 2kg 1+1,간편식,즉석밥,INSTANT,,,즉석 볶음밥,1
대상 새우볶음밥 300g,간편식,즉석밥,INSTANT,,,즉석 볶음밥,1
"빙그레 김치볶음밥 2kg, 최대 195원 적립",간편식,즉석밥,INSTANT,,,즉석 볶음밥,1
"풀무원 새우볶음밥 300g 2,500원",간편식,즉석밥,INSTANT,,,즉석 볶음밥,1
[대상] 김치볶음밥 300g,간편식,즉석밥,INSTANT,,,즉석 볶음밥,1
"빙그레 새우볶음밥 150ml 9,900원 (100g당 1,955원) 1+1",간편식,즉석밥,INSTANT,,,즉석 볶음밥,1
"프레시지 김치볶음밥, 박스",간편식,즉석밥,INSTANT,,,즉석 볶음밥,1
[매일] 새우볶음밥 100g,간편식,즉석밥,INSTANT,,,즉석 볶음밥,1
농심 김치볶음밥 500ml 최대 195원 적립,간편식,즉석밥,INSTANT,,,즉석 볶음밥,1
[풀무원] 새우볶음밥 10개입 택1,간편식,즉석밥,INSTANT,,,즉석 볶음밥,1
"[해태] 김치볶음밥 10개입, 새벽배송",간편식,즉석밥,INSTANT,,,즉석 볶음밥,1
곰곰 새우볶음밥,간편식,즉석밥,INSTANT,,,즉석 볶음밥,1
"[국내산] 김치볶음밥 2kg 29,800원",간편식,즉석밥,INSTANT,,,즉석 볶음밥,1
[1+1] 새우볶음밥,간편식,즉석밥,INSTANT,,,즉석 볶음밥,1
매일 김치볶음밥 500ml 1+1,간편식,즉석밥,INSTANT,,,즉석 볶음밥,1
곰곰 미닛메이드 오렌지 300g 새벽배송,음료,주스,BEVERAGE,,,오렌지 주스,1
해태 썬키스트 오렌지 400g 행사상품,음료,주스,BEVERAGE,,,오렌지 주스,1
"[곰곰] 오렌지주스 400g 3,910원",음료,주스,BEVERAGE,,,오렌지 주스,1
[동원] 델몬트 오렌지 100g,음료,주스,BEVERAGE,,,오렌지 주스,1
"롯데 미닛메이드 오렌지 300g 9,900원 (100g당 1,955원)",음료,주스,BEVERAGE,,,오렌지 주스,1
"썬키스트 오렌지 1kg 2,500원",음료,주스,BEVERAGE,,,오렌지 주스,1
매일 오렌지주스 12개,음료,주스,BEVERAGE,,,오렌지 주스,1
풀무원 델몬트 오렌지 낱개,음료,주스,BEVERAGE,,,오렌지 주스,1
매일 미닛메이드 오렌지 12개,음료,주스,BEVERAGE,,,오렌지 주스,1
농심 델몬트 포도 1.5L,음료,주스,BEVERAGE,,,포도 주스,1
"웰치스 포도주스 20입, 1+1",음료,주스,BEVERAGE,,웰치스,포도 주스,1
풀무원 포도주스 6개입 행사상품,음료,주스,BEVERAGE,,,포도 주스,1
"피코크 델몬트 포도, 300g",음료,주스,BEVERAGE,,,포도 주스,1
"[행사] 웰치스 포도주스, 6개입",음료,주스,BEVERAGE,,웰치스,포도 주스,1
"포도주스 9,900원 (100g당 1,955원) 택1",음료,주스,BEVERAGE,,,포도 주스,1
[국내산] 델몬트 포도,음료,주스,BEVERAGE,,,포도 주스,1
[해태] 웰치스 포도주스 1L,음료,주스,BEVERAGE,,웰치스,포도 주스,1
"빙그레 포도주스 10개입 12,900원",음료,주스,BEVERAGE,,,포도 주스,1
오뚜기 델몬트 포도 1kg,음료,주스,BEVERAGE,,,포도 주스,1
"해태 ABC주스 1kg 2,500원",음료,주스,BEVERAGE,,,혼합과채주스,1
롯데 미과즙 혼합주스 1.5L 오늘출발,음료,주스,BEVERAGE,,,혼합과채주스,1
"매일 V8 야채주스 400g 12,900원",음료,주스,BEVERAGE,,,혼합과채주스,1
오뚜기 과채주스 12개,음료,주스,BEVERAGE,,,혼합과채주스,1
[무료배송] ABC주스 500g 새벽배송,음료,주스,BEVERAGE,,,혼합과채주스,1
미과즙 혼합주스 택1,음료,주스,BEVERAGE,,,혼합과채주스,1
[국내산] V8 야채주스 20입,음료,주스,BEVERAGE,,,혼합과채주스,1
"[무료배송] 과채주스, 400g",음료,주스,BEVERAGE,,,혼합과채주스,1
"빙그레 ABC주스 2kg 29,800원",음료,주스,BEVERAGE,,,혼합과채주스,1
매일 미과즙 혼합주스 100g,음료,주스,BEVERAGE,,,혼합과채주스,1
[1+1] 트로피카나 사과 10개입 무료배송,음료,주스,BEVERAGE,,,사과 주스,1
"아침에주스 사과 400g, 12,900원",음료,주스,BEVERAGE,,,사과 주스,1
"풀무원 사과주스 1L 1,980원 행사상품",음료,주스,BEVERAGE,,,사과 주스,1
"동원 트로피카나 사과 1.5L, 19,900원",음료,주스,BEVERAGE,,,사과 주스,1
대상 아침에주스 사과 6개입,음료,주스,BEVERAGE,,,사과 주스,1
"[1+1] 사과주스 5,500원, 무료배송",음료,주스,BEVERAGE,,,사과 주스,1
트로피카나 사과 1kg 산지직송,음료,주스,BEVERAGE,,,사과 주스,1
아침에주스 사과 최대 195원 적립,음료,주스,BEVERAGE,,,사과 주스,1
[국내산] 사과주스 박스,음료,주스,BEVERAGE,,,사과 주스,1
"[국내산] 트로피카나 사과 10개입 29,800원",음료,주스,BEVERAGE,,,사과 주스,1
[동원] 아침에주스 사과 당일발송,음료,주스,BEVERAGE,,,사과 주스,1
[국내산] 딸기우유주스 250g,음료,주스,BEVERAGE,,,딸기 주스,1
롯데 딸기주스 200g,음료,주스,BEVERAGE,,,딸기 주스,1
[국내산] 딸기우유주스,음료,주스,BEVERAGE,,,딸기 주스,1
딸기주스 500ml,음료,주스,BEVERAGE,,,딸기 주스,1
"빙그레 딸기우유주스, 1.5L",음료,주스,BEVERAGE,,,딸기 주스,1
[해태] 딸기주스,음료,주스,BEVERAGE,,,딸기 주스,1
[1+1] 딸기우유주스,음료,주스,BEVERAGE,,,딸기 주스,1
"빙그레 딸기주스, 19,900원",음료,주스,BEVERAGE,,,딸기 주스,1
딸기우유주스 산지직송,음료,주스,BEVERAGE,,,딸기 주스,1
"[오뚜기] 딸기주스, 낱개",음료,주스,BEVERAGE,,,딸기 주스,1
"CJ 딸기우유주스 250g 19,900원 쿠폰할인",음료,주스,BEVERAGE,,,딸기 주스,1
"[오뚜기] 쥬시 망고 박스 29,800원",음료,주스,BEVERAGE,,,망고 주스,1
[행사] 트로피카나 망고 20입,음료,주스,BEVERAGE,,,망고 주스,1
[1+1] 망고주스,음료,주스,BEVERAGE,,,망고 주스,1
롯데 쥬시 망고 3입,음료,주스,BEVERAGE,,,망고 주스,1
노브랜드 트로피카나 망고,음료,주스,BEVERAGE,,,망고 주스,1
오뚜기 망고주스 500g,음료,주스,BEVERAGE,,,망고 주스,1
쥬시 망고,음료,주스,BEVERAGE,,,망고 주스,1
"동원 트로피카나 망고, 새벽배송",음료,주스,BEVERAGE,,,망고 주스,1
"피코크 망고주스, 행사상품",음료,주스,BEVERAGE,,,망고 주스,1
"[곰곰] 쥬시 망고 20입, 최대 195원 적립",음료,주스,BEVERAGE,,,망고 주스,1
"농심 트로피카나 망고 19,900원",음료,주스,BEVERAGE,,,망고 주스,1
"[풀무원] 배도라지즙 9,900원 (100g당 1,955원)",음료,주스,BEVERAGE,,,기타 주스,1
"당근주스 250g 29,800원",음료,주스,BEVERAGE,,,기타 주스,1
"빙그레 크랜베리주스, 330ml",음료,주스,BEVERAGE,,,기타 주스,1
"[1+1] 자몽주스 1kg 19,900원 2+1",음료,주스,BEVERAGE,,,기타 주스,1
"[행사] 녹즙 1L 1,980원",음료,주스,BEVERAGE,,,기타 주스,1
"[1+1] 비트즙, 2팩",음료,주스,BEVERAGE,,,기타 주스,1
"노브랜드 셀러리주스, 1.5L",음료,주스,BEVERAGE,,,기타 주스,1
[대용량] 아사이베리주스 3입,음료,주스,BEVERAGE,,,기타 주스,1
롯데 사과당근주스 6개입,음료,주스,BEVERAGE,,,기타 주스,1
"대상 파인애플주스 2kg 19,900원, 행사상품",음료,주스,BEVERAGE,,,기타 주스,1
롯데 케일주스 HACCP,음료,주스,BEVERAGE,,,기타 주스,1
"프레시지 ABC주스 1L 3,910원 무료배송",음료,주스,BEVERAGE,,,기타 주스,1
[풀무원] 유자에이드 500ml 행사상품,음료,주스,BEVERAGE,,,기타 주스,1
[국내산] 매실원액 1kg 온라인전용,음료,주스,BEVERAGE,,,기타 주스,1
"빙그레 청포도주스 200g, 5,500원",음료,주스,BEVERAGE,,,기타 주스,1
"감귤주스 1L 9,900원 (100g당 1,955원) 행사상품",음료,주스,BEVERAGE,,,기타 주스,1
"[행사] 석류주스 12개 5,500원 2+1",음료,주스,BEVERAGE,,,기타 주스,1
[대용량] 망고주스 300g 온라인전용,음료,주스,BEVERAGE,,,기타 주스,1
오뚜기 토마토주스 150ml 최대 195원 적립,음료,주스,BEVERAGE,,,기타 주스,1
양배추즙,음료,주스,BEVERAGE,,,기타 주스,1
"동원 배도라지즙 6개입 3,910원",음료,주스,BEVERAGE,,,기타 주스,1
[국내산] 당근주스 500ml,음료,주스,BEVERAGE,,,기타 주스,1
"농심 크랜베리주스 2팩 3,910원 행사상품",음료,주스,BEVERAGE,,,기타 주스,1
"[노브랜드] 자몽주스 400g 3,910원",음료,주스,BEVERAGE,,,기타 주스,1
[국내산] 녹즙,음료,주스,BEVERAGE,,,기타 주스,1
"[CJ] 비트즙 1봉, 새벽배송",음료,주스,BEVERAGE,,,기타 주스,1
"[대용량] 셀러리주스 500ml 3,910원",음료,주스,BEVERAGE,,,기타 주스,1
풀무원 아사이베리주스 3입,음료,주스,BEVERAGE,,,기타 주스,1
"사과당근주스 3,910원 행사상품",음료,주스,BEVERAGE,,,기타 주스,1
"[1+1] 파인애플주스 12개 5,500원",음료,주스,BEVERAGE,,,기타 주스,1
CJ 케일주스 산지직송,음료,주스,BEVERAGE,,,기타 주스,1
"ABC주스 1kg, 행사상품",음료,주스,BEVERAGE,,,기타 주스,1
노브랜드 페리에 200g,음료,탄산음료,BEVERAGE,,,탄산수,1
[농심] 씨그램,음료,탄산음료,BEVERAGE,,,탄산수,1
노브랜드 산펠레그리노 12개,음료,탄산음료,BEVERAGE,,,탄산수,1
"[1+1] 더빅토리아 탄산수 250g 5,500원",음료,탄산음료,BEVERAGE,,,탄산수,1
초록매실 탄산 500g 쿠폰할인,음료,탄산음료,BEVERAGE,,,탄산수,1
[1+1] 트레비 330ml 온라인전용,음료,탄산음료,BEVERAGE,,,탄산수,1
"피코크 웰치스 탄산수 1봉 29,800원 오늘출발",음료,탄산음료,BEVERAGE,,웰치스,탄산수,1
페리에 1kg 오늘출발,음료,탄산음료,BEVERAGE,,,탄산수,1
[피코크] 씨그램 2팩,음료,탄산음료,BEVERAGE,,,탄산수,1
[1+1] 산펠레그리노,음료,탄산음료,BEVERAGE,,,탄산수,1
매일 더빅토리아 탄산수 2팩 당일발송,음료,탄산음료,BEVERAGE,,,탄산수,1
코카콜라 무료배송,음료,탄산음료,BEVERAGE,,코카콜라,콜라,1
"[프레시지] 815콜라 200g 3,910원",음료,탄산음료,BEVERAGE,,,콜라,1
[노브랜드] 펩시 제로 라임 박스,음료,탄산음료,BEVERAGE,,펩시,콜라,1
"대상 펩시콜라 19,900원, 오늘출발",음료,탄산음료,BEVERAGE,,펩시,콜라,1
"대상 RC콜라 박스, 오늘출발",음료,탄산음료,BEVERAGE,,,콜라,1
코카콜라 제로 레몬 1봉 당일발송,음료,탄산음료,BEVERAGE,,코카콜라,콜라,1
[피코크] 코카콜라 제로 2팩,음료,탄산음료,BEVERAGE,,코카콜라,콜라,1
해태 코카콜라,음료,탄산음료,BEVERAGE,,코카콜라,콜라,1
"[빙그레] 815콜라 500g 5,500원 무료배송",음료,탄산음료,BEVERAGE,,,콜라,1
"피코크 펩시 제로 라임 100g, 9,900원 (100g당 1,955원)",음료,탄산음료,BEVERAGE,,펩시,콜라,1
동원 펩시콜라 1L 무료배송,음료,탄산음료,BEVERAGE,,펩시,콜라,1
"대상 RC콜라, 250g",음료,탄산음료,BEVERAGE,,,콜라,1
코카콜라 제로 레몬 330ml,음료,탄산음료,BEVERAGE,,코카콜라,콜라,1
[국내산] 킨사이다 6개입 오늘출발,음료,탄산음료,BEVERAGE,,,사이다,1
"[1+1] 스프라이트 제로 250g 19,900원",음료,탄산음료,BEVERAGE,,스프라이트,사이다,1
"농심 칠성사이다 ECO 3입, 12,900원",음료,탄산음료,BEVERAGE,,칠성,사이다,1
"[무료배송] 칠성사이다 100g, 29,800원",음료,탄산음료,BEVERAGE,,칠성,사이다,1
스프라이트 1L,음료,탄산음료,BEVERAGE,,스프라이트,사이다,1
[매일] 칠성사이다 제로 2kg 새벽배송,음료,탄산음료,BEVERAGE,,칠성,사이다,1
"노브랜드 세븐업 10개입 1,980원",음료,탄산음료,BEVERAGE,,,사이다,1
"[프레시지] 킨사이다 낱개, 5,500원",음료,탄산음료,BEVERAGE,,,사이다,1
롯데 스프라이트 제로 12개 산지직송,음료,탄산음료,BEVERAGE,,스프라이트,사이다,1
"[CJ] 칠성사이다 ECO, 6개입",음료,탄산음료,BEVERAGE,,칠성,사이다,1
오뚜기 칠성사이다 400g,음료,탄산음료,BEVERAGE,,칠성,사이다,1
"[매일] 스프라이트 6개입, 29,800원",음료,탄산음료,BEVERAGE,,스프라이트,사이다,1
"빙그레 칠성사이다 제로 2kg 2,500원 2+1",음료,탄산음료,BEVERAGE,,칠성,사이다,1
[국내산] 세븐업 2팩,음료,탄산음료,BEVERAGE,,,사이다,1
"곰곰 킨사이다 9,900원 (100g당 1,955원)",음료,탄산음료,BEVERAGE,,,사이다,1
"프레시지 스프라이트 제로 400g 2,500원",음료,탄산음료,BEVERAGE,,스프라이트,사이다,1
[매일] 칠성사이다 ECO 10개입,음료,탄산음료,BEVERAGE,,칠성,사이다,1
[행사] 칠성사이다 300g,음료,탄산음료,BEVERAGE,,칠성,사이다,1
"[프레시지] 진저에일 낱개, 1+1",음료,탄산음료,BEVERAGE,,,진저에일,1
[곰곰] 캐나다드라이 진저에일,음료,탄산음료,BEVERAGE,,,진저에일,1
빙그레 오랑지나 250g 행사상품,음료,탄산음료,BEVERAGE,,,진저에일,1
진저에일 10개입,음료,탄산음료,BEVERAGE,,,진저에일,1
"캐나다드라이 진저에일 150ml, 새벽배송",음료,탄산음료,BEVERAGE,,,진저에일,1
[대용량] 오랑지나 250g,음료,탄산음료,BEVERAGE,,,진저에일,1
"[대용량] 진저에일 20입, 2,500원",음료,탄산음료,BEVERAGE,,,진저에일,1
"캐나다드라이 진저에일 1kg 12,900원 산지직송",음료,탄산음료,BEVERAGE,,,진저에일,1
"[1+1] 오랑지나 500g 1,980원 온라인전용",음료,탄산음료,BEVERAGE,,,진저에일,1
"진저에일 낱개, 오늘출발",음료,탄산음료,BEVERAGE,,,진저에일,1
캐나다드라이 진저에일 300g 쿠폰할인,음료,탄산음료,BEVERAGE,,,진저에일,1
[대상] 오랑지나,음료,탄산음료,BEVERAGE,,,진저에일,1
"풀무원 진저에일 100g 29,800원",음료,탄산음료,BEVERAGE,,,진저에일,1
"캐나다드라이 진저에일 300g, 29,800원",음료,탄산음료,BEVERAGE,,,진저에일,1
"해태 오랑지나, 300g",음료,탄산음료,BEVERAGE,,,진저에일,1
[CJ] 진저에일 10개입 2+1,음료,탄산음료,BEVERAGE,,,진저에일,1
"캐나다드라이 진저에일 19,900원 행사상품",음료,탄산음료,BEVERAGE,,,진저에일,1
"프레시지 오랑지나 250g 1,980원, 1+1",음료,탄산음료,BEVERAGE,,,진저에일,1
곰곰 진저에일 2팩 당일발송,음료,탄산음료,BEVERAGE,,,진저에일,1
[무료배송] 환타 오렌지,음료,탄산음료,BEVERAGE,,환타,기타 탄산음료,1
"오뚜기 데미소다 사과 6개입 2,500원",음료,탄산음료,BEVERAGE,,,기타 탄산음료,1
트로피카나 스파클링 300g,음료,탄산음료,BEVERAGE,,,기타 탄산음료,1
"[곰곰] 마운틴듀 제로 1봉, 2+1",음료,탄산음료,BEVERAGE,,,기타 탄산음료,1
[롯데] 오랑지나 10개입,음료,탄산음료,BEVERAGE,,,기타 탄산음료,1
대상 트레비 레몬 2팩,음료,탄산음료,BEVERAGE,,,기타 탄산음료,1
토닉워터 20입,음료,탄산음료,BEVERAGE,,,기타 탄산음료,1
[롯데] 밀키스 제로 500g,음료,탄산음료,BEVERAGE,,,기타 탄산음료,1
"오란씨 파인 200g 2,500원",음료,탄산음료,BEVERAGE,,,기타 탄산음료,1
"롯데 닥터페퍼 1kg 29,800원, 행사상품",음료,탄산음료,BEVERAGE,,,기타 탄산음료,1
"[빙그레] 써니텐 1.5L, 오늘출발",음료,탄산음료,BEVERAGE,,,기타 탄산음료,1
[무료배송] 탑씨 1kg,음료,탄산음료,BEVERAGE,,,기타 탄산음료,1
"[농심] 환타 포도 낱개 5,500원",음료,탄산음료,BEVERAGE,,환타,기타 탄산음료,1
"빙그레 미린다 오렌지 낱개 2,500원",음료,탄산음료,BEVERAGE,,미린다,기타 탄산음료,1
갈아만든배 탄산 1봉,음료,탄산음료,BEVERAGE,,,기타 탄산음료,1
"[대용량] 코코팜, 10개입",음료,탄산음료,BEVERAGE,,,기타 탄산음료,1
"매일 진저에일 1L, 1,980원",음료,탄산음료,BEVERAGE,,,기타 탄산음료,1
"풀무원 갈배 사이다 400g 19,900원 HACCP",음료,탄산음료,BEVERAGE,,,기타 탄산음료,1
[롯데] 마운틴듀 3입,음료,탄산음료,BEVERAGE,,,기타 탄산음료,1
"웰치스 그레이프 1.5L, 19,900원",음료,탄산음료,BEVERAGE,,웰치스,기타 탄산음료,1
오뚜기 웰치스 포도 12개 쿠폰할인,음료,탄산음료,BEVERAGE,,웰치스,기타 탄산음료,1
[빙그레] 암바사 2kg 최대 195원 적립,음료,탄산음료,BEVERAGE,,,기타 탄산음료,1
데미소다 복숭아 박스 HACCP,음료,탄산음료,BEVERAGE,,,기타 탄산음료,1
"[행사] 나랑드 사이다 5,500원",음료,탄산음료,BEVERAGE,,,기타 탄산음료,1
피코크 슈웹스 진저에일 HACCP,음료,탄산음료,BEVERAGE,,,기타 탄산음료,1
피코크 트레비 플레인 6개입,음료,탄산음료,BEVERAGE,,,기타 탄산음료,1
"[오뚜기] 밀키스 250g 19,900원 무료배송",음료,탄산음료,BEVERAGE,,,기타 탄산음료,1
매일 맥콜 새벽배송,음료,탄산음료,BEVERAGE,,,기타 탄산음료,1
[대상] 환타 오렌지 10개입 최대 195원 적립,음료,탄산음료,BEVERAGE,,환타,기타 탄산음료,1
"[CJ] 데미소다 사과 20입 9,900원 (100g당 1,955원)",음료,탄산음료,BEVERAGE,,,기타 탄산음료,1
[노브랜드] 트로피카나 스파클링 400g,음료,탄산음료,BEVERAGE,,,기타 탄산음료,1
"[해태] 마운틴듀 제로 1L 1,980원 무료배송",음료,탄산음료,BEVERAGE,,,기타 탄산음료,1
"대상 오랑지나, HACCP",음료,탄산음료,BEVERAGE,,,기타 탄산음료,1
"매일 백산수 1L 1,980원 쿠폰할인",음료,생수,BEVERAGE,,,생수,1
"농심 삼다수 300g 29,800원",음료,생수,BEVERAGE,,삼다수,생수,1
[행사] 아이시스,음료,생수,BEVERAGE,,아이시스,생수,1
[CJ] 에비앙,음료,생수,BEVERAGE,,,생수,1
"오뚜기 평창수 500g, HACCP",음료,생수,BEVERAGE,,,생수,1
매일 백산수 1봉 오늘출발,음료,생수,BEVERAGE,,,생수,1
"농심 삼다수 12개, 1,980원",음료,생수,BEVERAGE,,삼다수,생수,1
[대용량] 아이시스 10개입 행사상품,음료,생수,BEVERAGE,,아이시스,생수,1
"[빙그레] 에비앙 20입, 5,500원",음료,생수,BEVERAGE,,,생수,1
[풀무원] 평창수 150ml 최대 195원 적립,음료,생수,BEVERAGE,,,생수,1
백산수 100g 산지직송,음료,생수,BEVERAGE,,,생수,1
대상 삼다수 3입,음료,생수,BEVERAGE,,삼다수,생수,1
"노브랜드 아이시스, 200g",음료,생수,BEVERAGE,,아이시스,생수,1
에비앙 100g,음료,생수,BEVERAGE,,,생수,1
"평창수 낱개 19,900원",음료,생수,BEVERAGE,,,생수,1
"[노브랜드] 백산수, 12개",음료,생수,BEVERAGE,,,생수,1
삼다수 10개입 2+1,음료,생수,BEVERAGE,,삼다수,생수,1
롯데 아이시스 박스,음료,생수,BEVERAGE,,아이시스,생수,1
"[무료배송] 에비앙 1kg, 무료배송",음료,생수,BEVERAGE,,,생수,1
프레시지 평창수 2kg 1+1,음료,생수,BEVERAGE,,,생수,1
[롯데] 백산수,음료,생수,BEVERAGE,,,생수,1
"[롯데] 삼다수 낱개 1,980원",음료,생수,BEVERAGE,,삼다수,생수,1
"아이시스 12개 3,910원",음료,생수,BEVERAGE,,아이시스,생수,1
대상 에비앙 10개입,음료,생수,BEVERAGE,,,생수,1
평창수 250g 산지직송,음료,생수,BEVERAGE,,,생수,1
매일 백산수 2팩,음료,생수,BEVERAGE,,,생수,1
"[국내산] 삼다수 10개입 3,910원, HACCP",음료,생수,BEVERAGE,,삼다수,생수,1
[1+1] 아이시스 1.5L 산지직송,음료,생수,BEVERAGE,,아이시스,생수,1
"풀무원 에비앙 1봉 2,500원",음료,생수,BEVERAGE,,,생수,1
노브랜드 평창수 낱개,음료,생수,BEVERAGE,,,생수,1
"백산수 12개, 쿠폰할인",음료,생수,BEVERAGE,,,생수,1
"[1+1] 삼다수 100g, 5,500원",음료,생수,BEVERAGE,,삼다수,생수,1
"대상 아이시스 500ml, 12,900원",음료,생수,BEVERAGE,,아이시스,생수,1
"[농심] 에비앙, 6개입",음료,생수,BEVERAGE,,,생수,1
[대용량] 평창수 박스,음료,생수,BEVERAGE,,,생수,1
"[1+1] 백산수 1kg 5,500원",음료,생수,BEVERAGE,,,생수,1
롯데 삼다수 100g,음료,생수,BEVERAGE,,삼다수,생수,1
아이시스 2팩,음료,생수,BEVERAGE,,아이시스,생수,1
[무료배송] 에비앙 10개입,음료,생수,BEVERAGE,,,생수,1
"[행사] 평창수 20입 5,500원",음료,생수,BEVERAGE,,,생수,1
[풀무원] 백산수 400g,음료,생수,BEVERAGE,,,생수,1
"[롯데] 삼다수 330ml 2,500원",음료,생수,BEVERAGE,,삼다수,생수,1
대상 아이시스 산지직송,음료,생수,BEVERAGE,,아이시스,생수,1
"농심 에비앙 500g 3,910원",음료,생수,BEVERAGE,,,생수,1
"[풀무원] 평창수 12개 1,980원",음료,생수,BEVERAGE,,,생수,1
대상 백산수 1L 온라인전용,음료,생수,BEVERAGE,,,생수,1
"[곰곰] 삼다수, 500ml",음료,생수,BEVERAGE,,삼다수,생수,1
"대상 아이시스 1봉 19,900원",음료,생수,BEVERAGE,,아이시스,생수,1
[피코크] 에비앙 12개,음료,생수,BEVERAGE,,,생수,1
"[CJ] 평창수 박스 29,800원",음료,생수,BEVERAGE,,,생수,1
"피코크 백산수, 10개입",음료,생수,BEVERAGE,,,생수,1
"매일 삼다수 500ml 19,900원 2+1",음료,생수,BEVERAGE,,삼다수,생수,1
매일 아이시스 낱개,음료,생수,BEVERAGE,,아이시스,생수,1
[무료배송] 에비앙 낱개,음료,생수,BEVERAGE,,,생수,1
풀무원 평창수 2팩 행사상품,음료,생수,BEVERAGE,,,생수,1
농심 백산수 400g 쿠폰할인,음료,생수,BEVERAGE,,,생수,1
"[해태] 삼다수 12개 5,500원",음료,생수,BEVERAGE,,삼다수,생수,1
"[무료배송] 아이시스, 330ml",음료,생수,BEVERAGE,,아이시스,생수,1
[행사] 에비앙 200g,음료,생수,BEVERAGE,,,생수,1
"평창수 박스 2,500원 새벽배송",음료,생수,BEVERAGE,,,생수,1
"[풀무원] 백산수, 500g",음료,생수,BEVERAGE,,,생수,1
[오뚜기] 삼다수 3입,음료,생수,BEVERAGE,,삼다수,생수,1
"빙그레 아이시스 1L 2,500원",음료,생수,BEVERAGE,,아이시스,생수,1
"에비앙 29,800원",음료,생수,BEVERAGE,,,생수,1
대상 평창수 400g,음료,생수,BEVERAGE,,,생수,1
"해태 백산수 1봉 5,500원",음료,생수,BEVERAGE,,,생수,1
"롯데 삼다수 200g 2,500원, 2+1",음료,생수,BEVERAGE,,삼다수,생수,1
[풀무원] 아이시스 400g 온라인전용,음료,생수,BEVERAGE,,아이시스,생수,1
매일 에비앙 300g,음료,생수,BEVERAGE,,,생수,1
"농심 평창수 29,800원 당일발송",음료,생수,BEVERAGE,,,생수,1
"동원 백산수, 1L",음료,생수,BEVERAGE,,,생수,1
대상 삼다수 2kg,음료,생수,BEVERAGE,,삼다수,생수,1
"아이시스 10개입 19,900원",음료,생수,BEVERAGE,,아이시스,생수,1
"대상 에비앙 3입 3,910원",음료,생수,BEVERAGE,,,생수,1
해태 평창수 400g,음료,생수,BEVERAGE,,,생수,1
"오뚜기 백산수, 12,900원",음료,생수,BEVERAGE,,,생수,1
[대상] 삼다수 6개입,음료,생수,BEVERAGE,,삼다수,생수,1
풀무원 아이시스,음료,생수,BEVERAGE,,아이시스,생수,1
"[무료배송] 에비앙 5,500원 산지직송",음료,생수,BEVERAGE,,,생수,1
"[동원] 평창수 150ml, 19,900원",음료,생수,BEVERAGE,,,생수,1
"빙그레 백산수 6개입 3,910원",음료,생수,BEVERAGE,,,생수,1
"[노브랜드] 삼다수 12,900원",음료,생수,BEVERAGE,,삼다수,생수,1
오뚜기 아이시스,음료,생수,BEVERAGE,,아이시스,생수,1
"에비앙 12개 3,910원, HACCP",음료,생수,BEVERAGE,,,생수,1
"[해태] 평창수 9,900원 (100g당 1,955원), 산지직송",음료,생수,BEVERAGE,,,생수,1
[행사] 백산수 HACCP,음료,생수,BEVERAGE,,,생수,1
"동원 토레타 2kg, 5,500원",음료,이온음료,BEVERAGE,,,이온음료,1
게토레이 레몬 3입,음료,이온음료,BEVERAGE,,게토레이,이온음료,1
"[대용량] 파워에이드 마운틴블라스트 100g, 1+1",음료,이온음료,BEVERAGE,,파워에이드,이온음료,1
[CJ] 포카리스웨트,음료,이온음료,BEVERAGE,,포카리스웨트,이온음료,1
[국내산] 파워에이드 제로 1L,음료,이온음료,BEVERAGE,,파워에이드,이온음료,1
[국내산] 포카리스웨트 분말 330ml 쿠폰할인,음료,이온음료,BEVERAGE,,포카리스웨트,이온음료,1
오뚜기 파워에이드 레몬 무료배송,음료,이온음료,BEVERAGE,,파워에이드,이온음료,1
CJ 아쿠아리우스 2kg,음료,이온음료,BEVERAGE,,,이온음료,1
2% 아쿠아 150ml 1+1,음료,이온음료,BEVERAGE,,,이온음료,1
게토레이 블루볼트 20입,음료,이온음료,BEVERAGE,,게토레이,이온음료,1
"오뚜기 토레타, 200g",음료,이온음료,BEVERAGE,,,이온음료,1
매일 게토레이 레몬 10개입 택1,음료,이온음료,BEVERAGE,,게토레이,이온음료,1
"[행사] 파워에이드 마운틴블라스트 낱개, 산지직송",음료,이온음료,BEVERAGE,,파워에이드,이온음료,1
피코크 포카리스웨트 500ml 온라인전용,음료,이온음료,BEVERAGE,,포카리스웨트,이온음료,1
"[국내산] 파워에이드 제로, 낱개",음료,이온음료,BEVERAGE,,파워에이드,이온음료,1
매일 포카리스웨트 분말 3입,음료,이온음료,BEVERAGE,,포카리스웨트,이온음료,1
"농심 파워에이드 레몬 20입 2,500원",음료,이온음료,BEVERAGE,,파워에이드,이온음료,1
풀무원 아쿠아리우스 20입 HACCP,음료,이온음료,BEVERAGE,,,이온음료,1
"[무료배송] 2% 아쿠아 1L 5,500원",음료,이온음료,BEVERAGE,,,이온음료,1
"[동원] 게토레이 블루볼트 150ml, 1,980원",음료,이온음료,BEVERAGE,,게토레이,이온음료,1
"노브랜드 토레타 2,500원, 최대 195원 적립",음료,이온음료,BEVERAGE,,,이온음료,1
[대상] 게토레이 레몬 250g 행사상품,음료,이온음료,BEVERAGE,,게토레이,이온음료,1
[피코크] 파워에이드 마운틴블라스트 100g,음료,이온음료,BEVERAGE,,파워에이드,이온음료,1
피코크 포카리스웨트 300g,음료,이온음료,BEVERAGE,,포카리스웨트,이온음료,1
"[피코크] 파워에이드 제로 200g 12,900원",음료,이온음료,BEVERAGE,,파워에이드,이온음료,1
[풀무원] 포카리스웨트 분말 500g 행사상품,음료,이온음료,BEVERAGE,,포카리스웨트,이온음료,1
"[무료배송] 파워에이드 레몬 150ml 1,980원 당일발송",음료,이온음료,BEVERAGE,,파워에이드,이온음료,1
[곰곰] 아쿠아리우스 3입 산지직송,음료,이온음료,BEVERAGE,,,이온음료,1
"[국내산] 2% 아쿠아, 1kg",음료,이온음료,BEVERAGE,,,이온음료,1
[프레시지] 게토레이 블루볼트 500ml,음료,이온음료,BEVERAGE,,게토레이,이온음료,1
"해태 토레타, 낱개",음료,이온음료,BEVERAGE,,,이온음료,1
[무료배송] 게토레이 레몬 1.5L,음료,이온음료,BEVERAGE,,게토레이,이온음료,1
"파워에이드 마운틴블라스트 3,910원",음료,이온음료,BEVERAGE,,파워에이드,이온음료,1
[빙그레] 포카리스웨트,음료,이온음료,BEVERAGE,,포카리스웨트,이온음료,1
파워에이드 제로 2kg 새벽배송,음료,이온음료,BEVERAGE,,파워에이드,이온음료,1
[대용량] 포카리스웨트 분말,음료,이온음료,BEVERAGE,,포카리스웨트,이온음료,1
[피코크] 파워에이드 레몬 20입,음료,이온음료,BEVERAGE,,파워에이드,이온음료,1
[곰곰] 아쿠아리우스 1kg 최대 195원 적립,음료,이온음료,BEVERAGE,,,이온음료,1
"롯데 2% 아쿠아 10개입 12,900원 최대 195원 적립",음료,이온음료,BEVERAGE,,,이온음료,1
"[대상] 게토레이 블루볼트, 1L",음료,이온음료,BEVERAGE,,게토레이,이온음료,1
토레타,음료,이온음료,BEVERAGE,,,이온음료,1
[대용량] 게토레이 레몬 1L 택1,음료,이온음료,BEVERAGE,,게토레이,이온음료,1
롯데 파워에이드 마운틴블라스트 20입,음료,이온음료,BEVERAGE,,파워에이드,이온음료,1
"CJ 포카리스웨트, 2+1",음료,이온음료,BEVERAGE,,포카리스웨트,이온음료,1
"[노브랜드] 파워에이드 제로 150ml, HACCP",음료,이온음료,BEVERAGE,,파워에이드,이온음료,1
"[노브랜드] 포카리스웨트 분말 250g 12,900원",음료,이온음료,BEVERAGE,,포카리스웨트,이온음료,1
[국내산] 파워에이드 레몬 3입 오늘출발,음료,이온음료,BEVERAGE,,파워에이드,이온음료,1
"오뚜기 아쿠아리우스, 500ml",음료,이온음료,BEVERAGE,,,이온음료,1
"[1+1] 2% 아쿠아 5,500원",음료,이온음료,BEVERAGE,,,이온음료,1
게토레이 블루볼트 12개,음료,이온음료,BEVERAGE,,게토레이,이온음료,1
[1+1] 토레타 10개입 산지직송,음료,이온음료,BEVERAGE,,,이온음료,1
[농심] 게토레이 레몬 250g 택1,음료,이온음료,BEVERAGE,,게토레이,이온음료,1
"[대용량] 파워에이드 마운틴블라스트 150ml 19,900원",음료,이온음료,BEVERAGE,,파워에이드,이온음료,1
"풀무원 포카리스웨트 12개, 3,910원",음료,이온음료,BEVERAGE,,포카리스웨트,이온음료,1
"[행사] 파워에이드 제로 박스 2,500원",음료,이온음료,BEVERAGE,,파워에이드,이온음료,1
[대용량] 포카리스웨트 분말,음료,이온음료,BEVERAGE,,포카리스웨트,이온음료,1
"롯데 파워에이드 레몬, 330ml",음료,이온음료,BEVERAGE,,파워에이드,이온음료,1
곰곰 아쿠아리우스 330ml,음료,이온음료,BEVERAGE,,,이온음료,1
[무료배송] 2% 아쿠아,음료,이온음료,BEVERAGE,,,이온음료,1
"[무료배송] 게토레이 블루볼트 20입 12,900원, 산지직송",음료,이온음료,BEVERAGE,,게토레이,이온음료,1
토레타 1봉 당일발송,음료,이온음료,BEVERAGE,,,이온음료,1
"곰곰 게토레이 레몬 20입 2,500원",음료,이온음료,BEVERAGE,,게토레이,이온음료,1
[무료배송] 파워에이드 마운틴블라스트 1봉,음료,이온음료,BEVERAGE,,파워에이드,이온음료,1
"[곰곰] 포카리스웨트 1L 3,910원",음료,이온음료,BEVERAGE,,포카리스웨트,이온음료,1
"롯데 파워에이드 제로 200g, 3,910원",음료,이온음료,BEVERAGE,,파워에이드,이온음료,1
[빙그레] 포카리스웨트 분말 200g,음료,이온음료,BEVERAGE,,포카리스웨트,이온음료,1
CJ 파워에이드 레몬 1kg,음료,이온음료,BEVERAGE,,파워에이드,이온음료,1
"[국내산] 아쿠아리우스 150ml 12,900원, 온라인전용",음료,이온음료,BEVERAGE,,,이온음료,1
"[대용량] 2% 아쿠아 10개입 19,900원",음료,이온음료,BEVERAGE,,,이온음료,1
"[대용량] 게토레이 블루볼트 330ml 3,910원 최대 195원 적립",음료,이온음료,BEVERAGE,,게토레이,이온음료,1
토레타,음료,이온음료,BEVERAGE,,,이온음료,1
[프레시지] 게토레이 레몬 100g,음료,이온음료,BEVERAGE,,게토레이,이온음료,1
파워에이드 마운틴블라스트 6개입,음료,이온음료,BEVERAGE,,파워에이드,이온음료,1
"[농심] 포카리스웨트 10개입 3,910원",음료,이온음료,BEVERAGE,,포카리스웨트,이온음료,1
"해태 파워에이드 제로 150ml 19,900원 산지직송",음료,이온음료,BEVERAGE,,파워에이드,이온음료,1
"[농심] 포카리스웨트 분말, 1.5L",음료,이온음료,BEVERAGE,,포카리스웨트,이온음료,1
오뚜기 파워에이드 레몬 10개입 최대 195원 적립,음료,이온음료,BEVERAGE,,파워에이드,이온음료,1
[빙그레] 아쿠아리우스 2kg 최대 195원 적립,음료,이온음료,BEVERAGE,,,이온음료,1
[1+1] 2% 아쿠아 500g,음료,이온음료,BEVERAGE,,,이온음료,1
대상 게토레이 블루볼트,음료,이온음료,BEVERAGE,,게토레이,이온음료,1
"[동원] 토레타 6개입 3,910원",음료,이온음료,BEVERAGE,,,이온음료,1
"피코크 게토레이 레몬, 100g",음료,이온음료,BEVERAGE,,게토레이,이온음료,1
"[피코크] 파워에이드 마운틴블라스트 1kg 3,910원",음료,이온음료,BEVERAGE,,파워에이드,이온음료,1
"[CJ] 포카리스웨트, 500ml",음료,이온음료,BEVERAGE,,포카리스웨트,이온음료,1
파워에이드 제로 12개,음료,이온음료,BEVERAGE,,파워에이드,이온음료,1
"노브랜드 포카리스웨트 분말 10개입 12,900원",음료,이온음료,BEVERAGE,,포카리스웨트,이온음료,1
동원 파워에이드 레몬 300g,음료,이온음료,BEVERAGE,,파워에이드,이온음료,1
[롯데] 아쿠아리우스 1kg,음료,이온음료,BEVERAGE,,,이온음료,1
"2% 아쿠아 3입, 당일발송",음료,이온음료,BEVERAGE,,,이온음료,1
풀무원 게토레이 블루볼트 1L,음료,이온음료,BEVERAGE,,게토레이,이온음료,1
"[행사] 토레타 12개, 무료배송",음료,이온음료,BEVERAGE,,,이온음료,1
"[행사] 게토레이 레몬 250g 19,900원 오늘출발",음료,이온음료,BEVERAGE,,게토레이,이온음료,1
"프레시지 파워에이드 마운틴블라스트 9,900원 (100g당 1,955원), 쿠폰할인",음료,이온음료,BEVERAGE,,파워에이드,이온음료,1
[프레시지] 포카리스웨트 낱개 택1,음료,이온음료,BEVERAGE,,포카리스웨트,이온음료,1
파워에이드 제로 500ml 온라인전용,음료,이온음료,BEVERAGE,,파워에이드,이온음료,1
대상 포카리스웨트 분말 200g,음료,이온음료,BEVERAGE,,포카리스웨트,이온음료,1
"[롯데] 파워에이드 레몬 6개입, 행사상품",음료,이온음료,BEVERAGE,,파워에이드,이온음료,1
"[행사] 아쿠아리우스 500ml, 12,900원",음료,이온음료,BEVERAGE,,,이온음료,1
2% 아쿠아 250g,음료,이온음료,BEVERAGE,,,이온음료,1
[곰곰] 게토레이 블루볼트 500ml,음료,이온음료,BEVERAGE,,게토레이,이온음료,1
"[해태] 토레타 2kg 12,900원",음료,이온음료,BEVERAGE,,,이온음료,1
[무료배송] 게토레이 레몬 낱개 택1,음료,이온음료,BEVERAGE,,게토레이,이온음료,1
피코크 파워에이드 마운틴블라스트 2팩 오늘출발,음료,이온음료,BEVERAGE,,파워에이드,이온음료,1
노브랜드 포카리스웨트 2kg 새벽배송,음료,이온음료,BEVERAGE,,포카리스웨트,이온음료,1
"파워에이드 제로 300g 2,500원",음료,이온음료,BEVERAGE,,파워에이드,이온음료,1
[동원] 포카리스웨트 분말 당일발송,음료,이온음료,BEVERAGE,,포카리스웨트,이온음료,1
"CJ 파워에이드 레몬 2팩 12,900원",음료,이온음료,BEVERAGE,,파워에이드,이온음료,1
"[대상] 아쿠아리우스 150ml 12,900원 당일발송",음료,이온음료,BEVERAGE,,,이온음료,1
"[대용량] 2% 아쿠아 2,500원",음료,이온음료,BEVERAGE,,,이온음료,1
"동원 게토레이 블루볼트 1.5L, 3,910원",음료,이온음료,BEVERAGE,,게토레이,이온음료,1
"[대용량] 토레타 6개입 1,980원",음료,이온음료,BEVERAGE,,,이온음료,1
매일 게토레이 레몬 250g,음료,이온음료,BEVERAGE,,게토레이,이온음료,1
"해태 파워에이드 마운틴블라스트 3,910원, 온라인전용",음료,이온음료,BEVERAGE,,파워에이드,이온음료,1
"빙그레 포카리스웨트 19,900원",음료,이온음료,BEVERAGE,,포카리스웨트,이온음료,1
빙그레 파워에이드 제로 400g,음료,이온음료,BEVERAGE,,파워에이드,이온음료,1
[풀무원] 포카리스웨트 분말 500ml,음료,이온음료,BEVERAGE,,포카리스웨트,이온음료,1
파워에이드 레몬 1.5L,음료,이온음료,BEVERAGE,,파워에이드,이온음료,1
노브랜드 닭정육 150ml,육류/계란,닭고기,RAW_MEAT,,,닭다리살,1
해태 닭다리살 12개,육류/계란,닭고기,RAW_MEAT,,,닭다리살,1
"[행사] 닭다리 2,500원",육류/계란,닭고기,RAW_MEAT,,,닭다리살,1
"닭정육 10개입 29,800원, 행사상품",육류/계란,닭고기,RAW_MEAT,,,닭다리살,1
"피코크 닭다리살 10개입, 9,900원 (100g당 1,955원)",육류/계란,닭고기,RAW_MEAT,,,닭다리살,1
[대상] 닭다리 1L 쿠폰할인,육류/계란,닭고기,RAW_MEAT,,,닭다리살,1
"[해태] 통닭 1L 3,910원",육류/계란,닭고기,RAW_MEAT,,,생닭,1
"피코크 영계 1,980원 당일발송",육류/계란,닭고기,RAW_MEAT,,,생닭,1
"대상 생닭 330ml 1,980원",육류/계란,닭고기,RAW_MEAT,,,생닭,1
"[롯데] 백숙용 닭 400g, 9,900원 (100g당 1,955원)",육류/계란,닭고기,RAW_MEAT,,,생닭,1
통닭 500ml,육류/계란,닭고기,RAW_MEAT,,,생닭,1
영계,육류/계란,닭고기,RAW_MEAT,,,생닭,1
생닭 박스,육류/계란,닭고기,RAW_MEAT,,,생닭,1
[국내산] 백숙용 닭 12개 새벽배송,육류/계란,닭고기,RAW_MEAT,,,생닭,1
롯데 닭안심 400g,육류/계란,닭고기,RAW_MEAT,,,닭 안심,1
[동원] 닭안심 1.5L,육류/계란,닭고기,RAW_MEAT,,,닭 안심,1
닭안심 500g,육류/계란,닭고기,RAW_MEAT,,,닭 안심,1
"[1+1] 닭안심 1.5L 2,500원 1+1",육류/계란,닭고기,RAW_MEAT,,,닭 안심,1
"프레시지 닭안심 200g, HACCP",육류/계란,닭고기,RAW_MEAT,,,닭 안심,1
"[동원] 닭안심 박스 12,900원 새벽배송",육류/계란,닭고기,RAW_MEAT,,,닭 안심,1
[대상] 닭안심 쿠폰할인,육류/계란,닭고기,RAW_MEAT,,,닭 안심,1
"곰곰 닭안심 6개입 2,500원",육류/계란,닭고기,RAW_MEAT,,,닭 안심,1
"롯데 윙 9,900원 (100g당 1,955원)",육류/계란,닭고기,RAW_MEAT,,,닭날개,1
[행사] 봉 2kg 당일발송,육류/계란,닭고기,RAW_MEAT,,,닭날개,1
"[해태] 닭날개 330ml 1,980원",육류/계란,닭고기,RAW_MEAT,,,닭날개,1
"[프레시지] 윙 500g 3,910원",육류/계란,닭고기,RAW_MEAT,,,닭날개,1
"[1+1] 봉, 3,910원",육류/계란,닭고기,RAW_MEAT,,,닭날개,1
풀무원 닭날개 400g,육류/계란,닭고기,RAW_MEAT,,,닭날개,1
"[대용량] 윙 3입, 행사상품",육류/계란,닭고기,RAW_MEAT,,,닭날개,1
해태 봉,육류/계란,닭고기,RAW_MEAT,,,닭날개,1
[대용량] 닭날개 10개입,육류/계란,닭고기,RAW_MEAT,,,닭날개,1
농심 윙 1kg,육류/계란,닭고기,RAW_MEAT,,,닭날개,1
닭갈비용 닭 당일발송,육류/계란,닭고기,RAW_MEAT,,,닭 다짐육,1
"곰곰 닭다짐육, 박스",육류/계란,닭고기,RAW_MEAT,,,닭 다짐육,1
[해태] 닭갈비용 닭 150ml,육류/계란,닭고기,RAW_MEAT,,,닭 다짐육,1
"[대상] 닭다짐육, 500g",육류/계란,닭고기,RAW_MEAT,,,닭 다짐육,1
[오뚜기] 닭갈비용 닭 330ml 행사상품,육류/계란,닭고기,RAW_MEAT,,,닭 다짐육,1
[곰곰] 닭다짐육 400g,육류/계란,닭고기,RAW_MEAT,,,닭 다짐육,1
"[1+1] 닭갈비용 닭 330ml 12,900원",육류/계란,닭고기,RAW_MEAT,,,닭 다짐육,1
닭다짐육 2kg,육류/계란,닭고기,RAW_MEAT,,,닭 다짐육,1
"닭갈비용 닭 2kg 2,500원",육류/계란,닭고기,RAW_MEAT,,,닭 다짐육,1
"오뚜기 닭다짐육 2kg 9,900원 (100g당 1,955원) 산지직송",육류/계란,닭고기,RAW_MEAT,,,닭 다짐육,1
[대용량] 닭갈비용 닭 500g,육류/계란,닭고기,RAW_MEAT,,,닭 다짐육,1
빙그레 닭목살,육류/계란,닭고기,RAW_MEAT,,,기타 닭고기,1
"[빙그레] 닭발, 100g",육류/계란,닭고기,RAW_MEAT,,,기타 닭고기,1
[피코크] 영계 최대 195원 적립,육류/계란,닭고기,RAW_MEAT,,,기타 닭고기,1
"[풀무원] 백숙용 닭 250g 12,900원",육류/계란,닭고기,RAW_MEAT,,,기타 닭고기,1
"[피코크] 닭껍질 29,800원 온라인전용",육류/계란,닭고기,RAW_MEAT,,,기타 닭고기,1
"[해태] 토종닭, 500g",육류/계란,닭고기,RAW_MEAT,,,기타 닭고기,1
피코크 닭모래집 100g,육류/계란,닭고기,RAW_MEAT,,,기타 닭고기,1
[CJ] 닭근위 200g 택1,육류/계란,닭고기,RAW_MEAT,,,기타 닭고기,1
"곰곰 닭목살, 400g",육류/계란,닭고기,RAW_MEAT,,,기타 닭고기,1
[대용량] 닭발 1봉 산지직송,육류/계란,닭고기,RAW_MEAT,,,기타 닭고기,1
"피코크 영계 1,980원",육류/계란,닭고기,RAW_MEAT,,,기타 닭고기,1
"오뚜기 백숙용 닭 20입 19,900원",육류/계란,닭고기,RAW_MEAT,,,기타 닭고기,1
[농심] 바베큐 등갈비 3입,육류/계란,돼지고기,RAW_MEAT,,,등갈비,1
[롯데] 돼지안심 박스 최대 195원 적립,육류/계란,돼지고기,RAW_MEAT,,,돼지 안심,1
돼지안심 1.5L 당일발송,육류/계란,돼지고기,RAW_MEAT,,,돼지 안심,1
[행사] 후지 2kg,육류/계란,돼지고기,RAW_MEAT,,,뒷다리살,1
"뒷다리살 250g, 19,900원",육류/계란,돼지고기,RAW_MEAT,,,뒷다리살,1
[무료배송] 후지 1봉,육류/계란,돼지고기,RAW_MEAT,,,뒷다리살,1
[1+1] 오겹살 150ml 오늘출발,육류/계란,돼지고기,RAW_MEAT,,,오겹살,1
노브랜드 오겹살 400g,육류/계란,돼지고기,RAW_MEAT,,,오겹살,1
"빙그레 오겹살 100g, 2,500원",육류/계란,돼지고기,RAW_MEAT,,,오겹살,1
"동원 오겹살 6개입, 행사상품",육류/계란,돼지고기,RAW_MEAT,,,오겹살,1
롯데 오겹살 20입 무료배송,육류/계란,돼지고기,RAW_MEAT,,,오겹살,1
롯데 갈매기살 낱개,육류/계란,돼지고기,RAW_MEAT,,,갈매기살,1
"[국내산] 갈매기살 9,900원 (100g당 1,955원)",육류/계란,돼지고기,RAW_MEAT,,,갈매기살,1
[노브랜드] 갈매기살 500ml 쿠폰할인,육류/계란,돼지고기,RAW_MEAT,,,갈매기살,1
갈매기살 12개,육류/계란,돼지고기,RAW_MEAT,,,갈매기살,1
동원 갈매기살 2팩,육류/계란,돼지고기,RAW_MEAT,,,갈매기살,1
[농심] 돼지 항정살 슬라이스 1L,육류/계란,돼지고기,RAW_MEAT,,,기타 돼지고기,1
돼지 곱창 100g,육류/계란,돼지고기,RAW_MEAT,,,기타 돼지고기,1
노브랜드 돼지 막창 10개입 최대 195원 적립,육류/계란,돼지고기,RAW_MEAT,,,기타 돼지고기,1
돼지 사태 200g,육류/계란,돼지고기,RAW_MEAT,,,기타 돼지고기,1
농심 돼지 갈매기살 2kg,육류/계란,돼지고기,RAW_MEAT,,,기타 돼지고기,1
"프레시지 돼지 가브리살 5,500원 새벽배송",육류/계란,돼지고기,RAW_MEAT,,,기타 돼지고기,1
"[무료배송] 돼지 등뼈 19,900원",육류/계란,돼지고기,RAW_MEAT,,,기타 돼지고기,1
"[무료배송] 돼지 머릿고기, 6개입",육류/계란,돼지고기,RAW_MEAT,,,기타 돼지고기,1
[무료배송] 훈제란 1봉,육류/계란,계란,RAW_MEAT,,,구운란,1
"풀무원 구운란, 10개입",육류/계란,계란,RAW_MEAT,,,구운란,1
[노브랜드] 훈제란,육류/계란,계란,RAW_MEAT,,,구운란,1
[1+1] 구운란 500g 오늘출발,육류/계란,계란,RAW_MEAT,,,구운란,1
"[1+1] 훈제란 100g, 온라인전용",육류/계란,계란,RAW_MEAT,,,구운란,1
"[행사] 구운란 박스 12,900원 온라인전용",육류/계란,계란,RAW_MEAT,,,구운란,1
CJ 훈제란 2팩,육류/계란,계란,RAW_MEAT,,,구운란,1
노브랜드 반숙란 2팩,육류/계란,계란,RAW_MEAT,,,반숙란,1
피코크 온천란 200g,육류/계란,계란,RAW_MEAT,,,반숙란,1
"오뚜기 반숙란, 330ml",육류/계란,계란,RAW_MEAT,,,반숙란,1
[대용량] 온천란 2kg 산지직송,육류/계란,계란,RAW_MEAT,,,반숙란,1
피코크 반숙란,육류/계란,계란,RAW_MEAT,,,반숙란,1
[1+1] 온천란 330ml,육류/계란,계란,RAW_MEAT,,,반숙란,1
"롯데 반숙란 6개입 2,500원",육류/계란,계란,RAW_MEAT,,,반숙란,1
"CJ 온천란 300g 12,900원",육류/계란,계란,RAW_MEAT,,,반숙란,1
해태 반숙란 330ml,육류/계란,계란,RAW_MEAT,,,반숙란,1
"[노브랜드] 온천란 300g 2,500원",육류/계란,계란,RAW_MEAT,,,반숙란,1
"[피코크] 반숙란 1.5L 9,900원 (100g당 1,955원) 택1",육류/계란,계란,RAW_MEAT,,,반숙란,1
CJ 온천란 500g,육류/계란,계란,RAW_MEAT,,,반숙란,1
[1+1] 반숙란 10개입,육류/계란,계란,RAW_MEAT,,,반숙란,1
노브랜드 온천란 1봉,육류/계란,계란,RAW_MEAT,,,반숙란,1
롯데 훈제 메추리알 200g,육류/계란,계란,RAW_MEAT,,,메추리알,1
[무료배송] 메추리알 2팩 오늘출발,육류/계란,계란,RAW_MEAT,,,메추리알,1
피코크 조림용 메추리알 300g,육류/계란,계란,RAW_MEAT,,,메추리알,1
"[국내산] 훈제 메추리알 100g, 5,500원",육류/계란,계란,RAW_MEAT,,,메추리알,1
[CJ] 메추리알 10개입,육류/계란,계란,RAW_MEAT,,,메추리알,1
프레시지 조림용 메추리알 200g 산지직송,육류/계란,계란,RAW_MEAT,,,메추리알,1
"[노브랜드] 훈제 메추리알 6개입, 새벽배송",육류/계란,계란,RAW_MEAT,,,메추리알,1
[롯데] 메추리알 3입,육류/계란,계란,RAW_MEAT,,,메추리알,1
해태 조림용 메추리알 500g 쿠폰할인,육류/계란,계란,RAW_MEAT,,,메추리알,1
"[무료배송] 훈제 메추리알 낱개 19,900원",육류/계란,계란,RAW_MEAT,,,메추리알,1
대상 메추리알,육류/계란,계란,RAW_MEAT,,,메추리알,1
[무료배송] 조림용 메추리알 1.5L,육류/계란,계란,RAW_MEAT,,,메추리알,1
[1+1] 훈제 메추리알 400g 온라인전용,육류/계란,계란,RAW_MEAT,,,메추리알,1
"[무료배송] 메추리알 330ml, 당일발송",육류/계란,계란,RAW_MEAT,,,메추리알,1
동원 조림용 메추리알,육류/계란,계란,RAW_MEAT,,,메추리알,1
"[대상] 훈제 메추리알 500ml 2,500원 산지직송",육류/계란,계란,RAW_MEAT,,,메추리알,1
"[무료배송] 미니 비엔나, 2,500원",육류/계란,가공육(햄/소시지),PROCESSED_MEAT,,,비엔나 소세지,1
"[무료배송] 비엔나소시지, 1봉",육류/계란,가공육(햄/소시지),PROCESSED_MEAT,,,비엔나 소세지,1
매일 살라미 3입 2+1,육류/계란,가공육(햄/소시지),PROCESSED_MEAT,,,살라미,1
농심 페퍼로니 10개입,육류/계란,가공육(햄/소시지),PROCESSED_MEAT,,,살라미,1
"[매일] 살라미 1L 12,900원",육류/계란,가공육(햄/소시지),PROCESSED_MEAT,,,살라미,1
"페퍼로니 5,500원 새벽배송",육류/계란,가공육(햄/소시지),PROCESSED_MEAT,,,살라미,1
[빙그레] 살라미 1L 1+1,육류/계란,가공육(햄/소시지),PROCESSED_MEAT,,,살라미,1
"[행사] 소고기 패티 3입 2,500원",육류/계란,가공육(햄/소시지),PROCESSED_MEAT,,,패티,1
"햄버거 패티 1kg, 온라인전용",육류/계란,가공육(햄/소시지),PROCESSED_MEAT,,,패티,1
"[행사] 소고기 패티 6개입 19,900원",육류/계란,가공육(햄/소시지),PROCESSED_MEAT,,,패티,1
[1+1] 햄버거 패티 6개입,육류/계란,가공육(햄/소시지),PROCESSED_MEAT,,,패티,1
"[해태] 소고기 패티 100g 2,500원",육류/계란,가공육(햄/소시지),PROCESSED_MEAT,,,패티,1
"[행사] 햄버거 패티, 500ml",육류/계란,가공육(햄/소시지),PROCESSED_MEAT,,,패티,1
"풀무원 핫바, 100g",육류/계란,가공육(햄/소시지),PROCESSED_MEAT,,,핫바,1
치즈 핫바 300g,육류/계란,가공육(햄/소시지),PROCESSED_MEAT,,,핫바,1
핫바 100g HACCP,육류/계란,가공육(햄/소시지),PROCESSED_MEAT,,,핫바,1
피코크 치즈 핫바 2kg,육류/계란,가공육(햄/소시지),PROCESSED_MEAT,,,핫바,1
[대상] 핫바 300g 새벽배송,육류/계란,가공육(햄/소시지),PROCESSED_MEAT,,,핫바,1
[피코크] 프랑크소시지 산지직송,육류/계란,가공육(햄/소시지),PROCESSED_MEAT,,,소세지,1
"곰곰 순살 닭햄, 1kg",육류/계란,가공육(햄/소시지),PROCESSED_MEAT,,,기타 가공육(햄/소시지),1
"[대용량] 스모크햄 1봉, 1+1",육류/계란,가공육(햄/소시지),PROCESSED_MEAT,,,햄,1
비엔나 김밥햄 200g,육류/계란,가공육(햄/소시지),PROCESSED_MEAT,,,햄,1
"[존쿡 델리미트] 오리지널 페퍼로니 100g (2개입) [원산지:상세설명에 표시]
",육류/계란,가공육(햄/소시지),PROCESSED_MEAT,,스팸,기타 가공육(햄/소시지),1
태석 사조 카나디언햄 1K x6p 가공육 냉동돼지고기 [원산지:상세참조],육류/계란,가공육(햄/소시지),PROCESSED_MEAT,,,기타 가공육(햄/소시지),1
FW 부대찌개 모둠 햄 1kg 냉동 가공육 [원산지:상세설명에 표시],육류/계란,가공육(햄/소시지),PROCESSED_MEAT,,,기타 가공육(햄/소시지),1
"[1+1] 닭가슴살햄 1L 5,500원",육류/계란,가공육(햄/소시지),PROCESSED_MEAT,,,기타 가공육(햄/소시지),1
선진 포크미트햄 1box (1kg x 10개) [원산지:상세설명에 표시],육류/계란,가공육(햄/소시지),PROCESSED_MEAT,,,기타 가공육(햄/소시지),1
[국내산] 양꼬치 낱개 2+1,육류/계란,양고기,RAW_MEAT,,,양꼬치,1
[행사] 마라 양꼬치 1kg,육류/계란,양고기,RAW_MEAT,,,양꼬치,1
"곰곰 향신료 양꼬치 1봉 1,980원",육류/계란,양고기,RAW_MEAT,,,양꼬치,1
"양꼬치 2팩 2,500원 무료배송",육류/계란,양고기,RAW_MEAT,,,양꼬치,1
[빙그레] 마라 양꼬치 새벽배송,육류/계란,양고기,RAW_MEAT,,,양꼬치,1
"[행사] 향신료 양꼬치 100g, 산지직송",육류/계란,양고기,RAW_MEAT,,,양꼬치,1
"[대상] 양꼬치, 500ml",육류/계란,양고기,RAW_MEAT,,,양꼬치,1
"롯데 마라 양꼬치 400g, 1,980원",육류/계란,양고기,RAW_MEAT,,,양꼬치,1
"[롯데] 향신료 양꼬치 250g 12,900원",육류/계란,양고기,RAW_MEAT,,,양꼬치,1
"[농심] 양꼬치 1L 2,500원 택1",육류/계란,양고기,RAW_MEAT,,,양꼬치,1
"농심 마라 양꼬치, 330ml",육류/계란,양고기,RAW_MEAT,,,양꼬치,1
"CJ 향신료 양꼬치 2팩, HACCP",육류/계란,양고기,RAW_MEAT,,,양꼬치,1
"[국내산] 양꼬치 3입 29,800원",육류/계란,양고기,RAW_MEAT,,,양꼬치,1
CJ 마라 양꼬치 330ml,육류/계란,양고기,RAW_MEAT,,,양꼬치,1
향신료 양꼬치 1kg 당일발송,육류/계란,양고기,RAW_MEAT,,,양꼬치,1
[무료배송] 양꼬치 20입,육류/계란,양고기,RAW_MEAT,,,양꼬치,1
"[1+1] 마라 양꼬치, 박스",육류/계란,양고기,RAW_MEAT,,,양꼬치,1
"향신료 양꼬치 1L 9,900원 (100g당 1,955원)",육류/계란,양고기,RAW_MEAT,,,양꼬치,1
"프레시지 양꼬치 박스 1,980원 HACCP",육류/계란,양고기,RAW_MEAT,,,양꼬치,1
"[동원] 마라 양꼬치 10개입 29,800원 1+1",육류/계란,양고기,RAW_MEAT,,,양꼬치,1
"[행사] 향신료 양꼬치 100g 9,900원 (100g당 1,955원) 새벽배송",육류/계란,양고기,RAW_MEAT,,,양꼬치,1
"[해태] 양꼬치 2kg 29,800원",육류/계란,양고기,RAW_MEAT,,,양꼬치,1
"프레시지 마라 양꼬치 300g 19,900원, 당일발송",육류/계란,양고기,RAW_MEAT,,,양꼬치,1
"[국내산] 향신료 양꼬치, 250g",육류/계란,양고기,RAW_MEAT,,,양꼬치,1
"롯데 양꼬치 20입 5,500원",육류/계란,양고기,RAW_MEAT,,,양꼬치,1
"마라 양꼬치 2kg, 12,900원",육류/계란,양고기,RAW_MEAT,,,양꼬치,1
"[국내산] 향신료 양꼬치 12개 3,910원",육류/계란,양고기,RAW_MEAT,,,양꼬치,1
양꼬치,육류/계란,양고기,RAW_MEAT,,,양꼬치,1
[노브랜드] 마라 양꼬치 100g,육류/계란,양고기,RAW_MEAT,,,양꼬치,1
향신료 양꼬치 500ml,육류/계란,양고기,RAW_MEAT,,,양꼬치,1
"[국내산] 양꼬치 1봉 5,500원",육류/계란,양고기,RAW_MEAT,,,양꼬치,1
노브랜드 마라 양꼬치 200g,육류/계란,양고기,RAW_MEAT,,,양꼬치,1
[무료배송] 향신료 양꼬치 12개,육류/계란,양고기,RAW_MEAT,,,양꼬치,1
"[곰곰] 양꼬치 150ml, 9,900원 (100g당 1,955원)",육류/계란,양고기,RAW_MEAT,,,양꼬치,1
[대용량] 마라 양꼬치 1.5L,육류/계란,양고기,RAW_MEAT,,,양꼬치,1
"[행사] 향신료 양꼬치 10개입 3,910원, 택1",육류/계란,양고기,RAW_MEAT,,,양꼬치,1
램찹 300g,육류/계란,양고기,RAW_MEAT,,,양갈비,1
뉴질랜드 양갈비 500ml,육류/계란,양고기,RAW_MEAT,,,양갈비,1
[대용량] 호주산 양갈비 1kg,육류/계란,양고기,RAW_MEAT,,,양갈비,1
램찹 1kg,육류/계란,양고기,RAW_MEAT,,,양갈비,1
해태 뉴질랜드 양갈비 500ml,육류/계란,양고기,RAW_MEAT,,,양갈비,1
[롯데] 호주산 양갈비 150ml 당일발송,육류/계란,양고기,RAW_MEAT,,,양갈비,1
램찹 400g 새벽배송,육류/계란,양고기,RAW_MEAT,,,양갈비,1
"[농심] 뉴질랜드 양갈비, 330ml",육류/계란,양고기,RAW_MEAT,,,양갈비,1
농심 호주산 양갈비,육류/계란,양고기,RAW_MEAT,,,양갈비,1
"[대용량] 램찹 100g 19,900원 최대 195원 적립",육류/계란,양고기,RAW_MEAT,,,양갈비,1
"대상 뉴질랜드 양갈비 5,500원",육류/계란,양고기,RAW_MEAT,,,양갈비,1
"[대용량] 호주산 양갈비 200g 9,900원 (100g당 1,955원)",육류/계란,양고기,RAW_MEAT,,,양갈비,1
"[오뚜기] 램찹 20입 3,910원",육류/계란,양고기,RAW_MEAT,,,양갈비,1
뉴질랜드 양갈비 1L,육류/계란,양고기,RAW_MEAT,,,양갈비,1
해태 호주산 양갈비 300g HACCP,육류/계란,양고기,RAW_MEAT,,,양갈비,1
곰곰 램찹 1.5L,육류/계란,양고기,RAW_MEAT,,,양갈비,1
"[CJ] 뉴질랜드 양갈비 1봉 19,900원",육류/계란,양고기,RAW_MEAT,,,양갈비,1
프레시지 호주산 양갈비 500g,육류/계란,양고기,RAW_MEAT,,,양갈비,1
"[대용량] 램찹, 200g",육류/계란,양고기,RAW_MEAT,,,양갈비,1
"[행사] 뉴질랜드 양갈비 300g 5,500원 오늘출발",육류/계란,양고기,RAW_MEAT,,,양갈비,1
"[동원] 호주산 양갈비 20입 9,900원 (100g당 1,955원)",육류/계란,양고기,RAW_MEAT,,,양갈비,1
동원 램찹 택1,육류/계란,양고기,RAW_MEAT,,,양갈비,1
농심 뉴질랜드 양갈비 200g,육류/계란,양고기,RAW_MEAT,,,양갈비,1
농심 호주산 양갈비 박스,육류/계란,양고기,RAW_MEAT,,,양갈비,1
"CJ 램찹, 100g",육류/계란,양고기,RAW_MEAT,,,양갈비,1
[무료배송] 뉴질랜드 양갈비 330ml,육류/계란,양고기,RAW_MEAT,,,양갈비,1
호주산 양갈비,육류/계란,양고기,RAW_MEAT,,,양갈비,1
"[1+1] 램찹 250g, 오늘출발",육류/계란,양고기,RAW_MEAT,,,양갈비,1
농심 뉴질랜드 양갈비 2팩,육류/계란,양고기,RAW_MEAT,,,양갈비,1
곰곰 호주산 양갈비 400g,육류/계란,양고기,RAW_MEAT,,,양갈비,1
"매일 램찹 1kg 9,900원 (100g당 1,955원)",육류/계란,양고기,RAW_MEAT,,,양갈비,1
"[행사] 뉴질랜드 양갈비 1.5L 19,900원",육류/계란,양고기,RAW_MEAT,,,양갈비,1
[풀무원] 호주산 양갈비 3입,육류/계란,양고기,RAW_MEAT,,,양갈비,1
"[피코크] 램찹 10개입 29,800원 최대 195원 적립",육류/계란,양고기,RAW_MEAT,,,양갈비,1
농심 뉴질랜드 양갈비 150ml,육류/계란,양고기,RAW_MEAT,,,양갈비,1
"매일 호주산 양갈비 2kg 12,900원",육류/계란,양고기,RAW_MEAT,,,양갈비,1
피코크 양 프렌치랙 20입,육류/계란,양고기,RAW_MEAT,,,프렌치랙,1
"오뚜기 프렌치랙 20입 2,500원 산지직송",육류/계란,양고기,RAW_MEAT,,,프렌치랙,1
"[1+1] 양 프렌치랙 500g, 쿠폰할인",육류/계란,양고기,RAW_MEAT,,,프렌치랙,1
프레시지 프렌치랙 300g,육류/계란,양고기,RAW_MEAT,,,프렌치랙,1
"양 프렌치랙 1,980원 새벽배송",육류/계란,양고기,RAW_MEAT,,,프렌치랙,1
"노브랜드 프렌치랙 2kg 29,800원",육류/계란,양고기,RAW_MEAT,,,프렌치랙,1
풀무원 양 프렌치랙 12개,육류/계란,양고기,RAW_MEAT,,,프렌치랙,1
"곰곰 프렌치랙 3입 1,980원",육류/계란,양고기,RAW_MEAT,,,프렌치랙,1
"[대용량] 양 프렌치랙, 300g",육류/계란,양고기,RAW_MEAT,,,프렌치랙,1
"[1+1] 프렌치랙 낱개, 최대 195원 적립",육류/계란,양고기,RAW_MEAT,,,프렌치랙,1
[행사] 양 프렌치랙 300g,육류/계란,양고기,RAW_MEAT,,,프렌치랙,1
"풀무원 프렌치랙 3입 1,980원",육류/계란,양고기,RAW_MEAT,,,프렌치랙,1
양 프렌치랙 1kg,육류/계란,양고기,RAW_MEAT,,,프렌치랙,1
[오뚜기] 프렌치랙 150ml,육류/계란,양고기,RAW_MEAT,,,프렌치랙,1
"[롯데] 양 프렌치랙, 1kg",육류/계란,양고기,RAW_MEAT,,,프렌치랙,1
프레시지 프렌치랙 100g,육류/계란,양고기,RAW_MEAT,,,프렌치랙,1
해태 양 프렌치랙 300g HACCP,육류/계란,양고기,RAW_MEAT,,,프렌치랙,1
[해태] 프렌치랙 1.5L 1+1,육류/계란,양고기,RAW_MEAT,,,프렌치랙,1
"노브랜드 양 프렌치랙 250g 9,900원 (100g당 1,955원)",육류/계란,양고기,RAW_MEAT,,,프렌치랙,1
피코크 프렌치랙 20입,육류/계란,양고기,RAW_MEAT,,,프렌치랙,1
농심 양 프렌치랙 1kg,육류/계란,양고기,RAW_MEAT,,,프렌치랙,1
[농심] 프렌치랙 150ml,육류/계란,양고기,RAW_MEAT,,,프렌치랙,1
"[농심] 양 프렌치랙 6개입, 19,900원",육류/계란,양고기,RAW_MEAT,,,프렌치랙,1
"[국내산] 프렌치랙, 500g",육류/계란,양고기,RAW_MEAT,,,프렌치랙,1
"[동원] 양 프렌치랙 6개입, 3,910원",육류/계란,양고기,RAW_MEAT,,,프렌치랙,1
"프렌치랙 250g 2,500원 온라인전용",육류/계란,양고기,RAW_MEAT,,,프렌치랙,1
[국내산] 양 프렌치랙 250g 산지직송,육류/계란,양고기,RAW_MEAT,,,프렌치랙,1
"[무료배송] 프렌치랙 150ml 29,800원 택1",육류/계란,양고기,RAW_MEAT,,,프렌치랙,1
CJ 양 프렌치랙 3입 HACCP,육류/계란,양고기,RAW_MEAT,,,프렌치랙,1
"매일 프렌치랙 1L, 1,980원",육류/계란,양고기,RAW_MEAT,,,프렌치랙,1
"CJ 양 프렌치랙 10개입 5,500원",육류/계란,양고기,RAW_MEAT,,,프렌치랙,1
"[행사] 프렌치랙 200g, 12,900원",육류/계란,양고기,RAW_MEAT,,,프렌치랙,1
[풀무원] 양 프렌치랙 2팩,육류/계란,양고기,RAW_MEAT,,,프렌치랙,1
[농심] 프렌치랙 박스 오늘출발,육류/계란,양고기,RAW_MEAT,,,프렌치랙,1
"해태 양 프렌치랙 3입, 2,500원",육류/계란,양고기,RAW_MEAT,,,프렌치랙,1
대상 프렌치랙 300g,육류/계란,양고기,RAW_MEAT,,,프렌치랙,1
[국내산] 오리 훈제 가슴살 330ml,육류/계란,오리고기,RAW_MEAT,,,훈제오리,1
"곰곰 수제 훈제오리, 온라인전용",육류/계란,오리고기,RAW_MEAT,,,훈제오리,1
프레시지 참나무 훈제오리,육류/계란,오리고기,RAW_MEAT,,,훈제오리,1
"피코크 훈제오리 슬라이스 150ml 3,910원",육류/계란,오리고기,RAW_MEAT,,,훈제오리,1
"오리 훈제 가슴살 200g 3,910원",육류/계란,오리고기,RAW_MEAT,,,훈제오리,1
"오뚜기 수제 훈제오리 10개입 5,500원 당일발송",육류/계란,오리고기,RAW_MEAT,,,훈제오리,1
롯데 참나무 훈제오리 2kg,육류/계란,오리고기,RAW_MEAT,,,훈제오리,1
"곰곰 훈제오리 슬라이스, 500ml",육류/계란,오리고기,RAW_MEAT,,,훈제오리,1
"빙그레 오리 훈제 가슴살 9,900원 (100g당 1,955원)",육류/계란,오리고기,RAW_MEAT,,,훈제오리,1
[1+1] 수제 훈제오리,육류/계란,오리고기,RAW_MEAT,,,훈제오리,1
프레시지 참나무 훈제오리 400g,육류/계란,오리고기,RAW_MEAT,,,훈제오리,1
"[무료배송] 훈제오리 슬라이스 250g, HACCP",육류/계란,오리고기,RAW_MEAT,,,훈제오리,1
[곰곰] 오리 훈제 가슴살 2팩 2+1,육류/계란,오리고기,RAW_MEAT,,,훈제오리,1
"롯데 수제 훈제오리 500g 29,800원 최대 195원 적립",육류/계란,오리고기,RAW_MEAT,,,훈제오리,1
"대상 참나무 훈제오리 1kg 2,500원",육류/계란,오리고기,RAW_MEAT,,,훈제오리,1
매일 훈제오리 슬라이스 12개,육류/계란,오리고기,RAW_MEAT,,,훈제오리,1
[행사] 오리 훈제 가슴살 20입,육류/계란,오리고기,RAW_MEAT,,,훈제오리,1
"[국내산] 수제 훈제오리 300g 2,500원, 온라인전용",육류/계란,오리고기,RAW_MEAT,,,훈제오리,1
농심 참나무 훈제오리 200g,육류/계란,오리고기,RAW_MEAT,,,훈제오리,1
"피코크 훈제오리 슬라이스 2팩 5,500원",육류/계란,오리고기,RAW_MEAT,,,훈제오리,1
곰곰 오리 훈제 가슴살 1봉,육류/계란,오리고기,RAW_MEAT,,,훈제오리,1
"농심 수제 훈제오리 20입 2,500원",육류/계란,오리고기,RAW_MEAT,,,훈제오리,1
"[프레시지] 참나무 훈제오리 1L 29,800원",육류/계란,오리고기,RAW_MEAT,,,훈제오리,1
프레시지 훈제오리 슬라이스 500ml,육류/계란,오리고기,RAW_MEAT,,,훈제오리,1
[곰곰] 오리 훈제 가슴살 500g,육류/계란,오리고기,RAW_MEAT,,,훈제오리,1
"[무료배송] 수제 훈제오리 200g 3,910원",육류/계란,오리고기,RAW_MEAT,,,훈제오리,1
"[동원] 참나무 훈제오리 3입 3,910원",육류/계란,오리고기,RAW_MEAT,,,훈제오리,1
[CJ] 훈제오리 슬라이스 10개입 행사상품,육류/계란,오리고기,RAW_MEAT,,,훈제오리,1
프레시지 오리 훈제 가슴살,육류/계란,오리고기,RAW_MEAT,,,훈제오리,1
[대용량] 수제 훈제오리 400g 무료배송,육류/계란,오리고기,RAW_MEAT,,,훈제오리,1
"프레시지 참나무 훈제오리 300g, 온라인전용",육류/계란,오리고기,RAW_MEAT,,,훈제오리,1
[오뚜기] 훈제오리 슬라이스 100g 새벽배송,육류/계란,오리고기,RAW_MEAT,,,훈제오리,1
"오리 훈제 가슴살 100g 29,800원, 새벽배송",육류/계란,오리고기,RAW_MEAT,,,훈제오리,1
수제 훈제오리 200g,육류/계란,오리고기,RAW_MEAT,,,훈제오리,1
"[대상] 참나무 훈제오리 10개입, 12,900원",육류/계란,오리고기,RAW_MEAT,,,훈제오리,1
[행사] 훈제오리 슬라이스,육류/계란,오리고기,RAW_MEAT,,,훈제오리,1
"[행사] 오리 훈제 가슴살 330ml, 무료배송",육류/계란,오리고기,RAW_MEAT,,,훈제오리,1
"[오뚜기] 오리 백숙용 박스, 19,900원",육류/계란,오리고기,RAW_MEAT,,,생 오리고기,1
[무료배송] 통오리,육류/계란,오리고기,RAW_MEAT,,,생 오리고기,1
"[무료배송] 오리 주물럭, 300g",육류/계란,오리고기,RAW_MEAT,,,생 오리고기,1
생오리 슬라이스,육류/계란,오리고기,RAW_MEAT,,,생 오리고기,1
"[롯데] 오리 백숙용 1봉 9,900원 (100g당 1,955원) 온라인전용",육류/계란,오리고기,RAW_MEAT,,,생 오리고기,1
롯데 통오리 낱개,육류/계란,오리고기,RAW_MEAT,,,생 오리고기,1
"노브랜드 오리 주물럭, 3입",육류/계란,오리고기,RAW_MEAT,,,생 오리고기,1
생오리 슬라이스 1.5L,육류/계란,오리고기,RAW_MEAT,,,생 오리고기,1
"곰곰 오리 백숙용 250g 5,500원",육류/계란,오리고기,RAW_MEAT,,,생 오리고기,1
"동원 통오리 29,800원 최대 195원 적립",육류/계란,오리고기,RAW_MEAT,,,생 오리고기,1
"농심 오리 주물럭 100g 1,980원",육류/계란,오리고기,RAW_MEAT,,,생 오리고기,1
[농심] 생오리 슬라이스 3입,육류/계란,오리고기,RAW_MEAT,,,생 오리고기,1
[곰곰] 오리 백숙용,육류/계란,오리고기,RAW_MEAT,,,생 오리고기,1
"풀무원 통오리, 250g",육류/계란,오리고기,RAW_MEAT,,,생 오리고기,1
빙그레 오리 주물럭 10개입,육류/계란,오리고기,RAW_MEAT,,,생 오리고기,1
"[롯데] 생오리 슬라이스 19,900원",육류/계란,오리고기,RAW_MEAT,,,생 오리고기,1
"오리 백숙용 2kg 9,900원 (100g당 1,955원) 1+1",육류/계란,오리고기,RAW_MEAT,,,생 오리고기,1
"[행사] 통오리 2kg 2,500원",육류/계란,오리고기,RAW_MEAT,,,생 오리고기,1
[CJ] 오리 주물럭 100g 온라인전용,육류/계란,오리고기,RAW_MEAT,,,생 오리고기,1
빙그레 생오리 슬라이스 10개입,육류/계란,오리고기,RAW_MEAT,,,생 오리고기,1
"[국내산] 오리 백숙용 10개입 12,900원 1+1",육류/계란,오리고기,RAW_MEAT,,,생 오리고기,1
"[농심] 통오리 200g, 12,900원",육류/계란,오리고기,RAW_MEAT,,,생 오리고기,1
"매일 오리 주물럭, 1.5L",육류/계란,오리고기,RAW_MEAT,,,생 오리고기,1
[행사] 생오리 슬라이스 2kg,육류/계란,오리고기,RAW_MEAT,,,생 오리고기,1
"오리 백숙용 1.5L 1,980원",육류/계란,오리고기,RAW_MEAT,,,생 오리고기,1
통오리 2팩,육류/계란,오리고기,RAW_MEAT,,,생 오리고기,1
농심 오리 주물럭 낱개,육류/계란,오리고기,RAW_MEAT,,,생 오리고기,1
[행사] 생오리 슬라이스 250g,육류/계란,오리고기,RAW_MEAT,,,생 오리고기,1
오뚜기 오리 백숙용 1봉 새벽배송,육류/계란,오리고기,RAW_MEAT,,,생 오리고기,1
풀무원 통오리 최대 195원 적립,육류/계란,오리고기,RAW_MEAT,,,생 오리고기,1
대상 오리 주물럭 500g 온라인전용,육류/계란,오리고기,RAW_MEAT,,,생 오리고기,1
"생오리 슬라이스 20입 19,900원 HACCP",육류/계란,오리고기,RAW_MEAT,,,생 오리고기,1
"[매일] 오리 백숙용 1.5L 2,500원",육류/계란,오리고기,RAW_MEAT,,,생 오리고기,1
"통오리 250g 29,800원",육류/계란,오리고기,RAW_MEAT,,,생 오리고기,1
오리 주물럭 10개입,육류/계란,오리고기,RAW_MEAT,,,생 오리고기,1
[국내산] 생오리 슬라이스 행사상품,육류/계란,오리고기,RAW_MEAT,,,생 오리고기,1
"오리 백숙용 250g 3,910원",육류/계란,오리고기,RAW_MEAT,,,생 오리고기,1
[국내산] 오리 가슴살 스테이크 2+1,육류/계란,오리고기,RAW_MEAT,,,오리 가슴살,1
[무료배송] 오리안심 1봉,육류/계란,오리고기,RAW_MEAT,,,오리 가슴살,1
"[농심] 오리 가슴살 스테이크 500ml 1,980원 1+1",육류/계란,오리고기,RAW_MEAT,,,오리 가슴살,1
피코크 오리안심 400g 쿠폰할인,육류/계란,오리고기,RAW_MEAT,,,오리 가슴살,1
"[CJ] 오리 가슴살 스테이크 20입, 2+1",육류/계란,오리고기,RAW_MEAT,,,오리 가슴살,1
"프레시지 오리안심 500g 2,500원",육류/계란,오리고기,RAW_MEAT,,,오리 가슴살,1
"[대용량] 오리 가슴살 스테이크 250g 5,500원",육류/계란,오리고기,RAW_MEAT,,,오리 가슴살,1
"[농심] 오리안심 1.5L, 1,980원",육류/계란,오리고기,RAW_MEAT,,,오리 가슴살,1
"동원 오리 가슴살 스테이크, 1.5L",육류/계란,오리고기,RAW_MEAT,,,오리 가슴살,1
[풀무원] 오리안심 산지직송,육류/계란,오리고기,RAW_MEAT,,,오리 가슴살,1
"농심 오리 가슴살 스테이크 3입 12,900원",육류/계란,오리고기,RAW_MEAT,,,오리 가슴살,1
[해태] 오리안심 산지직송,육류/계란,오리고기,RAW_MEAT,,,오리 가슴살,1
"[빙그레] 오리 가슴살 스테이크, 1kg",육류/계란,오리고기,RAW_MEAT,,,오리 가슴살,1
오리안심 150ml,육류/계란,오리고기,RAW_MEAT,,,오리 가슴살,1
"오뚜기 오리 가슴살 스테이크 300g 1,980원 1+1",육류/계란,오리고기,RAW_MEAT,,,오리 가슴살,1
"오리안심 20입, 29,800원",육류/계란,오리고기,RAW_MEAT,,,오리 가슴살,1
"[무료배송] 오리 가슴살 스테이크 12개 9,900원 (100g당 1,955원)",육류/계란,오리고기,RAW_MEAT,,,오리 가슴살,1
"피코크 오리안심, 300g",육류/계란,오리고기,RAW_MEAT,,,오리 가슴살,1
[행사] 오리 가슴살 스테이크 300g 택1,육류/계란,오리고기,RAW_MEAT,,,오리 가슴살,1
"[풀무원] 오리안심, 330ml",육류/계란,오리고기,RAW_MEAT,,,오리 가슴살,1
"매일 오리 가슴살 스테이크 250g, 2,500원",육류/계란,오리고기,RAW_MEAT,,,오리 가슴살,1
[피코크] 오리안심 6개입,육류/계란,오리고기,RAW_MEAT,,,오리 가슴살,1
"피코크 오리 가슴살 스테이크 2팩 5,500원 온라인전용",육류/계란,오리고기,RAW_MEAT,,,오리 가슴살,1
"오리안심 6개입, 19,900원",육류/계란,오리고기,RAW_MEAT,,,오리 가슴살,1
오리 가슴살 스테이크 12개,육류/계란,오리고기,RAW_MEAT,,,오리 가슴살,1
"[노브랜드] 오리안심 100g 2,500원",육류/계란,오리고기,RAW_MEAT,,,오리 가슴살,1
"매일 오리 가슴살 스테이크 1.5L 2,500원",육류/계란,오리고기,RAW_MEAT,,,오리 가슴살,1
매일 오리안심 20입,육류/계란,오리고기,RAW_MEAT,,,오리 가슴살,1
오뚜기 오리 가슴살 스테이크,육류/계란,오리고기,RAW_MEAT,,,오리 가슴살,1
"[국내산] 오리안심 300g 2,500원",육류/계란,오리고기,RAW_MEAT,,,오리 가슴살,1
CJ 오리 가슴살 스테이크 500ml,육류/계란,오리고기,RAW_MEAT,,,오리 가슴살,1
[행사] 오리안심 2팩 1+1,육류/계란,오리고기,RAW_MEAT,,,오리 가슴살,1
[행사] 오리 가슴살 스테이크 박스 온라인전용,육류/계란,오리고기,RAW_MEAT,,,오리 가슴살,1
[해태] 오리안심 500g,육류/계란,오리고기,RAW_MEAT,,,오리 가슴살,1
"[동원] 오리 가슴살 스테이크 1봉 2,500원",육류/계란,오리고기,RAW_MEAT,,,오리 가슴살,1
"[CJ] 오리안심 500ml, 5,500원",육류/계란,오리고기,RAW_MEAT,,,오리 가슴살,1
[피코크] 오리 가슴살 스테이크 10개입 새벽배송,육류/계란,오리고기,RAW_MEAT,,,오리 가슴살,1
프레시지 피노누아 레드와인 2팩,술,와인,ALCOHOL,,,레드 와인,1
[프레시지] 메를로 레드와인 2팩 쿠폰할인,술,와인,ALCOHOL,,,레드 와인,1
"까베르네 소비뇽 레드와인 박스 1,980원",술,와인,ALCOHOL,,,레드 와인,1
"[대상] 쉬라즈 레드와인 19,900원",술,와인,ALCOHOL,,,레드 와인,1
피노누아 레드와인 쿠폰할인,술,와인,ALCOHOL,,,레드 와인,1
[노브랜드] 메를로 레드와인 온라인전용,술,와인,ALCOHOL,,,레드 와인,1
까베르네 소비뇽 레드와인 330ml,술,와인,ALCOHOL,,,레드 와인,1
피코크 쉬라즈 레드와인 2팩 새벽배송,술,와인,ALCOHOL,,,레드 와인,1
[해태] 피노누아 레드와인 300g 온라인전용,술,와인,ALCOHOL,,,레드 와인,1
"곰곰 메를로 레드와인 12개 19,900원 행사상품",술,와인,ALCOHOL,,,레드 와인,1
"까베르네 소비뇽 레드와인 6개입 2,500원, HACCP",술,와인,ALCOHOL,,,레드 와인,1
[동원] 쉬라즈 레드와인 12개 최대 195원 적립,술,와인,ALCOHOL,,,레드 와인,1
곰곰 피노누아 레드와인 12개 최대 195원 적립,술,와인,ALCOHOL,,,레드 와인,1
"노브랜드 메를로 레드와인 5,500원",술,와인,ALCOHOL,,,레드 와인,1
"[매일] 까베르네 소비뇽 레드와인 6개입 12,900원",술,와인,ALCOHOL,,,레드 와인,1
피코크 소비뇽블랑 화이트와인 200g,술,와인,ALCOHOL,,,화이트 와인,1
[CJ] 모스카토 400g,술,와인,ALCOHOL,,,화이트 와인,1
"[1+1] 리슬링 화이트와인 200g, 19,900원",술,와인,ALCOHOL,,,화이트 와인,1
"해태 샤르도네 화이트와인 150ml 12,900원",술,와인,ALCOHOL,,,화이트 와인,1
"[국내산] 소비뇽블랑 화이트와인 3입 9,900원 (100g당 1,955원)",술,와인,ALCOHOL,,,화이트 와인,1
[오뚜기] 모스카토 2팩 행사상품,술,와인,ALCOHOL,,,화이트 와인,1
"[해태] 리슬링 화이트와인 200g 12,900원",술,와인,ALCOHOL,,,화이트 와인,1
[빙그레] 샤르도네 화이트와인 300g,술,와인,ALCOHOL,,,화이트 와인,1
소비뇽블랑 화이트와인 200g,술,와인,ALCOHOL,,,화이트 와인,1
"모스카토 6개입 29,800원 산지직송",술,와인,ALCOHOL,,,화이트 와인,1
피코크 리슬링 화이트와인 2+1,술,와인,ALCOHOL,,,화이트 와인,1
"[매일] 샤르도네 화이트와인 12,900원",술,와인,ALCOHOL,,,화이트 와인,1
오뚜기 소비뇽블랑 화이트와인 500ml HACCP,술,와인,ALCOHOL,,,화이트 와인,1
[롯데] 모스카토,술,와인,ALCOHOL,,,화이트 와인,1
[풀무원] 리슬링 화이트와인 1봉,술,와인,ALCOHOL,,,화이트 와인,1
"[1+1] 샤르도네 화이트와인 낱개 19,900원",술,와인,ALCOHOL,,,화이트 와인,1
[프레시지] 까바,술,와인,ALCOHOL,,,스파클링 와인,1
[행사] 프로세코 150ml 1+1,술,와인,ALCOHOL,,,스파클링 와인,1
[행사] 스파클링 와인 박스 택1,술,와인,ALCOHOL,,,스파클링 와인,1
"모스카토 다스티 400g 1,980원",술,와인,ALCOHOL,,,스파클링 와인,1
까바 500ml 오늘출발,술,와인,ALCOHOL,,,스파클링 와인,1
빙그레 프로세코,술,와인,ALCOHOL,,,스파클링 와인,1
[동원] 스파클링 와인 500g,술,와인,ALCOHOL,,,스파클링 와인,1
모스카토 다스티 300g,술,와인,ALCOHOL,,,스파클링 와인,1
"[대용량] 까바 500ml, 당일발송",술,와인,ALCOHOL,,,스파클링 와인,1
"[곰곰] 프로세코 150ml 3,910원",술,와인,ALCOHOL,,,스파클링 와인,1
"피코크 스파클링 와인 1.5L 5,500원, 최대 195원 적립",술,와인,ALCOHOL,,,스파클링 와인,1
모스카토 다스티 250g,술,와인,ALCOHOL,,,스파클링 와인,1
"[매일] 까바, 250g",술,와인,ALCOHOL,,,스파클링 와인,1
매일 프로세코 1봉,술,와인,ALCOHOL,,,스파클링 와인,1
"풀무원 스파클링 와인, 1.5L",술,와인,ALCOHOL,,,스파클링 와인,1
CJ 모스카토 다스티 100g 행사상품,술,와인,ALCOHOL,,,스파클링 와인,1
"[풀무원] 까바, 150ml",술,와인,ALCOHOL,,,스파클링 와인,1
"[오뚜기] 프로세코, 박스",술,와인,ALCOHOL,,,스파클링 와인,1
"롯데 스파클링 와인, 10개입",술,와인,ALCOHOL,,,스파클링 와인,1
"[대상] 모스카토 다스티 300g 12,900원",술,와인,ALCOHOL,,,스파클링 와인,1
"[1+1] 까바 2팩 5,500원",술,와인,ALCOHOL,,,스파클링 와인,1
"롯데 프로세코 1.5L 3,910원, 2+1",술,와인,ALCOHOL,,,스파클링 와인,1
스파클링 와인 20입,술,와인,ALCOHOL,,,스파클링 와인,1
피코크 모스카토 다스티 500ml,술,와인,ALCOHOL,,,스파클링 와인,1
"매일 까바 100g 1,980원",술,와인,ALCOHOL,,,스파클링 와인,1
"CJ 프로세코, 12개",술,와인,ALCOHOL,,,스파클링 와인,1
대상 켈리 낱개,술,맥주,ALCOHOL,,,맥주,1
[무료배송] 클라우드 100g,술,맥주,ALCOHOL,,,맥주,1
"[풀무원] 아사히 100g 3,910원",술,맥주,ALCOHOL,,,맥주,1
"[국내산] 테라, 1kg",술,맥주,ALCOHOL,,,맥주,1
"칭따오 1봉 5,500원",술,맥주,ALCOHOL,,,맥주,1
"[행사] 하이네켄 6개입 19,900원 최대 195원 적립",술,맥주,ALCOHOL,,,맥주,1
[행사] 카스 1kg,술,맥주,ALCOHOL,,,맥주,1
[농심] 켈리,술,맥주,ALCOHOL,,,맥주,1
"[대용량] 클라우드 10개입 19,900원 2+1",술,맥주,ALCOHOL,,,맥주,1
[행사] 아사히 쿠폰할인,술,맥주,ALCOHOL,,,맥주,1
해태 테라 400g,술,맥주,ALCOHOL,,,맥주,1
동원 칭따오 330ml,술,맥주,ALCOHOL,,,맥주,1
"[대용량] 하이네켄, 200g",술,맥주,ALCOHOL,,,맥주,1
"[CJ] 카스 300g 3,910원 산지직송",술,맥주,ALCOHOL,,,맥주,1
"빙그레 켈리 1봉, 19,900원",술,맥주,ALCOHOL,,,맥주,1
풀무원 클라우드 2팩 1+1,술,맥주,ALCOHOL,,,맥주,1
"[무료배송] 아사히 3입 3,910원",술,맥주,ALCOHOL,,,맥주,1
"롯데 테라 1L 19,900원",술,맥주,ALCOHOL,,,맥주,1
농심 칭따오 100g,술,맥주,ALCOHOL,,,맥주,1
"[동원] 하이네켄 500ml 3,910원 온라인전용",술,맥주,ALCOHOL,,,맥주,1
"[대용량] 카스 150ml 5,500원",술,맥주,ALCOHOL,,,맥주,1
켈리 500g 새벽배송,술,맥주,ALCOHOL,,,맥주,1
롯데 클라우드 1.5L 산지직송,술,맥주,ALCOHOL,,,맥주,1
"해태 아사히, 100g",술,맥주,ALCOHOL,,,맥주,1
"해태 테라 1L 3,910원",술,맥주,ALCOHOL,,,맥주,1
풀무원 칭따오 1L 택1,술,맥주,ALCOHOL,,,맥주,1
"하이네켄 500ml 1,980원",술,맥주,ALCOHOL,,,맥주,1
[1+1] 카스 1봉,술,맥주,ALCOHOL,,,맥주,1
"오뚜기 켈리 6개입 29,800원",술,맥주,ALCOHOL,,,맥주,1
"[행사] 클라우드, 1.5L",술,맥주,ALCOHOL,,,맥주,1
해태 아사히 1.5L,술,맥주,ALCOHOL,,,맥주,1
롯데 테라,술,맥주,ALCOHOL,,,맥주,1
대상 칭따오 12개,술,맥주,ALCOHOL,,,맥주,1
[피코크] 하이네켄 1kg 1+1,술,맥주,ALCOHOL,,,맥주,1
[동원] 카스 1kg,술,맥주,ALCOHOL,,,맥주,1
"동원 켈리 2팩 1,980원 쿠폰할인",술,맥주,ALCOHOL,,,맥주,1
풀무원 페일에일 12개 새벽배송,술,맥주,ALCOHOL,,,에일,1
"매일 호가든 300g 29,800원 온라인전용",술,맥주,ALCOHOL,,,에일,1
[무료배송] 기네스 10개입 택1,술,맥주,ALCOHOL,,,에일,1
바이젠 2팩,술,맥주,ALCOHOL,,,에일,1
"곰곰 스타우트 100g, 2+1",술,맥주,ALCOHOL,,,에일,1
곰표 밀맥주 1봉 새벽배송,술,맥주,ALCOHOL,,,에일,1
"피코크 IPA 에일 200g 9,900원 (100g당 1,955원) 택1",술,맥주,ALCOHOL,,,에일,1
"[농심] 페일에일 500ml 1,980원, 새벽배송",술,맥주,ALCOHOL,,,에일,1
[1+1] 호가든 20입 쿠폰할인,술,맥주,ALCOHOL,,,에일,1
"CJ 기네스 400g 19,900원",술,맥주,ALCOHOL,,,에일,1
[무료배송] 바이젠 2kg,술,맥주,ALCOHOL,,,에일,1
"풀무원 스타우트 1L 5,500원 온라인전용",술,맥주,ALCOHOL,,,에일,1
곰표 밀맥주 330ml 택1,술,맥주,ALCOHOL,,,에일,1
"해태 IPA 에일 330ml 19,900원",술,맥주,ALCOHOL,,,에일,1
"CJ 페일에일 250g 2,500원",술,맥주,ALCOHOL,,,에일,1
[빙그레] 호가든 300g,술,맥주,ALCOHOL,,,에일,1
롯데 기네스,술,맥주,ALCOHOL,,,에일,1
"매일 바이젠 250g 3,910원",술,맥주,ALCOHOL,,,에일,1
"[빙그레] 스타우트, 100g",술,맥주,ALCOHOL,,,에일,1
"[빙그레] 곰표 밀맥주, 6개입",술,맥주,ALCOHOL,,,에일,1
"대상 IPA 에일, 10개입",술,맥주,ALCOHOL,,,에일,1
"[무료배송] 페일에일, 250g",술,맥주,ALCOHOL,,,에일,1
호가든 박스,술,맥주,ALCOHOL,,,에일,1
"[국내산] 기네스 6개입 3,910원",술,맥주,ALCOHOL,,,에일,1
"[1+1] 바이젠 2팩 19,900원, 행사상품",술,맥주,ALCOHOL,,,에일,1
[오뚜기] 스타우트 박스,술,맥주,ALCOHOL,,,에일,1
"CJ 곰표 밀맥주, 1봉",술,맥주,ALCOHOL,,,에일,1
[대용량] IPA 에일 1봉,술,맥주,ALCOHOL,,,에일,1
"롯데 페일에일 400g 19,900원",술,맥주,ALCOHOL,,,에일,1
농심 호가든 1.5L,술,맥주,ALCOHOL,,,에일,1
기네스,술,맥주,ALCOHOL,,,에일,1
"롯데 바이젠 1,980원 당일발송",술,맥주,ALCOHOL,,,에일,1
"매일 스타우트, 12개",술,맥주,ALCOHOL,,,에일,1
"노브랜드 곰표 밀맥주 10개입 9,900원 (100g당 1,955원) 2+1",술,맥주,ALCOHOL,,,에일,1
"IPA 에일 12개 12,900원 쿠폰할인",술,맥주,ALCOHOL,,,에일,1
동원 페일에일 200g,술,맥주,ALCOHOL,,,에일,1
[대용량] 호가든 250g,술,맥주,ALCOHOL,,,에일,1
"동원 기네스 100g, 9,900원 (100g당 1,955원)",술,맥주,ALCOHOL,,,에일,1
"노브랜드 바이젠 330ml 9,900원 (100g당 1,955원)",술,맥주,ALCOHOL,,,에일,1
"[빙그레] 스타우트 2kg 29,800원",술,맥주,ALCOHOL,,,에일,1
[CJ] 곰표 밀맥주,술,맥주,ALCOHOL,,,에일,1
"[행사] IPA 에일 2kg 12,900원",술,맥주,ALCOHOL,,,에일,1
롯데 페일에일 20입 1+1,술,맥주,ALCOHOL,,,에일,1
매일 아보카도오일 20입,조미료,식용유/기름,SAUCE_SEASONING,,,아보카도 오일,1
"[오뚜기] 코코넛오일, 300g",조미료,식용유/기름,SAUCE_SEASONING,,,코코넛 오일,1
[해태] 코코넛오일 250g,조미료,식용유/기름,SAUCE_SEASONING,,,코코넛 오일,1
"[프레시지] 코코넛오일 29,800원 최대 195원 적립",조미료,식용유/기름,SAUCE_SEASONING,,,코코넛 오일,1
[풀무원] 오뚜기 현미유 1L,조미료,식용유/기름,SAUCE_SEASONING,,오뚜기,현미유,1
"[대용량] 현미유, 2팩",조미료,식용유/기름,SAUCE_SEASONING,,,현미유,1
[행사] 오뚜기 현미유 330ml,조미료,식용유/기름,SAUCE_SEASONING,,오뚜기,현미유,1
"[피코크] 포도씨유 500g 12,900원",조미료,식용유/기름,SAUCE_SEASONING,,,포도씨유,1
[롯데] 청정원 포도씨유 6개입 새벽배송,조미료,식용유/기름,SAUCE_SEASONING,,,포도씨유,1
포도씨유 200g 새벽배송,조미료,식용유/기름,SAUCE_SEASONING,,,포도씨유,1
[롯데] 청정원 포도씨유 250g 택1,조미료,식용유/기름,SAUCE_SEASONING,,,포도씨유,1
[무료배송] 트러플오일 6개입 최대 195원 적립,조미료,식용유/기름,SAUCE_SEASONING,,,기타 기름,1
"[무료배송] 포도씨유, 5,500원",조미료,식용유/기름,SAUCE_SEASONING,,,기타 기름,1
[동원] 현미유 2팩,조미료,식용유/기름,SAUCE_SEASONING,,,기타 기름,1
[행사] 향미유 2팩,조미료,식용유/기름,SAUCE_SEASONING,,,기타 기름,1
"[풀무원] 카놀라유 300g 2,500원, HACCP",조미료,식용유/기름,SAUCE_SEASONING,,,기타 기름,1
[빙그레] 호두기름 100g,조미료,식용유/기름,SAUCE_SEASONING,,,기타 기름,1
드라이이스트 500g,조미료,가루분말,SAUCE_SEASONING,,,이스트,1
"[대용량] 슈가파우더 150ml 29,800원",조미료,가루분말,SAUCE_SEASONING,,,슈가파우더,1
"[오뚜기] 옥수수전분 1kg 3,910원",조미료,가루분말,SAUCE_SEASONING,,,옥수수전분,1
[대용량] 마늘분말,조미료,가루분말,SAUCE_SEASONING,,,갈릭파우더,1
"프레시지 갈릭파우더 400g 12,900원 최대 195원 적립",조미료,가루분말,SAUCE_SEASONING,,,갈릭파우더,1
"[대용량] 울금가루 400g 29,800원 오늘출발",조미료,가루분말,SAUCE_SEASONING,,,강황 가루,1
오뚜기 강황가루 500ml 1+1,조미료,가루분말,SAUCE_SEASONING,,,강황 가루,1
동원 순한맛 카레 1봉,조미료,가루분말,SAUCE_SEASONING,,,카레가루,1
"동원 카레가루 1,980원 당일발송",조미료,가루분말,SAUCE_SEASONING,,,카레가루,1
베이킹파우더,조미료,가루분말,SAUCE_SEASONING,,,베이킹파우더,1
"[대용량] 베이킹파우더 150ml 1,980원, 1+1",조미료,가루분말,SAUCE_SEASONING,,,베이킹파우더,1
"대상 찐빵가루 20입 12,900원 당일발송",조미료,가루분말,SAUCE_SEASONING,,,기타 가루분말,1
동원 우리밀가루 박스,조미료,가루분말,SAUCE_SEASONING,,,기타 가루분말,1
"동원 메밀가루 500g 19,900원",조미료,가루분말,SAUCE_SEASONING,,,기타 가루분말,1
[국내산] 핫케이크가루 2팩,조미료,가루분말,SAUCE_SEASONING,,,기타 가루분말,1
[행사] 도토리가루 20입 택1,조미료,가루분말,SAUCE_SEASONING,,,기타 가루분말,1
농심 중력분 10개입,조미료,가루분말,SAUCE_SEASONING,,,기타 가루분말,1
"[피코크] 스테비아 400g 9,900원 (100g당 1,955원)",조미료,조미료,SAUCE_SEASONING,,,스테비아,1
[동원] 스테비아 2kg,조미료,조미료,SAUCE_SEASONING,,,스테비아,1
"멸치 다시다 12,900원 HACCP",조미료,조미료,SAUCE_SEASONING,,,다시다,1
"[1+1] 쇠고기 다시다 20입, 12,900원",조미료,조미료,SAUCE_SEASONING,,,다시다,1
"[대용량] 김 후리카케 3,910원",조미료,조미료,SAUCE_SEASONING,,,후리카케,1
"[피코크] 후리카케 12개, 당일발송",조미료,조미료,SAUCE_SEASONING,,,후리카케,1
[노브랜드] 연어 후리카케 150ml,조미료,조미료,SAUCE_SEASONING,,,후리카케,1
"곰곰 감치미 낱개 12,900원 HACCP",조미료,조미료,SAUCE_SEASONING,,,미원,1
[노브랜드] 미원 12개,조미료,조미료,SAUCE_SEASONING,,,미원,1
"해태 감치미 400g 2,500원 온라인전용",조미료,조미료,SAUCE_SEASONING,,,미원,1
"동원 파프리카 파우더 20입 2,500원",조미료,조미료,SAUCE_SEASONING,,,파프리카 파우더,1
"[대상] 훈제 파프리카가루 2팩 2,500원",조미료,조미료,SAUCE_SEASONING,,,파프리카 파우더,1
대상 파프리카 파우더 2kg,조미료,조미료,SAUCE_SEASONING,,,파프리카 파우더,1
조미료믹스 250g,조미료,조미료,SAUCE_SEASONING,,,기타 조미료,1
곰곰 후리가케 10개입,조미료,조미료,SAUCE_SEASONING,,,기타 조미료,1
"[행사] 맛가루 낱개, 2,500원",조미료,조미료,SAUCE_SEASONING,,,기타 조미료,1
"[롯데] 감칠맛간장 300g 1,980원",조미료,조미료,SAUCE_SEASONING,,,기타 조미료,1
롯데 치킨스톡 20입 1+1,조미료,조미료,SAUCE_SEASONING,,,기타 조미료,1
오뚜기 비프스톡 2팩,조미료,조미료,SAUCE_SEASONING,,,기타 조미료,1
해태 코인육수 500ml,조미료,조미료,SAUCE_SEASONING,,,기타 조미료,1
"노브랜드 건파슬리 5,500원 2+1",조미료,향신료/허브,SAUCE_SEASONING,,,파슬리,1
"[프레시지] 파슬리 가루, 2팩",조미료,향신료/허브,SAUCE_SEASONING,,,파슬리,1
롯데 건파슬리 3입,조미료,향신료/허브,SAUCE_SEASONING,,,파슬리,1
"매일 파슬리 가루 300g 19,900원",조미료,향신료/허브,SAUCE_SEASONING,,,파슬리,1
"해태 크러시드 레드페퍼, 250g",조미료,향신료/허브,SAUCE_SEASONING,,,레드페퍼,1
칠리플레이크 박스,조미료,향신료/허브,SAUCE_SEASONING,,,레드페퍼,1
"동원 레드페퍼 12개 12,900원",조미료,향신료/허브,SAUCE_SEASONING,,,레드페퍼,1
매일 크러시드 레드페퍼 12개,조미료,향신료/허브,SAUCE_SEASONING,,,레드페퍼,1
"[곰곰] 칠리플레이크, 150ml",조미료,향신료/허브,SAUCE_SEASONING,,,레드페퍼,1
"레드페퍼 2kg 29,800원",조미료,향신료/허브,SAUCE_SEASONING,,,레드페퍼,1
[곰곰] 크러시드 레드페퍼 10개입,조미료,향신료/허브,SAUCE_SEASONING,,,레드페퍼,1
[대상] 칠리플레이크 300g,조미료,향신료/허브,SAUCE_SEASONING,,,레드페퍼,1
[노브랜드] 레드페퍼,조미료,향신료/허브,SAUCE_SEASONING,,,레드페퍼,1
"[매일] 월계수잎, 330ml",조미료,향신료/허브,SAUCE_SEASONING,,,월계수잎,1
"[프레시지] 베이리프 3,910원, 최대 195원 적립",조미료,향신료/허브,SAUCE_SEASONING,,,월계수잎,1
"[노브랜드] 월계수잎 6개입 3,910원 오늘출발",조미료,향신료/허브,SAUCE_SEASONING,,,월계수잎,1
풀무원 베이리프 1봉,조미료,향신료/허브,SAUCE_SEASONING,,,월계수잎,1
[롯데] 월계수잎,조미료,향신료/허브,SAUCE_SEASONING,,,월계수잎,1
"[곰곰] 베이리프 1L, 오늘출발",조미료,향신료/허브,SAUCE_SEASONING,,,월계수잎,1
"매일 월계수잎 1.5L, 택1",조미료,향신료/허브,SAUCE_SEASONING,,,월계수잎,1
"매일 베이리프, 250g",조미료,향신료/허브,SAUCE_SEASONING,,,월계수잎,1
[국내산] 월계수잎 3입,조미료,향신료/허브,SAUCE_SEASONING,,,월계수잎,1
베이리프 330ml,조미료,향신료/허브,SAUCE_SEASONING,,,월계수잎,1
"[대용량] 바질 잎 20입 9,900원 (100g당 1,955원), 무료배송",조미료,향신료/허브,SAUCE_SEASONING,,,바질,1
CJ 건바질 400g,조미료,향신료/허브,SAUCE_SEASONING,,,바질,1
[프레시지] 바질 잎 1.5L,조미료,향신료/허브,SAUCE_SEASONING,,,바질,1
"풀무원 건바질 12개 1,980원",조미료,향신료/허브,SAUCE_SEASONING,,,바질,1
"노브랜드 바질 잎 1kg 9,900원 (100g당 1,955원) 최대 195원 적립",조미료,향신료/허브,SAUCE_SEASONING,,,바질,1
"[국내산] 건바질 20입 29,800원",조미료,향신료/허브,SAUCE_SEASONING,,,바질,1
"프레시지 바질 잎 1kg, 19,900원",조미료,향신료/허브,SAUCE_SEASONING,,,바질,1
"[CJ] 건바질 250g, 12,900원",조미료,향신료/허브,SAUCE_SEASONING,,,바질,1
[오뚜기] 바질 잎 500ml,조미료,향신료/허브,SAUCE_SEASONING,,,바질,1
"[피코크] 건바질 200g 5,500원",조미료,향신료/허브,SAUCE_SEASONING,,,바질,1
매일 건딜 150ml 산지직송,조미료,향신료/허브,SAUCE_SEASONING,,,딜,1
"프레시지 건딜 1봉 2,500원",조미료,향신료/허브,SAUCE_SEASONING,,,딜,1
"[행사] 건딜 1L 5,500원",조미료,향신료/허브,SAUCE_SEASONING,,,딜,1
CJ 건딜 1.5L 행사상품,조미료,향신료/허브,SAUCE_SEASONING,,,딜,1
롯데 건딜 500ml,조미료,향신료/허브,SAUCE_SEASONING,,,딜,1
"해태 건딜 250g 1,980원, 1+1",조미료,향신료/허브,SAUCE_SEASONING,,,딜,1
해태 건딜 낱개,조미료,향신료/허브,SAUCE_SEASONING,,,딜,1
"[곰곰] 건딜 3입, 19,900원",조미료,향신료/허브,SAUCE_SEASONING,,,딜,1
곰곰 건딜 6개입 무료배송,조미료,향신료/허브,SAUCE_SEASONING,,,딜,1
"[대상] 건딜 3입, 9,900원 (100g당 1,955원)",조미료,향신료/허브,SAUCE_SEASONING,,,딜,1
"[프레시지] 건딜, 2,500원",조미료,향신료/허브,SAUCE_SEASONING,,,딜,1
통후추 300g,조미료,향신료/허브,SAUCE_SEASONING,,,통후추,1
"CJ 블랙 통후추 330ml 2,500원 HACCP",조미료,향신료/허브,SAUCE_SEASONING,,,통후추,1
[행사] 통후추 2+1,조미료,향신료/허브,SAUCE_SEASONING,,,통후추,1
"대상 블랙 통후추 낱개 2,500원",조미료,향신료/허브,SAUCE_SEASONING,,,통후추,1
[행사] 통후추 330ml,조미료,향신료/허브,SAUCE_SEASONING,,,통후추,1
블랙 통후추 1kg,조미료,향신료/허브,SAUCE_SEASONING,,,통후추,1
"해태 통후추 300g 1,980원",조미료,향신료/허브,SAUCE_SEASONING,,,통후추,1
"피코크 블랙 통후추 2팩 3,910원",조미료,향신료/허브,SAUCE_SEASONING,,,통후추,1
매일 통후추 낱개,조미료,향신료/허브,SAUCE_SEASONING,,,통후추,1
피코크 블랙 통후추 1kg HACCP,조미료,향신료/허브,SAUCE_SEASONING,,,통후추,1
오뚜기 고수씨 가루 400g,조미료,향신료/허브,SAUCE_SEASONING,,,고수,1
동원 건고수 100g,조미료,향신료/허브,SAUCE_SEASONING,,,고수,1
동원 고수씨 가루 10개입 당일발송,조미료,향신료/허브,SAUCE_SEASONING,,,고수,1
"[대용량] 건고수 300g 19,900원",조미료,향신료/허브,SAUCE_SEASONING,,,고수,1
"오뚜기 고수씨 가루 250g, 1,980원",조미료,향신료/허브,SAUCE_SEASONING,,,고수,1
[무료배송] 건고수,조미료,향신료/허브,SAUCE_SEASONING,,,고수,1
곰곰 고수씨 가루 250g 오늘출발,조미료,향신료/허브,SAUCE_SEASONING,,,고수,1
대상 건고수 2kg 당일발송,조미료,향신료/허브,SAUCE_SEASONING,,,고수,1
"[농심] 고수씨 가루 500ml 12,900원",조미료,향신료/허브,SAUCE_SEASONING,,,고수,1
"프레시지 건고수 5,500원",조미료,향신료/허브,SAUCE_SEASONING,,,고수,1
"[빙그레] 다진생강 5,500원 온라인전용",조미료,향신료/허브,SAUCE_SEASONING,,,다진 생강,1
"[대용량] 간생강, 500ml",조미료,향신료/허브,SAUCE_SEASONING,,,다진 생강,1
"[농심] 다진생강, 20입",조미료,향신료/허브,SAUCE_SEASONING,,,다진 생강,1
해태 간생강 2kg,조미료,향신료/허브,SAUCE_SEASONING,,,다진 생강,1
프레시지 다진생강 12개,조미료,향신료/허브,SAUCE_SEASONING,,,다진 생강,1
[국내산] 간생강 1L,조미료,향신료/허브,SAUCE_SEASONING,,,다진 생강,1
곰곰 다진생강 2kg 새벽배송,조미료,향신료/허브,SAUCE_SEASONING,,,다진 생강,1
노브랜드 간생강 낱개 1+1,조미료,향신료/허브,SAUCE_SEASONING,,,다진 생강,1
[행사] 다진생강 2팩,조미료,향신료/허브,SAUCE_SEASONING,,,다진 생강,1
"프레시지 간생강 250g, 5,500원",조미료,향신료/허브,SAUCE_SEASONING,,,다진 생강,1
"[CJ] 오레가노 가루 300g 29,800원",조미료,향신료/허브,SAUCE_SEASONING,,,오레가노,1
프레시지 오레가노 가루 2팩,조미료,향신료/허브,SAUCE_SEASONING,,,오레가노,1
[1+1] 오레가노 가루 1L,조미료,향신료/허브,SAUCE_SEASONING,,,오레가노,1
"[무료배송] 오레가노 가루 250g 29,800원 무료배송",조미료,향신료/허브,SAUCE_SEASONING,,,오레가노,1
농심 오레가노 가루 1.5L,조미료,향신료/허브,SAUCE_SEASONING,,,오레가노,1
CJ 오레가노 가루 500ml 당일발송,조미료,향신료/허브,SAUCE_SEASONING,,,오레가노,1
오레가노 가루 6개입,조미료,향신료/허브,SAUCE_SEASONING,,,오레가노,1
"[무료배송] 오레가노 가루 330ml 19,900원 오늘출발",조미료,향신료/허브,SAUCE_SEASONING,,,오레가노,1
[오뚜기] 오레가노 가루 330ml 산지직송,조미료,향신료/허브,SAUCE_SEASONING,,,오레가노,1
[행사] 오레가노 가루 20입 2+1,조미료,향신료/허브,SAUCE_SEASONING,,,오레가노,1
"[풀무원] 액티비아 드링크, 500g",유제품,요거트,DAIRY,,,요구르트,1
[대용량] 야쿠르트 3입,유제품,요거트,DAIRY,,야쿠르트,요구르트,1
오뚜기 불가리스 400g 1+1,유제품,요거트,DAIRY,,불가리스,요구르트,1
[빙그레] 파스퇴르 그릭 500g,유제품,요거트,DAIRY,,,그릭요거트,1
[매일] 요런 그릭 100g 당일발송,유제품,요거트,DAIRY,,,그릭요거트,1
매일 그릭요거트,유제품,요거트,DAIRY,,,그릭요거트,1
[빙그레] 파스퇴르 그릭 400g,유제품,요거트,DAIRY,,,그릭요거트,1
[행사] 요런 그릭 150ml,유제품,요거트,DAIRY,,,그릭요거트,1
[동원] 그릭요거트 1봉,유제품,요거트,DAIRY,,,그릭요거트,1
해태 파스퇴르 그릭 1.5L,유제품,요거트,DAIRY,,,그릭요거트,1
"오뚜기 요런 그릭 1kg 29,800원",유제품,요거트,DAIRY,,,그릭요거트,1
"매일 그릭요거트 150ml 12,900원, HACCP",유제품,요거트,DAIRY,,,그릭요거트,1
"[무료배송] 파스퇴르 그릭 10개입 9,900원 (100g당 1,955원)",유제품,요거트,DAIRY,,,그릭요거트,1
"요런 그릭 낱개, 9,900원 (100g당 1,955원)",유제품,요거트,DAIRY,,,그릭요거트,1
[동원] 그릭요거트 12개 무료배송,유제품,요거트,DAIRY,,,그릭요거트,1
오뚜기 파스퇴르 그릭 1L,유제품,요거트,DAIRY,,,그릭요거트,1
"요런 그릭 5,500원",유제품,요거트,DAIRY,,,그릭요거트,1
동원 그릭요거트 20입,유제품,요거트,DAIRY,,,그릭요거트,1
"파스퇴르 그릭 1봉 3,910원",유제품,요거트,DAIRY,,,그릭요거트,1
"[프레시지] 요런 그릭 1봉 5,500원",유제품,요거트,DAIRY,,,그릭요거트,1
그릭요거트 500g 산지직송,유제품,요거트,DAIRY,,,그릭요거트,1
"[무료배송] 파스퇴르 그릭 500g 3,910원, 쿠폰할인",유제품,요거트,DAIRY,,,그릭요거트,1
"오뚜기 요런 그릭 1봉, 12,900원",유제품,요거트,DAIRY,,,그릭요거트,1
"[피코크] 그릭요거트 낱개 3,910원",유제품,요거트,DAIRY,,,그릭요거트,1
[노브랜드] 파스퇴르 그릭 500ml,유제품,요거트,DAIRY,,,그릭요거트,1
[곰곰] 요런 그릭 1봉,유제품,요거트,DAIRY,,,그릭요거트,1
CJ 그릭요거트 200g,유제품,요거트,DAIRY,,,그릭요거트,1
곰곰 파스퇴르 그릭 100g,유제품,요거트,DAIRY,,,그릭요거트,1
"요런 그릭 1.5L, 12,900원",유제품,요거트,DAIRY,,,그릭요거트,1
곰곰 서울우유 휘핑크림 6개입 행사상품,유제품,버터/생크림,DAIRY,,서울우유,생크림,1
[국내산] 식물성 휘핑크림 400g,유제품,버터/생크림,DAIRY,,,생크림,1
"CJ 동물성 휘핑크림, 행사상품",유제품,버터/생크림,DAIRY,,,생크림,1
[대용량] 매일 생크림,유제품,버터/생크림,DAIRY,,매일,생크림,1
빙그레 서울우유 휘핑크림 500g 쿠폰할인,유제품,버터/생크림,DAIRY,,서울우유,생크림,1
[대용량] 식물성 휘핑크림,유제품,버터/생크림,DAIRY,,,생크림,1
"동물성 휘핑크림 19,900원",유제품,버터/생크림,DAIRY,,,생크림,1
[대용량] 매일 생크림,유제품,버터/생크림,DAIRY,,매일,생크림,1
"해태 서울우유 휘핑크림 1kg 5,500원",유제품,버터/생크림,DAIRY,,서울우유,생크림,1
"노브랜드 식물성 휘핑크림 330ml 1,980원, 최대 195원 적립",유제품,버터/생크림,DAIRY,,,생크림,1
"CJ 동물성 휘핑크림 6개입 3,910원 오늘출발",유제품,버터/생크림,DAIRY,,,생크림,1
프레시지 매일 생크림 6개입,유제품,버터/생크림,DAIRY,,매일,생크림,1
"동원 서울우유 휘핑크림, 400g",유제품,버터/생크림,DAIRY,,서울우유,생크림,1
[빙그레] 식물성 휘핑크림 150ml,유제품,버터/생크림,DAIRY,,,생크림,1
"풀무원 동물성 휘핑크림 100g, 12,900원",유제품,버터/생크림,DAIRY,,,생크림,1
"[1+1] 매일 생크림 1봉 29,800원",유제품,버터/생크림,DAIRY,,매일,생크림,1
동원 앵커 가염버터 2kg HACCP,유제품,버터/생크림,DAIRY,,앵커,가염버터,1
"노브랜드 가염버터 12개 12,900원",유제품,버터/생크림,DAIRY,,,가염버터,1
[노브랜드] 서울우유 가염버터 6개입,유제품,버터/생크림,DAIRY,,서울우유,가염버터,1
앵커 가염버터 낱개,유제품,버터/생크림,DAIRY,,앵커,가염버터,1
가염버터,유제품,버터/생크림,DAIRY,,,가염버터,1
[국내산] 서울우유 가염버터 250g,유제품,버터/생크림,DAIRY,,서울우유,가염버터,1
CJ 앵커 가염버터 6개입,유제품,버터/생크림,DAIRY,,앵커,가염버터,1
"노브랜드 가염버터 1kg, 쿠폰할인",유제품,버터/생크림,DAIRY,,,가염버터,1
[빙그레] 서울우유 가염버터,유제품,버터/생크림,DAIRY,,서울우유,가염버터,1
"[행사] 앵커 가염버터 300g 3,910원 행사상품",유제품,버터/생크림,DAIRY,,앵커,가염버터,1
빙그레 가염버터 당일발송,유제품,버터/생크림,DAIRY,,,가염버터,1
"농심 서울우유 가염버터 150ml 3,910원",유제품,버터/생크림,DAIRY,,서울우유,가염버터,1
"[무료배송] 앵커 가염버터 500g, 오늘출발",유제품,버터/생크림,DAIRY,,앵커,가염버터,1
롯데 가염버터 20입,유제품,버터/생크림,DAIRY,,,가염버터,1
"[국내산] 서울우유 가염버터 1.5L 12,900원",유제품,버터/생크림,DAIRY,,서울우유,가염버터,1
"[대용량] 앵커 가염버터 300g 2,500원 새벽배송",유제품,버터/생크림,DAIRY,,앵커,가염버터,1
"해태 발효버터 12개 2,500원",유제품,버터/생크림,DAIRY,,,발효버터,1
"[1+1] 고메버터, 낱개",유제품,버터/생크림,DAIRY,,,발효버터,1
"[롯데] 이즈니 발효버터 330ml 29,800원",유제품,버터/생크림,DAIRY,,이즈니,발효버터,1
"[CJ] 발효버터, 150ml",유제품,버터/생크림,DAIRY,,,발효버터,1
"빙그레 고메버터, 2,500원",유제품,버터/생크림,DAIRY,,,발효버터,1
"곰곰 이즈니 발효버터 250g 29,800원",유제품,버터/생크림,DAIRY,,이즈니,발효버터,1
[무료배송] 발효버터 200g,유제품,버터/생크림,DAIRY,,,발효버터,1
동원 고메버터 2팩,유제품,버터/생크림,DAIRY,,,발효버터,1
"피코크 이즈니 발효버터 1kg 12,900원",유제품,버터/생크림,DAIRY,,이즈니,발효버터,1
"빙그레 발효버터 12개 19,900원",유제품,버터/생크림,DAIRY,,,발효버터,1
"프레시지 고메버터 2팩 2,500원",유제품,버터/생크림,DAIRY,,,발효버터,1
"[1+1] 이즈니 발효버터, 500g",유제품,버터/생크림,DAIRY,,이즈니,발효버터,1
"[해태] 발효버터 250g 2,500원",유제품,버터/생크림,DAIRY,,,발효버터,1
고메버터,유제품,버터/생크림,DAIRY,,,발효버터,1
"이즈니 발효버터 330ml, 택1",유제품,버터/생크림,DAIRY,,이즈니,발효버터,1
농심 발효버터 100g 온라인전용,유제품,버터/생크림,DAIRY,,,발효버터,1
[1+1] 고메버터,유제품,버터/생크림,DAIRY,,,발효버터,1
"[대상] 쿠킹 마가린 100g 19,900원",유제품,버터/생크림,DAIRY,,,마가린,1
프레시지 오뚜기 마가린 12개,유제품,버터/생크림,DAIRY,,오뚜기,마가린,1
[대용량] 쿠킹 마가린 온라인전용,유제품,버터/생크림,DAIRY,,,마가린,1
프레시지 오뚜기 마가린 10개입 온라인전용,유제품,버터/생크림,DAIRY,,오뚜기,마가린,1
"해태 쿠킹 마가린 400g, 29,800원",유제품,버터/생크림,DAIRY,,,마가린,1
오뚜기 마가린 박스 HACCP,유제품,버터/생크림,DAIRY,,오뚜기,마가린,1
농심 쿠킹 마가린 200g 새벽배송,유제품,버터/생크림,DAIRY,,,마가린,1
동원 오뚜기 마가린 400g,유제품,버터/생크림,DAIRY,,오뚜기,마가린,1
[피코크] 쿠킹 마가린 200g,유제품,버터/생크림,DAIRY,,,마가린,1
[국내산] 오뚜기 마가린 20입,유제품,버터/생크림,DAIRY,,오뚜기,마가린,1
[국내산] 쿠킹 마가린 500ml,유제품,버터/생크림,DAIRY,,,마가린,1
[매일] 오뚜기 마가린 2kg,유제품,버터/생크림,DAIRY,,오뚜기,마가린,1
"풀무원 쿠킹 마가린 6개입, 오늘출발",유제품,버터/생크림,DAIRY,,,마가린,1
[국내산] 오뚜기 마가린 250g,유제품,버터/생크림,DAIRY,,오뚜기,마가린,1
"[동원] 쿠킹 마가린, 150ml",유제품,버터/생크림,DAIRY,,,마가린,1
[매일] 오뚜기 마가린 1kg,유제품,버터/생크림,DAIRY,,오뚜기,마가린,1
"[행사] 쿠킹 마가린 10개입 19,900원",유제품,버터/생크림,DAIRY,,,마가린,1
"발효버터 1봉, 12,900원",유제품,버터/생크림,DAIRY,,,기타 유지류,1
"마가린 400g 1,980원 온라인전용",유제품,버터/생크림,DAIRY,,,마가린,1
"매일 가염버터 12개 5,500원",유제품,버터/생크림,DAIRY,,,가염버터,1
[오뚜기] 식물성 휘핑크림 박스,유제품,버터/생크림,DAIRY,,,기타 유지류,1
[행사] 사워크림 300g,유제품,버터/생크림,DAIRY,,,기타 유지류,1
"매일 기버터, 300g",유제품,버터/생크림,DAIRY,,,기타 유지류,1
[농심] 마스카포네크림 1.5L,유제품,버터/생크림,DAIRY,,,기타 유지류,1
"농심 크렘프레슈 20입 5,500원 당일발송",유제품,버터/생크림,DAIRY,,,기타 유지류,1
CJ 무염버터 150ml,유제품,버터/생크림,DAIRY,,,기타 유지류,1
"[행사] 코코넛크림 20입 12,900원 산지직송",유제품,버터/생크림,DAIRY,,,기타 유지류,1
농심 발효버터 행사상품,유제품,버터/생크림,DAIRY,,,기타 유지류,1
"[대용량] 마가린, 500g",유제품,버터/생크림,DAIRY,,,기타 유지류,1
가염버터 1L,유제품,버터/생크림,DAIRY,,,기타 유지류,1
"[CJ] 식물성 휘핑크림 1,980원",유제품,버터/생크림,DAIRY,,,기타 유지류,1
"[롯데] 사워크림 낱개 1,980원 2+1",유제품,버터/생크림,DAIRY,,,기타 유지류,1
"롯데 기버터 200g 1,980원",유제품,버터/생크림,DAIRY,,,기타 유지류,1
"매일 노르웨이 훈제연어, 12,900원",수산물,어육가공식품,SIMPLE_PROCESSED,,,훈제연어,1
[동원] 킹크랩맛살 150ml,수산물,어육가공식품,SIMPLE_PROCESSED,,,맛살,1
"[프레시지] 어묵바 1,980원 새벽배송",수산물,어육가공식품,SIMPLE_PROCESSED,,,어묵바,1
[오뚜기] 치즈 어묵바 12개 새벽배송,수산물,어육가공식품,SIMPLE_PROCESSED,,,어묵바,1
"풀무원 오징어 진미채, 330ml",수산물,어육가공식품,SIMPLE_PROCESSED,,,진미채,1
[롯데] 진미채 200g 택1,수산물,어육가공식품,SIMPLE_PROCESSED,,,진미채,1
"[대용량] 오징어 진미채 29,800원 최대 195원 적립",수산물,어육가공식품,SIMPLE_PROCESSED,,,진미채,1
"[해태] 피쉬볼 2,500원",수산물,어육가공식품,SIMPLE_PROCESSED,,,피쉬볼,1
[행사] 어묵볼 2kg 최대 195원 적립,수산물,어육가공식품,SIMPLE_PROCESSED,,,피쉬볼,1
"[CJ] 피쉬볼 100g 1,980원, 쿠폰할인",수산물,어육가공식품,SIMPLE_PROCESSED,,,피쉬볼,1
[매일] 오뎅탕세트 12개,수산물,어육가공식품,SIMPLE_PROCESSED,,,기타 어육가공품,1
날치알어묵 200g,수산물,어육가공식품,SIMPLE_PROCESSED,,,기타 어육가공품,1
동원 부산어묵,수산물,어육가공식품,SIMPLE_PROCESSED,,,기타 어육가공품,1
"대상 피시소시지 6개입 1,980원",수산물,어육가공식품,SIMPLE_PROCESSED,,,기타 어육가공품,1
"오뚜기 게맛살 1kg, 2+1",수산물,어육가공식품,SIMPLE_PROCESSED,,,기타 어육가공품,1
풀무원 건다시마 500g,수산물,미역/다시마,DRIED_SEAFOOD,,,다시마,1
"대상 국물용 다시마 1.5L, 새벽배송",수산물,미역/다시마,DRIED_SEAFOOD,,,다시마,1
"[무료배송] 다시마 채 1봉, 5,500원",수산물,미역/다시마,DRIED_SEAFOOD,,,다시마,1
[프레시지] 건다시마,수산물,미역/다시마,DRIED_SEAFOOD,,,다시마,1
[곰곰] 국물용 다시마,수산물,미역/다시마,DRIED_SEAFOOD,,,다시마,1
곰곰 매생이 12개 최대 195원 적립,수산물,미역/다시마,DRIED_SEAFOOD,,,매생이,1
곰곰 매생이 떡국용 2팩,수산물,미역/다시마,DRIED_SEAFOOD,,,매생이,1
"[국내산] 매생이, 2팩",수산물,미역/다시마,DRIED_SEAFOOD,,,매생이,1
매생이 떡국용 6개입,수산물,미역/다시마,DRIED_SEAFOOD,,,매생이,1
"[농심] 매생이 3입, 온라인전용",수산물,미역/다시마,DRIED_SEAFOOD,,,매생이,1
"풀무원 매생이 떡국용, 1봉",수산물,미역/다시마,DRIED_SEAFOOD,,,매생이,1
"동원 매생이 100g 3,910원",수산물,미역/다시마,DRIED_SEAFOOD,,,매생이,1
"[노브랜드] 매생이 떡국용, 1kg",수산물,미역/다시마,DRIED_SEAFOOD,,,매생이,1
매생이 20입 2+1,수산물,미역/다시마,DRIED_SEAFOOD,,,매생이,1
"대상 매생이 떡국용 150ml 1,980원 오늘출발",수산물,미역/다시마,DRIED_SEAFOOD,,,매생이,1
"매생이 12,900원",수산물,미역/다시마,DRIED_SEAFOOD,,,매생이,1
생톳 20입,수산물,미역/다시마,DRIED_SEAFOOD,,,톳,1
[대용량] 건톳 500ml,수산물,미역/다시마,DRIED_SEAFOOD,,,톳,1
[대용량] 생톳 500g,수산물,미역/다시마,DRIED_SEAFOOD,,,톳,1
"[무료배송] 건톳, 200g",수산물,미역/다시마,DRIED_SEAFOOD,,,톳,1
곰곰 생톳 400g,수산물,미역/다시마,DRIED_SEAFOOD,,,톳,1
"풀무원 건톳, 9,900원 (100g당 1,955원)",수산물,미역/다시마,DRIED_SEAFOOD,,,톳,1
"[대상] 생톳 300g, 5,500원",수산물,미역/다시마,DRIED_SEAFOOD,,,톳,1
농심 건톳 6개입 온라인전용,수산물,미역/다시마,DRIED_SEAFOOD,,,톳,1
노브랜드 생톳 2팩,수산물,미역/다시마,DRIED_SEAFOOD,,,톳,1
[해태] 건톳 200g,수산물,미역/다시마,DRIED_SEAFOOD,,,톳,1
대상 생톳 낱개 택1,수산물,미역/다시마,DRIED_SEAFOOD,,,톳,1
"[롯데] 건톳 2팩, 2+1",수산물,미역/다시마,DRIED_SEAFOOD,,,톳,1
해태 생톳 500g,수산물,미역/다시마,DRIED_SEAFOOD,,,톳,1
[동원] 자숙홍합살 12개 택1,수산물,조개/전복,RAW_SEAFOOD,,,홍합,1
[풀무원] 손질 홍합 1봉,수산물,조개/전복,RAW_SEAFOOD,,,홍합,1
[매일] 멍게 400g,수산물,조개/전복,RAW_SEAFOOD,,,멍게,1
프레시지 손질 멍게 박스,수산물,조개/전복,RAW_SEAFOOD,,,멍게,1
[피코크] 멍게 330ml,수산물,조개/전복,RAW_SEAFOOD,,,멍게,1
"해태 모시조개, 6개입",수산물,조개/전복,RAW_SEAFOOD,,,모시조개,1
"[무료배송] 해감 모시조개 1,980원 쿠폰할인",수산물,조개/전복,RAW_SEAFOOD,,,모시조개,1
"[CJ] 모시조개 150ml, 3,910원",수산물,조개/전복,RAW_SEAFOOD,,,모시조개,1
"[대용량] 해감 모시조개, 1봉",수산물,조개/전복,RAW_SEAFOOD,,,모시조개,1
동원 해삼 2팩,수산물,조개/전복,RAW_SEAFOOD,,,해삼,1
"[곰곰] 건해삼 1봉 1,980원",수산물,조개/전복,RAW_SEAFOOD,,,해삼,1
곰곰 해삼 200g,수산물,조개/전복,RAW_SEAFOOD,,,해삼,1
"[1+1] 건해삼 20입 19,900원",수산물,조개/전복,RAW_SEAFOOD,,,해삼,1
"동원 참꼬막, 12개",수산물,조개/전복,RAW_SEAFOOD,,,기타 조개류,1
[해태] 소라 250g,수산물,조개/전복,RAW_SEAFOOD,,,기타 조개류,1
"롯데 새조개 19,900원, 택1",수산물,조개/전복,RAW_SEAFOOD,,,기타 조개류,1
[1+1] 성게 산지직송,수산물,조개/전복,RAW_SEAFOOD,,,기타 조개류,1
"곰곰 멍게, 400g",수산물,조개/전복,RAW_SEAFOOD,,,기타 조개류,1
"해태 오만둥이 150ml 19,900원",수산물,조개/전복,RAW_SEAFOOD,,,기타 조개류,1
[피코크] 미더덕 2팩,수산물,조개/전복,RAW_SEAFOOD,,,기타 조개류,1
프레시지 손질 꽃게 500g,수산물,새우/게,RAW_SEAFOOD,,,꽃게,1
오뚜기 수꽃게 낱개,수산물,새우/게,RAW_SEAFOOD,,,꽃게,1
빙그레 꽃게 1.5L,수산물,새우/게,RAW_SEAFOOD,,,꽃게,1
"롯데 절단 꽃게, 300g",수산물,새우/게,RAW_SEAFOOD,,,꽃게,1
[국내산] 손질 꽃게 400g,수산물,새우/게,RAW_SEAFOOD,,,꽃게,1
[곰곰] 수꽃게 330ml 행사상품,수산물,새우/게,RAW_SEAFOOD,,,꽃게,1
"노브랜드 꽃게 1봉 5,500원",수산물,새우/게,RAW_SEAFOOD,,,꽃게,1
풀무원 절단 꽃게 500g,수산물,새우/게,RAW_SEAFOOD,,,꽃게,1
풀무원 손질 꽃게 2팩,수산물,새우/게,RAW_SEAFOOD,,,꽃게,1
"수꽃게 낱개, 2,500원",수산물,새우/게,RAW_SEAFOOD,,,꽃게,1
"꽃게 1L 12,900원",수산물,새우/게,RAW_SEAFOOD,,,꽃게,1
"노브랜드 절단 꽃게 2kg 9,900원 (100g당 1,955원) 온라인전용",수산물,새우/게,RAW_SEAFOOD,,,꽃게,1
"[풀무원] 손질 꽃게 1,980원",수산물,새우/게,RAW_SEAFOOD,,,꽃게,1
"곰곰 수꽃게 2팩, 2,500원",수산물,새우/게,RAW_SEAFOOD,,,꽃게,1
"동원 꽃게 400g, 오늘출발",수산물,새우/게,RAW_SEAFOOD,,,꽃게,1
CJ 절단 꽃게 330ml,수산물,새우/게,RAW_SEAFOOD,,,꽃게,1
피코크 손질 꽃게 1kg 쿠폰할인,수산물,새우/게,RAW_SEAFOOD,,,꽃게,1
CJ 수꽃게 낱개,수산물,새우/게,RAW_SEAFOOD,,,꽃게,1
"빙그레 꽃게 300g, 오늘출발",수산물,새우/게,RAW_SEAFOOD,,,꽃게,1
"곰곰 절단 꽃게 1봉 5,500원",수산물,새우/게,RAW_SEAFOOD,,,꽃게,1
[프레시지] 손질 꽃게 250g,수산물,새우/게,RAW_SEAFOOD,,,꽃게,1
수꽃게,수산물,새우/게,RAW_SEAFOOD,,,꽃게,1
"[국내산] 꽃게, 250g",수산물,새우/게,RAW_SEAFOOD,,,꽃게,1
"[곰곰] 절단 꽃게 10개입 2,500원 무료배송",수산물,새우/게,RAW_SEAFOOD,,,꽃게,1
손질 꽃게 낱개,수산물,새우/게,RAW_SEAFOOD,,,꽃게,1
"[해태] 수꽃게 200g 12,900원 당일발송",수산물,새우/게,RAW_SEAFOOD,,,꽃게,1
곰곰 생물 오징어 당일발송,수산물,오징어/문어,RAW_SEAFOOD,,,오징어,1
[프레시지] 손질 오징어 낱개 새벽배송,수산물,오징어/문어,RAW_SEAFOOD,,,오징어,1
"[행사] 화살오징어, 6개입",수산물,오징어/문어,RAW_SEAFOOD,,,오징어,1
매일 손질 낙지 10개입 1+1,수산물,오징어/문어,RAW_SEAFOOD,,,낙지,1
"[대상] 산낙지 100g 5,500원, 당일발송",수산물,오징어/문어,RAW_SEAFOOD,,,낙지,1
세발낙지 HACCP,수산물,오징어/문어,RAW_SEAFOOD,,,낙지,1
"빙그레 손질 낙지 12개 5,500원 산지직송",수산물,오징어/문어,RAW_SEAFOOD,,,낙지,1
산낙지 400g 온라인전용,수산물,오징어/문어,RAW_SEAFOOD,,,낙지,1
피코크 세발낙지 1.5L,수산물,오징어/문어,RAW_SEAFOOD,,,낙지,1
[행사] 손질 낙지 6개입 온라인전용,수산물,오징어/문어,RAW_SEAFOOD,,,낙지,1
농심 산낙지 500g,수산물,오징어/문어,RAW_SEAFOOD,,,낙지,1
"롯데 세발낙지 10개입 3,910원",수산물,오징어/문어,RAW_SEAFOOD,,,낙지,1
"[1+1] 손질 낙지 300g, 1,980원",수산물,오징어/문어,RAW_SEAFOOD,,,낙지,1
"매일 산낙지 1.5L 12,900원",수산물,오징어/문어,RAW_SEAFOOD,,,낙지,1
노브랜드 한치 2팩,수산물,오징어/문어,RAW_SEAFOOD,,,한치,1
"CJ 건한치 10개입 3,910원 HACCP",수산물,오징어/문어,RAW_SEAFOOD,,,한치,1
"[빙그레] 제주 한치, 150ml",수산물,오징어/문어,RAW_SEAFOOD,,,한치,1
"[행사] 한치, 200g",수산물,오징어/문어,RAW_SEAFOOD,,,한치,1
건한치 박스 2+1,수산물,오징어/문어,RAW_SEAFOOD,,,한치,1
"[빙그레] 제주 한치 400g, 3,910원",수산물,오징어/문어,RAW_SEAFOOD,,,한치,1
"빙그레 한치 300g 29,800원 최대 195원 적립",수산물,오징어/문어,RAW_SEAFOOD,,,한치,1
"[대용량] 건한치 1,980원 쿠폰할인",수산물,오징어/문어,RAW_SEAFOOD,,,한치,1
곰곰 제주 한치 150ml 행사상품,수산물,오징어/문어,RAW_SEAFOOD,,,한치,1
한치 3입 HACCP,수산물,오징어/문어,RAW_SEAFOOD,,,한치,1
매일 건한치 330ml 당일발송,수산물,오징어/문어,RAW_SEAFOOD,,,한치,1
[국내산] 제주 한치 1봉 온라인전용,수산물,오징어/문어,RAW_SEAFOOD,,,한치,1
"롯데 한치 2팩 2,500원",수산물,오징어/문어,RAW_SEAFOOD,,,한치,1
"동원 건한치, 1.5L",수산물,오징어/문어,RAW_SEAFOOD,,,한치,1
피코크 제주 한치 12개,수산물,오징어/문어,RAW_SEAFOOD,,,한치,1
[1+1] 갑오징어 10개입,수산물,오징어/문어,RAW_SEAFOOD,,,갑오징어,1
"[풀무원] 손질 갑오징어, 150ml",수산물,오징어/문어,RAW_SEAFOOD,,,갑오징어,1
"롯데 갑오징어, 20입",수산물,오징어/문어,RAW_SEAFOOD,,,갑오징어,1
"손질 갑오징어 2팩 1,980원",수산물,오징어/문어,RAW_SEAFOOD,,,갑오징어,1
[행사] 갑오징어 박스 새벽배송,수산물,오징어/문어,RAW_SEAFOOD,,,갑오징어,1
[해태] 손질 갑오징어 250g,수산물,오징어/문어,RAW_SEAFOOD,,,갑오징어,1
"롯데 갑오징어 330ml 29,800원, 택1",수산물,오징어/문어,RAW_SEAFOOD,,,갑오징어,1
"[대용량] 손질 갑오징어, 6개입",수산물,오징어/문어,RAW_SEAFOOD,,,갑오징어,1
"노브랜드 갑오징어, 3입",수산물,오징어/문어,RAW_SEAFOOD,,,갑오징어,1
[CJ] 손질 갑오징어 온라인전용,수산물,오징어/문어,RAW_SEAFOOD,,,갑오징어,1
"노브랜드 갑오징어 150ml 3,910원 쿠폰할인",수산물,오징어/문어,RAW_SEAFOOD,,,갑오징어,1
"[오뚜기] 손질 갑오징어 9,900원 (100g당 1,955원) 산지직송",수산물,오징어/문어,RAW_SEAFOOD,,,갑오징어,1
[국내산] 갑오징어 10개입 1+1,수산물,오징어/문어,RAW_SEAFOOD,,,갑오징어,1
"[대상] 손질 갑오징어 500ml 19,900원 당일발송",수산물,오징어/문어,RAW_SEAFOOD,,,갑오징어,1
"CJ 갑오징어, 2kg",수산물,오징어/문어,RAW_SEAFOOD,,,갑오징어,1
[CJ] 제주 갈치,수산물,생선,RAW_SEAFOOD,,,갈치,1
[곰곰] 은갈치 150ml 당일발송,수산물,생선,RAW_SEAFOOD,,,갈치,1
[행사] 노르웨이 고등어 12개,수산물,생선,RAW_SEAFOOD,,,고등어,1
"CJ 간고등어 100g 3,910원 2+1",수산물,생선,RAW_SEAFOOD,,,고등어,1
[무료배송] 손질 고등어 1.5L,수산물,생선,RAW_SEAFOOD,,,고등어,1
"프레시지 연어 스테이크 1L 9,900원 (100g당 1,955원) 온라인전용",수산물,생선,RAW_SEAFOOD,,,연어,1
곰곰 노르웨이 연어 2kg 무료배송,수산물,생선,RAW_SEAFOOD,,,연어,1
"[피코크] 생연어 필렛 20입 3,910원",수산물,생선,RAW_SEAFOOD,,,연어,1
[빙그레] 훈제연어 슬라이스 10개입 당일발송,수산물,생선,RAW_SEAFOOD,,,연어,1
"롯데 삭힌홍어 200g 5,500원",수산물,생선,RAW_SEAFOOD,,,홍어 회,1
"[무료배송] 홍어회 1L, 당일발송",수산물,생선,RAW_SEAFOOD,,,홍어 회,1
[1+1] 삭힌홍어,수산물,생선,RAW_SEAFOOD,,,홍어 회,1
[국내산] 홍어회 3입,수산물,생선,RAW_SEAFOOD,,,홍어 회,1
삭힌홍어 1.5L,수산물,생선,RAW_SEAFOOD,,,홍어 회,1
"[매일] 홍어회 1.5L 29,800원",수산물,생선,RAW_SEAFOOD,,,홍어 회,1
"노브랜드 삭힌홍어 6개입 19,900원 온라인전용",수산물,생선,RAW_SEAFOOD,,,홍어 회,1
"반건조 민어 500g 29,800원 산지직송",수산물,생선,RAW_SEAFOOD,,,반건조 민어,1
반건조 민어 당일발송,수산물,생선,RAW_SEAFOOD,,,반건조 민어,1
"반건조 민어 500g, 최대 195원 적립",수산물,생선,RAW_SEAFOOD,,,반건조 민어,1
반건조 민어 3입,수산물,생선,RAW_SEAFOOD,,,반건조 민어,1
빙그레 반건조 민어 330ml 무료배송,수산물,생선,RAW_SEAFOOD,,,반건조 민어,1
"[국내산] 반건조 민어 6개입 9,900원 (100g당 1,955원)",수산물,생선,RAW_SEAFOOD,,,반건조 민어,1
[행사] 반건조 민어 1kg,수산물,생선,RAW_SEAFOOD,,,반건조 민어,1
"연어회 12개 5,500원",수산물,생선,RAW_SEAFOOD,,,연어 회,1
생연어 횟감 10개입,수산물,생선,RAW_SEAFOOD,,,연어 회,1
[노브랜드] 연어 사시미 박스,수산물,생선,RAW_SEAFOOD,,,연어 회,1
풀무원 연어회 1L 1+1,수산물,생선,RAW_SEAFOOD,,,연어 회,1
"[무료배송] 생연어 횟감 1.5L 5,500원",수산물,생선,RAW_SEAFOOD,,,연어 회,1
[무료배송] 연어 사시미 6개입 2+1,수산물,생선,RAW_SEAFOOD,,,연어 회,1
풀무원 연어회 2팩,수산물,생선,RAW_SEAFOOD,,,연어 회,1
곰곰 민어회감,수산물,생선,RAW_SEAFOOD,,,민어,1
[대용량] 민어 1L,수산물,생선,RAW_SEAFOOD,,,민어,1
"[프레시지] 민어회감 20입, 오늘출발",수산물,생선,RAW_SEAFOOD,,,민어,1
[CJ] 민어 무료배송,수산물,생선,RAW_SEAFOOD,,,민어,1
"매일 민어회감 2팩, 3,910원",수산물,생선,RAW_SEAFOOD,,,민어,1
"[국내산] 민어, 박스",수산물,생선,RAW_SEAFOOD,,,민어,1
"대상 파지명란 2팩 1,980원",수산물,어란,RAW_SEAFOOD,,,명란,1
"피코크 백명란 10개입 2,500원",수산물,어란,RAW_SEAFOOD,,,명란,1
명란젓 20입,수산물,어란,RAW_SEAFOOD,,,명란,1
해태 저염 명란 2kg,수산물,어란,RAW_SEAFOOD,,,명란,1
"[풀무원] 명란 알 100g 12,900원 2+1",수산물,어란,RAW_SEAFOOD,,,명란,1
"대상 파지명란 20입 1,980원",수산물,어란,RAW_SEAFOOD,,,명란,1
대상 백명란 400g,수산물,어란,RAW_SEAFOOD,,,명란,1
"명란젓 20입 3,910원 택1",수산물,어란,RAW_SEAFOOD,,,명란,1
[행사] 저염 명란 낱개 산지직송,수산물,어란,RAW_SEAFOOD,,,명란,1
[해태] 명란 알 300g 택1,수산물,어란,RAW_SEAFOOD,,,명란,1
피코크 파지명란 500g 오늘출발,수산물,어란,RAW_SEAFOOD,,,명란,1
빙그레 백명란,수산물,어란,RAW_SEAFOOD,,,명란,1
[국내산] 명란젓 1+1,수산물,어란,RAW_SEAFOOD,,,명란,1
"[오뚜기] 저염 명란 2팩 3,910원",수산물,어란,RAW_SEAFOOD,,,명란,1
명란 알 20입,수산물,어란,RAW_SEAFOOD,,,명란,1
"[1+1] 파지명란 19,900원",수산물,어란,RAW_SEAFOOD,,,명란,1
피코크 백명란 12개,수산물,어란,RAW_SEAFOOD,,,명란,1
"[대상] 명란젓 6개입 9,900원 (100g당 1,955원)",수산물,어란,RAW_SEAFOOD,,,명란,1
"캐비아 1,980원",수산물,어란,RAW_SEAFOOD,,,캐비아,1
"[CJ] 랍피쉬 캐비아 300g, 택1",수산물,어란,RAW_SEAFOOD,,,캐비아,1
[국내산] 연어알 캐비아 박스 오늘출발,수산물,어란,RAW_SEAFOOD,,,캐비아,1
풀무원 캐비아 2kg,수산물,어란,RAW_SEAFOOD,,,캐비아,1
CJ 랍피쉬 캐비아 100g,수산물,어란,RAW_SEAFOOD,,,캐비아,1
연어알 캐비아 330ml,수산물,어란,RAW_SEAFOOD,,,캐비아,1
"오뚜기 캐비아 2팩 19,900원 산지직송",수산물,어란,RAW_SEAFOOD,,,캐비아,1
"동원 랍피쉬 캐비아 3입 1,980원, 택1",수산물,어란,RAW_SEAFOOD,,,캐비아,1
빙그레 연어알 캐비아,수산물,어란,RAW_SEAFOOD,,,캐비아,1
캐비아 6개입,수산물,어란,RAW_SEAFOOD,,,캐비아,1
"[무료배송] 랍피쉬 캐비아 박스, 2,500원",수산물,어란,RAW_SEAFOOD,,,캐비아,1
농심 연어알 캐비아 당일발송,수산물,어란,RAW_SEAFOOD,,,캐비아,1
"[프레시지] 캐비아 낱개 3,910원",수산물,어란,RAW_SEAFOOD,,,캐비아,1
[무료배송] 랍피쉬 캐비아 150ml,수산물,어란,RAW_SEAFOOD,,,캐비아,1
"[매일] 연어알 캐비아 9,900원 (100g당 1,955원) 최대 195원 적립",수산물,어란,RAW_SEAFOOD,,,캐비아,1
[1+1] 캐비아 새벽배송,수산물,어란,RAW_SEAFOOD,,,캐비아,1
[빙그레] 랍피쉬 캐비아,수산물,어란,RAW_SEAFOOD,,,캐비아,1
연어알 캐비아 400g,수산물,어란,RAW_SEAFOOD,,,캐비아,1
"[1+1] 캐비아 낱개 19,900원, 무료배송",수산물,어란,RAW_SEAFOOD,,,캐비아,1
대상 랍피쉬 캐비아 250g,수산물,어란,RAW_SEAFOOD,,,캐비아,1
대상 연어알 캐비아 150ml,수산물,어란,RAW_SEAFOOD,,,캐비아,1
"[풀무원] 캐비아, 2팩",수산물,어란,RAW_SEAFOOD,,,캐비아,1
[해태] 랍피쉬 캐비아 250g 오늘출발,수산물,어란,RAW_SEAFOOD,,,캐비아,1
"[동원] 연어알 캐비아 500g, 9,900원 (100g당 1,955원)",수산물,어란,RAW_SEAFOOD,,,캐비아,1
롯데 캐비아 12개 최대 195원 적립,수산물,어란,RAW_SEAFOOD,,,캐비아,1
"노브랜드 랍피쉬 캐비아 1.5L 19,900원 2+1",수산물,어란,RAW_SEAFOOD,,,캐비아,1
"연어알 캐비아 330ml 2,500원 산지직송",수산물,어란,RAW_SEAFOOD,,,캐비아,1
[롯데] 캐비아 20입,수산물,어란,RAW_SEAFOOD,,,캐비아,1
"[해태] 랍피쉬 캐비아, 12개",수산물,어란,RAW_SEAFOOD,,,캐비아,1
[1+1] 연어알 캐비아 6개입,수산물,어란,RAW_SEAFOOD,,,캐비아,1
"[대용량] 캐비아, 300g",수산물,어란,RAW_SEAFOOD,,,캐비아,1
[노브랜드] 요거트 그래놀라,상온식품,시리얼,GRAIN,,,그래놀라,1
[무료배송] 허니 그래놀라 2팩,상온식품,시리얼,GRAIN,,,그래놀라,1
피코크 첵스초코,상온식품,시리얼,GRAIN,,,시리얼,1
[곰곰] 후로스트 100g 당일발송,상온식품,시리얼,GRAIN,,,시리얼,1
풀무원 오레오 오즈 300g,상온식품,시리얼,GRAIN,,오레오,시리얼,1
[빙그레] 현미플레이크 500g,상온식품,시리얼,GRAIN,,,시리얼,1
"[국내산] 켈로그 콘푸로스트 1L 3,910원",상온식품,시리얼,GRAIN,,켈로그,시리얼,1
"대상 첵스초코, 330ml",상온식품,시리얼,GRAIN,,,시리얼,1
"농심 후로스트 400g, 29,800원",상온식품,시리얼,GRAIN,,,시리얼,1
롯데 오레오 오즈 20입,상온식품,시리얼,GRAIN,,오레오,시리얼,1
[오뚜기] 현미플레이크,상온식품,시리얼,GRAIN,,,시리얼,1
[농심] 켈로그 콘푸로스트 330ml,상온식품,시리얼,GRAIN,,켈로그,시리얼,1
[곰곰] 첵스초코 박스,상온식품,시리얼,GRAIN,,,시리얼,1
"후로스트 2팩 19,900원",상온식품,시리얼,GRAIN,,,시리얼,1
"오뚜기 오레오 오즈 2팩, 당일발송",상온식품,시리얼,GRAIN,,오레오,시리얼,1
현미플레이크 1.5L 새벽배송,상온식품,시리얼,GRAIN,,,시리얼,1
"풀무원 켈로그 콘푸로스트 9,900원 (100g당 1,955원) 오늘출발",상온식품,시리얼,GRAIN,,켈로그,시리얼,1
[노브랜드] 콘플레이크 오리지널 400g,상온식품,시리얼,GRAIN,,,콘플레이크,1
"[피코크] 콘플레이크 오리지널, 3입",상온식품,시리얼,GRAIN,,,콘플레이크,1
"농심 콘플레이크 오리지널 250g 2,500원",상온식품,시리얼,GRAIN,,,콘플레이크,1
[피코크] 콘플레이크 오리지널 12개,상온식품,시리얼,GRAIN,,,콘플레이크,1
"[행사] 콘플레이크 오리지널 10개입, 온라인전용",상온식품,시리얼,GRAIN,,,콘플레이크,1
[빙그레] 콘플레이크 오리지널 2팩,상온식품,시리얼,GRAIN,,,콘플레이크,1
[곰곰] 콘플레이크 오리지널 박스 온라인전용,상온식품,시리얼,GRAIN,,,콘플레이크,1
"노브랜드 콘플레이크 오리지널, 1봉",상온식품,시리얼,GRAIN,,,콘플레이크,1
[국내산] 콘플레이크 오리지널 6개입,상온식품,시리얼,GRAIN,,,콘플레이크,1
"[행사] 콘플레이크 오리지널, 150ml",상온식품,시리얼,GRAIN,,,콘플레이크,1
피코크 콘플레이크 오리지널,상온식품,시리얼,GRAIN,,,콘플레이크,1
곰곰 콘플레이크 오리지널 1.5L,상온식품,시리얼,GRAIN,,,콘플레이크,1
"오뚜기 콘플레이크 오리지널 300g 2,500원",상온식품,시리얼,GRAIN,,,콘플레이크,1
[농심] 콘플레이크 오리지널 400g,상온식품,시리얼,GRAIN,,,콘플레이크,1
농심 콘플레이크 오리지널 1kg,상온식품,시리얼,GRAIN,,,콘플레이크,1
"피코크 콘플레이크 오리지널, 3입",상온식품,시리얼,GRAIN,,,콘플레이크,1
"빙그레 콘플레이크 오리지널 6개입 5,500원 무료배송",상온식품,시리얼,GRAIN,,,콘플레이크,1
콘플레이크 오리지널 200g,상온식품,시리얼,GRAIN,,,콘플레이크,1
콘플레이크 오리지널 300g,상온식품,시리얼,GRAIN,,,콘플레이크,1
콘플레이크 오리지널 300g 당일발송,상온식품,시리얼,GRAIN,,,콘플레이크,1
[국내산] 콘플레이크 오리지널 2kg,상온식품,시리얼,GRAIN,,,콘플레이크,1
"[국내산] 콘플레이크 오리지널 1L 19,900원 택1",상온식품,시리얼,GRAIN,,,콘플레이크,1
"[노브랜드] 콘플레이크 오리지널 250g 3,910원, 2+1",상온식품,시리얼,GRAIN,,,콘플레이크,1
"[행사] 콘플레이크 오리지널 300g 19,900원, 최대 195원 적립",상온식품,시리얼,GRAIN,,,콘플레이크,1
해태 블루베리잼 250g,상온식품,잼/스프레드,SAUCE_SEASONING,,,블루베리잼,1
대상 블루베리잼 500g 오늘출발,상온식품,잼/스프레드,SAUCE_SEASONING,,,블루베리잼,1
"빙그레 블루베리잼 330ml 5,500원",상온식품,잼/스프레드,SAUCE_SEASONING,,,블루베리잼,1
"[곰곰] 후무스 100g 1,980원",상온식품,잼/스프레드,SAUCE_SEASONING,,,후무스,1
"[곰곰] 클래식 후무스 12,900원 오늘출발",상온식품,잼/스프레드,SAUCE_SEASONING,,,후무스,1
"피코크 후무스 10개입 12,900원",상온식품,잼/스프레드,SAUCE_SEASONING,,,후무스,1
해태 클래식 후무스 20입 당일발송,상온식품,잼/스프레드,SAUCE_SEASONING,,,후무스,1
"빙그레 후무스 12개, 2,500원",상온식품,잼/스프레드,SAUCE_SEASONING,,,후무스,1
[해태] 선드라이토마토 페스토 1.5L,상온식품,잼/스프레드,SAUCE_SEASONING,,,페스토,1
"[행사] 바질페스토 1봉, 29,800원",상온식품,잼/스프레드,SAUCE_SEASONING,,,페스토,1
"[오뚜기] 선드라이토마토 페스토, 12개",상온식품,잼/스프레드,SAUCE_SEASONING,,,페스토,1
[1+1] 바질페스토 2kg,상온식품,잼/스프레드,SAUCE_SEASONING,,,페스토,1
농심 선드라이토마토 페스토 200g 1+1,상온식품,잼/스프레드,SAUCE_SEASONING,,,페스토,1
"[1+1] 사과잼 500ml 3,910원 쿠폰할인",상온식품,잼/스프레드,SAUCE_SEASONING,,,사과잼,1
풀무원 사과잼 2팩,상온식품,잼/스프레드,SAUCE_SEASONING,,,사과잼,1
"[피코크] 사과잼 500ml 2,500원 새벽배송",상온식품,잼/스프레드,SAUCE_SEASONING,,,사과잼,1
사과잼 무료배송,상온식품,잼/스프레드,SAUCE_SEASONING,,,사과잼,1
사과잼,상온식품,잼/스프레드,SAUCE_SEASONING,,,사과잼,1
"[노브랜드] 사과잼 낱개 9,900원 (100g당 1,955원), 1+1",상온식품,잼/스프레드,SAUCE_SEASONING,,,사과잼,1
[롯데] 스무스 땅콩버터,상온식품,잼/스프레드,SAUCE_SEASONING,,,땅콩버터,1
빙그레 크런치 땅콩버터 400g,상온식품,잼/스프레드,SAUCE_SEASONING,,,땅콩버터,1
"[곰곰] 스무스 땅콩버터, 330ml",상온식품,잼/스프레드,SAUCE_SEASONING,,,땅콩버터,1
[노브랜드] 크런치 땅콩버터 1kg,상온식품,잼/스프레드,SAUCE_SEASONING,,,땅콩버터,1
"[빙그레] 스무스 땅콩버터 2팩 2,500원, 최대 195원 적립",상온식품,잼/스프레드,SAUCE_SEASONING,,,땅콩버터,1
곰곰 크런치 땅콩버터 1봉,상온식품,잼/스프레드,SAUCE_SEASONING,,,땅콩버터,1
"캐슈버터 2kg 12,900원",상온식품,잼/스프레드,SAUCE_SEASONING,,,기타 잼/스프레드,1
"빙그레 애플시나몬잼 150ml 9,900원 (100g당 1,955원)",상온식품,잼/스프레드,SAUCE_SEASONING,,,기타 잼/스프레드,1
[해태] 살구잼 500g 산지직송,상온식품,잼/스프레드,SAUCE_SEASONING,,,기타 잼/스프레드,1
"풀무원 아몬드버터, 20입",상온식품,잼/스프레드,SAUCE_SEASONING,,,기타 잼/스프레드,1
"[해태] 누텔라 1.5L 29,800원",상온식품,잼/스프레드,SAUCE_SEASONING,,,기타 잼/스프레드,1
"매일 선드라이드토마토페스토 12개 2,500원",상온식품,잼/스프레드,SAUCE_SEASONING,,,기타 잼/스프레드,1
"[대상] 마롱크림 1.5L 3,910원",상온식품,잼/스프레드,SAUCE_SEASONING,,,기타 잼/스프레드,1
피코크 오렌지마멀레이드,상온식품,잼/스프레드,SAUCE_SEASONING,,,기타 잼/스프레드,1
"오뚜기 후무스 29,800원 HACCP",상온식품,잼/스프레드,SAUCE_SEASONING,,,기타 잼/스프레드,1
"[CJ] 대추야자스프레드, 낱개",상온식품,잼/스프레드,SAUCE_SEASONING,,,기타 잼/스프레드,1
곰곰 레몬커드 150ml 새벽배송,상온식품,잼/스프레드,SAUCE_SEASONING,,,기타 잼/스프레드,1
"곰곰 라즈베리잼 2,500원",상온식품,잼/스프레드,SAUCE_SEASONING,,,기타 잼/스프레드,1
"[풀무원] 무화과잼, 2kg",상온식품,잼/스프레드,SAUCE_SEASONING,,,기타 잼/스프레드,1
"[대용량] 로투스 스프레드 500g 19,900원",상온식품,잼/스프레드,SAUCE_SEASONING,,,기타 잼/스프레드,1
[프레시지] 사조 살코기참치 330ml 새벽배송,상온식품,참치/스팸캔,CANNED,,사조,참치캔,1
"롯데 고추참치 500g, 당일발송",상온식품,참치/스팸캔,CANNED,,,참치캔,1
동원 동원 참치 라이트스탠다드 쿠폰할인,상온식품,참치/스팸캔,CANNED,,동원,참치캔,1
김치참치 6개입,상온식품,참치/스팸캔,CANNED,,,참치캔,1
[무료배송] 마일드참치,상온식품,참치/스팸캔,CANNED,,,참치캔,1
[롯데] 야채참치 1L,상온식품,참치/스팸캔,CANNED,,,참치캔,1
"오뚜기 스팸 마일드 20입 2,500원",상온식품,참치/스팸캔,CANNED,,스팸,스팸,1
"피코크 런천미트, 2+1",상온식품,참치/스팸캔,CANNED,,,스팸,1
"곰곰 스팸 클래식 1L 5,500원",상온식품,참치/스팸캔,CANNED,,스팸,스팸,1
롯데 스팸 라이트 온라인전용,상온식품,참치/스팸캔,CANNED,,스팸,스팸,1
"동원 리챔 20입, 택1",상온식품,참치/스팸캔,CANNED,,리챔,스팸,1
[빙그레] 스팸 마일드 400g 쿠폰할인,상온식품,참치/스팸캔,CANNED,,스팸,스팸,1
[대용량] 런천미트 400g,상온식품,참치/스팸캔,CANNED,,,스팸,1
"풀무원 스팸 클래식 3입 3,910원",상온식품,참치/스팸캔,CANNED,,스팸,스팸,1
[오뚜기] 스팸 라이트 12개,상온식품,참치/스팸캔,CANNED,,스팸,스팸,1
리챔 400g,상온식품,참치/스팸캔,CANNED,,리챔,스팸,1
[CJ] 스팸 마일드 1kg,상온식품,참치/스팸캔,CANNED,,스팸,스팸,1
프레시지 런천미트 300g 2+1,상온식품,참치/스팸캔,CANNED,,,스팸,1
"곰곰 스팸 클래식 1봉 5,500원, 새벽배송",상온식품,참치/스팸캔,CANNED,,스팸,스팸,1
"[곰곰] 조림용 번데기캔 1.5L 29,800원 최대 195원 적립",상온식품,참치/스팸캔,CANNED,,,번데기 통조림,1
"[1+1] 번데기 통조림 1kg 5,500원",상온식품,참치/스팸캔,CANNED,,,번데기 통조림,1
"[풀무원] 조림용 번데기캔 2kg, 행사상품",상온식품,참치/스팸캔,CANNED,,,번데기 통조림,1
"CJ 번데기 통조림 1L 9,900원 (100g당 1,955원)",상온식품,참치/스팸캔,CANNED,,,번데기 통조림,1
곰곰 조림용 번데기캔 1kg 최대 195원 적립,상온식품,참치/스팸캔,CANNED,,,번데기 통조림,1
"프레시지 번데기 통조림 12개 12,900원, 2+1",상온식품,참치/스팸캔,CANNED,,,번데기 통조림,1
"[국내산] 조림용 번데기캔 2팩 19,900원",상온식품,참치/스팸캔,CANNED,,,번데기 통조림,1
[오뚜기] 번데기 통조림 1봉,상온식품,참치/스팸캔,CANNED,,,번데기 통조림,1
대상 조림용 번데기캔 2kg,상온식품,참치/스팸캔,CANNED,,,번데기 통조림,1
동원 번데기 통조림 1L,상온식품,참치/스팸캔,CANNED,,,번데기 통조림,1
매일 조림용 번데기캔 2팩 2+1,상온식품,참치/스팸캔,CANNED,,,번데기 통조림,1
피코크 번데기 통조림 150ml,상온식품,참치/스팸캔,CANNED,,,번데기 통조림,1
CJ 조림용 번데기캔 당일발송,상온식품,참치/스팸캔,CANNED,,,번데기 통조림,1
[매일] 번데기 통조림 2팩 당일발송,상온식품,참치/스팸캔,CANNED,,,번데기 통조림,1
"해태 조림용 번데기캔 500g, 새벽배송",상온식품,참치/스팸캔,CANNED,,,번데기 통조림,1
[매일] 스위트콘 통조림,상온식품,참치/스팸캔,CANNED,,,옥수수캔,1
"동원 초당옥수수캔, 1.5L",상온식품,참치/스팸캔,CANNED,,,옥수수캔,1
"동원 스위트콘 통조림 2팩, 온라인전용",상온식품,참치/스팸캔,CANNED,,,옥수수캔,1
"오뚜기 초당옥수수캔 3입 5,500원 최대 195원 적립",상온식품,참치/스팸캔,CANNED,,,옥수수캔,1
오뚜기 스위트콘 통조림,상온식품,참치/스팸캔,CANNED,,,옥수수캔,1
"농심 초당옥수수캔 6개입, 29,800원",상온식품,참치/스팸캔,CANNED,,,옥수수캔,1
[롯데] 스위트콘 통조림,상온식품,참치/스팸캔,CANNED,,,옥수수캔,1
"[무료배송] 초당옥수수캔 400g 1,980원, 당일발송",상온식품,참치/스팸캔,CANNED,,,옥수수캔,1
"롯데 스위트콘 통조림 3입 3,910원",상온식품,참치/스팸캔,CANNED,,,옥수수캔,1
[무료배송] 초당옥수수캔 500g 오늘출발,상온식품,참치/스팸캔,CANNED,,,옥수수캔,1
"[곰곰] 스위트콘 통조림 150ml, 산지직송",상온식품,참치/스팸캔,CANNED,,,옥수수캔,1
피코크 초당옥수수캔 6개입,상온식품,참치/스팸캔,CANNED,,,옥수수캔,1
노브랜드 스위트콘 통조림 1봉 행사상품,상온식품,참치/스팸캔,CANNED,,,옥수수캔,1
노브랜드 초당옥수수캔 330ml,상온식품,참치/스팸캔,CANNED,,,옥수수캔,1
[프레시지] 스위트콘 통조림 300g,상온식품,참치/스팸캔,CANNED,,,옥수수캔,1
"매일 고등어 통조림 낱개 19,900원",상온식품,참치/스팸캔,CANNED,,,꽁치캔,1
빙그레 꽁치 통조림 1L 택1,상온식품,참치/스팸캔,CANNED,,,꽁치캔,1
"[곰곰] 고등어 통조림 200g 19,900원 1+1",상온식품,참치/스팸캔,CANNED,,,꽁치캔,1
[롯데] 꽁치 통조림 330ml,상온식품,참치/스팸캔,CANNED,,,꽁치캔,1
"[동원] 고등어 통조림 5,500원",상온식품,참치/스팸캔,CANNED,,,꽁치캔,1
"[농심] 꽁치 통조림 2kg 1,980원",상온식품,참치/스팸캔,CANNED,,,꽁치캔,1
[행사] 고등어 통조림 낱개 1+1,상온식품,참치/스팸캔,CANNED,,,꽁치캔,1
[대용량] 꽁치 통조림 10개입,상온식품,참치/스팸캔,CANNED,,,꽁치캔,1
피코크 고등어 통조림 1.5L 쿠폰할인,상온식품,참치/스팸캔,CANNED,,,꽁치캔,1
"매일 꽁치 통조림 330ml 2,500원 2+1",상온식품,참치/스팸캔,CANNED,,,꽁치캔,1
"[대용량] 고등어 통조림 200g, 산지직송",상온식품,참치/스팸캔,CANNED,,,꽁치캔,1
[무료배송] 꽁치 통조림 400g,상온식품,참치/스팸캔,CANNED,,,꽁치캔,1
[행사] 고등어 통조림 12개,상온식품,참치/스팸캔,CANNED,,,꽁치캔,1
꽁치 통조림 400g,상온식품,참치/스팸캔,CANNED,,,꽁치캔,1
"고등어 통조림 2팩 1,980원",상온식품,참치/스팸캔,CANNED,,,꽁치캔,1
"볶음땅콩 500ml 19,900원",과일/견과류,견과류,RAW_FRUIT,,,땅콩,1
[행사] 견과류 150ml 온라인전용,과일/견과류,견과류,RAW_FRUIT,,,견과류,1
[행사] 견과류 500ml 쿠폰할인,과일/견과류,견과류,RAW_FRUIT,,,견과류,1
"대상 견과류, 300g",과일/견과류,견과류,RAW_FRUIT,,,견과류,1
해태 군밤 12개,과일/견과류,견과류,RAW_FRUIT,,,밤,1
"깐밤 6개입 1,980원",과일/견과류,견과류,RAW_FRUIT,,,밤,1
군밤 250g,과일/견과류,견과류,RAW_FRUIT,,,밤,1
[국내산] 깐밤 500g 행사상품,과일/견과류,견과류,RAW_FRUIT,,,밤,1
[노브랜드] 마카다미아 6개입,과일/견과류,견과류,RAW_FRUIT,,,마카다미아,1
"마카다미아 2팩 5,500원",과일/견과류,견과류,RAW_FRUIT,,,마카다미아,1
"[국내산] 마카다미아 3입 29,800원",과일/견과류,견과류,RAW_FRUIT,,,마카다미아,1
"[오뚜기] 마카다미아 200g 3,910원 택1",과일/견과류,견과류,RAW_FRUIT,,,마카다미아,1
"빙그레 마카다미아, 100g",과일/견과류,견과류,RAW_FRUIT,,,마카다미아,1
[1+1] 구운 피스타치오 2팩,과일/견과류,견과류,RAW_FRUIT,,,피스타치오,1
[국내산] 구운 피스타치오 10개입,과일/견과류,견과류,RAW_FRUIT,,,피스타치오,1
"[국내산] 구운 피스타치오 500ml 19,900원 최대 195원 적립",과일/견과류,견과류,RAW_FRUIT,,,피스타치오,1
대상 구운 피스타치오 400g,과일/견과류,견과류,RAW_FRUIT,,,피스타치오,1
"풀무원 구운 피스타치오 500g 19,900원",과일/견과류,견과류,RAW_FRUIT,,,피스타치오,1
"[대용량] 구운 피스타치오 1L, 3,910원",과일/견과류,견과류,RAW_FRUIT,,,피스타치오,1
"[롯데] 생호두 1kg 29,800원",과일/견과류,견과류,RAW_FRUIT,,,호두,1
"롯데 깐호두 20입 12,900원 쿠폰할인",과일/견과류,견과류,RAW_FRUIT,,,호두,1
"[대용량] 생호두, 12개",과일/견과류,견과류,RAW_FRUIT,,,호두,1
"[해태] 깐호두 330ml 3,910원",과일/견과류,견과류,RAW_FRUIT,,,호두,1
"매일 생호두 10개입, 새벽배송",과일/견과류,견과류,RAW_FRUIT,,,호두,1
"롯데 깐호두 150ml 1,980원 온라인전용",과일/견과류,견과류,RAW_FRUIT,,,호두,1
[매일] 건포도 250g,과일/견과류,견과류,RAW_FRUIT,,,건포도,1
오뚜기 썬메이드 건포도 6개입,과일/견과류,견과류,RAW_FRUIT,,,건포도,1
[CJ] 건포도 행사상품,과일/견과류,견과류,RAW_FRUIT,,,건포도,1
"썬메이드 건포도 330ml, 2,500원",과일/견과류,견과류,RAW_FRUIT,,,건포도,1
노브랜드 건포도 1L,과일/견과류,견과류,RAW_FRUIT,,,건포도,1
"매일 썬메이드 건포도, 박스",과일/견과류,견과류,RAW_FRUIT,,,건포도,1
[무료배송] 건포도 행사상품,과일/견과류,견과류,RAW_FRUIT,,,건포도,1
대상 썬메이드 건포도 1L 최대 195원 적립,과일/견과류,견과류,RAW_FRUIT,,,건포도,1
노브랜드 해바라기씨 1봉,과일/견과류,견과류,RAW_FRUIT,,,해바라기씨,1
"매일 해바라기씨, 500g",과일/견과류,견과류,RAW_FRUIT,,,해바라기씨,1
[빙그레] 해바라기씨 1L 새벽배송,과일/견과류,견과류,RAW_FRUIT,,,해바라기씨,1
[국내산] 해바라기씨 100g 택1,과일/견과류,견과류,RAW_FRUIT,,,해바라기씨,1
해태 해바라기씨 150ml 최대 195원 적립,과일/견과류,견과류,RAW_FRUIT,,,해바라기씨,1
오뚜기 해바라기씨 1+1,과일/견과류,견과류,RAW_FRUIT,,,해바라기씨,1
"노브랜드 해바라기씨, 3입",과일/견과류,견과류,RAW_FRUIT,,,해바라기씨,1
"[대용량] 아마씨 330ml 12,900원 2+1",과일/견과류,견과류,RAW_FRUIT,,,기타 견과류,1
[동원] 코코넛칩 1.5L,과일/견과류,견과류,RAW_FRUIT,,,기타 견과류,1
"[농심] 피칸 12개 9,900원 (100g당 1,955원) HACCP",과일/견과류,견과류,RAW_FRUIT,,,기타 견과류,1
[프레시지] 연밥 박스 2+1,과일/견과류,견과류,RAW_FRUIT,,,기타 견과류,1
[1+1] 건크랜베리 150ml,과일/견과류,견과류,RAW_FRUIT,,,기타 견과류,1
"풀무원 헤이즐넛 20입 2,500원, 최대 195원 적립",과일/견과류,견과류,RAW_FRUIT,,,기타 견과류,1
"건블루베리 100g 1,980원 산지직송",과일/견과류,견과류,RAW_FRUIT,,,기타 견과류,1
"[대상] 브라질너트 1봉 12,900원 무료배송",과일/견과류,견과류,RAW_FRUIT,,,기타 견과류,1
노브랜드 무화과말랭이 1kg,과일/견과류,견과류,RAW_FRUIT,,,기타 견과류,1
치아씨드 1L,과일/견과류,견과류,RAW_FRUIT,,,기타 견과류,1
[농심] 은행 500g 택1,과일/견과류,견과류,RAW_FRUIT,,,기타 견과류,1
[피코크] 대추칩 2kg HACCP,과일/견과류,견과류,RAW_FRUIT,,,기타 견과류,1
[대용량] 호박씨 12개 새벽배송,과일/견과류,견과류,RAW_FRUIT,,,기타 견과류,1
"마카다미아 통 100g 12,900원",과일/견과류,견과류,RAW_FRUIT,,,기타 견과류,1
"[대용량] 건망고 10개입, 1,980원",과일/견과류,견과류,RAW_FRUIT,,,기타 견과류,1
[동원] 해바라기씨 2팩 1+1,과일/견과류,견과류,RAW_FRUIT,,,기타 견과류,1
CJ 아마씨 낱개,과일/견과류,견과류,RAW_FRUIT,,,기타 견과류,1
[대용량] 코코넛칩 20입,과일/견과류,견과류,RAW_FRUIT,,,기타 견과류,1
"곰곰 피칸 330ml 12,900원, 온라인전용",과일/견과류,견과류,RAW_FRUIT,,,기타 견과류,1
연밥 2kg,과일/견과류,견과류,RAW_FRUIT,,,기타 견과류,1
"CJ 건크랜베리 낱개 3,910원",과일/견과류,견과류,RAW_FRUIT,,,기타 견과류,1
[국내산] 헤이즐넛,과일/견과류,견과류,RAW_FRUIT,,,기타 견과류,1
곰곰 냉동 베리믹스,과일/견과류,냉동과일,SIMPLE_PROCESSED,,,냉동 과일믹스,1
냉동 트로피칼믹스,과일/견과류,냉동과일,SIMPLE_PROCESSED,,,냉동 과일믹스,1
"롯데 냉동 베리믹스 500g, 택1",과일/견과류,냉동과일,SIMPLE_PROCESSED,,,냉동 과일믹스,1
"해태 냉동 트로피칼믹스 29,800원 최대 195원 적립",과일/견과류,냉동과일,SIMPLE_PROCESSED,,,냉동 과일믹스,1
"냉동 베리믹스 박스 3,910원",과일/견과류,냉동과일,SIMPLE_PROCESSED,,,냉동 과일믹스,1
[1+1] 냉동 트로피칼믹스 3입 새벽배송,과일/견과류,냉동과일,SIMPLE_PROCESSED,,,냉동 과일믹스,1
"오뚜기 냉동 베리믹스, 330ml",과일/견과류,냉동과일,SIMPLE_PROCESSED,,,냉동 과일믹스,1
"[풀무원] 냉동 트로피칼믹스 3입 2,500원, 무료배송",과일/견과류,냉동과일,SIMPLE_PROCESSED,,,냉동 과일믹스,1
"냉동 망고 1.5L, 2+1",과일/견과류,냉동과일,SIMPLE_PROCESSED,,,냉동 망고,1
"프레시지 냉동 애플망고 500ml, 3,910원",과일/견과류,냉동과일,SIMPLE_PROCESSED,,,냉동 망고,1
냉동 망고 1+1,과일/견과류,냉동과일,SIMPLE_PROCESSED,,,냉동 망고,1
곰곰 냉동 애플망고,과일/견과류,냉동과일,SIMPLE_PROCESSED,,,냉동 망고,1
"[행사] 냉동 망고 250g 29,800원 택1",과일/견과류,냉동과일,SIMPLE_PROCESSED,,,냉동 망고,1
"[빙그레] 냉동 애플망고 6개입 1,980원, 오늘출발",과일/견과류,냉동과일,SIMPLE_PROCESSED,,,냉동 망고,1
[국내산] 냉동 망고 3입 무료배송,과일/견과류,냉동과일,SIMPLE_PROCESSED,,,냉동 망고,1
[풀무원] 냉동 애플망고,과일/견과류,냉동과일,SIMPLE_PROCESSED,,,냉동 망고,1
오뚜기 냉동 망고,과일/견과류,냉동과일,SIMPLE_PROCESSED,,,냉동 망고,1
"[국내산] 냉동 애플망고 10개입 9,900원 (100g당 1,955원), 택1",과일/견과류,냉동과일,SIMPLE_PROCESSED,,,냉동 망고,1
롯데 냉동 블루베리,과일/견과류,냉동과일,SIMPLE_PROCESSED,,,냉동 블루베리,1
CJ 냉동 블루베리 10개입 새벽배송,과일/견과류,냉동과일,SIMPLE_PROCESSED,,,냉동 블루베리,1
[행사] 냉동 블루베리,과일/견과류,냉동과일,SIMPLE_PROCESSED,,,냉동 블루베리,1
[1+1] 냉동 블루베리 낱개,과일/견과류,냉동과일,SIMPLE_PROCESSED,,,냉동 블루베리,1
[농심] 냉동 블루베리 2kg,과일/견과류,냉동과일,SIMPLE_PROCESSED,,,냉동 블루베리,1
CJ 냉동 블루베리,과일/견과류,냉동과일,SIMPLE_PROCESSED,,,냉동 블루베리,1
[프레시지] 냉동 블루베리 2팩,과일/견과류,냉동과일,SIMPLE_PROCESSED,,,냉동 블루베리,1
"[해태] 냉동 블루베리 2팩 29,800원",과일/견과류,냉동과일,SIMPLE_PROCESSED,,,냉동 블루베리,1
"[동원] 냉동 블루베리 19,900원",과일/견과류,냉동과일,SIMPLE_PROCESSED,,,냉동 블루베리,1
"[무료배송] 냉동 블루베리 20입 2,500원",과일/견과류,냉동과일,SIMPLE_PROCESSED,,,냉동 블루베리,1
"[농심] 냉동 블루베리 500g 1,980원 산지직송",과일/견과류,냉동과일,SIMPLE_PROCESSED,,,냉동 블루베리,1
"[무료배송] 냉동 아보카도 12개 29,800원 당일발송",과일/견과류,냉동과일,SIMPLE_PROCESSED,,,냉동 아보카도,1
"[CJ] 냉동 아보카도 250g 29,800원 행사상품",과일/견과류,냉동과일,SIMPLE_PROCESSED,,,냉동 아보카도,1
빙그레 냉동 아보카도 1.5L,과일/견과류,냉동과일,SIMPLE_PROCESSED,,,냉동 아보카도,1
[국내산] 냉동 아보카도 2kg,과일/견과류,냉동과일,SIMPLE_PROCESSED,,,냉동 아보카도,1
[국내산] 냉동 아보카도 10개입,과일/견과류,냉동과일,SIMPLE_PROCESSED,,,냉동 아보카도,1
[대용량] 냉동 아보카도 6개입 행사상품,과일/견과류,냉동과일,SIMPLE_PROCESSED,,,냉동 아보카도,1
"[1+1] 냉동 아보카도 2kg 5,500원 HACCP",과일/견과류,냉동과일,SIMPLE_PROCESSED,,,냉동 아보카도,1
"[국내산] 냉동 아보카도 박스 3,910원 산지직송",과일/견과류,냉동과일,SIMPLE_PROCESSED,,,냉동 아보카도,1
[1+1] 냉동 아보카도 20입,과일/견과류,냉동과일,SIMPLE_PROCESSED,,,냉동 아보카도,1
오뚜기 냉동 아보카도 무료배송,과일/견과류,냉동과일,SIMPLE_PROCESSED,,,냉동 아보카도,1
냉동 아보카도 2팩,과일/견과류,냉동과일,SIMPLE_PROCESSED,,,냉동 아보카도,1
CJ 냉동 아보카도 330ml,과일/견과류,냉동과일,SIMPLE_PROCESSED,,,냉동 아보카도,1
냉동 바나나 400g 산지직송,과일/견과류,냉동과일,SIMPLE_PROCESSED,,,냉동 바나나,1
"냉동 바나나 낱개 12,900원",과일/견과류,냉동과일,SIMPLE_PROCESSED,,,냉동 바나나,1
"[무료배송] 냉동 바나나 1L 19,900원, 2+1",과일/견과류,냉동과일,SIMPLE_PROCESSED,,,냉동 바나나,1
빙그레 냉동 바나나 3입 새벽배송,과일/견과류,냉동과일,SIMPLE_PROCESSED,,,냉동 바나나,1
[피코크] 냉동 바나나,과일/견과류,냉동과일,SIMPLE_PROCESSED,,,냉동 바나나,1
"[1+1] 냉동 바나나, 2kg",과일/견과류,냉동과일,SIMPLE_PROCESSED,,,냉동 바나나,1
"프레시지 냉동 바나나 10개입 19,900원 무료배송",과일/견과류,냉동과일,SIMPLE_PROCESSED,,,냉동 바나나,1
[행사] 냉동 바나나 500ml 쿠폰할인,과일/견과류,냉동과일,SIMPLE_PROCESSED,,,냉동 바나나,1
냉동 바나나 택1,과일/견과류,냉동과일,SIMPLE_PROCESSED,,,냉동 바나나,1
"[동원] 냉동 바나나 20입, 2,500원",과일/견과류,냉동과일,SIMPLE_PROCESSED,,,냉동 바나나,1
"[빙그레] 냉동 바나나 10개입 29,800원",과일/견과류,냉동과일,SIMPLE_PROCESSED,,,냉동 바나나,1
[CJ] 냉동 바나나 낱개 산지직송,과일/견과류,냉동과일,SIMPLE_PROCESSED,,,냉동 바나나,1
"농심 냉동 바나나 250g, 1,980원",과일/견과류,냉동과일,SIMPLE_PROCESSED,,,냉동 바나나,1
[국내산] 냉동 바나나 300g,과일/견과류,냉동과일,SIMPLE_PROCESSED,,,냉동 바나나,1
"[대상] 냉동 딸기 12개 5,500원",과일/견과류,냉동과일,SIMPLE_PROCESSED,,,냉동 딸기,1
"[해태] 냉동 딸기 500ml 19,900원",과일/견과류,냉동과일,SIMPLE_PROCESSED,,,냉동 딸기,1
대상 냉동 딸기 150ml,과일/견과류,냉동과일,SIMPLE_PROCESSED,,,냉동 딸기,1
[오뚜기] 냉동 딸기 100g,과일/견과류,냉동과일,SIMPLE_PROCESSED,,,냉동 딸기,1
냉동 딸기 낱개 온라인전용,과일/견과류,냉동과일,SIMPLE_PROCESSED,,,냉동 딸기,1
"곰곰 냉동 딸기 250g 9,900원 (100g당 1,955원)",과일/견과류,냉동과일,SIMPLE_PROCESSED,,,냉동 딸기,1
"동원 냉동 딸기, 200g",과일/견과류,냉동과일,SIMPLE_PROCESSED,,,냉동 딸기,1
"오뚜기 냉동 딸기 1.5L, 12,900원",과일/견과류,냉동과일,SIMPLE_PROCESSED,,,냉동 딸기,1
"동원 냉동 딸기 6개입 5,500원",과일/견과류,냉동과일,SIMPLE_PROCESSED,,,냉동 딸기,1
빙그레 냉동 딸기 250g 산지직송,과일/견과류,냉동과일,SIMPLE_PROCESSED,,,냉동 딸기,1
[무료배송] 냉동 딸기 박스,과일/견과류,냉동과일,SIMPLE_PROCESSED,,,냉동 딸기,1
냉동 딸기 6개입,과일/견과류,냉동과일,SIMPLE_PROCESSED,,,냉동 딸기,1
CJ 냉동 딸기,과일/견과류,냉동과일,SIMPLE_PROCESSED,,,냉동 딸기,1
[1+1] 냉동 청포도 1봉 산지직송,과일/견과류,냉동과일,SIMPLE_PROCESSED,,,기타 냉동과일,1
풀무원 냉동 무화과 100g 오늘출발,과일/견과류,냉동과일,SIMPLE_PROCESSED,,,기타 냉동과일,1
냉동 크랜베리 10개입 최대 195원 적립,과일/견과류,냉동과일,SIMPLE_PROCESSED,,,기타 냉동과일,1
해태 냉동 두리안 10개입,과일/견과류,냉동과일,SIMPLE_PROCESSED,,,기타 냉동과일,1
"냉동 복숭아 500g 3,910원 새벽배송",과일/견과류,냉동과일,SIMPLE_PROCESSED,,,기타 냉동과일,1
오뚜기 냉동 블랙베리 12개,과일/견과류,냉동과일,SIMPLE_PROCESSED,,,기타 냉동과일,1
"[곰곰] 냉동 석류알 330ml 2,500원",과일/견과류,냉동과일,SIMPLE_PROCESSED,,,기타 냉동과일,1
"노브랜드 냉동 자몽 500ml 5,500원",과일/견과류,냉동과일,SIMPLE_PROCESSED,,,기타 냉동과일,1
"[국내산] 냉동 파인애플 500g 1,980원",과일/견과류,냉동과일,SIMPLE_PROCESSED,,,기타 냉동과일,1
[CJ] 냉동 체리 250g,과일/견과류,냉동과일,SIMPLE_PROCESSED,,,기타 냉동과일,1
"동원 냉동 패션후르츠 400g 9,900원 (100g당 1,955원), 무료배송",과일/견과류,냉동과일,SIMPLE_PROCESSED,,,기타 냉동과일,1
"오뚜기 냉동 라즈베리 2팩 3,910원",과일/견과류,냉동과일,SIMPLE_PROCESSED,,,기타 냉동과일,1
냉동 청포도,과일/견과류,냉동과일,SIMPLE_PROCESSED,,,기타 냉동과일,1
매일 냉동 무화과 1.5L 최대 195원 적립,과일/견과류,냉동과일,SIMPLE_PROCESSED,,,기타 냉동과일,1
"CJ 냉동 크랜베리, 3,910원",과일/견과류,냉동과일,SIMPLE_PROCESSED,,,기타 냉동과일,1
"[무료배송] 냉동 두리안 1kg 2,500원 HACCP",과일/견과류,냉동과일,SIMPLE_PROCESSED,,,기타 냉동과일,1
[1+1] 냉동 복숭아 2팩,과일/견과류,냉동과일,SIMPLE_PROCESSED,,,기타 냉동과일,1
"[프레시지] 냉동 블랙베리 2팩, 쿠폰할인",과일/견과류,냉동과일,SIMPLE_PROCESSED,,,기타 냉동과일,1
"피코크 냉동 석류알 20입, 당일발송",과일/견과류,냉동과일,SIMPLE_PROCESSED,,,기타 냉동과일,1
[선물세트] 전통주 대대로영농 진도 홍주 루비콘 (40도 500mL),술,전통주,ALCOHOL,,,기타 전통주,0
"[선물세트][전통주] 오봉도 청와대선정주세트_문배술25,이강주19,솔송주13,한산소곡주18",술,전통주,ALCOHOL,,전통주,기타 전통주,0
[전통주] 배혜정도가 메로니아 (4도 750mL),술,전통주,ALCOHOL,,전통주,막걸리,0
[전통주] 참주가 동해밤바다 증류주 (17.2도 360mL),술,전통주,ALCOHOL,,전통주,기타 전통주,0
"[선물세트] 전통주 배상면주가 오매락 세트 (40도,500mL + 25도,375mL)",술,전통주,ALCOHOL,,,기타 전통주,0
[선물세트] 전통주 대대로 진도홍주_3년숙성 (40도 700mL),술,전통주,ALCOHOL,,전통주,기타 전통주,0
[전통주]압구정막걸리 원 김재중막걸리(14도 375mL),술,전통주,ALCOHOL,,전통주,막걸리,0
[선물세트] 전통주 김연박명인 민속주안동소주 특1호 (45도 400mL 2병),술,전통주,ALCOHOL,,전통주,기타 전통주,0
[선물세트] 전통주 송명섭 명인 죽력고_조선3대명주 (32도 700mL),술,전통주,ALCOHOL,,전통주,기타 전통주,0
[전통주] 고창서해안 청정고창 소주 (16.9도 360mL) 10가지 꽃을 담은술,술,전통주,ALCOHOL,,전통주,기타 전통주,0
[선물세트] 전통주 문배술 명작 (40도 500mL),술,전통주,ALCOHOL,,전통주,기타 전통주,0
[선물세트] 전통주 문배술 용상도자기 (40도 700mL),술,전통주,ALCOHOL,,전통주,기타 전통주,0
[선물세트] 전통주 토끼소주 선비진 미국브랜힐양조 한국형진 (48도 750mL),술,전통주,ALCOHOL,,전통주,기타 전통주,0
[선물세트] 전통주 배혜정도가 로아 화이트 세트 (19도 375mL 2병),술,전통주,ALCOHOL,,전통주,기타 전통주,0
[선물세트] 전통주 이기춘명인 문배술 특1호세트 (40도 400mLx2병),술,전통주,ALCOHOL,,전통주,기타 전통주,0
[선물세트][라빈리커픽업] 전통주 문배술 명작 500 세트 (40도 500mL),술,전통주,ALCOHOL,,전통주,기타 전통주,0
[선물세트][라빈리커픽업] 전통주 문배술 천향 세트 (40도 375mL*2),술,전통주,ALCOHOL,,전통주,기타 전통주,0
"[선물세트][전통주] 문배술25 헤리티지 적토마에디션 (25도, 375mL*2)",술,전통주,ALCOHOL,,전통주,기타 전통주,0
"[선물세트] 전통주 느린마을 약주 (12도, 700mL)",술,전통주,ALCOHOL,,전통주,약주,0
[전통주] 문배술 도자기 (40도 400mL),술,전통주,ALCOHOL,,전통주,기타 전통주,0
[전통주] 문배주 헤리티지 (25도 375mL),술,전통주,ALCOHOL,,전통주,기타 전통주,0
[전통주] 배혜정도가 호땅 (6도 750mL),술,전통주,ALCOHOL,,전통주,막걸리,0
[전통주] 조은술세종 우도 땅콩 전통주 (6도 750mL),술,전통주,ALCOHOL,,전통주,막걸리,0
[전통주]배혜정도가 화성생막걸리 (6도 750mL) 부드러운 탄산막걸리,술,전통주,ALCOHOL,,전통주,막걸리,0
[전통주] 중원당 청명주 약주 (17도 375mL),술,전통주,ALCOHOL,,중원당,약주,0
[전통주] 조은술 세종 괴산 찰옥수수주 (6도 750mL),술,전통주,ALCOHOL,,조은술세종,기타 전통주,0
[전통주] 안동소주일품 제로슈거 (25도 350mL),술,전통주,ALCOHOL,,안동소주일품,기타 전통주,0
[선물세트] 무학소주 (17도 640mL),술,소주,ALCOHOL,,,소주,1
[관부가세포함] 빨간 대선 (35도 330mL) 선물포장,술,소주,ALCOHOL,,,소주,1
[선물세트] 한라산 (12도 700mL) 전국택배,술,소주,ALCOHOL,,,소주,1
[선물세트] 좋은데이 1929 700mL 냉장배송,술,소주,ALCOHOL,,,소주,1
화이트소주 (17도 1.8L) 새벽배송,술,소주,ALCOHOL,,,소주,1
[관부가세포함] 맑은데이 (40도 500mL),술,소주,ALCOHOL,,,소주,1
[전통주] 새로 살구 (17도 640mL),술,소주,ALCOHOL,,,소주,1
[국산] 여수밤바다 새벽배송,술,소주,ALCOHOL,,,소주,1
[1+1] 잎새주 (13도 640mL) 선물포장,술,소주,ALCOHOL,,,소주,1
참이슬 클래식 (16.9도 200mL) 선물포장,술,소주,ALCOHOL,,,소주,1
[관부가세포함] 한라산 올레 (25도 20병),술,소주,ALCOHOL,,,소주,1
[1+1] 처음처럼 (21도 360mL),술,소주,ALCOHOL,,,소주,1
진로이즈백 (16.9도 20병),술,소주,ALCOHOL,,,소주,1
[국산] 참이슬 (25도 360mL),술,소주,ALCOHOL,,,소주,1
[행사] C1 소주 (40도 1.8L) 당일출고,술,소주,ALCOHOL,,,소주,1
[선물세트] 처음처럼 새로 (40도 640mL) 수량한정,술,소주,ALCOHOL,,,소주,1
[전통주] 새로 (6도 330mL),술,소주,ALCOHOL,,,소주,1
[행사] 보해 잎새주 500mL,술,소주,ALCOHOL,,,소주,1
[관부가세포함] 진로골드 (21도 200mL),술,소주,ALCOHOL,,,소주,1
푸른밤 (21도 500mL) 선물포장,술,소주,ALCOHOL,,,소주,1
진로 (17도 700mL),술,소주,ALCOHOL,,,소주,1
[1+1] 참이슬 오리지널 (13도 병) 선물포장,술,소주,ALCOHOL,,,소주,1
좋은데이 700mL 전국택배,술,소주,ALCOHOL,,,소주,1
[선물세트] 참이슬 후레쉬 (13도 병),술,소주,ALCOHOL,,,소주,1
려 소주 (45도 병) HACCP,술,소주,ALCOHOL,,,소주,1
대선소주 20병,술,소주,ALCOHOL,,,소주,1
[1+1] 시원소주 (45도 330mL),술,소주,ALCOHOL,,,소주,1
[전통주] 대선 20병,술,소주,ALCOHOL,,,소주,1
[행사] 진로 (40도 360mL) 새벽배송,술,소주,ALCOHOL,,,소주,1
[무료배송] 진로골드 (6도 6병) 선물포장,술,소주,ALCOHOL,,,소주,1
[전통주] 화이트소주 (21도 640mL),술,소주,ALCOHOL,,,소주,1
시원소주 750mL,술,소주,ALCOHOL,,,소주,1
[행사] 빨간 대선 (19도 375mL),술,소주,ALCOHOL,,,소주,1
[1+1] 푸른밤 (17도 200mL),술,소주,ALCOHOL,,,소주,1
[전통주] 보해 잎새주 700mL 새벽배송,술,소주,ALCOHOL,,,소주,1
[선물세트] 무학소주 (6도 700mL),술,소주,ALCOHOL,,,소주,1
[선물세트] 참이슬 오리지널 (16.9도 병),술,소주,ALCOHOL,,,소주,1
[전통주] 시원소주 (35도 330mL),술,소주,ALCOHOL,,,소주,1
[관부가세포함] 새로 700mL,술,소주,ALCOHOL,,,소주,1
[무료배송] 좋은데이 (35도 1박스) 새벽배송,술,소주,ALCOHOL,,,소주,1
[무료배송] 시원소주 360mL,술,소주,ALCOHOL,,,소주,1
[행사] 시원소주 (13도 375mL),술,소주,ALCOHOL,,,소주,1
보해 잎새주 (45도 500mL),술,소주,ALCOHOL,,,소주,1
[1+1] 참이슬 오리지널 (17도 360mL) HACCP,술,소주,ALCOHOL,,,소주,1
[1+1] 진로이즈백 (12도 20병),술,소주,ALCOHOL,,,소주,1
잎새주 (6도 750mL),술,소주,ALCOHOL,,,소주,1
려 소주 (25도 700mL) 당일출고,술,소주,ALCOHOL,,,소주,1
[행사] 새로 (6도 330mL) 전국택배,술,소주,ALCOHOL,,,소주,1
[행사] 새로 병 HACCP,술,소주,ALCOHOL,,,소주,1
[행사] 새로 (25도 360mL),술,소주,ALCOHOL,,,소주,1
[전통주] 진로골드 (13도 20병),술,소주,ALCOHOL,,,소주,1
여수밤바다 (45도 750mL) 수량한정,술,소주,ALCOHOL,,,소주,1
좋은데이 (12도 330mL),술,소주,ALCOHOL,,,소주,1
[전통주] 대선 (17도 1.8L),술,소주,ALCOHOL,,,소주,1
맑은데이 (21도 1.8L),술,소주,ALCOHOL,,,소주,1
[무료배송] 좋은데이 (25도 200mL),술,소주,ALCOHOL,,,소주,1
화이트소주 (19도 375mL) 수량한정,술,소주,ALCOHOL,,,소주,1
[관부가세포함] 푸른밤 (21도 330mL),술,소주,ALCOHOL,,,소주,1
[국산] 새로 500mL,술,소주,ALCOHOL,,,소주,1
[행사] 참이슬 후레쉬 (45도 750mL),술,소주,ALCOHOL,,,소주,1
[국산] 참이슬 오리지널 (13도 750mL),술,소주,ALCOHOL,,,소주,1
[무료배송] 시원소주,술,소주,ALCOHOL,,,소주,1
[1+1] 잎새주 (25도 360mL) 수량한정,술,소주,ALCOHOL,,,소주,1
[1+1] 잎새주 375mL,술,소주,ALCOHOL,,,소주,1
[관부가세포함] C1 소주 (40도 700mL),술,소주,ALCOHOL,,,소주,1
여수밤바다,술,소주,ALCOHOL,,,소주,1
여수밤바다 (21도 병),술,소주,ALCOHOL,,,소주,1
[무료배송] 보해 잎새주 (25도 330mL),술,소주,ALCOHOL,,,소주,1
[관부가세포함] 잎새주,술,소주,ALCOHOL,,,소주,1
[국산] 처음처럼 새로 1박스 전국택배,술,소주,ALCOHOL,,,소주,1
[무료배송] 진로이즈백 (19도 6병),술,소주,ALCOHOL,,,소주,1
C1 소주 (21도 640mL),술,소주,ALCOHOL,,,소주,1
[국산] 대선,술,소주,ALCOHOL,,,소주,1
대선 (13도 200mL),술,소주,ALCOHOL,,,소주,1
[전통주] 처음처럼 새로 (45도 700mL),술,소주,ALCOHOL,,,소주,1
[무료배송] 한라산,술,소주,ALCOHOL,,,소주,1
보해 잎새주 (13도 750mL) 전국택배,술,소주,ALCOHOL,,,소주,1
[행사] 참이슬 클래식,술,소주,ALCOHOL,,,소주,1
[국산] 진로이즈백 당일출고,술,소주,ALCOHOL,,,소주,1
[1+1] 참이슬 후레쉬 (17도 병) 새벽배송,술,소주,ALCOHOL,,,소주,1
[무료배송] 맑은데이 700mL,술,소주,ALCOHOL,,,소주,1
맑은데이 (21도 330mL),술,소주,ALCOHOL,,,소주,1
[전통주] 참이슬 (40도 500mL),술,소주,ALCOHOL,,,소주,1
[전통주] 보해 잎새주 (13도 20병),술,소주,ALCOHOL,,,소주,1
[관부가세포함] 대선 1박스,술,소주,ALCOHOL,,,소주,1
[무료배송] 화이트소주,술,소주,ALCOHOL,,,소주,1
[선물세트] 한라산 올레,술,소주,ALCOHOL,,,소주,1
진로이즈백 (17도 병),술,소주,ALCOHOL,,,소주,1
참이슬 클래식 640mL,술,소주,ALCOHOL,,,소주,1
장수 생막걸리 (19도 병) 당일출고,술,전통주,ALCOHOL,,,막걸리,1
[전통주] 부자 막걸리 (45도 병),술,전통주,ALCOHOL,,,막걸리,1
[무료배송] 대대포 막걸리 (21도 750mL),술,전통주,ALCOHOL,,,막걸리,1
[선물세트] 백련 막걸리,술,전통주,ALCOHOL,,,막걸리,1
[선물세트] 양반 막걸리 (25도 6병),술,전통주,ALCOHOL,,,막걸리,1
[전통주] 느린마을 막걸리 (6도 360mL),술,전통주,ALCOHOL,,,막걸리,1
나루 생막걸리 수량한정,술,전통주,ALCOHOL,,,막걸리,1
[선물세트] 지평 일소주막걸리,술,전통주,ALCOHOL,,,막걸리,1
인생막걸리 선물포장,술,전통주,ALCOHOL,,,막걸리,1
[무료배송] 배혜정도가 화성생막걸리 (12도 6병),술,전통주,ALCOHOL,,,막걸리,1
[선물세트] 국순당 쌀 막걸리,술,전통주,ALCOHOL,,,막걸리,1
[국산] 경주 교동법주,술,전통주,ALCOHOL,,,약주,1
[국산] 백세주 360mL,술,전통주,ALCOHOL,,,약주,1
[행사] 가야곡 왕주 (6도 375mL),술,전통주,ALCOHOL,,,약주,1
[국산] 자희향 (35도 640mL),술,전통주,ALCOHOL,,,약주,1
[1+1] 이화주 (16.9도 20병),술,전통주,ALCOHOL,,,약주,1
[전통주] 느린마을 약주 200mL,술,전통주,ALCOHOL,,,약주,1
[1+1] 솔송주 전국택배,술,전통주,ALCOHOL,,,약주,1
[관부가세포함] 청명주,술,전통주,ALCOHOL,,,약주,1
[행사] 면천 두견주 (13도 330mL) HACCP,술,전통주,ALCOHOL,,,약주,1
[선물세트] 산사춘,술,전통주,ALCOHOL,,,약주,1
[1+1] 한산 소곡주 (45도 700mL),술,전통주,ALCOHOL,,,약주,1
[관부가세포함] 동정춘 (13도 640mL),술,전통주,ALCOHOL,,,약주,1
매실원주 (45도 1박스),술,전통주,ALCOHOL,,,약주,1
[선물세트] 국순당 백세주 (35도 700mL),술,전통주,ALCOHOL,,,약주,1
[전통주] 정종 (35도 20병),술,전통주,ALCOHOL,,,청주,1
[행사] 차례주 (40도 375mL),술,전통주,ALCOHOL,,,청주,1
[1+1] 화랑 (12도 1.8L),술,전통주,ALCOHOL,,,청주,1
설화 (16.9도 330mL),술,전통주,ALCOHOL,,,청주,1
[1+1] 청하 스파클링 330mL,술,전통주,ALCOHOL,,,청주,1
[전통주] 청하 (17도 1.8L),술,전통주,ALCOHOL,,,청주,1
국향 (13도 500mL) 수량한정,술,전통주,ALCOHOL,,,청주,1
[관부가세포함] 백화수복 (12도 200mL) 선물포장,술,전통주,ALCOHOL,,,청주,1
[행사] 예담 차례주 500mL,술,전통주,ALCOHOL,,,청주,1
[관부가세포함] 경주법주 (21도 200mL),술,전통주,ALCOHOL,,,청주,1
[행사] 선향 차례주 (21도 6병) 새벽배송,술,전통주,ALCOHOL,,,청주,1
[전통주] 월계관 (25도 병) 당일출고,술,전통주,ALCOHOL,,,청주,1
[1+1] 대대포 청주 HACCP,술,전통주,ALCOHOL,,,청주,1
[선물세트] 백화수복 6병,술,전통주,ALCOHOL,,,청주,1
[선물세트] 차례주 (40도 1.8L),술,전통주,ALCOHOL,,,청주,1
[전통주] 이강주 (19도 375mL),술,전통주,ALCOHOL,,,기타 전통주,1
[선물세트] 진도홍주 750mL 수량한정,술,전통주,ALCOHOL,,,기타 전통주,1
[전통주] 고운달 (45도 330mL) 새벽배송,술,전통주,ALCOHOL,,,기타 전통주,1
송화백일주 (40도 1박스),술,전통주,ALCOHOL,,,기타 전통주,1
[전통주] 별주부전 500mL,술,전통주,ALCOHOL,,,기타 전통주,1
[무료배송] 안동소주 명인 (45도 병),술,전통주,ALCOHOL,,,기타 전통주,1
[선물세트] 안동소주 (6도 375mL),술,전통주,ALCOHOL,,,기타 전통주,1
[관부가세포함] 오미자주 (17도 640mL),술,전통주,ALCOHOL,,,기타 전통주,1
[전통주] 일품진로 (45도 640mL),술,전통주,ALCOHOL,,,기타 전통주,1
[국산] 죽력고 500mL,술,전통주,ALCOHOL,,,기타 전통주,1
[관부가세포함] 고소리술 (19도 200mL) 선물포장,술,전통주,ALCOHOL,,,기타 전통주,1
[선물세트] 화요 (17도 640mL),술,전통주,ALCOHOL,,,기타 전통주,1
[1+1] 미르 25,술,전통주,ALCOHOL,,,기타 전통주,1
[무료배송] 풍정사계 500mL,술,전통주,ALCOHOL,,,기타 전통주,1
[전통주] 담솔 (35도 6병),술,전통주,ALCOHOL,,,기타 전통주,1
[행사] 문배술 (45도 700mL),술,전통주,ALCOHOL,,,기타 전통주,1
[선물세트] 대대로 진도홍주 (40도 330mL),술,전통주,ALCOHOL,,,기타 전통주,1
[선물세트] 산사춘 증류주 (13도 500mL),술,전통주,ALCOHOL,,,기타 전통주,1
[관부가세포함] 토끼소주 (21도 360mL) 전국택배,술,전통주,ALCOHOL,,,기타 전통주,1
[선물세트] 복분자주 (45도 20병) 새벽배송,술,전통주,ALCOHOL,,,기타 전통주,1
[전통주] 감홍로 (21도 375mL),술,전통주,ALCOHOL,,,기타 전통주,1
[선물세트] 솔송주 증류주 (21도 병),술,전통주,ALCOHOL,,,기타 전통주,1
"동원 파프리카 2,500원 새벽배송",채소/곡물류,채소,RAW_PRODUCE,,,파프리카,1
"프레시지 파프리카 330ml, 쿠폰할인",채소/곡물류,채소,RAW_PRODUCE,,,파프리카,1
"[국내산] 오이 5,500원 최대 195원 적립",채소/곡물류,채소,RAW_PRODUCE,,,오이,1
"노브랜드 오이 2kg 3,910원, 쿠폰할인",채소/곡물류,채소,RAW_PRODUCE,,,오이,1
"오뚜기 오이 2kg 29,800원",채소/곡물류,채소,RAW_PRODUCE,,,오이,1
대상 오이 3입 산지직송,채소/곡물류,채소,RAW_PRODUCE,,,오이,1
농심 오이고추 200g,채소/곡물류,채소,RAW_PRODUCE,,,오이고추,1
[롯데] 오이고추,채소/곡물류,채소,RAW_PRODUCE,,,오이고추,1
[롯데] 오이고추 500g,채소/곡물류,채소,RAW_PRODUCE,,,오이고추,1
"[무료배송] 오이고추 100g 9,900원 (100g당 1,955원), 산지직송",채소/곡물류,채소,RAW_PRODUCE,,,오이고추,1
"[롯데] 오이고추 500g 2,500원",채소/곡물류,채소,RAW_PRODUCE,,,오이고추,1
"빙그레 오이고추 150ml, 1,980원",채소/곡물류,채소,RAW_PRODUCE,,,오이고추,1
"롯데 가지 1kg 2,500원 1+1",채소/곡물류,채소,RAW_PRODUCE,,,가지,1
[행사] 가지 6개입,채소/곡물류,채소,RAW_PRODUCE,,,가지,1
"풀무원 가지 200g 1,980원, 새벽배송",채소/곡물류,채소,RAW_PRODUCE,,,가지,1
"해태 가지 2팩, 1,980원",채소/곡물류,채소,RAW_PRODUCE,,,가지,1
가지 330ml,채소/곡물류,채소,RAW_PRODUCE,,,가지,1
"[대상] 청양고추, 1.5L",채소/곡물류,채소,RAW_PRODUCE,,,청양고추,1
"[행사] 청양고추, 300g",채소/곡물류,채소,RAW_PRODUCE,,,청양고추,1
곰곰 옥수수 10개입,채소/곡물류,채소,RAW_PRODUCE,,,옥수수,1
"해태 옥수수, 1.5L",채소/곡물류,채소,RAW_PRODUCE,,,옥수수,1
옥수수 낱개,채소/곡물류,채소,RAW_PRODUCE,,,옥수수,1
매일 옥수수,채소/곡물류,채소,RAW_PRODUCE,,,옥수수,1
[빙그레] 옥수수 2kg,채소/곡물류,채소,RAW_PRODUCE,,,옥수수,1
"프레시지 옥수수 150ml 19,900원",채소/곡물류,채소,RAW_PRODUCE,,,옥수수,1
"[매일] 애호박, 3입",채소/곡물류,채소,RAW_PRODUCE,,,애호박,1
[대용량] 애호박,채소/곡물류,채소,RAW_PRODUCE,,,애호박,1
"[곰곰] 애호박 박스, 1,980원",채소/곡물류,채소,RAW_PRODUCE,,,애호박,1
"대상 방울토마토, 10개입",채소/곡물류,채소,RAW_PRODUCE,,,방울토마토,1
[1+1] 방울토마토 100g,채소/곡물류,채소,RAW_PRODUCE,,,방울토마토,1
방울토마토 쿠폰할인,채소/곡물류,채소,RAW_PRODUCE,,,방울토마토,1
해태 방울토마토 6개입,채소/곡물류,채소,RAW_PRODUCE,,,방울토마토,1
"[CJ] 방울토마토 1L, 오늘출발",채소/곡물류,채소,RAW_PRODUCE,,,방울토마토,1
"[행사] 양상추 300g 12,900원",채소/곡물류,채소,RAW_PRODUCE,,,양상추,1
"[대용량] 양상추, 2kg",채소/곡물류,채소,RAW_PRODUCE,,,양상추,1
"[국내산] 양상추, 10개입",채소/곡물류,채소,RAW_PRODUCE,,,양상추,1
[오뚜기] 양상추 2kg,채소/곡물류,채소,RAW_PRODUCE,,,양상추,1
양상추 택1,채소/곡물류,채소,RAW_PRODUCE,,,양상추,1
노브랜드 부추 2kg,채소/곡물류,채소,RAW_PRODUCE,,,부추,1
"프레시지 부추, 1L",채소/곡물류,채소,RAW_PRODUCE,,,부추,1
"[빙그레] 부추 1.5L 12,900원",채소/곡물류,채소,RAW_PRODUCE,,,부추,1
"[행사] 부추 500g 12,900원",채소/곡물류,채소,RAW_PRODUCE,,,부추,1
"[프레시지] 고사리 200g 29,800원",채소/곡물류,채소,RAW_PRODUCE,,,고사리,1
[국내산] 고사리,채소/곡물류,채소,RAW_PRODUCE,,,고사리,1
"[곰곰] 고사리 400g 9,900원 (100g당 1,955원)",채소/곡물류,채소,RAW_PRODUCE,,,고사리,1
[해태] 고사리 500g,채소/곡물류,채소,RAW_PRODUCE,,,고사리,1
"[노브랜드] 고사리 400g 9,900원 (100g당 1,955원)",채소/곡물류,채소,RAW_PRODUCE,,,고사리,1
"농심 고사리 6개입 1,980원 오늘출발",채소/곡물류,채소,RAW_PRODUCE,,,고사리,1
롯데 깻잎 200g 오늘출발,채소/곡물류,채소,RAW_PRODUCE,,,깻잎,1
"곰곰 깻잎 20입, 1+1",채소/곡물류,채소,RAW_PRODUCE,,,깻잎,1
"깻잎 1.5L, 9,900원 (100g당 1,955원)",채소/곡물류,채소,RAW_PRODUCE,,,깻잎,1
피코크 단호박 12개,채소/곡물류,채소,RAW_PRODUCE,,,단호박,1
[국내산] 단호박 500ml,채소/곡물류,채소,RAW_PRODUCE,,,단호박,1
"[동원] 단호박 1L 19,900원",채소/곡물류,채소,RAW_PRODUCE,,,단호박,1
"[피코크] 단호박 1봉, HACCP",채소/곡물류,채소,RAW_PRODUCE,,,단호박,1
"빙그레 단호박 5,500원",채소/곡물류,채소,RAW_PRODUCE,,,단호박,1
[노브랜드] 숙주 6개입,채소/곡물류,채소,RAW_PRODUCE,,,숙주,1
"[무료배송] 숙주, 1.5L",채소/곡물류,채소,RAW_PRODUCE,,,숙주,1
"[노브랜드] 숙주 500ml 19,900원 1+1",채소/곡물류,채소,RAW_PRODUCE,,,숙주,1
롯데 토마토 150ml,채소/곡물류,채소,RAW_PRODUCE,,,토마토,1
"[농심] 토마토, 1,980원",채소/곡물류,채소,RAW_PRODUCE,,,토마토,1
"[대용량] 토마토 1.5L 9,900원 (100g당 1,955원) 새벽배송",채소/곡물류,채소,RAW_PRODUCE,,,토마토,1
"[대용량] 토마토 100g 2,500원 1+1",채소/곡물류,채소,RAW_PRODUCE,,,토마토,1
토마토 행사상품,채소/곡물류,채소,RAW_PRODUCE,,,토마토,1
[풀무원] 토마토 10개입 온라인전용,채소/곡물류,채소,RAW_PRODUCE,,,토마토,1
"[대용량] 토마토, 10개입",채소/곡물류,채소,RAW_PRODUCE,,,토마토,1
노브랜드 토마토 300g,채소/곡물류,채소,RAW_PRODUCE,,,토마토,1
"프레시지 배추 2kg 19,900원",채소/곡물류,채소,RAW_PRODUCE,,,배추,1
"[CJ] 시금치 3,910원, 오늘출발",채소/곡물류,채소,RAW_PRODUCE,,,시금치,1
오뚜기 시금치 20입,채소/곡물류,채소,RAW_PRODUCE,,,시금치,1
"동원 시금치 6개입 9,900원 (100g당 1,955원) 새벽배송",채소/곡물류,채소,RAW_PRODUCE,,,시금치,1
[풀무원] 시금치 2팩,채소/곡물류,채소,RAW_PRODUCE,,,시금치,1
[프레시지] 시금치 250g 택1,채소/곡물류,채소,RAW_PRODUCE,,,시금치,1
[대용량] 시금치 400g 새벽배송,채소/곡물류,채소,RAW_PRODUCE,,,시금치,1
[1+1] 시금치 6개입,채소/곡물류,채소,RAW_PRODUCE,,,시금치,1
"시금치 1L 29,800원",채소/곡물류,채소,RAW_PRODUCE,,,시금치,1
"[행사] 시금치 100g 12,900원, 온라인전용",채소/곡물류,채소,RAW_PRODUCE,,,시금치,1
동원 연근 1봉,채소/곡물류,채소,RAW_PRODUCE,,,연근,1
"빙그레 연근, 2팩",채소/곡물류,채소,RAW_PRODUCE,,,연근,1
연근 2kg,채소/곡물류,채소,RAW_PRODUCE,,,연근,1
롯데 연근,채소/곡물류,채소,RAW_PRODUCE,,,연근,1
"대상 연근 12,900원",채소/곡물류,채소,RAW_PRODUCE,,,연근,1
[1+1] 연근 3입,채소/곡물류,채소,RAW_PRODUCE,,,연근,1
"[대용량] 연근 3입 9,900원 (100g당 1,955원) 1+1",채소/곡물류,채소,RAW_PRODUCE,,,연근,1
"[대용량] 연근 330ml 19,900원",채소/곡물류,채소,RAW_PRODUCE,,,연근,1
매일 와사비 낱개,채소/곡물류,채소,RAW_PRODUCE,,,와사비,1
[행사] 와사비 낱개,채소/곡물류,채소,RAW_PRODUCE,,,와사비,1
"[행사] 와사비 1kg, 19,900원",채소/곡물류,채소,RAW_PRODUCE,,,와사비,1
"[피코크] 와사비 400g 29,800원",채소/곡물류,채소,RAW_PRODUCE,,,와사비,1
[대용량] 와사비 6개입,채소/곡물류,채소,RAW_PRODUCE,,,와사비,1
"[동원] 와사비 150ml 12,900원 새벽배송",채소/곡물류,채소,RAW_PRODUCE,,,와사비,1
노브랜드 와사비,채소/곡물류,채소,RAW_PRODUCE,,,와사비,1
"해태 와사비, 150ml",채소/곡물류,채소,RAW_PRODUCE,,,와사비,1
"[오뚜기] 와사비 낱개 3,910원",채소/곡물류,채소,RAW_PRODUCE,,,와사비,1
CJ 비트 100g,채소/곡물류,채소,RAW_PRODUCE,,,비트,1
"CJ 비트 5,500원",채소/곡물류,채소,RAW_PRODUCE,,,비트,1
해태 비트 10개입 택1,채소/곡물류,채소,RAW_PRODUCE,,,비트,1
"비트 150ml 1,980원, 쿠폰할인",채소/곡물류,채소,RAW_PRODUCE,,,비트,1
"프레시지 비트, 500ml",채소/곡물류,채소,RAW_PRODUCE,,,비트,1
[노브랜드] 비트 100g HACCP,채소/곡물류,채소,RAW_PRODUCE,,,비트,1
비트 1kg HACCP,채소/곡물류,채소,RAW_PRODUCE,,,비트,1
[피코크] 비트 1봉,채소/곡물류,채소,RAW_PRODUCE,,,비트,1
"풀무원 청경채 500ml 29,800원",채소/곡물류,채소,RAW_PRODUCE,,,청경채,1
청경채 12개,채소/곡물류,채소,RAW_PRODUCE,,,청경채,1
"해태 청경채, 330ml",채소/곡물류,채소,RAW_PRODUCE,,,청경채,1
[행사] 청경채 330ml,채소/곡물류,채소,RAW_PRODUCE,,,청경채,1
청경채 1kg,채소/곡물류,채소,RAW_PRODUCE,,,청경채,1
"프레시지 청경채 5,500원",채소/곡물류,채소,RAW_PRODUCE,,,청경채,1
매일 청경채 낱개,채소/곡물류,채소,RAW_PRODUCE,,,청경채,1
"농심 청경채, 박스",채소/곡물류,채소,RAW_PRODUCE,,,청경채,1
[국내산] 청경채 2팩,채소/곡물류,채소,RAW_PRODUCE,,,청경채,1
"[빙그레] 그린빈, 3입",채소/곡물류,채소,RAW_PRODUCE,,,그린빈,1
"곰곰 그린빈 박스 9,900원 (100g당 1,955원) 당일발송",채소/곡물류,채소,RAW_PRODUCE,,,그린빈,1
[롯데] 그린빈 10개입 2+1,채소/곡물류,채소,RAW_PRODUCE,,,그린빈,1
"[무료배송] 그린빈 1봉 1,980원 무료배송",채소/곡물류,채소,RAW_PRODUCE,,,그린빈,1
[피코크] 그린빈 330ml,채소/곡물류,채소,RAW_PRODUCE,,,그린빈,1
롯데 그린빈 온라인전용,채소/곡물류,채소,RAW_PRODUCE,,,그린빈,1
[곰곰] 그린빈 20입,채소/곡물류,채소,RAW_PRODUCE,,,그린빈,1
"[노브랜드] 더덕 3입 9,900원 (100g당 1,955원)",채소/곡물류,채소,RAW_PRODUCE,,,더덕,1
[대상] 더덕 400g,채소/곡물류,채소,RAW_PRODUCE,,,더덕,1
"더덕 300g 29,800원 행사상품",채소/곡물류,채소,RAW_PRODUCE,,,더덕,1
"매일 더덕 300g 5,500원, 1+1",채소/곡물류,채소,RAW_PRODUCE,,,더덕,1
[노브랜드] 더덕,채소/곡물류,채소,RAW_PRODUCE,,,더덕,1
피코크 더덕 낱개,채소/곡물류,채소,RAW_PRODUCE,,,더덕,1
"더덕 500ml 29,800원",채소/곡물류,채소,RAW_PRODUCE,,,더덕,1
"[농심] 더덕 2,500원",채소/곡물류,채소,RAW_PRODUCE,,,더덕,1
해태 더덕,채소/곡물류,채소,RAW_PRODUCE,,,더덕,1
농심 우엉 HACCP,채소/곡물류,채소,RAW_PRODUCE,,,우엉,1
"[풀무원] 우엉 6개입, 산지직송",채소/곡물류,채소,RAW_PRODUCE,,,우엉,1
[프레시지] 우엉 250g,채소/곡물류,채소,RAW_PRODUCE,,,우엉,1
"풀무원 우엉 1봉 12,900원 택1",채소/곡물류,채소,RAW_PRODUCE,,,우엉,1
"[무료배송] 우엉 6개입, 19,900원",채소/곡물류,채소,RAW_PRODUCE,,,우엉,1
[무료배송] 우엉 400g 최대 195원 적립,채소/곡물류,채소,RAW_PRODUCE,,,우엉,1
우엉 6개입 택1,채소/곡물류,채소,RAW_PRODUCE,,,우엉,1
"[노브랜드] 우엉 100g 19,900원 산지직송",채소/곡물류,채소,RAW_PRODUCE,,,우엉,1
우엉 200g,채소/곡물류,채소,RAW_PRODUCE,,,우엉,1
[1+1] 콜리플라워 300g 2+1,채소/곡물류,채소,RAW_PRODUCE,,,콜리플라워,1
[대용량] 콜리플라워 400g 새벽배송,채소/곡물류,채소,RAW_PRODUCE,,,콜리플라워,1
[프레시지] 콜리플라워 1L,채소/곡물류,채소,RAW_PRODUCE,,,콜리플라워,1
"콜리플라워 1kg, 12,900원",채소/곡물류,채소,RAW_PRODUCE,,,콜리플라워,1
콜리플라워 1L HACCP,채소/곡물류,채소,RAW_PRODUCE,,,콜리플라워,1
[매일] 콜리플라워 2팩,채소/곡물류,채소,RAW_PRODUCE,,,콜리플라워,1
"[오뚜기] 콜리플라워 2kg 5,500원 2+1",채소/곡물류,채소,RAW_PRODUCE,,,콜리플라워,1
빙그레 콜리플라워 박스,채소/곡물류,채소,RAW_PRODUCE,,,콜리플라워,1
"[행사] 콜리플라워 330ml, 2+1",채소/곡물류,채소,RAW_PRODUCE,,,콜리플라워,1
[빙그레] 도리토스 100g,간식류,과자/스낵,SNACK,,,옥수수칩,1
"[해태] 콘칩 12,900원 무료배송",간식류,과자/스낵,SNACK,,,옥수수칩,1
[매일] 도리토스 500g,간식류,과자/스낵,SNACK,,,옥수수칩,1
"[무료배송] 도리토스 250g 1,980원 쿠폰할인",간식류,과자/스낵,SNACK,,,옥수수칩,1
"콘칩 500g, 온라인전용",간식류,과자/스낵,SNACK,,,옥수수칩,1
[대용량] 도리토스 2팩 1+1,간식류,과자/스낵,SNACK,,,옥수수칩,1
빙그레 비스킷 500ml,간식류,과자/스낵,SNACK,,,비스킷,1
[CJ] 다이제 12개,간식류,과자/스낵,SNACK,,,비스킷,1
비스킷 200g 최대 195원 적립,간식류,과자/스낵,SNACK,,,비스킷,1
[프레시지] 비스킷 200g,간식류,과자/스낵,SNACK,,,비스킷,1
피코크 웨하스 2kg,간식류,과자/스낵,SNACK,,,웨하스,1
"[대용량] 웨하스 박스 29,800원, 오늘출발",간식류,과자/스낵,SNACK,,,웨하스,1
[행사] 웨하스 2팩,간식류,과자/스낵,SNACK,,,웨하스,1
"웨하스 1봉, 오늘출발",간식류,과자/스낵,SNACK,,,웨하스,1
[매일] 웨하스 150ml,간식류,과자/스낵,SNACK,,,웨하스,1
"웨하스 200g 12,900원",간식류,과자/스낵,SNACK,,,웨하스,1
"[국내산] 웨하스 3입, 산지직송",간식류,과자/스낵,SNACK,,,웨하스,1
"[대상] 카라멜팝콘 100g 19,900원",간식류,과자/스낵,SNACK,,,팝콘,1
"오뚜기 버터팝콘, 100g",간식류,과자/스낵,SNACK,,,팝콘,1
카라멜팝콘 20입,간식류,과자/스낵,SNACK,,,팝콘,1
동원 버터팝콘 500ml 새벽배송,간식류,과자/스낵,SNACK,,,팝콘,1
"[행사] 카라멜팝콘, 2,500원",간식류,과자/스낵,SNACK,,,팝콘,1
"빙그레 버터팝콘 3입 5,500원 산지직송",간식류,과자/스낵,SNACK,,,팝콘,1
"해태 버터팝콘 2kg 1,980원",간식류,과자/스낵,SNACK,,,팝콘,1
프레시지 버터팝콘 10개입 1+1,간식류,과자/스낵,SNACK,,,팝콘,1
"[CJ] 밤양갱 6개입 29,800원",간식류,디저트/케이크,BAKERY,,,양갱,1
"대상 팥양갱 400g 29,800원 오늘출발",간식류,디저트/케이크,BAKERY,,,양갱,1
해태 팥양갱 400g 온라인전용,간식류,디저트/케이크,BAKERY,,,양갱,1
"[농심] 팥양갱 낱개 12,900원",간식류,디저트/케이크,BAKERY,,,양갱,1
CJ 밤양갱 6개입,간식류,디저트/케이크,BAKERY,,,양갱,1
[빙그레] 밤양갱 1+1,간식류,디저트/케이크,BAKERY,,,양갱,1
꽈배기 도넛 3입,간식류,디저트/케이크,BAKERY,,,도넛,1
"노브랜드 글레이즈드 도넛 300g 29,800원, 새벽배송",간식류,디저트/케이크,BAKERY,,,도넛,1
[매일] 글레이즈드 도넛 200g,간식류,디저트/케이크,BAKERY,,,도넛,1
[무료배송] 휘낭시에 200g,간식류,디저트/케이크,BAKERY,,,휘낭시에,1
[해태] 휘낭시에 2kg,간식류,디저트/케이크,BAKERY,,,휘낭시에,1
휘낭시에 250g,간식류,디저트/케이크,BAKERY,,,휘낭시에,1
"오뚜기 휘낭시에 박스, 행사상품",간식류,디저트/케이크,BAKERY,,,휘낭시에,1
"매일 휘낭시에 낱개 5,500원, 오늘출발",간식류,디저트/케이크,BAKERY,,,휘낭시에,1
"[행사] 휘낭시에 6개입 9,900원 (100g당 1,955원) 오늘출발",간식류,디저트/케이크,BAKERY,,,휘낭시에,1
"농심 휘낭시에 12,900원, 당일발송",간식류,디저트/케이크,BAKERY,,,휘낭시에,1
곰곰 휘낭시에 300g 당일발송,간식류,디저트/케이크,BAKERY,,,휘낭시에,1
[풀무원] 와플 500ml 2+1,간식류,디저트/케이크,BAKERY,,,와플,1
크로플 3입 1+1,간식류,디저트/케이크,BAKERY,,,와플,1
"곰곰 와플, 10개입",간식류,디저트/케이크,BAKERY,,,와플,1
"[매일] 크로플 100g, 19,900원",간식류,디저트/케이크,BAKERY,,,와플,1
"[해태] 크로플, 오늘출발",간식류,디저트/케이크,BAKERY,,,와플,1
"[대용량] 크로플 1.5L 5,500원 HACCP",간식류,디저트/케이크,BAKERY,,,와플,1
"[CJ] 크로플 10개입, 새벽배송",간식류,디저트/케이크,BAKERY,,,와플,1
"[1+1] 초코롤케이크 330ml, 새벽배송",간식류,디저트/케이크,BAKERY,,,롤케이크,1
"프레시지 생크림롤 400g 1,980원",간식류,디저트/케이크,BAKERY,,,롤케이크,1
"농심 초코롤케이크 3입, 최대 195원 적립",간식류,디저트/케이크,BAKERY,,,롤케이크,1
[프레시지] 생크림롤 400g,간식류,디저트/케이크,BAKERY,,,롤케이크,1
동원 초코롤케이크 20입 쿠폰할인,간식류,디저트/케이크,BAKERY,,,롤케이크,1
[무료배송] 초코롤케이크 12개,간식류,디저트/케이크,BAKERY,,,롤케이크,1
오뚜기 커스터드푸딩,간식류,디저트/케이크,BAKERY,,,푸딩,1
롯데 밀크푸딩 300g,간식류,디저트/케이크,BAKERY,,,푸딩,1
[오뚜기] 커스터드푸딩 1L,간식류,디저트/케이크,BAKERY,,,푸딩,1
"롯데 밀크푸딩 1.5L 3,910원 택1",간식류,디저트/케이크,BAKERY,,,푸딩,1
"대상 밀크푸딩 250g 9,900원 (100g당 1,955원)",간식류,디저트/케이크,BAKERY,,,푸딩,1
"[해태] 커스터드푸딩 150ml 3,910원 당일발송",간식류,디저트/케이크,BAKERY,,,푸딩,1
[대용량] 커스터드푸딩 1kg 2+1,간식류,디저트/케이크,BAKERY,,,푸딩,1
"대상 커스터드푸딩 400g 1,980원",간식류,디저트/케이크,BAKERY,,,푸딩,1
"[노브랜드] 마들렌 300g 2,500원 1+1",간식류,디저트/케이크,BAKERY,,,마들렌,1
"풀무원 마들렌 박스, 1,980원",간식류,디저트/케이크,BAKERY,,,마들렌,1
[피코크] 마들렌 500g,간식류,디저트/케이크,BAKERY,,,마들렌,1
"매일 마들렌 1,980원",간식류,디저트/케이크,BAKERY,,,마들렌,1
"[무료배송] 마들렌 2,500원",간식류,디저트/케이크,BAKERY,,,마들렌,1
"[무료배송] 마들렌 1.5L 3,910원",간식류,디저트/케이크,BAKERY,,,마들렌,1
[풀무원] 마들렌 1봉 행사상품,간식류,디저트/케이크,BAKERY,,,마들렌,1
오뚜기 마들렌 12개,간식류,디저트/케이크,BAKERY,,,마들렌,1
노브랜드 마들렌 20입 택1,간식류,디저트/케이크,BAKERY,,,마들렌,1
매일 수플레치즈케이크 낱개,간식류,디저트/케이크,BAKERY,,,치즈케이크,1
"대상 뉴욕치즈케이크 10개입 1,980원",간식류,디저트/케이크,BAKERY,,,치즈케이크,1
해태 뉴욕치즈케이크 6개입,간식류,디저트/케이크,BAKERY,,,치즈케이크,1
대상 뉴욕치즈케이크 300g 행사상품,간식류,디저트/케이크,BAKERY,,,치즈케이크,1
"수플레치즈케이크 낱개 3,910원",간식류,디저트/케이크,BAKERY,,,치즈케이크,1
"오뚜기 수플레치즈케이크 6개입 5,500원",간식류,디저트/케이크,BAKERY,,,치즈케이크,1
"[해태] 수플레치즈케이크 3입, 쿠폰할인",간식류,디저트/케이크,BAKERY,,,치즈케이크,1
"해태 냉동 탕수육 12개 29,800원 산지직송",간편식,냉동식품,FROZEN_MEAL,,,냉동 탕수육,1
[1+1] 냉동 탕수육 10개입,간편식,냉동식품,FROZEN_MEAL,,,냉동 탕수육,1
"동원 냉동 탕수육 6개입 19,900원 쿠폰할인",간편식,냉동식품,FROZEN_MEAL,,,냉동 탕수육,1
"냉동 탕수육 1,980원",간편식,냉동식품,FROZEN_MEAL,,,냉동 탕수육,1
"[대용량] 냉동 탕수육 2kg 19,900원",간편식,냉동식품,FROZEN_MEAL,,,냉동 탕수육,1
"[빙그레] 냉동 탕수육, 박스",간편식,냉동식품,FROZEN_MEAL,,,냉동 탕수육,1
"[해태] 냉동 탕수육, 낱개",간편식,냉동식품,FROZEN_MEAL,,,냉동 탕수육,1
"노브랜드 냉동 탕수육, 1봉",간편식,냉동식품,FROZEN_MEAL,,,냉동 탕수육,1
"치즈핫도그 12개, 1,980원",간편식,냉동식품,FROZEN_MEAL,,,냉동 핫도그,1
"[행사] 모짜렐라 핫도그, 330ml",간편식,냉동식품,FROZEN_MEAL,,,냉동 핫도그,1
[빙그레] 치즈핫도그 12개,간편식,냉동식품,FROZEN_MEAL,,,냉동 핫도그,1
"[대용량] 모짜렐라 핫도그 6개입 3,910원 당일발송",간편식,냉동식품,FROZEN_MEAL,,,냉동 핫도그,1
"곰곰 모짜렐라 핫도그 12개, 오늘출발",간편식,냉동식품,FROZEN_MEAL,,,냉동 핫도그,1
매일 냉동 감자튀김 1kg 산지직송,간편식,냉동식품,FROZEN_MEAL,,,냉동 감자튀김,1
"[국내산] 웨지감자, 낱개",간편식,냉동식품,FROZEN_MEAL,,,냉동 감자튀김,1
[1+1] 웨지감자 500ml 1+1,간편식,냉동식품,FROZEN_MEAL,,,냉동 감자튀김,1
"[국내산] 웨지감자 박스 19,900원",간편식,냉동식품,FROZEN_MEAL,,,냉동 감자튀김,1
"노브랜드 냉동 감자튀김, 12개",간편식,냉동식품,FROZEN_MEAL,,,냉동 감자튀김,1
"웨지감자 29,800원",간편식,냉동식품,FROZEN_MEAL,,,냉동 감자튀김,1
롯데 웨지감자 1L,간편식,냉동식품,FROZEN_MEAL,,,냉동 감자튀김,1
"동원 냉동 감자튀김 250g, 쿠폰할인",간편식,냉동식품,FROZEN_MEAL,,,냉동 감자튀김,1
웨지감자 12개,간편식,냉동식품,FROZEN_MEAL,,,냉동 감자튀김,1
농심 김치볶음밥,간편식,냉동식품,FROZEN_MEAL,,,냉동 볶음밥,1
매일 새우볶음밥 250g HACCP,간편식,냉동식품,FROZEN_MEAL,,,냉동 볶음밥,1
"김치볶음밥 1,980원",간편식,냉동식품,FROZEN_MEAL,,,냉동 볶음밥,1
"해태 김치볶음밥 2팩, 29,800원",간편식,냉동식품,FROZEN_MEAL,,,냉동 볶음밥,1
"오뚜기 새우볶음밥 150ml 29,800원 쿠폰할인",간편식,냉동식품,FROZEN_MEAL,,,냉동 볶음밥,1
동원 새우볶음밥 250g,간편식,냉동식품,FROZEN_MEAL,,,냉동 볶음밥,1
"농심 김치볶음밥 300g 3,910원",간편식,냉동식품,FROZEN_MEAL,,,냉동 볶음밥,1
"노브랜드 김치볶음밥 150ml 9,900원 (100g당 1,955원)",간편식,냉동식품,FROZEN_MEAL,,,냉동 볶음밥,1
[동원] 김치볶음밥 박스,간편식,냉동식품,FROZEN_MEAL,,,냉동 볶음밥,1
"[1+1] 홍차 티백 3입 5,500원",음료,커피/차,BEVERAGE,,,홍차,1
"곰곰 얼그레이 150ml, 온라인전용",음료,커피/차,BEVERAGE,,,홍차,1
[곰곰] 얼그레이,음료,커피/차,BEVERAGE,,,홍차,1
피코크 홍차 티백 12개,음료,커피/차,BEVERAGE,,,홍차,1
"홍차 티백 2kg 19,900원, HACCP",음료,커피/차,BEVERAGE,,,홍차,1
[오뚜기] 얼그레이,음료,커피/차,BEVERAGE,,,홍차,1
"롯데 홍차 티백 200g 1,980원",음료,커피/차,BEVERAGE,,,홍차,1
"[무료배송] 녹차 티백, 150ml",음료,커피/차,BEVERAGE,,,녹차,1
해태 현미녹차 10개입 1+1,음료,커피/차,BEVERAGE,,,녹차,1
"[롯데] 현미녹차 3,910원, 오늘출발",음료,커피/차,BEVERAGE,,,녹차,1
"프레시지 녹차 티백 150ml 12,900원, 온라인전용",음료,커피/차,BEVERAGE,,,녹차,1
"대상 현미녹차 2팩, 19,900원",음료,커피/차,BEVERAGE,,,녹차,1
"[무료배송] 현미녹차 1kg 5,500원",음료,커피/차,BEVERAGE,,,녹차,1
"프레시지 곡물차 3,910원",음료,커피/차,BEVERAGE,,,곡물차,1
피코크 곡물차 오늘출발,음료,커피/차,BEVERAGE,,,곡물차,1
"풀무원 곡물차, 3입",음료,커피/차,BEVERAGE,,,곡물차,1
[행사] 곡물차,음료,커피/차,BEVERAGE,,,곡물차,1
"매일 곡물차 1.5L, 최대 195원 적립",음료,커피/차,BEVERAGE,,,곡물차,1
"피코크 조지아 330ml 9,900원 (100g당 1,955원)",음료,커피/차,BEVERAGE,,,캔커피,1
레쓰비 3입 오늘출발,음료,커피/차,BEVERAGE,,,캔커피,1
"프레시지 조지아 400g 1,980원",음료,커피/차,BEVERAGE,,,캔커피,1
"[1+1] 조지아 1L 3,910원",음료,커피/차,BEVERAGE,,,캔커피,1
[동원] 조지아 20입,음료,커피/차,BEVERAGE,,,캔커피,1
오뚜기 레쓰비 낱개 새벽배송,음료,커피/차,BEVERAGE,,,캔커피,1
대상 유자차 1L,음료,커피/차,BEVERAGE,,,유자차,1
피코크 유자차,음료,커피/차,BEVERAGE,,,유자차,1
피코크 유자차 500ml,음료,커피/차,BEVERAGE,,,유자차,1
"[행사] 유자차 200g 1,980원 오늘출발",음료,커피/차,BEVERAGE,,,유자차,1
"유자차 2팩 5,500원",음료,커피/차,BEVERAGE,,,유자차,1
프레시지 유자차 3입,음료,커피/차,BEVERAGE,,,유자차,1
"[무료배송] 유자차, 10개입",음료,커피/차,BEVERAGE,,,유자차,1
[롯데] 콜롬비아 원두 12개 1+1,음료,커피/차,BEVERAGE,,,원두,1
[행사] 에티오피아 원두 박스 쿠폰할인,음료,커피/차,BEVERAGE,,,원두,1
"프레시지 콜롬비아 원두 150ml, 5,500원",음료,커피/차,BEVERAGE,,,원두,1
[대용량] 콜롬비아 원두 200g 산지직송,음료,커피/차,BEVERAGE,,,원두,1
[1+1] 콜롬비아 원두 330ml,음료,커피/차,BEVERAGE,,,원두,1
"동원 에티오피아 원두, 100g",음료,커피/차,BEVERAGE,,,원두,1
"[1+1] 에티오피아 원두 500ml, 행사상품",음료,커피/차,BEVERAGE,,,원두,1
"페퍼민트 300g 29,800원 택1",음료,커피/차,BEVERAGE,,,허브차,1
"[행사] 캐모마일 6개입 29,800원",음료,커피/차,BEVERAGE,,,허브차,1
"대상 페퍼민트 400g 1,980원",음료,커피/차,BEVERAGE,,,허브차,1
"[매일] 캐모마일 500g 9,900원 (100g당 1,955원) 2+1",음료,커피/차,BEVERAGE,,,허브차,1
"대상 페퍼민트 150ml 1,980원",음료,커피/차,BEVERAGE,,,허브차,1
페퍼민트 1.5L 택1,음료,커피/차,BEVERAGE,,,허브차,1
풀무원 페퍼민트 20입,음료,커피/차,BEVERAGE,,,허브차,1
"캐모마일 1봉 12,900원 행사상품",음료,커피/차,BEVERAGE,,,허브차,1
"피코크 캐모마일, 6개입",음료,커피/차,BEVERAGE,,,허브차,1
콜드브루 200g,음료,커피/차,BEVERAGE,,,콜드브루,1
[국내산] 스타벅스 콜드브루 1봉,음료,커피/차,BEVERAGE,,,콜드브루,1
[대상] 콜드브루 1L 온라인전용,음료,커피/차,BEVERAGE,,,콜드브루,1
콜드브루,음료,커피/차,BEVERAGE,,,콜드브루,1
"스타벅스 콜드브루 29,800원",음료,커피/차,BEVERAGE,,,콜드브루,1
오뚜기 스타벅스 콜드브루 6개입,음료,커피/차,BEVERAGE,,,콜드브루,1
"대상 콜드브루 1봉, 29,800원",음료,커피/차,BEVERAGE,,,콜드브루,1
"[국내산] 콜드브루, 10개입",음료,커피/차,BEVERAGE,,,콜드브루,1
[행사] 콜드브루 1kg,음료,커피/차,BEVERAGE,,,콜드브루,1
"[곰곰] 다크 초콜릿, 300g",간식류,초콜릿/사탕,SNACK,,,다크 초콜릿,1
동원 다크 초콜릿 500ml,간식류,초콜릿/사탕,SNACK,,,다크 초콜릿,1
"[농심] 다크 초콜릿 100g 3,910원, 1+1",간식류,초콜릿/사탕,SNACK,,,다크 초콜릿,1
다크 초콜릿 100g,간식류,초콜릿/사탕,SNACK,,,다크 초콜릿,1
[대상] 다크 초콜릿 330ml,간식류,초콜릿/사탕,SNACK,,,다크 초콜릿,1
다크 초콜릿 1+1,간식류,초콜릿/사탕,SNACK,,,다크 초콜릿,1
매일 다크 초콜릿,간식류,초콜릿/사탕,SNACK,,,다크 초콜릿,1
[대용량] 사탕 종합 세트 300g,간식류,초콜릿/사탕,SNACK,,,기타 초콜릿/사탕,1
[대용량] 사탕 3종 골라담기 500ml 2+1,간식류,초콜릿/사탕,SNACK,,,기타 초콜릿/사탕,1
[빙그레] 울릉도호박엿,간식류,초콜릿/사탕,SNACK,,,엿,1
매일 갱엿 20입,간식류,초콜릿/사탕,SNACK,,,엿,1
갱엿 500g 1+1,간식류,초콜릿/사탕,SNACK,,,엿,1
"피코크 울릉도호박엿, 12개",간식류,초콜릿/사탕,SNACK,,,엿,1
[행사] 갱엿 6개입,간식류,초콜릿/사탕,SNACK,,,엿,1
풀무원 울릉도호박엿 250g,간식류,초콜릿/사탕,SNACK,,,엿,1
"노브랜드 갱엿 12개 9,900원 (100g당 1,955원)",간식류,초콜릿/사탕,SNACK,,,엿,1
갱엿 12개,간식류,초콜릿/사탕,SNACK,,,엿,1
매일 울릉도호박엿 100g,간식류,초콜릿/사탕,SNACK,,,엿,1
동원 밀크카라멜,간식류,초콜릿/사탕,SNACK,,,카라멜,1
"[1+1] 생카라멜 330ml 3,910원",간식류,초콜릿/사탕,SNACK,,,카라멜,1
[1+1] 생카라멜 200g 쿠폰할인,간식류,초콜릿/사탕,SNACK,,,카라멜,1
"대상 밀크카라멜 2팩, 3,910원",간식류,초콜릿/사탕,SNACK,,,카라멜,1
밀크카라멜 박스,간식류,초콜릿/사탕,SNACK,,,카라멜,1
롯데 밀크카라멜 12개 새벽배송,간식류,초콜릿/사탕,SNACK,,,카라멜,1
[CJ] 생카라멜 200g,간식류,초콜릿/사탕,SNACK,,,카라멜,1
[행사] 밀크카라멜 2팩,간식류,초콜릿/사탕,SNACK,,,카라멜,1
"[CJ] 밀크카라멜 박스 19,900원",간식류,초콜릿/사탕,SNACK,,,카라멜,1
리큐르 (25도 병),술,기타 주류,ALCOHOL,,,리큐르,1
리큐르 (40도 1박스),술,기타 주류,ALCOHOL,,,리큐르,1
[1+1] 리큐르 (16.9도 병),술,기타 주류,ALCOHOL,,,리큐르,1
하이볼 (12도 700mL),술,기타 주류,ALCOHOL,,,하이볼,1
[전통주] 하이볼 (35도 750mL),술,기타 주류,ALCOHOL,,,하이볼,1
하이볼 (21도 750mL),술,기타 주류,ALCOHOL,,,하이볼,1
[무료배송] 하이볼 (25도 360mL),술,기타 주류,ALCOHOL,,,하이볼,1
[1+1] 하이볼 (21도 750mL),술,기타 주류,ALCOHOL,,,하이볼,1
[선물세트] 하이볼 (6도 330mL),술,기타 주류,ALCOHOL,,,하이볼,1
하이볼 (17도 375mL),술,기타 주류,ALCOHOL,,,하이볼,1
하이볼 (12도 700mL),술,기타 주류,ALCOHOL,,,하이볼,1
보드카 (25도 1박스),술,기타 주류,ALCOHOL,,,보드카,1
[전통주] 보드카 (45도 1.8L),술,기타 주류,ALCOHOL,,,보드카,1
[행사] 보드카 1박스,술,기타 주류,ALCOHOL,,,보드카,1
[전통주] 보드카 20병,술,기타 주류,ALCOHOL,,,보드카,1
[무료배송] 보드카 (25도 640mL),술,기타 주류,ALCOHOL,,,보드카,1
[국산] 기타 주류 (16.9도 750mL),술,기타 주류,ALCOHOL,,,기타 주류,1
기타 주류 500mL,술,기타 주류,ALCOHOL,,,기타 주류,1
기타 주류 (13도 6병),술,기타 주류,ALCOHOL,,,기타 주류,1
[행사] 기타 주류 (40도 360mL),술,기타 주류,ALCOHOL,,,기타 주류,1
기타 주류 (45도 200mL),술,기타 주류,ALCOHOL,,,기타 주류,1
[행사] 기타 주류 750mL,술,기타 주류,ALCOHOL,,,기타 주류,1
[행사] 기타 주류 20병,술,기타 주류,ALCOHOL,,,기타 주류,1
[행사] 데킬라 330mL,술,기타 주류,ALCOHOL,,,데킬라,1
데킬라 (40도 700mL),술,기타 주류,ALCOHOL,,,데킬라,1
[선물세트] 데킬라 (13도 700mL),술,기타 주류,ALCOHOL,,,데킬라,1
데킬라 (13도 병),술,기타 주류,ALCOHOL,,,데킬라,1
[무료배송] 데킬라 (35도 20병),술,기타 주류,ALCOHOL,,,데킬라,1
[전통주] 데킬라 (13도 750mL),술,기타 주류,ALCOHOL,,,데킬라,1
[전통주] 럼 (45도 360mL),술,기타 주류,ALCOHOL,,,럼,1
럼 (12도 1박스),술,기타 주류,ALCOHOL,,,럼,1
럼 375mL,술,기타 주류,ALCOHOL,,,럼,1
[무료배송] 럼 375mL,술,기타 주류,ALCOHOL,,,럼,1
[무료배송] 럼 (40도 1.8L),술,기타 주류,ALCOHOL,,,럼,1
[1+1] 럼 (12도 500mL),술,기타 주류,ALCOHOL,,,럼,1
[국산] 럼 (40도 360mL),술,기타 주류,ALCOHOL,,,럼,1
[국산] 럼 (25도 700mL),술,기타 주류,ALCOHOL,,,럼,1
럼 (19도 360mL),술,기타 주류,ALCOHOL,,,럼,1
"[무료배송] 단팥호빵, 500g",간식류,빵류,BAKERY,,,호빵,1
[해태] 야채호빵,간식류,빵류,BAKERY,,,호빵,1
노브랜드 단팥호빵 300g 당일발송,간식류,빵류,BAKERY,,,호빵,1
"빙그레 야채호빵 박스 1,980원 오늘출발",간식류,빵류,BAKERY,,,호빵,1
야채호빵 6개입,간식류,빵류,BAKERY,,,호빵,1
"치아바타 1L 3,910원",간식류,빵류,BAKERY,,,치아바타,1
[무료배송] 치아바타,간식류,빵류,BAKERY,,,치아바타,1
"오뚜기 치아바타 1kg 1,980원 1+1",간식류,빵류,BAKERY,,,치아바타,1
[동원] 치아바타 500ml,간식류,빵류,BAKERY,,,치아바타,1
매일 통밀 또띠아 2팩,간식류,빵류,BAKERY,,,또띠아,1
[매일] 또띠아 2팩,간식류,빵류,BAKERY,,,또띠아,1
곰곰 또띠아 200g,간식류,빵류,BAKERY,,,또띠아,1
[1+1] 통밀 또띠아 150ml,간식류,빵류,BAKERY,,,또띠아,1
[CJ] 통밀 또띠아 500g HACCP,간식류,빵류,BAKERY,,,또띠아,1
"빙그레 또띠아 1kg 9,900원 (100g당 1,955원) 쿠폰할인",간식류,빵류,BAKERY,,,또띠아,1
"[농심] 또띠아 330ml 5,500원",간식류,빵류,BAKERY,,,또띠아,1
"노브랜드 소금빵 500ml, 2,500원",간식류,빵류,BAKERY,,,소금빵,1
"소금빵 200g 1,980원",간식류,빵류,BAKERY,,,소금빵,1
[1+1] 소금빵 HACCP,간식류,빵류,BAKERY,,,소금빵,1
"[CJ] 소금빵 400g 29,800원 행사상품",간식류,빵류,BAKERY,,,소금빵,1
"빙그레 소금빵 12개 29,800원 온라인전용",간식류,빵류,BAKERY,,,소금빵,1
"[해태] 소금빵, 12개",간식류,빵류,BAKERY,,,소금빵,1
롯데 소금빵 3입 최대 195원 적립,간식류,빵류,BAKERY,,,소금빵,1
"[오뚜기] 소금빵 400g 1,980원 오늘출발",간식류,빵류,BAKERY,,,소금빵,1
"프레시지 나가사키 카스텔라, 250g",간식류,빵류,BAKERY,,,카스텔라,1
"대만 카스텔라 1kg 29,800원",간식류,빵류,BAKERY,,,카스텔라,1
"[매일] 나가사키 카스텔라 200g 2,500원 새벽배송",간식류,빵류,BAKERY,,,카스텔라,1
"[무료배송] 대만 카스텔라, 100g",간식류,빵류,BAKERY,,,카스텔라,1
동원 나가사키 카스텔라 낱개 새벽배송,간식류,빵류,BAKERY,,,카스텔라,1
"[행사] 바게트 박스 2,500원, 택1",간식류,빵류,BAKERY,,,바게트,1
"노브랜드 바게트 1봉 3,910원 온라인전용",간식류,빵류,BAKERY,,,바게트,1
[농심] 바게트 1kg,간식류,빵류,BAKERY,,,바게트,1
[행사] 바게트 박스,간식류,빵류,BAKERY,,,바게트,1
노브랜드 바게트 150ml 행사상품,간식류,빵류,BAKERY,,,바게트,1
[롯데] 바게트 박스 산지직송,간식류,빵류,BAKERY,,,바게트,1
바게트 박스 온라인전용,간식류,빵류,BAKERY,,,바게트,1
[1+1] 바게트 20입,간식류,빵류,BAKERY,,,바게트,1
[노브랜드] 토스트 1.5L 행사상품,간식류,빵류,BAKERY,,,토스트,1
"[매일] 토스트 12,900원",간식류,빵류,BAKERY,,,토스트,1
[롯데] 토스트 1kg 2+1,간식류,빵류,BAKERY,,,토스트,1
[프레시지] 토스트 2kg,간식류,빵류,BAKERY,,,토스트,1
"피코크 토스트 1,980원",간식류,빵류,BAKERY,,,토스트,1
[1+1] 토스트,간식류,빵류,BAKERY,,,토스트,1
"[국내산] 토스트 2,500원, 행사상품",간식류,빵류,BAKERY,,,토스트,1
"[대용량] 토스트 500g, 12,900원",간식류,빵류,BAKERY,,,토스트,1
"롯데 토스트 10개입 12,900원 쿠폰할인",간식류,빵류,BAKERY,,,토스트,1
"[무료배송] 난 1.5L 19,900원",간식류,빵류,BAKERY,,,난,1
곰곰 난,간식류,빵류,BAKERY,,,난,1
[농심] 난 1kg 최대 195원 적립,간식류,빵류,BAKERY,,,난,1
난 3입 쿠폰할인,간식류,빵류,BAKERY,,,난,1
"[대용량] 난 500g 2,500원",간식류,빵류,BAKERY,,,난,1
[국내산] 난 500g,간식류,빵류,BAKERY,,,난,1
"난 1,980원",간식류,빵류,BAKERY,,,난,1
"곰곰 난 400g, 최대 195원 적립",간식류,빵류,BAKERY,,,난,1
"[행사] 크루아상 330ml 3,910원 새벽배송",간식류,빵류,BAKERY,,,크루아상,1
프레시지 뺑오쇼콜라 150ml,간식류,빵류,BAKERY,,,크루아상,1
"동원 크루아상 2,500원 HACCP",간식류,빵류,BAKERY,,,크루아상,1
[대상] 뺑오쇼콜라 1봉,간식류,빵류,BAKERY,,,크루아상,1
"곰곰 크루아상 200g 19,900원",간식류,빵류,BAKERY,,,크루아상,1
"곰곰 뺑오쇼콜라 100g 1,980원",간식류,빵류,BAKERY,,,크루아상,1
"CJ 호밀빵 12개, 온라인전용",간식류,빵류,BAKERY,,,호밀빵,1
"[행사] 호밀빵 2팩 5,500원",간식류,빵류,BAKERY,,,호밀빵,1
[행사] 호밀빵,간식류,빵류,BAKERY,,,호밀빵,1
"해태 호밀빵 1.5L, 29,800원",간식류,빵류,BAKERY,,,호밀빵,1
호밀빵 10개입,간식류,빵류,BAKERY,,,호밀빵,1
"호밀빵 500g 1,980원 온라인전용",간식류,빵류,BAKERY,,,호밀빵,1
호밀빵 500ml,간식류,빵류,BAKERY,,,호밀빵,1
[1+1] 호밀빵 500g,간식류,빵류,BAKERY,,,호밀빵,1
[대상] 버터 스콘 250g 온라인전용,간식류,빵류,BAKERY,,,스콘,1
동원 플레인 스콘 100g,간식류,빵류,BAKERY,,,스콘,1
"버터 스콘 2팩 3,910원",간식류,빵류,BAKERY,,,스콘,1
"농심 버터 스콘 400g 19,900원",간식류,빵류,BAKERY,,,스콘,1
"단팥빵 330ml 9,900원 (100g당 1,955원), 산지직송",간식류,빵류,BAKERY,,,단팥빵,1
[무료배송] 단팥빵 10개입,간식류,빵류,BAKERY,,,단팥빵,1
"[행사] 단팥빵 200g 19,900원, 오늘출발",간식류,빵류,BAKERY,,,단팥빵,1
"[빙그레] 단팥빵, 10개입",간식류,빵류,BAKERY,,,단팥빵,1
[대용량] 단팥빵 330ml,간식류,빵류,BAKERY,,,단팥빵,1
"오뚜기 단팥빵 12개 12,900원",간식류,빵류,BAKERY,,,단팥빵,1
[프레시지] 단팥빵 박스,간식류,빵류,BAKERY,,,단팥빵,1
[노브랜드] 단팥빵 400g,간식류,빵류,BAKERY,,,단팥빵,1
[피코크] 깜빠뉴 6개입 2+1,간식류,빵류,BAKERY,,,깜빠뉴,1
"동원 깜빠뉴, 20입",간식류,빵류,BAKERY,,,깜빠뉴,1
빙그레 깜빠뉴 1.5L 택1,간식류,빵류,BAKERY,,,깜빠뉴,1
빙그레 깜빠뉴,간식류,빵류,BAKERY,,,깜빠뉴,1
[무료배송] 깜빠뉴 낱개 쿠폰할인,간식류,빵류,BAKERY,,,깜빠뉴,1
"깜빠뉴 12개 3,910원",간식류,빵류,BAKERY,,,깜빠뉴,1
"빙그레 청정원 포도씨유 300g 5,500원",조미료,식용유/기름,SAUCE_SEASONING,,,포도씨유,1
[곰곰] 포도씨유 1kg,조미료,식용유/기름,SAUCE_SEASONING,,,포도씨유,1
"[대용량] 포도씨유 330ml, 새벽배송",조미료,식용유/기름,SAUCE_SEASONING,,,포도씨유,1
"롯데 포도씨유 2팩 3,910원",조미료,식용유/기름,SAUCE_SEASONING,,,포도씨유,1
"[1+1] 코코넛오일 1L 29,800원",조미료,식용유/기름,SAUCE_SEASONING,,,코코넛 오일,1
매일 코코넛오일,조미료,식용유/기름,SAUCE_SEASONING,,,코코넛 오일,1
코코넛오일 200g 오늘출발,조미료,식용유/기름,SAUCE_SEASONING,,,코코넛 오일,1
"[1+1] 해표 카놀라유 12개, 1,980원",조미료,식용유/기름,SAUCE_SEASONING,,,카놀라유,1
농심 카놀라유 2+1,조미료,식용유/기름,SAUCE_SEASONING,,,카놀라유,1
"[대용량] 카놀라유 500g 5,500원",조미료,식용유/기름,SAUCE_SEASONING,,,카놀라유,1
[매일] 아보카도오일 400g 새벽배송,조미료,식용유/기름,SAUCE_SEASONING,,,아보카도 오일,1
프레시지 아보카도오일 낱개,조미료,식용유/기름,SAUCE_SEASONING,,,아보카도 오일,1
"아보카도오일 300g 2,500원 오늘출발",조미료,식용유/기름,SAUCE_SEASONING,,,아보카도 오일,1
[롯데] 오뚜기 현미유 2kg,조미료,식용유/기름,SAUCE_SEASONING,,오뚜기,현미유,1
빙그레 현미유,조미료,식용유/기름,SAUCE_SEASONING,,,현미유,1
농심 현미유,조미료,식용유/기름,SAUCE_SEASONING,,,현미유,1
[국내산] 리코타치즈 2팩,유제품,치즈,DAIRY,,,리코타 치즈,1
[해태] 크림치즈 12개,유제품,치즈,DAIRY,,,크림치즈,1
"매일 필라델피아 크림치즈 20입 5,500원 1+1",유제품,치즈,DAIRY,,필라델피아,크림치즈,1
동원 크림치즈 무료배송,유제품,치즈,DAIRY,,,크림치즈,1
생모짜렐라 박스 새벽배송,유제품,치즈,DAIRY,,,모짜렐라 치즈,1
[1+1] 자연치즈 모짜렐라 새벽배송,유제품,치즈,DAIRY,,,모짜렐라 치즈,1
[대상] 모짜렐라 치즈 1.5L,유제품,치즈,DAIRY,,,모짜렐라 치즈,1
"대상 피자치즈 모짜렐라 박스 12,900원",유제품,치즈,DAIRY,,,모짜렐라 치즈,1
"[무료배송] 모짜렐라 치즈 12개 3,910원",유제품,치즈,DAIRY,,,모짜렐라 치즈,1
"[1+1] 에멘탈 치즈 29,800원",유제품,치즈,DAIRY,,,에멘탈 치즈,1
매일 에멘탈 치즈 150ml,유제품,치즈,DAIRY,,,에멘탈 치즈,1
롯데 에멘탈 치즈 낱개,유제품,치즈,DAIRY,,,에멘탈 치즈,1
"[국내산] 에멘탈 치즈, 1kg",유제품,치즈,DAIRY,,,에멘탈 치즈,1
에멘탈 치즈 10개입 HACCP,유제품,치즈,DAIRY,,,에멘탈 치즈,1
[행사] 에멘탈 치즈 150ml 산지직송,유제품,치즈,DAIRY,,,에멘탈 치즈,1
"롯데 에멘탈 치즈 100g 2,500원, 쿠폰할인",유제품,치즈,DAIRY,,,에멘탈 치즈,1
[국내산] 브리치즈 낱개,유제품,치즈,DAIRY,,,브리 치즈,1
"[대용량] 브리치즈 19,900원",유제품,치즈,DAIRY,,,브리 치즈,1
브리치즈 2kg,유제품,치즈,DAIRY,,,브리 치즈,1
"브리치즈 2kg 3,910원",유제품,치즈,DAIRY,,,브리 치즈,1
"[국내산] 브리치즈 400g, 최대 195원 적립",유제품,치즈,DAIRY,,,브리 치즈,1
"농심 브리치즈 1kg 12,900원",유제품,치즈,DAIRY,,,브리 치즈,1
브리치즈 10개입,유제품,치즈,DAIRY,,,브리 치즈,1
풀무원 구워먹는 치즈 1봉,유제품,치즈,DAIRY,,,구워먹는 치즈,1
할루미 행사상품,유제품,치즈,DAIRY,,,구워먹는 치즈,1
"[오뚜기] 할루미 1봉, HACCP",유제품,치즈,DAIRY,,,구워먹는 치즈,1
[1+1] 할루미 330ml,유제품,치즈,DAIRY,,,구워먹는 치즈,1
"[무료배송] 구워먹는 치즈 1봉 12,900원 2+1",유제품,치즈,DAIRY,,,구워먹는 치즈,1
"[대용량] 할루미, 150ml",유제품,치즈,DAIRY,,,구워먹는 치즈,1
"구워먹는 치즈 낱개 29,800원 2+1",유제품,치즈,DAIRY,,,구워먹는 치즈,1
[오뚜기] 부라타치즈,유제품,치즈,DAIRY,,,부라타 치즈,1
[국내산] 부라타치즈 250g 오늘출발,유제품,치즈,DAIRY,,,부라타 치즈,1
"매일 부라타치즈, 150ml",유제품,치즈,DAIRY,,,부라타 치즈,1
[행사] 부라타치즈 500ml,유제품,치즈,DAIRY,,,부라타 치즈,1
농심 부라타치즈 박스 택1,유제품,치즈,DAIRY,,,부라타 치즈,1
"[동원] 부라타치즈 300g 2,500원",유제품,치즈,DAIRY,,,부라타 치즈,1
[곰곰] 부라타치즈 300g,유제품,치즈,DAIRY,,,부라타 치즈,1
"[대용량] 페타 치즈, 12개",유제품,치즈,DAIRY,,,페타 치즈,1
"오뚜기 페타 치즈 1봉 2,500원 무료배송",유제품,치즈,DAIRY,,,페타 치즈,1
"노브랜드 페타 치즈 500ml 29,800원, 행사상품",유제품,치즈,DAIRY,,,페타 치즈,1
"[CJ] 페타 치즈 1L 1,980원 새벽배송",유제품,치즈,DAIRY,,,페타 치즈,1
"페타 치즈 6개입 1,980원, HACCP",유제품,치즈,DAIRY,,,페타 치즈,1
곰곰 페타 치즈,유제품,치즈,DAIRY,,,페타 치즈,1
"프레시지 페타 치즈 5,500원 행사상품",유제품,치즈,DAIRY,,,페타 치즈,1
"노브랜드 페타 치즈 1봉 2,500원 새벽배송",유제품,치즈,DAIRY,,,페타 치즈,1
[행사] 페타 치즈 1봉,유제품,치즈,DAIRY,,,페타 치즈,1
"[노브랜드] 스틱치즈 1봉 19,900원 최대 195원 적립",유제품,치즈,DAIRY,,,스트링 치즈,1
"스트링치즈 9,900원 (100g당 1,955원)",유제품,치즈,DAIRY,,,스트링 치즈,1
"대상 스트링치즈 2kg, 12,900원",유제품,치즈,DAIRY,,,스트링 치즈,1
"해태 스틱치즈 9,900원 (100g당 1,955원)",유제품,치즈,DAIRY,,,스트링 치즈,1
곰곰 스트링치즈 무료배송,유제품,치즈,DAIRY,,,스트링 치즈,1
"스틱치즈 500ml 9,900원 (100g당 1,955원) 새벽배송",유제품,치즈,DAIRY,,,스트링 치즈,1
"롯데 까망베르치즈 6개입, 무료배송",유제품,치즈,DAIRY,,,까망베르 치즈,1
"풀무원 까망베르치즈 2,500원, 당일발송",유제품,치즈,DAIRY,,,까망베르 치즈,1
[국내산] 까망베르치즈 3입,유제품,치즈,DAIRY,,,까망베르 치즈,1
"롯데 까망베르치즈, 3입",유제품,치즈,DAIRY,,,까망베르 치즈,1
대상 까망베르치즈 12개 쿠폰할인,유제품,치즈,DAIRY,,,까망베르 치즈,1
[1+1] 까망베르치즈 330ml,유제품,치즈,DAIRY,,,까망베르 치즈,1
"CJ 까망베르치즈 1봉 2,500원",유제품,치즈,DAIRY,,,까망베르 치즈,1
[대용량] 고다치즈,유제품,치즈,DAIRY,,,고다 치즈,1
"[오뚜기] 고다치즈 10개입 12,900원",유제품,치즈,DAIRY,,,고다 치즈,1
"[대상] 고다치즈 500ml, 1,980원",유제품,치즈,DAIRY,,,고다 치즈,1
풀무원 고다치즈 500g,유제품,치즈,DAIRY,,,고다 치즈,1
"피코크 고다치즈 낱개 12,900원, 온라인전용",유제품,치즈,DAIRY,,,고다 치즈,1
"CJ 고다치즈 400g 1,980원 행사상품",유제품,치즈,DAIRY,,,고다 치즈,1
[행사] 고다치즈 2팩,유제품,치즈,DAIRY,,,고다 치즈,1
빙그레 블루 치즈 200g,유제품,치즈,DAIRY,,,블루 치즈,1
[동원] 블루 치즈,유제품,치즈,DAIRY,,,블루 치즈,1
"빙그레 블루 치즈 1L 29,800원",유제품,치즈,DAIRY,,,블루 치즈,1
[롯데] 블루 치즈 100g 최대 195원 적립,유제품,치즈,DAIRY,,,블루 치즈,1
[농심] 블루 치즈 박스,유제품,치즈,DAIRY,,,블루 치즈,1
[1+1] 블루 치즈 100g 쿠폰할인,유제품,치즈,DAIRY,,,블루 치즈,1
[행사] 블루 치즈 1봉 1+1,유제품,치즈,DAIRY,,,블루 치즈,1
빙그레 블루 치즈 1kg,유제품,치즈,DAIRY,,,블루 치즈,1
빙그레 블루 치즈 20입,유제품,치즈,DAIRY,,,블루 치즈,1
[농심] 파마산 가루 1kg HACCP,유제품,치즈,DAIRY,,,파마산 치즈,1
"노브랜드 파르미지아노 낱개 12,900원",유제품,치즈,DAIRY,,,파마산 치즈,1
"[국내산] 파르미지아노, 200g",유제품,치즈,DAIRY,,,파마산 치즈,1
"파르미지아노 9,900원 (100g당 1,955원)",유제품,치즈,DAIRY,,,파마산 치즈,1
"피코크 파르미지아노 1.5L, 택1",유제품,치즈,DAIRY,,,파마산 치즈,1
대상 파르미지아노 250g,유제품,치즈,DAIRY,,,파마산 치즈,1
노브랜드 레드체다 1L 택1,유제품,치즈,DAIRY,,,체다 치즈,1
"CJ 체다 슬라이스 10개입 12,900원 쿠폰할인",유제품,치즈,DAIRY,,,체다 치즈,1
"대상 숙성 체다 1,980원",유제품,치즈,DAIRY,,,체다 치즈,1
"빙그레 체다 슬라이스, 500g",유제품,치즈,DAIRY,,,체다 치즈,1
"해태 레드체다, 5,500원",유제품,치즈,DAIRY,,,체다 치즈,1
"[행사] 체다 슬라이스 5,500원 오늘출발",유제품,치즈,DAIRY,,,체다 치즈,1
롯데 레드체다 3입,유제품,치즈,DAIRY,,,체다 치즈,1
"CJ 그라노 파다노 치즈, 1kg",유제품,치즈,DAIRY,,,그라노 파다노 치즈,1
"[동원] 그라노 파다노 치즈 300g 12,900원 산지직송",유제품,치즈,DAIRY,,,그라노 파다노 치즈,1
그라노 파다노 치즈 행사상품,유제품,치즈,DAIRY,,,그라노 파다노 치즈,1
CJ 그라노 파다노 치즈 1.5L,유제품,치즈,DAIRY,,,그라노 파다노 치즈,1
[롯데] 그라노 파다노 치즈 250g,유제품,치즈,DAIRY,,,그라노 파다노 치즈,1
"[행사] 그라노 파다노 치즈 낱개, 5,500원",유제품,치즈,DAIRY,,,그라노 파다노 치즈,1
"[곰곰] 그라노 파다노 치즈 500ml 5,500원",유제품,치즈,DAIRY,,,그라노 파다노 치즈,1
"곰곰 그라노 파다노 치즈 20입, 29,800원",유제품,치즈,DAIRY,,,그라노 파다노 치즈,1
[곰곰] 그라노 파다노 치즈 1kg 1+1,유제품,치즈,DAIRY,,,그라노 파다노 치즈,1
"[1+1] 마스카포네 치즈 500g 29,800원 쿠폰할인",유제품,치즈,DAIRY,,,마스카포네 치즈,1
"[무료배송] 마스카포네 치즈 100g 3,910원, 산지직송",유제품,치즈,DAIRY,,,마스카포네 치즈,1
노브랜드 마스카포네 치즈 2kg 쿠폰할인,유제품,치즈,DAIRY,,,마스카포네 치즈,1
마스카포네 치즈 20입,유제품,치즈,DAIRY,,,마스카포네 치즈,1
동원 마스카포네 치즈 20입 당일발송,유제품,치즈,DAIRY,,,마스카포네 치즈,1
"[대용량] 마스카포네 치즈 200g 12,900원 산지직송",유제품,치즈,DAIRY,,,마스카포네 치즈,1
[무료배송] 마스카포네 치즈 250g,유제품,치즈,DAIRY,,,마스카포네 치즈,1
"마스카포네 치즈 250g 3,910원",유제품,치즈,DAIRY,,,마스카포네 치즈,1
[행사] 마스카포네 치즈 2kg 무료배송,유제품,치즈,DAIRY,,,마스카포네 치즈,1
먹태 200g,수산물,멸치/건어물,DRIED_SEAFOOD,,,먹태,1
"먹태채 낱개, 산지직송",수산물,멸치/건어물,DRIED_SEAFOOD,,,먹태,1
[대상] 먹태,수산물,멸치/건어물,DRIED_SEAFOOD,,,먹태,1
[1+1] 먹태채 1.5L,수산물,멸치/건어물,DRIED_SEAFOOD,,,먹태,1
먹태채 1kg,수산물,멸치/건어물,DRIED_SEAFOOD,,,먹태,1
"[1+1] 마른오징어 12개 5,500원 HACCP",수산물,멸치/건어물,DRIED_SEAFOOD,,,건오징어,1
피데기 1봉,수산물,멸치/건어물,DRIED_SEAFOOD,,,건오징어,1
롯데 마른오징어 250g 오늘출발,수산물,멸치/건어물,DRIED_SEAFOOD,,,건오징어,1
오뚜기 마른오징어 1kg,수산물,멸치/건어물,DRIED_SEAFOOD,,,건오징어,1
해태 구룡포 과메기 1.5L,수산물,멸치/건어물,DRIED_SEAFOOD,,,과메기,1
[피코크] 구룡포 과메기 200g 2+1,수산물,멸치/건어물,DRIED_SEAFOOD,,,과메기,1
"[행사] 구룡포 과메기 500g 19,900원 쿠폰할인",수산물,멸치/건어물,DRIED_SEAFOOD,,,과메기,1
[피코크] 구룡포 과메기 2kg,수산물,멸치/건어물,DRIED_SEAFOOD,,,과메기,1
"[노브랜드] 구룡포 과메기 낱개 29,800원 오늘출발",수산물,멸치/건어물,DRIED_SEAFOOD,,,과메기,1
"구룡포 과메기 10개입 5,500원",수산물,멸치/건어물,DRIED_SEAFOOD,,,과메기,1
[동원] 구룡포 과메기 2팩,수산물,멸치/건어물,DRIED_SEAFOOD,,,과메기,1
풀무원 구룡포 과메기,수산물,멸치/건어물,DRIED_SEAFOOD,,,과메기,1
"매일 바베큐 등갈비 12개 12,900원 쿠폰할인",육류/계란,돼지고기,RAW_MEAT,,,등갈비,1
"등갈비 박스 5,500원",육류/계란,돼지고기,RAW_MEAT,,,등갈비,1
"[행사] 등갈비 400g, 1+1",육류/계란,돼지고기,RAW_MEAT,,,등갈비,1
"[노브랜드] 바베큐 등갈비 250g 19,900원 HACCP",육류/계란,돼지고기,RAW_MEAT,,,등갈비,1
"프레시지 항정살 100g 29,800원",육류/계란,돼지고기,RAW_MEAT,,,항정살,1
매일 항정살 12개 무료배송,육류/계란,돼지고기,RAW_MEAT,,,항정살,1
[프레시지] 항정살 박스 온라인전용,육류/계란,돼지고기,RAW_MEAT,,,항정살,1
"[무료배송] 항정살 250g 3,910원",육류/계란,돼지고기,RAW_MEAT,,,항정살,1
[풀무원] 돼지등심 1.5L,육류/계란,돼지고기,RAW_MEAT,,,돼지 등심,1
"농심 돈까스용 등심 2kg 5,500원, 당일발송",육류/계란,돼지고기,RAW_MEAT,,,돼지 등심,1
오뚜기 돼지갈비 200g,육류/계란,돼지고기,RAW_MEAT,,,돼지갈비,1
"대상 양념돼지갈비 300g 29,800원, 새벽배송",육류/계란,돼지고기,RAW_MEAT,,,돼지갈비,1
"해태 돼지갈비 500g 3,910원",육류/계란,돼지고기,RAW_MEAT,,,돼지갈비,1
"돼지안심 100g, 12,900원",육류/계란,돼지고기,RAW_MEAT,,,돼지 안심,1
"돼지안심 2kg, 새벽배송",육류/계란,돼지고기,RAW_MEAT,,,돼지 안심,1
"[행사] 돼지안심 20입 12,900원",육류/계란,돼지고기,RAW_MEAT,,,돼지 안심,1
"대상 돼지안심, 20입",육류/계란,돼지고기,RAW_MEAT,,,돼지 안심,1
[행사] 뒷다리살,육류/계란,돼지고기,RAW_MEAT,,,뒷다리살,1
"[프레시지] 후지 150ml 9,900원 (100g당 1,955원)",육류/계란,돼지고기,RAW_MEAT,,,뒷다리살,1
[1+1] 후지 2팩,육류/계란,돼지고기,RAW_MEAT,,,뒷다리살,1
[풀무원] 뒷다리살 250g,육류/계란,돼지고기,RAW_MEAT,,,뒷다리살,1
[무료배송] 오겹살,육류/계란,돼지고기,RAW_MEAT,,,오겹살,1
"빙그레 오겹살 200g 9,900원 (100g당 1,955원)",육류/계란,돼지고기,RAW_MEAT,,,오겹살,1
"[무료배송] 오겹살 150ml, 5,500원",육류/계란,돼지고기,RAW_MEAT,,,오겹살,1
피코크 오겹살,육류/계란,돼지고기,RAW_MEAT,,,오겹살,1
"갈매기살 400g, 행사상품",육류/계란,돼지고기,RAW_MEAT,,,갈매기살,1
"풀무원 갈매기살 300g 3,910원 새벽배송",육류/계란,돼지고기,RAW_MEAT,,,갈매기살,1
[오뚜기] 갈매기살 12개,육류/계란,돼지고기,RAW_MEAT,,,갈매기살,1
농심 갈매기살 10개입,육류/계란,돼지고기,RAW_MEAT,,,갈매기살,1
"동원 조랭이떡 2팩 3,910원 행사상품",간식류,떡,SNACK,,,조랭이떡,1
"[대상] 조랭이떡 12,900원",간식류,떡,SNACK,,,조랭이떡,1
[해태] 백설기 250g HACCP,간식류,떡,SNACK,,,백설기,1
대상 백설기 6개입,간식류,떡,SNACK,,,백설기,1
"[프레시지] 꿀떡 박스, 행사상품",간식류,떡,SNACK,,,꿀떡,1
프레시지 꿀떡 1kg,간식류,떡,SNACK,,,꿀떡,1
"모찌 3,910원",간식류,떡,SNACK,,,찹쌀떡,1
"동원 찹쌀떡 낱개, 12,900원",간식류,떡,SNACK,,,찹쌀떡,1
"[CJ] 가래떡, 1봉",간식류,떡,SNACK,,,가래떡,1
"구이용 가래떡 19,900원 1+1",간식류,떡,SNACK,,,가래떡,1
[대용량] 가래떡 낱개 행사상품,간식류,떡,SNACK,,,가래떡,1
[무료배송] 쑥절편 3입 행사상품,간식류,떡,SNACK,,,절편,1
"절편 6개입 12,900원, HACCP",간식류,떡,SNACK,,,절편,1
[노브랜드] 쑥절편 2kg 택1,간식류,떡,SNACK,,,절편,1
CJ 조랭이 떡국떡 6개입,간식류,떡,SNACK,,,떡국떡,1
"[대상] 떡국떡 500g 9,900원 (100g당 1,955원), 행사상품",간식류,떡,SNACK,,,떡국떡,1
"대상 조랭이 떡국떡 20입 1,980원 당일발송",간식류,떡,SNACK,,,떡국떡,1
팥시루떡 250g,간식류,떡,SNACK,,,시루떡,1
"[오뚜기] 팥시루떡 2kg 9,900원 (100g당 1,955원) 당일발송",간식류,떡,SNACK,,,시루떡,1
[1+1] 팥시루떡 300g,간식류,떡,SNACK,,,시루떡,1
[빙그레] 갈릭파우더 HACCP,조미료,가루분말,SAUCE_SEASONING,,,갈릭파우더,1
[행사] 마늘분말 100g,조미료,가루분말,SAUCE_SEASONING,,,갈릭파우더,1
"피코크 마늘분말 6개입, 쿠폰할인",조미료,가루분말,SAUCE_SEASONING,,,갈릭파우더,1
[노브랜드] 마늘분말,조미료,가루분말,SAUCE_SEASONING,,,갈릭파우더,1
[1+1] 갈릭파우더 150ml 택1,조미료,가루분말,SAUCE_SEASONING,,,갈릭파우더,1
대상 마늘분말 400g,조미료,가루분말,SAUCE_SEASONING,,,갈릭파우더,1
농심 마늘분말,조미료,가루분말,SAUCE_SEASONING,,,갈릭파우더,1
감자전분 온라인전용,조미료,가루분말,SAUCE_SEASONING,,,감자전분,1
"해태 감자전분, 3입",조미료,가루분말,SAUCE_SEASONING,,,감자전분,1
[행사] 감자전분,조미료,가루분말,SAUCE_SEASONING,,,감자전분,1
[행사] 감자전분 6개입,조미료,가루분말,SAUCE_SEASONING,,,감자전분,1
[대용량] 아몬드파우더 2kg,조미료,가루분말,SAUCE_SEASONING,,,아몬드 가루,1
"[1+1] 드라이이스트 250g 3,910원",조미료,가루분말,SAUCE_SEASONING,,,이스트,1
"대상 생이스트 200g, 12,900원",조미료,가루분말,SAUCE_SEASONING,,,이스트,1
동원 생이스트 박스 산지직송,조미료,가루분말,SAUCE_SEASONING,,,이스트,1
"[행사] 생이스트 500ml, 3,910원",조미료,가루분말,SAUCE_SEASONING,,,이스트,1
"[CJ] 드라이이스트 1L 19,900원 온라인전용",조미료,가루분말,SAUCE_SEASONING,,,이스트,1
대상 생이스트 낱개 당일발송,조미료,가루분말,SAUCE_SEASONING,,,이스트,1
풀무원 건식 쌀가루,조미료,가루분말,SAUCE_SEASONING,,,쌀가루,1
습식 쌀가루 500ml,조미료,가루분말,SAUCE_SEASONING,,,쌀가루,1
"매일 건식 쌀가루 2kg 19,900원",조미료,가루분말,SAUCE_SEASONING,,,쌀가루,1
빙그레 습식 쌀가루 6개입 최대 195원 적립,조미료,가루분말,SAUCE_SEASONING,,,쌀가루,1
오뚜기 청양 고춧가루 150ml HACCP,조미료,가루분말,SAUCE_SEASONING,,,고춧가루,1
동원 굵은 고춧가루 250g,조미료,가루분말,SAUCE_SEASONING,,,고춧가루,1
"[노브랜드] 고운 고춧가루 12,900원 당일발송",조미료,가루분말,SAUCE_SEASONING,,,고춧가루,1
"굵은 고춧가루 1kg 3,910원, 무료배송",조미료,가루분말,SAUCE_SEASONING,,,고춧가루,1
청양 고춧가루 박스,조미료,가루분말,SAUCE_SEASONING,,,고춧가루,1
[행사] 강황가루 2kg 새벽배송,조미료,가루분말,SAUCE_SEASONING,,,강황 가루,1
울금가루 2팩,조미료,가루분말,SAUCE_SEASONING,,,강황 가루,1
프레시지 강황가루 6개입,조미료,가루분말,SAUCE_SEASONING,,,강황 가루,1
울금가루 1봉,조미료,가루분말,SAUCE_SEASONING,,,강황 가루,1
"[대용량] 울금가루 박스 19,900원",조미료,가루분말,SAUCE_SEASONING,,,강황 가루,1
울금가루 500ml,조미료,가루분말,SAUCE_SEASONING,,,강황 가루,1
[1+1] 강황가루 박스 당일발송,조미료,가루분말,SAUCE_SEASONING,,,강황 가루,1
"피코크 카레가루 500ml 5,500원",조미료,가루분말,SAUCE_SEASONING,,,카레가루,1
[국내산] 순한맛 카레 12개,조미료,가루분말,SAUCE_SEASONING,,,카레가루,1
"순한맛 카레 2kg 12,900원 2+1",조미료,가루분말,SAUCE_SEASONING,,,카레가루,1
카레가루 12개,조미료,가루분말,SAUCE_SEASONING,,,카레가루,1
"오뚜기 순한맛 카레 2kg 9,900원 (100g당 1,955원)",조미료,가루분말,SAUCE_SEASONING,,,카레가루,1
노브랜드 순한맛 카레 100g 1+1,조미료,가루분말,SAUCE_SEASONING,,,카레가루,1
대상 카레가루 1kg 무료배송,조미료,가루분말,SAUCE_SEASONING,,,카레가루,1
"[오뚜기] 고운 빵가루 1봉 5,500원 오늘출발",조미료,가루분말,SAUCE_SEASONING,,,빵가루,1
"오뚜기 빵가루, 12개",조미료,가루분말,SAUCE_SEASONING,,,빵가루,1
[노브랜드] 고운 빵가루 3입 행사상품,조미료,가루분말,SAUCE_SEASONING,,,빵가루,1
"[매일] 빵가루 500ml, 5,500원",조미료,가루분말,SAUCE_SEASONING,,,빵가루,1
고운 빵가루 400g,조미료,가루분말,SAUCE_SEASONING,,,빵가루,1
"[빙그레] 고운 빵가루 300g 1,980원",조미료,가루분말,SAUCE_SEASONING,,,빵가루,1
"[피코크] 부침가루 3입 2,500원, 온라인전용",조미료,가루분말,SAUCE_SEASONING,,,부침가루,1
"오뚜기 부침가루 100g 19,900원",조미료,가루분말,SAUCE_SEASONING,,,부침가루,1
"노브랜드 부침가루 12개, 5,500원",조미료,가루분말,SAUCE_SEASONING,,,부침가루,1
부침가루 1.5L,조미료,가루분말,SAUCE_SEASONING,,,부침가루,1
"풀무원 부침가루 3입 3,910원, 행사상품",조미료,가루분말,SAUCE_SEASONING,,,부침가루,1
"[피코크] 방앗간 찹쌀가루 100g 9,900원 (100g당 1,955원)",조미료,가루분말,SAUCE_SEASONING,,,찹쌀가루,1
"[1+1] 찹쌀가루, 1,980원",조미료,가루분말,SAUCE_SEASONING,,,찹쌀가루,1
"[국내산] 방앗간 찹쌀가루 330ml 5,500원, 택1",조미료,가루분말,SAUCE_SEASONING,,,찹쌀가루,1
"[무료배송] 방앗간 찹쌀가루 9,900원 (100g당 1,955원)",조미료,가루분말,SAUCE_SEASONING,,,찹쌀가루,1
"[1+1] 찹쌀가루 6개입 5,500원",조미료,가루분말,SAUCE_SEASONING,,,찹쌀가루,1
롯데 찹쌀가루 2팩,조미료,가루분말,SAUCE_SEASONING,,,찹쌀가루,1
[무료배송] 옥수수전분 330ml HACCP,조미료,가루분말,SAUCE_SEASONING,,,옥수수전분,1
"[국내산] 옥수수전분 12개 29,800원, 1+1",조미료,가루분말,SAUCE_SEASONING,,,옥수수전분,1
동원 옥수수전분 6개입,조미료,가루분말,SAUCE_SEASONING,,,옥수수전분,1
"[농심] 옥수수전분, 29,800원",조미료,가루분말,SAUCE_SEASONING,,,옥수수전분,1
"[동원] 옥수수전분 9,900원 (100g당 1,955원)",조미료,가루분말,SAUCE_SEASONING,,,옥수수전분,1
[국내산] 옥수수전분 2+1,조미료,가루분말,SAUCE_SEASONING,,,옥수수전분,1
옥수수전분 2팩,조미료,가루분말,SAUCE_SEASONING,,,옥수수전분,1
[1+1] 슈가파우더 20입,조미료,가루분말,SAUCE_SEASONING,,,슈가파우더,1
"매일 슈가파우더 12개 2,500원 무료배송",조미료,가루분말,SAUCE_SEASONING,,,슈가파우더,1
프레시지 슈가파우더 1L,조미료,가루분말,SAUCE_SEASONING,,,슈가파우더,1
동원 슈가파우더 250g 새벽배송,조미료,가루분말,SAUCE_SEASONING,,,슈가파우더,1
빙그레 슈가파우더,조미료,가루분말,SAUCE_SEASONING,,,슈가파우더,1
"[1+1] 슈가파우더, 12,900원",조미료,가루분말,SAUCE_SEASONING,,,슈가파우더,1
롯데 베이킹파우더 낱개,조미료,가루분말,SAUCE_SEASONING,,,베이킹파우더,1
"[오뚜기] 베이킹파우더 200g 2,500원 산지직송",조미료,가루분말,SAUCE_SEASONING,,,베이킹파우더,1
풀무원 베이킹파우더 200g,조미료,가루분말,SAUCE_SEASONING,,,베이킹파우더,1
농심 베이킹파우더 150ml 무료배송,조미료,가루분말,SAUCE_SEASONING,,,베이킹파우더,1
동원 베이킹파우더 1.5L,조미료,가루분말,SAUCE_SEASONING,,,베이킹파우더,1
베이킹파우더 200g,조미료,가루분말,SAUCE_SEASONING,,,베이킹파우더,1
"[피코크] 베이킹파우더 20입, 2+1",조미료,가루분말,SAUCE_SEASONING,,,베이킹파우더,1
대상 기타 유음료 330ml,유제품,우유/두유,DAIRY,,,기타 유음료,1
"[노브랜드] 기타 유음료 1L 29,800원",유제품,우유/두유,DAIRY,,,기타 유음료,1
"농심 기타 유음료 12개 2,500원 최대 195원 적립",유제품,우유/두유,DAIRY,,,기타 유음료,1
노브랜드 기타 유음료 250g,유제품,우유/두유,DAIRY,,,기타 유음료,1
"[프레시지] 기타 유음료 3입 5,500원, HACCP",유제품,우유/두유,DAIRY,,,기타 유음료,1
"풀무원 기타 유음료 200g 12,900원",유제품,우유/두유,DAIRY,,,기타 유음료,1
연유 500g,유제품,우유/두유,DAIRY,,,연유,1
"CJ 연유 10개입 1,980원",유제품,우유/두유,DAIRY,,,연유,1
오뚜기 연유 20입 온라인전용,유제품,우유/두유,DAIRY,,,연유,1
"[CJ] 연유, 150ml",유제품,우유/두유,DAIRY,,,연유,1
"곰곰 연유 낱개 1,980원 1+1",유제품,우유/두유,DAIRY,,,연유,1
[곰곰] 연유 300g,유제품,우유/두유,DAIRY,,,연유,1
"[무료배송] 연유 2kg 12,900원",유제품,우유/두유,DAIRY,,,연유,1
"[행사] 연유, 1봉",유제품,우유/두유,DAIRY,,,연유,1
"CJ 귀리우유, 10개입",유제품,우유/두유,DAIRY,,,식물성 음료,1
"농심 아몬드브리즈 330ml, 12,900원",유제품,우유/두유,DAIRY,,,식물성 음료,1
[롯데] 쌀조청 10개입,조미료,양념/소스,SAUCE_SEASONING,,,조청,1
매일 쌀조청 3입,조미료,양념/소스,SAUCE_SEASONING,,,조청,1
"동원 쌀조청, 500g",조미료,양념/소스,SAUCE_SEASONING,,,조청,1
"쌀조청 3입 12,900원",조미료,양념/소스,SAUCE_SEASONING,,,조청,1
롯데 쌀조청 낱개,조미료,양념/소스,SAUCE_SEASONING,,,조청,1
피코크 메이플시럽 100g,조미료,양념/소스,SAUCE_SEASONING,,,메이플시럽,1
"[프레시지] 메이플시럽 500g 19,900원",조미료,양념/소스,SAUCE_SEASONING,,,메이플시럽,1
[농심] 메이플시럽 400g,조미료,양념/소스,SAUCE_SEASONING,,,메이플시럽,1
[국내산] 메이플시럽 2+1,조미료,양념/소스,SAUCE_SEASONING,,,메이플시럽,1
"풀무원 메이플시럽 400g 29,800원 무료배송",조미료,양념/소스,SAUCE_SEASONING,,,메이플시럽,1
[피코크] 메이플시럽,조미료,양념/소스,SAUCE_SEASONING,,,메이플시럽,1
"[동원] 메이플시럽, 1.5L",조미료,양념/소스,SAUCE_SEASONING,,,메이플시럽,1
"[행사] 메이플시럽 330ml 19,900원",조미료,양념/소스,SAUCE_SEASONING,,,메이플시럽,1
"[대용량] 메이플시럽 200g 29,800원 행사상품",조미료,양념/소스,SAUCE_SEASONING,,,메이플시럽,1
매일 사과식초 10개입 오늘출발,조미료,양념/소스,SAUCE_SEASONING,,,사과식초,1
[무료배송] 사과식초 500ml 행사상품,조미료,양념/소스,SAUCE_SEASONING,,,사과식초,1
"대상 사과식초 29,800원 온라인전용",조미료,양념/소스,SAUCE_SEASONING,,,사과식초,1
롯데 사과식초 1.5L,조미료,양념/소스,SAUCE_SEASONING,,,사과식초,1
동원 사과식초 100g,조미료,양념/소스,SAUCE_SEASONING,,,사과식초,1
[빙그레] 사과식초 200g,조미료,양념/소스,SAUCE_SEASONING,,,사과식초,1
"사과식초 150ml 1,980원",조미료,양념/소스,SAUCE_SEASONING,,,사과식초,1
"[해태] 사과식초 6개입 19,900원",조미료,양념/소스,SAUCE_SEASONING,,,사과식초,1
"농심 맛술 500g 5,500원, 행사상품",조미료,양념/소스,SAUCE_SEASONING,,,맛술,1
"[1+1] 미림 300g, 2+1",조미료,양념/소스,SAUCE_SEASONING,,,맛술,1
[대용량] 맛술 500g,조미료,양념/소스,SAUCE_SEASONING,,,맛술,1
[국내산] 미림 6개입,조미료,양념/소스,SAUCE_SEASONING,,,맛술,1
"[무료배송] 재래된장 12개, 3,910원",조미료,양념/소스,SAUCE_SEASONING,,,된장,1
동원 쌈장된장 330ml,조미료,양념/소스,SAUCE_SEASONING,,,된장,1
"[CJ] 쌈장된장 200g 2,500원 쿠폰할인",조미료,양념/소스,SAUCE_SEASONING,,,된장,1
쌈장된장 330ml,조미료,양념/소스,SAUCE_SEASONING,,,된장,1
[피코크] 쌈장된장 330ml,조미료,양념/소스,SAUCE_SEASONING,,,된장,1
"[1+1] 재래된장 6개입 19,900원 새벽배송",조미료,양념/소스,SAUCE_SEASONING,,,된장,1
[무료배송] 재래된장 500ml,조미료,양념/소스,SAUCE_SEASONING,,,된장,1
[행사] 쌈장된장 6개입,조미료,양념/소스,SAUCE_SEASONING,,,된장,1
"농심 조청물엿 20입 19,900원",조미료,양념/소스,SAUCE_SEASONING,,,물엿,1
[농심] 물엿 박스 무료배송,조미료,양념/소스,SAUCE_SEASONING,,,물엿,1
[국내산] 조청물엿,조미료,양념/소스,SAUCE_SEASONING,,,물엿,1
조청물엿 1kg 최대 195원 적립,조미료,양념/소스,SAUCE_SEASONING,,,물엿,1
[피코크] 물엿 500ml,조미료,양념/소스,SAUCE_SEASONING,,,물엿,1
"해태 청국장 1봉 29,800원",조미료,양념/소스,SAUCE_SEASONING,,,청국장,1
청국장 250g 온라인전용,조미료,양념/소스,SAUCE_SEASONING,,,청국장,1
"오뚜기 청국장 10개입 3,910원, 1+1",조미료,양념/소스,SAUCE_SEASONING,,,청국장,1
"풀무원 청국장 5,500원 당일발송",조미료,양념/소스,SAUCE_SEASONING,,,청국장,1
"[피코크] 청국장 5,500원 새벽배송",조미료,양념/소스,SAUCE_SEASONING,,,청국장,1
오뚜기 허니머스타드 2팩,조미료,양념/소스,SAUCE_SEASONING,,,머스타드,1
[대상] 디종머스타드 박스 오늘출발,조미료,양념/소스,SAUCE_SEASONING,,,머스타드,1
노브랜드 스리라차 20입,조미료,양념/소스,SAUCE_SEASONING,,,스리라차,1
"[국내산] 스리라차 낱개 1,980원",조미료,양념/소스,SAUCE_SEASONING,,,스리라차,1
피코크 스리라차 10개입 최대 195원 적립,조미료,양념/소스,SAUCE_SEASONING,,,스리라차,1
"대상 스리라차, HACCP",조미료,양념/소스,SAUCE_SEASONING,,,스리라차,1
"피코크 스리라차 1kg 5,500원 새벽배송",조미료,양념/소스,SAUCE_SEASONING,,,스리라차,1
"[국내산] 스리라차 150ml 5,500원, 2+1",조미료,양념/소스,SAUCE_SEASONING,,,스리라차,1
"노브랜드 스리라차 3입 3,910원, 무료배송",조미료,양념/소스,SAUCE_SEASONING,,,스리라차,1
"토마토 페이스트 2팩 29,800원 당일발송",조미료,양념/소스,SAUCE_SEASONING,,,토마토 페이스트,1
오뚜기 토마토 페이스트 400g,조미료,양념/소스,SAUCE_SEASONING,,,토마토 페이스트,1
"[피코크] 토마토 페이스트 6개입 19,900원, 쿠폰할인",조미료,양념/소스,SAUCE_SEASONING,,,토마토 페이스트,1
[CJ] 토마토 페이스트 200g 당일발송,조미료,양념/소스,SAUCE_SEASONING,,,토마토 페이스트,1
[국내산] 토마토 페이스트,조미료,양념/소스,SAUCE_SEASONING,,,토마토 페이스트,1
[해태] 토마토 페이스트 10개입,조미료,양념/소스,SAUCE_SEASONING,,,토마토 페이스트,1
"노브랜드 토마토 페이스트 500ml 1,980원",조미료,양념/소스,SAUCE_SEASONING,,,토마토 페이스트,1
"토마토 페이스트 낱개, 행사상품",조미료,양념/소스,SAUCE_SEASONING,,,토마토 페이스트,1
"[매일] 토마토 페이스트 1kg 1,980원",조미료,양념/소스,SAUCE_SEASONING,,,토마토 페이스트,1
"[프레시지] 프락토올리고당, 낱개",조미료,양념/소스,SAUCE_SEASONING,,,올리고당,1
"프락토올리고당 6개입 9,900원 (100g당 1,955원)",조미료,양념/소스,SAUCE_SEASONING,,,올리고당,1
프락토올리고당 2kg,조미료,양념/소스,SAUCE_SEASONING,,,올리고당,1
"[롯데] 프락토올리고당 12,900원 1+1",조미료,양념/소스,SAUCE_SEASONING,,,올리고당,1
"[대용량] 프락토올리고당 400g 29,800원 산지직송",조미료,양념/소스,SAUCE_SEASONING,,,올리고당,1
[국내산] 돈까스소스,조미료,양념/소스,SAUCE_SEASONING,,,돈까스 소스,1
돈까스소스 박스 쿠폰할인,조미료,양념/소스,SAUCE_SEASONING,,,돈까스 소스,1
"돈까스소스 500ml 3,910원",조미료,양념/소스,SAUCE_SEASONING,,,돈까스 소스,1
[매일] 돈까스소스 1.5L,조미료,양념/소스,SAUCE_SEASONING,,,돈까스 소스,1
[노브랜드] 토마토케첩 12개,조미료,양념/소스,SAUCE_SEASONING,,,케첩,1
"[해태] 토마토케첩 1L 29,800원 2+1",조미료,양념/소스,SAUCE_SEASONING,,,케첩,1
토마토케첩,조미료,양념/소스,SAUCE_SEASONING,,,케첩,1
"[빙그레] 토마토케첩, 12개",조미료,양념/소스,SAUCE_SEASONING,,,케첩,1
"[1+1] 토마토케첩 200g, 12,900원",조미료,양념/소스,SAUCE_SEASONING,,,케첩,1
매일 토마토케첩 10개입,조미료,양념/소스,SAUCE_SEASONING,,,케첩,1
"[국내산] 국간장 100g 9,900원 (100g당 1,955원)",조미료,양념/소스,SAUCE_SEASONING,,,국간장,1
[대용량] 국간장 400g,조미료,양념/소스,SAUCE_SEASONING,,,국간장,1
CJ 국간장 2kg,조미료,양념/소스,SAUCE_SEASONING,,,국간장,1
[곰곰] 국간장 150ml,조미료,양념/소스,SAUCE_SEASONING,,,국간장,1
"[1+1] 국간장 1kg, 5,500원",조미료,양념/소스,SAUCE_SEASONING,,,국간장,1
"[국내산] 국간장 1봉 9,900원 (100g당 1,955원)",조미료,양념/소스,SAUCE_SEASONING,,,국간장,1
"굴소스 낱개 19,900원",조미료,양념/소스,SAUCE_SEASONING,,,굴소스,1
"빙그레 굴소스 12개 2,500원 행사상품",조미료,양념/소스,SAUCE_SEASONING,,,굴소스,1
[노브랜드] 굴소스 500g,조미료,양념/소스,SAUCE_SEASONING,,,굴소스,1
"[국내산] 굴소스 낱개 5,500원 쿠폰할인",조미료,양념/소스,SAUCE_SEASONING,,,굴소스,1
"[노브랜드] 굴소스 1.5L 12,900원",조미료,양념/소스,SAUCE_SEASONING,,,굴소스,1
"[동원] 굴소스, 500ml",조미료,양념/소스,SAUCE_SEASONING,,,굴소스,1
풀무원 굴소스 10개입 택1,조미료,양념/소스,SAUCE_SEASONING,,,굴소스,1
[해태] 굴소스 500ml,조미료,양념/소스,SAUCE_SEASONING,,,굴소스,1
"풀무원 멸치액젓 20입 19,900원",조미료,양념/소스,SAUCE_SEASONING,,,액젓,1
"오뚜기 까나리액젓 200g, 쿠폰할인",조미료,양념/소스,SAUCE_SEASONING,,,액젓,1
매일 까나리액젓 1.5L 행사상품,조미료,양념/소스,SAUCE_SEASONING,,,액젓,1
"[곰곰] 까나리액젓 400g, 택1",조미료,양념/소스,SAUCE_SEASONING,,,액젓,1
"[1+1] 까나리액젓 낱개, 12,900원",조미료,양념/소스,SAUCE_SEASONING,,,액젓,1
"롯데 멸치액젓 20입 5,500원",조미료,양념/소스,SAUCE_SEASONING,,,액젓,1
"[행사] 멸치액젓 3,910원",조미료,양념/소스,SAUCE_SEASONING,,,액젓,1
곰곰 까나리액젓 2kg 온라인전용,조미료,양념/소스,SAUCE_SEASONING,,,액젓,1
[풀무원] 까나리액젓 1봉,조미료,양념/소스,SAUCE_SEASONING,,,액젓,1
"알프레도소스 2kg 9,900원 (100g당 1,955원)",조미료,양념/소스,SAUCE_SEASONING,,,파스타 소스,1
[무료배송] 로제소스,조미료,양념/소스,SAUCE_SEASONING,,,파스타 소스,1
[노브랜드] 토마토 파스타소스 250g,조미료,양념/소스,SAUCE_SEASONING,,,파스타 소스,1
[곰곰] 토마토 파스타소스 400g,조미료,양념/소스,SAUCE_SEASONING,,,파스타 소스,1
"농심 로제소스 2,500원",조미료,양념/소스,SAUCE_SEASONING,,,파스타 소스,1
알프레도소스 10개입,조미료,양념/소스,SAUCE_SEASONING,,,파스타 소스,1
[매일] 알프레도소스 500ml HACCP,조미료,양념/소스,SAUCE_SEASONING,,,파스타 소스,1
노브랜드 진간장 300g,조미료,양념/소스,SAUCE_SEASONING,,,진간장,1
"농심 진간장 500ml 9,900원 (100g당 1,955원)",조미료,양념/소스,SAUCE_SEASONING,,,진간장,1
"곰곰 진간장, 6개입",조미료,양념/소스,SAUCE_SEASONING,,,진간장,1
오뚜기 진간장 2팩,조미료,양념/소스,SAUCE_SEASONING,,,진간장,1
CJ 진간장 2kg 2+1,조미료,양념/소스,SAUCE_SEASONING,,,진간장,1
[행사] 진간장 3입,조미료,양념/소스,SAUCE_SEASONING,,,진간장,1
롯데 진간장 6개입 HACCP,조미료,양념/소스,SAUCE_SEASONING,,,진간장,1
농심 진간장 500g,조미료,양념/소스,SAUCE_SEASONING,,,진간장,1
"초고추장 330ml 29,800원, 행사상품",조미료,양념/소스,SAUCE_SEASONING,,,초고추장,1
피코크 초고추장 500ml,조미료,양념/소스,SAUCE_SEASONING,,,초고추장,1
해태 초고추장 300g,조미료,양념/소스,SAUCE_SEASONING,,,초고추장,1
[프레시지] 초고추장 박스 당일발송,조미료,양념/소스,SAUCE_SEASONING,,,초고추장,1
노브랜드 초고추장 2kg 행사상품,조미료,양념/소스,SAUCE_SEASONING,,,초고추장,1
[피코크] 초고추장,조미료,양념/소스,SAUCE_SEASONING,,,초고추장,1
"깻잎장아찌 1L 5,500원",간편식,반찬류,SIMPLE_PROCESSED,,,장아찌,1
빙그레 마늘장아찌 20입,간편식,반찬류,SIMPLE_PROCESSED,,,장아찌,1
"롯데 조개젓 1봉 19,900원, HACCP",간편식,반찬류,SIMPLE_PROCESSED,,,젓갈,1
[무료배송] 낙지젓 300g,간편식,반찬류,SIMPLE_PROCESSED,,,젓갈,1
곰곰 낙지젓 250g,간편식,반찬류,SIMPLE_PROCESSED,,,젓갈,1
"피코크 낙지젓 150ml, 2,500원",간편식,반찬류,SIMPLE_PROCESSED,,,젓갈,1
오뚜기 백명란 3입 오늘출발,간편식,반찬류,SIMPLE_PROCESSED,,,명란젓,1
"[국내산] 명란젓 1kg 3,910원",간편식,반찬류,SIMPLE_PROCESSED,,,명란젓,1
"[농심] 백명란, 330ml",간편식,반찬류,SIMPLE_PROCESSED,,,명란젓,1
"매일 백명란 20입 1,980원 온라인전용",간편식,반찬류,SIMPLE_PROCESSED,,,명란젓,1
"[무료배송] 백명란 6개입 12,900원",간편식,반찬류,SIMPLE_PROCESSED,,,명란젓,1
매일 깍두기 1.5L,간편식,반찬류,SIMPLE_PROCESSED,,,깍두기,1
오뚜기 깍두기 100g,간편식,반찬류,SIMPLE_PROCESSED,,,깍두기,1
"[1+1] 깍두기 300g, 2,500원",간편식,반찬류,SIMPLE_PROCESSED,,,깍두기,1
프레시지 오이소박이 박스,간편식,반찬류,SIMPLE_PROCESSED,,,오이소박이,1
빙그레 오이소박이 1L,간편식,반찬류,SIMPLE_PROCESSED,,,오이소박이,1
[피코크] 오이소박이 1봉,간편식,반찬류,SIMPLE_PROCESSED,,,오이소박이,1
"풀무원 오이소박이, 100g",간편식,반찬류,SIMPLE_PROCESSED,,,오이소박이,1
"[1+1] 오이소박이 250g 2,500원",간편식,반찬류,SIMPLE_PROCESSED,,,오이소박이,1
"[오뚜기] 오이소박이 2kg 2,500원 새벽배송",간편식,반찬류,SIMPLE_PROCESSED,,,오이소박이,1
"[대용량] 오이소박이 1.5L 29,800원 무료배송",간편식,반찬류,SIMPLE_PROCESSED,,,오이소박이,1
"[프레시지] 오이소박이 1봉 1,980원",간편식,반찬류,SIMPLE_PROCESSED,,,오이소박이,1
CJ 피클 20입 온라인전용,간편식,반찬류,SIMPLE_PROCESSED,,,피클,1
해태 피클 150ml 오늘출발,간편식,반찬류,SIMPLE_PROCESSED,,,피클,1
"빙그레 피클 3입 3,910원",간편식,반찬류,SIMPLE_PROCESSED,,,피클,1
"곰곰 피클 330ml 9,900원 (100g당 1,955원)",간편식,반찬류,SIMPLE_PROCESSED,,,피클,1
"CJ 피클, 250g",간편식,반찬류,SIMPLE_PROCESSED,,,피클,1
"매일 피클, 1kg",간편식,반찬류,SIMPLE_PROCESSED,,,피클,1
"곰곰 피클, 9,900원 (100g당 1,955원)",간편식,반찬류,SIMPLE_PROCESSED,,,피클,1
[국내산] 피클,간편식,반찬류,SIMPLE_PROCESSED,,,피클,1
오뚜기 창난젓 400g,간편식,반찬류,SIMPLE_PROCESSED,,,창난젓,1
[1+1] 창난젓 온라인전용,간편식,반찬류,SIMPLE_PROCESSED,,,창난젓,1
동원 창난젓 300g,간편식,반찬류,SIMPLE_PROCESSED,,,창난젓,1
동원 창난젓 200g,간편식,반찬류,SIMPLE_PROCESSED,,,창난젓,1
[1+1] 창난젓 500g 2+1,간편식,반찬류,SIMPLE_PROCESSED,,,창난젓,1
빙그레 창난젓 2kg,간편식,반찬류,SIMPLE_PROCESSED,,,창난젓,1
창난젓 박스,간편식,반찬류,SIMPLE_PROCESSED,,,창난젓,1
[1+1] 창난젓 400g 최대 195원 적립,간편식,반찬류,SIMPLE_PROCESSED,,,창난젓,1
노브랜드 창난젓 330ml,간편식,반찬류,SIMPLE_PROCESSED,,,창난젓,1
"곰곰 배추겉절이 19,900원",간편식,반찬류,SIMPLE_PROCESSED,,,겉절이,1
해태 배추겉절이 250g,간편식,반찬류,SIMPLE_PROCESSED,,,겉절이,1
"피코크 배추겉절이 10개입 12,900원 온라인전용",간편식,반찬류,SIMPLE_PROCESSED,,,겉절이,1
노브랜드 배추겉절이 150ml,간편식,반찬류,SIMPLE_PROCESSED,,,겉절이,1
"[1+1] 배추겉절이 500g 29,800원",간편식,반찬류,SIMPLE_PROCESSED,,,겉절이,1
"[농심] 소고기장조림 500ml, 온라인전용",간편식,반찬류,SIMPLE_PROCESSED,,,장조림,1
"[1+1] 메추리알장조림 2,500원",간편식,반찬류,SIMPLE_PROCESSED,,,장조림,1
"빙그레 소고기장조림 250g 2,500원",간편식,반찬류,SIMPLE_PROCESSED,,,장조림,1
[1+1] 열무김치 박스,간편식,반찬류,SIMPLE_PROCESSED,,,열무김치,1
"[오뚜기] 열무김치 1L, 9,900원 (100g당 1,955원)",간편식,반찬류,SIMPLE_PROCESSED,,,열무김치,1
곰곰 열무김치,간편식,반찬류,SIMPLE_PROCESSED,,,열무김치,1
[무료배송] 열무김치 택1,간편식,반찬류,SIMPLE_PROCESSED,,,열무김치,1
[피코크] 열무김치 박스,간편식,반찬류,SIMPLE_PROCESSED,,,열무김치,1
"농심 열무김치, 5,500원",간편식,반찬류,SIMPLE_PROCESSED,,,열무김치,1
백김치 낱개,간편식,반찬류,SIMPLE_PROCESSED,,,백김치,1
오뚜기 백김치 500g,간편식,반찬류,SIMPLE_PROCESSED,,,백김치,1
매일 백김치 150ml,간편식,반찬류,SIMPLE_PROCESSED,,,백김치,1
[국내산] 백김치 150ml,간편식,반찬류,SIMPLE_PROCESSED,,,백김치,1
[무료배송] 동치미 1.5L,간편식,반찬류,SIMPLE_PROCESSED,,,동치미,1
[행사] 동치미 500ml,간편식,반찬류,SIMPLE_PROCESSED,,,동치미,1
농심 동치미 1L,간편식,반찬류,SIMPLE_PROCESSED,,,동치미,1
"[국내산] 동치미 250g 19,900원 최대 195원 적립",간편식,반찬류,SIMPLE_PROCESSED,,,동치미,1
"동원 동치미 2팩 29,800원",간편식,반찬류,SIMPLE_PROCESSED,,,동치미,1
"동치미 10개입 9,900원 (100g당 1,955원) HACCP",간편식,반찬류,SIMPLE_PROCESSED,,,동치미,1
[프레시지] 동치미 12개 무료배송,간편식,반찬류,SIMPLE_PROCESSED,,,동치미,1
피코크 동치미 무료배송,간편식,반찬류,SIMPLE_PROCESSED,,,동치미,1
[행사] 파김치 1kg,간편식,반찬류,SIMPLE_PROCESSED,,,파김치,1
오뚜기 파김치 12개,간편식,반찬류,SIMPLE_PROCESSED,,,파김치,1
피코크 파김치 1L 온라인전용,간편식,반찬류,SIMPLE_PROCESSED,,,파김치,1
"오뚜기 단무지 250g, 오늘출발",간편식,반찬류,SIMPLE_PROCESSED,,,단무지,1
[동원] 단무지 박스 당일발송,간편식,반찬류,SIMPLE_PROCESSED,,,단무지,1
[1+1] 여수 갓김치 1L 새벽배송,간편식,반찬류,SIMPLE_PROCESSED,,,갓김치,1
[동원] 여수 갓김치 500g 온라인전용,간편식,반찬류,SIMPLE_PROCESSED,,,갓김치,1
"[행사] 여수 갓김치 3입, 1,980원",간편식,반찬류,SIMPLE_PROCESSED,,,갓김치,1
"[행사] 여수 갓김치 3,910원 최대 195원 적립",간편식,반찬류,SIMPLE_PROCESSED,,,갓김치,1
"[해태] 여수 갓김치 3입 12,900원 쿠폰할인",간편식,반찬류,SIMPLE_PROCESSED,,,갓김치,1
피코크 여수 갓김치 박스,간편식,반찬류,SIMPLE_PROCESSED,,,갓김치,1
"빙그레 여수 갓김치 2,500원",간편식,반찬류,SIMPLE_PROCESSED,,,갓김치,1
대상 여수 갓김치 2팩,간편식,반찬류,SIMPLE_PROCESSED,,,갓김치,1
"CJ 오징어젓 500ml 1,980원, 온라인전용",간편식,반찬류,SIMPLE_PROCESSED,,,오징어젓,1
오징어젓 박스,간편식,반찬류,SIMPLE_PROCESSED,,,오징어젓,1
[대용량] 오징어젓 20입,간편식,반찬류,SIMPLE_PROCESSED,,,오징어젓,1
"[1+1] 오징어젓, 400g",간편식,반찬류,SIMPLE_PROCESSED,,,오징어젓,1
"[프레시지] 오징어젓 1L 3,910원",간편식,반찬류,SIMPLE_PROCESSED,,,오징어젓,1
"대상 오징어젓 1L, 새벽배송",간편식,반찬류,SIMPLE_PROCESSED,,,오징어젓,1
[빙그레] 새우젓 10개입,간편식,반찬류,SIMPLE_PROCESSED,,,새우젓,1
"[피코크] 새우젓 낱개 1,980원, 최대 195원 적립",간편식,반찬류,SIMPLE_PROCESSED,,,새우젓,1
[CJ] 새우젓,간편식,반찬류,SIMPLE_PROCESSED,,,새우젓,1
"[대용량] 새우젓 12개 2,500원",간편식,반찬류,SIMPLE_PROCESSED,,,새우젓,1
[행사] 새우젓 500g,간편식,반찬류,SIMPLE_PROCESSED,,,새우젓,1
"동원 새우젓 1봉 19,900원",간편식,반찬류,SIMPLE_PROCESSED,,,새우젓,1
"빙그레 새우젓 1.5L 3,910원 행사상품",간편식,반찬류,SIMPLE_PROCESSED,,,새우젓,1
[대용량] 새우젓 100g 당일발송,간편식,반찬류,SIMPLE_PROCESSED,,,새우젓,1
롯데 새우젓 낱개,간편식,반찬류,SIMPLE_PROCESSED,,,새우젓,1
"[풀무원] 노르웨이 훈제연어 29,800원, 오늘출발",수산물,어육가공식품,SIMPLE_PROCESSED,,,훈제연어,1
훈제연어 슬라이스 1kg HACCP,수산물,어육가공식품,SIMPLE_PROCESSED,,,훈제연어,1
동원 노르웨이 훈제연어 500ml,수산물,어육가공식품,SIMPLE_PROCESSED,,,훈제연어,1
"노르웨이 훈제연어 2팩 12,900원",수산물,어육가공식품,SIMPLE_PROCESSED,,,훈제연어,1
[행사] 훈제연어 슬라이스 250g 새벽배송,수산물,어육가공식품,SIMPLE_PROCESSED,,,훈제연어,1
"[프레시지] 훈제연어 슬라이스 29,800원",수산물,어육가공식품,SIMPLE_PROCESSED,,,훈제연어,1
"[1+1] 기타 어육가공품 6개입 29,800원 산지직송",수산물,어육가공식품,SIMPLE_PROCESSED,,,기타 어육가공품,1
[매일] 치즈 어묵바 1L,수산물,어육가공식품,SIMPLE_PROCESSED,,,어묵바,1
"프레시지 어묵바, 29,800원",수산물,어육가공식품,SIMPLE_PROCESSED,,,어묵바,1
CJ 어묵바 온라인전용,수산물,어육가공식품,SIMPLE_PROCESSED,,,어묵바,1
곰곰 어묵바 300g,수산물,어육가공식품,SIMPLE_PROCESSED,,,어묵바,1
[오뚜기] 치즈 어묵바 1kg,수산물,어육가공식품,SIMPLE_PROCESSED,,,어묵바,1
[롯데] 치즈 어묵바 500g 새벽배송,수산물,어육가공식품,SIMPLE_PROCESSED,,,어묵바,1
[해태] 진미채 250g,수산물,어육가공식품,SIMPLE_PROCESSED,,,진미채,1
[국내산] 오징어 진미채 12개 행사상품,수산물,어육가공식품,SIMPLE_PROCESSED,,,진미채,1
"[대용량] 오징어 진미채 150ml 12,900원",수산물,어육가공식품,SIMPLE_PROCESSED,,,진미채,1
[피코크] 진미채 200g,수산물,어육가공식품,SIMPLE_PROCESSED,,,진미채,1
"[1+1] 오징어 진미채 330ml, 2+1",수산물,어육가공식품,SIMPLE_PROCESSED,,,진미채,1
농심 오징어 진미채 100g,수산물,어육가공식품,SIMPLE_PROCESSED,,,진미채,1
"CJ 게맛살 1.5L, 1+1",수산물,어육가공식품,SIMPLE_PROCESSED,,,맛살,1
"[1+1] 킹크랩맛살 박스, 1,980원",수산물,어육가공식품,SIMPLE_PROCESSED,,,맛살,1
"[국내산] 크래미 박스 19,900원 온라인전용",수산물,어육가공식품,SIMPLE_PROCESSED,,,맛살,1
해태 게맛살 1L,수산물,어육가공식품,SIMPLE_PROCESSED,,,맛살,1
"빙그레 크래미 1.5L 1,980원",수산물,어육가공식품,SIMPLE_PROCESSED,,,맛살,1
"곰곰 킹크랩맛살, 1.5L",수산물,어육가공식품,SIMPLE_PROCESSED,,,맛살,1
"[해태] 피쉬볼 400g 3,910원 새벽배송",수산물,어육가공식품,SIMPLE_PROCESSED,,,피쉬볼,1
[대상] 어묵볼,수산물,어육가공식품,SIMPLE_PROCESSED,,,피쉬볼,1
"[해태] 피쉬볼 330ml 2,500원",수산물,어육가공식품,SIMPLE_PROCESSED,,,피쉬볼,1
피쉬볼 12개 행사상품,수산물,어육가공식품,SIMPLE_PROCESSED,,,피쉬볼,1
풀무원 피쉬볼,수산물,어육가공식품,SIMPLE_PROCESSED,,,피쉬볼,1
"어묵볼 3입, 산지직송",수산물,어육가공식품,SIMPLE_PROCESSED,,,피쉬볼,1
"[대용량] 부채살, 3입",육류/계란,소고기,RAW_MEAT,,,부채살,1
우설 400g,육류/계란,소고기,RAW_MEAT,,,기타 소고기,1
[CJ] 우설 300g,육류/계란,소고기,RAW_MEAT,,,기타 소고기,1
소 부속 고기 200g,육류/계란,소고기,RAW_MEAT,,,기타 소고기,1
소고기 모듬 세트 1호,육류/계란,소고기,RAW_MEAT,,,기타 소고기,1
우골 소뼈 육수용 10kg,육류/계란,소고기,RAW_MEAT,,,기타 소고기,1
설날 한우 종합 선물 세트 3호,육류/계란,소고기,RAW_MEAT,,,기타 소고기,1
호주산 소고기 안창살 구이용 400g,육류/계란,소고기,RAW_MEAT,,,기타 소고기,1
대상 소다짐육 6개입 행사상품,육류/계란,소고기,RAW_MEAT,,,소 다짐육,1
"[행사] 간소고기 1봉 1,980원, 최대 195원 적립",육류/계란,소고기,RAW_MEAT,,,소 다짐육,1
빙그레 소다짐육 400g 당일발송,육류/계란,소고기,RAW_MEAT,,,소 다짐육,1
"CJ 간소고기, 12,900원",육류/계란,소고기,RAW_MEAT,,,소 다짐육,1
"프레시지 소다짐육 20입, 무료배송",육류/계란,소고기,RAW_MEAT,,,소 다짐육,1
"CJ 소다짐육 1.5L 12,900원",육류/계란,소고기,RAW_MEAT,,,소 다짐육,1
[농심] 소다짐육 3입,육류/계란,소고기,RAW_MEAT,,,소 다짐육,1
[국내산] 소다짐육 1.5L 택1,육류/계란,소고기,RAW_MEAT,,,소 다짐육,1
[무료배송] 꽃갈비 낱개,육류/계란,소고기,RAW_MEAT,,,갈비,1
"동원 소갈비 29,800원",육류/계란,소고기,RAW_MEAT,,,갈비,1
"[농심] 꽃갈비 1.5L 12,900원",육류/계란,소고기,RAW_MEAT,,,갈비,1
"[프레시지] 꽃갈비, 150ml",육류/계란,소고기,RAW_MEAT,,,갈비,1
"오뚜기 홍두깨살 12개, 9,900원 (100g당 1,955원)",육류/계란,소고기,RAW_MEAT,,,홍두깨살,1
"대상 홍두깨살 2kg 12,900원",육류/계란,소고기,RAW_MEAT,,,홍두깨살,1
풀무원 홍두깨살 1봉 온라인전용,육류/계란,소고기,RAW_MEAT,,,홍두깨살,1
[곰곰] 홍두깨살 1L 1+1,육류/계란,소고기,RAW_MEAT,,,홍두깨살,1
홍두깨살 1.5L,육류/계란,소고기,RAW_MEAT,,,홍두깨살,1
"해태 홍두깨살 2kg 19,900원 1+1",육류/계란,소고기,RAW_MEAT,,,홍두깨살,1
"농심 홍두깨살 박스 12,900원, 행사상품",육류/계란,소고기,RAW_MEAT,,,홍두깨살,1
[대용량] 홍두깨살 택1,육류/계란,소고기,RAW_MEAT,,,홍두깨살,1
"[대용량] 홍두깨살, 9,900원 (100g당 1,955원)",육류/계란,소고기,RAW_MEAT,,,홍두깨살,1
"[국내산] 차돌양지 1.5L 1,980원",육류/계란,소고기,RAW_MEAT,,,양지,1
"[행사] 양지, 1+1",육류/계란,소고기,RAW_MEAT,,,양지,1
[풀무원] 국거리 양지 250g,육류/계란,소고기,RAW_MEAT,,,양지,1
"곰곰 양지, 낱개",육류/계란,소고기,RAW_MEAT,,,양지,1
동원 LA갈비 낱개,육류/계란,소고기,RAW_MEAT,,,LA 갈비,1
"[매일] la갈비 500ml 19,900원",육류/계란,소고기,RAW_MEAT,,,LA 갈비,1
[동원] LA갈비,육류/계란,소고기,RAW_MEAT,,,LA 갈비,1
"[무료배송] LA갈비, 1.5L",육류/계란,소고기,RAW_MEAT,,,LA 갈비,1
"[대용량] la갈비 10개입 3,910원",육류/계란,소고기,RAW_MEAT,,,LA 갈비,1
"[빙그레] la갈비, 300g",육류/계란,소고기,RAW_MEAT,,,LA 갈비,1
프레시지 la갈비 10개입,육류/계란,소고기,RAW_MEAT,,,LA 갈비,1
"[곰곰] 차돌박이 330ml 29,800원 1+1",육류/계란,소고기,RAW_MEAT,,,차돌박이,1
피코크 차돌박이 12개,육류/계란,소고기,RAW_MEAT,,,차돌박이,1
"동원 차돌박이, 3입",육류/계란,소고기,RAW_MEAT,,,차돌박이,1
오뚜기 차돌박이 500g,육류/계란,소고기,RAW_MEAT,,,차돌박이,1
차돌박이 무료배송,육류/계란,소고기,RAW_MEAT,,,차돌박이,1
"[매일] 차돌박이 2,500원",육류/계란,소고기,RAW_MEAT,,,차돌박이,1
[행사] 차돌박이 박스 쿠폰할인,육류/계란,소고기,RAW_MEAT,,,차돌박이,1
풀무원 차돌박이 200g,육류/계란,소고기,RAW_MEAT,,,차돌박이,1
"채끝등심 500ml, 5,500원",육류/계란,소고기,RAW_MEAT,,,채끝,1
"[CJ] 채끝 스테이크 1봉 19,900원",육류/계란,소고기,RAW_MEAT,,,채끝,1
빙그레 채끝등심 6개입 무료배송,육류/계란,소고기,RAW_MEAT,,,채끝,1
[CJ] 채끝등심 500g 온라인전용,육류/계란,소고기,RAW_MEAT,,,채끝,1
"[무료배송] 채끝등심 2팩 9,900원 (100g당 1,955원) 최대 195원 적립",육류/계란,소고기,RAW_MEAT,,,채끝,1
프레시지 채끝등심 150ml 산지직송,육류/계란,소고기,RAW_MEAT,,,채끝,1
"[풀무원] 채끝등심 1.5L 19,900원 쿠폰할인",육류/계란,소고기,RAW_MEAT,,,채끝,1
[대용량] 채끝등심 10개입,육류/계란,소고기,RAW_MEAT,,,채끝,1
[노브랜드] 채끝 스테이크 6개입,육류/계란,소고기,RAW_MEAT,,,채끝,1
"매일 척아이롤 300g 12,900원, 택1",육류/계란,소고기,RAW_MEAT,,,척아이롤,1
"빙그레 척롤 500ml 3,910원",육류/계란,소고기,RAW_MEAT,,,척아이롤,1
"롯데 척롤 낱개 12,900원 산지직송",육류/계란,소고기,RAW_MEAT,,,척아이롤,1
[국내산] 척롤,육류/계란,소고기,RAW_MEAT,,,척아이롤,1
"[대상] 척아이롤, 6개입",육류/계란,소고기,RAW_MEAT,,,척아이롤,1
"CJ 척롤 2,500원",육류/계란,소고기,RAW_MEAT,,,척아이롤,1
"대상 척롤 1봉, 최대 195원 적립",육류/계란,소고기,RAW_MEAT,,,척아이롤,1
"[농심] 살치살 박스, 12,900원",육류/계란,소고기,RAW_MEAT,,,살치살,1
해태 살치살 2kg,육류/계란,소고기,RAW_MEAT,,,살치살,1
매일 살치살 400g 온라인전용,육류/계란,소고기,RAW_MEAT,,,살치살,1
"살치살 200g, 온라인전용",육류/계란,소고기,RAW_MEAT,,,살치살,1
"[행사] 살치살 낱개, 새벽배송",육류/계란,소고기,RAW_MEAT,,,살치살,1
"[오뚜기] 살치살 2kg 1,980원, 온라인전용",육류/계란,소고기,RAW_MEAT,,,살치살,1
"프레시지 살치살 1kg 9,900원 (100g당 1,955원)",육류/계란,소고기,RAW_MEAT,,,살치살,1
"[무료배송] 우둔살 2,500원",육류/계란,소고기,RAW_MEAT,,,우둔살,1
"우둔살 1kg 3,910원",육류/계란,소고기,RAW_MEAT,,,우둔살,1
"우둔살 400g 12,900원 온라인전용",육류/계란,소고기,RAW_MEAT,,,우둔살,1
"동원 우둔살 250g, 최대 195원 적립",육류/계란,소고기,RAW_MEAT,,,우둔살,1
"[매일] 우둔살 1.5L 19,900원 쿠폰할인",육류/계란,소고기,RAW_MEAT,,,우둔살,1
우둔살 10개입 1+1,육류/계란,소고기,RAW_MEAT,,,우둔살,1
[대용량] 우둔살 1L 당일발송,육류/계란,소고기,RAW_MEAT,,,우둔살,1
우둔살 500g HACCP,육류/계란,소고기,RAW_MEAT,,,우둔살,1
동원 우둔살 2kg,육류/계란,소고기,RAW_MEAT,,,우둔살,1
"[빙그레] 라면 묶음 1L 2,500원, 택1",간편식,라면,INSTANT,,,라면 묶음,1
"곰곰 라면 묶음 300g 1,980원 2+1",간편식,라면,INSTANT,,,라면 묶음,1
"노브랜드 라면 묶음, 무료배송",간편식,라면,INSTANT,,,라면 묶음,1
[행사] 라면 묶음 200g,간편식,라면,INSTANT,,,라면 묶음,1
대상 라면 묶음 300g 2+1,간편식,라면,INSTANT,,,라면 묶음,1
"[대용량] 라면 묶음 330ml 12,900원",간편식,라면,INSTANT,,,라면 묶음,1
"[해태] 라면 묶음 500ml 5,500원, 당일발송",간편식,라면,INSTANT,,,라면 묶음,1
오뚜기 라면 묶음 500ml 1+1,간편식,라면,INSTANT,,,라면 묶음,1
[대상] 라면 묶음,간편식,라면,INSTANT,,,라면 묶음,1
손질 홍합 500g,수산물,조개/전복,RAW_SEAFOOD,,,홍합,1
"오뚜기 자숙홍합살, 오늘출발",수산물,조개/전복,RAW_SEAFOOD,,,홍합,1
"[빙그레] 손질 홍합 2팩 12,900원",수산물,조개/전복,RAW_SEAFOOD,,,홍합,1
"롯데 손질 홍합 5,500원",수산물,조개/전복,RAW_SEAFOOD,,,홍합,1
[대상] 멍게 400g,수산물,조개/전복,RAW_SEAFOOD,,,멍게,1
"농심 손질 멍게, 무료배송",수산물,조개/전복,RAW_SEAFOOD,,,멍게,1
"빙그레 멍게 150ml, 9,900원 (100g당 1,955원)",수산물,조개/전복,RAW_SEAFOOD,,,멍게,1
풀무원 멍게 당일발송,수산물,조개/전복,RAW_SEAFOOD,,,멍게,1
[롯데] 바지락,수산물,조개/전복,RAW_SEAFOOD,,,바지락,1
"[매일] 해감 바지락, 150ml",수산물,조개/전복,RAW_SEAFOOD,,,바지락,1
"해감 바지락 150ml 3,910원",수산물,조개/전복,RAW_SEAFOOD,,,바지락,1
"[국내산] 해감 모시조개 1kg 3,910원",수산물,조개/전복,RAW_SEAFOOD,,,모시조개,1
"[대용량] 모시조개 500g 5,500원 산지직송",수산물,조개/전복,RAW_SEAFOOD,,,모시조개,1
"[농심] 모시조개 150ml, 1+1",수산물,조개/전복,RAW_SEAFOOD,,,모시조개,1
CJ 해감 모시조개 2팩,수산물,조개/전복,RAW_SEAFOOD,,,모시조개,1
"[곰곰] 해감 모시조개 500g 29,800원",수산물,조개/전복,RAW_SEAFOOD,,,모시조개,1
"[곰곰] 해삼 2kg, 19,900원",수산물,조개/전복,RAW_SEAFOOD,,,해삼,1
"피코크 건해삼 500g 2,500원",수산물,조개/전복,RAW_SEAFOOD,,,해삼,1
"[대용량] 건해삼 1L 5,500원, 오늘출발",수산물,조개/전복,RAW_SEAFOOD,,,해삼,1
"[무료배송] 건해삼 2,500원",수산물,조개/전복,RAW_SEAFOOD,,,해삼,1
"[무료배송] 해삼 12개, HACCP",수산물,조개/전복,RAW_SEAFOOD,,,해삼,1
흑임자죽 200g 온라인전용,간편식,레트로트,RTC_MEAL,,,즉석죽,1
"호박죽 20입 5,500원",간편식,레트로트,RTC_MEAL,,,즉석죽,1
"[농심] 전복죽 1.5L, 오늘출발",간편식,레트로트,RTC_MEAL,,,즉석죽,1
CJ 전복죽 300g,간편식,레트로트,RTC_MEAL,,,즉석죽,1
호박죽,간편식,레트로트,RTC_MEAL,,,즉석죽,1
전복죽 330ml,간편식,레트로트,RTC_MEAL,,,즉석죽,1
"동원 호박죽 1L 1,980원, 최대 195원 적립",간편식,레트로트,RTC_MEAL,,,즉석죽,1
"[행사] 호박죽 1봉, 1,980원",간편식,레트로트,RTC_MEAL,,,즉석죽,1
"[1+1] 기타 레트로트 10개입 3,910원 무료배송",간편식,레트로트,RTC_MEAL,,,기타 레트로트,1
"기타 레트로트 200g, 최대 195원 적립",간편식,레트로트,RTC_MEAL,,,기타 레트로트,1
"[1+1] 기타 레트로트 20입, 2,500원",간편식,레트로트,RTC_MEAL,,,기타 레트로트,1
"[매일] 기타 레트로트, 500g",간편식,레트로트,RTC_MEAL,,,기타 레트로트,1
[프레시지] 기타 레트로트,간편식,레트로트,RTC_MEAL,,,기타 레트로트,1
[농심] 기타 레트로트 1L,간편식,레트로트,RTC_MEAL,,,기타 레트로트,1
"[국내산] 기타 레트로트, 20입",간편식,레트로트,RTC_MEAL,,,기타 레트로트,1
"기타 레트로트 12개 1,980원",간편식,레트로트,RTC_MEAL,,,기타 레트로트,1
"프레시지 김부각 29,800원 1+1",상온식품,김/자반,DRIED_SEAFOOD,,,김부각,1
[매일] 김부각 3입,상온식품,김/자반,DRIED_SEAFOOD,,,김부각,1
"풀무원 김부각 20입 5,500원",상온식품,김/자반,DRIED_SEAFOOD,,,김부각,1
"[국내산] 김부각 300g 2,500원, 최대 195원 적립",상온식품,김/자반,DRIED_SEAFOOD,,,김부각,1
"[국내산] 김부각 2kg, 새벽배송",상온식품,김/자반,DRIED_SEAFOOD,,,김부각,1
"[빙그레] 김부각 300g, 2+1",상온식품,김/자반,DRIED_SEAFOOD,,,김부각,1
[롯데] 김부각 100g,상온식품,김/자반,DRIED_SEAFOOD,,,김부각,1
볶음김자반 10개입,상온식품,김/자반,DRIED_SEAFOOD,,,김자반,1
[국내산] 김자반 무료배송,상온식품,김/자반,DRIED_SEAFOOD,,,김자반,1
[매일] 볶음김자반,상온식품,김/자반,DRIED_SEAFOOD,,,김자반,1
"[동원] 김자반 100g 5,500원",상온식품,김/자반,DRIED_SEAFOOD,,,김자반,1
"곰곰 김자반 1kg 29,800원",상온식품,김/자반,DRIED_SEAFOOD,,,김자반,1
"[롯데] 김자반 1kg, 9,900원 (100g당 1,955원)",상온식품,김/자반,DRIED_SEAFOOD,,,김자반,1
"롯데 김자반 20입 9,900원 (100g당 1,955원)",상온식품,김/자반,DRIED_SEAFOOD,,,김자반,1
"[1+1] 김밥김 250g, 1+1",상온식품,김/자반,DRIED_SEAFOOD,,,김밥김,1
"해태 구운김밥김, 10개입",상온식품,김/자반,DRIED_SEAFOOD,,,김밥김,1
"농심 김밥김, 2팩",상온식품,김/자반,DRIED_SEAFOOD,,,김밥김,1
"오뚜기 김밥김 3입 3,910원 당일발송",상온식품,김/자반,DRIED_SEAFOOD,,,김밥김,1
"[풀무원] 김밥김, 100g",상온식품,김/자반,DRIED_SEAFOOD,,,김밥김,1
"[빙그레] 구운김밥김 1봉, 쿠폰할인",상온식품,김/자반,DRIED_SEAFOOD,,,김밥김,1
"구운김밥김 12개, 3,910원",상온식품,김/자반,DRIED_SEAFOOD,,,김밥김,1
"[행사] 김밥김 400g 1,980원",상온식품,김/자반,DRIED_SEAFOOD,,,김밥김,1
[행사] 김밥김,상온식품,김/자반,DRIED_SEAFOOD,,,김밥김,1
[국내산] 적팥 3입,채소/곡물류,쌀/잡곡,GRAIN,,,팥,1
[오뚜기] 거피팥 12개,채소/곡물류,쌀/잡곡,GRAIN,,,팥,1
"CJ 거피팥, 1kg",채소/곡물류,쌀/잡곡,GRAIN,,,팥,1
"[국내산] 거피팥 19,900원",채소/곡물류,쌀/잡곡,GRAIN,,,팥,1
"[대상] 거피팥, 100g",채소/곡물류,쌀/잡곡,GRAIN,,,팥,1
거피팥 10개입,채소/곡물류,쌀/잡곡,GRAIN,,,팥,1
"[오뚜기] 적팥 박스, 무료배송",채소/곡물류,쌀/잡곡,GRAIN,,,팥,1
[대용량] 귀리 20입 쿠폰할인,채소/곡물류,쌀/잡곡,GRAIN,,,귀리,1
"해태 귀리, 1봉",채소/곡물류,쌀/잡곡,GRAIN,,,귀리,1
"[매일] 귀리 20입 12,900원",채소/곡물류,쌀/잡곡,GRAIN,,,귀리,1
프레시지 귀리 3입 온라인전용,채소/곡물류,쌀/잡곡,GRAIN,,,귀리,1
"귀리 1.5L 19,900원 쿠폰할인",채소/곡물류,쌀/잡곡,GRAIN,,,귀리,1
[CJ] 귀리 300g 택1,채소/곡물류,쌀/잡곡,GRAIN,,,귀리,1
[곰곰] 귀리 500g,채소/곡물류,쌀/잡곡,GRAIN,,,귀리,1
오뚜기 서리태 10개입,채소/곡물류,쌀/잡곡,GRAIN,,,콩,1
매일 약콩 500ml,채소/곡물류,쌀/잡곡,GRAIN,,,콩,1
백태 박스,채소/곡물류,쌀/잡곡,GRAIN,,,콩,1
[노브랜드] 백태 온라인전용,채소/곡물류,쌀/잡곡,GRAIN,,,콩,1
"CJ 서리태 5,500원 온라인전용",채소/곡물류,쌀/잡곡,GRAIN,,,콩,1
"[대용량] 서리태 330ml, 9,900원 (100g당 1,955원)",채소/곡물류,쌀/잡곡,GRAIN,,,콩,1
백태 500ml,채소/곡물류,쌀/잡곡,GRAIN,,,콩,1
[동원] 10곡 400g,채소/곡물류,쌀/잡곡,GRAIN,,,잡곡,1
"[곰곰] 16곡 10개입 1,980원",채소/곡물류,쌀/잡곡,GRAIN,,,잡곡,1
"곰곰 혼합잡곡 500g 2,500원 오늘출발",채소/곡물류,쌀/잡곡,GRAIN,,,잡곡,1
[1+1] 16곡 2kg,채소/곡물류,쌀/잡곡,GRAIN,,,잡곡,1
CJ 혼합잡곡 2팩 최대 195원 적립,채소/곡물류,쌀/잡곡,GRAIN,,,잡곡,1
보리쌀 2kg 온라인전용,채소/곡물류,쌀/잡곡,GRAIN,,,보리쌀,1
CJ 찰보리 3입 온라인전용,채소/곡물류,쌀/잡곡,GRAIN,,,보리쌀,1
풀무원 찰보리 쿠폰할인,채소/곡물류,쌀/잡곡,GRAIN,,,보리쌀,1
[행사] 찰보리 400g,채소/곡물류,쌀/잡곡,GRAIN,,,보리쌀,1
[노브랜드] 찰보리 1kg 2+1,채소/곡물류,쌀/잡곡,GRAIN,,,보리쌀,1
"[1+1] 율무 250g 12,900원 무료배송",채소/곡물류,쌀/잡곡,GRAIN,,,율무,1
노브랜드 율무 1.5L,채소/곡물류,쌀/잡곡,GRAIN,,,율무,1
"율무 330ml, 1,980원",채소/곡물류,쌀/잡곡,GRAIN,,,율무,1
해태 율무 10개입,채소/곡물류,쌀/잡곡,GRAIN,,,율무,1
"[노브랜드] 율무 100g 9,900원 (100g당 1,955원)",채소/곡물류,쌀/잡곡,GRAIN,,,율무,1
율무 200g,채소/곡물류,쌀/잡곡,GRAIN,,,율무,1
[1+1] 율무,채소/곡물류,쌀/잡곡,GRAIN,,,율무,1
피코크 율무 6개입 온라인전용,채소/곡물류,쌀/잡곡,GRAIN,,,율무,1
프레시지 율무 최대 195원 적립,채소/곡물류,쌀/잡곡,GRAIN,,,율무,1
대상 스테비아 2팩 산지직송,조미료,조미료,SAUCE_SEASONING,,,스테비아,1
[1+1] 스테비아 2팩,조미료,조미료,SAUCE_SEASONING,,,스테비아,1
[국내산] 스테비아 500ml,조미료,조미료,SAUCE_SEASONING,,,스테비아,1
[무료배송] 스테비아 1kg 1+1,조미료,조미료,SAUCE_SEASONING,,,스테비아,1
[롯데] 스테비아 1L,조미료,조미료,SAUCE_SEASONING,,,스테비아,1
"피코크 흑설탕 500g 29,800원 쿠폰할인",조미료,조미료,SAUCE_SEASONING,,,흑설탕,1
"[대상] 흑설탕 100g 5,500원",조미료,조미료,SAUCE_SEASONING,,,흑설탕,1
"CJ 흑설탕 12개 29,800원",조미료,조미료,SAUCE_SEASONING,,,흑설탕,1
까나리액젓 300g,조미료,조미료,SAUCE_SEASONING,,,액젓,1
"[1+1] 쇠고기 다시다 330ml, 2,500원",조미료,조미료,SAUCE_SEASONING,,,다시다,1
"[1+1] 멸치 다시다 150ml, 1+1",조미료,조미료,SAUCE_SEASONING,,,다시다,1
쇠고기 다시다 1.5L 1+1,조미료,조미료,SAUCE_SEASONING,,,다시다,1
"곰곰 쇠고기 다시다, 낱개",조미료,조미료,SAUCE_SEASONING,,,다시다,1
"빙그레 쇠고기 다시다 250g 1,980원",조미료,조미료,SAUCE_SEASONING,,,다시다,1
[행사] 미원 1kg,조미료,조미료,SAUCE_SEASONING,,,미원,1
"[피코크] 감치미 2,500원, HACCP",조미료,조미료,SAUCE_SEASONING,,,미원,1
"[동원] 감치미 200g 9,900원 (100g당 1,955원)",조미료,조미료,SAUCE_SEASONING,,,미원,1
"[동원] 미원 1.5L, 5,500원",조미료,조미료,SAUCE_SEASONING,,,미원,1
"곰곰 미원, 300g",조미료,조미료,SAUCE_SEASONING,,,미원,1
"프레시지 미원, 150ml",조미료,조미료,SAUCE_SEASONING,,,미원,1
농심 맛소금 150ml 산지직송,조미료,조미료,SAUCE_SEASONING,,,맛소금,1
"[1+1] 맛소금, 29,800원",조미료,조미료,SAUCE_SEASONING,,,맛소금,1
"맛소금 29,800원",조미료,조미료,SAUCE_SEASONING,,,맛소금,1
풀무원 맛소금 330ml 택1,조미료,조미료,SAUCE_SEASONING,,,맛소금,1
[대상] 맛소금 12개,조미료,조미료,SAUCE_SEASONING,,,맛소금,1
CJ 후리카케 200g,조미료,조미료,SAUCE_SEASONING,,,후리카케,1
"연어 후리카케 300g 9,900원 (100g당 1,955원)",조미료,조미료,SAUCE_SEASONING,,,후리카케,1
[롯데] 김 후리카케 박스 1+1,조미료,조미료,SAUCE_SEASONING,,,후리카케,1
"[대상] 연어 후리카케 1봉 2,500원",조미료,조미료,SAUCE_SEASONING,,,후리카케,1
"대상 후리카케 150ml, 택1",조미료,조미료,SAUCE_SEASONING,,,후리카케,1
"[빙그레] 파프리카 파우더, 20입",조미료,조미료,SAUCE_SEASONING,,,파프리카 파우더,1
"[1+1] 훈제 파프리카가루 2,500원",조미료,조미료,SAUCE_SEASONING,,,파프리카 파우더,1
파프리카 파우더 1봉,조미료,조미료,SAUCE_SEASONING,,,파프리카 파우더,1
"풀무원 파프리카 파우더, 1.5L",조미료,조미료,SAUCE_SEASONING,,,파프리카 파우더,1
"[대용량] 훈제 파프리카가루 2kg 12,900원 행사상품",조미료,조미료,SAUCE_SEASONING,,,파프리카 파우더,1
[대용량] 파프리카 파우더 낱개,조미료,조미료,SAUCE_SEASONING,,,파프리카 파우더,1
[곰곰] 파르마 생햄 12개,육류/계란,가공육(햄/소시지),PROCESSED_MEAT,,,생햄,1
[무료배송] 하몽 20입,육류/계란,가공육(햄/소시지),PROCESSED_MEAT,,,생햄,1
"오뚜기 프로슈토 1L, 2,500원",육류/계란,가공육(햄/소시지),PROCESSED_MEAT,,,생햄,1
동원 소고기 패티,육류/계란,가공육(햄/소시지),PROCESSED_MEAT,,,패티,1
[동원] 햄버거 패티 20입 택1,육류/계란,가공육(햄/소시지),PROCESSED_MEAT,,,패티,1
"매일 소고기 패티 2,500원",육류/계란,가공육(햄/소시지),PROCESSED_MEAT,,,패티,1
"농심 살라미 20입 5,500원 무료배송",육류/계란,가공육(햄/소시지),PROCESSED_MEAT,,,살라미,1
"[동원] 페퍼로니, 400g",육류/계란,가공육(햄/소시지),PROCESSED_MEAT,,,살라미,1
롯데 살라미 낱개,육류/계란,가공육(햄/소시지),PROCESSED_MEAT,,,살라미,1
CJ 비엔나소시지,육류/계란,가공육(햄/소시지),PROCESSED_MEAT,,,비엔나 소세지,1
동원 미니 비엔나 200g 2+1,육류/계란,가공육(햄/소시지),PROCESSED_MEAT,,,비엔나 소세지,1
"미니 비엔나 200g 2,500원 행사상품",육류/계란,가공육(햄/소시지),PROCESSED_MEAT,,,비엔나 소세지,1
[매일] 핫바 300g,육류/계란,가공육(햄/소시지),PROCESSED_MEAT,,,핫바,1
노브랜드 치즈 핫바 1봉 행사상품,육류/계란,가공육(햄/소시지),PROCESSED_MEAT,,,핫바,1
"[대용량] 핫바 150ml 19,900원",육류/계란,가공육(햄/소시지),PROCESSED_MEAT,,,핫바,1
"핫바 3입, 19,900원",육류/계란,가공육(햄/소시지),PROCESSED_MEAT,,,핫바,1
"[프레시지] 귤 1,980원",과일/견과류,과일,RAW_FRUIT,,,귤,1
피코크 귤 2팩 2+1,과일/견과류,과일,RAW_FRUIT,,,귤,1
"곰곰 귤 300g 9,900원 (100g당 1,955원) 2+1",과일/견과류,과일,RAW_FRUIT,,,귤,1
"롯데 귤 500g 1,980원",과일/견과류,과일,RAW_FRUIT,,,귤,1
"[대용량] 파파야 1.5L, 2+1",과일/견과류,과일,RAW_FRUIT,,,파파야,1
"롯데 파파야 1.5L 29,800원",과일/견과류,과일,RAW_FRUIT,,,파파야,1
"[프레시지] 파파야 1.5L 1,980원, 무료배송",과일/견과류,과일,RAW_FRUIT,,,파파야,1
오뚜기 파파야 당일발송,과일/견과류,과일,RAW_FRUIT,,,파파야,1
해태 파파야,과일/견과류,과일,RAW_FRUIT,,,파파야,1
[곰곰] 파파야 박스,과일/견과류,과일,RAW_FRUIT,,,파파야,1
[해태] 파파야 12개,과일/견과류,과일,RAW_FRUIT,,,파파야,1
CJ 파파야 낱개,과일/견과류,과일,RAW_FRUIT,,,파파야,1
"[무료배송] 아보카도 10개입 2,500원",과일/견과류,과일,RAW_FRUIT,,,아보카도,1
아보카도 박스,과일/견과류,과일,RAW_FRUIT,,,아보카도,1
매일 아보카도 10개입,과일/견과류,과일,RAW_FRUIT,,,아보카도,1
[행사] 아보카도 300g 택1,과일/견과류,과일,RAW_FRUIT,,,아보카도,1
[곰곰] 아보카도 당일발송,과일/견과류,과일,RAW_FRUIT,,,아보카도,1
"[피코크] 아보카도 300g, 29,800원",과일/견과류,과일,RAW_FRUIT,,,아보카도,1
곰곰 키위 2팩 택1,과일/견과류,과일,RAW_FRUIT,,,키위,1
"[곰곰] 키위 3입 3,910원",과일/견과류,과일,RAW_FRUIT,,,키위,1
"키위 낱개 3,910원",과일/견과류,과일,RAW_FRUIT,,,키위,1
"[오뚜기] 기타 과일 10개입 29,800원, 택1",과일/견과류,과일,RAW_FRUIT,,,기타 과일,1
노브랜드 기타 과일 500g 오늘출발,과일/견과류,과일,RAW_FRUIT,,,기타 과일,1
"CJ 기타 과일, 500ml",과일/견과류,과일,RAW_FRUIT,,,기타 과일,1
"[대상] 기타 과일, 300g",과일/견과류,과일,RAW_FRUIT,,,기타 과일,1
망고 6개입,과일/견과류,과일,RAW_FRUIT,,,망고,1
"롯데 망고 2팩 5,500원 HACCP",과일/견과류,과일,RAW_FRUIT,,,망고,1
"[국내산] 망고 330ml 5,500원",과일/견과류,과일,RAW_FRUIT,,,망고,1
"[행사] 망고 500ml, 쿠폰할인",과일/견과류,과일,RAW_FRUIT,,,망고,1
"[풀무원] 망고 200g, 2,500원",과일/견과류,과일,RAW_FRUIT,,,망고,1
[1+1] 망고,과일/견과류,과일,RAW_FRUIT,,,망고,1
롯데 샤인머스켓 500ml 오늘출발,과일/견과류,과일,RAW_FRUIT,,,샤인머스켓,1
해태 샤인머스켓 20입 HACCP,과일/견과류,과일,RAW_FRUIT,,,샤인머스켓,1
"대상 샤인머스켓, 250g",과일/견과류,과일,RAW_FRUIT,,,샤인머스켓,1
"[풀무원] 샤인머스켓, 낱개",과일/견과류,과일,RAW_FRUIT,,,샤인머스켓,1
[매일] 샤인머스켓 20입 새벽배송,과일/견과류,과일,RAW_FRUIT,,,샤인머스켓,1
[곰곰] 샤인머스켓 330ml HACCP,과일/견과류,과일,RAW_FRUIT,,,샤인머스켓,1
[프레시지] 포도,과일/견과류,과일,RAW_FRUIT,,,포도,1
"[오뚜기] 포도 2kg 1,980원 HACCP",과일/견과류,과일,RAW_FRUIT,,,포도,1
"포도 2팩, 3,910원",과일/견과류,과일,RAW_FRUIT,,,포도,1
[행사] 포도 낱개,과일/견과류,과일,RAW_FRUIT,,,포도,1
"대상 포도 19,900원 최대 195원 적립",과일/견과류,과일,RAW_FRUIT,,,포도,1
수박 250g,과일/견과류,과일,RAW_FRUIT,,,수박,1
[대용량] 수박 200g,과일/견과류,과일,RAW_FRUIT,,,수박,1
"수박 3입 3,910원 1+1",과일/견과류,과일,RAW_FRUIT,,,수박,1
[롯데] 수박 3입 온라인전용,과일/견과류,과일,RAW_FRUIT,,,수박,1
[무료배송] 수박 박스,과일/견과류,과일,RAW_FRUIT,,,수박,1
[행사] 배 1L 산지직송,과일/견과류,과일,RAW_FRUIT,,,배,1
[노브랜드] 배 6개입,과일/견과류,과일,RAW_FRUIT,,,배,1
피코크 배 1.5L,과일/견과류,과일,RAW_FRUIT,,,배,1
"[곰곰] 오렌지 12개 2,500원 온라인전용",과일/견과류,과일,RAW_FRUIT,,,오렌지,1
농심 오렌지 330ml 행사상품,과일/견과류,과일,RAW_FRUIT,,,오렌지,1
"롯데 오렌지 29,800원",과일/견과류,과일,RAW_FRUIT,,,오렌지,1
[무료배송] 오렌지 1.5L HACCP,과일/견과류,과일,RAW_FRUIT,,,오렌지,1
[롯데] 오렌지 400g,과일/견과류,과일,RAW_FRUIT,,,오렌지,1
[롯데] 오렌지 150ml 당일발송,과일/견과류,과일,RAW_FRUIT,,,오렌지,1
"대상 레몬 3입 3,910원, 1+1",과일/견과류,과일,RAW_FRUIT,,,레몬,1
"레몬 20입, 최대 195원 적립",과일/견과류,과일,RAW_FRUIT,,,레몬,1
"레몬 500ml, 2,500원",과일/견과류,과일,RAW_FRUIT,,,레몬,1
곰곰 레몬,과일/견과류,과일,RAW_FRUIT,,,레몬,1
롯데 레몬 박스,과일/견과류,과일,RAW_FRUIT,,,레몬,1
[프레시지] 레몬 400g 쿠폰할인,과일/견과류,과일,RAW_FRUIT,,,레몬,1
[국내산] 레몬 330ml,과일/견과류,과일,RAW_FRUIT,,,레몬,1
[무료배송] 레몬 낱개,과일/견과류,과일,RAW_FRUIT,,,레몬,1
오뚜기 레몬 330ml,과일/견과류,과일,RAW_FRUIT,,,레몬,1
[빙그레] 사과 1L,과일/견과류,과일,RAW_FRUIT,,,사과,1
"해태 사과 330ml 1,980원",과일/견과류,과일,RAW_FRUIT,,,사과,1
[프레시지] 사과 박스,과일/견과류,과일,RAW_FRUIT,,,사과,1
"농심 사과 1kg 1,980원",과일/견과류,과일,RAW_FRUIT,,,사과,1
"[노브랜드] 대추 1L 5,500원",과일/견과류,과일,RAW_FRUIT,,,대추,1
대추 400g 2+1,과일/견과류,과일,RAW_FRUIT,,,대추,1
"대추 12,900원 택1",과일/견과류,과일,RAW_FRUIT,,,대추,1
[해태] 대추 250g 최대 195원 적립,과일/견과류,과일,RAW_FRUIT,,,대추,1
[곰곰] 후무스 6개입,상온식품,잼/스프레드,SAUCE_SEASONING,,,후무스,1
[오뚜기] 클래식 후무스 200g,상온식품,잼/스프레드,SAUCE_SEASONING,,,후무스,1
"CJ 클래식 후무스 500ml 5,500원, 택1",상온식품,잼/스프레드,SAUCE_SEASONING,,,후무스,1
"[행사] 선드라이토마토 페스토, 2+1",상온식품,잼/스프레드,SAUCE_SEASONING,,,페스토,1
곰곰 바질페스토,상온식품,잼/스프레드,SAUCE_SEASONING,,,페스토,1
[풀무원] 선드라이토마토 페스토,상온식품,잼/스프레드,SAUCE_SEASONING,,,페스토,1
블루베리잼 12개,상온식품,잼/스프레드,SAUCE_SEASONING,,,블루베리잼,1
"[풀무원] 블루베리잼, 19,900원",상온식품,잼/스프레드,SAUCE_SEASONING,,,블루베리잼,1
"[곰곰] 블루베리잼 10개입 3,910원",상온식품,잼/스프레드,SAUCE_SEASONING,,,블루베리잼,1
"대상 사과잼 200g, 2,500원",상온식품,잼/스프레드,SAUCE_SEASONING,,,사과잼,1
"[매일] 사과잼, 100g",상온식품,잼/스프레드,SAUCE_SEASONING,,,사과잼,1
"사과잼 3,910원 온라인전용",상온식품,잼/스프레드,SAUCE_SEASONING,,,사과잼,1
"[무료배송] 스무스 땅콩버터 12개 1,980원",상온식품,잼/스프레드,SAUCE_SEASONING,,,땅콩버터,1
"피코크 크런치 땅콩버터 6개입 29,800원",상온식품,잼/스프레드,SAUCE_SEASONING,,,땅콩버터,1
"[무료배송] 스무스 땅콩버터 3입, 당일발송",상온식품,잼/스프레드,SAUCE_SEASONING,,,땅콩버터,1
해바라기씨 6개입,과일/견과류,견과류,RAW_FRUIT,,,해바라기씨,1
대상 은갈치 2팩 새벽배송,수산물,생선,RAW_SEAFOOD,,,갈치,1
"[국내산] 먹갈치 3입, 12,900원",수산물,생선,RAW_SEAFOOD,,,갈치,1
노브랜드 회 묶음 1kg 1+1,수산물,생선,RAW_SEAFOOD,,,회 묶음,1
"손질 고등어 300g 5,500원 오늘출발",수산물,생선,RAW_SEAFOOD,,,고등어,1
[CJ] 순살 고등어 2kg,수산물,생선,RAW_SEAFOOD,,,고등어,1
"[피코크] 노르웨이 연어 1L, 산지직송",수산물,생선,RAW_SEAFOOD,,,연어,1
"연어 스테이크 330ml 19,900원 온라인전용",수산물,생선,RAW_SEAFOOD,,,연어,1
홍어회 12개,수산물,생선,RAW_SEAFOOD,,,홍어 회,1
[대용량] 삭힌홍어,수산물,생선,RAW_SEAFOOD,,,홍어 회,1
반건조 민어,수산물,생선,RAW_SEAFOOD,,,반건조 민어,1
"[1+1] 반건조 민어 1L 2,500원 쿠폰할인",수산물,생선,RAW_SEAFOOD,,,반건조 민어,1
[동원] 연어회,수산물,생선,RAW_SEAFOOD,,,연어 회,1
[대용량] 생연어 횟감 6개입 최대 195원 적립,수산물,생선,RAW_SEAFOOD,,,연어 회,1
"[국내산] 민어회감, 1,980원",수산물,생선,RAW_SEAFOOD,,,민어,1
"대상 민어, 200g",수산물,생선,RAW_SEAFOOD,,,민어,1
민어 산지직송,수산물,생선,RAW_SEAFOOD,,,민어,1
기타 닭고기 400g,육류/계란,닭고기,RAW_MEAT,,,기타 닭고기,1
기타 닭고기 330ml,육류/계란,닭고기,RAW_MEAT,,,기타 닭고기,1
"[국내산] 닭날개 6개입 12,900원",육류/계란,닭고기,RAW_MEAT,,,닭날개,1
[피코크] 생닭 1kg,육류/계란,닭고기,RAW_MEAT,,,생닭,1
닭안심 2팩 택1,육류/계란,닭고기,RAW_MEAT,,,닭 안심,1
"[국내산] 반숙란 낱개 1,980원",육류/계란,계란,RAW_MEAT,,,반숙란,1
대상 온천란,육류/계란,계란,RAW_MEAT,,,반숙란,1
"메추리알 250g 9,900원 (100g당 1,955원)",육류/계란,계란,RAW_MEAT,,,메추리알,1
[대용량] 조림용 메추리알 12개 쿠폰할인,육류/계란,계란,RAW_MEAT,,,메추리알,1
[무료배송] 구운란,육류/계란,계란,RAW_MEAT,,,구운란,1
"[무료배송] 호주산 양갈비 500g 2,500원 최대 195원 적립",육류/계란,양고기,RAW_MEAT,,,양갈비,1
[노브랜드] 뉴질랜드 양갈비,육류/계란,양고기,RAW_MEAT,,,양갈비,1
"곰곰 양 프렌치랙, 2팩",육류/계란,양고기,RAW_MEAT,,,프렌치랙,1
"[행사] 프렌치랙 2kg, 1+1",육류/계란,양고기,RAW_MEAT,,,프렌치랙,1
"[대용량] 향신료 양꼬치 3입 1,980원",육류/계란,양고기,RAW_MEAT,,,양꼬치,1
"빙그레 오리 주물럭 1봉, 2,500원",육류/계란,오리고기,RAW_MEAT,,,생 오리고기,1
"[무료배송] 통오리 400g 3,910원 쿠폰할인",육류/계란,오리고기,RAW_MEAT,,,생 오리고기,1
"오리 가슴살 스테이크 12,900원",육류/계란,오리고기,RAW_MEAT,,,오리 가슴살,1
[국내산] 오리안심 10개입,육류/계란,오리고기,RAW_MEAT,,,오리 가슴살,1
동원 훈제오리 슬라이스 150ml,육류/계란,오리고기,RAW_MEAT,,,훈제오리,1
[무료배송] 스파클링 와인 (40도 750mL),술,와인,ALCOHOL,,,스파클링 와인,1
[전통주] 스파클링 와인 (40도 20병),술,와인,ALCOHOL,,,스파클링 와인,1
[국산] 스파클링 와인 (35도 20병),술,와인,ALCOHOL,,,스파클링 와인,1
[1+1] 스파클링 와인 (21도 병),술,와인,ALCOHOL,,,스파클링 와인,1
[무료배송] 스파클링 와인 (6도 병),술,와인,ALCOHOL,,,스파클링 와인,1
[국산] 스파클링 와인 병,술,와인,ALCOHOL,,,스파클링 와인,1
[전통주] 스파클링 와인 (21도 200mL),술,와인,ALCOHOL,,,스파클링 와인,1
[1+1] 스파클링 와인 (17도 병),술,와인,ALCOHOL,,,스파클링 와인,1
[무료배송] 스파클링 와인 병,술,와인,ALCOHOL,,,스파클링 와인,1
[무료배송] 스파클링 와인 (13도 1.8L),술,와인,ALCOHOL,,,스파클링 와인,1
스파클링 와인 700mL,술,와인,ALCOHOL,,,스파클링 와인,1
레드 와인 병,술,와인,ALCOHOL,,,레드 와인,1
[1+1] 레드 와인 20병,술,와인,ALCOHOL,,,레드 와인,1
레드 와인 (21도 500mL),술,와인,ALCOHOL,,,레드 와인,1
[국산] 레드 와인 (25도 700mL),술,와인,ALCOHOL,,,레드 와인,1
[전통주] 레드 와인 (6도 200mL),술,와인,ALCOHOL,,,레드 와인,1
[선물세트] 레드 와인 (40도 360mL),술,와인,ALCOHOL,,,레드 와인,1
[선물세트] 레드 와인 (13도 500mL),술,와인,ALCOHOL,,,레드 와인,1
레드 와인 (6도 330mL),술,와인,ALCOHOL,,,레드 와인,1
레드 와인 20병,술,와인,ALCOHOL,,,레드 와인,1
[1+1] 레드 와인 (35도 640mL),술,와인,ALCOHOL,,,레드 와인,1
[선물세트] 화이트 와인 (25도 330mL),술,와인,ALCOHOL,,,화이트 와인,1
[무료배송] 화이트 와인 병,술,와인,ALCOHOL,,,화이트 와인,1
화이트 와인 (40도 640mL),술,와인,ALCOHOL,,,화이트 와인,1
화이트 와인 (6도 1.8L),술,와인,ALCOHOL,,,화이트 와인,1
[전통주] 화이트 와인 (16.9도 700mL),술,와인,ALCOHOL,,,화이트 와인,1
[무료배송] 화이트 와인 (40도 병),술,와인,ALCOHOL,,,화이트 와인,1
화이트 와인,술,와인,ALCOHOL,,,화이트 와인,1
[무료배송] 화이트 와인 (16.9도 20병),술,와인,ALCOHOL,,,화이트 와인,1
화이트 와인 (35도 1박스),술,와인,ALCOHOL,,,화이트 와인,1
[선물세트] 화이트 와인 (19도 375mL),술,와인,ALCOHOL,,,화이트 와인,1
[국산] 에일 700mL,술,맥주,ALCOHOL,,,에일,1
에일 (21도 200mL),술,맥주,ALCOHOL,,,에일,1
[행사] 에일 (25도 6병),술,맥주,ALCOHOL,,,에일,1
에일,술,맥주,ALCOHOL,,,에일,1
[무료배송] 에일 (6도 640mL),술,맥주,ALCOHOL,,,에일,1
[1+1] 에일 (19도 750mL),술,맥주,ALCOHOL,,,에일,1
[무료배송] 에일 330mL,술,맥주,ALCOHOL,,,에일,1
에일 (17도 330mL),술,맥주,ALCOHOL,,,에일,1
[행사] 에일 (13도 640mL),술,맥주,ALCOHOL,,,에일,1
[전통주] 에일 1박스,술,맥주,ALCOHOL,,,에일,1
[선물세트] 에일 (25도 360mL),술,맥주,ALCOHOL,,,에일,1
[행사] 에일 (13도 20병),술,맥주,ALCOHOL,,,에일,1
[국산] 에일,술,맥주,ALCOHOL,,,에일,1
[전통주] 에일,술,맥주,ALCOHOL,,,에일,1
에일 640mL,술,맥주,ALCOHOL,,,에일,1
에일 (6도 640mL),술,맥주,ALCOHOL,,,에일,1
[무료배송] 맥주 (16.9도 640mL),술,맥주,ALCOHOL,,,맥주,1
[무료배송] 맥주 (45도 20병),술,맥주,ALCOHOL,,,맥주,1
맥주 (19도 500mL),술,맥주,ALCOHOL,,,맥주,1
[행사] 맥주 (45도 6병),술,맥주,ALCOHOL,,,맥주,1
[선물세트] 맥주 6병,술,맥주,ALCOHOL,,,맥주,1
[행사] 맥주 (17도 20병),술,맥주,ALCOHOL,,,맥주,1
[국산] 맥주 (35도 병),술,맥주,ALCOHOL,,,맥주,1
맥주 1.8L,술,맥주,ALCOHOL,,,맥주,1
[국산] 맥주 (6도 500mL),술,맥주,ALCOHOL,,,맥주,1
맥주 (35도 병),술,맥주,ALCOHOL,,,맥주,1
[1+1] 맥주 330mL,술,맥주,ALCOHOL,,,맥주,1
맥주 (45도 병),술,맥주,ALCOHOL,,,맥주,1
[무료배송] 맥주 (25도 병),술,맥주,ALCOHOL,,,맥주,1
맥주 (19도 1박스),술,맥주,ALCOHOL,,,맥주,1
[무료배송] 맥주 (35도 병),술,맥주,ALCOHOL,,,맥주,1
[국산] 기타 전통주 (16.9도 330mL),술,전통주,ALCOHOL,,,기타 전통주,1
[선물세트] 기타 전통주 병,술,전통주,ALCOHOL,,,기타 전통주,1
[선물세트] 기타 전통주 (21도 병),술,전통주,ALCOHOL,,,기타 전통주,1
[선물세트] 기타 전통주 (19도 병),술,전통주,ALCOHOL,,,기타 전통주,1
기타 전통주 (17도 1.8L),술,전통주,ALCOHOL,,,기타 전통주,1
[선물세트] 기타 전통주 (16.9도 500mL),술,전통주,ALCOHOL,,,기타 전통주,1
[선물세트] 기타 전통주 (25도 20병),술,전통주,ALCOHOL,,,기타 전통주,1
[전통주] 기타 전통주 (45도 640mL),술,전통주,ALCOHOL,,,기타 전통주,1
[행사] 기타 전통주 (19도 640mL),술,전통주,ALCOHOL,,,기타 전통주,1
[무료배송] 기타 전통주,술,전통주,ALCOHOL,,,기타 전통주,1
[선물세트] 기타 전통주 (19도 200mL),술,전통주,ALCOHOL,,,기타 전통주,1
청주,술,전통주,ALCOHOL,,,청주,1
청주,술,전통주,ALCOHOL,,,청주,1
청주 (35도 375mL),술,전통주,ALCOHOL,,,청주,1
[선물세트] 청주 (13도 200mL),술,전통주,ALCOHOL,,,청주,1
[무료배송] 청주 (16.9도 500mL),술,전통주,ALCOHOL,,,청주,1
청주 (19도 병),술,전통주,ALCOHOL,,,청주,1
[전통주] 청주,술,전통주,ALCOHOL,,,청주,1
[국산] 막걸리,술,전통주,ALCOHOL,,,막걸리,1
[선물세트] 막걸리 병,술,전통주,ALCOHOL,,,막걸리,1
[1+1] 막걸리 (40도 640mL),술,전통주,ALCOHOL,,,막걸리,1
[전통주] 막걸리 (21도 병),술,전통주,ALCOHOL,,,막걸리,1
[무료배송] 막걸리 (45도 360mL),술,전통주,ALCOHOL,,,막걸리,1
[국산] 막걸리 (17도 병),술,전통주,ALCOHOL,,,막걸리,1
막걸리,술,전통주,ALCOHOL,,,막걸리,1
[전통주] 약주 (21도 330mL),술,전통주,ALCOHOL,,,약주,1
약주 (21도 500mL),술,전통주,ALCOHOL,,,약주,1
[행사] 약주 (12도 200mL),술,전통주,ALCOHOL,,,약주,1
[무료배송] 약주 (13도 6병),술,전통주,ALCOHOL,,,약주,1
[행사] 약주 (45도 20병),술,전통주,ALCOHOL,,,약주,1
[선물세트] 약주 (6도 500mL),술,전통주,ALCOHOL,,,약주,1
소주 640mL,술,소주,ALCOHOL,,,소주,1
소주 360mL,술,소주,ALCOHOL,,,소주,1
소주 (25도 375mL),술,소주,ALCOHOL,,,소주,1
[국산] 소주 (45도 375mL),술,소주,ALCOHOL,,,소주,1
소주 (17도 375mL),술,소주,ALCOHOL,,,소주,1
[전통주] 소주 6병,술,소주,ALCOHOL,,,소주,1
소주 (12도 640mL),술,소주,ALCOHOL,,,소주,1
[1+1] 소주 (35도 1.8L),술,소주,ALCOHOL,,,소주,1
소주,술,소주,ALCOHOL,,,소주,1
[무료배송] 소주 (45도 200mL),술,소주,ALCOHOL,,,소주,1
[선물세트] 소주,술,소주,ALCOHOL,,,소주,1
[1+1] 소주 (13도 500mL),술,소주,ALCOHOL,,,소주,1
[1+1] 소주 (40도 750mL),술,소주,ALCOHOL,,,소주,1
[선물세트] 소주 20병,술,소주,ALCOHOL,,,소주,1
[행사] 소주 (45도 1.8L),술,소주,ALCOHOL,,,소주,1
[선물세트] 소주 (40도 6병),술,소주,ALCOHOL,,,소주,1
[전통주] 소주 (25도 200mL),술,소주,ALCOHOL,,,소주,1
[1+1] 소주,술,소주,ALCOHOL,,,소주,1
[무료배송] 소주 (45도 20병),술,소주,ALCOHOL,,,소주,1
소주,술,소주,ALCOHOL,,,소주,1
[1+1] 소주 (25도 20병),술,소주,ALCOHOL,,,소주,1
소주 (21도 병),술,소주,ALCOHOL,,,소주,1
[국산] 소주 (35도 700mL),술,소주,ALCOHOL,,,소주,1
[국산] 소주 (45도 375mL),술,소주,ALCOHOL,,,소주,1
[선물세트] 소주 (17도 20병),술,소주,ALCOHOL,,,소주,1
소주 (25도 700mL),술,소주,ALCOHOL,,,소주,1
[행사] 소주 (6도 1.8L),술,소주,ALCOHOL,,,소주,1
[1+1] 소주 6병,술,소주,ALCOHOL,,,소주,1
[전통주] 소주 1박스,술,소주,ALCOHOL,,,소주,1
[1+1] 소주 750mL,술,소주,ALCOHOL,,,소주,1
소주 (35도 360mL),술,소주,ALCOHOL,,,소주,1
[풀무원] 먹태채 250g,수산물,멸치/건어물,DRIED_SEAFOOD,,,먹태,1
"먹태 1.5L, 5,500원",수산물,멸치/건어물,DRIED_SEAFOOD,,,먹태,1
동원 먹태채 낱개,수산물,멸치/건어물,DRIED_SEAFOOD,,,먹태,1
"[빙그레] 먹태 100g 19,900원",수산물,멸치/건어물,DRIED_SEAFOOD,,,먹태,1
[1+1] 먹태채 150ml,수산물,멸치/건어물,DRIED_SEAFOOD,,,먹태,1
[대상] 마른오징어 6개입,수산물,멸치/건어물,DRIED_SEAFOOD,,,건오징어,1
"[행사] 피데기 10개입, HACCP",수산물,멸치/건어물,DRIED_SEAFOOD,,,건오징어,1
"[대용량] 마른오징어 330ml 5,500원 최대 195원 적립",수산물,멸치/건어물,DRIED_SEAFOOD,,,건오징어,1
[국내산] 피데기 1봉,수산물,멸치/건어물,DRIED_SEAFOOD,,,건오징어,1
[무료배송] 구룡포 과메기 1봉,수산물,멸치/건어물,DRIED_SEAFOOD,,,과메기,1
"구룡포 과메기 330ml 5,500원",수산물,멸치/건어물,DRIED_SEAFOOD,,,과메기,1
"[1+1] 구룡포 과메기 1kg 3,910원 행사상품",수산물,멸치/건어물,DRIED_SEAFOOD,,,과메기,1
[국내산] 구룡포 과메기 300g,수산물,멸치/건어물,DRIED_SEAFOOD,,,과메기,1
"오뚜기 통황태 3입 2,500원 새벽배송",수산물,멸치/건어물,DRIED_SEAFOOD,,,황태,1
[행사] 건다시마 150ml,수산물,미역/다시마,DRIED_SEAFOOD,,,다시마,1
[무료배송] 국물용 다시마 1L,수산물,미역/다시마,DRIED_SEAFOOD,,,다시마,1
[무료배송] 다시마 채 1.5L,수산물,미역/다시마,DRIED_SEAFOOD,,,다시마,1
[1+1] 다시마 채 1봉,수산물,미역/다시마,DRIED_SEAFOOD,,,다시마,1
농심 국물용 다시마 400g,수산물,미역/다시마,DRIED_SEAFOOD,,,다시마,1
"노브랜드 다시마 채 낱개, 1,980원",수산물,미역/다시마,DRIED_SEAFOOD,,,다시마,1
롯데 건다시마 3입 HACCP,수산물,미역/다시마,DRIED_SEAFOOD,,,다시마,1
"[대상] 건다시마 2kg 29,800원",수산물,미역/다시마,DRIED_SEAFOOD,,,다시마,1
[무료배송] 건다시마 10개입 당일발송,수산물,미역/다시마,DRIED_SEAFOOD,,,다시마,1
"[동원] 국물용 다시마, 29,800원",수산물,미역/다시마,DRIED_SEAFOOD,,,다시마,1
"매생이 200g, 2,500원",수산물,미역/다시마,DRIED_SEAFOOD,,,매생이,1
"[행사] 매생이 떡국용 19,900원",수산물,미역/다시마,DRIED_SEAFOOD,,,매생이,1
"[매일] 매생이 1kg 5,500원",수산물,미역/다시마,DRIED_SEAFOOD,,,매생이,1
"[1+1] 매생이, 12,900원",수산물,미역/다시마,DRIED_SEAFOOD,,,매생이,1
[행사] 매생이 1kg,수산물,미역/다시마,DRIED_SEAFOOD,,,매생이,1
[대용량] 매생이 400g,수산물,미역/다시마,DRIED_SEAFOOD,,,매생이,1
롯데 매생이 150ml,수산물,미역/다시마,DRIED_SEAFOOD,,,매생이,1
"[동원] 매생이 500g 9,900원 (100g당 1,955원)",수산물,미역/다시마,DRIED_SEAFOOD,,,매생이,1
매생이 1L,수산물,미역/다시마,DRIED_SEAFOOD,,,매생이,1
오뚜기 매생이 떡국용 250g 쿠폰할인,수산물,미역/다시마,DRIED_SEAFOOD,,,매생이,1
[매일] 건톳 300g,수산물,미역/다시마,DRIED_SEAFOOD,,,톳,1
[대용량] 생톳 400g,수산물,미역/다시마,DRIED_SEAFOOD,,,톳,1
"노브랜드 건톳 1kg, HACCP",수산물,미역/다시마,DRIED_SEAFOOD,,,톳,1
"건톳 200g 1,980원",수산물,미역/다시마,DRIED_SEAFOOD,,,톳,1
생톳 1.5L,수산물,미역/다시마,DRIED_SEAFOOD,,,톳,1
"건톳 400g, 최대 195원 적립",수산물,미역/다시마,DRIED_SEAFOOD,,,톳,1
[CJ] 건톳 3입,수산물,미역/다시마,DRIED_SEAFOOD,,,톳,1
"오뚜기 생톳 400g 1,980원",수산물,미역/다시마,DRIED_SEAFOOD,,,톳,1
[1+1] 건톳 300g,수산물,미역/다시마,DRIED_SEAFOOD,,,톳,1
"노브랜드 완도미역 500g, 3,910원",수산물,미역/다시마,DRIED_SEAFOOD,,,미역,1
[국내산] 건미역 300g 무료배송,수산물,미역/다시마,DRIED_SEAFOOD,,,미역,1
"해태 조개 모듬 구이용 3,910원",수산물,조개/전복,RAW_SEAFOOD,,,기타 조개류,1
CJ 조개 세트 200g,수산물,조개/전복,RAW_SEAFOOD,,,기타 조개류,1
CJ 조개 혼합 세트 구이용 100g,수산물,조개/전복,RAW_SEAFOOD,,,기타 조개류,1
[행사] 조개 3종 쿠폰할인,수산물,조개/전복,RAW_SEAFOOD,,,기타 조개류,1
"자숙홍합살 100g 29,800원",수산물,조개/전복,RAW_SEAFOOD,,,홍합,1
손질 멍게 20입,수산물,조개/전복,RAW_SEAFOOD,,,멍게,1
오뚜기 해감 바지락 1봉 HACCP,수산물,조개/전복,RAW_SEAFOOD,,,바지락,1
"[국내산] 해감 모시조개 3입, 1,980원",수산물,조개/전복,RAW_SEAFOOD,,,모시조개,1
"롯데 건해삼 12개 19,900원 무료배송",수산물,조개/전복,RAW_SEAFOOD,,,해삼,1
오뚜기 냉동 굴 1.5L 온라인전용,수산물,조개/전복,RAW_SEAFOOD,,,굴,1
[동원] 절단 꽃게 400g 당일발송,수산물,새우/게,RAW_SEAFOOD,,,꽃게,1
"빙그레 수꽃게 100g, 산지직송",수산물,새우/게,RAW_SEAFOOD,,,꽃게,1
[국내산] 꽃게,수산물,새우/게,RAW_SEAFOOD,,,꽃게,1
[1+1] 손질 꽃게 100g,수산물,새우/게,RAW_SEAFOOD,,,꽃게,1
대상 수꽃게 500ml 2+1,수산물,새우/게,RAW_SEAFOOD,,,꽃게,1
농심 수꽃게 300g,수산물,새우/게,RAW_SEAFOOD,,,꽃게,1
꽃게 1.5L,수산물,새우/게,RAW_SEAFOOD,,,꽃게,1
[롯데] 손질 꽃게 쿠폰할인,수산물,새우/게,RAW_SEAFOOD,,,꽃게,1
[곰곰] 절단 꽃게 200g 행사상품,수산물,새우/게,RAW_SEAFOOD,,,꽃게,1
절단 꽃게 12개,수산물,새우/게,RAW_SEAFOOD,,,꽃게,1
곰곰 손질 꽃게 10개입,수산물,새우/게,RAW_SEAFOOD,,,꽃게,1
"피코크 꽃게 150ml, 행사상품",수산물,새우/게,RAW_SEAFOOD,,,꽃게,1
대상 손질 꽃게,수산물,새우/게,RAW_SEAFOOD,,,꽃게,1
빙그레 절단 꽃게 150ml 2+1,수산물,새우/게,RAW_SEAFOOD,,,꽃게,1
해태 꽃게,수산물,새우/게,RAW_SEAFOOD,,,꽃게,1
"동원 손질 꽃게, 100g",수산물,새우/게,RAW_SEAFOOD,,,꽃게,1
매일 수꽃게 150ml,수산물,새우/게,RAW_SEAFOOD,,,꽃게,1
꽃게 박스,수산물,새우/게,RAW_SEAFOOD,,,꽃게,1
"동원 꽃게 12개 2,500원",수산물,새우/게,RAW_SEAFOOD,,,꽃게,1
칵테일새우 10개입 쿠폰할인,수산물,새우/게,RAW_SEAFOOD,,,새우,1
롯데 꽃새우 1.5L,수산물,새우/게,RAW_SEAFOOD,,,새우,1
"[행사] 생새우살 300g 3,910원",수산물,새우/게,RAW_SEAFOOD,,,새우,1
오뚜기 대하 500ml,수산물,새우/게,RAW_SEAFOOD,,,새우,1
"[국내산] 냉동 새우 400g 2,500원 최대 195원 적립",수산물,새우/게,RAW_SEAFOOD,,,새우,1
[CJ] 흰다리새우,수산물,새우/게,RAW_SEAFOOD,,,새우,1
농심 깐새우 박스 1+1,수산물,새우/게,RAW_SEAFOOD,,,새우,1
노브랜드 꽃새우 1봉,수산물,새우/게,RAW_SEAFOOD,,,새우,1
"[CJ] 칵테일새우, 낱개",수산물,새우/게,RAW_SEAFOOD,,,새우,1
"빙그레 냉동 새우 150ml 12,900원 1+1",수산물,새우/게,RAW_SEAFOOD,,,새우,1
"풀무원 대하, 2,500원",수산물,새우/게,RAW_SEAFOOD,,,새우,1
"[피코크] 흰다리새우 200g 9,900원 (100g당 1,955원)",수산물,새우/게,RAW_SEAFOOD,,,새우,1
"[국내산] 화살오징어, 6개입",수산물,오징어/문어,RAW_SEAFOOD,,,오징어,1
"[매일] 오징어 몸통 1L 1,980원",수산물,오징어/문어,RAW_SEAFOOD,,,오징어,1
"[동원] 손질 오징어 500g, 12,900원",수산물,오징어/문어,RAW_SEAFOOD,,,오징어,1
"[피코크] 생물 오징어 400g 5,500원 새벽배송",수산물,오징어/문어,RAW_SEAFOOD,,,오징어,1
[곰곰] 화살오징어,수산물,오징어/문어,RAW_SEAFOOD,,,오징어,1
[1+1] 손질 오징어 330ml 새벽배송,수산물,오징어/문어,RAW_SEAFOOD,,,오징어,1
[농심] 손질 오징어 500ml,수산물,오징어/문어,RAW_SEAFOOD,,,오징어,1
"동원 화살오징어, 20입",수산물,오징어/문어,RAW_SEAFOOD,,,오징어,1
대상 건한치,수산물,오징어/문어,RAW_SEAFOOD,,,한치,1
"[빙그레] 한치 300g, 5,500원",수산물,오징어/문어,RAW_SEAFOOD,,,한치,1
"[CJ] 제주 한치 250g 1,980원",수산물,오징어/문어,RAW_SEAFOOD,,,한치,1
"[농심] 제주 한치 1kg 5,500원",수산물,오징어/문어,RAW_SEAFOOD,,,한치,1
"건한치 400g 3,910원",수산물,오징어/문어,RAW_SEAFOOD,,,한치,1
"[피코크] 제주 한치, 2팩",수산물,오징어/문어,RAW_SEAFOOD,,,한치,1
"농심 제주 한치 1,980원",수산물,오징어/문어,RAW_SEAFOOD,,,한치,1
"[CJ] 제주 한치 330ml 2,500원",수산물,오징어/문어,RAW_SEAFOOD,,,한치,1
프레시지 산낙지 500ml,수산물,오징어/문어,RAW_SEAFOOD,,,낙지,1
"[1+1] 손질 낙지 3입 19,900원 새벽배송",수산물,오징어/문어,RAW_SEAFOOD,,,낙지,1
"[롯데] 세발낙지 500ml 12,900원",수산물,오징어/문어,RAW_SEAFOOD,,,낙지,1
피코크 세발낙지 300g,수산물,오징어/문어,RAW_SEAFOOD,,,낙지,1
"[행사] 세발낙지, 100g",수산물,오징어/문어,RAW_SEAFOOD,,,낙지,1
CJ 세발낙지,수산물,오징어/문어,RAW_SEAFOOD,,,낙지,1
"프레시지 손질 낙지 박스, 산지직송",수산물,오징어/문어,RAW_SEAFOOD,,,낙지,1
빙그레 산낙지 12개,수산물,오징어/문어,RAW_SEAFOOD,,,낙지,1
"[피코크] 갑오징어 1봉 1,980원",수산물,오징어/문어,RAW_SEAFOOD,,,갑오징어,1
"매일 손질 갑오징어, 6개입",수산물,오징어/문어,RAW_SEAFOOD,,,갑오징어,1
"갑오징어 19,900원, 오늘출발",수산물,오징어/문어,RAW_SEAFOOD,,,갑오징어,1
[CJ] 갑오징어 1.5L,수산물,오징어/문어,RAW_SEAFOOD,,,갑오징어,1
CJ 갑오징어 1봉,수산물,오징어/문어,RAW_SEAFOOD,,,갑오징어,1
[무료배송] 손질 갑오징어 250g,수산물,오징어/문어,RAW_SEAFOOD,,,갑오징어,1
"롯데 갑오징어 10개입, 온라인전용",수산물,오징어/문어,RAW_SEAFOOD,,,갑오징어,1
"손질 갈치 1kg 1,980원",수산물,생선,RAW_SEAFOOD,,,갈치,1
"노브랜드 제주 갈치 150ml, 12,900원",수산물,생선,RAW_SEAFOOD,,,갈치,1
"대상 회 묶음 박스, 새벽배송",수산물,생선,RAW_SEAFOOD,,,회 묶음,1
[1+1] 회 묶음 2kg,수산물,생선,RAW_SEAFOOD,,,회 묶음,1
"대상 간고등어, 2kg",수산물,생선,RAW_SEAFOOD,,,고등어,1
"곰곰 순살 고등어, 2kg",수산물,생선,RAW_SEAFOOD,,,고등어,1
"[행사] 생연어 필렛 6개입 5,500원",수산물,생선,RAW_SEAFOOD,,,연어,1
노르웨이 연어 250g,수산물,생선,RAW_SEAFOOD,,,연어,1
"[해태] 삭힌홍어 3입 9,900원 (100g당 1,955원) 새벽배송",수산물,생선,RAW_SEAFOOD,,,홍어 회,1
"[매일] 홍어회 10개입 2,500원, 최대 195원 적립",수산물,생선,RAW_SEAFOOD,,,홍어 회,1
반건조 민어 200g,수산물,생선,RAW_SEAFOOD,,,반건조 민어,1
"대상 반건조 민어 20입 5,500원 당일발송",수산물,생선,RAW_SEAFOOD,,,반건조 민어,1
"대상 생연어 횟감 500ml 12,900원",수산물,생선,RAW_SEAFOOD,,,연어 회,1
"곰곰 연어회, 20입",수산물,생선,RAW_SEAFOOD,,,연어 회,1
"프레시지 민어회감 3입 29,800원 택1",수산물,생선,RAW_SEAFOOD,,,민어,1
명란 알 330ml,수산물,어란,RAW_SEAFOOD,,,명란,1
농심 저염 명란 2팩,수산물,어란,RAW_SEAFOOD,,,명란,1
"대상 파지명란 1L 1,980원",수산물,어란,RAW_SEAFOOD,,,명란,1
[오뚜기] 백명란,수산물,어란,RAW_SEAFOOD,,,명란,1
"[오뚜기] 명란젓 6개입 3,910원, 오늘출발",수산물,어란,RAW_SEAFOOD,,,명란,1
"[롯데] 저염 명란 500ml 12,900원",수산물,어란,RAW_SEAFOOD,,,명란,1
"[노브랜드] 저염 명란 400g 9,900원 (100g당 1,955원) 2+1",수산물,어란,RAW_SEAFOOD,,,명란,1
"[대상] 저염 명란 500g 5,500원",수산물,어란,RAW_SEAFOOD,,,명란,1
[동원] 백명란 200g,수산물,어란,RAW_SEAFOOD,,,명란,1
[롯데] 파지명란 500ml,수산물,어란,RAW_SEAFOOD,,,명란,1
프레시지 명란젓 400g,수산물,어란,RAW_SEAFOOD,,,명란,1
노브랜드 저염 명란 400g,수산물,어란,RAW_SEAFOOD,,,명란,1
"롯데 백명란 250g, 2+1",수산물,어란,RAW_SEAFOOD,,,명란,1
"[국내산] 명란젓 19,900원",수산물,어란,RAW_SEAFOOD,,,명란,1
"CJ 저염 명란 20입, 5,500원",수산물,어란,RAW_SEAFOOD,,,명란,1
[국내산] 백명란,수산물,어란,RAW_SEAFOOD,,,명란,1
"오뚜기 랍피쉬 캐비아 400g 3,910원",수산물,어란,RAW_SEAFOOD,,,캐비아,1
"캐비아 500g, 1,980원",수산물,어란,RAW_SEAFOOD,,,캐비아,1
"매일 연어알 캐비아, 10개입",수산물,어란,RAW_SEAFOOD,,,캐비아,1
[농심] 랍피쉬 캐비아 400g,수산물,어란,RAW_SEAFOOD,,,캐비아,1
"[프레시지] 캐비아 10개입 3,910원 2+1",수산물,어란,RAW_SEAFOOD,,,캐비아,1
"오뚜기 랍피쉬 캐비아 400g 2,500원",수산물,어란,RAW_SEAFOOD,,,캐비아,1
랍피쉬 캐비아 낱개 2+1,수산물,어란,RAW_SEAFOOD,,,캐비아,1
[동원] 캐비아 12개,수산물,어란,RAW_SEAFOOD,,,캐비아,1
[국내산] 캐비아,수산물,어란,RAW_SEAFOOD,,,캐비아,1
[1+1] 연어알 캐비아 100g,수산물,어란,RAW_SEAFOOD,,,캐비아,1
대상 연어알 캐비아 6개입 당일발송,수산물,어란,RAW_SEAFOOD,,,캐비아,1
대상 랍피쉬 캐비아 1L,수산물,어란,RAW_SEAFOOD,,,캐비아,1
동원 랍피쉬 캐비아 300g,수산물,어란,RAW_SEAFOOD,,,캐비아,1
[CJ] 연어알 캐비아,수산물,어란,RAW_SEAFOOD,,,캐비아,1
연어알 캐비아 2kg,수산물,어란,RAW_SEAFOOD,,,캐비아,1
롯데 켈로그 콘푸로스트 200g 쿠폰할인,상온식품,시리얼,GRAIN,,켈로그,시리얼,1
대상 후로스트 1봉,상온식품,시리얼,GRAIN,,,시리얼,1
"오뚜기 현미플레이크 1kg 2,500원 산지직송",상온식품,시리얼,GRAIN,,,시리얼,1
"노브랜드 오레오 오즈, 박스",상온식품,시리얼,GRAIN,,오레오,시리얼,1
"오뚜기 첵스초코, 1L",상온식품,시리얼,GRAIN,,,시리얼,1
"[대상] 현미플레이크, 2팩",상온식품,시리얼,GRAIN,,,시리얼,1
"오레오 오즈 12,900원 쿠폰할인",상온식품,시리얼,GRAIN,,오레오,시리얼,1
"현미플레이크 1L 1,980원, 행사상품",상온식품,시리얼,GRAIN,,,시리얼,1
[피코크] 콘플레이크 오리지널 2팩 당일발송,상온식품,시리얼,GRAIN,,,콘플레이크,1
"[곰곰] 콘플레이크 오리지널 9,900원 (100g당 1,955원)",상온식품,시리얼,GRAIN,,,콘플레이크,1
[국내산] 콘플레이크 오리지널 6개입 최대 195원 적립,상온식품,시리얼,GRAIN,,,콘플레이크,1
"[롯데] 콘플레이크 오리지널 12개 9,900원 (100g당 1,955원) 택1",상온식품,시리얼,GRAIN,,,콘플레이크,1
[곰곰] 콘플레이크 오리지널 10개입 택1,상온식품,시리얼,GRAIN,,,콘플레이크,1
[무료배송] 콘플레이크 오리지널 1봉 쿠폰할인,상온식품,시리얼,GRAIN,,,콘플레이크,1
[행사] 콘플레이크 오리지널 330ml,상온식품,시리얼,GRAIN,,,콘플레이크,1
[1+1] 콘플레이크 오리지널 1.5L 1+1,상온식품,시리얼,GRAIN,,,콘플레이크,1
"[국내산] 넛츠앤베리 그래놀라 12개 3,910원",상온식품,시리얼,GRAIN,,,그래놀라,1
"[피코크] 허니 그래놀라 1.5L 3,910원 HACCP",상온식품,시리얼,GRAIN,,,그래놀라,1
"[해태] 요거트 그래놀라 1봉, 9,900원 (100g당 1,955원)",상온식품,시리얼,GRAIN,,,그래놀라,1
"[대용량] 요거트 그래놀라 100g 5,500원 최대 195원 적립",상온식품,시리얼,GRAIN,,,그래놀라,1
"[무료배송] 요거트 그래놀라 500g 12,900원",상온식품,시리얼,GRAIN,,,그래놀라,1
"동원 넛츠앤베리 그래놀라 1kg 3,910원 2+1",상온식품,시리얼,GRAIN,,,그래놀라,1
"[매일] 허니 그래놀라 12개 5,500원",상온식품,시리얼,GRAIN,,,그래놀라,1
곰곰 기타 잼/스프레드 2kg HACCP,상온식품,잼/스프레드,SAUCE_SEASONING,,,기타 잼/스프레드,1
농심 기타 잼/스프레드 20입,상온식품,잼/스프레드,SAUCE_SEASONING,,,기타 잼/스프레드,1
기타 잼/스프레드 150ml,상온식품,잼/스프레드,SAUCE_SEASONING,,,기타 잼/스프레드,1
"[동원] 후무스 500ml, HACCP",상온식품,잼/스프레드,SAUCE_SEASONING,,,후무스,1
[대용량] 바질페스토 2팩,상온식품,잼/스프레드,SAUCE_SEASONING,,,페스토,1
"노브랜드 블루베리잼 20입, 1,980원",상온식품,잼/스프레드,SAUCE_SEASONING,,,블루베리잼,1
"풀무원 사과잼 12,900원",상온식품,잼/스프레드,SAUCE_SEASONING,,,사과잼,1
[국내산] 크런치 땅콩버터 낱개 온라인전용,상온식품,잼/스프레드,SAUCE_SEASONING,,,땅콩버터,1
"[대용량] 조림용 번데기캔 250g 19,900원 온라인전용",상온식품,참치/스팸캔,CANNED,,,번데기 통조림,1
[대용량] 번데기 통조림 150ml,상온식품,참치/스팸캔,CANNED,,,번데기 통조림,1
"[행사] 번데기 통조림 20입 3,910원",상온식품,참치/스팸캔,CANNED,,,번데기 통조림,1
[국내산] 조림용 번데기캔,상온식품,참치/스팸캔,CANNED,,,번데기 통조림,1
"프레시지 조림용 번데기캔, 1.5L",상온식품,참치/스팸캔,CANNED,,,번데기 통조림,1
[1+1] 스위트콘 통조림 10개입,상온식품,참치/스팸캔,CANNED,,,옥수수캔,1
"노브랜드 초당옥수수캔 1kg 9,900원 (100g당 1,955원), 새벽배송",상온식품,참치/스팸캔,CANNED,,,옥수수캔,1
오뚜기 스위트콘 통조림 1.5L,상온식품,참치/스팸캔,CANNED,,,옥수수캔,1
"[곰곰] 초당옥수수캔 20입 1,980원",상온식품,참치/스팸캔,CANNED,,,옥수수캔,1
[해태] 초당옥수수캔 250g 당일발송,상온식품,참치/스팸캔,CANNED,,,옥수수캔,1
"꽁치 통조림 200g 1,980원",상온식품,참치/스팸캔,CANNED,,,꽁치캔,1
동원 고등어 통조림 2팩 오늘출발,상온식품,참치/스팸캔,CANNED,,,꽁치캔,1
"노브랜드 꽁치 통조림 2팩, 행사상품",상온식품,참치/스팸캔,CANNED,,,꽁치캔,1
[피코크] 고등어 통조림 1.5L,상온식품,참치/스팸캔,CANNED,,,꽁치캔,1
"고등어 통조림 150ml 19,900원",상온식품,참치/스팸캔,CANNED,,,꽁치캔,1
[행사] 야채참치 10개입 택1,상온식품,참치/스팸캔,CANNED,,,참치캔,1
빙그레 김치참치,상온식품,참치/스팸캔,CANNED,,,참치캔,1
[곰곰] 동원 참치 라이트스탠다드 3입 온라인전용,상온식품,참치/스팸캔,CANNED,,동원,참치캔,1
"사조 살코기참치 200g 5,500원 산지직송",상온식품,참치/스팸캔,CANNED,,사조,참치캔,1
[무료배송] 스팸 라이트 200g,상온식품,참치/스팸캔,CANNED,,스팸,스팸,1
"농심 리챔 500ml 9,900원 (100g당 1,955원)",상온식품,참치/스팸캔,CANNED,,리챔,스팸,1
"빙그레 스팸 마일드 낱개 2,500원 택1",상온식품,참치/스팸캔,CANNED,,스팸,스팸,1
"[오뚜기] 스팸 클래식 3입 2,500원",상온식품,참치/스팸캔,CANNED,,스팸,스팸,1
화유 500ml,조미료,식용유/기름,SAUCE_SEASONING,,,기타 기름,1
불맛향기름 400ml,조미료,식용유/기름,SAUCE_SEASONING,,,기타 기름,1
마라탕용 푸주,채소/곡물류,콩/두부,SIMPLE_PROCESSED,,,기타 콩/두부,1
중국산 푸주,채소/곡물류,콩/두부,SIMPLE_PROCESSED,,,기타 콩/두부,1
